[0.000000] (-) TimerEvent: {}
[0.002575] (ackermann_mux) JobQueued: {'identifier': 'ackermann_mux', 'dependencies': OrderedDict()}
[0.002819] (f1tenth_controllers) JobQueued: {'identifier': 'f1tenth_controllers', 'dependencies': OrderedDict()}
[0.003808] (key_teleop) JobQueued: {'identifier': 'key_teleop', 'dependencies': OrderedDict()}
[0.004526] (mapping) JobQueued: {'identifier': 'mapping', 'dependencies': OrderedDict()}
[0.005181] (mouse_teleop) JobQueued: {'identifier': 'mouse_teleop', 'dependencies': OrderedDict()}
[0.005353] (new_map_saver) JobQueued: {'identifier': 'new_map_saver', 'dependencies': OrderedDict()}
[0.005601] (phasespace) JobQueued: {'identifier': 'phasespace', 'dependencies': OrderedDict()}
[0.005852] (pure_pursuit) JobQueued: {'identifier': 'pure_pursuit', 'dependencies': OrderedDict()}
[0.005992] (teleop_tools_msgs) JobQueued: {'identifier': 'teleop_tools_msgs', 'dependencies': OrderedDict()}
[0.007661] (vesc_msgs) JobQueued: {'identifier': 'vesc_msgs', 'dependencies': OrderedDict()}
[0.007975] (joy_teleop) JobQueued: {'identifier': 'joy_teleop', 'dependencies': OrderedDict([('teleop_tools_msgs', '/home/nvidia/f1tenth_ws/install/teleop_tools_msgs')])}
[0.009105] (vesc_ackermann) JobQueued: {'identifier': 'vesc_ackermann', 'dependencies': OrderedDict([('vesc_msgs', '/home/nvidia/f1tenth_ws/install/vesc_msgs')])}
[0.009348] (vesc_driver) JobQueued: {'identifier': 'vesc_driver', 'dependencies': OrderedDict([('vesc_msgs', '/home/nvidia/f1tenth_ws/install/vesc_msgs')])}
[0.010825] (teleop_tools) JobQueued: {'identifier': 'teleop_tools', 'dependencies': OrderedDict([('key_teleop', '/home/nvidia/f1tenth_ws/install/key_teleop'), ('teleop_tools_msgs', '/home/nvidia/f1tenth_ws/install/teleop_tools_msgs'), ('joy_teleop', '/home/nvidia/f1tenth_ws/install/joy_teleop')])}
[0.011755] (vesc) JobQueued: {'identifier': 'vesc', 'dependencies': OrderedDict([('vesc_msgs', '/home/nvidia/f1tenth_ws/install/vesc_msgs'), ('vesc_ackermann', '/home/nvidia/f1tenth_ws/install/vesc_ackermann'), ('vesc_driver', '/home/nvidia/f1tenth_ws/install/vesc_driver')])}
[0.012126] (f1tenth_stack) JobQueued: {'identifier': 'f1tenth_stack', 'dependencies': OrderedDict([('ackermann_mux', '/home/nvidia/f1tenth_ws/install/ackermann_mux'), ('teleop_tools_msgs', '/home/nvidia/f1tenth_ws/install/teleop_tools_msgs'), ('vesc_msgs', '/home/nvidia/f1tenth_ws/install/vesc_msgs'), ('joy_teleop', '/home/nvidia/f1tenth_ws/install/joy_teleop'), ('vesc_ackermann', '/home/nvidia/f1tenth_ws/install/vesc_ackermann'), ('vesc_driver', '/home/nvidia/f1tenth_ws/install/vesc_driver'), ('vesc', '/home/nvidia/f1tenth_ws/install/vesc')])}
[0.012407] (vesc_msgs) JobStarted: {'identifier': 'vesc_msgs'}
[0.050504] (teleop_tools_msgs) JobStarted: {'identifier': 'teleop_tools_msgs'}
[0.092541] (ackermann_mux) JobStarted: {'identifier': 'ackermann_mux'}
[0.099571] (-) TimerEvent: {}
[0.133987] (key_teleop) JobStarted: {'identifier': 'key_teleop'}
[0.185716] (f1tenth_controllers) JobStarted: {'identifier': 'f1tenth_controllers'}
[0.199847] (-) TimerEvent: {}
[0.237036] (mapping) JobStarted: {'identifier': 'mapping'}
[0.305529] (-) TimerEvent: {}
[0.310182] (vesc_msgs) JobProgress: {'identifier': 'vesc_msgs', 'progress': 'cmake'}
[0.313490] (vesc_msgs) Command: {'cmd': ['/usr/bin/cmake', '/home/nvidia/f1tenth_ws/src/f1tenth_system/vesc/vesc_msgs', '-DCMAKE_INSTALL_PREFIX=/home/nvidia/f1tenth_ws/install/vesc_msgs'], 'cwd': '/home/nvidia/f1tenth_ws/build/vesc_msgs', 'env': OrderedDict([('LESSOPEN', '| /usr/bin/lesspipe %s'), ('USER', 'nvidia'), ('SSH_CLIENT', '10.131.67.141 46114 22'), ('XDG_SESSION_TYPE', 'tty'), ('SHLVL', '1'), ('LD_LIBRARY_PATH', '//home/nvidia/f1tenth_ws/install/vesc_driver/lib://home/nvidia/f1tenth_ws/install/vesc_ackermann/lib://home/nvidia/f1tenth_ws/install/vesc_msgs/lib://home/nvidia/f1tenth_ws/install/teleop_tools_msgs/lib:/usr/lib/aarch64-linux-gnu/gazebo-11/plugins:/opt/ros/foxy/opt/yaml_cpp_vendor/lib:/opt/ros/foxy/opt/rviz_ogre_vendor/lib:/opt/ros/foxy/lib/aarch64-linux-gnu:/opt/ros/foxy/lib:/usr/local/cuda-11.4/lib64:'), ('MOTD_SHOWN', 'pam'), ('HOME', '/home/nvidia'), ('OLDPWD', '/home/nvidia'), ('SSH_TTY', '/dev/pts/4'), ('ROS_PYTHON_VERSION', '3'), ('DBUS_SESSION_BUS_ADDRESS', 'unix:path=/run/user/1000/bus'), ('COLCON_PREFIX_PATH', '//home/nvidia/f1tenth_ws/install'), ('ROS_DISTRO', 'foxy'), ('LOGNAME', 'nvidia'), ('_', '/usr/bin/colcon'), ('ROS_VERSION', '2'), ('XDG_SESSION_CLASS', 'user'), ('TERM', 'xterm-256color'), ('XDG_SESSION_ID', '15'), ('GAZEBO_MODEL_PATH', ':/opt/ros/foxy/share/turtlebot3_gazebo/models'), ('ROS_LOCALHOST_ONLY', '0'), ('PATH', '/home/nvidia/.local/bin:/opt/ros/foxy/bin:/usr/local/cuda-11.4/bin:/usr/local/sbin:/usr/local/bin:/usr/sbin:/usr/bin:/sbin:/bin:/usr/games:/usr/local/games:/snap/bin'), ('XDG_RUNTIME_DIR', '/run/user/1000'), ('LANG', 'en_US.UTF-8'), ('LS_COLORS', 'rs=0:di=01;34:ln=01;36:mh=00:pi=40;33:so=01;35:do=01;35:bd=40;33;01:cd=40;33;01:or=40;31;01:mi=00:su=37;41:sg=30;43:ca=30;41:tw=30;42:ow=34;42:st=37;44:ex=01;32:*.tar=01;31:*.tgz=01;31:*.arc=01;31:*.arj=01;31:*.taz=01;31:*.lha=01;31:*.lz4=01;31:*.lzh=01;31:*.lzma=01;31:*.tlz=01;31:*.txz=01;31:*.tzo=01;31:*.t7z=01;31:*.zip=01;31:*.z=01;31:*.dz=01;31:*.gz=01;31:*.lrz=01;31:*.lz=01;31:*.lzo=01;31:*.xz=01;31:*.zst=01;31:*.tzst=01;31:*.bz2=01;31:*.bz=01;31:*.tbz=01;31:*.tbz2=01;31:*.tz=01;31:*.deb=01;31:*.rpm=01;31:*.jar=01;31:*.war=01;31:*.ear=01;31:*.sar=01;31:*.rar=01;31:*.alz=01;31:*.ace=01;31:*.zoo=01;31:*.cpio=01;31:*.7z=01;31:*.rz=01;31:*.cab=01;31:*.wim=01;31:*.swm=01;31:*.dwm=01;31:*.esd=01;31:*.jpg=01;35:*.jpeg=01;35:*.mjpg=01;35:*.mjpeg=01;35:*.gif=01;35:*.bmp=01;35:*.pbm=01;35:*.pgm=01;35:*.ppm=01;35:*.tga=01;35:*.xbm=01;35:*.xpm=01;35:*.tif=01;35:*.tiff=01;35:*.png=01;35:*.svg=01;35:*.svgz=01;35:*.mng=01;35:*.pcx=01;35:*.mov=01;35:*.mpg=01;35:*.mpeg=01;35:*.m2v=01;35:*.mkv=01;35:*.webm=01;35:*.ogm=01;35:*.mp4=01;35:*.m4v=01;35:*.mp4v=01;35:*.vob=01;35:*.qt=01;35:*.nuv=01;35:*.wmv=01;35:*.asf=01;35:*.rm=01;35:*.rmvb=01;35:*.flc=01;35:*.avi=01;35:*.fli=01;35:*.flv=01;35:*.gl=01;35:*.dl=01;35:*.xcf=01;35:*.xwd=01;35:*.yuv=01;35:*.cgm=01;35:*.emf=01;35:*.ogv=01;35:*.ogx=01;35:*.aac=00;36:*.au=00;36:*.flac=00;36:*.m4a=00;36:*.mid=00;36:*.midi=00;36:*.mka=00;36:*.mp3=00;36:*.mpc=00;36:*.ogg=00;36:*.ra=00;36:*.wav=00;36:*.oga=00;36:*.opus=00;36:*.spx=00;36:*.xspf=00;36:'), ('ROS_DOMAIN_ID', '10'), ('AMENT_PREFIX_PATH', '//home/nvidia/f1tenth_ws/install/f1tenth_stack://home/nvidia/f1tenth_ws/install/vesc://home/nvidia/f1tenth_ws/install/vesc_driver://home/nvidia/f1tenth_ws/install/vesc_ackermann://home/nvidia/f1tenth_ws/install/vesc_msgs://home/nvidia/f1tenth_ws/install/teleop_tools://home/nvidia/f1tenth_ws/install/joy_teleop://home/nvidia/f1tenth_ws/install/teleop_tools_msgs://home/nvidia/f1tenth_ws/install/pure_pursuit://home/nvidia/f1tenth_ws/install/phasespace://home/nvidia/f1tenth_ws/install/new_map_saver://home/nvidia/f1tenth_ws/install/mouse_teleop://home/nvidia/f1tenth_ws/install/mapping://home/nvidia/f1tenth_ws/install/key_teleop://home/nvidia/f1tenth_ws/install/f1tenth_controllers://home/nvidia/f1tenth_ws/install/ackermann_mux:/opt/ros/foxy'), ('SHELL', '/bin/bash'), ('LESSCLOSE', '/usr/bin/lesspipe %s %s'), ('PWD', '/home/nvidia/f1tenth_ws/build/vesc_msgs'), ('TURTLEBOT3_MODEL', 'waffle'), ('LC_ALL', 'en_US.UTF-8'), ('SSH_CONNECTION', '10.131.67.141 46114 10.131.142.84 22'), ('XDG_DATA_DIRS', '/usr/local/share:/usr/share:/var/lib/snapd/desktop'), ('PYTHONPATH', '//home/nvidia/f1tenth_ws/install/f1tenth_stack/lib/python3.8/site-packages://home/nvidia/f1tenth_ws/install/vesc_msgs/lib/python3.8/site-packages://home/nvidia/f1tenth_ws/install/joy_teleop/lib/python3.8/site-packages://home/nvidia/f1tenth_ws/install/teleop_tools_msgs/lib/python3.8/site-packages://home/nvidia/f1tenth_ws/install/phasespace/lib/python3.8/site-packages://home/nvidia/f1tenth_ws/install/new_map_saver/lib/python3.8/site-packages://home/nvidia/f1tenth_ws/install/mouse_teleop/lib/python3.8/site-packages://home/nvidia/f1tenth_ws/install/mapping/lib/python3.8/site-packages://home/nvidia/f1tenth_ws/install/key_teleop/lib/python3.8/site-packages://home/nvidia/f1tenth_ws/install/f1tenth_controllers/lib/python3.8/site-packages:/opt/ros/foxy/lib/python3.8/site-packages'), ('COLCON', '1'), ('CMAKE_PREFIX_PATH', '//home/nvidia/f1tenth_ws/install/vesc://home/nvidia/f1tenth_ws/install/vesc_driver://home/nvidia/f1tenth_ws/install/vesc_ackermann://home/nvidia/f1tenth_ws/install/vesc_msgs://home/nvidia/f1tenth_ws/install/teleop_tools://home/nvidia/f1tenth_ws/install/teleop_tools_msgs://home/nvidia/f1tenth_ws/install/pure_pursuit://home/nvidia/f1tenth_ws/install/ackermann_mux://home/nvidia/f1tenth_ws/install/f1tenth_stack://home/nvidia/f1tenth_ws/install/joy_teleop://home/nvidia/f1tenth_ws/install/phasespace://home/nvidia/f1tenth_ws/install/new_map_saver://home/nvidia/f1tenth_ws/install/mouse_teleop://home/nvidia/f1tenth_ws/install/mapping://home/nvidia/f1tenth_ws/install/key_teleop://home/nvidia/f1tenth_ws/install/f1tenth_controllers:/opt/ros/foxy')]), 'shell': False}
[0.345545] (teleop_tools_msgs) JobProgress: {'identifier': 'teleop_tools_msgs', 'progress': 'cmake'}
[0.354988] (teleop_tools_msgs) Command: {'cmd': ['/usr/bin/cmake', '/home/nvidia/f1tenth_ws/src/f1tenth_system/teleop_tools/teleop_tools_msgs', '-DCMAKE_INSTALL_PREFIX=/home/nvidia/f1tenth_ws/install/teleop_tools_msgs'], 'cwd': '/home/nvidia/f1tenth_ws/build/teleop_tools_msgs', 'env': OrderedDict([('LESSOPEN', '| /usr/bin/lesspipe %s'), ('USER', 'nvidia'), ('SSH_CLIENT', '10.131.67.141 46114 22'), ('XDG_SESSION_TYPE', 'tty'), ('SHLVL', '1'), ('LD_LIBRARY_PATH', '//home/nvidia/f1tenth_ws/install/vesc_driver/lib://home/nvidia/f1tenth_ws/install/vesc_ackermann/lib://home/nvidia/f1tenth_ws/install/vesc_msgs/lib://home/nvidia/f1tenth_ws/install/teleop_tools_msgs/lib:/usr/lib/aarch64-linux-gnu/gazebo-11/plugins:/opt/ros/foxy/opt/yaml_cpp_vendor/lib:/opt/ros/foxy/opt/rviz_ogre_vendor/lib:/opt/ros/foxy/lib/aarch64-linux-gnu:/opt/ros/foxy/lib:/usr/local/cuda-11.4/lib64:'), ('MOTD_SHOWN', 'pam'), ('HOME', '/home/nvidia'), ('OLDPWD', '/home/nvidia'), ('SSH_TTY', '/dev/pts/4'), ('ROS_PYTHON_VERSION', '3'), ('DBUS_SESSION_BUS_ADDRESS', 'unix:path=/run/user/1000/bus'), ('COLCON_PREFIX_PATH', '//home/nvidia/f1tenth_ws/install'), ('ROS_DISTRO', 'foxy'), ('LOGNAME', 'nvidia'), ('_', '/usr/bin/colcon'), ('ROS_VERSION', '2'), ('XDG_SESSION_CLASS', 'user'), ('TERM', 'xterm-256color'), ('XDG_SESSION_ID', '15'), ('GAZEBO_MODEL_PATH', ':/opt/ros/foxy/share/turtlebot3_gazebo/models'), ('ROS_LOCALHOST_ONLY', '0'), ('PATH', '/home/nvidia/.local/bin:/opt/ros/foxy/bin:/usr/local/cuda-11.4/bin:/usr/local/sbin:/usr/local/bin:/usr/sbin:/usr/bin:/sbin:/bin:/usr/games:/usr/local/games:/snap/bin'), ('XDG_RUNTIME_DIR', '/run/user/1000'), ('LANG', 'en_US.UTF-8'), ('LS_COLORS', 'rs=0:di=01;34:ln=01;36:mh=00:pi=40;33:so=01;35:do=01;35:bd=40;33;01:cd=40;33;01:or=40;31;01:mi=00:su=37;41:sg=30;43:ca=30;41:tw=30;42:ow=34;42:st=37;44:ex=01;32:*.tar=01;31:*.tgz=01;31:*.arc=01;31:*.arj=01;31:*.taz=01;31:*.lha=01;31:*.lz4=01;31:*.lzh=01;31:*.lzma=01;31:*.tlz=01;31:*.txz=01;31:*.tzo=01;31:*.t7z=01;31:*.zip=01;31:*.z=01;31:*.dz=01;31:*.gz=01;31:*.lrz=01;31:*.lz=01;31:*.lzo=01;31:*.xz=01;31:*.zst=01;31:*.tzst=01;31:*.bz2=01;31:*.bz=01;31:*.tbz=01;31:*.tbz2=01;31:*.tz=01;31:*.deb=01;31:*.rpm=01;31:*.jar=01;31:*.war=01;31:*.ear=01;31:*.sar=01;31:*.rar=01;31:*.alz=01;31:*.ace=01;31:*.zoo=01;31:*.cpio=01;31:*.7z=01;31:*.rz=01;31:*.cab=01;31:*.wim=01;31:*.swm=01;31:*.dwm=01;31:*.esd=01;31:*.jpg=01;35:*.jpeg=01;35:*.mjpg=01;35:*.mjpeg=01;35:*.gif=01;35:*.bmp=01;35:*.pbm=01;35:*.pgm=01;35:*.ppm=01;35:*.tga=01;35:*.xbm=01;35:*.xpm=01;35:*.tif=01;35:*.tiff=01;35:*.png=01;35:*.svg=01;35:*.svgz=01;35:*.mng=01;35:*.pcx=01;35:*.mov=01;35:*.mpg=01;35:*.mpeg=01;35:*.m2v=01;35:*.mkv=01;35:*.webm=01;35:*.ogm=01;35:*.mp4=01;35:*.m4v=01;35:*.mp4v=01;35:*.vob=01;35:*.qt=01;35:*.nuv=01;35:*.wmv=01;35:*.asf=01;35:*.rm=01;35:*.rmvb=01;35:*.flc=01;35:*.avi=01;35:*.fli=01;35:*.flv=01;35:*.gl=01;35:*.dl=01;35:*.xcf=01;35:*.xwd=01;35:*.yuv=01;35:*.cgm=01;35:*.emf=01;35:*.ogv=01;35:*.ogx=01;35:*.aac=00;36:*.au=00;36:*.flac=00;36:*.m4a=00;36:*.mid=00;36:*.midi=00;36:*.mka=00;36:*.mp3=00;36:*.mpc=00;36:*.ogg=00;36:*.ra=00;36:*.wav=00;36:*.oga=00;36:*.opus=00;36:*.spx=00;36:*.xspf=00;36:'), ('ROS_DOMAIN_ID', '10'), ('AMENT_PREFIX_PATH', '//home/nvidia/f1tenth_ws/install/f1tenth_stack://home/nvidia/f1tenth_ws/install/vesc://home/nvidia/f1tenth_ws/install/vesc_driver://home/nvidia/f1tenth_ws/install/vesc_ackermann://home/nvidia/f1tenth_ws/install/vesc_msgs://home/nvidia/f1tenth_ws/install/teleop_tools://home/nvidia/f1tenth_ws/install/joy_teleop://home/nvidia/f1tenth_ws/install/teleop_tools_msgs://home/nvidia/f1tenth_ws/install/pure_pursuit://home/nvidia/f1tenth_ws/install/phasespace://home/nvidia/f1tenth_ws/install/new_map_saver://home/nvidia/f1tenth_ws/install/mouse_teleop://home/nvidia/f1tenth_ws/install/mapping://home/nvidia/f1tenth_ws/install/key_teleop://home/nvidia/f1tenth_ws/install/f1tenth_controllers://home/nvidia/f1tenth_ws/install/ackermann_mux:/opt/ros/foxy'), ('SHELL', '/bin/bash'), ('LESSCLOSE', '/usr/bin/lesspipe %s %s'), ('PWD', '/home/nvidia/f1tenth_ws/build/teleop_tools_msgs'), ('TURTLEBOT3_MODEL', 'waffle'), ('LC_ALL', 'en_US.UTF-8'), ('SSH_CONNECTION', '10.131.67.141 46114 10.131.142.84 22'), ('XDG_DATA_DIRS', '/usr/local/share:/usr/share:/var/lib/snapd/desktop'), ('PYTHONPATH', '//home/nvidia/f1tenth_ws/install/f1tenth_stack/lib/python3.8/site-packages://home/nvidia/f1tenth_ws/install/vesc_msgs/lib/python3.8/site-packages://home/nvidia/f1tenth_ws/install/joy_teleop/lib/python3.8/site-packages://home/nvidia/f1tenth_ws/install/teleop_tools_msgs/lib/python3.8/site-packages://home/nvidia/f1tenth_ws/install/phasespace/lib/python3.8/site-packages://home/nvidia/f1tenth_ws/install/new_map_saver/lib/python3.8/site-packages://home/nvidia/f1tenth_ws/install/mouse_teleop/lib/python3.8/site-packages://home/nvidia/f1tenth_ws/install/mapping/lib/python3.8/site-packages://home/nvidia/f1tenth_ws/install/key_teleop/lib/python3.8/site-packages://home/nvidia/f1tenth_ws/install/f1tenth_controllers/lib/python3.8/site-packages:/opt/ros/foxy/lib/python3.8/site-packages'), ('COLCON', '1'), ('CMAKE_PREFIX_PATH', '//home/nvidia/f1tenth_ws/install/vesc://home/nvidia/f1tenth_ws/install/vesc_driver://home/nvidia/f1tenth_ws/install/vesc_ackermann://home/nvidia/f1tenth_ws/install/vesc_msgs://home/nvidia/f1tenth_ws/install/teleop_tools://home/nvidia/f1tenth_ws/install/teleop_tools_msgs://home/nvidia/f1tenth_ws/install/pure_pursuit://home/nvidia/f1tenth_ws/install/ackermann_mux://home/nvidia/f1tenth_ws/install/f1tenth_stack://home/nvidia/f1tenth_ws/install/joy_teleop://home/nvidia/f1tenth_ws/install/phasespace://home/nvidia/f1tenth_ws/install/new_map_saver://home/nvidia/f1tenth_ws/install/mouse_teleop://home/nvidia/f1tenth_ws/install/mapping://home/nvidia/f1tenth_ws/install/key_teleop://home/nvidia/f1tenth_ws/install/f1tenth_controllers:/opt/ros/foxy')]), 'shell': False}
[0.374127] (ackermann_mux) JobProgress: {'identifier': 'ackermann_mux', 'progress': 'cmake'}
[0.378190] (ackermann_mux) Command: {'cmd': ['/usr/bin/cmake', '/home/nvidia/f1tenth_ws/src/f1tenth_system/ackermann_mux', '-DCMAKE_INSTALL_PREFIX=/home/nvidia/f1tenth_ws/install/ackermann_mux'], 'cwd': '/home/nvidia/f1tenth_ws/build/ackermann_mux', 'env': OrderedDict([('LESSOPEN', '| /usr/bin/lesspipe %s'), ('USER', 'nvidia'), ('SSH_CLIENT', '10.131.67.141 46114 22'), ('XDG_SESSION_TYPE', 'tty'), ('SHLVL', '1'), ('LD_LIBRARY_PATH', '//home/nvidia/f1tenth_ws/install/vesc_driver/lib://home/nvidia/f1tenth_ws/install/vesc_ackermann/lib://home/nvidia/f1tenth_ws/install/vesc_msgs/lib://home/nvidia/f1tenth_ws/install/teleop_tools_msgs/lib:/usr/lib/aarch64-linux-gnu/gazebo-11/plugins:/opt/ros/foxy/opt/yaml_cpp_vendor/lib:/opt/ros/foxy/opt/rviz_ogre_vendor/lib:/opt/ros/foxy/lib/aarch64-linux-gnu:/opt/ros/foxy/lib:/usr/local/cuda-11.4/lib64:'), ('MOTD_SHOWN', 'pam'), ('HOME', '/home/nvidia'), ('OLDPWD', '/home/nvidia'), ('SSH_TTY', '/dev/pts/4'), ('ROS_PYTHON_VERSION', '3'), ('DBUS_SESSION_BUS_ADDRESS', 'unix:path=/run/user/1000/bus'), ('COLCON_PREFIX_PATH', '//home/nvidia/f1tenth_ws/install'), ('ROS_DISTRO', 'foxy'), ('LOGNAME', 'nvidia'), ('_', '/usr/bin/colcon'), ('ROS_VERSION', '2'), ('XDG_SESSION_CLASS', 'user'), ('TERM', 'xterm-256color'), ('XDG_SESSION_ID', '15'), ('GAZEBO_MODEL_PATH', ':/opt/ros/foxy/share/turtlebot3_gazebo/models'), ('ROS_LOCALHOST_ONLY', '0'), ('PATH', '/home/nvidia/.local/bin:/opt/ros/foxy/bin:/usr/local/cuda-11.4/bin:/usr/local/sbin:/usr/local/bin:/usr/sbin:/usr/bin:/sbin:/bin:/usr/games:/usr/local/games:/snap/bin'), ('XDG_RUNTIME_DIR', '/run/user/1000'), ('LANG', 'en_US.UTF-8'), ('LS_COLORS', 'rs=0:di=01;34:ln=01;36:mh=00:pi=40;33:so=01;35:do=01;35:bd=40;33;01:cd=40;33;01:or=40;31;01:mi=00:su=37;41:sg=30;43:ca=30;41:tw=30;42:ow=34;42:st=37;44:ex=01;32:*.tar=01;31:*.tgz=01;31:*.arc=01;31:*.arj=01;31:*.taz=01;31:*.lha=01;31:*.lz4=01;31:*.lzh=01;31:*.lzma=01;31:*.tlz=01;31:*.txz=01;31:*.tzo=01;31:*.t7z=01;31:*.zip=01;31:*.z=01;31:*.dz=01;31:*.gz=01;31:*.lrz=01;31:*.lz=01;31:*.lzo=01;31:*.xz=01;31:*.zst=01;31:*.tzst=01;31:*.bz2=01;31:*.bz=01;31:*.tbz=01;31:*.tbz2=01;31:*.tz=01;31:*.deb=01;31:*.rpm=01;31:*.jar=01;31:*.war=01;31:*.ear=01;31:*.sar=01;31:*.rar=01;31:*.alz=01;31:*.ace=01;31:*.zoo=01;31:*.cpio=01;31:*.7z=01;31:*.rz=01;31:*.cab=01;31:*.wim=01;31:*.swm=01;31:*.dwm=01;31:*.esd=01;31:*.jpg=01;35:*.jpeg=01;35:*.mjpg=01;35:*.mjpeg=01;35:*.gif=01;35:*.bmp=01;35:*.pbm=01;35:*.pgm=01;35:*.ppm=01;35:*.tga=01;35:*.xbm=01;35:*.xpm=01;35:*.tif=01;35:*.tiff=01;35:*.png=01;35:*.svg=01;35:*.svgz=01;35:*.mng=01;35:*.pcx=01;35:*.mov=01;35:*.mpg=01;35:*.mpeg=01;35:*.m2v=01;35:*.mkv=01;35:*.webm=01;35:*.ogm=01;35:*.mp4=01;35:*.m4v=01;35:*.mp4v=01;35:*.vob=01;35:*.qt=01;35:*.nuv=01;35:*.wmv=01;35:*.asf=01;35:*.rm=01;35:*.rmvb=01;35:*.flc=01;35:*.avi=01;35:*.fli=01;35:*.flv=01;35:*.gl=01;35:*.dl=01;35:*.xcf=01;35:*.xwd=01;35:*.yuv=01;35:*.cgm=01;35:*.emf=01;35:*.ogv=01;35:*.ogx=01;35:*.aac=00;36:*.au=00;36:*.flac=00;36:*.m4a=00;36:*.mid=00;36:*.midi=00;36:*.mka=00;36:*.mp3=00;36:*.mpc=00;36:*.ogg=00;36:*.ra=00;36:*.wav=00;36:*.oga=00;36:*.opus=00;36:*.spx=00;36:*.xspf=00;36:'), ('ROS_DOMAIN_ID', '10'), ('AMENT_PREFIX_PATH', '//home/nvidia/f1tenth_ws/install/f1tenth_stack://home/nvidia/f1tenth_ws/install/vesc://home/nvidia/f1tenth_ws/install/vesc_driver://home/nvidia/f1tenth_ws/install/vesc_ackermann://home/nvidia/f1tenth_ws/install/vesc_msgs://home/nvidia/f1tenth_ws/install/teleop_tools://home/nvidia/f1tenth_ws/install/joy_teleop://home/nvidia/f1tenth_ws/install/teleop_tools_msgs://home/nvidia/f1tenth_ws/install/pure_pursuit://home/nvidia/f1tenth_ws/install/phasespace://home/nvidia/f1tenth_ws/install/new_map_saver://home/nvidia/f1tenth_ws/install/mouse_teleop://home/nvidia/f1tenth_ws/install/mapping://home/nvidia/f1tenth_ws/install/key_teleop://home/nvidia/f1tenth_ws/install/f1tenth_controllers://home/nvidia/f1tenth_ws/install/ackermann_mux:/opt/ros/foxy'), ('SHELL', '/bin/bash'), ('LESSCLOSE', '/usr/bin/lesspipe %s %s'), ('PWD', '/home/nvidia/f1tenth_ws/build/ackermann_mux'), ('TURTLEBOT3_MODEL', 'waffle'), ('LC_ALL', 'en_US.UTF-8'), ('SSH_CONNECTION', '10.131.67.141 46114 10.131.142.84 22'), ('XDG_DATA_DIRS', '/usr/local/share:/usr/share:/var/lib/snapd/desktop'), ('PYTHONPATH', '//home/nvidia/f1tenth_ws/install/f1tenth_stack/lib/python3.8/site-packages://home/nvidia/f1tenth_ws/install/vesc_msgs/lib/python3.8/site-packages://home/nvidia/f1tenth_ws/install/joy_teleop/lib/python3.8/site-packages://home/nvidia/f1tenth_ws/install/teleop_tools_msgs/lib/python3.8/site-packages://home/nvidia/f1tenth_ws/install/phasespace/lib/python3.8/site-packages://home/nvidia/f1tenth_ws/install/new_map_saver/lib/python3.8/site-packages://home/nvidia/f1tenth_ws/install/mouse_teleop/lib/python3.8/site-packages://home/nvidia/f1tenth_ws/install/mapping/lib/python3.8/site-packages://home/nvidia/f1tenth_ws/install/key_teleop/lib/python3.8/site-packages://home/nvidia/f1tenth_ws/install/f1tenth_controllers/lib/python3.8/site-packages:/opt/ros/foxy/lib/python3.8/site-packages'), ('COLCON', '1'), ('CMAKE_PREFIX_PATH', '//home/nvidia/f1tenth_ws/install/vesc://home/nvidia/f1tenth_ws/install/vesc_driver://home/nvidia/f1tenth_ws/install/vesc_ackermann://home/nvidia/f1tenth_ws/install/vesc_msgs://home/nvidia/f1tenth_ws/install/teleop_tools://home/nvidia/f1tenth_ws/install/teleop_tools_msgs://home/nvidia/f1tenth_ws/install/pure_pursuit://home/nvidia/f1tenth_ws/install/ackermann_mux://home/nvidia/f1tenth_ws/install/f1tenth_stack://home/nvidia/f1tenth_ws/install/joy_teleop://home/nvidia/f1tenth_ws/install/phasespace://home/nvidia/f1tenth_ws/install/new_map_saver://home/nvidia/f1tenth_ws/install/mouse_teleop://home/nvidia/f1tenth_ws/install/mapping://home/nvidia/f1tenth_ws/install/key_teleop://home/nvidia/f1tenth_ws/install/f1tenth_controllers:/opt/ros/foxy')]), 'shell': False}
[0.417332] (-) TimerEvent: {}
[0.520748] (-) TimerEvent: {}
[0.621950] (-) TimerEvent: {}
[0.723270] (-) TimerEvent: {}
[0.824493] (-) TimerEvent: {}
[0.925814] (-) TimerEvent: {}
[1.026854] (-) TimerEvent: {}
[1.128122] (-) TimerEvent: {}
[1.229448] (-) TimerEvent: {}
[1.330537] (-) TimerEvent: {}
[1.431772] (-) TimerEvent: {}
[1.532991] (-) TimerEvent: {}
[1.634353] (-) TimerEvent: {}
[1.735935] (-) TimerEvent: {}
[1.838172] (-) TimerEvent: {}
[1.939781] (-) TimerEvent: {}
[2.042259] (-) TimerEvent: {}
[2.145660] (-) TimerEvent: {}
[2.246804] (-) TimerEvent: {}
[2.349099] (-) TimerEvent: {}
[2.450847] (-) TimerEvent: {}
[2.552096] (-) TimerEvent: {}
[2.654221] (-) TimerEvent: {}
[2.755677] (-) TimerEvent: {}
[2.856823] (-) TimerEvent: {}
[2.958565] (-) TimerEvent: {}
[3.059714] (-) TimerEvent: {}
[3.160842] (-) TimerEvent: {}
[3.262156] (-) TimerEvent: {}
[3.364805] (-) TimerEvent: {}
[3.466166] (-) TimerEvent: {}
[3.568366] (-) TimerEvent: {}
[3.671360] (-) TimerEvent: {}
[3.772516] (-) TimerEvent: {}
[3.873878] (-) TimerEvent: {}
[3.976413] (-) TimerEvent: {}
[4.077598] (-) TimerEvent: {}
[4.178725] (-) TimerEvent: {}
[4.280807] (-) TimerEvent: {}
[4.381903] (-) TimerEvent: {}
[4.483304] (-) TimerEvent: {}
[4.585565] (-) TimerEvent: {}
[4.687368] (-) TimerEvent: {}
[4.789184] (-) TimerEvent: {}
[4.890864] (-) TimerEvent: {}
[4.963604] (vesc_msgs) StdoutLine: {'line': b'-- The C compiler identification is GNU 9.4.0\n'}
[4.966921] (vesc_msgs) StdoutLine: {'line': b'-- The CXX compiler identification is GNU 9.4.0\n'}
[4.967662] (vesc_msgs) StdoutLine: {'line': b'-- Check for working C compiler: /usr/bin/cc\n'}
[4.973042] (vesc_msgs) StdoutLine: {'line': b'-- Check for working C compiler: /usr/bin/cc -- works\n'}
[4.973599] (vesc_msgs) StdoutLine: {'line': b'-- Detecting C compiler ABI info\n'}
[4.974031] (vesc_msgs) StdoutLine: {'line': b'-- Detecting C compiler ABI info - done\n'}
[4.974472] (vesc_msgs) StdoutLine: {'line': b'-- Detecting C compile features\n'}
[4.974884] (vesc_msgs) StdoutLine: {'line': b'-- Detecting C compile features - done\n'}
[4.979756] (vesc_msgs) StdoutLine: {'line': b'-- Check for working CXX compiler: /usr/bin/c++\n'}
[4.980578] (vesc_msgs) StdoutLine: {'line': b'-- Check for working CXX compiler: /usr/bin/c++ -- works\n'}
[4.981057] (vesc_msgs) StdoutLine: {'line': b'-- Detecting CXX compiler ABI info\n'}
[4.981479] (vesc_msgs) StdoutLine: {'line': b'-- Detecting CXX compiler ABI info - done\n'}
[4.981884] (vesc_msgs) StdoutLine: {'line': b'-- Detecting CXX compile features\n'}
[4.982326] (vesc_msgs) StdoutLine: {'line': b'-- Detecting CXX compile features - done\n'}
[4.982740] (vesc_msgs) StdoutLine: {'line': b'-- Found ament_cmake_auto: 0.9.12 (/opt/ros/foxy/share/ament_cmake_auto/cmake)\n'}
[4.983290] (vesc_msgs) StdoutLine: {'line': b'-- Found PythonInterp: /usr/bin/python3 (found suitable version "3.8.10", minimum required is "3") \n'}
[4.983835] (vesc_msgs) StdoutLine: {'line': b'-- Using PYTHON_EXECUTABLE: /usr/bin/python3\n'}
[4.984285] (teleop_tools_msgs) StdoutLine: {'line': b'-- The C compiler identification is GNU 9.4.0\n'}
[4.985008] (teleop_tools_msgs) StdoutLine: {'line': b'-- The CXX compiler identification is GNU 9.4.0\n'}
[4.985466] (teleop_tools_msgs) StdoutLine: {'line': b'-- Check for working C compiler: /usr/bin/cc\n'}
[4.985881] (teleop_tools_msgs) StdoutLine: {'line': b'-- Check for working C compiler: /usr/bin/cc -- works\n'}
[4.986351] (teleop_tools_msgs) StdoutLine: {'line': b'-- Detecting C compiler ABI info\n'}
[4.986765] (teleop_tools_msgs) StdoutLine: {'line': b'-- Detecting C compiler ABI info - done\n'}
[4.988503] (teleop_tools_msgs) StdoutLine: {'line': b'-- Detecting C compile features\n'}
[4.989028] (teleop_tools_msgs) StdoutLine: {'line': b'-- Detecting C compile features - done\n'}
[4.989551] (teleop_tools_msgs) StdoutLine: {'line': b'-- Check for working CXX compiler: /usr/bin/c++\n'}
[4.989968] (teleop_tools_msgs) StdoutLine: {'line': b'-- Check for working CXX compiler: /usr/bin/c++ -- works\n'}
[4.990387] (teleop_tools_msgs) StdoutLine: {'line': b'-- Detecting CXX compiler ABI info\n'}
[4.990790] (teleop_tools_msgs) StdoutLine: {'line': b'-- Detecting CXX compiler ABI info - done\n'}
[4.991351] (-) TimerEvent: {}
[4.994471] (teleop_tools_msgs) StdoutLine: {'line': b'-- Detecting CXX compile features\n'}
[4.995279] (teleop_tools_msgs) StdoutLine: {'line': b'-- Detecting CXX compile features - done\n'}
[4.995837] (teleop_tools_msgs) StdoutLine: {'line': b'-- Found ament_cmake: 0.9.12 (/opt/ros/foxy/share/ament_cmake/cmake)\n'}
[4.996256] (teleop_tools_msgs) StdoutLine: {'line': b'-- Found PythonInterp: /usr/bin/python3 (found suitable version "3.8.10", minimum required is "3") \n'}
[4.996696] (teleop_tools_msgs) StdoutLine: {'line': b'-- Using PYTHON_EXECUTABLE: /usr/bin/python3\n'}
[4.997131] (ackermann_mux) StdoutLine: {'line': b'-- The C compiler identification is GNU 9.4.0\n'}
[5.012968] (ackermann_mux) StdoutLine: {'line': b'-- The CXX compiler identification is GNU 9.4.0\n'}
[5.013754] (ackermann_mux) StdoutLine: {'line': b'-- Check for working C compiler: /usr/bin/cc\n'}
[5.014211] (ackermann_mux) StdoutLine: {'line': b'-- Check for working C compiler: /usr/bin/cc -- works\n'}
[5.014624] (ackermann_mux) StdoutLine: {'line': b'-- Detecting C compiler ABI info\n'}
[5.015079] (ackermann_mux) StdoutLine: {'line': b'-- Detecting C compiler ABI info - done\n'}
[5.015665] (ackermann_mux) StdoutLine: {'line': b'-- Detecting C compile features\n'}
[5.017323] (ackermann_mux) StdoutLine: {'line': b'-- Detecting C compile features - done\n'}
[5.017820] (ackermann_mux) StdoutLine: {'line': b'-- Check for working CXX compiler: /usr/bin/c++\n'}
[5.018486] (ackermann_mux) StdoutLine: {'line': b'-- Check for working CXX compiler: /usr/bin/c++ -- works\n'}
[5.018917] (ackermann_mux) StdoutLine: {'line': b'-- Detecting CXX compiler ABI info\n'}
[5.019452] (ackermann_mux) StdoutLine: {'line': b'-- Detecting CXX compiler ABI info - done\n'}
[5.020120] (ackermann_mux) StdoutLine: {'line': b'-- Detecting CXX compile features\n'}
[5.033621] (ackermann_mux) StdoutLine: {'line': b'-- Detecting CXX compile features - done\n'}
[5.036843] (ackermann_mux) StdoutLine: {'line': b'-- Found ament_cmake: 0.9.12 (/opt/ros/foxy/share/ament_cmake/cmake)\n'}
[5.040529] (ackermann_mux) StdoutLine: {'line': b'-- Found PythonInterp: /usr/bin/python3 (found suitable version "3.8.10", minimum required is "3") \n'}
[5.041141] (ackermann_mux) StdoutLine: {'line': b'-- Using PYTHON_EXECUTABLE: /usr/bin/python3\n'}
[5.092112] (-) TimerEvent: {}
[5.195677] (-) TimerEvent: {}
[5.299293] (-) TimerEvent: {}
[5.400336] (-) TimerEvent: {}
[5.501374] (-) TimerEvent: {}
[5.602414] (-) TimerEvent: {}
[5.703605] (-) TimerEvent: {}
[5.804622] (-) TimerEvent: {}
[5.830384] (teleop_tools_msgs) StdoutLine: {'line': b'-- Found rosidl_default_generators: 1.0.1 (/opt/ros/foxy/share/rosidl_default_generators/cmake)\n'}
[5.896011] (teleop_tools_msgs) StdoutLine: {'line': b'-- Using all available rosidl_typesupport_c: rosidl_typesupport_fastrtps_c;rosidl_typesupport_introspection_c\n'}
[5.904877] (-) TimerEvent: {}
[5.917182] (ackermann_mux) StdoutLine: {'line': b'-- Found rclcpp: 2.4.3 (/opt/ros/foxy/share/rclcpp/cmake)\n'}
[6.005127] (-) TimerEvent: {}
[6.006430] (teleop_tools_msgs) StdoutLine: {'line': b'-- Found rosidl_adapter: 1.3.1 (/opt/ros/foxy/share/rosidl_adapter/cmake)\n'}
[6.105389] (-) TimerEvent: {}
[6.206448] (-) TimerEvent: {}
[6.308003] (-) TimerEvent: {}
[6.331389] (vesc_msgs) StdoutLine: {'line': b'-- Using all available rosidl_typesupport_c: rosidl_typesupport_fastrtps_c;rosidl_typesupport_introspection_c\n'}
[6.390583] (vesc_msgs) StdoutLine: {'line': b'-- Found rosidl_adapter: 1.3.1 (/opt/ros/foxy/share/rosidl_adapter/cmake)\n'}
[6.408243] (-) TimerEvent: {}
[6.509295] (-) TimerEvent: {}
[6.533223] (ackermann_mux) StdoutLine: {'line': b'-- Using all available rosidl_typesupport_c: rosidl_typesupport_fastrtps_c;rosidl_typesupport_introspection_c\n'}
[6.609592] (-) TimerEvent: {}
[6.629058] (ackermann_mux) StdoutLine: {'line': b'-- Found rosidl_adapter: 1.3.1 (/opt/ros/foxy/share/rosidl_adapter/cmake)\n'}
[6.709883] (-) TimerEvent: {}
[6.811315] (-) TimerEvent: {}
[6.912368] (-) TimerEvent: {}
[7.014014] (-) TimerEvent: {}
[7.115093] (-) TimerEvent: {}
[7.163347] (teleop_tools_msgs) StdoutLine: {'line': b'-- Found OpenSSL: /usr/lib/aarch64-linux-gnu/libcrypto.so (found version "1.1.1f")  \n'}
[7.215684] (-) TimerEvent: {}
[7.316724] (-) TimerEvent: {}
[7.415489] (vesc_msgs) StdoutLine: {'line': b'-- Found OpenSSL: /usr/lib/aarch64-linux-gnu/libcrypto.so (found version "1.1.1f")  \n'}
[7.417295] (-) TimerEvent: {}
[7.518630] (-) TimerEvent: {}
[7.559394] (teleop_tools_msgs) StdoutLine: {'line': b'-- Found FastRTPS: /opt/ros/foxy/include  \n'}
[7.618941] (-) TimerEvent: {}
[7.644887] (mapping) Command: {'cmd': ['/usr/bin/python3', '-W', 'ignore:setup.py install is deprecated', 'setup.py', 'egg_info', '--egg-base', '../../build/mapping', 'build', '--build-base', '/home/nvidia/f1tenth_ws/build/mapping/build', 'install', '--record', '/home/nvidia/f1tenth_ws/build/mapping/install.log', '--install-scripts', '$base/lib/mapping', '--single-version-externally-managed', 'install_data'], 'cwd': '/home/nvidia/f1tenth_ws/src/mapping', 'env': {'LESSOPEN': '| /usr/bin/lesspipe %s', 'USER': 'nvidia', 'SSH_CLIENT': '10.131.67.141 46114 22', 'XDG_SESSION_TYPE': 'tty', 'SHLVL': '1', 'LD_LIBRARY_PATH': '//home/nvidia/f1tenth_ws/install/vesc_driver/lib://home/nvidia/f1tenth_ws/install/vesc_ackermann/lib://home/nvidia/f1tenth_ws/install/vesc_msgs/lib://home/nvidia/f1tenth_ws/install/teleop_tools_msgs/lib:/usr/lib/aarch64-linux-gnu/gazebo-11/plugins:/opt/ros/foxy/opt/yaml_cpp_vendor/lib:/opt/ros/foxy/opt/rviz_ogre_vendor/lib:/opt/ros/foxy/lib/aarch64-linux-gnu:/opt/ros/foxy/lib:/usr/local/cuda-11.4/lib64:', 'MOTD_SHOWN': 'pam', 'HOME': '/home/nvidia', 'OLDPWD': '/home/nvidia', 'SSH_TTY': '/dev/pts/4', 'ROS_PYTHON_VERSION': '3', 'DBUS_SESSION_BUS_ADDRESS': 'unix:path=/run/user/1000/bus', 'COLCON_PREFIX_PATH': '//home/nvidia/f1tenth_ws/install', 'ROS_DISTRO': 'foxy', 'LOGNAME': 'nvidia', '_': '/usr/bin/colcon', 'ROS_VERSION': '2', 'XDG_SESSION_CLASS': 'user', 'TERM': 'xterm-256color', 'XDG_SESSION_ID': '15', 'GAZEBO_MODEL_PATH': ':/opt/ros/foxy/share/turtlebot3_gazebo/models', 'ROS_LOCALHOST_ONLY': '0', 'PATH': '/home/nvidia/.local/bin:/opt/ros/foxy/bin:/usr/local/cuda-11.4/bin:/usr/local/sbin:/usr/local/bin:/usr/sbin:/usr/bin:/sbin:/bin:/usr/games:/usr/local/games:/snap/bin', 'XDG_RUNTIME_DIR': '/run/user/1000', 'LANG': 'en_US.UTF-8', 'LS_COLORS': 'rs=0:di=01;34:ln=01;36:mh=00:pi=40;33:so=01;35:do=01;35:bd=40;33;01:cd=40;33;01:or=40;31;01:mi=00:su=37;41:sg=30;43:ca=30;41:tw=30;42:ow=34;42:st=37;44:ex=01;32:*.tar=01;31:*.tgz=01;31:*.arc=01;31:*.arj=01;31:*.taz=01;31:*.lha=01;31:*.lz4=01;31:*.lzh=01;31:*.lzma=01;31:*.tlz=01;31:*.txz=01;31:*.tzo=01;31:*.t7z=01;31:*.zip=01;31:*.z=01;31:*.dz=01;31:*.gz=01;31:*.lrz=01;31:*.lz=01;31:*.lzo=01;31:*.xz=01;31:*.zst=01;31:*.tzst=01;31:*.bz2=01;31:*.bz=01;31:*.tbz=01;31:*.tbz2=01;31:*.tz=01;31:*.deb=01;31:*.rpm=01;31:*.jar=01;31:*.war=01;31:*.ear=01;31:*.sar=01;31:*.rar=01;31:*.alz=01;31:*.ace=01;31:*.zoo=01;31:*.cpio=01;31:*.7z=01;31:*.rz=01;31:*.cab=01;31:*.wim=01;31:*.swm=01;31:*.dwm=01;31:*.esd=01;31:*.jpg=01;35:*.jpeg=01;35:*.mjpg=01;35:*.mjpeg=01;35:*.gif=01;35:*.bmp=01;35:*.pbm=01;35:*.pgm=01;35:*.ppm=01;35:*.tga=01;35:*.xbm=01;35:*.xpm=01;35:*.tif=01;35:*.tiff=01;35:*.png=01;35:*.svg=01;35:*.svgz=01;35:*.mng=01;35:*.pcx=01;35:*.mov=01;35:*.mpg=01;35:*.mpeg=01;35:*.m2v=01;35:*.mkv=01;35:*.webm=01;35:*.ogm=01;35:*.mp4=01;35:*.m4v=01;35:*.mp4v=01;35:*.vob=01;35:*.qt=01;35:*.nuv=01;35:*.wmv=01;35:*.asf=01;35:*.rm=01;35:*.rmvb=01;35:*.flc=01;35:*.avi=01;35:*.fli=01;35:*.flv=01;35:*.gl=01;35:*.dl=01;35:*.xcf=01;35:*.xwd=01;35:*.yuv=01;35:*.cgm=01;35:*.emf=01;35:*.ogv=01;35:*.ogx=01;35:*.aac=00;36:*.au=00;36:*.flac=00;36:*.m4a=00;36:*.mid=00;36:*.midi=00;36:*.mka=00;36:*.mp3=00;36:*.mpc=00;36:*.ogg=00;36:*.ra=00;36:*.wav=00;36:*.oga=00;36:*.opus=00;36:*.spx=00;36:*.xspf=00;36:', 'ROS_DOMAIN_ID': '10', 'AMENT_PREFIX_PATH': '//home/nvidia/f1tenth_ws/install/f1tenth_stack://home/nvidia/f1tenth_ws/install/vesc://home/nvidia/f1tenth_ws/install/vesc_driver://home/nvidia/f1tenth_ws/install/vesc_ackermann://home/nvidia/f1tenth_ws/install/vesc_msgs://home/nvidia/f1tenth_ws/install/teleop_tools://home/nvidia/f1tenth_ws/install/joy_teleop://home/nvidia/f1tenth_ws/install/teleop_tools_msgs://home/nvidia/f1tenth_ws/install/pure_pursuit://home/nvidia/f1tenth_ws/install/phasespace://home/nvidia/f1tenth_ws/install/new_map_saver://home/nvidia/f1tenth_ws/install/mouse_teleop://home/nvidia/f1tenth_ws/install/mapping://home/nvidia/f1tenth_ws/install/key_teleop://home/nvidia/f1tenth_ws/install/f1tenth_controllers://home/nvidia/f1tenth_ws/install/ackermann_mux:/opt/ros/foxy', 'SHELL': '/bin/bash', 'LESSCLOSE': '/usr/bin/lesspipe %s %s', 'PWD': '/home/nvidia/f1tenth_ws/build/mapping', 'TURTLEBOT3_MODEL': 'waffle', 'LC_ALL': 'en_US.UTF-8', 'SSH_CONNECTION': '10.131.67.141 46114 10.131.142.84 22', 'XDG_DATA_DIRS': '/usr/local/share:/usr/share:/var/lib/snapd/desktop', 'PYTHONPATH': '/home/nvidia/f1tenth_ws/build/mapping/prefix_override:/usr/lib/python3/dist-packages/colcon_core/task/python/colcon_distutils_commands:/home/nvidia/f1tenth_ws/install/mapping/lib/python3.8/site-packages://home/nvidia/f1tenth_ws/install/f1tenth_stack/lib/python3.8/site-packages://home/nvidia/f1tenth_ws/install/vesc_msgs/lib/python3.8/site-packages://home/nvidia/f1tenth_ws/install/joy_teleop/lib/python3.8/site-packages://home/nvidia/f1tenth_ws/install/teleop_tools_msgs/lib/python3.8/site-packages://home/nvidia/f1tenth_ws/install/phasespace/lib/python3.8/site-packages://home/nvidia/f1tenth_ws/install/new_map_saver/lib/python3.8/site-packages://home/nvidia/f1tenth_ws/install/mouse_teleop/lib/python3.8/site-packages://home/nvidia/f1tenth_ws/install/mapping/lib/python3.8/site-packages://home/nvidia/f1tenth_ws/install/key_teleop/lib/python3.8/site-packages://home/nvidia/f1tenth_ws/install/f1tenth_controllers/lib/python3.8/site-packages:/opt/ros/foxy/lib/python3.8/site-packages', 'COLCON': '1', 'CMAKE_PREFIX_PATH': '//home/nvidia/f1tenth_ws/install/vesc://home/nvidia/f1tenth_ws/install/vesc_driver://home/nvidia/f1tenth_ws/install/vesc_ackermann://home/nvidia/f1tenth_ws/install/vesc_msgs://home/nvidia/f1tenth_ws/install/teleop_tools://home/nvidia/f1tenth_ws/install/teleop_tools_msgs://home/nvidia/f1tenth_ws/install/pure_pursuit://home/nvidia/f1tenth_ws/install/ackermann_mux'}, 'shell': False}
[7.671858] (ackermann_mux) StdoutLine: {'line': b'-- Found OpenSSL: /usr/lib/aarch64-linux-gnu/libcrypto.so (found version "1.1.1f")  \n'}
[7.686813] (vesc_msgs) StdoutLine: {'line': b'-- Found FastRTPS: /opt/ros/foxy/include  \n'}
[7.719315] (-) TimerEvent: {}
[7.821720] (-) TimerEvent: {}
[7.880470] (f1tenth_controllers) Command: {'cmd': ['/usr/bin/python3', '-W', 'ignore:setup.py install is deprecated', 'setup.py', 'egg_info', '--egg-base', '../../build/f1tenth_controllers', 'build', '--build-base', '/home/nvidia/f1tenth_ws/build/f1tenth_controllers/build', 'install', '--record', '/home/nvidia/f1tenth_ws/build/f1tenth_controllers/install.log', '--install-scripts', '$base/lib/f1tenth_controllers', '--single-version-externally-managed', 'install_data'], 'cwd': '/home/nvidia/f1tenth_ws/src/f1tenth_controllers', 'env': {'LESSOPEN': '| /usr/bin/lesspipe %s', 'USER': 'nvidia', 'SSH_CLIENT': '10.131.67.141 46114 22', 'XDG_SESSION_TYPE': 'tty', 'SHLVL': '1', 'LD_LIBRARY_PATH': '//home/nvidia/f1tenth_ws/install/vesc_driver/lib://home/nvidia/f1tenth_ws/install/vesc_ackermann/lib://home/nvidia/f1tenth_ws/install/vesc_msgs/lib://home/nvidia/f1tenth_ws/install/teleop_tools_msgs/lib:/usr/lib/aarch64-linux-gnu/gazebo-11/plugins:/opt/ros/foxy/opt/yaml_cpp_vendor/lib:/opt/ros/foxy/opt/rviz_ogre_vendor/lib:/opt/ros/foxy/lib/aarch64-linux-gnu:/opt/ros/foxy/lib:/usr/local/cuda-11.4/lib64:', 'MOTD_SHOWN': 'pam', 'HOME': '/home/nvidia', 'OLDPWD': '/home/nvidia', 'SSH_TTY': '/dev/pts/4', 'ROS_PYTHON_VERSION': '3', 'DBUS_SESSION_BUS_ADDRESS': 'unix:path=/run/user/1000/bus', 'COLCON_PREFIX_PATH': '//home/nvidia/f1tenth_ws/install', 'ROS_DISTRO': 'foxy', 'LOGNAME': 'nvidia', '_': '/usr/bin/colcon', 'ROS_VERSION': '2', 'XDG_SESSION_CLASS': 'user', 'TERM': 'xterm-256color', 'XDG_SESSION_ID': '15', 'GAZEBO_MODEL_PATH': ':/opt/ros/foxy/share/turtlebot3_gazebo/models', 'ROS_LOCALHOST_ONLY': '0', 'PATH': '/home/nvidia/.local/bin:/opt/ros/foxy/bin:/usr/local/cuda-11.4/bin:/usr/local/sbin:/usr/local/bin:/usr/sbin:/usr/bin:/sbin:/bin:/usr/games:/usr/local/games:/snap/bin', 'XDG_RUNTIME_DIR': '/run/user/1000', 'LANG': 'en_US.UTF-8', 'LS_COLORS': 'rs=0:di=01;34:ln=01;36:mh=00:pi=40;33:so=01;35:do=01;35:bd=40;33;01:cd=40;33;01:or=40;31;01:mi=00:su=37;41:sg=30;43:ca=30;41:tw=30;42:ow=34;42:st=37;44:ex=01;32:*.tar=01;31:*.tgz=01;31:*.arc=01;31:*.arj=01;31:*.taz=01;31:*.lha=01;31:*.lz4=01;31:*.lzh=01;31:*.lzma=01;31:*.tlz=01;31:*.txz=01;31:*.tzo=01;31:*.t7z=01;31:*.zip=01;31:*.z=01;31:*.dz=01;31:*.gz=01;31:*.lrz=01;31:*.lz=01;31:*.lzo=01;31:*.xz=01;31:*.zst=01;31:*.tzst=01;31:*.bz2=01;31:*.bz=01;31:*.tbz=01;31:*.tbz2=01;31:*.tz=01;31:*.deb=01;31:*.rpm=01;31:*.jar=01;31:*.war=01;31:*.ear=01;31:*.sar=01;31:*.rar=01;31:*.alz=01;31:*.ace=01;31:*.zoo=01;31:*.cpio=01;31:*.7z=01;31:*.rz=01;31:*.cab=01;31:*.wim=01;31:*.swm=01;31:*.dwm=01;31:*.esd=01;31:*.jpg=01;35:*.jpeg=01;35:*.mjpg=01;35:*.mjpeg=01;35:*.gif=01;35:*.bmp=01;35:*.pbm=01;35:*.pgm=01;35:*.ppm=01;35:*.tga=01;35:*.xbm=01;35:*.xpm=01;35:*.tif=01;35:*.tiff=01;35:*.png=01;35:*.svg=01;35:*.svgz=01;35:*.mng=01;35:*.pcx=01;35:*.mov=01;35:*.mpg=01;35:*.mpeg=01;35:*.m2v=01;35:*.mkv=01;35:*.webm=01;35:*.ogm=01;35:*.mp4=01;35:*.m4v=01;35:*.mp4v=01;35:*.vob=01;35:*.qt=01;35:*.nuv=01;35:*.wmv=01;35:*.asf=01;35:*.rm=01;35:*.rmvb=01;35:*.flc=01;35:*.avi=01;35:*.fli=01;35:*.flv=01;35:*.gl=01;35:*.dl=01;35:*.xcf=01;35:*.xwd=01;35:*.yuv=01;35:*.cgm=01;35:*.emf=01;35:*.ogv=01;35:*.ogx=01;35:*.aac=00;36:*.au=00;36:*.flac=00;36:*.m4a=00;36:*.mid=00;36:*.midi=00;36:*.mka=00;36:*.mp3=00;36:*.mpc=00;36:*.ogg=00;36:*.ra=00;36:*.wav=00;36:*.oga=00;36:*.opus=00;36:*.spx=00;36:*.xspf=00;36:', 'ROS_DOMAIN_ID': '10', 'AMENT_PREFIX_PATH': '//home/nvidia/f1tenth_ws/install/f1tenth_stack://home/nvidia/f1tenth_ws/install/vesc://home/nvidia/f1tenth_ws/install/vesc_driver://home/nvidia/f1tenth_ws/install/vesc_ackermann://home/nvidia/f1tenth_ws/install/vesc_msgs://home/nvidia/f1tenth_ws/install/teleop_tools://home/nvidia/f1tenth_ws/install/joy_teleop://home/nvidia/f1tenth_ws/install/teleop_tools_msgs://home/nvidia/f1tenth_ws/install/pure_pursuit://home/nvidia/f1tenth_ws/install/phasespace://home/nvidia/f1tenth_ws/install/new_map_saver://home/nvidia/f1tenth_ws/install/mouse_teleop://home/nvidia/f1tenth_ws/install/mapping://home/nvidia/f1tenth_ws/install/key_teleop://home/nvidia/f1tenth_ws/install/f1tenth_controllers://home/nvidia/f1tenth_ws/install/ackermann_mux:/opt/ros/foxy', 'SHELL': '/bin/bash', 'LESSCLOSE': '/usr/bin/lesspipe %s %s', 'PWD': '/home/nvidia/f1tenth_ws/build/f1tenth_controllers', 'TURTLEBOT3_MODEL': 'waffle', 'LC_ALL': 'en_US.UTF-8', 'SSH_CONNECTION': '10.131.67.141 46114 10.131.142.84 22', 'XDG_DATA_DIRS': '/usr/local/share:/usr/share:/var/lib/snapd/desktop', 'PYTHONPATH': '/home/nvidia/f1tenth_ws/build/f1tenth_controllers/prefix_override:/usr/lib/python3/dist-packages/colcon_core/task/python/colcon_distutils_commands:/home/nvidia/f1tenth_ws/install/f1tenth_controllers/lib/python3.8/site-packages://home/nvidia/f1tenth_ws/install/f1tenth_stack/lib/python3.8/site-packages://home/nvidia/f1tenth_ws/install/vesc_msgs/lib/python3.8/site-packages://home/nvidia/f1tenth_ws/install/joy_teleop/lib/python3.8/site-packages://home/nvidia/f1tenth_ws/install/teleop_tools_msgs/lib/python3.8/site-packages://home/nvidia/f1tenth_ws/install/phasespace/lib/python3.8/site-packages://home/nvidia/f1tenth_ws/install/new_map_saver/lib/python3.8/site-packages://home/nvidia/f1tenth_ws/install/mouse_teleop/lib/python3.8/site-packages://home/nvidia/f1tenth_ws/install/mapping/lib/python3.8/site-packages://home/nvidia/f1tenth_ws/install/key_teleop/lib/python3.8/site-packages://home/nvidia/f1tenth_ws/install/f1tenth_controllers/lib/python3.8/site-packages:/opt/ros/foxy/lib/python3.8/site-packages', 'COLCON': '1', 'CMAKE_PREFIX_PATH': '//home/nvidia/f1tenth_ws/install/vesc://home/nvidia/f1tenth_ws/install/vesc_driver://home/nvidia/f1tenth_ws/install/vesc_ackermann://home/nvidia/f1tenth_ws/install/vesc_msgs://home/nvidia/f1tenth_ws/install/teleop_tools://home/nvidia/f1tenth_ws/install/teleop_tools_msgs://home/nvidia/f1tenth_ws/install/pure_pursuit://home/nvidia/f1tenth_ws/install/ackermann_mux'}, 'shell': False}
[7.922684] (key_teleop) Command: {'cmd': ['/usr/bin/python3', '-W', 'ignore:setup.py install is deprecated', 'setup.py', 'egg_info', '--egg-base', '../../../../build/key_teleop', 'build', '--build-base', '/home/nvidia/f1tenth_ws/build/key_teleop/build', 'install', '--record', '/home/nvidia/f1tenth_ws/build/key_teleop/install.log', '--install-scripts', '$base/lib/key_teleop', '--single-version-externally-managed', 'install_data'], 'cwd': '/home/nvidia/f1tenth_ws/src/f1tenth_system/teleop_tools/key_teleop', 'env': {'LESSOPEN': '| /usr/bin/lesspipe %s', 'USER': 'nvidia', 'SSH_CLIENT': '10.131.67.141 46114 22', 'XDG_SESSION_TYPE': 'tty', 'SHLVL': '1', 'LD_LIBRARY_PATH': '//home/nvidia/f1tenth_ws/install/vesc_driver/lib://home/nvidia/f1tenth_ws/install/vesc_ackermann/lib://home/nvidia/f1tenth_ws/install/vesc_msgs/lib://home/nvidia/f1tenth_ws/install/teleop_tools_msgs/lib:/usr/lib/aarch64-linux-gnu/gazebo-11/plugins:/opt/ros/foxy/opt/yaml_cpp_vendor/lib:/opt/ros/foxy/opt/rviz_ogre_vendor/lib:/opt/ros/foxy/lib/aarch64-linux-gnu:/opt/ros/foxy/lib:/usr/local/cuda-11.4/lib64:', 'MOTD_SHOWN': 'pam', 'HOME': '/home/nvidia', 'OLDPWD': '/home/nvidia', 'SSH_TTY': '/dev/pts/4', 'ROS_PYTHON_VERSION': '3', 'DBUS_SESSION_BUS_ADDRESS': 'unix:path=/run/user/1000/bus', 'COLCON_PREFIX_PATH': '//home/nvidia/f1tenth_ws/install', 'ROS_DISTRO': 'foxy', 'LOGNAME': 'nvidia', '_': '/usr/bin/colcon', 'ROS_VERSION': '2', 'XDG_SESSION_CLASS': 'user', 'TERM': 'xterm-256color', 'XDG_SESSION_ID': '15', 'GAZEBO_MODEL_PATH': ':/opt/ros/foxy/share/turtlebot3_gazebo/models', 'ROS_LOCALHOST_ONLY': '0', 'PATH': '/home/nvidia/.local/bin:/opt/ros/foxy/bin:/usr/local/cuda-11.4/bin:/usr/local/sbin:/usr/local/bin:/usr/sbin:/usr/bin:/sbin:/bin:/usr/games:/usr/local/games:/snap/bin', 'XDG_RUNTIME_DIR': '/run/user/1000', 'LANG': 'en_US.UTF-8', 'LS_COLORS': 'rs=0:di=01;34:ln=01;36:mh=00:pi=40;33:so=01;35:do=01;35:bd=40;33;01:cd=40;33;01:or=40;31;01:mi=00:su=37;41:sg=30;43:ca=30;41:tw=30;42:ow=34;42:st=37;44:ex=01;32:*.tar=01;31:*.tgz=01;31:*.arc=01;31:*.arj=01;31:*.taz=01;31:*.lha=01;31:*.lz4=01;31:*.lzh=01;31:*.lzma=01;31:*.tlz=01;31:*.txz=01;31:*.tzo=01;31:*.t7z=01;31:*.zip=01;31:*.z=01;31:*.dz=01;31:*.gz=01;31:*.lrz=01;31:*.lz=01;31:*.lzo=01;31:*.xz=01;31:*.zst=01;31:*.tzst=01;31:*.bz2=01;31:*.bz=01;31:*.tbz=01;31:*.tbz2=01;31:*.tz=01;31:*.deb=01;31:*.rpm=01;31:*.jar=01;31:*.war=01;31:*.ear=01;31:*.sar=01;31:*.rar=01;31:*.alz=01;31:*.ace=01;31:*.zoo=01;31:*.cpio=01;31:*.7z=01;31:*.rz=01;31:*.cab=01;31:*.wim=01;31:*.swm=01;31:*.dwm=01;31:*.esd=01;31:*.jpg=01;35:*.jpeg=01;35:*.mjpg=01;35:*.mjpeg=01;35:*.gif=01;35:*.bmp=01;35:*.pbm=01;35:*.pgm=01;35:*.ppm=01;35:*.tga=01;35:*.xbm=01;35:*.xpm=01;35:*.tif=01;35:*.tiff=01;35:*.png=01;35:*.svg=01;35:*.svgz=01;35:*.mng=01;35:*.pcx=01;35:*.mov=01;35:*.mpg=01;35:*.mpeg=01;35:*.m2v=01;35:*.mkv=01;35:*.webm=01;35:*.ogm=01;35:*.mp4=01;35:*.m4v=01;35:*.mp4v=01;35:*.vob=01;35:*.qt=01;35:*.nuv=01;35:*.wmv=01;35:*.asf=01;35:*.rm=01;35:*.rmvb=01;35:*.flc=01;35:*.avi=01;35:*.fli=01;35:*.flv=01;35:*.gl=01;35:*.dl=01;35:*.xcf=01;35:*.xwd=01;35:*.yuv=01;35:*.cgm=01;35:*.emf=01;35:*.ogv=01;35:*.ogx=01;35:*.aac=00;36:*.au=00;36:*.flac=00;36:*.m4a=00;36:*.mid=00;36:*.midi=00;36:*.mka=00;36:*.mp3=00;36:*.mpc=00;36:*.ogg=00;36:*.ra=00;36:*.wav=00;36:*.oga=00;36:*.opus=00;36:*.spx=00;36:*.xspf=00;36:', 'ROS_DOMAIN_ID': '10', 'AMENT_PREFIX_PATH': '//home/nvidia/f1tenth_ws/install/f1tenth_stack://home/nvidia/f1tenth_ws/install/vesc://home/nvidia/f1tenth_ws/install/vesc_driver://home/nvidia/f1tenth_ws/install/vesc_ackermann://home/nvidia/f1tenth_ws/install/vesc_msgs://home/nvidia/f1tenth_ws/install/teleop_tools://home/nvidia/f1tenth_ws/install/joy_teleop://home/nvidia/f1tenth_ws/install/teleop_tools_msgs://home/nvidia/f1tenth_ws/install/pure_pursuit://home/nvidia/f1tenth_ws/install/phasespace://home/nvidia/f1tenth_ws/install/new_map_saver://home/nvidia/f1tenth_ws/install/mouse_teleop://home/nvidia/f1tenth_ws/install/mapping://home/nvidia/f1tenth_ws/install/key_teleop://home/nvidia/f1tenth_ws/install/f1tenth_controllers://home/nvidia/f1tenth_ws/install/ackermann_mux:/opt/ros/foxy', 'SHELL': '/bin/bash', 'LESSCLOSE': '/usr/bin/lesspipe %s %s', 'PWD': '/home/nvidia/f1tenth_ws/build/key_teleop', 'TURTLEBOT3_MODEL': 'waffle', 'LC_ALL': 'en_US.UTF-8', 'SSH_CONNECTION': '10.131.67.141 46114 10.131.142.84 22', 'XDG_DATA_DIRS': '/usr/local/share:/usr/share:/var/lib/snapd/desktop', 'PYTHONPATH': '/home/nvidia/f1tenth_ws/build/key_teleop/prefix_override:/usr/lib/python3/dist-packages/colcon_core/task/python/colcon_distutils_commands:/home/nvidia/f1tenth_ws/install/key_teleop/lib/python3.8/site-packages://home/nvidia/f1tenth_ws/install/f1tenth_stack/lib/python3.8/site-packages://home/nvidia/f1tenth_ws/install/vesc_msgs/lib/python3.8/site-packages://home/nvidia/f1tenth_ws/install/joy_teleop/lib/python3.8/site-packages://home/nvidia/f1tenth_ws/install/teleop_tools_msgs/lib/python3.8/site-packages://home/nvidia/f1tenth_ws/install/phasespace/lib/python3.8/site-packages://home/nvidia/f1tenth_ws/install/new_map_saver/lib/python3.8/site-packages://home/nvidia/f1tenth_ws/install/mouse_teleop/lib/python3.8/site-packages://home/nvidia/f1tenth_ws/install/mapping/lib/python3.8/site-packages://home/nvidia/f1tenth_ws/install/key_teleop/lib/python3.8/site-packages://home/nvidia/f1tenth_ws/install/f1tenth_controllers/lib/python3.8/site-packages:/opt/ros/foxy/lib/python3.8/site-packages', 'COLCON': '1', 'CMAKE_PREFIX_PATH': '//home/nvidia/f1tenth_ws/install/vesc://home/nvidia/f1tenth_ws/install/vesc_driver://home/nvidia/f1tenth_ws/install/vesc_ackermann://home/nvidia/f1tenth_ws/install/vesc_msgs://home/nvidia/f1tenth_ws/install/teleop_tools://home/nvidia/f1tenth_ws/install/teleop_tools_msgs://home/nvidia/f1tenth_ws/install/pure_pursuit://home/nvidia/f1tenth_ws/install/ackermann_mux'}, 'shell': False}
[7.928985] (-) TimerEvent: {}
[8.031549] (ackermann_mux) StdoutLine: {'line': b'-- Found FastRTPS: /opt/ros/foxy/include  \n'}
[8.033952] (-) TimerEvent: {}
[8.135539] (-) TimerEvent: {}
[8.236579] (-) TimerEvent: {}
[8.337600] (-) TimerEvent: {}
[8.395230] (vesc_msgs) StdoutLine: {'line': b'-- Using all available rosidl_typesupport_cpp: rosidl_typesupport_fastrtps_cpp;rosidl_typesupport_introspection_cpp\n'}
[8.415667] (teleop_tools_msgs) StdoutLine: {'line': b'-- Using all available rosidl_typesupport_cpp: rosidl_typesupport_fastrtps_cpp;rosidl_typesupport_introspection_cpp\n'}
[8.437859] (-) TimerEvent: {}
[8.538961] (-) TimerEvent: {}
[8.640174] (-) TimerEvent: {}
[8.728782] (ackermann_mux) StdoutLine: {'line': b'-- Using all available rosidl_typesupport_cpp: rosidl_typesupport_fastrtps_cpp;rosidl_typesupport_introspection_cpp\n'}
[8.740423] (-) TimerEvent: {}
[8.785687] (teleop_tools_msgs) StdoutLine: {'line': b'-- Found ament_lint_auto: 0.9.8 (/opt/ros/foxy/share/ament_lint_auto/cmake)\n'}
[8.840674] (-) TimerEvent: {}
[8.942878] (-) TimerEvent: {}
[9.044123] (-) TimerEvent: {}
[9.145211] (-) TimerEvent: {}
[9.246323] (-) TimerEvent: {}
[9.347823] (-) TimerEvent: {}
[9.361542] (ackermann_mux) StdoutLine: {'line': b'-- Found rmw_implementation_cmake: 1.0.4 (/opt/ros/foxy/share/rmw_implementation_cmake/cmake)\n'}
[9.389491] (ackermann_mux) StdoutLine: {'line': b"-- Using RMW implementation 'rmw_fastrtps_cpp' as default\n"}
[9.399580] (ackermann_mux) StdoutLine: {'line': b'-- Looking for pthread.h\n'}
[9.448065] (-) TimerEvent: {}
[9.451779] (mapping) StdoutLine: {'line': b'running egg_info\n'}
[9.455774] (f1tenth_controllers) StdoutLine: {'line': b'running egg_info\n'}
[9.457948] (mapping) StdoutLine: {'line': b'creating ../../build/mapping/mapping.egg-info\n'}
[9.461516] (mapping) StdoutLine: {'line': b'writing ../../build/mapping/mapping.egg-info/PKG-INFO\n'}
[9.464431] (f1tenth_controllers) StdoutLine: {'line': b'creating ../../build/f1tenth_controllers/f1tenth_controllers.egg-info\n'}
[9.466612] (f1tenth_controllers) StdoutLine: {'line': b'writing ../../build/f1tenth_controllers/f1tenth_controllers.egg-info/PKG-INFO\n'}
[9.469512] (f1tenth_controllers) StdoutLine: {'line': b'writing dependency_links to ../../build/f1tenth_controllers/f1tenth_controllers.egg-info/dependency_links.txt\n'}
[9.471785] (f1tenth_controllers) StdoutLine: {'line': b'writing entry points to ../../build/f1tenth_controllers/f1tenth_controllers.egg-info/entry_points.txt\n'}
[9.472688] (mapping) StdoutLine: {'line': b'writing dependency_links to ../../build/mapping/mapping.egg-info/dependency_links.txt\n'}
[9.474349] (f1tenth_controllers) StdoutLine: {'line': b'writing requirements to ../../build/f1tenth_controllers/f1tenth_controllers.egg-info/requires.txt\n'}
[9.475973] (f1tenth_controllers) StdoutLine: {'line': b'writing top-level names to ../../build/f1tenth_controllers/f1tenth_controllers.egg-info/top_level.txt\n'}
[9.484554] (f1tenth_controllers) StdoutLine: {'line': b"writing manifest file '../../build/f1tenth_controllers/f1tenth_controllers.egg-info/SOURCES.txt'\n"}
[9.486677] (mapping) StdoutLine: {'line': b'writing entry points to ../../build/mapping/mapping.egg-info/entry_points.txt\n'}
[9.487422] (mapping) StdoutLine: {'line': b'writing requirements to ../../build/mapping/mapping.egg-info/requires.txt\n'}
[9.487934] (mapping) StdoutLine: {'line': b'writing top-level names to ../../build/mapping/mapping.egg-info/top_level.txt\n'}
[9.505973] (mapping) StdoutLine: {'line': b"writing manifest file '../../build/mapping/mapping.egg-info/SOURCES.txt'\n"}
[9.517377] (vesc_msgs) StdoutLine: {'line': b'-- Found PythonInterp: /usr/bin/python3 (found version "3.8.10") \n'}
[9.518507] (teleop_tools_msgs) StdoutLine: {'line': b'-- Found PythonInterp: /usr/bin/python3 (found version "3.8.10") \n'}
[9.548304] (-) TimerEvent: {}
[9.649439] (-) TimerEvent: {}
[9.695793] (f1tenth_controllers) StdoutLine: {'line': b"reading manifest file '../../build/f1tenth_controllers/f1tenth_controllers.egg-info/SOURCES.txt'\n"}
[9.701560] (f1tenth_controllers) StdoutLine: {'line': b"writing manifest file '../../build/f1tenth_controllers/f1tenth_controllers.egg-info/SOURCES.txt'\n"}
[9.703555] (f1tenth_controllers) StdoutLine: {'line': b'running build\n'}
[9.704702] (f1tenth_controllers) StdoutLine: {'line': b'running build_py\n'}
[9.707253] (f1tenth_controllers) StdoutLine: {'line': b'creating /home/nvidia/f1tenth_ws/build/f1tenth_controllers/build\n'}
[9.708854] (f1tenth_controllers) StdoutLine: {'line': b'creating /home/nvidia/f1tenth_ws/build/f1tenth_controllers/build/lib\n'}
[9.709909] (mapping) StdoutLine: {'line': b"reading manifest file '../../build/mapping/mapping.egg-info/SOURCES.txt'\n"}
[9.711405] (f1tenth_controllers) StdoutLine: {'line': b'creating /home/nvidia/f1tenth_ws/build/f1tenth_controllers/build/lib/f1tenth_controllers\n'}
[9.713116] (f1tenth_controllers) StdoutLine: {'line': b'copying f1tenth_controllers/pure_pursuit.py -> /home/nvidia/f1tenth_ws/build/f1tenth_controllers/build/lib/f1tenth_controllers\n'}
[9.714258] (mapping) StdoutLine: {'line': b"writing manifest file '../../build/mapping/mapping.egg-info/SOURCES.txt'\n"}
[9.715180] (mapping) StdoutLine: {'line': b'running build\n'}
[9.715715] (mapping) StdoutLine: {'line': b'running build_py\n'}
[9.716514] (mapping) StdoutLine: {'line': b'creating /home/nvidia/f1tenth_ws/build/mapping/build\n'}
[9.716972] (mapping) StdoutLine: {'line': b'creating /home/nvidia/f1tenth_ws/build/mapping/build/lib\n'}
[9.720461] (mapping) StdoutLine: {'line': b'creating /home/nvidia/f1tenth_ws/build/mapping/build/lib/mapping\n'}
[9.721112] (mapping) StdoutLine: {'line': b'copying mapping/local_mapping_gradient.py -> /home/nvidia/f1tenth_ws/build/mapping/build/lib/mapping\n'}
[9.721543] (mapping) StdoutLine: {'line': b'copying mapping/local_mapping.py -> /home/nvidia/f1tenth_ws/build/mapping/build/lib/mapping\n'}
[9.722032] (mapping) StdoutLine: {'line': b'copying mapping/__init__.py -> /home/nvidia/f1tenth_ws/build/mapping/build/lib/mapping\n'}
[9.722472] (f1tenth_controllers) StdoutLine: {'line': b'copying f1tenth_controllers/pure_pursuit copy.py -> /home/nvidia/f1tenth_ws/build/f1tenth_controllers/build/lib/f1tenth_controllers\n'}
[9.724377] (mapping) StdoutLine: {'line': b'running install\n'}
[9.725005] (f1tenth_controllers) StdoutLine: {'line': b'copying f1tenth_controllers/pure_pursuit_sim.py -> /home/nvidia/f1tenth_ws/build/f1tenth_controllers/build/lib/f1tenth_controllers\n'}
[9.731481] (mapping) StdoutLine: {'line': b'running install_lib\n'}
[9.732211] (f1tenth_controllers) StdoutLine: {'line': b'copying f1tenth_controllers/__init__.py -> /home/nvidia/f1tenth_ws/build/f1tenth_controllers/build/lib/f1tenth_controllers\n'}
[9.732827] (f1tenth_controllers) StdoutLine: {'line': b'copying f1tenth_controllers/follow_the_gap_node.py -> /home/nvidia/f1tenth_ws/build/f1tenth_controllers/build/lib/f1tenth_controllers\n'}
[9.733272] (f1tenth_controllers) StdoutLine: {'line': b'running install\n'}
[9.734390] (mapping) StdoutLine: {'line': b'creating /home/nvidia/f1tenth_ws/install/mapping/lib/python3.8/site-packages/mapping\n'}
[9.734972] (mapping) StdoutLine: {'line': b'copying /home/nvidia/f1tenth_ws/build/mapping/build/lib/mapping/local_mapping_gradient.py -> /home/nvidia/f1tenth_ws/install/mapping/lib/python3.8/site-packages/mapping\n'}
[9.735870] (mapping) StdoutLine: {'line': b'copying /home/nvidia/f1tenth_ws/build/mapping/build/lib/mapping/local_mapping.py -> /home/nvidia/f1tenth_ws/install/mapping/lib/python3.8/site-packages/mapping\n'}
[9.736663] (mapping) StdoutLine: {'line': b'copying /home/nvidia/f1tenth_ws/build/mapping/build/lib/mapping/__init__.py -> /home/nvidia/f1tenth_ws/install/mapping/lib/python3.8/site-packages/mapping\n'}
[9.739350] (mapping) StdoutLine: {'line': b'byte-compiling /home/nvidia/f1tenth_ws/install/mapping/lib/python3.8/site-packages/mapping/local_mapping_gradient.py to local_mapping_gradient.cpython-38.pyc\n'}
[9.742690] (f1tenth_controllers) StdoutLine: {'line': b'running install_lib\n'}
[9.749559] (f1tenth_controllers) StdoutLine: {'line': b'creating /home/nvidia/f1tenth_ws/install/f1tenth_controllers/lib/python3.8/site-packages/f1tenth_controllers\n'}
[9.750331] (-) TimerEvent: {}
[9.751975] (f1tenth_controllers) StdoutLine: {'line': b'copying /home/nvidia/f1tenth_ws/build/f1tenth_controllers/build/lib/f1tenth_controllers/pure_pursuit.py -> /home/nvidia/f1tenth_ws/install/f1tenth_controllers/lib/python3.8/site-packages/f1tenth_controllers\n'}
[9.754173] (f1tenth_controllers) StdoutLine: {'line': b'copying /home/nvidia/f1tenth_ws/build/f1tenth_controllers/build/lib/f1tenth_controllers/pure_pursuit copy.py -> /home/nvidia/f1tenth_ws/install/f1tenth_controllers/lib/python3.8/site-packages/f1tenth_controllers\n'}
[9.756194] (f1tenth_controllers) StdoutLine: {'line': b'copying /home/nvidia/f1tenth_ws/build/f1tenth_controllers/build/lib/f1tenth_controllers/pure_pursuit_sim.py -> /home/nvidia/f1tenth_ws/install/f1tenth_controllers/lib/python3.8/site-packages/f1tenth_controllers\n'}
[9.758305] (f1tenth_controllers) StdoutLine: {'line': b'copying /home/nvidia/f1tenth_ws/build/f1tenth_controllers/build/lib/f1tenth_controllers/__init__.py -> /home/nvidia/f1tenth_ws/install/f1tenth_controllers/lib/python3.8/site-packages/f1tenth_controllers\n'}
[9.759558] (mapping) StdoutLine: {'line': b'byte-compiling /home/nvidia/f1tenth_ws/install/mapping/lib/python3.8/site-packages/mapping/local_mapping.py to local_mapping.cpython-38.pyc\n'}
[9.760969] (f1tenth_controllers) StdoutLine: {'line': b'copying /home/nvidia/f1tenth_ws/build/f1tenth_controllers/build/lib/f1tenth_controllers/follow_the_gap_node.py -> /home/nvidia/f1tenth_ws/install/f1tenth_controllers/lib/python3.8/site-packages/f1tenth_controllers\n'}
[9.765914] (mapping) StdoutLine: {'line': b'byte-compiling /home/nvidia/f1tenth_ws/install/mapping/lib/python3.8/site-packages/mapping/__init__.py to __init__.cpython-38.pyc\n'}
[9.767053] (mapping) StdoutLine: {'line': b'running install_data\n'}
[9.767946] (mapping) StdoutLine: {'line': b'creating /home/nvidia/f1tenth_ws/install/mapping/share/ament_index\n'}
[9.769150] (mapping) StdoutLine: {'line': b'creating /home/nvidia/f1tenth_ws/install/mapping/share/ament_index/resource_index\n'}
[9.770178] (mapping) StdoutLine: {'line': b'creating /home/nvidia/f1tenth_ws/install/mapping/share/ament_index/resource_index/packages\n'}
[9.770766] (mapping) StdoutLine: {'line': b'copying resource/mapping -> /home/nvidia/f1tenth_ws/install/mapping/share/ament_index/resource_index/packages\n'}
[9.771666] (f1tenth_controllers) StdoutLine: {'line': b'byte-compiling /home/nvidia/f1tenth_ws/install/f1tenth_controllers/lib/python3.8/site-packages/f1tenth_controllers/pure_pursuit.py to pure_pursuit.cpython-38.pyc\n'}
[9.772445] (mapping) StdoutLine: {'line': b'copying package.xml -> /home/nvidia/f1tenth_ws/install/mapping/share/mapping\n'}
[9.773236] (mapping) StdoutLine: {'line': b'running install_egg_info\n'}
[9.782318] (mapping) StdoutLine: {'line': b'Copying ../../build/mapping/mapping.egg-info to /home/nvidia/f1tenth_ws/install/mapping/lib/python3.8/site-packages/mapping-0.0.0-py3.8.egg-info\n'}
[9.789040] (mapping) StdoutLine: {'line': b'running install_scripts\n'}
[9.792362] (f1tenth_controllers) StdoutLine: {'line': b'byte-compiling /home/nvidia/f1tenth_ws/install/f1tenth_controllers/lib/python3.8/site-packages/f1tenth_controllers/pure_pursuit copy.py to pure_pursuit copy.cpython-38.pyc\n'}
[9.799634] (f1tenth_controllers) StdoutLine: {'line': b'byte-compiling /home/nvidia/f1tenth_ws/install/f1tenth_controllers/lib/python3.8/site-packages/f1tenth_controllers/pure_pursuit_sim.py to pure_pursuit_sim.cpython-38.pyc\n'}
[9.808896] (f1tenth_controllers) StdoutLine: {'line': b'byte-compiling /home/nvidia/f1tenth_ws/install/f1tenth_controllers/lib/python3.8/site-packages/f1tenth_controllers/__init__.py to __init__.cpython-38.pyc\n'}
[9.811386] (f1tenth_controllers) StdoutLine: {'line': b'byte-compiling /home/nvidia/f1tenth_ws/install/f1tenth_controllers/lib/python3.8/site-packages/f1tenth_controllers/follow_the_gap_node.py to follow_the_gap_node.cpython-38.pyc\n'}
[9.819853] (f1tenth_controllers) StdoutLine: {'line': b'running install_data\n'}
[9.821534] (f1tenth_controllers) StdoutLine: {'line': b'creating /home/nvidia/f1tenth_ws/install/f1tenth_controllers/share/ament_index\n'}
[9.822876] (f1tenth_controllers) StdoutLine: {'line': b'creating /home/nvidia/f1tenth_ws/install/f1tenth_controllers/share/ament_index/resource_index\n'}
[9.823855] (f1tenth_controllers) StdoutLine: {'line': b'creating /home/nvidia/f1tenth_ws/install/f1tenth_controllers/share/ament_index/resource_index/packages\n'}
[9.825416] (f1tenth_controllers) StdoutLine: {'line': b'copying resource/f1tenth_controllers -> /home/nvidia/f1tenth_ws/install/f1tenth_controllers/share/ament_index/resource_index/packages\n'}
[9.827473] (f1tenth_controllers) StdoutLine: {'line': b'copying package.xml -> /home/nvidia/f1tenth_ws/install/f1tenth_controllers/share/f1tenth_controllers\n'}
[9.829290] (f1tenth_controllers) StdoutLine: {'line': b'creating /home/nvidia/f1tenth_ws/install/f1tenth_controllers/share/f1tenth_controllers/launch\n'}
[9.830594] (f1tenth_controllers) StdoutLine: {'line': b'copying launch/map_loc_launch.py -> /home/nvidia/f1tenth_ws/install/f1tenth_controllers/share/f1tenth_controllers/launch\n'}
[9.832238] (f1tenth_controllers) StdoutLine: {'line': b'running install_egg_info\n'}
[9.844506] (f1tenth_controllers) StdoutLine: {'line': b'Copying ../../build/f1tenth_controllers/f1tenth_controllers.egg-info to /home/nvidia/f1tenth_ws/install/f1tenth_controllers/lib/python3.8/site-packages/f1tenth_controllers-0.0.0-py3.8.egg-info\n'}
[9.850570] (-) TimerEvent: {}
[9.854727] (f1tenth_controllers) StdoutLine: {'line': b'running install_scripts\n'}
[9.905596] (mapping) StdoutLine: {'line': b'Installing local_gradient_node script to /home/nvidia/f1tenth_ws/install/mapping/lib/mapping\n'}
[9.907160] (mapping) StdoutLine: {'line': b'Installing local_mapping_node script to /home/nvidia/f1tenth_ws/install/mapping/lib/mapping\n'}
[9.910146] (mapping) StdoutLine: {'line': b"writing list of installed files to '/home/nvidia/f1tenth_ws/build/mapping/install.log'\n"}
[9.950790] (-) TimerEvent: {}
[9.966301] (f1tenth_controllers) StdoutLine: {'line': b'Installing follow_the_gap_node script to /home/nvidia/f1tenth_ws/install/f1tenth_controllers/lib/f1tenth_controllers\n'}
[9.972343] (f1tenth_controllers) StdoutLine: {'line': b'Installing pure_pursuit_node script to /home/nvidia/f1tenth_ws/install/f1tenth_controllers/lib/f1tenth_controllers\n'}
[9.976610] (f1tenth_controllers) StdoutLine: {'line': b'Installing pure_pursuit_nodev2 script to /home/nvidia/f1tenth_ws/install/f1tenth_controllers/lib/f1tenth_controllers\n'}
[9.982916] (f1tenth_controllers) StdoutLine: {'line': b"writing list of installed files to '/home/nvidia/f1tenth_ws/build/f1tenth_controllers/install.log'\n"}
[10.051037] (-) TimerEvent: {}
[10.054650] (key_teleop) StdoutLine: {'line': b'running egg_info\n'}
[10.057379] (key_teleop) StdoutLine: {'line': b'creating ../../../../build/key_teleop/key_teleop.egg-info\n'}
[10.063248] (key_teleop) StdoutLine: {'line': b'writing ../../../../build/key_teleop/key_teleop.egg-info/PKG-INFO\n'}
[10.063924] (key_teleop) StdoutLine: {'line': b'writing dependency_links to ../../../../build/key_teleop/key_teleop.egg-info/dependency_links.txt\n'}
[10.065540] (key_teleop) StdoutLine: {'line': b'writing entry points to ../../../../build/key_teleop/key_teleop.egg-info/entry_points.txt\n'}
[10.066188] (key_teleop) StdoutLine: {'line': b'writing requirements to ../../../../build/key_teleop/key_teleop.egg-info/requires.txt\n'}
[10.066701] (key_teleop) StdoutLine: {'line': b'writing top-level names to ../../../../build/key_teleop/key_teleop.egg-info/top_level.txt\n'}
[10.067259] (key_teleop) StdoutLine: {'line': b"writing manifest file '../../../../build/key_teleop/key_teleop.egg-info/SOURCES.txt'\n"}
[10.067802] (key_teleop) StdoutLine: {'line': b"reading manifest file '../../../../build/key_teleop/key_teleop.egg-info/SOURCES.txt'\n"}
[10.068263] (key_teleop) StdoutLine: {'line': b"writing manifest file '../../../../build/key_teleop/key_teleop.egg-info/SOURCES.txt'\n"}
[10.068712] (key_teleop) StdoutLine: {'line': b'running build\n'}
[10.069127] (key_teleop) StdoutLine: {'line': b'running build_py\n'}
[10.069537] (key_teleop) StdoutLine: {'line': b'creating /home/nvidia/f1tenth_ws/build/key_teleop/build\n'}
[10.069959] (key_teleop) StdoutLine: {'line': b'creating /home/nvidia/f1tenth_ws/build/key_teleop/build/lib\n'}
[10.070376] (key_teleop) StdoutLine: {'line': b'creating /home/nvidia/f1tenth_ws/build/key_teleop/build/lib/key_teleop\n'}
[10.070956] (key_teleop) StdoutLine: {'line': b'copying key_teleop/key_teleop.py -> /home/nvidia/f1tenth_ws/build/key_teleop/build/lib/key_teleop\n'}
[10.075528] (key_teleop) StdoutLine: {'line': b'copying key_teleop/__init__.py -> /home/nvidia/f1tenth_ws/build/key_teleop/build/lib/key_teleop\n'}
[10.076010] (key_teleop) StdoutLine: {'line': b'running install\n'}
[10.076401] (key_teleop) StdoutLine: {'line': b'running install_lib\n'}
[10.076769] (key_teleop) StdoutLine: {'line': b'creating /home/nvidia/f1tenth_ws/install/key_teleop/lib/python3.8/site-packages/key_teleop\n'}
[10.077149] (key_teleop) StdoutLine: {'line': b'copying /home/nvidia/f1tenth_ws/build/key_teleop/build/lib/key_teleop/key_teleop.py -> /home/nvidia/f1tenth_ws/install/key_teleop/lib/python3.8/site-packages/key_teleop\n'}
[10.077545] (key_teleop) StdoutLine: {'line': b'copying /home/nvidia/f1tenth_ws/build/key_teleop/build/lib/key_teleop/__init__.py -> /home/nvidia/f1tenth_ws/install/key_teleop/lib/python3.8/site-packages/key_teleop\n'}
[10.078034] (key_teleop) StdoutLine: {'line': b'byte-compiling /home/nvidia/f1tenth_ws/install/key_teleop/lib/python3.8/site-packages/key_teleop/key_teleop.py to key_teleop.cpython-38.pyc\n'}
[10.085904] (key_teleop) StdoutLine: {'line': b'byte-compiling /home/nvidia/f1tenth_ws/install/key_teleop/lib/python3.8/site-packages/key_teleop/__init__.py to __init__.cpython-38.pyc\n'}
[10.086553] (key_teleop) StdoutLine: {'line': b'running install_data\n'}
[10.087026] (key_teleop) StdoutLine: {'line': b'copying package.xml -> /home/nvidia/f1tenth_ws/install/key_teleop/share/key_teleop\n'}
[10.087688] (key_teleop) StdoutLine: {'line': b'creating /home/nvidia/f1tenth_ws/install/key_teleop/share/key_teleop/config\n'}
[10.088786] (key_teleop) StdoutLine: {'line': b'copying config/key_teleop.yaml -> /home/nvidia/f1tenth_ws/install/key_teleop/share/key_teleop/config\n'}
[10.089198] (key_teleop) StdoutLine: {'line': b'creating /home/nvidia/f1tenth_ws/install/key_teleop/share/ament_index\n'}
[10.089581] (key_teleop) StdoutLine: {'line': b'creating /home/nvidia/f1tenth_ws/install/key_teleop/share/ament_index/resource_index\n'}
[10.089958] (key_teleop) StdoutLine: {'line': b'creating /home/nvidia/f1tenth_ws/install/key_teleop/share/ament_index/resource_index/packages\n'}
[10.090329] (key_teleop) StdoutLine: {'line': b'copying resource/key_teleop -> /home/nvidia/f1tenth_ws/install/key_teleop/share/ament_index/resource_index/packages\n'}
[10.090723] (key_teleop) StdoutLine: {'line': b'running install_egg_info\n'}
[10.091093] (key_teleop) StdoutLine: {'line': b'Copying ../../../../build/key_teleop/key_teleop.egg-info to /home/nvidia/f1tenth_ws/install/key_teleop/lib/python3.8/site-packages/key_teleop-0.3.0-py3.8.egg-info\n'}
[10.091572] (key_teleop) StdoutLine: {'line': b'running install_scripts\n'}
[10.091952] (key_teleop) StdoutLine: {'line': b'Installing key_teleop script to /home/nvidia/f1tenth_ws/install/key_teleop/lib/key_teleop\n'}
[10.092330] (key_teleop) StdoutLine: {'line': b"writing list of installed files to '/home/nvidia/f1tenth_ws/build/key_teleop/install.log'\n"}
[10.092731] (mapping) CommandEnded: {'returncode': 0}
[10.151491] (-) TimerEvent: {}
[10.193175] (mapping) JobEnded: {'identifier': 'mapping', 'rc': 0}
[10.195801] (key_teleop) CommandEnded: {'returncode': 0}
[10.244322] (key_teleop) JobEnded: {'identifier': 'key_teleop', 'rc': 0}
[10.252434] (mouse_teleop) JobStarted: {'identifier': 'mouse_teleop'}
[10.252896] (-) TimerEvent: {}
[10.314262] (new_map_saver) JobStarted: {'identifier': 'new_map_saver'}
[10.353210] (-) TimerEvent: {}
[10.396068] (f1tenth_controllers) CommandEnded: {'returncode': 0}
[10.452109] (f1tenth_controllers) JobEnded: {'identifier': 'f1tenth_controllers', 'rc': 0}
[10.454245] (-) TimerEvent: {}
[10.463001] (phasespace) JobStarted: {'identifier': 'phasespace'}
[10.497027] (ackermann_mux) StdoutLine: {'line': b'-- Looking for pthread.h - found\n'}
[10.500872] (ackermann_mux) StdoutLine: {'line': b'-- Performing Test CMAKE_HAVE_LIBC_PTHREAD\n'}
[10.566809] (-) TimerEvent: {}
[10.669923] (-) TimerEvent: {}
[10.772861] (-) TimerEvent: {}
[10.834021] (teleop_tools_msgs) StdoutLine: {'line': b'-- Found ament_cmake_ros: 0.9.2 (/opt/ros/foxy/share/ament_cmake_ros/cmake)\n'}
[10.873170] (-) TimerEvent: {}
[10.937693] (vesc_msgs) StdoutLine: {'line': b'-- Found ament_cmake_ros: 0.9.2 (/opt/ros/foxy/share/ament_cmake_ros/cmake)\n'}
[10.973413] (-) TimerEvent: {}
[11.074568] (-) TimerEvent: {}
[11.176155] (-) TimerEvent: {}
[11.277639] (-) TimerEvent: {}
[11.378913] (-) TimerEvent: {}
[11.480295] (-) TimerEvent: {}
[11.581595] (-) TimerEvent: {}
[11.682904] (-) TimerEvent: {}
[11.736901] (ackermann_mux) StdoutLine: {'line': b'-- Performing Test CMAKE_HAVE_LIBC_PTHREAD - Failed\n'}
[11.738508] (ackermann_mux) StdoutLine: {'line': b'-- Looking for pthread_create in pthreads\n'}
[11.783231] (-) TimerEvent: {}
[11.884286] (-) TimerEvent: {}
[11.985465] (-) TimerEvent: {}
[12.087990] (-) TimerEvent: {}
[12.188988] (-) TimerEvent: {}
[12.284996] (ackermann_mux) StdoutLine: {'line': b'-- Looking for pthread_create in pthreads - not found\n'}
[12.287229] (ackermann_mux) StdoutLine: {'line': b'-- Looking for pthread_create in pthread\n'}
[12.289233] (-) TimerEvent: {}
[12.323283] (teleop_tools_msgs) StdoutLine: {'line': b'-- Using all available rosidl_typesupport_c: rosidl_typesupport_fastrtps_c;rosidl_typesupport_introspection_c\n'}
[12.389577] (-) TimerEvent: {}
[12.491379] (-) TimerEvent: {}
[12.600618] (-) TimerEvent: {}
[12.651409] (teleop_tools_msgs) StdoutLine: {'line': b'-- Using all available rosidl_typesupport_cpp: rosidl_typesupport_fastrtps_cpp;rosidl_typesupport_introspection_cpp\n'}
[12.700658] (-) TimerEvent: {}
[12.802697] (-) TimerEvent: {}
[12.903916] (-) TimerEvent: {}
[12.910429] (teleop_tools_msgs) StdoutLine: {'line': b'-- Found PythonInterp: /usr/bin/python3 (found suitable version "3.8.10", minimum required is "3.5") \n'}
[12.942963] (ackermann_mux) StdoutLine: {'line': b'-- Looking for pthread_create in pthread - found\n'}
[12.951047] (teleop_tools_msgs) StdoutLine: {'line': b'-- Found python_cmake_module: 0.8.1 (/opt/ros/foxy/share/python_cmake_module/cmake)\n'}
[12.952051] (ackermann_mux) StdoutLine: {'line': b'-- Found Threads: TRUE  \n'}
[13.004121] (-) TimerEvent: {}
[13.108053] (-) TimerEvent: {}
[13.175031] (teleop_tools_msgs) StdoutLine: {'line': b'-- Found PythonLibs: /usr/lib/aarch64-linux-gnu/libpython3.8.so (found suitable version "3.8.10", minimum required is "3.5") \n'}
[13.177233] (teleop_tools_msgs) StdoutLine: {'line': b'-- Using PYTHON_EXECUTABLE: /usr/bin/python3\n'}
[13.178226] (teleop_tools_msgs) StdoutLine: {'line': b'-- Using PYTHON_INCLUDE_DIRS: /usr/include/python3.8\n'}
[13.179579] (teleop_tools_msgs) StdoutLine: {'line': b'-- Using PYTHON_LIBRARIES: /usr/lib/aarch64-linux-gnu/libpython3.8.so\n'}
[13.208318] (-) TimerEvent: {}
[13.311060] (-) TimerEvent: {}
[13.354816] (vesc_msgs) StdoutLine: {'line': b'-- Using all available rosidl_typesupport_c: rosidl_typesupport_fastrtps_c;rosidl_typesupport_introspection_c\n'}
[13.390141] (teleop_tools_msgs) StdoutLine: {'line': b'-- Found PythonExtra: .so  \n'}
[13.411401] (-) TimerEvent: {}
[13.512667] (-) TimerEvent: {}
[13.614401] (-) TimerEvent: {}
[13.715640] (-) TimerEvent: {}
[13.816987] (-) TimerEvent: {}
[13.905100] (teleop_tools_msgs) StdoutLine: {'line': b"-- Added test 'copyright' to check source files copyright and LICENSE\n"}
[13.917298] (-) TimerEvent: {}
[13.924842] (teleop_tools_msgs) StdoutLine: {'line': b"-- Added test 'lint_cmake' to check CMake code style\n"}
[13.937967] (teleop_tools_msgs) StdoutLine: {'line': b"-- Added test 'xmllint' to check XML markup files\n"}
[14.015714] (teleop_tools_msgs) StdoutLine: {'line': b'-- Configuring done\n'}
[14.017466] (-) TimerEvent: {}
[14.119054] (-) TimerEvent: {}
[14.220933] (-) TimerEvent: {}
[14.322598] (-) TimerEvent: {}
[14.424600] (-) TimerEvent: {}
[14.476335] (teleop_tools_msgs) StdoutLine: {'line': b'-- Generating done\n'}
[14.501433] (ackermann_mux) StdoutLine: {'line': b'-- Found ackermann_msgs: 2.0.2 (/opt/ros/foxy/share/ackermann_msgs/cmake)\n'}
[14.512382] (teleop_tools_msgs) StdoutLine: {'line': b'-- Build files have been written to: /home/nvidia/f1tenth_ws/build/teleop_tools_msgs\n'}
[14.525120] (-) TimerEvent: {}
[14.630343] (-) TimerEvent: {}
[14.684530] (vesc_msgs) StdoutLine: {'line': b'-- Using all available rosidl_typesupport_cpp: rosidl_typesupport_fastrtps_cpp;rosidl_typesupport_introspection_cpp\n'}
[14.730212] (-) TimerEvent: {}
[14.795764] (ackermann_mux) StdoutLine: {'line': b'-- Found diagnostic_updater: 3.1.2 (/opt/ros/foxy/share/diagnostic_updater/cmake)\n'}
[14.830495] (-) TimerEvent: {}
[14.869966] (vesc_msgs) StdoutLine: {'line': b'-- Found PythonInterp: /usr/bin/python3 (found suitable version "3.8.10", minimum required is "3.5") \n'}
[14.886173] (vesc_msgs) StdoutLine: {'line': b'-- Found python_cmake_module: 0.8.1 (/opt/ros/foxy/share/python_cmake_module/cmake)\n'}
[14.930787] (-) TimerEvent: {}
[15.031960] (-) TimerEvent: {}
[15.104769] (vesc_msgs) StdoutLine: {'line': b'-- Found PythonLibs: /usr/lib/aarch64-linux-gnu/libpython3.8.so (found suitable version "3.8.10", minimum required is "3.5") \n'}
[15.109219] (vesc_msgs) StdoutLine: {'line': b'-- Using PYTHON_EXECUTABLE: /usr/bin/python3\n'}
[15.112133] (vesc_msgs) StdoutLine: {'line': b'-- Using PYTHON_INCLUDE_DIRS: /usr/include/python3.8\n'}
[15.112935] (vesc_msgs) StdoutLine: {'line': b'-- Using PYTHON_LIBRARIES: /usr/lib/aarch64-linux-gnu/libpython3.8.so\n'}
[15.132227] (-) TimerEvent: {}
[15.235224] (-) TimerEvent: {}
[15.294469] (vesc_msgs) StdoutLine: {'line': b'-- Found PythonExtra: .so  \n'}
[15.335391] (-) TimerEvent: {}
[15.357440] (ackermann_mux) StdoutLine: {'line': b'-- Found ament_lint_auto: 0.9.8 (/opt/ros/foxy/share/ament_lint_auto/cmake)\n'}
[15.435666] (-) TimerEvent: {}
[15.536788] (-) TimerEvent: {}
[15.637868] (-) TimerEvent: {}
[15.739266] (-) TimerEvent: {}
[15.840443] (-) TimerEvent: {}
[15.941592] (-) TimerEvent: {}
[15.951862] (vesc_msgs) StdoutLine: {'line': b'-- Found ament_lint_auto: 0.9.8 (/opt/ros/foxy/share/ament_lint_auto/cmake)\n'}
[16.025574] (ackermann_mux) StdoutLine: {'line': b'-- Found python_cmake_module: 0.8.1 (/opt/ros/foxy/share/python_cmake_module/cmake)\n'}
[16.041951] (-) TimerEvent: {}
[16.142012] (vesc_msgs) StdoutLine: {'line': b"-- Added test 'copyright' to check source files copyright and LICENSE\n"}
[16.148464] (-) TimerEvent: {}
[16.168184] (vesc_msgs) StdoutLine: {'line': b"-- Added test 'lint_cmake' to check CMake code style\n"}
[16.178877] (ackermann_mux) StdoutLine: {'line': b'-- Found PythonInterp: /usr/bin/python3 (found suitable version "3.8.10", minimum required is "3.5") \n'}
[16.190495] (vesc_msgs) StdoutLine: {'line': b"-- Added test 'xmllint' to check XML markup files\n"}
[16.238030] (vesc_msgs) StdoutLine: {'line': b'-- Configuring done\n'}
[16.250359] (-) TimerEvent: {}
[16.252669] (ackermann_mux) StdoutLine: {'line': b'-- Found PythonLibs: /usr/lib/aarch64-linux-gnu/libpython3.8.so (found suitable version "3.8.10", minimum required is "3.5") \n'}
[16.254432] (ackermann_mux) StdoutLine: {'line': b'-- Using PYTHON_EXECUTABLE: /usr/bin/python3\n'}
[16.254924] (ackermann_mux) StdoutLine: {'line': b'-- Using PYTHON_INCLUDE_DIRS: /usr/include/python3.8\n'}
[16.256649] (ackermann_mux) StdoutLine: {'line': b'-- Using PYTHON_LIBRARIES: /usr/lib/aarch64-linux-gnu/libpython3.8.so\n'}
[16.309758] (teleop_tools_msgs) CommandEnded: {'returncode': 0}
[16.316499] (teleop_tools_msgs) JobProgress: {'identifier': 'teleop_tools_msgs', 'progress': 'build'}
[16.324658] (teleop_tools_msgs) Command: {'cmd': ['/usr/bin/cmake', '--build', '/home/nvidia/f1tenth_ws/build/teleop_tools_msgs', '--', '-j6', '-l6'], 'cwd': '/home/nvidia/f1tenth_ws/build/teleop_tools_msgs', 'env': OrderedDict([('LESSOPEN', '| /usr/bin/lesspipe %s'), ('USER', 'nvidia'), ('SSH_CLIENT', '10.131.67.141 46114 22'), ('XDG_SESSION_TYPE', 'tty'), ('SHLVL', '1'), ('LD_LIBRARY_PATH', '//home/nvidia/f1tenth_ws/install/vesc_driver/lib://home/nvidia/f1tenth_ws/install/vesc_ackermann/lib://home/nvidia/f1tenth_ws/install/vesc_msgs/lib://home/nvidia/f1tenth_ws/install/teleop_tools_msgs/lib:/usr/lib/aarch64-linux-gnu/gazebo-11/plugins:/opt/ros/foxy/opt/yaml_cpp_vendor/lib:/opt/ros/foxy/opt/rviz_ogre_vendor/lib:/opt/ros/foxy/lib/aarch64-linux-gnu:/opt/ros/foxy/lib:/usr/local/cuda-11.4/lib64:'), ('MOTD_SHOWN', 'pam'), ('HOME', '/home/nvidia'), ('OLDPWD', '/home/nvidia'), ('SSH_TTY', '/dev/pts/4'), ('ROS_PYTHON_VERSION', '3'), ('DBUS_SESSION_BUS_ADDRESS', 'unix:path=/run/user/1000/bus'), ('COLCON_PREFIX_PATH', '//home/nvidia/f1tenth_ws/install'), ('ROS_DISTRO', 'foxy'), ('LOGNAME', 'nvidia'), ('_', '/usr/bin/colcon'), ('ROS_VERSION', '2'), ('XDG_SESSION_CLASS', 'user'), ('TERM', 'xterm-256color'), ('XDG_SESSION_ID', '15'), ('GAZEBO_MODEL_PATH', ':/opt/ros/foxy/share/turtlebot3_gazebo/models'), ('ROS_LOCALHOST_ONLY', '0'), ('PATH', '/home/nvidia/.local/bin:/opt/ros/foxy/bin:/usr/local/cuda-11.4/bin:/usr/local/sbin:/usr/local/bin:/usr/sbin:/usr/bin:/sbin:/bin:/usr/games:/usr/local/games:/snap/bin'), ('XDG_RUNTIME_DIR', '/run/user/1000'), ('LANG', 'en_US.UTF-8'), ('LS_COLORS', 'rs=0:di=01;34:ln=01;36:mh=00:pi=40;33:so=01;35:do=01;35:bd=40;33;01:cd=40;33;01:or=40;31;01:mi=00:su=37;41:sg=30;43:ca=30;41:tw=30;42:ow=34;42:st=37;44:ex=01;32:*.tar=01;31:*.tgz=01;31:*.arc=01;31:*.arj=01;31:*.taz=01;31:*.lha=01;31:*.lz4=01;31:*.lzh=01;31:*.lzma=01;31:*.tlz=01;31:*.txz=01;31:*.tzo=01;31:*.t7z=01;31:*.zip=01;31:*.z=01;31:*.dz=01;31:*.gz=01;31:*.lrz=01;31:*.lz=01;31:*.lzo=01;31:*.xz=01;31:*.zst=01;31:*.tzst=01;31:*.bz2=01;31:*.bz=01;31:*.tbz=01;31:*.tbz2=01;31:*.tz=01;31:*.deb=01;31:*.rpm=01;31:*.jar=01;31:*.war=01;31:*.ear=01;31:*.sar=01;31:*.rar=01;31:*.alz=01;31:*.ace=01;31:*.zoo=01;31:*.cpio=01;31:*.7z=01;31:*.rz=01;31:*.cab=01;31:*.wim=01;31:*.swm=01;31:*.dwm=01;31:*.esd=01;31:*.jpg=01;35:*.jpeg=01;35:*.mjpg=01;35:*.mjpeg=01;35:*.gif=01;35:*.bmp=01;35:*.pbm=01;35:*.pgm=01;35:*.ppm=01;35:*.tga=01;35:*.xbm=01;35:*.xpm=01;35:*.tif=01;35:*.tiff=01;35:*.png=01;35:*.svg=01;35:*.svgz=01;35:*.mng=01;35:*.pcx=01;35:*.mov=01;35:*.mpg=01;35:*.mpeg=01;35:*.m2v=01;35:*.mkv=01;35:*.webm=01;35:*.ogm=01;35:*.mp4=01;35:*.m4v=01;35:*.mp4v=01;35:*.vob=01;35:*.qt=01;35:*.nuv=01;35:*.wmv=01;35:*.asf=01;35:*.rm=01;35:*.rmvb=01;35:*.flc=01;35:*.avi=01;35:*.fli=01;35:*.flv=01;35:*.gl=01;35:*.dl=01;35:*.xcf=01;35:*.xwd=01;35:*.yuv=01;35:*.cgm=01;35:*.emf=01;35:*.ogv=01;35:*.ogx=01;35:*.aac=00;36:*.au=00;36:*.flac=00;36:*.m4a=00;36:*.mid=00;36:*.midi=00;36:*.mka=00;36:*.mp3=00;36:*.mpc=00;36:*.ogg=00;36:*.ra=00;36:*.wav=00;36:*.oga=00;36:*.opus=00;36:*.spx=00;36:*.xspf=00;36:'), ('ROS_DOMAIN_ID', '10'), ('AMENT_PREFIX_PATH', '//home/nvidia/f1tenth_ws/install/f1tenth_stack://home/nvidia/f1tenth_ws/install/vesc://home/nvidia/f1tenth_ws/install/vesc_driver://home/nvidia/f1tenth_ws/install/vesc_ackermann://home/nvidia/f1tenth_ws/install/vesc_msgs://home/nvidia/f1tenth_ws/install/teleop_tools://home/nvidia/f1tenth_ws/install/joy_teleop://home/nvidia/f1tenth_ws/install/teleop_tools_msgs://home/nvidia/f1tenth_ws/install/pure_pursuit://home/nvidia/f1tenth_ws/install/phasespace://home/nvidia/f1tenth_ws/install/new_map_saver://home/nvidia/f1tenth_ws/install/mouse_teleop://home/nvidia/f1tenth_ws/install/mapping://home/nvidia/f1tenth_ws/install/key_teleop://home/nvidia/f1tenth_ws/install/f1tenth_controllers://home/nvidia/f1tenth_ws/install/ackermann_mux:/opt/ros/foxy'), ('SHELL', '/bin/bash'), ('LESSCLOSE', '/usr/bin/lesspipe %s %s'), ('PWD', '/home/nvidia/f1tenth_ws/build/teleop_tools_msgs'), ('TURTLEBOT3_MODEL', 'waffle'), ('LC_ALL', 'en_US.UTF-8'), ('SSH_CONNECTION', '10.131.67.141 46114 10.131.142.84 22'), ('XDG_DATA_DIRS', '/usr/local/share:/usr/share:/var/lib/snapd/desktop'), ('PYTHONPATH', '//home/nvidia/f1tenth_ws/install/f1tenth_stack/lib/python3.8/site-packages://home/nvidia/f1tenth_ws/install/vesc_msgs/lib/python3.8/site-packages://home/nvidia/f1tenth_ws/install/joy_teleop/lib/python3.8/site-packages://home/nvidia/f1tenth_ws/install/teleop_tools_msgs/lib/python3.8/site-packages://home/nvidia/f1tenth_ws/install/phasespace/lib/python3.8/site-packages://home/nvidia/f1tenth_ws/install/new_map_saver/lib/python3.8/site-packages://home/nvidia/f1tenth_ws/install/mouse_teleop/lib/python3.8/site-packages://home/nvidia/f1tenth_ws/install/mapping/lib/python3.8/site-packages://home/nvidia/f1tenth_ws/install/key_teleop/lib/python3.8/site-packages://home/nvidia/f1tenth_ws/install/f1tenth_controllers/lib/python3.8/site-packages:/opt/ros/foxy/lib/python3.8/site-packages'), ('COLCON', '1'), ('CMAKE_PREFIX_PATH', '//home/nvidia/f1tenth_ws/install/vesc://home/nvidia/f1tenth_ws/install/vesc_driver://home/nvidia/f1tenth_ws/install/vesc_ackermann://home/nvidia/f1tenth_ws/install/vesc_msgs://home/nvidia/f1tenth_ws/install/teleop_tools://home/nvidia/f1tenth_ws/install/teleop_tools_msgs://home/nvidia/f1tenth_ws/install/pure_pursuit://home/nvidia/f1tenth_ws/install/ackermann_mux://home/nvidia/f1tenth_ws/install/f1tenth_stack://home/nvidia/f1tenth_ws/install/joy_teleop://home/nvidia/f1tenth_ws/install/phasespace://home/nvidia/f1tenth_ws/install/new_map_saver://home/nvidia/f1tenth_ws/install/mouse_teleop://home/nvidia/f1tenth_ws/install/mapping://home/nvidia/f1tenth_ws/install/key_teleop://home/nvidia/f1tenth_ws/install/f1tenth_controllers:/opt/ros/foxy')]), 'shell': False}
[16.351550] (-) TimerEvent: {}
[16.456085] (-) TimerEvent: {}
[16.558893] (-) TimerEvent: {}
[16.563443] (teleop_tools_msgs) StdoutLine: {'line': b'-- Found ament_cmake: 0.9.12 (/opt/ros/foxy/share/ament_cmake/cmake)\n'}
[16.566727] (ackermann_mux) StdoutLine: {'line': b'-- Found PythonExtra: .so  \n'}
[16.659113] (-) TimerEvent: {}
[16.760265] (-) TimerEvent: {}
[16.769190] (ackermann_mux) StdoutLine: {'line': b"-- Added test 'xmllint' to check XML markup files\n"}
[16.791697] (ackermann_mux) StdoutLine: {'line': b"-- Added test 'copyright' to check source files copyright and LICENSE\n"}
[16.818246] (ackermann_mux) StdoutLine: {'line': b"-- Added test 'cppcheck' to perform static code analysis on C / C++ code\n"}
[16.829599] (ackermann_mux) StdoutLine: {'line': b'-- Configured cppcheck include dirs: /home/nvidia/f1tenth_ws/src/f1tenth_system/ackermann_mux/include\n'}
[16.830471] (ackermann_mux) StdoutLine: {'line': b'-- Configured cppcheck exclude dirs and/or files: \n'}
[16.860535] (-) TimerEvent: {}
[16.862017] (ackermann_mux) StdoutLine: {'line': b"-- Added test 'cpplint' to check C / C++ code against the Google style\n"}
[16.862923] (ackermann_mux) StdoutLine: {'line': b'-- Configured cpplint exclude dirs and/or files: \n'}
[16.872210] (ackermann_mux) StdoutLine: {'line': b"-- Added test 'flake8' to check Python code syntax and style conventions\n"}
[16.874449] (teleop_tools_msgs) StdoutLine: {'line': b'-- Found PythonInterp: /usr/bin/python3 (found suitable version "3.8.10", minimum required is "3") \n'}
[16.875569] (teleop_tools_msgs) StdoutLine: {'line': b'-- Using PYTHON_EXECUTABLE: /usr/bin/python3\n'}
[16.892647] (ackermann_mux) StdoutLine: {'line': b"-- Added test 'lint_cmake' to check CMake code style\n"}
[16.902390] (ackermann_mux) StdoutLine: {'line': b"-- Added test 'pep257' to check Python code against some of the style conventions in PEP 257\n"}
[16.929569] (ackermann_mux) StdoutLine: {'line': b"-- Added test 'uncrustify' to check C / C++ code style\n"}
[16.930396] (ackermann_mux) StdoutLine: {'line': b'-- Configured uncrustify additional arguments: \n'}
[16.939292] (vesc_msgs) StdoutLine: {'line': b'-- Generating done\n'}
[16.960802] (-) TimerEvent: {}
[16.979637] (vesc_msgs) StdoutLine: {'line': b'-- Build files have been written to: /home/nvidia/f1tenth_ws/build/vesc_msgs\n'}
[17.011523] (ackermann_mux) StdoutLine: {'line': b'-- Configuring done\n'}
[17.061092] (-) TimerEvent: {}
[17.096708] (ackermann_mux) StdoutLine: {'line': b'-- Generating done\n'}
[17.117859] (ackermann_mux) StdoutLine: {'line': b'-- Build files have been written to: /home/nvidia/f1tenth_ws/build/ackermann_mux\n'}
[17.158874] (vesc_msgs) CommandEnded: {'returncode': 0}
[17.166326] (-) TimerEvent: {}
[17.168199] (vesc_msgs) JobProgress: {'identifier': 'vesc_msgs', 'progress': 'build'}
[17.168544] (vesc_msgs) Command: {'cmd': ['/usr/bin/cmake', '--build', '/home/nvidia/f1tenth_ws/build/vesc_msgs', '--', '-j6', '-l6'], 'cwd': '/home/nvidia/f1tenth_ws/build/vesc_msgs', 'env': OrderedDict([('LESSOPEN', '| /usr/bin/lesspipe %s'), ('USER', 'nvidia'), ('SSH_CLIENT', '10.131.67.141 46114 22'), ('XDG_SESSION_TYPE', 'tty'), ('SHLVL', '1'), ('LD_LIBRARY_PATH', '//home/nvidia/f1tenth_ws/install/vesc_driver/lib://home/nvidia/f1tenth_ws/install/vesc_ackermann/lib://home/nvidia/f1tenth_ws/install/vesc_msgs/lib://home/nvidia/f1tenth_ws/install/teleop_tools_msgs/lib:/usr/lib/aarch64-linux-gnu/gazebo-11/plugins:/opt/ros/foxy/opt/yaml_cpp_vendor/lib:/opt/ros/foxy/opt/rviz_ogre_vendor/lib:/opt/ros/foxy/lib/aarch64-linux-gnu:/opt/ros/foxy/lib:/usr/local/cuda-11.4/lib64:'), ('MOTD_SHOWN', 'pam'), ('HOME', '/home/nvidia'), ('OLDPWD', '/home/nvidia'), ('SSH_TTY', '/dev/pts/4'), ('ROS_PYTHON_VERSION', '3'), ('DBUS_SESSION_BUS_ADDRESS', 'unix:path=/run/user/1000/bus'), ('COLCON_PREFIX_PATH', '//home/nvidia/f1tenth_ws/install'), ('ROS_DISTRO', 'foxy'), ('LOGNAME', 'nvidia'), ('_', '/usr/bin/colcon'), ('ROS_VERSION', '2'), ('XDG_SESSION_CLASS', 'user'), ('TERM', 'xterm-256color'), ('XDG_SESSION_ID', '15'), ('GAZEBO_MODEL_PATH', ':/opt/ros/foxy/share/turtlebot3_gazebo/models'), ('ROS_LOCALHOST_ONLY', '0'), ('PATH', '/home/nvidia/.local/bin:/opt/ros/foxy/bin:/usr/local/cuda-11.4/bin:/usr/local/sbin:/usr/local/bin:/usr/sbin:/usr/bin:/sbin:/bin:/usr/games:/usr/local/games:/snap/bin'), ('XDG_RUNTIME_DIR', '/run/user/1000'), ('LANG', 'en_US.UTF-8'), ('LS_COLORS', 'rs=0:di=01;34:ln=01;36:mh=00:pi=40;33:so=01;35:do=01;35:bd=40;33;01:cd=40;33;01:or=40;31;01:mi=00:su=37;41:sg=30;43:ca=30;41:tw=30;42:ow=34;42:st=37;44:ex=01;32:*.tar=01;31:*.tgz=01;31:*.arc=01;31:*.arj=01;31:*.taz=01;31:*.lha=01;31:*.lz4=01;31:*.lzh=01;31:*.lzma=01;31:*.tlz=01;31:*.txz=01;31:*.tzo=01;31:*.t7z=01;31:*.zip=01;31:*.z=01;31:*.dz=01;31:*.gz=01;31:*.lrz=01;31:*.lz=01;31:*.lzo=01;31:*.xz=01;31:*.zst=01;31:*.tzst=01;31:*.bz2=01;31:*.bz=01;31:*.tbz=01;31:*.tbz2=01;31:*.tz=01;31:*.deb=01;31:*.rpm=01;31:*.jar=01;31:*.war=01;31:*.ear=01;31:*.sar=01;31:*.rar=01;31:*.alz=01;31:*.ace=01;31:*.zoo=01;31:*.cpio=01;31:*.7z=01;31:*.rz=01;31:*.cab=01;31:*.wim=01;31:*.swm=01;31:*.dwm=01;31:*.esd=01;31:*.jpg=01;35:*.jpeg=01;35:*.mjpg=01;35:*.mjpeg=01;35:*.gif=01;35:*.bmp=01;35:*.pbm=01;35:*.pgm=01;35:*.ppm=01;35:*.tga=01;35:*.xbm=01;35:*.xpm=01;35:*.tif=01;35:*.tiff=01;35:*.png=01;35:*.svg=01;35:*.svgz=01;35:*.mng=01;35:*.pcx=01;35:*.mov=01;35:*.mpg=01;35:*.mpeg=01;35:*.m2v=01;35:*.mkv=01;35:*.webm=01;35:*.ogm=01;35:*.mp4=01;35:*.m4v=01;35:*.mp4v=01;35:*.vob=01;35:*.qt=01;35:*.nuv=01;35:*.wmv=01;35:*.asf=01;35:*.rm=01;35:*.rmvb=01;35:*.flc=01;35:*.avi=01;35:*.fli=01;35:*.flv=01;35:*.gl=01;35:*.dl=01;35:*.xcf=01;35:*.xwd=01;35:*.yuv=01;35:*.cgm=01;35:*.emf=01;35:*.ogv=01;35:*.ogx=01;35:*.aac=00;36:*.au=00;36:*.flac=00;36:*.m4a=00;36:*.mid=00;36:*.midi=00;36:*.mka=00;36:*.mp3=00;36:*.mpc=00;36:*.ogg=00;36:*.ra=00;36:*.wav=00;36:*.oga=00;36:*.opus=00;36:*.spx=00;36:*.xspf=00;36:'), ('ROS_DOMAIN_ID', '10'), ('AMENT_PREFIX_PATH', '//home/nvidia/f1tenth_ws/install/f1tenth_stack://home/nvidia/f1tenth_ws/install/vesc://home/nvidia/f1tenth_ws/install/vesc_driver://home/nvidia/f1tenth_ws/install/vesc_ackermann://home/nvidia/f1tenth_ws/install/vesc_msgs://home/nvidia/f1tenth_ws/install/teleop_tools://home/nvidia/f1tenth_ws/install/joy_teleop://home/nvidia/f1tenth_ws/install/teleop_tools_msgs://home/nvidia/f1tenth_ws/install/pure_pursuit://home/nvidia/f1tenth_ws/install/phasespace://home/nvidia/f1tenth_ws/install/new_map_saver://home/nvidia/f1tenth_ws/install/mouse_teleop://home/nvidia/f1tenth_ws/install/mapping://home/nvidia/f1tenth_ws/install/key_teleop://home/nvidia/f1tenth_ws/install/f1tenth_controllers://home/nvidia/f1tenth_ws/install/ackermann_mux:/opt/ros/foxy'), ('SHELL', '/bin/bash'), ('LESSCLOSE', '/usr/bin/lesspipe %s %s'), ('PWD', '/home/nvidia/f1tenth_ws/build/vesc_msgs'), ('TURTLEBOT3_MODEL', 'waffle'), ('LC_ALL', 'en_US.UTF-8'), ('SSH_CONNECTION', '10.131.67.141 46114 10.131.142.84 22'), ('XDG_DATA_DIRS', '/usr/local/share:/usr/share:/var/lib/snapd/desktop'), ('PYTHONPATH', '//home/nvidia/f1tenth_ws/install/f1tenth_stack/lib/python3.8/site-packages://home/nvidia/f1tenth_ws/install/vesc_msgs/lib/python3.8/site-packages://home/nvidia/f1tenth_ws/install/joy_teleop/lib/python3.8/site-packages://home/nvidia/f1tenth_ws/install/teleop_tools_msgs/lib/python3.8/site-packages://home/nvidia/f1tenth_ws/install/phasespace/lib/python3.8/site-packages://home/nvidia/f1tenth_ws/install/new_map_saver/lib/python3.8/site-packages://home/nvidia/f1tenth_ws/install/mouse_teleop/lib/python3.8/site-packages://home/nvidia/f1tenth_ws/install/mapping/lib/python3.8/site-packages://home/nvidia/f1tenth_ws/install/key_teleop/lib/python3.8/site-packages://home/nvidia/f1tenth_ws/install/f1tenth_controllers/lib/python3.8/site-packages:/opt/ros/foxy/lib/python3.8/site-packages'), ('COLCON', '1'), ('CMAKE_PREFIX_PATH', '//home/nvidia/f1tenth_ws/install/vesc://home/nvidia/f1tenth_ws/install/vesc_driver://home/nvidia/f1tenth_ws/install/vesc_ackermann://home/nvidia/f1tenth_ws/install/vesc_msgs://home/nvidia/f1tenth_ws/install/teleop_tools://home/nvidia/f1tenth_ws/install/teleop_tools_msgs://home/nvidia/f1tenth_ws/install/pure_pursuit://home/nvidia/f1tenth_ws/install/ackermann_mux://home/nvidia/f1tenth_ws/install/f1tenth_stack://home/nvidia/f1tenth_ws/install/joy_teleop://home/nvidia/f1tenth_ws/install/phasespace://home/nvidia/f1tenth_ws/install/new_map_saver://home/nvidia/f1tenth_ws/install/mouse_teleop://home/nvidia/f1tenth_ws/install/mapping://home/nvidia/f1tenth_ws/install/key_teleop://home/nvidia/f1tenth_ws/install/f1tenth_controllers:/opt/ros/foxy')]), 'shell': False}
[17.204880] (ackermann_mux) CommandEnded: {'returncode': 0}
[17.219366] (ackermann_mux) JobProgress: {'identifier': 'ackermann_mux', 'progress': 'build'}
[17.221182] (ackermann_mux) Command: {'cmd': ['/usr/bin/cmake', '--build', '/home/nvidia/f1tenth_ws/build/ackermann_mux', '--', '-j6', '-l6'], 'cwd': '/home/nvidia/f1tenth_ws/build/ackermann_mux', 'env': OrderedDict([('LESSOPEN', '| /usr/bin/lesspipe %s'), ('USER', 'nvidia'), ('SSH_CLIENT', '10.131.67.141 46114 22'), ('XDG_SESSION_TYPE', 'tty'), ('SHLVL', '1'), ('LD_LIBRARY_PATH', '//home/nvidia/f1tenth_ws/install/vesc_driver/lib://home/nvidia/f1tenth_ws/install/vesc_ackermann/lib://home/nvidia/f1tenth_ws/install/vesc_msgs/lib://home/nvidia/f1tenth_ws/install/teleop_tools_msgs/lib:/usr/lib/aarch64-linux-gnu/gazebo-11/plugins:/opt/ros/foxy/opt/yaml_cpp_vendor/lib:/opt/ros/foxy/opt/rviz_ogre_vendor/lib:/opt/ros/foxy/lib/aarch64-linux-gnu:/opt/ros/foxy/lib:/usr/local/cuda-11.4/lib64:'), ('MOTD_SHOWN', 'pam'), ('HOME', '/home/nvidia'), ('OLDPWD', '/home/nvidia'), ('SSH_TTY', '/dev/pts/4'), ('ROS_PYTHON_VERSION', '3'), ('DBUS_SESSION_BUS_ADDRESS', 'unix:path=/run/user/1000/bus'), ('COLCON_PREFIX_PATH', '//home/nvidia/f1tenth_ws/install'), ('ROS_DISTRO', 'foxy'), ('LOGNAME', 'nvidia'), ('_', '/usr/bin/colcon'), ('ROS_VERSION', '2'), ('XDG_SESSION_CLASS', 'user'), ('TERM', 'xterm-256color'), ('XDG_SESSION_ID', '15'), ('GAZEBO_MODEL_PATH', ':/opt/ros/foxy/share/turtlebot3_gazebo/models'), ('ROS_LOCALHOST_ONLY', '0'), ('PATH', '/home/nvidia/.local/bin:/opt/ros/foxy/bin:/usr/local/cuda-11.4/bin:/usr/local/sbin:/usr/local/bin:/usr/sbin:/usr/bin:/sbin:/bin:/usr/games:/usr/local/games:/snap/bin'), ('XDG_RUNTIME_DIR', '/run/user/1000'), ('LANG', 'en_US.UTF-8'), ('LS_COLORS', 'rs=0:di=01;34:ln=01;36:mh=00:pi=40;33:so=01;35:do=01;35:bd=40;33;01:cd=40;33;01:or=40;31;01:mi=00:su=37;41:sg=30;43:ca=30;41:tw=30;42:ow=34;42:st=37;44:ex=01;32:*.tar=01;31:*.tgz=01;31:*.arc=01;31:*.arj=01;31:*.taz=01;31:*.lha=01;31:*.lz4=01;31:*.lzh=01;31:*.lzma=01;31:*.tlz=01;31:*.txz=01;31:*.tzo=01;31:*.t7z=01;31:*.zip=01;31:*.z=01;31:*.dz=01;31:*.gz=01;31:*.lrz=01;31:*.lz=01;31:*.lzo=01;31:*.xz=01;31:*.zst=01;31:*.tzst=01;31:*.bz2=01;31:*.bz=01;31:*.tbz=01;31:*.tbz2=01;31:*.tz=01;31:*.deb=01;31:*.rpm=01;31:*.jar=01;31:*.war=01;31:*.ear=01;31:*.sar=01;31:*.rar=01;31:*.alz=01;31:*.ace=01;31:*.zoo=01;31:*.cpio=01;31:*.7z=01;31:*.rz=01;31:*.cab=01;31:*.wim=01;31:*.swm=01;31:*.dwm=01;31:*.esd=01;31:*.jpg=01;35:*.jpeg=01;35:*.mjpg=01;35:*.mjpeg=01;35:*.gif=01;35:*.bmp=01;35:*.pbm=01;35:*.pgm=01;35:*.ppm=01;35:*.tga=01;35:*.xbm=01;35:*.xpm=01;35:*.tif=01;35:*.tiff=01;35:*.png=01;35:*.svg=01;35:*.svgz=01;35:*.mng=01;35:*.pcx=01;35:*.mov=01;35:*.mpg=01;35:*.mpeg=01;35:*.m2v=01;35:*.mkv=01;35:*.webm=01;35:*.ogm=01;35:*.mp4=01;35:*.m4v=01;35:*.mp4v=01;35:*.vob=01;35:*.qt=01;35:*.nuv=01;35:*.wmv=01;35:*.asf=01;35:*.rm=01;35:*.rmvb=01;35:*.flc=01;35:*.avi=01;35:*.fli=01;35:*.flv=01;35:*.gl=01;35:*.dl=01;35:*.xcf=01;35:*.xwd=01;35:*.yuv=01;35:*.cgm=01;35:*.emf=01;35:*.ogv=01;35:*.ogx=01;35:*.aac=00;36:*.au=00;36:*.flac=00;36:*.m4a=00;36:*.mid=00;36:*.midi=00;36:*.mka=00;36:*.mp3=00;36:*.mpc=00;36:*.ogg=00;36:*.ra=00;36:*.wav=00;36:*.oga=00;36:*.opus=00;36:*.spx=00;36:*.xspf=00;36:'), ('ROS_DOMAIN_ID', '10'), ('AMENT_PREFIX_PATH', '//home/nvidia/f1tenth_ws/install/f1tenth_stack://home/nvidia/f1tenth_ws/install/vesc://home/nvidia/f1tenth_ws/install/vesc_driver://home/nvidia/f1tenth_ws/install/vesc_ackermann://home/nvidia/f1tenth_ws/install/vesc_msgs://home/nvidia/f1tenth_ws/install/teleop_tools://home/nvidia/f1tenth_ws/install/joy_teleop://home/nvidia/f1tenth_ws/install/teleop_tools_msgs://home/nvidia/f1tenth_ws/install/pure_pursuit://home/nvidia/f1tenth_ws/install/phasespace://home/nvidia/f1tenth_ws/install/new_map_saver://home/nvidia/f1tenth_ws/install/mouse_teleop://home/nvidia/f1tenth_ws/install/mapping://home/nvidia/f1tenth_ws/install/key_teleop://home/nvidia/f1tenth_ws/install/f1tenth_controllers://home/nvidia/f1tenth_ws/install/ackermann_mux:/opt/ros/foxy'), ('SHELL', '/bin/bash'), ('LESSCLOSE', '/usr/bin/lesspipe %s %s'), ('PWD', '/home/nvidia/f1tenth_ws/build/ackermann_mux'), ('TURTLEBOT3_MODEL', 'waffle'), ('LC_ALL', 'en_US.UTF-8'), ('SSH_CONNECTION', '10.131.67.141 46114 10.131.142.84 22'), ('XDG_DATA_DIRS', '/usr/local/share:/usr/share:/var/lib/snapd/desktop'), ('PYTHONPATH', '//home/nvidia/f1tenth_ws/install/f1tenth_stack/lib/python3.8/site-packages://home/nvidia/f1tenth_ws/install/vesc_msgs/lib/python3.8/site-packages://home/nvidia/f1tenth_ws/install/joy_teleop/lib/python3.8/site-packages://home/nvidia/f1tenth_ws/install/teleop_tools_msgs/lib/python3.8/site-packages://home/nvidia/f1tenth_ws/install/phasespace/lib/python3.8/site-packages://home/nvidia/f1tenth_ws/install/new_map_saver/lib/python3.8/site-packages://home/nvidia/f1tenth_ws/install/mouse_teleop/lib/python3.8/site-packages://home/nvidia/f1tenth_ws/install/mapping/lib/python3.8/site-packages://home/nvidia/f1tenth_ws/install/key_teleop/lib/python3.8/site-packages://home/nvidia/f1tenth_ws/install/f1tenth_controllers/lib/python3.8/site-packages:/opt/ros/foxy/lib/python3.8/site-packages'), ('COLCON', '1'), ('CMAKE_PREFIX_PATH', '//home/nvidia/f1tenth_ws/install/vesc://home/nvidia/f1tenth_ws/install/vesc_driver://home/nvidia/f1tenth_ws/install/vesc_ackermann://home/nvidia/f1tenth_ws/install/vesc_msgs://home/nvidia/f1tenth_ws/install/teleop_tools://home/nvidia/f1tenth_ws/install/teleop_tools_msgs://home/nvidia/f1tenth_ws/install/pure_pursuit://home/nvidia/f1tenth_ws/install/ackermann_mux://home/nvidia/f1tenth_ws/install/f1tenth_stack://home/nvidia/f1tenth_ws/install/joy_teleop://home/nvidia/f1tenth_ws/install/phasespace://home/nvidia/f1tenth_ws/install/new_map_saver://home/nvidia/f1tenth_ws/install/mouse_teleop://home/nvidia/f1tenth_ws/install/mapping://home/nvidia/f1tenth_ws/install/key_teleop://home/nvidia/f1tenth_ws/install/f1tenth_controllers:/opt/ros/foxy')]), 'shell': False}
[17.266619] (-) TimerEvent: {}
[17.368386] (-) TimerEvent: {}
[17.469429] (-) TimerEvent: {}
[17.500451] (ackermann_mux) StdoutLine: {'line': b'-- Found ament_cmake: 0.9.12 (/opt/ros/foxy/share/ament_cmake/cmake)\n'}
[17.549527] (vesc_msgs) StdoutLine: {'line': b'-- Found ament_cmake_auto: 0.9.12 (/opt/ros/foxy/share/ament_cmake_auto/cmake)\n'}
[17.569683] (-) TimerEvent: {}
[17.670707] (-) TimerEvent: {}
[17.724930] (ackermann_mux) StdoutLine: {'line': b'-- Found PythonInterp: /usr/bin/python3 (found suitable version "3.8.10", minimum required is "3") \n'}
[17.726408] (ackermann_mux) StdoutLine: {'line': b'-- Using PYTHON_EXECUTABLE: /usr/bin/python3\n'}
[17.770964] (-) TimerEvent: {}
[17.832649] (vesc_msgs) StdoutLine: {'line': b'-- Found PythonInterp: /usr/bin/python3 (found suitable version "3.8.10", minimum required is "3") \n'}
[17.833430] (vesc_msgs) StdoutLine: {'line': b'-- Using PYTHON_EXECUTABLE: /usr/bin/python3\n'}
[17.871306] (-) TimerEvent: {}
[17.972389] (-) TimerEvent: {}
[18.073475] (-) TimerEvent: {}
[18.174608] (-) TimerEvent: {}
[18.275776] (-) TimerEvent: {}
[18.376955] (-) TimerEvent: {}
[18.478024] (-) TimerEvent: {}
[18.579244] (-) TimerEvent: {}
[18.680335] (-) TimerEvent: {}
[18.721556] (teleop_tools_msgs) StdoutLine: {'line': b'-- Found rosidl_default_generators: 1.0.1 (/opt/ros/foxy/share/rosidl_default_generators/cmake)\n'}
[18.762820] (teleop_tools_msgs) StdoutLine: {'line': b'-- Using all available rosidl_typesupport_c: rosidl_typesupport_fastrtps_c;rosidl_typesupport_introspection_c\n'}
[18.780592] (-) TimerEvent: {}
[18.827978] (teleop_tools_msgs) StdoutLine: {'line': b'-- Found rosidl_adapter: 1.3.1 (/opt/ros/foxy/share/rosidl_adapter/cmake)\n'}
[18.880839] (-) TimerEvent: {}
[18.982124] (-) TimerEvent: {}
[19.083313] (-) TimerEvent: {}
[19.184671] (-) TimerEvent: {}
[19.285830] (-) TimerEvent: {}
[19.387203] (-) TimerEvent: {}
[19.403360] (ackermann_mux) StdoutLine: {'line': b'-- Found rclcpp: 2.4.3 (/opt/ros/foxy/share/rclcpp/cmake)\n'}
[19.487423] (-) TimerEvent: {}
[19.588580] (-) TimerEvent: {}
[19.689672] (-) TimerEvent: {}
[19.775962] (mouse_teleop) Command: {'cmd': ['/usr/bin/python3', '-W', 'ignore:setup.py install is deprecated', 'setup.py', 'egg_info', '--egg-base', '../../../../build/mouse_teleop', 'build', '--build-base', '/home/nvidia/f1tenth_ws/build/mouse_teleop/build', 'install', '--record', '/home/nvidia/f1tenth_ws/build/mouse_teleop/install.log', '--install-scripts', '$base/lib/mouse_teleop', '--single-version-externally-managed', 'install_data'], 'cwd': '/home/nvidia/f1tenth_ws/src/f1tenth_system/teleop_tools/mouse_teleop', 'env': {'LESSOPEN': '| /usr/bin/lesspipe %s', 'USER': 'nvidia', 'SSH_CLIENT': '10.131.67.141 46114 22', 'XDG_SESSION_TYPE': 'tty', 'SHLVL': '1', 'LD_LIBRARY_PATH': '//home/nvidia/f1tenth_ws/install/vesc_driver/lib://home/nvidia/f1tenth_ws/install/vesc_ackermann/lib://home/nvidia/f1tenth_ws/install/vesc_msgs/lib://home/nvidia/f1tenth_ws/install/teleop_tools_msgs/lib:/usr/lib/aarch64-linux-gnu/gazebo-11/plugins:/opt/ros/foxy/opt/yaml_cpp_vendor/lib:/opt/ros/foxy/opt/rviz_ogre_vendor/lib:/opt/ros/foxy/lib/aarch64-linux-gnu:/opt/ros/foxy/lib:/usr/local/cuda-11.4/lib64:', 'MOTD_SHOWN': 'pam', 'HOME': '/home/nvidia', 'OLDPWD': '/home/nvidia', 'SSH_TTY': '/dev/pts/4', 'ROS_PYTHON_VERSION': '3', 'DBUS_SESSION_BUS_ADDRESS': 'unix:path=/run/user/1000/bus', 'COLCON_PREFIX_PATH': '//home/nvidia/f1tenth_ws/install', 'ROS_DISTRO': 'foxy', 'LOGNAME': 'nvidia', '_': '/usr/bin/colcon', 'ROS_VERSION': '2', 'XDG_SESSION_CLASS': 'user', 'TERM': 'xterm-256color', 'XDG_SESSION_ID': '15', 'GAZEBO_MODEL_PATH': ':/opt/ros/foxy/share/turtlebot3_gazebo/models', 'ROS_LOCALHOST_ONLY': '0', 'PATH': '/home/nvidia/.local/bin:/opt/ros/foxy/bin:/usr/local/cuda-11.4/bin:/usr/local/sbin:/usr/local/bin:/usr/sbin:/usr/bin:/sbin:/bin:/usr/games:/usr/local/games:/snap/bin', 'XDG_RUNTIME_DIR': '/run/user/1000', 'LANG': 'en_US.UTF-8', 'LS_COLORS': 'rs=0:di=01;34:ln=01;36:mh=00:pi=40;33:so=01;35:do=01;35:bd=40;33;01:cd=40;33;01:or=40;31;01:mi=00:su=37;41:sg=30;43:ca=30;41:tw=30;42:ow=34;42:st=37;44:ex=01;32:*.tar=01;31:*.tgz=01;31:*.arc=01;31:*.arj=01;31:*.taz=01;31:*.lha=01;31:*.lz4=01;31:*.lzh=01;31:*.lzma=01;31:*.tlz=01;31:*.txz=01;31:*.tzo=01;31:*.t7z=01;31:*.zip=01;31:*.z=01;31:*.dz=01;31:*.gz=01;31:*.lrz=01;31:*.lz=01;31:*.lzo=01;31:*.xz=01;31:*.zst=01;31:*.tzst=01;31:*.bz2=01;31:*.bz=01;31:*.tbz=01;31:*.tbz2=01;31:*.tz=01;31:*.deb=01;31:*.rpm=01;31:*.jar=01;31:*.war=01;31:*.ear=01;31:*.sar=01;31:*.rar=01;31:*.alz=01;31:*.ace=01;31:*.zoo=01;31:*.cpio=01;31:*.7z=01;31:*.rz=01;31:*.cab=01;31:*.wim=01;31:*.swm=01;31:*.dwm=01;31:*.esd=01;31:*.jpg=01;35:*.jpeg=01;35:*.mjpg=01;35:*.mjpeg=01;35:*.gif=01;35:*.bmp=01;35:*.pbm=01;35:*.pgm=01;35:*.ppm=01;35:*.tga=01;35:*.xbm=01;35:*.xpm=01;35:*.tif=01;35:*.tiff=01;35:*.png=01;35:*.svg=01;35:*.svgz=01;35:*.mng=01;35:*.pcx=01;35:*.mov=01;35:*.mpg=01;35:*.mpeg=01;35:*.m2v=01;35:*.mkv=01;35:*.webm=01;35:*.ogm=01;35:*.mp4=01;35:*.m4v=01;35:*.mp4v=01;35:*.vob=01;35:*.qt=01;35:*.nuv=01;35:*.wmv=01;35:*.asf=01;35:*.rm=01;35:*.rmvb=01;35:*.flc=01;35:*.avi=01;35:*.fli=01;35:*.flv=01;35:*.gl=01;35:*.dl=01;35:*.xcf=01;35:*.xwd=01;35:*.yuv=01;35:*.cgm=01;35:*.emf=01;35:*.ogv=01;35:*.ogx=01;35:*.aac=00;36:*.au=00;36:*.flac=00;36:*.m4a=00;36:*.mid=00;36:*.midi=00;36:*.mka=00;36:*.mp3=00;36:*.mpc=00;36:*.ogg=00;36:*.ra=00;36:*.wav=00;36:*.oga=00;36:*.opus=00;36:*.spx=00;36:*.xspf=00;36:', 'ROS_DOMAIN_ID': '10', 'AMENT_PREFIX_PATH': '//home/nvidia/f1tenth_ws/install/f1tenth_stack://home/nvidia/f1tenth_ws/install/vesc://home/nvidia/f1tenth_ws/install/vesc_driver://home/nvidia/f1tenth_ws/install/vesc_ackermann://home/nvidia/f1tenth_ws/install/vesc_msgs://home/nvidia/f1tenth_ws/install/teleop_tools://home/nvidia/f1tenth_ws/install/joy_teleop://home/nvidia/f1tenth_ws/install/teleop_tools_msgs://home/nvidia/f1tenth_ws/install/pure_pursuit://home/nvidia/f1tenth_ws/install/phasespace://home/nvidia/f1tenth_ws/install/new_map_saver://home/nvidia/f1tenth_ws/install/mouse_teleop://home/nvidia/f1tenth_ws/install/mapping://home/nvidia/f1tenth_ws/install/key_teleop://home/nvidia/f1tenth_ws/install/f1tenth_controllers://home/nvidia/f1tenth_ws/install/ackermann_mux:/opt/ros/foxy', 'SHELL': '/bin/bash', 'LESSCLOSE': '/usr/bin/lesspipe %s %s', 'PWD': '/home/nvidia/f1tenth_ws/build/mouse_teleop', 'TURTLEBOT3_MODEL': 'waffle', 'LC_ALL': 'en_US.UTF-8', 'SSH_CONNECTION': '10.131.67.141 46114 10.131.142.84 22', 'XDG_DATA_DIRS': '/usr/local/share:/usr/share:/var/lib/snapd/desktop', 'PYTHONPATH': '/home/nvidia/f1tenth_ws/build/mouse_teleop/prefix_override:/usr/lib/python3/dist-packages/colcon_core/task/python/colcon_distutils_commands:/home/nvidia/f1tenth_ws/install/mouse_teleop/lib/python3.8/site-packages://home/nvidia/f1tenth_ws/install/f1tenth_stack/lib/python3.8/site-packages://home/nvidia/f1tenth_ws/install/vesc_msgs/lib/python3.8/site-packages://home/nvidia/f1tenth_ws/install/joy_teleop/lib/python3.8/site-packages://home/nvidia/f1tenth_ws/install/teleop_tools_msgs/lib/python3.8/site-packages://home/nvidia/f1tenth_ws/install/phasespace/lib/python3.8/site-packages://home/nvidia/f1tenth_ws/install/new_map_saver/lib/python3.8/site-packages://home/nvidia/f1tenth_ws/install/mouse_teleop/lib/python3.8/site-packages://home/nvidia/f1tenth_ws/install/mapping/lib/python3.8/site-packages://home/nvidia/f1tenth_ws/install/key_teleop/lib/python3.8/site-packages://home/nvidia/f1tenth_ws/install/f1tenth_controllers/lib/python3.8/site-packages:/opt/ros/foxy/lib/python3.8/site-packages', 'COLCON': '1', 'CMAKE_PREFIX_PATH': '//home/nvidia/f1tenth_ws/install/vesc://home/nvidia/f1tenth_ws/install/vesc_driver://home/nvidia/f1tenth_ws/install/vesc_ackermann://home/nvidia/f1tenth_ws/install/vesc_msgs://home/nvidia/f1tenth_ws/install/teleop_tools://home/nvidia/f1tenth_ws/install/teleop_tools_msgs://home/nvidia/f1tenth_ws/install/pure_pursuit://home/nvidia/f1tenth_ws/install/ackermann_mux'}, 'shell': False}
[19.803874] (-) TimerEvent: {}
[19.854684] (ackermann_mux) StdoutLine: {'line': b'-- Using all available rosidl_typesupport_c: rosidl_typesupport_fastrtps_c;rosidl_typesupport_introspection_c\n'}
[19.883504] (ackermann_mux) StdoutLine: {'line': b'-- Found rosidl_adapter: 1.3.1 (/opt/ros/foxy/share/rosidl_adapter/cmake)\n'}
[19.903950] (-) TimerEvent: {}
[19.942185] (teleop_tools_msgs) StdoutLine: {'line': b'-- Using all available rosidl_typesupport_cpp: rosidl_typesupport_fastrtps_cpp;rosidl_typesupport_introspection_cpp\n'}
[20.007388] (-) TimerEvent: {}
[20.109560] (-) TimerEvent: {}
[20.125271] (teleop_tools_msgs) StdoutLine: {'line': b'-- Found ament_lint_auto: 0.9.8 (/opt/ros/foxy/share/ament_lint_auto/cmake)\n'}
[20.209860] (-) TimerEvent: {}
[20.311025] (-) TimerEvent: {}
[20.412250] (-) TimerEvent: {}
[20.513356] (-) TimerEvent: {}
[20.615345] (-) TimerEvent: {}
[20.654282] (vesc_msgs) StdoutLine: {'line': b'-- Using all available rosidl_typesupport_c: rosidl_typesupport_fastrtps_c;rosidl_typesupport_introspection_c\n'}
[20.716284] (phasespace) Command: {'cmd': ['/usr/bin/python3', '-W', 'ignore:setup.py install is deprecated', 'setup.py', 'egg_info', '--egg-base', '../../build/phasespace', 'build', '--build-base', '/home/nvidia/f1tenth_ws/build/phasespace/build', 'install', '--record', '/home/nvidia/f1tenth_ws/build/phasespace/install.log', '--install-scripts', '$base/lib/phasespace', '--single-version-externally-managed', 'install_data'], 'cwd': '/home/nvidia/f1tenth_ws/src/phasespace', 'env': {'LESSOPEN': '| /usr/bin/lesspipe %s', 'USER': 'nvidia', 'SSH_CLIENT': '10.131.67.141 46114 22', 'XDG_SESSION_TYPE': 'tty', 'SHLVL': '1', 'LD_LIBRARY_PATH': '//home/nvidia/f1tenth_ws/install/vesc_driver/lib://home/nvidia/f1tenth_ws/install/vesc_ackermann/lib://home/nvidia/f1tenth_ws/install/vesc_msgs/lib://home/nvidia/f1tenth_ws/install/teleop_tools_msgs/lib:/usr/lib/aarch64-linux-gnu/gazebo-11/plugins:/opt/ros/foxy/opt/yaml_cpp_vendor/lib:/opt/ros/foxy/opt/rviz_ogre_vendor/lib:/opt/ros/foxy/lib/aarch64-linux-gnu:/opt/ros/foxy/lib:/usr/local/cuda-11.4/lib64:', 'MOTD_SHOWN': 'pam', 'HOME': '/home/nvidia', 'OLDPWD': '/home/nvidia', 'SSH_TTY': '/dev/pts/4', 'ROS_PYTHON_VERSION': '3', 'DBUS_SESSION_BUS_ADDRESS': 'unix:path=/run/user/1000/bus', 'COLCON_PREFIX_PATH': '//home/nvidia/f1tenth_ws/install', 'ROS_DISTRO': 'foxy', 'LOGNAME': 'nvidia', '_': '/usr/bin/colcon', 'ROS_VERSION': '2', 'XDG_SESSION_CLASS': 'user', 'TERM': 'xterm-256color', 'XDG_SESSION_ID': '15', 'GAZEBO_MODEL_PATH': ':/opt/ros/foxy/share/turtlebot3_gazebo/models', 'ROS_LOCALHOST_ONLY': '0', 'PATH': '/home/nvidia/.local/bin:/opt/ros/foxy/bin:/usr/local/cuda-11.4/bin:/usr/local/sbin:/usr/local/bin:/usr/sbin:/usr/bin:/sbin:/bin:/usr/games:/usr/local/games:/snap/bin', 'XDG_RUNTIME_DIR': '/run/user/1000', 'LANG': 'en_US.UTF-8', 'LS_COLORS': 'rs=0:di=01;34:ln=01;36:mh=00:pi=40;33:so=01;35:do=01;35:bd=40;33;01:cd=40;33;01:or=40;31;01:mi=00:su=37;41:sg=30;43:ca=30;41:tw=30;42:ow=34;42:st=37;44:ex=01;32:*.tar=01;31:*.tgz=01;31:*.arc=01;31:*.arj=01;31:*.taz=01;31:*.lha=01;31:*.lz4=01;31:*.lzh=01;31:*.lzma=01;31:*.tlz=01;31:*.txz=01;31:*.tzo=01;31:*.t7z=01;31:*.zip=01;31:*.z=01;31:*.dz=01;31:*.gz=01;31:*.lrz=01;31:*.lz=01;31:*.lzo=01;31:*.xz=01;31:*.zst=01;31:*.tzst=01;31:*.bz2=01;31:*.bz=01;31:*.tbz=01;31:*.tbz2=01;31:*.tz=01;31:*.deb=01;31:*.rpm=01;31:*.jar=01;31:*.war=01;31:*.ear=01;31:*.sar=01;31:*.rar=01;31:*.alz=01;31:*.ace=01;31:*.zoo=01;31:*.cpio=01;31:*.7z=01;31:*.rz=01;31:*.cab=01;31:*.wim=01;31:*.swm=01;31:*.dwm=01;31:*.esd=01;31:*.jpg=01;35:*.jpeg=01;35:*.mjpg=01;35:*.mjpeg=01;35:*.gif=01;35:*.bmp=01;35:*.pbm=01;35:*.pgm=01;35:*.ppm=01;35:*.tga=01;35:*.xbm=01;35:*.xpm=01;35:*.tif=01;35:*.tiff=01;35:*.png=01;35:*.svg=01;35:*.svgz=01;35:*.mng=01;35:*.pcx=01;35:*.mov=01;35:*.mpg=01;35:*.mpeg=01;35:*.m2v=01;35:*.mkv=01;35:*.webm=01;35:*.ogm=01;35:*.mp4=01;35:*.m4v=01;35:*.mp4v=01;35:*.vob=01;35:*.qt=01;35:*.nuv=01;35:*.wmv=01;35:*.asf=01;35:*.rm=01;35:*.rmvb=01;35:*.flc=01;35:*.avi=01;35:*.fli=01;35:*.flv=01;35:*.gl=01;35:*.dl=01;35:*.xcf=01;35:*.xwd=01;35:*.yuv=01;35:*.cgm=01;35:*.emf=01;35:*.ogv=01;35:*.ogx=01;35:*.aac=00;36:*.au=00;36:*.flac=00;36:*.m4a=00;36:*.mid=00;36:*.midi=00;36:*.mka=00;36:*.mp3=00;36:*.mpc=00;36:*.ogg=00;36:*.ra=00;36:*.wav=00;36:*.oga=00;36:*.opus=00;36:*.spx=00;36:*.xspf=00;36:', 'ROS_DOMAIN_ID': '10', 'AMENT_PREFIX_PATH': '//home/nvidia/f1tenth_ws/install/f1tenth_stack://home/nvidia/f1tenth_ws/install/vesc://home/nvidia/f1tenth_ws/install/vesc_driver://home/nvidia/f1tenth_ws/install/vesc_ackermann://home/nvidia/f1tenth_ws/install/vesc_msgs://home/nvidia/f1tenth_ws/install/teleop_tools://home/nvidia/f1tenth_ws/install/joy_teleop://home/nvidia/f1tenth_ws/install/teleop_tools_msgs://home/nvidia/f1tenth_ws/install/pure_pursuit://home/nvidia/f1tenth_ws/install/phasespace://home/nvidia/f1tenth_ws/install/new_map_saver://home/nvidia/f1tenth_ws/install/mouse_teleop://home/nvidia/f1tenth_ws/install/mapping://home/nvidia/f1tenth_ws/install/key_teleop://home/nvidia/f1tenth_ws/install/f1tenth_controllers://home/nvidia/f1tenth_ws/install/ackermann_mux:/opt/ros/foxy', 'SHELL': '/bin/bash', 'LESSCLOSE': '/usr/bin/lesspipe %s %s', 'PWD': '/home/nvidia/f1tenth_ws/build/phasespace', 'TURTLEBOT3_MODEL': 'waffle', 'LC_ALL': 'en_US.UTF-8', 'SSH_CONNECTION': '10.131.67.141 46114 10.131.142.84 22', 'XDG_DATA_DIRS': '/usr/local/share:/usr/share:/var/lib/snapd/desktop', 'PYTHONPATH': '/home/nvidia/f1tenth_ws/build/phasespace/prefix_override:/usr/lib/python3/dist-packages/colcon_core/task/python/colcon_distutils_commands:/home/nvidia/f1tenth_ws/install/phasespace/lib/python3.8/site-packages://home/nvidia/f1tenth_ws/install/f1tenth_stack/lib/python3.8/site-packages://home/nvidia/f1tenth_ws/install/vesc_msgs/lib/python3.8/site-packages://home/nvidia/f1tenth_ws/install/joy_teleop/lib/python3.8/site-packages://home/nvidia/f1tenth_ws/install/teleop_tools_msgs/lib/python3.8/site-packages://home/nvidia/f1tenth_ws/install/phasespace/lib/python3.8/site-packages://home/nvidia/f1tenth_ws/install/new_map_saver/lib/python3.8/site-packages://home/nvidia/f1tenth_ws/install/mouse_teleop/lib/python3.8/site-packages://home/nvidia/f1tenth_ws/install/mapping/lib/python3.8/site-packages://home/nvidia/f1tenth_ws/install/key_teleop/lib/python3.8/site-packages://home/nvidia/f1tenth_ws/install/f1tenth_controllers/lib/python3.8/site-packages:/opt/ros/foxy/lib/python3.8/site-packages', 'COLCON': '1', 'CMAKE_PREFIX_PATH': '//home/nvidia/f1tenth_ws/install/vesc://home/nvidia/f1tenth_ws/install/vesc_driver://home/nvidia/f1tenth_ws/install/vesc_ackermann://home/nvidia/f1tenth_ws/install/vesc_msgs://home/nvidia/f1tenth_ws/install/teleop_tools://home/nvidia/f1tenth_ws/install/teleop_tools_msgs://home/nvidia/f1tenth_ws/install/pure_pursuit://home/nvidia/f1tenth_ws/install/ackermann_mux'}, 'shell': False}
[20.720725] (-) TimerEvent: {}
[20.722605] (vesc_msgs) StdoutLine: {'line': b'-- Found rosidl_adapter: 1.3.1 (/opt/ros/foxy/share/rosidl_adapter/cmake)\n'}
[20.794733] (new_map_saver) Command: {'cmd': ['/usr/bin/python3', '-W', 'ignore:setup.py install is deprecated', 'setup.py', 'egg_info', '--egg-base', '../../build/new_map_saver', 'build', '--build-base', '/home/nvidia/f1tenth_ws/build/new_map_saver/build', 'install', '--record', '/home/nvidia/f1tenth_ws/build/new_map_saver/install.log', '--install-scripts', '$base/lib/new_map_saver', '--single-version-externally-managed', 'install_data'], 'cwd': '/home/nvidia/f1tenth_ws/src/new_map_saver', 'env': {'LESSOPEN': '| /usr/bin/lesspipe %s', 'USER': 'nvidia', 'SSH_CLIENT': '10.131.67.141 46114 22', 'XDG_SESSION_TYPE': 'tty', 'SHLVL': '1', 'LD_LIBRARY_PATH': '//home/nvidia/f1tenth_ws/install/vesc_driver/lib://home/nvidia/f1tenth_ws/install/vesc_ackermann/lib://home/nvidia/f1tenth_ws/install/vesc_msgs/lib://home/nvidia/f1tenth_ws/install/teleop_tools_msgs/lib:/usr/lib/aarch64-linux-gnu/gazebo-11/plugins:/opt/ros/foxy/opt/yaml_cpp_vendor/lib:/opt/ros/foxy/opt/rviz_ogre_vendor/lib:/opt/ros/foxy/lib/aarch64-linux-gnu:/opt/ros/foxy/lib:/usr/local/cuda-11.4/lib64:', 'MOTD_SHOWN': 'pam', 'HOME': '/home/nvidia', 'OLDPWD': '/home/nvidia', 'SSH_TTY': '/dev/pts/4', 'ROS_PYTHON_VERSION': '3', 'DBUS_SESSION_BUS_ADDRESS': 'unix:path=/run/user/1000/bus', 'COLCON_PREFIX_PATH': '//home/nvidia/f1tenth_ws/install', 'ROS_DISTRO': 'foxy', 'LOGNAME': 'nvidia', '_': '/usr/bin/colcon', 'ROS_VERSION': '2', 'XDG_SESSION_CLASS': 'user', 'TERM': 'xterm-256color', 'XDG_SESSION_ID': '15', 'GAZEBO_MODEL_PATH': ':/opt/ros/foxy/share/turtlebot3_gazebo/models', 'ROS_LOCALHOST_ONLY': '0', 'PATH': '/home/nvidia/.local/bin:/opt/ros/foxy/bin:/usr/local/cuda-11.4/bin:/usr/local/sbin:/usr/local/bin:/usr/sbin:/usr/bin:/sbin:/bin:/usr/games:/usr/local/games:/snap/bin', 'XDG_RUNTIME_DIR': '/run/user/1000', 'LANG': 'en_US.UTF-8', 'LS_COLORS': 'rs=0:di=01;34:ln=01;36:mh=00:pi=40;33:so=01;35:do=01;35:bd=40;33;01:cd=40;33;01:or=40;31;01:mi=00:su=37;41:sg=30;43:ca=30;41:tw=30;42:ow=34;42:st=37;44:ex=01;32:*.tar=01;31:*.tgz=01;31:*.arc=01;31:*.arj=01;31:*.taz=01;31:*.lha=01;31:*.lz4=01;31:*.lzh=01;31:*.lzma=01;31:*.tlz=01;31:*.txz=01;31:*.tzo=01;31:*.t7z=01;31:*.zip=01;31:*.z=01;31:*.dz=01;31:*.gz=01;31:*.lrz=01;31:*.lz=01;31:*.lzo=01;31:*.xz=01;31:*.zst=01;31:*.tzst=01;31:*.bz2=01;31:*.bz=01;31:*.tbz=01;31:*.tbz2=01;31:*.tz=01;31:*.deb=01;31:*.rpm=01;31:*.jar=01;31:*.war=01;31:*.ear=01;31:*.sar=01;31:*.rar=01;31:*.alz=01;31:*.ace=01;31:*.zoo=01;31:*.cpio=01;31:*.7z=01;31:*.rz=01;31:*.cab=01;31:*.wim=01;31:*.swm=01;31:*.dwm=01;31:*.esd=01;31:*.jpg=01;35:*.jpeg=01;35:*.mjpg=01;35:*.mjpeg=01;35:*.gif=01;35:*.bmp=01;35:*.pbm=01;35:*.pgm=01;35:*.ppm=01;35:*.tga=01;35:*.xbm=01;35:*.xpm=01;35:*.tif=01;35:*.tiff=01;35:*.png=01;35:*.svg=01;35:*.svgz=01;35:*.mng=01;35:*.pcx=01;35:*.mov=01;35:*.mpg=01;35:*.mpeg=01;35:*.m2v=01;35:*.mkv=01;35:*.webm=01;35:*.ogm=01;35:*.mp4=01;35:*.m4v=01;35:*.mp4v=01;35:*.vob=01;35:*.qt=01;35:*.nuv=01;35:*.wmv=01;35:*.asf=01;35:*.rm=01;35:*.rmvb=01;35:*.flc=01;35:*.avi=01;35:*.fli=01;35:*.flv=01;35:*.gl=01;35:*.dl=01;35:*.xcf=01;35:*.xwd=01;35:*.yuv=01;35:*.cgm=01;35:*.emf=01;35:*.ogv=01;35:*.ogx=01;35:*.aac=00;36:*.au=00;36:*.flac=00;36:*.m4a=00;36:*.mid=00;36:*.midi=00;36:*.mka=00;36:*.mp3=00;36:*.mpc=00;36:*.ogg=00;36:*.ra=00;36:*.wav=00;36:*.oga=00;36:*.opus=00;36:*.spx=00;36:*.xspf=00;36:', 'ROS_DOMAIN_ID': '10', 'AMENT_PREFIX_PATH': '//home/nvidia/f1tenth_ws/install/f1tenth_stack://home/nvidia/f1tenth_ws/install/vesc://home/nvidia/f1tenth_ws/install/vesc_driver://home/nvidia/f1tenth_ws/install/vesc_ackermann://home/nvidia/f1tenth_ws/install/vesc_msgs://home/nvidia/f1tenth_ws/install/teleop_tools://home/nvidia/f1tenth_ws/install/joy_teleop://home/nvidia/f1tenth_ws/install/teleop_tools_msgs://home/nvidia/f1tenth_ws/install/pure_pursuit://home/nvidia/f1tenth_ws/install/phasespace://home/nvidia/f1tenth_ws/install/new_map_saver://home/nvidia/f1tenth_ws/install/mouse_teleop://home/nvidia/f1tenth_ws/install/mapping://home/nvidia/f1tenth_ws/install/key_teleop://home/nvidia/f1tenth_ws/install/f1tenth_controllers://home/nvidia/f1tenth_ws/install/ackermann_mux:/opt/ros/foxy', 'SHELL': '/bin/bash', 'LESSCLOSE': '/usr/bin/lesspipe %s %s', 'PWD': '/home/nvidia/f1tenth_ws/build/new_map_saver', 'TURTLEBOT3_MODEL': 'waffle', 'LC_ALL': 'en_US.UTF-8', 'SSH_CONNECTION': '10.131.67.141 46114 10.131.142.84 22', 'XDG_DATA_DIRS': '/usr/local/share:/usr/share:/var/lib/snapd/desktop', 'PYTHONPATH': '/home/nvidia/f1tenth_ws/build/new_map_saver/prefix_override:/usr/lib/python3/dist-packages/colcon_core/task/python/colcon_distutils_commands:/home/nvidia/f1tenth_ws/install/new_map_saver/lib/python3.8/site-packages://home/nvidia/f1tenth_ws/install/f1tenth_stack/lib/python3.8/site-packages://home/nvidia/f1tenth_ws/install/vesc_msgs/lib/python3.8/site-packages://home/nvidia/f1tenth_ws/install/joy_teleop/lib/python3.8/site-packages://home/nvidia/f1tenth_ws/install/teleop_tools_msgs/lib/python3.8/site-packages://home/nvidia/f1tenth_ws/install/phasespace/lib/python3.8/site-packages://home/nvidia/f1tenth_ws/install/new_map_saver/lib/python3.8/site-packages://home/nvidia/f1tenth_ws/install/mouse_teleop/lib/python3.8/site-packages://home/nvidia/f1tenth_ws/install/mapping/lib/python3.8/site-packages://home/nvidia/f1tenth_ws/install/key_teleop/lib/python3.8/site-packages://home/nvidia/f1tenth_ws/install/f1tenth_controllers/lib/python3.8/site-packages:/opt/ros/foxy/lib/python3.8/site-packages', 'COLCON': '1', 'CMAKE_PREFIX_PATH': '//home/nvidia/f1tenth_ws/install/vesc://home/nvidia/f1tenth_ws/install/vesc_driver://home/nvidia/f1tenth_ws/install/vesc_ackermann://home/nvidia/f1tenth_ws/install/vesc_msgs://home/nvidia/f1tenth_ws/install/teleop_tools://home/nvidia/f1tenth_ws/install/teleop_tools_msgs://home/nvidia/f1tenth_ws/install/pure_pursuit://home/nvidia/f1tenth_ws/install/ackermann_mux'}, 'shell': False}
[20.829052] (-) TimerEvent: {}
[20.834602] (teleop_tools_msgs) StdoutLine: {'line': b'-- Found PythonInterp: /usr/bin/python3 (found version "3.8.10") \n'}
[20.929307] (-) TimerEvent: {}
[21.030458] (-) TimerEvent: {}
[21.131630] (-) TimerEvent: {}
[21.168302] (ackermann_mux) StdoutLine: {'line': b'-- Using all available rosidl_typesupport_cpp: rosidl_typesupport_fastrtps_cpp;rosidl_typesupport_introspection_cpp\n'}
[21.231852] (-) TimerEvent: {}
[21.332933] (-) TimerEvent: {}
[21.434004] (-) TimerEvent: {}
[21.535113] (-) TimerEvent: {}
[21.602458] (ackermann_mux) StdoutLine: {'line': b'-- Found rmw_implementation_cmake: 1.0.4 (/opt/ros/foxy/share/rmw_implementation_cmake/cmake)\n'}
[21.619807] (ackermann_mux) StdoutLine: {'line': b"-- Using RMW implementation 'rmw_fastrtps_cpp' as default\n"}
[21.627772] (mouse_teleop) StdoutLine: {'line': b'running egg_info\n'}
[21.632387] (mouse_teleop) StdoutLine: {'line': b'creating ../../../../build/mouse_teleop/mouse_teleop.egg-info\n'}
[21.633496] (mouse_teleop) StdoutLine: {'line': b'writing ../../../../build/mouse_teleop/mouse_teleop.egg-info/PKG-INFO\n'}
[21.635364] (-) TimerEvent: {}
[21.636422] (mouse_teleop) StdoutLine: {'line': b'writing dependency_links to ../../../../build/mouse_teleop/mouse_teleop.egg-info/dependency_links.txt\n'}
[21.638384] (mouse_teleop) StdoutLine: {'line': b'writing entry points to ../../../../build/mouse_teleop/mouse_teleop.egg-info/entry_points.txt\n'}
[21.639396] (mouse_teleop) StdoutLine: {'line': b'writing requirements to ../../../../build/mouse_teleop/mouse_teleop.egg-info/requires.txt\n'}
[21.640391] (mouse_teleop) StdoutLine: {'line': b'writing top-level names to ../../../../build/mouse_teleop/mouse_teleop.egg-info/top_level.txt\n'}
[21.651734] (mouse_teleop) StdoutLine: {'line': b"writing manifest file '../../../../build/mouse_teleop/mouse_teleop.egg-info/SOURCES.txt'\n"}
[21.735615] (-) TimerEvent: {}
[21.836631] (-) TimerEvent: {}
[21.937720] (-) TimerEvent: {}
[21.958518] (mouse_teleop) StdoutLine: {'line': b"reading manifest file '../../../../build/mouse_teleop/mouse_teleop.egg-info/SOURCES.txt'\n"}
[21.962894] (mouse_teleop) StdoutLine: {'line': b"writing manifest file '../../../../build/mouse_teleop/mouse_teleop.egg-info/SOURCES.txt'\n"}
[21.965485] (mouse_teleop) StdoutLine: {'line': b'running build\n'}
[21.966193] (mouse_teleop) StdoutLine: {'line': b'running build_py\n'}
[21.971642] (mouse_teleop) StdoutLine: {'line': b'creating /home/nvidia/f1tenth_ws/build/mouse_teleop/build\n'}
[21.972442] (mouse_teleop) StdoutLine: {'line': b'creating /home/nvidia/f1tenth_ws/build/mouse_teleop/build/lib\n'}
[21.973998] (mouse_teleop) StdoutLine: {'line': b'creating /home/nvidia/f1tenth_ws/build/mouse_teleop/build/lib/mouse_teleop\n'}
[21.975692] (mouse_teleop) StdoutLine: {'line': b'copying mouse_teleop/__init__.py -> /home/nvidia/f1tenth_ws/build/mouse_teleop/build/lib/mouse_teleop\n'}
[21.982771] (mouse_teleop) StdoutLine: {'line': b'copying mouse_teleop/mouse_teleop.py -> /home/nvidia/f1tenth_ws/build/mouse_teleop/build/lib/mouse_teleop\n'}
[21.988047] (mouse_teleop) StdoutLine: {'line': b'running install\n'}
[21.993142] (mouse_teleop) StdoutLine: {'line': b'running install_lib\n'}
[22.001101] (mouse_teleop) StdoutLine: {'line': b'creating /home/nvidia/f1tenth_ws/install/mouse_teleop/lib/python3.8/site-packages/mouse_teleop\n'}
[22.003697] (mouse_teleop) StdoutLine: {'line': b'copying /home/nvidia/f1tenth_ws/build/mouse_teleop/build/lib/mouse_teleop/__init__.py -> /home/nvidia/f1tenth_ws/install/mouse_teleop/lib/python3.8/site-packages/mouse_teleop\n'}
[22.004392] (mouse_teleop) StdoutLine: {'line': b'copying /home/nvidia/f1tenth_ws/build/mouse_teleop/build/lib/mouse_teleop/mouse_teleop.py -> /home/nvidia/f1tenth_ws/install/mouse_teleop/lib/python3.8/site-packages/mouse_teleop\n'}
[22.006971] (mouse_teleop) StdoutLine: {'line': b'byte-compiling /home/nvidia/f1tenth_ws/install/mouse_teleop/lib/python3.8/site-packages/mouse_teleop/__init__.py to __init__.cpython-38.pyc\n'}
[22.018461] (mouse_teleop) StdoutLine: {'line': b'byte-compiling /home/nvidia/f1tenth_ws/install/mouse_teleop/lib/python3.8/site-packages/mouse_teleop/mouse_teleop.py to mouse_teleop.cpython-38.pyc\n'}
[22.038393] (-) TimerEvent: {}
[22.050029] (mouse_teleop) StdoutLine: {'line': b'running install_data\n'}
[22.051107] (mouse_teleop) StdoutLine: {'line': b'copying package.xml -> /home/nvidia/f1tenth_ws/install/mouse_teleop/share/mouse_teleop\n'}
[22.056540] (mouse_teleop) StdoutLine: {'line': b'creating /home/nvidia/f1tenth_ws/install/mouse_teleop/share/mouse_teleop/config\n'}
[22.069332] (mouse_teleop) StdoutLine: {'line': b'copying config/mouse_teleop.yaml -> /home/nvidia/f1tenth_ws/install/mouse_teleop/share/mouse_teleop/config\n'}
[22.072074] (mouse_teleop) StdoutLine: {'line': b'creating /home/nvidia/f1tenth_ws/install/mouse_teleop/share/mouse_teleop/launch\n'}
[22.073059] (mouse_teleop) StdoutLine: {'line': b'copying launch/mouse_teleop.launch.py -> /home/nvidia/f1tenth_ws/install/mouse_teleop/share/mouse_teleop/launch\n'}
[22.073973] (mouse_teleop) StdoutLine: {'line': b'creating /home/nvidia/f1tenth_ws/install/mouse_teleop/share/ament_index\n'}
[22.074601] (mouse_teleop) StdoutLine: {'line': b'creating /home/nvidia/f1tenth_ws/install/mouse_teleop/share/ament_index/resource_index\n'}
[22.075079] (mouse_teleop) StdoutLine: {'line': b'creating /home/nvidia/f1tenth_ws/install/mouse_teleop/share/ament_index/resource_index/packages\n'}
[22.076434] (mouse_teleop) StdoutLine: {'line': b'copying resource/mouse_teleop -> /home/nvidia/f1tenth_ws/install/mouse_teleop/share/ament_index/resource_index/packages\n'}
[22.076912] (mouse_teleop) StdoutLine: {'line': b'running install_egg_info\n'}
[22.091396] (mouse_teleop) StdoutLine: {'line': b'Copying ../../../../build/mouse_teleop/mouse_teleop.egg-info to /home/nvidia/f1tenth_ws/install/mouse_teleop/lib/python3.8/site-packages/mouse_teleop-0.3.0-py3.8.egg-info\n'}
[22.111065] (mouse_teleop) StdoutLine: {'line': b'running install_scripts\n'}
[22.146317] (-) TimerEvent: {}
[22.248270] (-) TimerEvent: {}
[22.275580] (mouse_teleop) StdoutLine: {'line': b'Installing mouse_teleop script to /home/nvidia/f1tenth_ws/install/mouse_teleop/lib/mouse_teleop\n'}
[22.280350] (mouse_teleop) StdoutLine: {'line': b"writing list of installed files to '/home/nvidia/f1tenth_ws/build/mouse_teleop/install.log'\n"}
[22.348516] (-) TimerEvent: {}
[22.353644] (vesc_msgs) StdoutLine: {'line': b'-- Using all available rosidl_typesupport_cpp: rosidl_typesupport_fastrtps_cpp;rosidl_typesupport_introspection_cpp\n'}
[22.410364] (teleop_tools_msgs) StdoutLine: {'line': b'-- Found ament_cmake_ros: 0.9.2 (/opt/ros/foxy/share/ament_cmake_ros/cmake)\n'}
[22.448784] (-) TimerEvent: {}
[22.487975] (mouse_teleop) CommandEnded: {'returncode': 0}
[22.551326] (-) TimerEvent: {}
[22.573944] (mouse_teleop) JobEnded: {'identifier': 'mouse_teleop', 'rc': 0}
[22.576398] (pure_pursuit) JobStarted: {'identifier': 'pure_pursuit'}
[22.653077] (-) TimerEvent: {}
[22.705767] (pure_pursuit) JobProgress: {'identifier': 'pure_pursuit', 'progress': 'cmake'}
[22.710036] (pure_pursuit) Command: {'cmd': ['/usr/bin/cmake', '/home/nvidia/f1tenth_ws/src/pure_pursuit', '-DCMAKE_INSTALL_PREFIX=/home/nvidia/f1tenth_ws/install/pure_pursuit'], 'cwd': '/home/nvidia/f1tenth_ws/build/pure_pursuit', 'env': OrderedDict([('LESSOPEN', '| /usr/bin/lesspipe %s'), ('USER', 'nvidia'), ('SSH_CLIENT', '10.131.67.141 46114 22'), ('XDG_SESSION_TYPE', 'tty'), ('SHLVL', '1'), ('LD_LIBRARY_PATH', '//home/nvidia/f1tenth_ws/install/vesc_driver/lib://home/nvidia/f1tenth_ws/install/vesc_ackermann/lib://home/nvidia/f1tenth_ws/install/vesc_msgs/lib://home/nvidia/f1tenth_ws/install/teleop_tools_msgs/lib:/usr/lib/aarch64-linux-gnu/gazebo-11/plugins:/opt/ros/foxy/opt/yaml_cpp_vendor/lib:/opt/ros/foxy/opt/rviz_ogre_vendor/lib:/opt/ros/foxy/lib/aarch64-linux-gnu:/opt/ros/foxy/lib:/usr/local/cuda-11.4/lib64:'), ('MOTD_SHOWN', 'pam'), ('HOME', '/home/nvidia'), ('OLDPWD', '/home/nvidia'), ('SSH_TTY', '/dev/pts/4'), ('ROS_PYTHON_VERSION', '3'), ('DBUS_SESSION_BUS_ADDRESS', 'unix:path=/run/user/1000/bus'), ('COLCON_PREFIX_PATH', '//home/nvidia/f1tenth_ws/install'), ('ROS_DISTRO', 'foxy'), ('LOGNAME', 'nvidia'), ('_', '/usr/bin/colcon'), ('ROS_VERSION', '2'), ('XDG_SESSION_CLASS', 'user'), ('TERM', 'xterm-256color'), ('XDG_SESSION_ID', '15'), ('GAZEBO_MODEL_PATH', ':/opt/ros/foxy/share/turtlebot3_gazebo/models'), ('ROS_LOCALHOST_ONLY', '0'), ('PATH', '/home/nvidia/.local/bin:/opt/ros/foxy/bin:/usr/local/cuda-11.4/bin:/usr/local/sbin:/usr/local/bin:/usr/sbin:/usr/bin:/sbin:/bin:/usr/games:/usr/local/games:/snap/bin'), ('XDG_RUNTIME_DIR', '/run/user/1000'), ('LANG', 'en_US.UTF-8'), ('LS_COLORS', 'rs=0:di=01;34:ln=01;36:mh=00:pi=40;33:so=01;35:do=01;35:bd=40;33;01:cd=40;33;01:or=40;31;01:mi=00:su=37;41:sg=30;43:ca=30;41:tw=30;42:ow=34;42:st=37;44:ex=01;32:*.tar=01;31:*.tgz=01;31:*.arc=01;31:*.arj=01;31:*.taz=01;31:*.lha=01;31:*.lz4=01;31:*.lzh=01;31:*.lzma=01;31:*.tlz=01;31:*.txz=01;31:*.tzo=01;31:*.t7z=01;31:*.zip=01;31:*.z=01;31:*.dz=01;31:*.gz=01;31:*.lrz=01;31:*.lz=01;31:*.lzo=01;31:*.xz=01;31:*.zst=01;31:*.tzst=01;31:*.bz2=01;31:*.bz=01;31:*.tbz=01;31:*.tbz2=01;31:*.tz=01;31:*.deb=01;31:*.rpm=01;31:*.jar=01;31:*.war=01;31:*.ear=01;31:*.sar=01;31:*.rar=01;31:*.alz=01;31:*.ace=01;31:*.zoo=01;31:*.cpio=01;31:*.7z=01;31:*.rz=01;31:*.cab=01;31:*.wim=01;31:*.swm=01;31:*.dwm=01;31:*.esd=01;31:*.jpg=01;35:*.jpeg=01;35:*.mjpg=01;35:*.mjpeg=01;35:*.gif=01;35:*.bmp=01;35:*.pbm=01;35:*.pgm=01;35:*.ppm=01;35:*.tga=01;35:*.xbm=01;35:*.xpm=01;35:*.tif=01;35:*.tiff=01;35:*.png=01;35:*.svg=01;35:*.svgz=01;35:*.mng=01;35:*.pcx=01;35:*.mov=01;35:*.mpg=01;35:*.mpeg=01;35:*.m2v=01;35:*.mkv=01;35:*.webm=01;35:*.ogm=01;35:*.mp4=01;35:*.m4v=01;35:*.mp4v=01;35:*.vob=01;35:*.qt=01;35:*.nuv=01;35:*.wmv=01;35:*.asf=01;35:*.rm=01;35:*.rmvb=01;35:*.flc=01;35:*.avi=01;35:*.fli=01;35:*.flv=01;35:*.gl=01;35:*.dl=01;35:*.xcf=01;35:*.xwd=01;35:*.yuv=01;35:*.cgm=01;35:*.emf=01;35:*.ogv=01;35:*.ogx=01;35:*.aac=00;36:*.au=00;36:*.flac=00;36:*.m4a=00;36:*.mid=00;36:*.midi=00;36:*.mka=00;36:*.mp3=00;36:*.mpc=00;36:*.ogg=00;36:*.ra=00;36:*.wav=00;36:*.oga=00;36:*.opus=00;36:*.spx=00;36:*.xspf=00;36:'), ('ROS_DOMAIN_ID', '10'), ('AMENT_PREFIX_PATH', '//home/nvidia/f1tenth_ws/install/f1tenth_stack://home/nvidia/f1tenth_ws/install/vesc://home/nvidia/f1tenth_ws/install/vesc_driver://home/nvidia/f1tenth_ws/install/vesc_ackermann://home/nvidia/f1tenth_ws/install/vesc_msgs://home/nvidia/f1tenth_ws/install/teleop_tools://home/nvidia/f1tenth_ws/install/joy_teleop://home/nvidia/f1tenth_ws/install/teleop_tools_msgs://home/nvidia/f1tenth_ws/install/pure_pursuit://home/nvidia/f1tenth_ws/install/phasespace://home/nvidia/f1tenth_ws/install/new_map_saver://home/nvidia/f1tenth_ws/install/mouse_teleop://home/nvidia/f1tenth_ws/install/mapping://home/nvidia/f1tenth_ws/install/key_teleop://home/nvidia/f1tenth_ws/install/f1tenth_controllers://home/nvidia/f1tenth_ws/install/ackermann_mux:/opt/ros/foxy'), ('SHELL', '/bin/bash'), ('LESSCLOSE', '/usr/bin/lesspipe %s %s'), ('PWD', '/home/nvidia/f1tenth_ws/build/pure_pursuit'), ('TURTLEBOT3_MODEL', 'waffle'), ('LC_ALL', 'en_US.UTF-8'), ('SSH_CONNECTION', '10.131.67.141 46114 10.131.142.84 22'), ('XDG_DATA_DIRS', '/usr/local/share:/usr/share:/var/lib/snapd/desktop'), ('PYTHONPATH', '//home/nvidia/f1tenth_ws/install/f1tenth_stack/lib/python3.8/site-packages://home/nvidia/f1tenth_ws/install/vesc_msgs/lib/python3.8/site-packages://home/nvidia/f1tenth_ws/install/joy_teleop/lib/python3.8/site-packages://home/nvidia/f1tenth_ws/install/teleop_tools_msgs/lib/python3.8/site-packages://home/nvidia/f1tenth_ws/install/phasespace/lib/python3.8/site-packages://home/nvidia/f1tenth_ws/install/new_map_saver/lib/python3.8/site-packages://home/nvidia/f1tenth_ws/install/mouse_teleop/lib/python3.8/site-packages://home/nvidia/f1tenth_ws/install/mapping/lib/python3.8/site-packages://home/nvidia/f1tenth_ws/install/key_teleop/lib/python3.8/site-packages://home/nvidia/f1tenth_ws/install/f1tenth_controllers/lib/python3.8/site-packages:/opt/ros/foxy/lib/python3.8/site-packages'), ('COLCON', '1'), ('CMAKE_PREFIX_PATH', '//home/nvidia/f1tenth_ws/install/vesc://home/nvidia/f1tenth_ws/install/vesc_driver://home/nvidia/f1tenth_ws/install/vesc_ackermann://home/nvidia/f1tenth_ws/install/vesc_msgs://home/nvidia/f1tenth_ws/install/teleop_tools://home/nvidia/f1tenth_ws/install/teleop_tools_msgs://home/nvidia/f1tenth_ws/install/pure_pursuit://home/nvidia/f1tenth_ws/install/ackermann_mux://home/nvidia/f1tenth_ws/install/f1tenth_stack://home/nvidia/f1tenth_ws/install/joy_teleop://home/nvidia/f1tenth_ws/install/phasespace://home/nvidia/f1tenth_ws/install/new_map_saver://home/nvidia/f1tenth_ws/install/mouse_teleop://home/nvidia/f1tenth_ws/install/mapping://home/nvidia/f1tenth_ws/install/key_teleop://home/nvidia/f1tenth_ws/install/f1tenth_controllers:/opt/ros/foxy')]), 'shell': False}
[22.753396] (-) TimerEvent: {}
[22.857061] (-) TimerEvent: {}
[22.883798] (new_map_saver) StdoutLine: {'line': b'running egg_info\n'}
[22.891604] (new_map_saver) StdoutLine: {'line': b'creating ../../build/new_map_saver/new_map_saver.egg-info\n'}
[22.892990] (new_map_saver) StdoutLine: {'line': b'writing ../../build/new_map_saver/new_map_saver.egg-info/PKG-INFO\n'}
[22.894324] (new_map_saver) StdoutLine: {'line': b'writing dependency_links to ../../build/new_map_saver/new_map_saver.egg-info/dependency_links.txt\n'}
[22.895358] (new_map_saver) StdoutLine: {'line': b'writing entry points to ../../build/new_map_saver/new_map_saver.egg-info/entry_points.txt\n'}
[22.896473] (new_map_saver) StdoutLine: {'line': b'writing requirements to ../../build/new_map_saver/new_map_saver.egg-info/requires.txt\n'}
[22.897023] (new_map_saver) StdoutLine: {'line': b'writing top-level names to ../../build/new_map_saver/new_map_saver.egg-info/top_level.txt\n'}
[22.905910] (new_map_saver) StdoutLine: {'line': b"writing manifest file '../../build/new_map_saver/new_map_saver.egg-info/SOURCES.txt'\n"}
[22.957278] (-) TimerEvent: {}
[22.995906] (phasespace) StdoutLine: {'line': b'running egg_info\n'}
[23.002067] (phasespace) StdoutLine: {'line': b'creating ../../build/phasespace/phasespace.egg-info\n'}
[23.024599] (phasespace) StdoutLine: {'line': b'writing ../../build/phasespace/phasespace.egg-info/PKG-INFO\n'}
[23.027624] (phasespace) StdoutLine: {'line': b'writing dependency_links to ../../build/phasespace/phasespace.egg-info/dependency_links.txt\n'}
[23.029436] (phasespace) StdoutLine: {'line': b'writing entry points to ../../build/phasespace/phasespace.egg-info/entry_points.txt\n'}
[23.031025] (phasespace) StdoutLine: {'line': b'writing requirements to ../../build/phasespace/phasespace.egg-info/requires.txt\n'}
[23.032459] (phasespace) StdoutLine: {'line': b'writing top-level names to ../../build/phasespace/phasespace.egg-info/top_level.txt\n'}
[23.042087] (phasespace) StdoutLine: {'line': b"writing manifest file '../../build/phasespace/phasespace.egg-info/SOURCES.txt'\n"}
[23.057596] (-) TimerEvent: {}
[23.111986] (ackermann_mux) StdoutLine: {'line': b'-- Found ackermann_msgs: 2.0.2 (/opt/ros/foxy/share/ackermann_msgs/cmake)\n'}
[23.157830] (-) TimerEvent: {}
[23.228942] (new_map_saver) StdoutLine: {'line': b"reading manifest file '../../build/new_map_saver/new_map_saver.egg-info/SOURCES.txt'\n"}
[23.244208] (new_map_saver) StdoutLine: {'line': b"writing manifest file '../../build/new_map_saver/new_map_saver.egg-info/SOURCES.txt'\n"}
[23.245206] (new_map_saver) StdoutLine: {'line': b'running build\n'}
[23.245721] (new_map_saver) StdoutLine: {'line': b'running build_py\n'}
[23.246402] (new_map_saver) StdoutLine: {'line': b'creating /home/nvidia/f1tenth_ws/build/new_map_saver/build\n'}
[23.246865] (new_map_saver) StdoutLine: {'line': b'creating /home/nvidia/f1tenth_ws/build/new_map_saver/build/lib\n'}
[23.247408] (new_map_saver) StdoutLine: {'line': b'creating /home/nvidia/f1tenth_ws/build/new_map_saver/build/lib/new_map_saver\n'}
[23.248103] (new_map_saver) StdoutLine: {'line': b'copying new_map_saver/__init__.py -> /home/nvidia/f1tenth_ws/build/new_map_saver/build/lib/new_map_saver\n'}
[23.248536] (new_map_saver) StdoutLine: {'line': b'running install\n'}
[23.257692] (vesc_msgs) StdoutLine: {'line': b'-- Found PythonInterp: /usr/bin/python3 (found version "3.8.10") \n'}
[23.258654] (-) TimerEvent: {}
[23.261137] (new_map_saver) StdoutLine: {'line': b'running install_lib\n'}
[23.266722] (new_map_saver) StdoutLine: {'line': b'creating /home/nvidia/f1tenth_ws/install/new_map_saver/lib/python3.8/site-packages/new_map_saver\n'}
[23.271407] (new_map_saver) StdoutLine: {'line': b'copying /home/nvidia/f1tenth_ws/build/new_map_saver/build/lib/new_map_saver/__init__.py -> /home/nvidia/f1tenth_ws/install/new_map_saver/lib/python3.8/site-packages/new_map_saver\n'}
[23.275308] (new_map_saver) StdoutLine: {'line': b'byte-compiling /home/nvidia/f1tenth_ws/install/new_map_saver/lib/python3.8/site-packages/new_map_saver/__init__.py to __init__.cpython-38.pyc\n'}
[23.284283] (new_map_saver) StdoutLine: {'line': b'running install_data\n'}
[23.285326] (new_map_saver) StdoutLine: {'line': b'creating /home/nvidia/f1tenth_ws/install/new_map_saver/share/ament_index\n'}
[23.285842] (new_map_saver) StdoutLine: {'line': b'creating /home/nvidia/f1tenth_ws/install/new_map_saver/share/ament_index/resource_index\n'}
[23.286276] (new_map_saver) StdoutLine: {'line': b'creating /home/nvidia/f1tenth_ws/install/new_map_saver/share/ament_index/resource_index/packages\n'}
[23.286904] (new_map_saver) StdoutLine: {'line': b'copying resource/new_map_saver -> /home/nvidia/f1tenth_ws/install/new_map_saver/share/ament_index/resource_index/packages\n'}
[23.287739] (new_map_saver) StdoutLine: {'line': b'copying package.xml -> /home/nvidia/f1tenth_ws/install/new_map_saver/share/new_map_saver\n'}
[23.288427] (new_map_saver) StdoutLine: {'line': b'creating /home/nvidia/f1tenth_ws/install/new_map_saver/share/new_map_saver/launch\n'}
[23.288870] (new_map_saver) StdoutLine: {'line': b'copying launch/map_saver.launch.py -> /home/nvidia/f1tenth_ws/install/new_map_saver/share/new_map_saver/launch\n'}
[23.289697] (new_map_saver) StdoutLine: {'line': b'creating /home/nvidia/f1tenth_ws/install/new_map_saver/share/new_map_saver/config\n'}
[23.290181] (new_map_saver) StdoutLine: {'line': b'copying config/map_saver_params.yaml -> /home/nvidia/f1tenth_ws/install/new_map_saver/share/new_map_saver/config\n'}
[23.290869] (new_map_saver) StdoutLine: {'line': b'running install_egg_info\n'}
[23.299968] (new_map_saver) StdoutLine: {'line': b'Copying ../../build/new_map_saver/new_map_saver.egg-info to /home/nvidia/f1tenth_ws/install/new_map_saver/lib/python3.8/site-packages/new_map_saver-0.0.0-py3.8.egg-info\n'}
[23.307925] (new_map_saver) StdoutLine: {'line': b'running install_scripts\n'}
[23.358924] (-) TimerEvent: {}
[23.386730] (phasespace) StdoutLine: {'line': b"reading manifest file '../../build/phasespace/phasespace.egg-info/SOURCES.txt'\n"}
[23.396222] (phasespace) StdoutLine: {'line': b"writing manifest file '../../build/phasespace/phasespace.egg-info/SOURCES.txt'\n"}
[23.397203] (phasespace) StdoutLine: {'line': b'running build\n'}
[23.397710] (phasespace) StdoutLine: {'line': b'running build_py\n'}
[23.398358] (phasespace) StdoutLine: {'line': b'creating /home/nvidia/f1tenth_ws/build/phasespace/build\n'}
[23.399302] (phasespace) StdoutLine: {'line': b'creating /home/nvidia/f1tenth_ws/build/phasespace/build/lib\n'}
[23.400031] (phasespace) StdoutLine: {'line': b'creating /home/nvidia/f1tenth_ws/build/phasespace/build/lib/phasespace\n'}
[23.400662] (phasespace) StdoutLine: {'line': b'copying phasespace/__init__.py -> /home/nvidia/f1tenth_ws/build/phasespace/build/lib/phasespace\n'}
[23.401086] (phasespace) StdoutLine: {'line': b'copying phasespace/phasespace_node_ros2.py -> /home/nvidia/f1tenth_ws/build/phasespace/build/lib/phasespace\n'}
[23.403589] (phasespace) StdoutLine: {'line': b'running install\n'}
[23.407853] (phasespace) StdoutLine: {'line': b'running install_lib\n'}
[23.414159] (phasespace) StdoutLine: {'line': b'creating /home/nvidia/f1tenth_ws/install/phasespace/lib/python3.8/site-packages/phasespace\n'}
[23.416675] (phasespace) StdoutLine: {'line': b'copying /home/nvidia/f1tenth_ws/build/phasespace/build/lib/phasespace/__init__.py -> /home/nvidia/f1tenth_ws/install/phasespace/lib/python3.8/site-packages/phasespace\n'}
[23.417339] (phasespace) StdoutLine: {'line': b'copying /home/nvidia/f1tenth_ws/build/phasespace/build/lib/phasespace/phasespace_node_ros2.py -> /home/nvidia/f1tenth_ws/install/phasespace/lib/python3.8/site-packages/phasespace\n'}
[23.421663] (phasespace) StdoutLine: {'line': b'byte-compiling /home/nvidia/f1tenth_ws/install/phasespace/lib/python3.8/site-packages/phasespace/__init__.py to __init__.cpython-38.pyc\n'}
[23.428119] (phasespace) StdoutLine: {'line': b'byte-compiling /home/nvidia/f1tenth_ws/install/phasespace/lib/python3.8/site-packages/phasespace/phasespace_node_ros2.py to phasespace_node_ros2.cpython-38.pyc\n'}
[23.444726] (new_map_saver) StdoutLine: {'line': b"writing list of installed files to '/home/nvidia/f1tenth_ws/build/new_map_saver/install.log'\n"}
[23.459274] (-) TimerEvent: {}
[23.560378] (-) TimerEvent: {}
[23.567620] (phasespace) StdoutLine: {'line': b'running install_data\n'}
[23.569710] (phasespace) StdoutLine: {'line': b'creating /home/nvidia/f1tenth_ws/install/phasespace/share/ament_index\n'}
[23.570286] (phasespace) StdoutLine: {'line': b'creating /home/nvidia/f1tenth_ws/install/phasespace/share/ament_index/resource_index\n'}
[23.570773] (phasespace) StdoutLine: {'line': b'creating /home/nvidia/f1tenth_ws/install/phasespace/share/ament_index/resource_index/packages\n'}
[23.571628] (phasespace) StdoutLine: {'line': b'copying resource/phasespace -> /home/nvidia/f1tenth_ws/install/phasespace/share/ament_index/resource_index/packages\n'}
[23.572590] (phasespace) StdoutLine: {'line': b'copying package.xml -> /home/nvidia/f1tenth_ws/install/phasespace/share/phasespace\n'}
[23.573406] (phasespace) StdoutLine: {'line': b'running install_egg_info\n'}
[23.576520] (teleop_tools_msgs) StdoutLine: {'line': b'-- Using all available rosidl_typesupport_c: rosidl_typesupport_fastrtps_c;rosidl_typesupport_introspection_c\n'}
[23.583823] (phasespace) StdoutLine: {'line': b'Copying ../../build/phasespace/phasespace.egg-info to /home/nvidia/f1tenth_ws/install/phasespace/lib/python3.8/site-packages/phasespace-0.0.0-py3.8.egg-info\n'}
[23.591831] (phasespace) StdoutLine: {'line': b'running install_scripts\n'}
[23.593003] (ackermann_mux) StdoutLine: {'line': b'-- Found diagnostic_updater: 3.1.2 (/opt/ros/foxy/share/diagnostic_updater/cmake)\n'}
[23.660661] (-) TimerEvent: {}
[23.676043] (pure_pursuit) StdoutLine: {'line': b'-- The C compiler identification is GNU 9.4.0\n'}
[23.684832] (new_map_saver) CommandEnded: {'returncode': 0}
[23.697025] (phasespace) StdoutLine: {'line': b'Installing phasespace_node script to /home/nvidia/f1tenth_ws/install/phasespace/lib/phasespace\n'}
[23.700870] (phasespace) StdoutLine: {'line': b"writing list of installed files to '/home/nvidia/f1tenth_ws/build/phasespace/install.log'\n"}
[23.760926] (-) TimerEvent: {}
[23.762495] (new_map_saver) JobEnded: {'identifier': 'new_map_saver', 'rc': 0}
[23.861204] (-) TimerEvent: {}
[23.907217] (teleop_tools_msgs) StdoutLine: {'line': b'-- Using all available rosidl_typesupport_cpp: rosidl_typesupport_fastrtps_cpp;rosidl_typesupport_introspection_cpp\n'}
[23.950810] (phasespace) CommandEnded: {'returncode': 0}
[23.963373] (-) TimerEvent: {}
[24.033105] (phasespace) JobEnded: {'identifier': 'phasespace', 'rc': 0}
[24.055112] (ackermann_mux) StdoutLine: {'line': b'-- Found ament_lint_auto: 0.9.8 (/opt/ros/foxy/share/ament_lint_auto/cmake)\n'}
[24.063648] (-) TimerEvent: {}
[24.164654] (-) TimerEvent: {}
[24.182076] (teleop_tools_msgs) StdoutLine: {'line': b'-- Found PythonInterp: /usr/bin/python3 (found suitable version "3.8.10", minimum required is "3.5") \n'}
[24.184702] (teleop_tools_msgs) StdoutLine: {'line': b'-- Found python_cmake_module: 0.8.1 (/opt/ros/foxy/share/python_cmake_module/cmake)\n'}
[24.264899] (-) TimerEvent: {}
[24.302051] (pure_pursuit) StdoutLine: {'line': b'-- The CXX compiler identification is GNU 9.4.0\n'}
[24.365122] (-) TimerEvent: {}
[24.400763] (pure_pursuit) StdoutLine: {'line': b'-- Check for working C compiler: /usr/bin/cc\n'}
[24.465380] (-) TimerEvent: {}
[24.493341] (teleop_tools_msgs) StdoutLine: {'line': b'-- Using PYTHON_EXECUTABLE: /usr/bin/python3\n'}
[24.494797] (teleop_tools_msgs) StdoutLine: {'line': b'-- Using PYTHON_INCLUDE_DIRS: /usr/include/python3.8\n'}
[24.497132] (teleop_tools_msgs) StdoutLine: {'line': b'-- Using PYTHON_LIBRARIES: /usr/lib/aarch64-linux-gnu/libpython3.8.so\n'}
[24.565694] (-) TimerEvent: {}
[24.667034] (-) TimerEvent: {}
[24.727506] (vesc_msgs) StdoutLine: {'line': b'-- Found ament_cmake_ros: 0.9.2 (/opt/ros/foxy/share/ament_cmake_ros/cmake)\n'}
[24.767393] (-) TimerEvent: {}
[24.786133] (ackermann_mux) StdoutLine: {'line': b'-- Found python_cmake_module: 0.8.1 (/opt/ros/foxy/share/python_cmake_module/cmake)\n'}
[24.851887] (teleop_tools_msgs) StdoutLine: {'line': b"-- Added test 'copyright' to check source files copyright and LICENSE\n"}
[24.863486] (teleop_tools_msgs) StdoutLine: {'line': b"-- Added test 'lint_cmake' to check CMake code style\n"}
[24.867633] (-) TimerEvent: {}
[24.871443] (teleop_tools_msgs) StdoutLine: {'line': b"-- Added test 'xmllint' to check XML markup files\n"}
[24.939263] (ackermann_mux) StdoutLine: {'line': b'-- Found PythonInterp: /usr/bin/python3 (found suitable version "3.8.10", minimum required is "3.5") \n'}
[24.952252] (ackermann_mux) StdoutLine: {'line': b'-- Using PYTHON_EXECUTABLE: /usr/bin/python3\n'}
[24.953180] (ackermann_mux) StdoutLine: {'line': b'-- Using PYTHON_INCLUDE_DIRS: /usr/include/python3.8\n'}
[24.954103] (ackermann_mux) StdoutLine: {'line': b'-- Using PYTHON_LIBRARIES: /usr/lib/aarch64-linux-gnu/libpython3.8.so\n'}
[24.960334] (teleop_tools_msgs) StdoutLine: {'line': b'-- Configuring done\n'}
[24.967917] (-) TimerEvent: {}
[25.054928] (ackermann_mux) StdoutLine: {'line': b"-- Added test 'xmllint' to check XML markup files\n"}
[25.058407] (ackermann_mux) StdoutLine: {'line': b"-- Added test 'copyright' to check source files copyright and LICENSE\n"}
[25.068196] (-) TimerEvent: {}
[25.078778] (ackermann_mux) StdoutLine: {'line': b"-- Added test 'cppcheck' to perform static code analysis on C / C++ code\n"}
[25.082352] (ackermann_mux) StdoutLine: {'line': b'-- Configured cppcheck include dirs: /home/nvidia/f1tenth_ws/src/f1tenth_system/ackermann_mux/include\n'}
[25.083683] (ackermann_mux) StdoutLine: {'line': b'-- Configured cppcheck exclude dirs and/or files: \n'}
[25.101115] (ackermann_mux) StdoutLine: {'line': b"-- Added test 'cpplint' to check C / C++ code against the Google style\n"}
[25.103863] (ackermann_mux) StdoutLine: {'line': b'-- Configured cpplint exclude dirs and/or files: \n'}
[25.108614] (ackermann_mux) StdoutLine: {'line': b"-- Added test 'flake8' to check Python code syntax and style conventions\n"}
[25.114799] (ackermann_mux) StdoutLine: {'line': b"-- Added test 'lint_cmake' to check CMake code style\n"}
[25.119936] (ackermann_mux) StdoutLine: {'line': b"-- Added test 'pep257' to check Python code against some of the style conventions in PEP 257\n"}
[25.136850] (ackermann_mux) StdoutLine: {'line': b"-- Added test 'uncrustify' to check C / C++ code style\n"}
[25.138386] (ackermann_mux) StdoutLine: {'line': b'-- Configured uncrustify additional arguments: \n'}
[25.168451] (-) TimerEvent: {}
[25.174671] (ackermann_mux) StdoutLine: {'line': b'-- Configuring done\n'}
[25.240636] (ackermann_mux) StdoutLine: {'line': b'-- Generating done\n'}
[25.258693] (ackermann_mux) StdoutLine: {'line': b'-- Build files have been written to: /home/nvidia/f1tenth_ws/build/ackermann_mux\n'}
[25.268740] (-) TimerEvent: {}
[25.335542] (pure_pursuit) StdoutLine: {'line': b'-- Check for working C compiler: /usr/bin/cc -- works\n'}
[25.357295] (pure_pursuit) StdoutLine: {'line': b'-- Detecting C compiler ABI info\n'}
[25.369025] (-) TimerEvent: {}
[25.397512] (teleop_tools_msgs) StdoutLine: {'line': b'-- Generating done\n'}
[25.425097] (teleop_tools_msgs) StdoutLine: {'line': b'-- Build files have been written to: /home/nvidia/f1tenth_ws/build/teleop_tools_msgs\n'}
[25.454504] (ackermann_mux) StdoutLine: {'line': b'\x1b[35m\x1b[1mScanning dependencies of target ackermann_mux\x1b[0m\n'}
[25.469278] (-) TimerEvent: {}
[25.571047] (-) TimerEvent: {}
[25.574298] (teleop_tools_msgs) StderrLine: {'line': b"make[2]: Warning: File '/opt/ros/foxy/share/unique_identifier_msgs/msg/UUID.idl' has modification time 738471511 s in the future\n"}
[25.652611] (teleop_tools_msgs) StdoutLine: {'line': b'\x1b[35m\x1b[1mScanning dependencies of target teleop_tools_msgs__cpp\x1b[0m\n'}
[25.671228] (teleop_tools_msgs) StdoutLine: {'line': b'[  3%] \x1b[34m\x1b[1mGenerating C code for ROS interfaces\x1b[0m\n'}
[25.672176] (-) TimerEvent: {}
[25.676384] (teleop_tools_msgs) StderrLine: {'line': b"make[2]: Warning: File '/opt/ros/foxy/share/unique_identifier_msgs/msg/UUID.idl' has modification time 738471510 s in the future\n"}
[25.742140] (teleop_tools_msgs) StdoutLine: {'line': b'[  6%] \x1b[34m\x1b[1mGenerating C++ code for ROS interfaces\x1b[0m\n'}
[25.772443] (-) TimerEvent: {}
[25.873982] (-) TimerEvent: {}
[25.976784] (-) TimerEvent: {}
[26.078417] (-) TimerEvent: {}
[26.103507] (pure_pursuit) StdoutLine: {'line': b'-- Detecting C compiler ABI info - done\n'}
[26.178666] (-) TimerEvent: {}
[26.252532] (pure_pursuit) StdoutLine: {'line': b'-- Detecting C compile features\n'}
[26.256894] (pure_pursuit) StdoutLine: {'line': b'-- Detecting C compile features - done\n'}
[26.273833] (pure_pursuit) StdoutLine: {'line': b'-- Check for working CXX compiler: /usr/bin/c++\n'}
[26.278915] (-) TimerEvent: {}
[26.325809] (ackermann_mux) StderrLine: {'line': b"make[2]: Warning: File '/home/nvidia/f1tenth_ws/src/f1tenth_system/ackermann_mux/src/ackermann_mux.cpp' has modification time 777669307 s in the future\n"}
[26.379221] (-) TimerEvent: {}
[26.461328] (ackermann_mux) StdoutLine: {'line': b'[ 25%] \x1b[32mBuilding CXX object CMakeFiles/ackermann_mux.dir/src/ackermann_mux.cpp.o\x1b[0m\n'}
[26.479391] (-) TimerEvent: {}
[26.541070] (ackermann_mux) StdoutLine: {'line': b'[ 50%] \x1b[32mBuilding CXX object CMakeFiles/ackermann_mux.dir/src/ackermann_mux_node.cpp.o\x1b[0m\n'}
[26.579630] (-) TimerEvent: {}
[26.595288] (ackermann_mux) StdoutLine: {'line': b'[ 75%] \x1b[32mBuilding CXX object CMakeFiles/ackermann_mux.dir/src/ackermann_mux_diagnostics.cpp.o\x1b[0m\n'}
[26.679929] (-) TimerEvent: {}
[26.782146] (-) TimerEvent: {}
[26.858948] (vesc_msgs) StdoutLine: {'line': b'-- Using all available rosidl_typesupport_c: rosidl_typesupport_fastrtps_c;rosidl_typesupport_introspection_c\n'}
[26.882401] (-) TimerEvent: {}
[26.983694] (-) TimerEvent: {}
[27.084899] (-) TimerEvent: {}
[27.186478] (-) TimerEvent: {}
[27.278620] (pure_pursuit) StdoutLine: {'line': b'-- Check for working CXX compiler: /usr/bin/c++ -- works\n'}
[27.286722] (-) TimerEvent: {}
[27.294929] (pure_pursuit) StdoutLine: {'line': b'-- Detecting CXX compiler ABI info\n'}
[27.386951] (-) TimerEvent: {}
[27.488690] (-) TimerEvent: {}
[27.589791] (-) TimerEvent: {}
[27.690899] (-) TimerEvent: {}
[27.792047] (-) TimerEvent: {}
[27.893536] (-) TimerEvent: {}
[27.989108] (vesc_msgs) StdoutLine: {'line': b'-- Using all available rosidl_typesupport_cpp: rosidl_typesupport_fastrtps_cpp;rosidl_typesupport_introspection_cpp\n'}
[27.993741] (-) TimerEvent: {}
[28.095418] (-) TimerEvent: {}
[28.197140] (-) TimerEvent: {}
[28.280277] (vesc_msgs) StdoutLine: {'line': b'-- Found PythonInterp: /usr/bin/python3 (found suitable version "3.8.10", minimum required is "3.5") \n'}
[28.282664] (vesc_msgs) StdoutLine: {'line': b'-- Found python_cmake_module: 0.8.1 (/opt/ros/foxy/share/python_cmake_module/cmake)\n'}
[28.297503] (-) TimerEvent: {}
[28.398576] (-) TimerEvent: {}
[28.501088] (-) TimerEvent: {}
[28.529589] (vesc_msgs) StdoutLine: {'line': b'-- Using PYTHON_EXECUTABLE: /usr/bin/python3\n'}
[28.537931] (vesc_msgs) StdoutLine: {'line': b'-- Using PYTHON_INCLUDE_DIRS: /usr/include/python3.8\n'}
[28.539679] (vesc_msgs) StdoutLine: {'line': b'-- Using PYTHON_LIBRARIES: /usr/lib/aarch64-linux-gnu/libpython3.8.so\n'}
[28.590117] (teleop_tools_msgs) StderrLine: {'line': b'make[2]: warning:  Clock skew detected.  Your build may be incomplete.\n'}
[28.601386] (-) TimerEvent: {}
[28.621869] (pure_pursuit) StdoutLine: {'line': b'-- Detecting CXX compiler ABI info - done\n'}
[28.686773] (teleop_tools_msgs) StdoutLine: {'line': b'[  6%] Built target teleop_tools_msgs__cpp\n'}
[28.701655] (-) TimerEvent: {}
[28.730285] (teleop_tools_msgs) StderrLine: {'line': b"make[2]: Warning: File '/opt/ros/foxy/share/unique_identifier_msgs/msg/UUID.idl' has modification time 738471507 s in the future\n"}
[28.742456] (teleop_tools_msgs) StderrLine: {'line': b"make[2]: Warning: File '/opt/ros/foxy/share/unique_identifier_msgs/msg/UUID.idl' has modification time 738471507 s in the future\n"}
[28.743386] (teleop_tools_msgs) StderrLine: {'line': b"make[2]: Warning: File '/opt/ros/foxy/share/unique_identifier_msgs/msg/UUID.idl' has modification time 738471507 s in the future\n"}
[28.802132] (-) TimerEvent: {}
[28.838578] (pure_pursuit) StdoutLine: {'line': b'-- Detecting CXX compile features\n'}
[28.852157] (pure_pursuit) StdoutLine: {'line': b'-- Detecting CXX compile features - done\n'}
[28.884534] (teleop_tools_msgs) StdoutLine: {'line': b'[  9%] \x1b[34m\x1b[1mGenerating C++ type support dispatch for ROS interfaces\x1b[0m\n'}
[28.902387] (teleop_tools_msgs) StdoutLine: {'line': b'[ 12%] \x1b[34m\x1b[1mGenerating C++ type support for eProsima Fast-RTPS\x1b[0m\n'}
[28.903370] (-) TimerEvent: {}
[28.912987] (pure_pursuit) StdoutLine: {'line': b'-- Found ament_cmake: 0.9.12 (/opt/ros/foxy/share/ament_cmake/cmake)\n'}
[28.922879] (teleop_tools_msgs) StdoutLine: {'line': b'[ 16%] \x1b[34m\x1b[1mGenerating C++ introspection for ROS interfaces\x1b[0m\n'}
[29.003620] (-) TimerEvent: {}
[29.104741] (-) TimerEvent: {}
[29.206133] (-) TimerEvent: {}
[29.307274] (-) TimerEvent: {}
[29.318296] (teleop_tools_msgs) StdoutLine: {'line': b'\x1b[35m\x1b[1mScanning dependencies of target teleop_tools_msgs__rosidl_generator_c\x1b[0m\n'}
[29.349580] (vesc_msgs) StdoutLine: {'line': b'-- Found ament_lint_auto: 0.9.8 (/opt/ros/foxy/share/ament_lint_auto/cmake)\n'}
[29.355992] (teleop_tools_msgs) StderrLine: {'line': b'make[2]: warning:  Clock skew detected.  Your build may be incomplete.\n'}
[29.378646] (teleop_tools_msgs) StderrLine: {'line': b"make[2]: Warning: File '/opt/ros/foxy/share/unique_identifier_msgs/msg/UUID.idl' has modification time 738471507 s in the future\n"}
[29.391269] (pure_pursuit) StdoutLine: {'line': b'-- Found PythonInterp: /usr/bin/python3 (found suitable version "3.8.10", minimum required is "3") \n'}
[29.392528] (pure_pursuit) StdoutLine: {'line': b'-- Using PYTHON_EXECUTABLE: /usr/bin/python3\n'}
[29.408809] (-) TimerEvent: {}
[29.510832] (-) TimerEvent: {}
[29.544498] (vesc_msgs) StdoutLine: {'line': b"-- Added test 'copyright' to check source files copyright and LICENSE\n"}
[29.552131] (teleop_tools_msgs) StdoutLine: {'line': b'[ 16%] \x1b[34m\x1b[1mGenerating C code for ROS interfaces\x1b[0m\n'}
[29.582459] (vesc_msgs) StdoutLine: {'line': b"-- Added test 'lint_cmake' to check CMake code style\n"}
[29.589971] (vesc_msgs) StdoutLine: {'line': b"-- Added test 'xmllint' to check XML markup files\n"}
[29.611071] (-) TimerEvent: {}
[29.670860] (vesc_msgs) StdoutLine: {'line': b'-- Configuring done\n'}
[29.711431] (-) TimerEvent: {}
[29.812567] (-) TimerEvent: {}
[29.913778] (-) TimerEvent: {}
[30.014847] (-) TimerEvent: {}
[30.116061] (-) TimerEvent: {}
[30.218281] (-) TimerEvent: {}
[30.319474] (-) TimerEvent: {}
[30.420439] (-) TimerEvent: {}
[30.522487] (-) TimerEvent: {}
[30.623894] (-) TimerEvent: {}
[30.703431] (vesc_msgs) StdoutLine: {'line': b'-- Generating done\n'}
[30.724153] (-) TimerEvent: {}
[30.769049] (vesc_msgs) StdoutLine: {'line': b'-- Build files have been written to: /home/nvidia/f1tenth_ws/build/vesc_msgs\n'}
[30.824425] (-) TimerEvent: {}
[30.925601] (-) TimerEvent: {}
[31.026803] (-) TimerEvent: {}
[31.080839] (vesc_msgs) StderrLine: {'line': b"make[2]: Warning: File '/opt/ros/foxy/share/geometry_msgs/msg/WrenchStamped.idl' has modification time 738472204 s in the future\n"}
[31.127043] (-) TimerEvent: {}
[31.220931] (vesc_msgs) StdoutLine: {'line': b'\x1b[35m\x1b[1mScanning dependencies of target vesc_msgs__cpp\x1b[0m\n'}
[31.227318] (-) TimerEvent: {}
[31.258038] (vesc_msgs) StderrLine: {'line': b"make[2]: Warning: File '/opt/ros/foxy/share/geometry_msgs/msg/WrenchStamped.idl' has modification time 738472204 s in the future\n"}
[31.273270] (vesc_msgs) StdoutLine: {'line': b'[  1%] \x1b[34m\x1b[1mGenerating C code for ROS interfaces\x1b[0m\n'}
[31.327552] (-) TimerEvent: {}
[31.429256] (-) TimerEvent: {}
[31.474177] (vesc_msgs) StdoutLine: {'line': b'[  3%] \x1b[34m\x1b[1mGenerating C++ code for ROS interfaces\x1b[0m\n'}
[31.529518] (-) TimerEvent: {}
[31.630535] (-) TimerEvent: {}
[31.731977] (-) TimerEvent: {}
[31.832953] (-) TimerEvent: {}
[31.933970] (-) TimerEvent: {}
[32.035811] (-) TimerEvent: {}
[32.136841] (-) TimerEvent: {}
[32.234903] (teleop_tools_msgs) StdoutLine: {'line': b'\x1b[35m\x1b[1mScanning dependencies of target teleop_tools_msgs__rosidl_typesupport_cpp\x1b[0m\n'}
[32.237380] (-) TimerEvent: {}
[32.325937] (teleop_tools_msgs) StderrLine: {'line': b'make[2]: warning:  Clock skew detected.  Your build may be incomplete.\n'}
[32.337670] (-) TimerEvent: {}
[32.361733] (teleop_tools_msgs) StderrLine: {'line': b"make[2]: Warning: File '/opt/ros/foxy/share/unique_identifier_msgs/msg/UUID.idl' has modification time 738471504 s in the future\n"}
[32.437954] (-) TimerEvent: {}
[32.461613] (pure_pursuit) StdoutLine: {'line': b'-- Found rclcpp: 2.4.3 (/opt/ros/foxy/share/rclcpp/cmake)\n'}
[32.499442] (teleop_tools_msgs) StdoutLine: {'line': b'\x1b[35m\x1b[1mScanning dependencies of target teleop_tools_msgs__rosidl_typesupport_introspection_cpp\x1b[0m\n'}
[32.538235] (-) TimerEvent: {}
[32.557022] (teleop_tools_msgs) StdoutLine: {'line': b'[ 16%] \x1b[34m\x1b[1mGenerating C++ type support dispatch for ROS interfaces\x1b[0m\n'}
[32.565585] (teleop_tools_msgs) StderrLine: {'line': b'make[2]: warning:  Clock skew detected.  Your build may be incomplete.\n'}
[32.602411] (teleop_tools_msgs) StderrLine: {'line': b"make[2]: Warning: File '/opt/ros/foxy/share/unique_identifier_msgs/msg/UUID.idl' has modification time 738471503 s in the future\n"}
[32.638492] (-) TimerEvent: {}
[32.739612] (-) TimerEvent: {}
[32.782487] (teleop_tools_msgs) StdoutLine: {'line': b'[ 16%] \x1b[34m\x1b[1mGenerating C++ introspection for ROS interfaces\x1b[0m\n'}
[32.839848] (-) TimerEvent: {}
[32.940910] (-) TimerEvent: {}
[33.041973] (-) TimerEvent: {}
[33.143357] (-) TimerEvent: {}
[33.244392] (-) TimerEvent: {}
[33.277603] (pure_pursuit) StdoutLine: {'line': b'-- Using all available rosidl_typesupport_c: rosidl_typesupport_fastrtps_c;rosidl_typesupport_introspection_c\n'}
[33.344658] (-) TimerEvent: {}
[33.445689] (-) TimerEvent: {}
[33.463754] (teleop_tools_msgs) StdoutLine: {'line': b'\x1b[35m\x1b[1mScanning dependencies of target teleop_tools_msgs__rosidl_typesupport_fastrtps_cpp\x1b[0m\n'}
[33.480252] (pure_pursuit) StdoutLine: {'line': b'-- Found rosidl_adapter: 1.3.1 (/opt/ros/foxy/share/rosidl_adapter/cmake)\n'}
[33.545923] (-) TimerEvent: {}
[33.637879] (teleop_tools_msgs) StderrLine: {'line': b'make[2]: warning:  Clock skew detected.  Your build may be incomplete.\n'}
[33.646188] (-) TimerEvent: {}
[33.673630] (teleop_tools_msgs) StderrLine: {'line': b"make[2]: Warning: File '/opt/ros/foxy/share/unique_identifier_msgs/msg/UUID.idl' has modification time 738471502 s in the future\n"}
[33.746432] (-) TimerEvent: {}
[33.848531] (-) TimerEvent: {}
[33.868370] (teleop_tools_msgs) StdoutLine: {'line': b'[ 16%] \x1b[34m\x1b[1mGenerating C++ type support for eProsima Fast-RTPS\x1b[0m\n'}
[33.948760] (-) TimerEvent: {}
[34.050986] (-) TimerEvent: {}
[34.153244] (-) TimerEvent: {}
[34.255326] (-) TimerEvent: {}
[34.357490] (-) TimerEvent: {}
[34.459919] (-) TimerEvent: {}
[34.561900] (-) TimerEvent: {}
[34.663802] (-) TimerEvent: {}
[34.764876] (-) TimerEvent: {}
[34.865915] (-) TimerEvent: {}
[34.966957] (-) TimerEvent: {}
[34.997673] (teleop_tools_msgs) StdoutLine: {'line': b'[ 19%] \x1b[32mBuilding C object CMakeFiles/teleop_tools_msgs__rosidl_generator_c.dir/rosidl_generator_c/teleop_tools_msgs/action/detail/increment__functions.c.o\x1b[0m\n'}
[35.004388] (pure_pursuit) StdoutLine: {'line': b'-- Found OpenSSL: /usr/lib/aarch64-linux-gnu/libcrypto.so (found version "1.1.1f")  \n'}
[35.067275] (-) TimerEvent: {}
[35.169290] (-) TimerEvent: {}
[35.271421] (-) TimerEvent: {}
[35.372685] (-) TimerEvent: {}
[35.431534] (pure_pursuit) StdoutLine: {'line': b'-- Found FastRTPS: /opt/ros/foxy/include  \n'}
[35.472935] (-) TimerEvent: {}
[35.574097] (-) TimerEvent: {}
[35.658681] (teleop_tools_msgs) StdoutLine: {'line': b'[ 22%] \x1b[32mBuilding CXX object CMakeFiles/teleop_tools_msgs__rosidl_typesupport_cpp.dir/rosidl_typesupport_cpp/teleop_tools_msgs/action/increment__type_support.cpp.o\x1b[0m\n'}
[35.674339] (-) TimerEvent: {}
[35.779036] (-) TimerEvent: {}
[35.841522] (teleop_tools_msgs) StdoutLine: {'line': b'[ 25%] \x1b[32mBuilding CXX object CMakeFiles/teleop_tools_msgs__rosidl_typesupport_introspection_cpp.dir/rosidl_typesupport_introspection_cpp/teleop_tools_msgs/action/detail/increment__type_support.cpp.o\x1b[0m\n'}
[35.879338] (-) TimerEvent: {}
[35.981500] (-) TimerEvent: {}
[36.084076] (-) TimerEvent: {}
[36.186395] (-) TimerEvent: {}
[36.290169] (-) TimerEvent: {}
[36.392828] (-) TimerEvent: {}
[36.398349] (pure_pursuit) StdoutLine: {'line': b'-- Using all available rosidl_typesupport_cpp: rosidl_typesupport_fastrtps_cpp;rosidl_typesupport_introspection_cpp\n'}
[36.494140] (-) TimerEvent: {}
[36.596455] (-) TimerEvent: {}
[36.699731] (-) TimerEvent: {}
[36.802394] (-) TimerEvent: {}
[36.905016] (-) TimerEvent: {}
[37.007371] (-) TimerEvent: {}
[37.110802] (-) TimerEvent: {}
[37.139782] (pure_pursuit) StdoutLine: {'line': b'-- Found rmw_implementation_cmake: 1.0.4 (/opt/ros/foxy/share/rmw_implementation_cmake/cmake)\n'}
[37.158488] (pure_pursuit) StdoutLine: {'line': b"-- Using RMW implementation 'rmw_fastrtps_cpp' as default\n"}
[37.174284] (pure_pursuit) StdoutLine: {'line': b'-- Looking for pthread.h\n'}
[37.211177] (-) TimerEvent: {}
[37.315359] (-) TimerEvent: {}
[37.395573] (teleop_tools_msgs) StdoutLine: {'line': b'[ 29%] \x1b[32m\x1b[1mLinking C shared library libteleop_tools_msgs__rosidl_generator_c.so\x1b[0m\n'}
[37.415666] (-) TimerEvent: {}
[37.517738] (-) TimerEvent: {}
[37.620906] (-) TimerEvent: {}
[37.723281] (-) TimerEvent: {}
[37.825767] (-) TimerEvent: {}
[37.928517] (-) TimerEvent: {}
[38.020707] (teleop_tools_msgs) StderrLine: {'line': b'make[2]: warning:  Clock skew detected.  Your build may be incomplete.\n'}
[38.028786] (-) TimerEvent: {}
[38.130645] (-) TimerEvent: {}
[38.200839] (teleop_tools_msgs) StdoutLine: {'line': b'[ 29%] Built target teleop_tools_msgs__rosidl_generator_c\n'}
[38.230930] (-) TimerEvent: {}
[38.332911] (-) TimerEvent: {}
[38.434951] (-) TimerEvent: {}
[38.537033] (-) TimerEvent: {}
[38.608089] (pure_pursuit) StdoutLine: {'line': b'-- Looking for pthread.h - found\n'}
[38.610457] (pure_pursuit) StdoutLine: {'line': b'-- Performing Test CMAKE_HAVE_LIBC_PTHREAD\n'}
[38.637326] (-) TimerEvent: {}
[38.693977] (teleop_tools_msgs) StdoutLine: {'line': b'[ 32%] \x1b[32mBuilding CXX object CMakeFiles/teleop_tools_msgs__rosidl_typesupport_fastrtps_cpp.dir/rosidl_typesupport_fastrtps_cpp/teleop_tools_msgs/action/detail/dds_fastrtps/increment__type_support.cpp.o\x1b[0m\n'}
[38.737708] (-) TimerEvent: {}
[38.839563] (-) TimerEvent: {}
[38.942747] (-) TimerEvent: {}
[39.045982] (-) TimerEvent: {}
[39.147849] (-) TimerEvent: {}
[39.251063] (-) TimerEvent: {}
[39.355931] (-) TimerEvent: {}
[39.458886] (-) TimerEvent: {}
[39.560839] (-) TimerEvent: {}
[39.663009] (-) TimerEvent: {}
[39.765504] (-) TimerEvent: {}
[39.856141] (pure_pursuit) StdoutLine: {'line': b'-- Performing Test CMAKE_HAVE_LIBC_PTHREAD - Failed\n'}
[39.858379] (pure_pursuit) StdoutLine: {'line': b'-- Looking for pthread_create in pthreads\n'}
[39.866145] (-) TimerEvent: {}
[39.968025] (-) TimerEvent: {}
[40.070792] (-) TimerEvent: {}
[40.176144] (-) TimerEvent: {}
[40.279095] (-) TimerEvent: {}
[40.380969] (-) TimerEvent: {}
[40.421734] (teleop_tools_msgs) StdoutLine: {'line': b'[ 35%] \x1b[32m\x1b[1mLinking CXX shared library libteleop_tools_msgs__rosidl_typesupport_cpp.so\x1b[0m\n'}
[40.481260] (-) TimerEvent: {}
[40.582515] (-) TimerEvent: {}
[40.665222] (vesc_msgs) StderrLine: {'line': b'make[2]: warning:  Clock skew detected.  Your build may be incomplete.\n'}
[40.682886] (-) TimerEvent: {}
[40.785007] (-) TimerEvent: {}
[40.839549] (vesc_msgs) StdoutLine: {'line': b'[  3%] Built target vesc_msgs__cpp\n'}
[40.885290] (-) TimerEvent: {}
[40.916175] (teleop_tools_msgs) StdoutLine: {'line': b'[ 38%] \x1b[32m\x1b[1mLinking CXX shared library libteleop_tools_msgs__rosidl_typesupport_introspection_cpp.so\x1b[0m\n'}
[40.985617] (-) TimerEvent: {}
[41.000784] (teleop_tools_msgs) StderrLine: {'line': b'make[2]: warning:  Clock skew detected.  Your build may be incomplete.\n'}
[41.010955] (pure_pursuit) StdoutLine: {'line': b'-- Looking for pthread_create in pthreads - not found\n'}
[41.013767] (pure_pursuit) StdoutLine: {'line': b'-- Looking for pthread_create in pthread\n'}
[41.085871] (-) TimerEvent: {}
[41.155226] (teleop_tools_msgs) StdoutLine: {'line': b'[ 38%] Built target teleop_tools_msgs__rosidl_typesupport_cpp\n'}
[41.186153] (-) TimerEvent: {}
[41.217632] (vesc_msgs) StdoutLine: {'line': b'\x1b[35m\x1b[1mScanning dependencies of target vesc_msgs__rosidl_generator_c\x1b[0m\n'}
[41.277974] (vesc_msgs) StderrLine: {'line': b'make[2]: warning:  Clock skew detected.  Your build may be incomplete.\n'}
[41.286514] (-) TimerEvent: {}
[41.329905] (vesc_msgs) StderrLine: {'line': b"make[2]: Warning: File '/opt/ros/foxy/share/geometry_msgs/msg/WrenchStamped.idl' has modification time 738472194 s in the future\n"}
[41.386737] (-) TimerEvent: {}
[41.488059] (-) TimerEvent: {}
[41.497364] (vesc_msgs) StdoutLine: {'line': b'[  3%] \x1b[34m\x1b[1mGenerating C code for ROS interfaces\x1b[0m\n'}
[41.588311] (-) TimerEvent: {}
[41.684367] (teleop_tools_msgs) StderrLine: {'line': b'make[2]: warning:  Clock skew detected.  Your build may be incomplete.\n'}
[41.688548] (-) TimerEvent: {}
[41.790294] (-) TimerEvent: {}
[41.825812] (teleop_tools_msgs) StdoutLine: {'line': b'[ 38%] Built target teleop_tools_msgs__rosidl_typesupport_introspection_cpp\n'}
[41.890621] (-) TimerEvent: {}
[41.992539] (-) TimerEvent: {}
[42.094502] (-) TimerEvent: {}
[42.182102] (pure_pursuit) StdoutLine: {'line': b'-- Looking for pthread_create in pthread - found\n'}
[42.194861] (-) TimerEvent: {}
[42.215592] (pure_pursuit) StdoutLine: {'line': b'-- Found Threads: TRUE  \n'}
[42.295207] (-) TimerEvent: {}
[42.397033] (-) TimerEvent: {}
[42.498918] (-) TimerEvent: {}
[42.601293] (-) TimerEvent: {}
[42.703060] (-) TimerEvent: {}
[42.806285] (-) TimerEvent: {}
[42.907461] (-) TimerEvent: {}
[43.010489] (-) TimerEvent: {}
[43.111708] (-) TimerEvent: {}
[43.213278] (-) TimerEvent: {}
[43.314467] (-) TimerEvent: {}
[43.417291] (-) TimerEvent: {}
[43.519616] (-) TimerEvent: {}
[43.622740] (-) TimerEvent: {}
[43.725104] (-) TimerEvent: {}
[43.738930] (pure_pursuit) StdoutLine: {'line': b'-- Found rclpy: 1.0.13 (/opt/ros/foxy/share/rclpy/cmake)\n'}
[43.757630] (pure_pursuit) StdoutLine: {'line': b'-- Found geometry_msgs: 2.0.5 (/opt/ros/foxy/share/geometry_msgs/cmake)\n'}
[43.825373] (-) TimerEvent: {}
[43.926508] (-) TimerEvent: {}
[44.027698] (-) TimerEvent: {}
[44.086760] (pure_pursuit) StdoutLine: {'line': b'-- Found nav_msgs: 2.0.5 (/opt/ros/foxy/share/nav_msgs/cmake)\n'}
[44.128203] (-) TimerEvent: {}
[44.229388] (-) TimerEvent: {}
[44.266967] (teleop_tools_msgs) StdoutLine: {'line': b'[ 41%] \x1b[32m\x1b[1mLinking CXX shared library libteleop_tools_msgs__rosidl_typesupport_fastrtps_cpp.so\x1b[0m\n'}
[44.329622] (-) TimerEvent: {}
[44.431532] (-) TimerEvent: {}
[44.532679] (-) TimerEvent: {}
[44.634065] (-) TimerEvent: {}
[44.660165] (pure_pursuit) StdoutLine: {'line': b'-- Found ackermann_msgs: 2.0.2 (/opt/ros/foxy/share/ackermann_msgs/cmake)\n'}
[44.734305] (-) TimerEvent: {}
[44.836214] (-) TimerEvent: {}
[44.937298] (-) TimerEvent: {}
[45.039846] (-) TimerEvent: {}
[45.072466] (pure_pursuit) StdoutLine: {'line': b'-- Found sensor_msgs: 2.0.5 (/opt/ros/foxy/share/sensor_msgs/cmake)\n'}
[45.140430] (-) TimerEvent: {}
[45.186403] (teleop_tools_msgs) StderrLine: {'line': b'make[2]: warning:  Clock skew detected.  Your build may be incomplete.\n'}
[45.240686] (-) TimerEvent: {}
[45.330175] (teleop_tools_msgs) StdoutLine: {'line': b'[ 41%] Built target teleop_tools_msgs__rosidl_typesupport_fastrtps_cpp\n'}
[45.341338] (-) TimerEvent: {}
[45.358093] (teleop_tools_msgs) StderrLine: {'line': b"make[2]: Warning: File '/opt/ros/foxy/share/unique_identifier_msgs/msg/UUID.idl' has modification time 738471491 s in the future\n"}
[45.428590] (teleop_tools_msgs) StdoutLine: {'line': b'[ 45%] \x1b[34m\x1b[1mGenerating C type support dispatch for ROS interfaces\x1b[0m\n'}
[45.441621] (-) TimerEvent: {}
[45.543198] (-) TimerEvent: {}
[45.644438] (-) TimerEvent: {}
[45.746261] (-) TimerEvent: {}
[45.785328] (pure_pursuit) StdoutLine: {'line': b'-- Found visualization_msgs: 2.0.5 (/opt/ros/foxy/share/visualization_msgs/cmake)\n'}
[45.846538] (-) TimerEvent: {}
[45.948422] (-) TimerEvent: {}
[46.049628] (-) TimerEvent: {}
[46.150961] (-) TimerEvent: {}
[46.253370] (-) TimerEvent: {}
[46.354678] (-) TimerEvent: {}
[46.463468] (pure_pursuit) StdoutLine: {'line': b'-- Found eigen3_cmake_module: 0.1.1 (/opt/ros/foxy/share/eigen3_cmake_module/cmake)\n'}
[46.464304] (-) TimerEvent: {}
[46.488790] (pure_pursuit) StdoutLine: {'line': b'-- Found Eigen3: TRUE (found version "3.3.7") \n'}
[46.503714] (pure_pursuit) StdoutLine: {'line': b'-- Found tf2_ros: 0.13.14 (/opt/ros/foxy/share/tf2_ros/cmake)\n'}
[46.505102] (vesc_msgs) StdoutLine: {'line': b'[  5%] \x1b[32mBuilding C object CMakeFiles/vesc_msgs__rosidl_generator_c.dir/rosidl_generator_c/vesc_msgs/msg/detail/vesc_imu__functions.c.o\x1b[0m\n'}
[46.564577] (-) TimerEvent: {}
[46.665622] (-) TimerEvent: {}
[46.766722] (-) TimerEvent: {}
[46.867856] (-) TimerEvent: {}
[46.968900] (-) TimerEvent: {}
[47.078209] (-) TimerEvent: {}
[47.179345] (-) TimerEvent: {}
[47.193104] (vesc_msgs) StdoutLine: {'line': b'[  7%] \x1b[32mBuilding C object CMakeFiles/vesc_msgs__rosidl_generator_c.dir/rosidl_generator_c/vesc_msgs/msg/detail/vesc_imu_stamped__functions.c.o\x1b[0m\n'}
[47.279617] (-) TimerEvent: {}
[47.380758] (-) TimerEvent: {}
[47.481884] (-) TimerEvent: {}
[47.509595] (teleop_tools_msgs) StdoutLine: {'line': b'\x1b[35m\x1b[1mScanning dependencies of target teleop_tools_msgs__rosidl_typesupport_c\x1b[0m\n'}
[47.576164] (teleop_tools_msgs) StderrLine: {'line': b'make[2]: warning:  Clock skew detected.  Your build may be incomplete.\n'}
[47.582161] (-) TimerEvent: {}
[47.596296] (teleop_tools_msgs) StderrLine: {'line': b"make[2]: Warning: File '/opt/ros/foxy/share/unique_identifier_msgs/msg/UUID.idl' has modification time 738471488 s in the future\n"}
[47.668663] (teleop_tools_msgs) StdoutLine: {'line': b'[ 45%] \x1b[34m\x1b[1mGenerating C type support dispatch for ROS interfaces\x1b[0m\n'}
[47.682435] (-) TimerEvent: {}
[47.760222] (vesc_msgs) StdoutLine: {'line': b'[  9%] \x1b[32mBuilding C object CMakeFiles/vesc_msgs__rosidl_generator_c.dir/rosidl_generator_c/vesc_msgs/msg/detail/vesc_state__functions.c.o\x1b[0m\n'}
[47.782726] (-) TimerEvent: {}
[47.884012] (-) TimerEvent: {}
[47.985109] (-) TimerEvent: {}
[48.086241] (-) TimerEvent: {}
[48.156468] (vesc_msgs) StdoutLine: {'line': b'[ 10%] \x1b[32mBuilding C object CMakeFiles/vesc_msgs__rosidl_generator_c.dir/rosidl_generator_c/vesc_msgs/msg/detail/vesc_state_stamped__functions.c.o\x1b[0m\n'}
[48.186933] (-) TimerEvent: {}
[48.288071] (-) TimerEvent: {}
[48.389867] (-) TimerEvent: {}
[48.491039] (-) TimerEvent: {}
[48.549961] (vesc_msgs) StdoutLine: {'line': b'[ 12%] \x1b[32m\x1b[1mLinking C shared library libvesc_msgs__rosidl_generator_c.so\x1b[0m\n'}
[48.591378] (-) TimerEvent: {}
[48.692551] (-) TimerEvent: {}
[48.793633] (-) TimerEvent: {}
[48.818818] (vesc_msgs) StderrLine: {'line': b'make[2]: warning:  Clock skew detected.  Your build may be incomplete.\n'}
[48.890804] (vesc_msgs) StdoutLine: {'line': b'[ 12%] Built target vesc_msgs__rosidl_generator_c\n'}
[48.893872] (-) TimerEvent: {}
[48.924094] (vesc_msgs) StderrLine: {'line': b"make[2]: Warning: File '/opt/ros/foxy/share/geometry_msgs/msg/WrenchStamped.idl' has modification time 738472186 s in the future\n"}
[48.994165] (-) TimerEvent: {}
[49.003797] (vesc_msgs) StdoutLine: {'line': b'[ 14%] \x1b[34m\x1b[1mGenerating C++ introspection for ROS interfaces\x1b[0m\n'}
[49.095221] (-) TimerEvent: {}
[49.196254] (-) TimerEvent: {}
[49.270125] (teleop_tools_msgs) StdoutLine: {'line': b'[ 48%] \x1b[32mBuilding CXX object CMakeFiles/teleop_tools_msgs__rosidl_typesupport_c.dir/rosidl_typesupport_c/teleop_tools_msgs/action/increment__type_support.cpp.o\x1b[0m\n'}
[49.296531] (-) TimerEvent: {}
[49.397586] (-) TimerEvent: {}
[49.462074] (pure_pursuit) StdoutLine: {'line': b'-- Configuring done\n'}
[49.497921] (-) TimerEvent: {}
[49.599004] (-) TimerEvent: {}
[49.603439] (pure_pursuit) StdoutLine: {'line': b'-- Generating done\n'}
[49.614426] (pure_pursuit) StdoutLine: {'line': b'-- Build files have been written to: /home/nvidia/f1tenth_ws/build/pure_pursuit\n'}
[49.683681] (pure_pursuit) CommandEnded: {'returncode': 0}
[49.686852] (pure_pursuit) JobProgress: {'identifier': 'pure_pursuit', 'progress': 'build'}
[49.699731] (pure_pursuit) Command: {'cmd': ['/usr/bin/cmake', '--build', '/home/nvidia/f1tenth_ws/build/pure_pursuit', '--', '-j6', '-l6'], 'cwd': '/home/nvidia/f1tenth_ws/build/pure_pursuit', 'env': OrderedDict([('LESSOPEN', '| /usr/bin/lesspipe %s'), ('USER', 'nvidia'), ('SSH_CLIENT', '10.131.67.141 46114 22'), ('XDG_SESSION_TYPE', 'tty'), ('SHLVL', '1'), ('LD_LIBRARY_PATH', '//home/nvidia/f1tenth_ws/install/vesc_driver/lib://home/nvidia/f1tenth_ws/install/vesc_ackermann/lib://home/nvidia/f1tenth_ws/install/vesc_msgs/lib://home/nvidia/f1tenth_ws/install/teleop_tools_msgs/lib:/usr/lib/aarch64-linux-gnu/gazebo-11/plugins:/opt/ros/foxy/opt/yaml_cpp_vendor/lib:/opt/ros/foxy/opt/rviz_ogre_vendor/lib:/opt/ros/foxy/lib/aarch64-linux-gnu:/opt/ros/foxy/lib:/usr/local/cuda-11.4/lib64:'), ('MOTD_SHOWN', 'pam'), ('HOME', '/home/nvidia'), ('OLDPWD', '/home/nvidia'), ('SSH_TTY', '/dev/pts/4'), ('ROS_PYTHON_VERSION', '3'), ('DBUS_SESSION_BUS_ADDRESS', 'unix:path=/run/user/1000/bus'), ('COLCON_PREFIX_PATH', '//home/nvidia/f1tenth_ws/install'), ('ROS_DISTRO', 'foxy'), ('LOGNAME', 'nvidia'), ('_', '/usr/bin/colcon'), ('ROS_VERSION', '2'), ('XDG_SESSION_CLASS', 'user'), ('TERM', 'xterm-256color'), ('XDG_SESSION_ID', '15'), ('GAZEBO_MODEL_PATH', ':/opt/ros/foxy/share/turtlebot3_gazebo/models'), ('ROS_LOCALHOST_ONLY', '0'), ('PATH', '/home/nvidia/.local/bin:/opt/ros/foxy/bin:/usr/local/cuda-11.4/bin:/usr/local/sbin:/usr/local/bin:/usr/sbin:/usr/bin:/sbin:/bin:/usr/games:/usr/local/games:/snap/bin'), ('XDG_RUNTIME_DIR', '/run/user/1000'), ('LANG', 'en_US.UTF-8'), ('LS_COLORS', 'rs=0:di=01;34:ln=01;36:mh=00:pi=40;33:so=01;35:do=01;35:bd=40;33;01:cd=40;33;01:or=40;31;01:mi=00:su=37;41:sg=30;43:ca=30;41:tw=30;42:ow=34;42:st=37;44:ex=01;32:*.tar=01;31:*.tgz=01;31:*.arc=01;31:*.arj=01;31:*.taz=01;31:*.lha=01;31:*.lz4=01;31:*.lzh=01;31:*.lzma=01;31:*.tlz=01;31:*.txz=01;31:*.tzo=01;31:*.t7z=01;31:*.zip=01;31:*.z=01;31:*.dz=01;31:*.gz=01;31:*.lrz=01;31:*.lz=01;31:*.lzo=01;31:*.xz=01;31:*.zst=01;31:*.tzst=01;31:*.bz2=01;31:*.bz=01;31:*.tbz=01;31:*.tbz2=01;31:*.tz=01;31:*.deb=01;31:*.rpm=01;31:*.jar=01;31:*.war=01;31:*.ear=01;31:*.sar=01;31:*.rar=01;31:*.alz=01;31:*.ace=01;31:*.zoo=01;31:*.cpio=01;31:*.7z=01;31:*.rz=01;31:*.cab=01;31:*.wim=01;31:*.swm=01;31:*.dwm=01;31:*.esd=01;31:*.jpg=01;35:*.jpeg=01;35:*.mjpg=01;35:*.mjpeg=01;35:*.gif=01;35:*.bmp=01;35:*.pbm=01;35:*.pgm=01;35:*.ppm=01;35:*.tga=01;35:*.xbm=01;35:*.xpm=01;35:*.tif=01;35:*.tiff=01;35:*.png=01;35:*.svg=01;35:*.svgz=01;35:*.mng=01;35:*.pcx=01;35:*.mov=01;35:*.mpg=01;35:*.mpeg=01;35:*.m2v=01;35:*.mkv=01;35:*.webm=01;35:*.ogm=01;35:*.mp4=01;35:*.m4v=01;35:*.mp4v=01;35:*.vob=01;35:*.qt=01;35:*.nuv=01;35:*.wmv=01;35:*.asf=01;35:*.rm=01;35:*.rmvb=01;35:*.flc=01;35:*.avi=01;35:*.fli=01;35:*.flv=01;35:*.gl=01;35:*.dl=01;35:*.xcf=01;35:*.xwd=01;35:*.yuv=01;35:*.cgm=01;35:*.emf=01;35:*.ogv=01;35:*.ogx=01;35:*.aac=00;36:*.au=00;36:*.flac=00;36:*.m4a=00;36:*.mid=00;36:*.midi=00;36:*.mka=00;36:*.mp3=00;36:*.mpc=00;36:*.ogg=00;36:*.ra=00;36:*.wav=00;36:*.oga=00;36:*.opus=00;36:*.spx=00;36:*.xspf=00;36:'), ('ROS_DOMAIN_ID', '10'), ('AMENT_PREFIX_PATH', '//home/nvidia/f1tenth_ws/install/f1tenth_stack://home/nvidia/f1tenth_ws/install/vesc://home/nvidia/f1tenth_ws/install/vesc_driver://home/nvidia/f1tenth_ws/install/vesc_ackermann://home/nvidia/f1tenth_ws/install/vesc_msgs://home/nvidia/f1tenth_ws/install/teleop_tools://home/nvidia/f1tenth_ws/install/joy_teleop://home/nvidia/f1tenth_ws/install/teleop_tools_msgs://home/nvidia/f1tenth_ws/install/pure_pursuit://home/nvidia/f1tenth_ws/install/phasespace://home/nvidia/f1tenth_ws/install/new_map_saver://home/nvidia/f1tenth_ws/install/mouse_teleop://home/nvidia/f1tenth_ws/install/mapping://home/nvidia/f1tenth_ws/install/key_teleop://home/nvidia/f1tenth_ws/install/f1tenth_controllers://home/nvidia/f1tenth_ws/install/ackermann_mux:/opt/ros/foxy'), ('SHELL', '/bin/bash'), ('LESSCLOSE', '/usr/bin/lesspipe %s %s'), ('PWD', '/home/nvidia/f1tenth_ws/build/pure_pursuit'), ('TURTLEBOT3_MODEL', 'waffle'), ('LC_ALL', 'en_US.UTF-8'), ('SSH_CONNECTION', '10.131.67.141 46114 10.131.142.84 22'), ('XDG_DATA_DIRS', '/usr/local/share:/usr/share:/var/lib/snapd/desktop'), ('PYTHONPATH', '//home/nvidia/f1tenth_ws/install/f1tenth_stack/lib/python3.8/site-packages://home/nvidia/f1tenth_ws/install/vesc_msgs/lib/python3.8/site-packages://home/nvidia/f1tenth_ws/install/joy_teleop/lib/python3.8/site-packages://home/nvidia/f1tenth_ws/install/teleop_tools_msgs/lib/python3.8/site-packages://home/nvidia/f1tenth_ws/install/phasespace/lib/python3.8/site-packages://home/nvidia/f1tenth_ws/install/new_map_saver/lib/python3.8/site-packages://home/nvidia/f1tenth_ws/install/mouse_teleop/lib/python3.8/site-packages://home/nvidia/f1tenth_ws/install/mapping/lib/python3.8/site-packages://home/nvidia/f1tenth_ws/install/key_teleop/lib/python3.8/site-packages://home/nvidia/f1tenth_ws/install/f1tenth_controllers/lib/python3.8/site-packages:/opt/ros/foxy/lib/python3.8/site-packages'), ('COLCON', '1'), ('CMAKE_PREFIX_PATH', '//home/nvidia/f1tenth_ws/install/vesc://home/nvidia/f1tenth_ws/install/vesc_driver://home/nvidia/f1tenth_ws/install/vesc_ackermann://home/nvidia/f1tenth_ws/install/vesc_msgs://home/nvidia/f1tenth_ws/install/teleop_tools://home/nvidia/f1tenth_ws/install/teleop_tools_msgs://home/nvidia/f1tenth_ws/install/pure_pursuit://home/nvidia/f1tenth_ws/install/ackermann_mux://home/nvidia/f1tenth_ws/install/f1tenth_stack://home/nvidia/f1tenth_ws/install/joy_teleop://home/nvidia/f1tenth_ws/install/phasespace://home/nvidia/f1tenth_ws/install/new_map_saver://home/nvidia/f1tenth_ws/install/mouse_teleop://home/nvidia/f1tenth_ws/install/mapping://home/nvidia/f1tenth_ws/install/key_teleop://home/nvidia/f1tenth_ws/install/f1tenth_controllers:/opt/ros/foxy')]), 'shell': False}
[49.711419] (-) TimerEvent: {}
[49.713433] (teleop_tools_msgs) StdoutLine: {'line': b'[ 51%] \x1b[32m\x1b[1mLinking CXX shared library libteleop_tools_msgs__rosidl_typesupport_c.so\x1b[0m\n'}
[49.811686] (-) TimerEvent: {}
[49.913160] (-) TimerEvent: {}
[49.959059] (pure_pursuit) StdoutLine: {'line': b'-- Found ament_cmake: 0.9.12 (/opt/ros/foxy/share/ament_cmake/cmake)\n'}
[49.983716] (teleop_tools_msgs) StderrLine: {'line': b'make[2]: warning:  Clock skew detected.  Your build may be incomplete.\n'}
[50.013366] (-) TimerEvent: {}
[50.108724] (teleop_tools_msgs) StdoutLine: {'line': b'[ 51%] Built target teleop_tools_msgs__rosidl_typesupport_c\n'}
[50.113687] (-) TimerEvent: {}
[50.123856] (pure_pursuit) StdoutLine: {'line': b'-- Using PYTHON_EXECUTABLE: /usr/bin/python3\n'}
[50.131068] (teleop_tools_msgs) StderrLine: {'line': b"make[2]: Warning: File '/opt/ros/foxy/share/unique_identifier_msgs/msg/UUID.idl' has modification time 738471486 s in the future\n"}
[50.210611] (teleop_tools_msgs) StdoutLine: {'line': b'[ 54%] \x1b[34m\x1b[1mGenerating C type support for eProsima Fast-RTPS\x1b[0m\n'}
[50.213875] (-) TimerEvent: {}
[50.314897] (-) TimerEvent: {}
[50.416061] (-) TimerEvent: {}
[50.517070] (-) TimerEvent: {}
[50.618033] (-) TimerEvent: {}
[50.719046] (-) TimerEvent: {}
[50.820077] (-) TimerEvent: {}
[50.921104] (-) TimerEvent: {}
[51.022133] (-) TimerEvent: {}
[51.123211] (-) TimerEvent: {}
[51.224214] (-) TimerEvent: {}
[51.289884] (pure_pursuit) StdoutLine: {'line': b'-- Found rclcpp: 2.4.3 (/opt/ros/foxy/share/rclcpp/cmake)\n'}
[51.324458] (-) TimerEvent: {}
[51.425581] (-) TimerEvent: {}
[51.526709] (-) TimerEvent: {}
[51.534553] (pure_pursuit) StdoutLine: {'line': b'-- Using all available rosidl_typesupport_c: rosidl_typesupport_fastrtps_c;rosidl_typesupport_introspection_c\n'}
[51.560878] (pure_pursuit) StdoutLine: {'line': b'-- Found rosidl_adapter: 1.3.1 (/opt/ros/foxy/share/rosidl_adapter/cmake)\n'}
[51.626994] (-) TimerEvent: {}
[51.728097] (-) TimerEvent: {}
[51.829157] (-) TimerEvent: {}
[51.905732] (vesc_msgs) StdoutLine: {'line': b'\x1b[35m\x1b[1mScanning dependencies of target vesc_msgs__rosidl_typesupport_introspection_cpp\x1b[0m\n'}
[51.929389] (-) TimerEvent: {}
[51.970586] (vesc_msgs) StderrLine: {'line': b'make[2]: warning:  Clock skew detected.  Your build may be incomplete.\n'}
[51.998251] (vesc_msgs) StderrLine: {'line': b"make[2]: Warning: File '/opt/ros/foxy/share/geometry_msgs/msg/WrenchStamped.idl' has modification time 738472183 s in the future\n"}
[52.029799] (-) TimerEvent: {}
[52.091004] (vesc_msgs) StdoutLine: {'line': b'[ 14%] \x1b[34m\x1b[1mGenerating C++ introspection for ROS interfaces\x1b[0m\n'}
[52.130034] (-) TimerEvent: {}
[52.185734] (teleop_tools_msgs) StdoutLine: {'line': b'\x1b[35m\x1b[1mScanning dependencies of target teleop_tools_msgs__rosidl_typesupport_fastrtps_c\x1b[0m\n'}
[52.230278] (-) TimerEvent: {}
[52.265188] (teleop_tools_msgs) StderrLine: {'line': b'make[2]: warning:  Clock skew detected.  Your build may be incomplete.\n'}
[52.278584] (teleop_tools_msgs) StderrLine: {'line': b"make[2]: Warning: File '/opt/ros/foxy/share/unique_identifier_msgs/msg/UUID.idl' has modification time 738471484 s in the future\n"}
[52.330625] (-) TimerEvent: {}
[52.386621] (teleop_tools_msgs) StdoutLine: {'line': b'[ 54%] \x1b[34m\x1b[1mGenerating C type support for eProsima Fast-RTPS\x1b[0m\n'}
[52.430866] (-) TimerEvent: {}
[52.498361] (pure_pursuit) StdoutLine: {'line': b'-- Using all available rosidl_typesupport_cpp: rosidl_typesupport_fastrtps_cpp;rosidl_typesupport_introspection_cpp\n'}
[52.531211] (-) TimerEvent: {}
[52.633182] (-) TimerEvent: {}
[52.736400] (-) TimerEvent: {}
[52.820027] (pure_pursuit) StdoutLine: {'line': b'-- Found rmw_implementation_cmake: 1.0.4 (/opt/ros/foxy/share/rmw_implementation_cmake/cmake)\n'}
[52.833688] (pure_pursuit) StdoutLine: {'line': b"-- Using RMW implementation 'rmw_fastrtps_cpp' as default\n"}
[52.836621] (-) TimerEvent: {}
[52.937632] (-) TimerEvent: {}
[53.039912] (-) TimerEvent: {}
[53.141837] (-) TimerEvent: {}
[53.242880] (-) TimerEvent: {}
[53.344666] (-) TimerEvent: {}
[53.445709] (-) TimerEvent: {}
[53.546850] (-) TimerEvent: {}
[53.648432] (-) TimerEvent: {}
[53.661945] (pure_pursuit) StdoutLine: {'line': b'-- Found rclpy: 1.0.13 (/opt/ros/foxy/share/rclpy/cmake)\n'}
[53.663750] (pure_pursuit) StdoutLine: {'line': b'-- Found geometry_msgs: 2.0.5 (/opt/ros/foxy/share/geometry_msgs/cmake)\n'}
[53.748682] (-) TimerEvent: {}
[53.850359] (-) TimerEvent: {}
[53.851704] (pure_pursuit) StdoutLine: {'line': b'-- Found nav_msgs: 2.0.5 (/opt/ros/foxy/share/nav_msgs/cmake)\n'}
[53.950529] (-) TimerEvent: {}
[54.051635] (-) TimerEvent: {}
[54.152652] (-) TimerEvent: {}
[54.232022] (pure_pursuit) StdoutLine: {'line': b'-- Found ackermann_msgs: 2.0.2 (/opt/ros/foxy/share/ackermann_msgs/cmake)\n'}
[54.252935] (-) TimerEvent: {}
[54.354004] (-) TimerEvent: {}
[54.423261] (pure_pursuit) StdoutLine: {'line': b'-- Found sensor_msgs: 2.0.5 (/opt/ros/foxy/share/sensor_msgs/cmake)\n'}
[54.454383] (-) TimerEvent: {}
[54.475353] (teleop_tools_msgs) StdoutLine: {'line': b'[ 58%] \x1b[32mBuilding CXX object CMakeFiles/teleop_tools_msgs__rosidl_typesupport_fastrtps_c.dir/rosidl_typesupport_fastrtps_c/teleop_tools_msgs/action/detail/increment__type_support_c.cpp.o\x1b[0m\n'}
[54.554687] (-) TimerEvent: {}
[54.655901] (-) TimerEvent: {}
[54.758116] (-) TimerEvent: {}
[54.796610] (vesc_msgs) StdoutLine: {'line': b'[ 16%] \x1b[32mBuilding CXX object CMakeFiles/vesc_msgs__rosidl_typesupport_introspection_cpp.dir/rosidl_typesupport_introspection_cpp/vesc_msgs/msg/detail/vesc_state__type_support.cpp.o\x1b[0m\n'}
[54.858400] (-) TimerEvent: {}
[54.869495] (pure_pursuit) StdoutLine: {'line': b'-- Found visualization_msgs: 2.0.5 (/opt/ros/foxy/share/visualization_msgs/cmake)\n'}
[54.958717] (-) TimerEvent: {}
[55.059970] (-) TimerEvent: {}
[55.161128] (-) TimerEvent: {}
[55.262332] (-) TimerEvent: {}
[55.287542] (pure_pursuit) StdoutLine: {'line': b'-- Found eigen3_cmake_module: 0.1.1 (/opt/ros/foxy/share/eigen3_cmake_module/cmake)\n'}
[55.300915] (pure_pursuit) StdoutLine: {'line': b'-- Found tf2_ros: 0.13.14 (/opt/ros/foxy/share/tf2_ros/cmake)\n'}
[55.362633] (-) TimerEvent: {}
[55.463854] (-) TimerEvent: {}
[55.564995] (-) TimerEvent: {}
[55.666188] (-) TimerEvent: {}
[55.767399] (-) TimerEvent: {}
[55.868559] (-) TimerEvent: {}
[55.969843] (-) TimerEvent: {}
[56.071610] (-) TimerEvent: {}
[56.172797] (-) TimerEvent: {}
[56.275233] (-) TimerEvent: {}
[56.377546] (-) TimerEvent: {}
[56.479904] (-) TimerEvent: {}
[56.581174] (-) TimerEvent: {}
[56.682373] (-) TimerEvent: {}
[56.688222] (vesc_msgs) StdoutLine: {'line': b'[ 18%] \x1b[32mBuilding CXX object CMakeFiles/vesc_msgs__rosidl_typesupport_introspection_cpp.dir/rosidl_typesupport_introspection_cpp/vesc_msgs/msg/detail/vesc_state_stamped__type_support.cpp.o\x1b[0m\n'}
[56.782683] (-) TimerEvent: {}
[56.883999] (-) TimerEvent: {}
[56.985089] (-) TimerEvent: {}
[57.086225] (-) TimerEvent: {}
[57.187414] (-) TimerEvent: {}
[57.288515] (-) TimerEvent: {}
[57.299436] (teleop_tools_msgs) StdoutLine: {'line': b'[ 61%] \x1b[32m\x1b[1mLinking CXX shared library libteleop_tools_msgs__rosidl_typesupport_fastrtps_c.so\x1b[0m\n'}
[57.388890] (-) TimerEvent: {}
[57.490541] (-) TimerEvent: {}
[57.592798] (-) TimerEvent: {}
[57.695270] (-) TimerEvent: {}
[57.736347] (pure_pursuit) StdoutLine: {'line': b'-- Configuring done\n'}
[57.795552] (-) TimerEvent: {}
[57.897375] (-) TimerEvent: {}
[57.924677] (pure_pursuit) StdoutLine: {'line': b'-- Generating done\n'}
[57.944590] (pure_pursuit) StdoutLine: {'line': b'-- Build files have been written to: /home/nvidia/f1tenth_ws/build/pure_pursuit\n'}
[57.972498] (teleop_tools_msgs) StderrLine: {'line': b'make[2]: warning:  Clock skew detected.  Your build may be incomplete.\n'}
[57.997719] (-) TimerEvent: {}
[58.101587] (teleop_tools_msgs) StdoutLine: {'line': b'[ 61%] Built target teleop_tools_msgs__rosidl_typesupport_fastrtps_c\n'}
[58.103574] (-) TimerEvent: {}
[58.126103] (teleop_tools_msgs) StderrLine: {'line': b"make[2]: Warning: File '/opt/ros/foxy/share/unique_identifier_msgs/msg/UUID.idl' has modification time 738471478 s in the future\n"}
[58.203624] (pure_pursuit) StdoutLine: {'line': b'\x1b[35m\x1b[1mScanning dependencies of target waypoint_visualizer\x1b[0m\n'}
[58.204592] (-) TimerEvent: {}
[58.219782] (teleop_tools_msgs) StdoutLine: {'line': b'[ 64%] \x1b[34m\x1b[1mGenerating C introspection for ROS interfaces\x1b[0m\n'}
[58.311441] (-) TimerEvent: {}
[58.412518] (-) TimerEvent: {}
[58.513563] (-) TimerEvent: {}
[58.541911] (pure_pursuit) StderrLine: {'line': b"make[2]: Warning: File '/home/nvidia/f1tenth_ws/src/pure_pursuit/src/waypoint_visualizer.cpp' has modification time 782318617 s in the future\n"}
[58.613809] (-) TimerEvent: {}
[58.641304] (pure_pursuit) StdoutLine: {'line': b'[ 25%] \x1b[32mBuilding CXX object CMakeFiles/waypoint_visualizer.dir/src/waypoint_visualizer.cpp.o\x1b[0m\n'}
[58.714065] (-) TimerEvent: {}
[58.741468] (vesc_msgs) StdoutLine: {'line': b'[ 20%] \x1b[32mBuilding CXX object CMakeFiles/vesc_msgs__rosidl_typesupport_introspection_cpp.dir/rosidl_typesupport_introspection_cpp/vesc_msgs/msg/detail/vesc_imu__type_support.cpp.o\x1b[0m\n'}
[58.814356] (-) TimerEvent: {}
[58.916615] (-) TimerEvent: {}
[59.017951] (-) TimerEvent: {}
[59.119938] (-) TimerEvent: {}
[59.221438] (-) TimerEvent: {}
[59.323515] (-) TimerEvent: {}
[59.426513] (-) TimerEvent: {}
[59.528444] (-) TimerEvent: {}
[59.630229] (-) TimerEvent: {}
[59.731819] (-) TimerEvent: {}
[59.833568] (-) TimerEvent: {}
[59.935466] (-) TimerEvent: {}
[60.036661] (-) TimerEvent: {}
[60.047367] (teleop_tools_msgs) StdoutLine: {'line': b'\x1b[35m\x1b[1mScanning dependencies of target teleop_tools_msgs__rosidl_typesupport_introspection_c\x1b[0m\n'}
[60.103763] (teleop_tools_msgs) StderrLine: {'line': b'make[2]: warning:  Clock skew detected.  Your build may be incomplete.\n'}
[60.116613] (teleop_tools_msgs) StderrLine: {'line': b"make[2]: Warning: File '/opt/ros/foxy/share/unique_identifier_msgs/msg/UUID.idl' has modification time 738471476 s in the future\n"}
[60.137270] (-) TimerEvent: {}
[60.191895] (teleop_tools_msgs) StdoutLine: {'line': b'[ 64%] \x1b[34m\x1b[1mGenerating C introspection for ROS interfaces\x1b[0m\n'}
[60.237537] (-) TimerEvent: {}
[60.338630] (-) TimerEvent: {}
[60.439787] (-) TimerEvent: {}
[60.541002] (-) TimerEvent: {}
[60.642238] (-) TimerEvent: {}
[60.743661] (-) TimerEvent: {}
[60.844793] (-) TimerEvent: {}
[60.945906] (-) TimerEvent: {}
[61.017577] (vesc_msgs) StdoutLine: {'line': b'[ 21%] \x1b[32mBuilding CXX object CMakeFiles/vesc_msgs__rosidl_typesupport_introspection_cpp.dir/rosidl_typesupport_introspection_cpp/vesc_msgs/msg/detail/vesc_imu_stamped__type_support.cpp.o\x1b[0m\n'}
[61.046339] (-) TimerEvent: {}
[61.148209] (-) TimerEvent: {}
[61.250508] (-) TimerEvent: {}
[61.352186] (-) TimerEvent: {}
[61.454120] (-) TimerEvent: {}
[61.556235] (-) TimerEvent: {}
[61.660247] (-) TimerEvent: {}
[61.763443] (-) TimerEvent: {}
[61.864965] (-) TimerEvent: {}
[61.966389] (-) TimerEvent: {}
[62.067739] (-) TimerEvent: {}
[62.169662] (-) TimerEvent: {}
[62.228859] (teleop_tools_msgs) StdoutLine: {'line': b'[ 67%] \x1b[32mBuilding C object CMakeFiles/teleop_tools_msgs__rosidl_typesupport_introspection_c.dir/rosidl_typesupport_introspection_c/teleop_tools_msgs/action/detail/increment__type_support.c.o\x1b[0m\n'}
[62.270024] (-) TimerEvent: {}
[62.373470] (-) TimerEvent: {}
[62.484330] (-) TimerEvent: {}
[62.586162] (-) TimerEvent: {}
[62.647353] (teleop_tools_msgs) StdoutLine: {'line': b'[ 70%] \x1b[32m\x1b[1mLinking C shared library libteleop_tools_msgs__rosidl_typesupport_introspection_c.so\x1b[0m\n'}
[62.686451] (-) TimerEvent: {}
[62.787701] (-) TimerEvent: {}
[62.862181] (teleop_tools_msgs) StderrLine: {'line': b'make[2]: warning:  Clock skew detected.  Your build may be incomplete.\n'}
[62.888704] (-) TimerEvent: {}
[62.961751] (teleop_tools_msgs) StdoutLine: {'line': b'[ 70%] Built target teleop_tools_msgs__rosidl_typesupport_introspection_c\n'}
[62.988942] (-) TimerEvent: {}
[63.041574] (teleop_tools_msgs) StdoutLine: {'line': b'\x1b[35m\x1b[1mScanning dependencies of target teleop_tools_msgs\x1b[0m\n'}
[63.057976] (teleop_tools_msgs) StderrLine: {'line': b"make[2]: Warning: File '/home/nvidia/f1tenth_ws/src/f1tenth_system/teleop_tools/teleop_tools_msgs/action/Increment.action' has modification time 777669270 s in the future\n"}
[63.060797] (teleop_tools_msgs) StderrLine: {'line': b'make[2]: warning:  Clock skew detected.  Your build may be incomplete.\n'}
[63.089187] (-) TimerEvent: {}
[63.123653] (teleop_tools_msgs) StdoutLine: {'line': b'[ 70%] Built target teleop_tools_msgs\n'}
[63.189490] (-) TimerEvent: {}
[63.204726] (teleop_tools_msgs) StdoutLine: {'line': b'\x1b[35m\x1b[1mScanning dependencies of target teleop_tools_msgs__py\x1b[0m\n'}
[63.221682] (teleop_tools_msgs) StderrLine: {'line': b"make[2]: Warning: File '/opt/ros/foxy/share/unique_identifier_msgs/msg/UUID.idl' has modification time 738471473 s in the future\n"}
[63.233627] (vesc_msgs) StdoutLine: {'line': b'[ 23%] \x1b[32m\x1b[1mLinking CXX shared library libvesc_msgs__rosidl_typesupport_introspection_cpp.so\x1b[0m\n'}
[63.287783] (teleop_tools_msgs) StdoutLine: {'line': b'[ 74%] \x1b[34m\x1b[1mGenerating Python code for ROS interfaces\x1b[0m\n'}
[63.289692] (-) TimerEvent: {}
[63.391750] (-) TimerEvent: {}
[63.493787] (-) TimerEvent: {}
[63.596403] (-) TimerEvent: {}
[63.679347] (vesc_msgs) StderrLine: {'line': b'make[2]: warning:  Clock skew detected.  Your build may be incomplete.\n'}
[63.696671] (-) TimerEvent: {}
[63.769711] (vesc_msgs) StdoutLine: {'line': b'[ 23%] Built target vesc_msgs__rosidl_typesupport_introspection_cpp\n'}
[63.796441] (vesc_msgs) StderrLine: {'line': b"make[2]: Warning: File '/opt/ros/foxy/share/geometry_msgs/msg/WrenchStamped.idl' has modification time 738472171 s in the future\n"}
[63.797294] (-) TimerEvent: {}
[63.869649] (vesc_msgs) StdoutLine: {'line': b'[ 25%] \x1b[34m\x1b[1mGenerating C introspection for ROS interfaces\x1b[0m\n'}
[63.897565] (-) TimerEvent: {}
[63.998754] (-) TimerEvent: {}
[64.099959] (-) TimerEvent: {}
[64.201689] (-) TimerEvent: {}
[64.308016] (-) TimerEvent: {}
[64.409120] (-) TimerEvent: {}
[64.510407] (-) TimerEvent: {}
[64.611554] (-) TimerEvent: {}
[64.712692] (-) TimerEvent: {}
[64.813819] (-) TimerEvent: {}
[64.915253] (-) TimerEvent: {}
[65.016381] (-) TimerEvent: {}
[65.118030] (-) TimerEvent: {}
[65.221422] (-) TimerEvent: {}
[65.323282] (-) TimerEvent: {}
[65.425185] (-) TimerEvent: {}
[65.526282] (-) TimerEvent: {}
[65.627924] (-) TimerEvent: {}
[65.730640] (-) TimerEvent: {}
[65.831801] (-) TimerEvent: {}
[65.932947] (-) TimerEvent: {}
[66.034969] (-) TimerEvent: {}
[66.138227] (-) TimerEvent: {}
[66.239973] (-) TimerEvent: {}
[66.341017] (-) TimerEvent: {}
[66.443112] (-) TimerEvent: {}
[66.544306] (-) TimerEvent: {}
[66.646257] (-) TimerEvent: {}
[66.748135] (-) TimerEvent: {}
[66.849865] (-) TimerEvent: {}
[66.951626] (-) TimerEvent: {}
[67.052749] (-) TimerEvent: {}
[67.095039] (vesc_msgs) StdoutLine: {'line': b'\x1b[35m\x1b[1mScanning dependencies of target vesc_msgs__rosidl_typesupport_introspection_c\x1b[0m\n'}
[67.153016] (-) TimerEvent: {}
[67.175547] (vesc_msgs) StderrLine: {'line': b'make[2]: warning:  Clock skew detected.  Your build may be incomplete.\n'}
[67.213757] (vesc_msgs) StderrLine: {'line': b"make[2]: Warning: File '/opt/ros/foxy/share/geometry_msgs/msg/WrenchStamped.idl' has modification time 738472168 s in the future\n"}
[67.253292] (-) TimerEvent: {}
[67.354447] (-) TimerEvent: {}
[67.369870] (vesc_msgs) StdoutLine: {'line': b'[ 25%] \x1b[34m\x1b[1mGenerating C introspection for ROS interfaces\x1b[0m\n'}
[67.454816] (-) TimerEvent: {}
[67.556025] (-) TimerEvent: {}
[67.657090] (-) TimerEvent: {}
[67.758135] (-) TimerEvent: {}
[67.859269] (-) TimerEvent: {}
[67.960434] (-) TimerEvent: {}
[67.973065] (teleop_tools_msgs) StderrLine: {'line': b'make[2]: warning:  Clock skew detected.  Your build may be incomplete.\n'}
[68.040875] (teleop_tools_msgs) StdoutLine: {'line': b'[ 74%] Built target teleop_tools_msgs__py\n'}
[68.060673] (-) TimerEvent: {}
[68.123994] (teleop_tools_msgs) StdoutLine: {'line': b'\x1b[35m\x1b[1mScanning dependencies of target teleop_tools_msgs__python\x1b[0m\n'}
[68.160928] (-) TimerEvent: {}
[68.254999] (teleop_tools_msgs) StderrLine: {'line': b"make[2]: Warning: File '/opt/ros/foxy/include/builtin_interfaces/msg/detail/time__struct.h' has modification time 738470869 s in the future\n"}
[68.261170] (-) TimerEvent: {}
[68.327064] (teleop_tools_msgs) StdoutLine: {'line': b'[ 77%] \x1b[32mBuilding C object CMakeFiles/teleop_tools_msgs__python.dir/rosidl_generator_py/teleop_tools_msgs/action/_increment_s.c.o\x1b[0m\n'}
[68.361455] (-) TimerEvent: {}
[68.462796] (-) TimerEvent: {}
[68.564063] (-) TimerEvent: {}
[68.665204] (-) TimerEvent: {}
[68.766333] (-) TimerEvent: {}
[68.867555] (-) TimerEvent: {}
[68.968687] (-) TimerEvent: {}
[69.069870] (-) TimerEvent: {}
[69.171008] (-) TimerEvent: {}
[69.272218] (-) TimerEvent: {}
[69.373302] (-) TimerEvent: {}
[69.474522] (-) TimerEvent: {}
[69.506974] (teleop_tools_msgs) StdoutLine: {'line': b'[ 80%] \x1b[32m\x1b[1mLinking C shared library rosidl_generator_py/teleop_tools_msgs/libteleop_tools_msgs__python.so\x1b[0m\n'}
[69.574779] (-) TimerEvent: {}
[69.676055] (-) TimerEvent: {}
[69.777264] (-) TimerEvent: {}
[69.808335] (teleop_tools_msgs) StderrLine: {'line': b'make[2]: warning:  Clock skew detected.  Your build may be incomplete.\n'}
[69.877546] (-) TimerEvent: {}
[69.880595] (teleop_tools_msgs) StdoutLine: {'line': b'[ 80%] Built target teleop_tools_msgs__python\n'}
[69.971479] (teleop_tools_msgs) StdoutLine: {'line': b'\x1b[35m\x1b[1mScanning dependencies of target teleop_tools_msgs__rosidl_typesupport_c__pyext\x1b[0m\n'}
[69.977822] (-) TimerEvent: {}
[70.073635] (teleop_tools_msgs) StderrLine: {'line': b"make[2]: Warning: File '/opt/ros/foxy/include/builtin_interfaces/msg/detail/time__struct.h' has modification time 738470867 s in the future\n"}
[70.078066] (-) TimerEvent: {}
[70.149923] (teleop_tools_msgs) StdoutLine: {'line': b'[ 83%] \x1b[32mBuilding C object CMakeFiles/teleop_tools_msgs__rosidl_typesupport_c__pyext.dir/rosidl_generator_py/teleop_tools_msgs/_teleop_tools_msgs_s.ep.rosidl_typesupport_c.c.o\x1b[0m\n'}
[70.178612] (-) TimerEvent: {}
[70.280900] (-) TimerEvent: {}
[70.315094] (vesc_msgs) StdoutLine: {'line': b'[ 27%] \x1b[32mBuilding C object CMakeFiles/vesc_msgs__rosidl_typesupport_introspection_c.dir/rosidl_typesupport_introspection_c/vesc_msgs/msg/detail/vesc_state__type_support.c.o\x1b[0m\n'}
[70.381177] (-) TimerEvent: {}
[70.482386] (-) TimerEvent: {}
[70.583940] (-) TimerEvent: {}
[70.585339] (vesc_msgs) StdoutLine: {'line': b'[ 29%] \x1b[32mBuilding C object CMakeFiles/vesc_msgs__rosidl_typesupport_introspection_c.dir/rosidl_typesupport_introspection_c/vesc_msgs/msg/detail/vesc_imu__type_support.c.o\x1b[0m\n'}
[70.684215] (-) TimerEvent: {}
[70.785586] (-) TimerEvent: {}
[70.873777] (vesc_msgs) StdoutLine: {'line': b'[ 30%] \x1b[32mBuilding C object CMakeFiles/vesc_msgs__rosidl_typesupport_introspection_c.dir/rosidl_typesupport_introspection_c/vesc_msgs/msg/detail/vesc_imu_stamped__type_support.c.o\x1b[0m\n'}
[70.885902] (-) TimerEvent: {}
[70.908711] (teleop_tools_msgs) StdoutLine: {'line': b'[ 87%] \x1b[32m\x1b[1mLinking C shared library rosidl_generator_py/teleop_tools_msgs/teleop_tools_msgs_s__rosidl_typesupport_c.cpython-38-aarch64-linux-gnu.so\x1b[0m\n'}
[70.986232] (-) TimerEvent: {}
[71.087446] (-) TimerEvent: {}
[71.156734] (teleop_tools_msgs) StderrLine: {'line': b'make[2]: warning:  Clock skew detected.  Your build may be incomplete.\n'}
[71.187706] (-) TimerEvent: {}
[71.214500] (teleop_tools_msgs) StdoutLine: {'line': b'[ 87%] Built target teleop_tools_msgs__rosidl_typesupport_c__pyext\n'}
[71.217651] (vesc_msgs) StdoutLine: {'line': b'[ 32%] \x1b[32mBuilding C object CMakeFiles/vesc_msgs__rosidl_typesupport_introspection_c.dir/rosidl_typesupport_introspection_c/vesc_msgs/msg/detail/vesc_state_stamped__type_support.c.o\x1b[0m\n'}
[71.287999] (-) TimerEvent: {}
[71.291791] (teleop_tools_msgs) StdoutLine: {'line': b'\x1b[35m\x1b[1mScanning dependencies of target teleop_tools_msgs__rosidl_typesupport_fastrtps_c__pyext\x1b[0m\n'}
[71.388268] (-) TimerEvent: {}
[71.391988] (teleop_tools_msgs) StderrLine: {'line': b"make[2]: Warning: File '/opt/ros/foxy/include/builtin_interfaces/msg/detail/time__struct.h' has modification time 738470866 s in the future\n"}
[71.470129] (teleop_tools_msgs) StdoutLine: {'line': b'[ 90%] \x1b[32mBuilding C object CMakeFiles/teleop_tools_msgs__rosidl_typesupport_fastrtps_c__pyext.dir/rosidl_generator_py/teleop_tools_msgs/_teleop_tools_msgs_s.ep.rosidl_typesupport_fastrtps_c.c.o\x1b[0m\n'}
[71.488595] (-) TimerEvent: {}
[71.500172] (vesc_msgs) StdoutLine: {'line': b'[ 34%] \x1b[32m\x1b[1mLinking C shared library libvesc_msgs__rosidl_typesupport_introspection_c.so\x1b[0m\n'}
[71.588909] (-) TimerEvent: {}
[71.690048] (-) TimerEvent: {}
[71.719745] (vesc_msgs) StderrLine: {'line': b'make[2]: warning:  Clock skew detected.  Your build may be incomplete.\n'}
[71.786204] (vesc_msgs) StdoutLine: {'line': b'[ 34%] Built target vesc_msgs__rosidl_typesupport_introspection_c\n'}
[71.790323] (-) TimerEvent: {}
[71.804468] (vesc_msgs) StderrLine: {'line': b"make[2]: Warning: File '/opt/ros/foxy/share/geometry_msgs/msg/WrenchStamped.idl' has modification time 738472163 s in the future\n"}
[71.890797] (-) TimerEvent: {}
[71.893355] (vesc_msgs) StdoutLine: {'line': b'[ 36%] \x1b[34m\x1b[1mGenerating C type support dispatch for ROS interfaces\x1b[0m\n'}
[71.991188] (-) TimerEvent: {}
[72.094694] (-) TimerEvent: {}
[72.197389] (-) TimerEvent: {}
[72.272383] (teleop_tools_msgs) StdoutLine: {'line': b'[ 93%] \x1b[32m\x1b[1mLinking CXX shared library rosidl_generator_py/teleop_tools_msgs/teleop_tools_msgs_s__rosidl_typesupport_fastrtps_c.cpython-38-aarch64-linux-gnu.so\x1b[0m\n'}
[72.297663] (-) TimerEvent: {}
[72.400444] (-) TimerEvent: {}
[72.501577] (-) TimerEvent: {}
[72.604422] (-) TimerEvent: {}
[72.706934] (-) TimerEvent: {}
[72.745063] (teleop_tools_msgs) StderrLine: {'line': b'make[2]: warning:  Clock skew detected.  Your build may be incomplete.\n'}
[72.807241] (-) TimerEvent: {}
[72.813189] (teleop_tools_msgs) StdoutLine: {'line': b'[ 93%] Built target teleop_tools_msgs__rosidl_typesupport_fastrtps_c__pyext\n'}
[72.901601] (teleop_tools_msgs) StdoutLine: {'line': b'\x1b[35m\x1b[1mScanning dependencies of target teleop_tools_msgs__rosidl_typesupport_introspection_c__pyext\x1b[0m\n'}
[72.907458] (-) TimerEvent: {}
[72.983068] (teleop_tools_msgs) StderrLine: {'line': b"make[2]: Warning: File '/opt/ros/foxy/include/builtin_interfaces/msg/detail/time__struct.h' has modification time 738470864 s in the future\n"}
[73.007720] (-) TimerEvent: {}
[73.077148] (teleop_tools_msgs) StdoutLine: {'line': b'[ 96%] \x1b[32mBuilding C object CMakeFiles/teleop_tools_msgs__rosidl_typesupport_introspection_c__pyext.dir/rosidl_generator_py/teleop_tools_msgs/_teleop_tools_msgs_s.ep.rosidl_typesupport_introspection_c.c.o\x1b[0m\n'}
[73.107962] (-) TimerEvent: {}
[73.209025] (-) TimerEvent: {}
[73.311697] (-) TimerEvent: {}
[73.412838] (-) TimerEvent: {}
[73.514240] (-) TimerEvent: {}
[73.615434] (-) TimerEvent: {}
[73.716566] (-) TimerEvent: {}
[73.817724] (-) TimerEvent: {}
[73.887433] (teleop_tools_msgs) StdoutLine: {'line': b'[100%] \x1b[32m\x1b[1mLinking C shared library rosidl_generator_py/teleop_tools_msgs/teleop_tools_msgs_s__rosidl_typesupport_introspection_c.cpython-38-aarch64-linux-gnu.so\x1b[0m\n'}
[73.918026] (-) TimerEvent: {}
[74.019272] (-) TimerEvent: {}
[74.120503] (-) TimerEvent: {}
[74.222076] (-) TimerEvent: {}
[74.234490] (teleop_tools_msgs) StderrLine: {'line': b'make[2]: warning:  Clock skew detected.  Your build may be incomplete.\n'}
[74.322370] (-) TimerEvent: {}
[74.332134] (teleop_tools_msgs) StdoutLine: {'line': b'[100%] Built target teleop_tools_msgs__rosidl_typesupport_introspection_c__pyext\n'}
[74.422675] (-) TimerEvent: {}
[74.438919] (teleop_tools_msgs) CommandEnded: {'returncode': 0}
[74.523595] (-) TimerEvent: {}
[74.621191] (vesc_msgs) StdoutLine: {'line': b'\x1b[35m\x1b[1mScanning dependencies of target vesc_msgs__rosidl_typesupport_c\x1b[0m\n'}
[74.624762] (-) TimerEvent: {}
[74.702941] (vesc_msgs) StderrLine: {'line': b'make[2]: warning:  Clock skew detected.  Your build may be incomplete.\n'}
[74.717762] (vesc_msgs) StderrLine: {'line': b"make[2]: Warning: File '/opt/ros/foxy/share/geometry_msgs/msg/WrenchStamped.idl' has modification time 738472160 s in the future\n"}
[74.725051] (-) TimerEvent: {}
[74.804430] (vesc_msgs) StdoutLine: {'line': b'[ 36%] \x1b[34m\x1b[1mGenerating C type support dispatch for ROS interfaces\x1b[0m\n'}
[74.825311] (-) TimerEvent: {}
[74.928125] (-) TimerEvent: {}
[75.030358] (-) TimerEvent: {}
[75.078992] (teleop_tools_msgs) JobProgress: {'identifier': 'teleop_tools_msgs', 'progress': 'install'}
[75.131287] (-) TimerEvent: {}
[75.181250] (teleop_tools_msgs) Command: {'cmd': ['/usr/bin/cmake', '--install', '/home/nvidia/f1tenth_ws/build/teleop_tools_msgs'], 'cwd': '/home/nvidia/f1tenth_ws/build/teleop_tools_msgs', 'env': OrderedDict([('LESSOPEN', '| /usr/bin/lesspipe %s'), ('USER', 'nvidia'), ('SSH_CLIENT', '10.131.67.141 46114 22'), ('XDG_SESSION_TYPE', 'tty'), ('SHLVL', '1'), ('LD_LIBRARY_PATH', '//home/nvidia/f1tenth_ws/install/vesc_driver/lib://home/nvidia/f1tenth_ws/install/vesc_ackermann/lib://home/nvidia/f1tenth_ws/install/vesc_msgs/lib://home/nvidia/f1tenth_ws/install/teleop_tools_msgs/lib:/usr/lib/aarch64-linux-gnu/gazebo-11/plugins:/opt/ros/foxy/opt/yaml_cpp_vendor/lib:/opt/ros/foxy/opt/rviz_ogre_vendor/lib:/opt/ros/foxy/lib/aarch64-linux-gnu:/opt/ros/foxy/lib:/usr/local/cuda-11.4/lib64:'), ('MOTD_SHOWN', 'pam'), ('HOME', '/home/nvidia'), ('OLDPWD', '/home/nvidia'), ('SSH_TTY', '/dev/pts/4'), ('ROS_PYTHON_VERSION', '3'), ('DBUS_SESSION_BUS_ADDRESS', 'unix:path=/run/user/1000/bus'), ('COLCON_PREFIX_PATH', '//home/nvidia/f1tenth_ws/install'), ('ROS_DISTRO', 'foxy'), ('LOGNAME', 'nvidia'), ('_', '/usr/bin/colcon'), ('ROS_VERSION', '2'), ('XDG_SESSION_CLASS', 'user'), ('TERM', 'xterm-256color'), ('XDG_SESSION_ID', '15'), ('GAZEBO_MODEL_PATH', ':/opt/ros/foxy/share/turtlebot3_gazebo/models'), ('ROS_LOCALHOST_ONLY', '0'), ('PATH', '/home/nvidia/.local/bin:/opt/ros/foxy/bin:/usr/local/cuda-11.4/bin:/usr/local/sbin:/usr/local/bin:/usr/sbin:/usr/bin:/sbin:/bin:/usr/games:/usr/local/games:/snap/bin'), ('XDG_RUNTIME_DIR', '/run/user/1000'), ('LANG', 'en_US.UTF-8'), ('LS_COLORS', 'rs=0:di=01;34:ln=01;36:mh=00:pi=40;33:so=01;35:do=01;35:bd=40;33;01:cd=40;33;01:or=40;31;01:mi=00:su=37;41:sg=30;43:ca=30;41:tw=30;42:ow=34;42:st=37;44:ex=01;32:*.tar=01;31:*.tgz=01;31:*.arc=01;31:*.arj=01;31:*.taz=01;31:*.lha=01;31:*.lz4=01;31:*.lzh=01;31:*.lzma=01;31:*.tlz=01;31:*.txz=01;31:*.tzo=01;31:*.t7z=01;31:*.zip=01;31:*.z=01;31:*.dz=01;31:*.gz=01;31:*.lrz=01;31:*.lz=01;31:*.lzo=01;31:*.xz=01;31:*.zst=01;31:*.tzst=01;31:*.bz2=01;31:*.bz=01;31:*.tbz=01;31:*.tbz2=01;31:*.tz=01;31:*.deb=01;31:*.rpm=01;31:*.jar=01;31:*.war=01;31:*.ear=01;31:*.sar=01;31:*.rar=01;31:*.alz=01;31:*.ace=01;31:*.zoo=01;31:*.cpio=01;31:*.7z=01;31:*.rz=01;31:*.cab=01;31:*.wim=01;31:*.swm=01;31:*.dwm=01;31:*.esd=01;31:*.jpg=01;35:*.jpeg=01;35:*.mjpg=01;35:*.mjpeg=01;35:*.gif=01;35:*.bmp=01;35:*.pbm=01;35:*.pgm=01;35:*.ppm=01;35:*.tga=01;35:*.xbm=01;35:*.xpm=01;35:*.tif=01;35:*.tiff=01;35:*.png=01;35:*.svg=01;35:*.svgz=01;35:*.mng=01;35:*.pcx=01;35:*.mov=01;35:*.mpg=01;35:*.mpeg=01;35:*.m2v=01;35:*.mkv=01;35:*.webm=01;35:*.ogm=01;35:*.mp4=01;35:*.m4v=01;35:*.mp4v=01;35:*.vob=01;35:*.qt=01;35:*.nuv=01;35:*.wmv=01;35:*.asf=01;35:*.rm=01;35:*.rmvb=01;35:*.flc=01;35:*.avi=01;35:*.fli=01;35:*.flv=01;35:*.gl=01;35:*.dl=01;35:*.xcf=01;35:*.xwd=01;35:*.yuv=01;35:*.cgm=01;35:*.emf=01;35:*.ogv=01;35:*.ogx=01;35:*.aac=00;36:*.au=00;36:*.flac=00;36:*.m4a=00;36:*.mid=00;36:*.midi=00;36:*.mka=00;36:*.mp3=00;36:*.mpc=00;36:*.ogg=00;36:*.ra=00;36:*.wav=00;36:*.oga=00;36:*.opus=00;36:*.spx=00;36:*.xspf=00;36:'), ('ROS_DOMAIN_ID', '10'), ('AMENT_PREFIX_PATH', '//home/nvidia/f1tenth_ws/install/f1tenth_stack://home/nvidia/f1tenth_ws/install/vesc://home/nvidia/f1tenth_ws/install/vesc_driver://home/nvidia/f1tenth_ws/install/vesc_ackermann://home/nvidia/f1tenth_ws/install/vesc_msgs://home/nvidia/f1tenth_ws/install/teleop_tools://home/nvidia/f1tenth_ws/install/joy_teleop://home/nvidia/f1tenth_ws/install/teleop_tools_msgs://home/nvidia/f1tenth_ws/install/pure_pursuit://home/nvidia/f1tenth_ws/install/phasespace://home/nvidia/f1tenth_ws/install/new_map_saver://home/nvidia/f1tenth_ws/install/mouse_teleop://home/nvidia/f1tenth_ws/install/mapping://home/nvidia/f1tenth_ws/install/key_teleop://home/nvidia/f1tenth_ws/install/f1tenth_controllers://home/nvidia/f1tenth_ws/install/ackermann_mux:/opt/ros/foxy'), ('SHELL', '/bin/bash'), ('LESSCLOSE', '/usr/bin/lesspipe %s %s'), ('PWD', '/home/nvidia/f1tenth_ws/build/teleop_tools_msgs'), ('TURTLEBOT3_MODEL', 'waffle'), ('LC_ALL', 'en_US.UTF-8'), ('SSH_CONNECTION', '10.131.67.141 46114 10.131.142.84 22'), ('XDG_DATA_DIRS', '/usr/local/share:/usr/share:/var/lib/snapd/desktop'), ('PYTHONPATH', '//home/nvidia/f1tenth_ws/install/f1tenth_stack/lib/python3.8/site-packages://home/nvidia/f1tenth_ws/install/vesc_msgs/lib/python3.8/site-packages://home/nvidia/f1tenth_ws/install/joy_teleop/lib/python3.8/site-packages://home/nvidia/f1tenth_ws/install/teleop_tools_msgs/lib/python3.8/site-packages://home/nvidia/f1tenth_ws/install/phasespace/lib/python3.8/site-packages://home/nvidia/f1tenth_ws/install/new_map_saver/lib/python3.8/site-packages://home/nvidia/f1tenth_ws/install/mouse_teleop/lib/python3.8/site-packages://home/nvidia/f1tenth_ws/install/mapping/lib/python3.8/site-packages://home/nvidia/f1tenth_ws/install/key_teleop/lib/python3.8/site-packages://home/nvidia/f1tenth_ws/install/f1tenth_controllers/lib/python3.8/site-packages:/opt/ros/foxy/lib/python3.8/site-packages'), ('COLCON', '1'), ('CMAKE_PREFIX_PATH', '//home/nvidia/f1tenth_ws/install/vesc://home/nvidia/f1tenth_ws/install/vesc_driver://home/nvidia/f1tenth_ws/install/vesc_ackermann://home/nvidia/f1tenth_ws/install/vesc_msgs://home/nvidia/f1tenth_ws/install/teleop_tools://home/nvidia/f1tenth_ws/install/teleop_tools_msgs://home/nvidia/f1tenth_ws/install/pure_pursuit://home/nvidia/f1tenth_ws/install/ackermann_mux://home/nvidia/f1tenth_ws/install/f1tenth_stack://home/nvidia/f1tenth_ws/install/joy_teleop://home/nvidia/f1tenth_ws/install/phasespace://home/nvidia/f1tenth_ws/install/new_map_saver://home/nvidia/f1tenth_ws/install/mouse_teleop://home/nvidia/f1tenth_ws/install/mapping://home/nvidia/f1tenth_ws/install/key_teleop://home/nvidia/f1tenth_ws/install/f1tenth_controllers:/opt/ros/foxy')]), 'shell': False}
[75.230963] (-) TimerEvent: {}
[75.285213] (teleop_tools_msgs) StdoutLine: {'line': b'-- Install configuration: ""\n'}
[75.288161] (teleop_tools_msgs) StdoutLine: {'line': b'-- Installing: /home/nvidia/f1tenth_ws/install/teleop_tools_msgs/share/ament_index/resource_index/rosidl_interfaces/teleop_tools_msgs\n'}
[75.290583] (teleop_tools_msgs) StdoutLine: {'line': b'-- Installing: /home/nvidia/f1tenth_ws/install/teleop_tools_msgs/include/teleop_tools_msgs\n'}
[75.292504] (teleop_tools_msgs) StdoutLine: {'line': b'-- Installing: /home/nvidia/f1tenth_ws/install/teleop_tools_msgs/include/teleop_tools_msgs/action\n'}
[75.294257] (teleop_tools_msgs) StdoutLine: {'line': b'-- Installing: /home/nvidia/f1tenth_ws/install/teleop_tools_msgs/include/teleop_tools_msgs/action/increment.h\n'}
[75.294909] (teleop_tools_msgs) StdoutLine: {'line': b'-- Installing: /home/nvidia/f1tenth_ws/install/teleop_tools_msgs/include/teleop_tools_msgs/action/detail\n'}
[75.298995] (teleop_tools_msgs) StdoutLine: {'line': b'-- Installing: /home/nvidia/f1tenth_ws/install/teleop_tools_msgs/include/teleop_tools_msgs/action/detail/increment__type_support.h\n'}
[75.300440] (teleop_tools_msgs) StdoutLine: {'line': b'-- Installing: /home/nvidia/f1tenth_ws/install/teleop_tools_msgs/include/teleop_tools_msgs/action/detail/increment__functions.c\n'}
[75.300982] (teleop_tools_msgs) StdoutLine: {'line': b'-- Installing: /home/nvidia/f1tenth_ws/install/teleop_tools_msgs/include/teleop_tools_msgs/action/detail/increment__struct.h\n'}
[75.311531] (teleop_tools_msgs) StdoutLine: {'line': b'-- Installing: /home/nvidia/f1tenth_ws/install/teleop_tools_msgs/include/teleop_tools_msgs/action/detail/increment__functions.h\n'}
[75.312176] (teleop_tools_msgs) StdoutLine: {'line': b'-- Installing: /home/nvidia/f1tenth_ws/install/teleop_tools_msgs/include/teleop_tools_msgs/msg\n'}
[75.312703] (teleop_tools_msgs) StdoutLine: {'line': b'-- Installing: /home/nvidia/f1tenth_ws/install/teleop_tools_msgs/include/teleop_tools_msgs/msg/rosidl_generator_c__visibility_control.h\n'}
[75.313228] (teleop_tools_msgs) StdoutLine: {'line': b'-- Installing: /home/nvidia/f1tenth_ws/install/teleop_tools_msgs/share/teleop_tools_msgs/environment/library_path.sh\n'}
[75.313698] (teleop_tools_msgs) StdoutLine: {'line': b'-- Installing: /home/nvidia/f1tenth_ws/install/teleop_tools_msgs/share/teleop_tools_msgs/environment/library_path.dsv\n'}
[75.314180] (teleop_tools_msgs) StdoutLine: {'line': b'-- Installing: /home/nvidia/f1tenth_ws/install/teleop_tools_msgs/lib/libteleop_tools_msgs__rosidl_generator_c.so\n'}
[75.321801] (teleop_tools_msgs) StdoutLine: {'line': b'-- Set runtime path of "/home/nvidia/f1tenth_ws/install/teleop_tools_msgs/lib/libteleop_tools_msgs__rosidl_generator_c.so" to ""\n'}
[75.322682] (teleop_tools_msgs) StdoutLine: {'line': b'-- Up-to-date: /home/nvidia/f1tenth_ws/install/teleop_tools_msgs/include/teleop_tools_msgs\n'}
[75.323338] (teleop_tools_msgs) StdoutLine: {'line': b'-- Up-to-date: /home/nvidia/f1tenth_ws/install/teleop_tools_msgs/include/teleop_tools_msgs/action\n'}
[75.323850] (teleop_tools_msgs) StdoutLine: {'line': b'-- Up-to-date: /home/nvidia/f1tenth_ws/install/teleop_tools_msgs/include/teleop_tools_msgs/action/detail\n'}
[75.324307] (teleop_tools_msgs) StdoutLine: {'line': b'-- Installing: /home/nvidia/f1tenth_ws/install/teleop_tools_msgs/include/teleop_tools_msgs/action/detail/increment__rosidl_typesupport_fastrtps_c.h\n'}
[75.324772] (teleop_tools_msgs) StdoutLine: {'line': b'-- Up-to-date: /home/nvidia/f1tenth_ws/install/teleop_tools_msgs/include/teleop_tools_msgs/msg\n'}
[75.325182] (teleop_tools_msgs) StdoutLine: {'line': b'-- Installing: /home/nvidia/f1tenth_ws/install/teleop_tools_msgs/include/teleop_tools_msgs/msg/rosidl_typesupport_fastrtps_c__visibility_control.h\n'}
[75.327599] (teleop_tools_msgs) StdoutLine: {'line': b'-- Installing: /home/nvidia/f1tenth_ws/install/teleop_tools_msgs/lib/libteleop_tools_msgs__rosidl_typesupport_fastrtps_c.so\n'}
[75.328249] (teleop_tools_msgs) StdoutLine: {'line': b'-- Set runtime path of "/home/nvidia/f1tenth_ws/install/teleop_tools_msgs/lib/libteleop_tools_msgs__rosidl_typesupport_fastrtps_c.so" to ""\n'}
[75.336358] (-) TimerEvent: {}
[75.337079] (teleop_tools_msgs) StdoutLine: {'line': b'-- Up-to-date: /home/nvidia/f1tenth_ws/install/teleop_tools_msgs/include/teleop_tools_msgs\n'}
[75.337661] (teleop_tools_msgs) StdoutLine: {'line': b'-- Up-to-date: /home/nvidia/f1tenth_ws/install/teleop_tools_msgs/include/teleop_tools_msgs/action\n'}
[75.338236] (teleop_tools_msgs) StdoutLine: {'line': b'-- Up-to-date: /home/nvidia/f1tenth_ws/install/teleop_tools_msgs/include/teleop_tools_msgs/action/detail\n'}
[75.338708] (teleop_tools_msgs) StdoutLine: {'line': b'-- Installing: /home/nvidia/f1tenth_ws/install/teleop_tools_msgs/include/teleop_tools_msgs/action/detail/increment__rosidl_typesupport_fastrtps_cpp.hpp\n'}
[75.339239] (teleop_tools_msgs) StdoutLine: {'line': b'-- Installing: /home/nvidia/f1tenth_ws/install/teleop_tools_msgs/include/teleop_tools_msgs/action/detail/dds_fastrtps\n'}
[75.339759] (teleop_tools_msgs) StdoutLine: {'line': b'-- Up-to-date: /home/nvidia/f1tenth_ws/install/teleop_tools_msgs/include/teleop_tools_msgs/msg\n'}
[75.344786] (teleop_tools_msgs) StdoutLine: {'line': b'-- Installing: /home/nvidia/f1tenth_ws/install/teleop_tools_msgs/include/teleop_tools_msgs/msg/rosidl_typesupport_fastrtps_cpp__visibility_control.h\n'}
[75.345702] (teleop_tools_msgs) StdoutLine: {'line': b'-- Installing: /home/nvidia/f1tenth_ws/install/teleop_tools_msgs/lib/libteleop_tools_msgs__rosidl_typesupport_fastrtps_cpp.so\n'}
[75.346201] (teleop_tools_msgs) StdoutLine: {'line': b'-- Set runtime path of "/home/nvidia/f1tenth_ws/install/teleop_tools_msgs/lib/libteleop_tools_msgs__rosidl_typesupport_fastrtps_cpp.so" to ""\n'}
[75.346741] (teleop_tools_msgs) StdoutLine: {'line': b'-- Up-to-date: /home/nvidia/f1tenth_ws/install/teleop_tools_msgs/include/teleop_tools_msgs\n'}
[75.360301] (teleop_tools_msgs) StdoutLine: {'line': b'-- Up-to-date: /home/nvidia/f1tenth_ws/install/teleop_tools_msgs/include/teleop_tools_msgs/action\n'}
[75.361468] (teleop_tools_msgs) StdoutLine: {'line': b'-- Up-to-date: /home/nvidia/f1tenth_ws/install/teleop_tools_msgs/include/teleop_tools_msgs/action/detail\n'}
[75.363507] (teleop_tools_msgs) StdoutLine: {'line': b'-- Installing: /home/nvidia/f1tenth_ws/install/teleop_tools_msgs/include/teleop_tools_msgs/action/detail/increment__rosidl_typesupport_introspection_c.h\n'}
[75.365309] (teleop_tools_msgs) StdoutLine: {'line': b'-- Installing: /home/nvidia/f1tenth_ws/install/teleop_tools_msgs/include/teleop_tools_msgs/action/detail/increment__type_support.c\n'}
[75.366544] (teleop_tools_msgs) StdoutLine: {'line': b'-- Up-to-date: /home/nvidia/f1tenth_ws/install/teleop_tools_msgs/include/teleop_tools_msgs/msg\n'}
[75.367669] (teleop_tools_msgs) StdoutLine: {'line': b'-- Installing: /home/nvidia/f1tenth_ws/install/teleop_tools_msgs/include/teleop_tools_msgs/msg/rosidl_typesupport_introspection_c__visibility_control.h\n'}
[75.368221] (teleop_tools_msgs) StdoutLine: {'line': b'-- Installing: /home/nvidia/f1tenth_ws/install/teleop_tools_msgs/lib/libteleop_tools_msgs__rosidl_typesupport_introspection_c.so\n'}
[75.368717] (teleop_tools_msgs) StdoutLine: {'line': b'-- Set runtime path of "/home/nvidia/f1tenth_ws/install/teleop_tools_msgs/lib/libteleop_tools_msgs__rosidl_typesupport_introspection_c.so" to ""\n'}
[75.369392] (teleop_tools_msgs) StdoutLine: {'line': b'-- Installing: /home/nvidia/f1tenth_ws/install/teleop_tools_msgs/lib/libteleop_tools_msgs__rosidl_typesupport_c.so\n'}
[75.369864] (teleop_tools_msgs) StdoutLine: {'line': b'-- Set runtime path of "/home/nvidia/f1tenth_ws/install/teleop_tools_msgs/lib/libteleop_tools_msgs__rosidl_typesupport_c.so" to ""\n'}
[75.370288] (teleop_tools_msgs) StdoutLine: {'line': b'-- Up-to-date: /home/nvidia/f1tenth_ws/install/teleop_tools_msgs/include/teleop_tools_msgs\n'}
[75.380870] (teleop_tools_msgs) StdoutLine: {'line': b'-- Up-to-date: /home/nvidia/f1tenth_ws/install/teleop_tools_msgs/include/teleop_tools_msgs/action\n'}
[75.381632] (teleop_tools_msgs) StdoutLine: {'line': b'-- Up-to-date: /home/nvidia/f1tenth_ws/install/teleop_tools_msgs/include/teleop_tools_msgs/action/detail\n'}
[75.382271] (teleop_tools_msgs) StdoutLine: {'line': b'-- Installing: /home/nvidia/f1tenth_ws/install/teleop_tools_msgs/include/teleop_tools_msgs/action/detail/increment__type_support.hpp\n'}
[75.382840] (teleop_tools_msgs) StdoutLine: {'line': b'-- Installing: /home/nvidia/f1tenth_ws/install/teleop_tools_msgs/include/teleop_tools_msgs/action/detail/increment__traits.hpp\n'}
[75.388370] (teleop_tools_msgs) StdoutLine: {'line': b'-- Installing: /home/nvidia/f1tenth_ws/install/teleop_tools_msgs/include/teleop_tools_msgs/action/detail/increment__struct.hpp\n'}
[75.388942] (teleop_tools_msgs) StdoutLine: {'line': b'-- Installing: /home/nvidia/f1tenth_ws/install/teleop_tools_msgs/include/teleop_tools_msgs/action/detail/increment__builder.hpp\n'}
[75.389429] (teleop_tools_msgs) StdoutLine: {'line': b'-- Installing: /home/nvidia/f1tenth_ws/install/teleop_tools_msgs/include/teleop_tools_msgs/action/increment.hpp\n'}
[75.389874] (teleop_tools_msgs) StdoutLine: {'line': b'-- Up-to-date: /home/nvidia/f1tenth_ws/install/teleop_tools_msgs/include/teleop_tools_msgs/msg\n'}
[75.390326] (teleop_tools_msgs) StdoutLine: {'line': b'-- Installing: /home/nvidia/f1tenth_ws/install/teleop_tools_msgs/include/teleop_tools_msgs/msg/rosidl_generator_cpp__visibility_control.hpp\n'}
[75.390755] (teleop_tools_msgs) StdoutLine: {'line': b'-- Up-to-date: /home/nvidia/f1tenth_ws/install/teleop_tools_msgs/include/teleop_tools_msgs\n'}
[75.391239] (teleop_tools_msgs) StdoutLine: {'line': b'-- Up-to-date: /home/nvidia/f1tenth_ws/install/teleop_tools_msgs/include/teleop_tools_msgs/action\n'}
[75.391717] (teleop_tools_msgs) StdoutLine: {'line': b'-- Up-to-date: /home/nvidia/f1tenth_ws/install/teleop_tools_msgs/include/teleop_tools_msgs/action/detail\n'}
[75.392122] (teleop_tools_msgs) StdoutLine: {'line': b'-- Installing: /home/nvidia/f1tenth_ws/install/teleop_tools_msgs/include/teleop_tools_msgs/action/detail/increment__type_support.cpp\n'}
[75.392533] (teleop_tools_msgs) StdoutLine: {'line': b'-- Installing: /home/nvidia/f1tenth_ws/install/teleop_tools_msgs/include/teleop_tools_msgs/action/detail/increment__rosidl_typesupport_introspection_cpp.hpp\n'}
[75.392930] (teleop_tools_msgs) StdoutLine: {'line': b'-- Installing: /home/nvidia/f1tenth_ws/install/teleop_tools_msgs/lib/libteleop_tools_msgs__rosidl_typesupport_introspection_cpp.so\n'}
[75.393326] (teleop_tools_msgs) StdoutLine: {'line': b'-- Set runtime path of "/home/nvidia/f1tenth_ws/install/teleop_tools_msgs/lib/libteleop_tools_msgs__rosidl_typesupport_introspection_cpp.so" to ""\n'}
[75.393756] (teleop_tools_msgs) StdoutLine: {'line': b'-- Installing: /home/nvidia/f1tenth_ws/install/teleop_tools_msgs/lib/libteleop_tools_msgs__rosidl_typesupport_cpp.so\n'}
[75.394148] (teleop_tools_msgs) StdoutLine: {'line': b'-- Set runtime path of "/home/nvidia/f1tenth_ws/install/teleop_tools_msgs/lib/libteleop_tools_msgs__rosidl_typesupport_cpp.so" to ""\n'}
[75.394542] (teleop_tools_msgs) StdoutLine: {'line': b'-- Installing: /home/nvidia/f1tenth_ws/install/teleop_tools_msgs/share/teleop_tools_msgs/environment/pythonpath.sh\n'}
[75.394926] (teleop_tools_msgs) StdoutLine: {'line': b'-- Installing: /home/nvidia/f1tenth_ws/install/teleop_tools_msgs/share/teleop_tools_msgs/environment/pythonpath.dsv\n'}
[75.395453] (teleop_tools_msgs) StdoutLine: {'line': b'-- Installing: /home/nvidia/f1tenth_ws/install/teleop_tools_msgs/lib/python3.8/site-packages/teleop_tools_msgs/__init__.py\n'}
[75.436678] (-) TimerEvent: {}
[75.537815] (-) TimerEvent: {}
[75.638982] (-) TimerEvent: {}
[75.667007] (teleop_tools_msgs) StdoutLine: {'line': b"Compiling '/home/nvidia/f1tenth_ws/install/teleop_tools_msgs/lib/python3.8/site-packages/teleop_tools_msgs/__init__.py'...\n"}
[75.693309] (teleop_tools_msgs) StdoutLine: {'line': b'-- Installing: /home/nvidia/f1tenth_ws/install/teleop_tools_msgs/lib/python3.8/site-packages/teleop_tools_msgs/action\n'}
[75.694886] (teleop_tools_msgs) StdoutLine: {'line': b'-- Installing: /home/nvidia/f1tenth_ws/install/teleop_tools_msgs/lib/python3.8/site-packages/teleop_tools_msgs/action/_increment_s.c\n'}
[75.696963] (teleop_tools_msgs) StdoutLine: {'line': b'-- Installing: /home/nvidia/f1tenth_ws/install/teleop_tools_msgs/lib/python3.8/site-packages/teleop_tools_msgs/action/__init__.py\n'}
[75.698536] (teleop_tools_msgs) StdoutLine: {'line': b'-- Installing: /home/nvidia/f1tenth_ws/install/teleop_tools_msgs/lib/python3.8/site-packages/teleop_tools_msgs/action/_increment.py\n'}
[75.700986] (teleop_tools_msgs) StdoutLine: {'line': b'-- Installing: /home/nvidia/f1tenth_ws/install/teleop_tools_msgs/lib/python3.8/site-packages/teleop_tools_msgs/teleop_tools_msgs_s__rosidl_typesupport_fastrtps_c.cpython-38-aarch64-linux-gnu.so\n'}
[75.705502] (teleop_tools_msgs) StdoutLine: {'line': b'-- Set runtime path of "/home/nvidia/f1tenth_ws/install/teleop_tools_msgs/lib/python3.8/site-packages/teleop_tools_msgs/teleop_tools_msgs_s__rosidl_typesupport_fastrtps_c.cpython-38-aarch64-linux-gnu.so" to ""\n'}
[75.707303] (teleop_tools_msgs) StdoutLine: {'line': b'-- Installing: /home/nvidia/f1tenth_ws/install/teleop_tools_msgs/lib/python3.8/site-packages/teleop_tools_msgs/teleop_tools_msgs_s__rosidl_typesupport_introspection_c.cpython-38-aarch64-linux-gnu.so\n'}
[75.710940] (teleop_tools_msgs) StdoutLine: {'line': b'-- Set runtime path of "/home/nvidia/f1tenth_ws/install/teleop_tools_msgs/lib/python3.8/site-packages/teleop_tools_msgs/teleop_tools_msgs_s__rosidl_typesupport_introspection_c.cpython-38-aarch64-linux-gnu.so" to ""\n'}
[75.713238] (teleop_tools_msgs) StdoutLine: {'line': b'-- Installing: /home/nvidia/f1tenth_ws/install/teleop_tools_msgs/lib/python3.8/site-packages/teleop_tools_msgs/teleop_tools_msgs_s__rosidl_typesupport_c.cpython-38-aarch64-linux-gnu.so\n'}
[75.716197] (teleop_tools_msgs) StdoutLine: {'line': b'-- Set runtime path of "/home/nvidia/f1tenth_ws/install/teleop_tools_msgs/lib/python3.8/site-packages/teleop_tools_msgs/teleop_tools_msgs_s__rosidl_typesupport_c.cpython-38-aarch64-linux-gnu.so" to ""\n'}
[75.718518] (teleop_tools_msgs) StdoutLine: {'line': b'-- Installing: /home/nvidia/f1tenth_ws/install/teleop_tools_msgs/lib/libteleop_tools_msgs__python.so\n'}
[75.723484] (teleop_tools_msgs) StdoutLine: {'line': b'-- Set runtime path of "/home/nvidia/f1tenth_ws/install/teleop_tools_msgs/lib/libteleop_tools_msgs__python.so" to ""\n'}
[75.731656] (teleop_tools_msgs) StdoutLine: {'line': b'-- Installing: /home/nvidia/f1tenth_ws/install/teleop_tools_msgs/share/teleop_tools_msgs/action/Increment.idl\n'}
[75.732469] (teleop_tools_msgs) StdoutLine: {'line': b'-- Installing: /home/nvidia/f1tenth_ws/install/teleop_tools_msgs/share/teleop_tools_msgs/action/Increment.action\n'}
[75.732939] (teleop_tools_msgs) StdoutLine: {'line': b'-- Installing: /home/nvidia/f1tenth_ws/install/teleop_tools_msgs/share/ament_index/resource_index/package_run_dependencies/teleop_tools_msgs\n'}
[75.733340] (teleop_tools_msgs) StdoutLine: {'line': b'-- Installing: /home/nvidia/f1tenth_ws/install/teleop_tools_msgs/share/ament_index/resource_index/parent_prefix_path/teleop_tools_msgs\n'}
[75.735068] (teleop_tools_msgs) StdoutLine: {'line': b'-- Installing: /home/nvidia/f1tenth_ws/install/teleop_tools_msgs/share/teleop_tools_msgs/environment/ament_prefix_path.sh\n'}
[75.739747] (teleop_tools_msgs) StdoutLine: {'line': b'-- Installing: /home/nvidia/f1tenth_ws/install/teleop_tools_msgs/share/teleop_tools_msgs/environment/ament_prefix_path.dsv\n'}
[75.740576] (-) TimerEvent: {}
[75.742167] (teleop_tools_msgs) StdoutLine: {'line': b'-- Installing: /home/nvidia/f1tenth_ws/install/teleop_tools_msgs/share/teleop_tools_msgs/environment/path.sh\n'}
[75.744760] (teleop_tools_msgs) StdoutLine: {'line': b'-- Installing: /home/nvidia/f1tenth_ws/install/teleop_tools_msgs/share/teleop_tools_msgs/environment/path.dsv\n'}
[75.747486] (teleop_tools_msgs) StdoutLine: {'line': b'-- Installing: /home/nvidia/f1tenth_ws/install/teleop_tools_msgs/share/teleop_tools_msgs/local_setup.bash\n'}
[75.750364] (teleop_tools_msgs) StdoutLine: {'line': b'-- Installing: /home/nvidia/f1tenth_ws/install/teleop_tools_msgs/share/teleop_tools_msgs/local_setup.sh\n'}
[75.754004] (teleop_tools_msgs) StdoutLine: {'line': b'-- Installing: /home/nvidia/f1tenth_ws/install/teleop_tools_msgs/share/teleop_tools_msgs/local_setup.zsh\n'}
[75.756319] (teleop_tools_msgs) StdoutLine: {'line': b'-- Installing: /home/nvidia/f1tenth_ws/install/teleop_tools_msgs/share/teleop_tools_msgs/local_setup.dsv\n'}
[75.758757] (teleop_tools_msgs) StdoutLine: {'line': b'-- Installing: /home/nvidia/f1tenth_ws/install/teleop_tools_msgs/share/teleop_tools_msgs/package.dsv\n'}
[75.761333] (teleop_tools_msgs) StdoutLine: {'line': b'-- Installing: /home/nvidia/f1tenth_ws/install/teleop_tools_msgs/share/ament_index/resource_index/packages/teleop_tools_msgs\n'}
[75.764110] (teleop_tools_msgs) StdoutLine: {'line': b'-- Installing: /home/nvidia/f1tenth_ws/install/teleop_tools_msgs/share/teleop_tools_msgs/cmake/teleop_tools_msgs__rosidl_generator_cExport.cmake\n'}
[75.766880] (teleop_tools_msgs) StdoutLine: {'line': b'-- Installing: /home/nvidia/f1tenth_ws/install/teleop_tools_msgs/share/teleop_tools_msgs/cmake/teleop_tools_msgs__rosidl_generator_cExport-noconfig.cmake\n'}
[75.769673] (teleop_tools_msgs) StdoutLine: {'line': b'-- Installing: /home/nvidia/f1tenth_ws/install/teleop_tools_msgs/share/teleop_tools_msgs/cmake/teleop_tools_msgs__rosidl_typesupport_introspection_cExport.cmake\n'}
[75.773290] (teleop_tools_msgs) StdoutLine: {'line': b'-- Installing: /home/nvidia/f1tenth_ws/install/teleop_tools_msgs/share/teleop_tools_msgs/cmake/teleop_tools_msgs__rosidl_typesupport_introspection_cExport-noconfig.cmake\n'}
[75.777301] (teleop_tools_msgs) StdoutLine: {'line': b'-- Installing: /home/nvidia/f1tenth_ws/install/teleop_tools_msgs/share/teleop_tools_msgs/cmake/teleop_tools_msgs__rosidl_typesupport_cExport.cmake\n'}
[75.779880] (teleop_tools_msgs) StdoutLine: {'line': b'-- Installing: /home/nvidia/f1tenth_ws/install/teleop_tools_msgs/share/teleop_tools_msgs/cmake/teleop_tools_msgs__rosidl_typesupport_cExport-noconfig.cmake\n'}
[75.783680] (teleop_tools_msgs) StdoutLine: {'line': b'-- Installing: /home/nvidia/f1tenth_ws/install/teleop_tools_msgs/share/teleop_tools_msgs/cmake/teleop_tools_msgs__rosidl_generator_cppExport.cmake\n'}
[75.786849] (teleop_tools_msgs) StdoutLine: {'line': b'-- Installing: /home/nvidia/f1tenth_ws/install/teleop_tools_msgs/share/teleop_tools_msgs/cmake/teleop_tools_msgs__rosidl_typesupport_introspection_cppExport.cmake\n'}
[75.792293] (teleop_tools_msgs) StdoutLine: {'line': b'-- Installing: /home/nvidia/f1tenth_ws/install/teleop_tools_msgs/share/teleop_tools_msgs/cmake/teleop_tools_msgs__rosidl_typesupport_introspection_cppExport-noconfig.cmake\n'}
[75.799809] (teleop_tools_msgs) StdoutLine: {'line': b'-- Installing: /home/nvidia/f1tenth_ws/install/teleop_tools_msgs/share/teleop_tools_msgs/cmake/teleop_tools_msgs__rosidl_typesupport_cppExport.cmake\n'}
[75.800822] (teleop_tools_msgs) StdoutLine: {'line': b'-- Installing: /home/nvidia/f1tenth_ws/install/teleop_tools_msgs/share/teleop_tools_msgs/cmake/teleop_tools_msgs__rosidl_typesupport_cppExport-noconfig.cmake\n'}
[75.801529] (teleop_tools_msgs) StdoutLine: {'line': b'-- Installing: /home/nvidia/f1tenth_ws/install/teleop_tools_msgs/share/teleop_tools_msgs/cmake/rosidl_cmake-extras.cmake\n'}
[75.802024] (teleop_tools_msgs) StdoutLine: {'line': b'-- Installing: /home/nvidia/f1tenth_ws/install/teleop_tools_msgs/share/teleop_tools_msgs/cmake/ament_cmake_export_dependencies-extras.cmake\n'}
[75.802478] (teleop_tools_msgs) StdoutLine: {'line': b'-- Installing: /home/nvidia/f1tenth_ws/install/teleop_tools_msgs/share/teleop_tools_msgs/cmake/ament_cmake_export_libraries-extras.cmake\n'}
[75.811718] (teleop_tools_msgs) StdoutLine: {'line': b'-- Installing: /home/nvidia/f1tenth_ws/install/teleop_tools_msgs/share/teleop_tools_msgs/cmake/ament_cmake_export_targets-extras.cmake\n'}
[75.812703] (teleop_tools_msgs) StdoutLine: {'line': b'-- Installing: /home/nvidia/f1tenth_ws/install/teleop_tools_msgs/share/teleop_tools_msgs/cmake/ament_cmake_export_include_directories-extras.cmake\n'}
[75.813300] (teleop_tools_msgs) StdoutLine: {'line': b'-- Installing: /home/nvidia/f1tenth_ws/install/teleop_tools_msgs/share/teleop_tools_msgs/cmake/rosidl_cmake_export_typesupport_libraries-extras.cmake\n'}
[75.813767] (teleop_tools_msgs) StdoutLine: {'line': b'-- Installing: /home/nvidia/f1tenth_ws/install/teleop_tools_msgs/share/teleop_tools_msgs/cmake/rosidl_cmake_export_typesupport_targets-extras.cmake\n'}
[75.814248] (teleop_tools_msgs) StdoutLine: {'line': b'-- Installing: /home/nvidia/f1tenth_ws/install/teleop_tools_msgs/share/teleop_tools_msgs/cmake/teleop_tools_msgsConfig.cmake\n'}
[75.814689] (teleop_tools_msgs) StdoutLine: {'line': b'-- Installing: /home/nvidia/f1tenth_ws/install/teleop_tools_msgs/share/teleop_tools_msgs/cmake/teleop_tools_msgsConfig-version.cmake\n'}
[75.820248] (teleop_tools_msgs) StdoutLine: {'line': b'-- Installing: /home/nvidia/f1tenth_ws/install/teleop_tools_msgs/share/teleop_tools_msgs/package.xml\n'}
[75.838394] (teleop_tools_msgs) CommandEnded: {'returncode': 0}
[75.845608] (-) TimerEvent: {}
[75.947834] (-) TimerEvent: {}
[76.048980] (-) TimerEvent: {}
[76.161884] (-) TimerEvent: {}
[76.263874] (-) TimerEvent: {}
[76.365053] (-) TimerEvent: {}
[76.466177] (-) TimerEvent: {}
[76.567391] (-) TimerEvent: {}
[76.668451] (-) TimerEvent: {}
[76.769649] (-) TimerEvent: {}
[76.837483] (teleop_tools_msgs) JobEnded: {'identifier': 'teleop_tools_msgs', 'rc': 0}
[76.844648] (joy_teleop) JobStarted: {'identifier': 'joy_teleop'}
[76.869846] (-) TimerEvent: {}
[76.971671] (-) TimerEvent: {}
[77.075074] (-) TimerEvent: {}
[77.178147] (-) TimerEvent: {}
[77.279297] (-) TimerEvent: {}
[77.380354] (-) TimerEvent: {}
[77.459799] (vesc_msgs) StdoutLine: {'line': b'[ 38%] \x1b[32mBuilding CXX object CMakeFiles/vesc_msgs__rosidl_typesupport_c.dir/rosidl_typesupport_c/vesc_msgs/msg/vesc_state__type_support.cpp.o\x1b[0m\n'}
[77.480673] (-) TimerEvent: {}
[77.581751] (-) TimerEvent: {}
[77.682906] (-) TimerEvent: {}
[77.784126] (-) TimerEvent: {}
[77.885144] (-) TimerEvent: {}
[77.921933] (vesc_msgs) StdoutLine: {'line': b'[ 40%] \x1b[32mBuilding CXX object CMakeFiles/vesc_msgs__rosidl_typesupport_c.dir/rosidl_typesupport_c/vesc_msgs/msg/vesc_imu_stamped__type_support.cpp.o\x1b[0m\n'}
[77.985417] (-) TimerEvent: {}
[78.086479] (-) TimerEvent: {}
[78.187635] (-) TimerEvent: {}
[78.195802] (vesc_msgs) StdoutLine: {'line': b'[ 41%] \x1b[32mBuilding CXX object CMakeFiles/vesc_msgs__rosidl_typesupport_c.dir/rosidl_typesupport_c/vesc_msgs/msg/vesc_imu__type_support.cpp.o\x1b[0m\n'}
[78.287882] (-) TimerEvent: {}
[78.389757] (-) TimerEvent: {}
[78.490789] (-) TimerEvent: {}
[78.560765] (vesc_msgs) StdoutLine: {'line': b'[ 43%] \x1b[32mBuilding CXX object CMakeFiles/vesc_msgs__rosidl_typesupport_c.dir/rosidl_typesupport_c/vesc_msgs/msg/vesc_state_stamped__type_support.cpp.o\x1b[0m\n'}
[78.591180] (-) TimerEvent: {}
[78.692294] (-) TimerEvent: {}
[78.794088] (-) TimerEvent: {}
[78.858702] (vesc_msgs) StdoutLine: {'line': b'[ 45%] \x1b[32m\x1b[1mLinking CXX shared library libvesc_msgs__rosidl_typesupport_c.so\x1b[0m\n'}
[78.894176] (-) TimerEvent: {}
[78.996563] (-) TimerEvent: {}
[79.098321] (-) TimerEvent: {}
[79.114859] (vesc_msgs) StderrLine: {'line': b'make[2]: warning:  Clock skew detected.  Your build may be incomplete.\n'}
[79.185768] (vesc_msgs) StdoutLine: {'line': b'[ 45%] Built target vesc_msgs__rosidl_typesupport_c\n'}
[79.198555] (-) TimerEvent: {}
[79.206576] (vesc_msgs) StderrLine: {'line': b"make[2]: Warning: File '/opt/ros/foxy/share/geometry_msgs/msg/WrenchStamped.idl' has modification time 738472156 s in the future\n"}
[79.275876] (vesc_msgs) StdoutLine: {'line': b'[ 47%] \x1b[34m\x1b[1mGenerating C++ type support for eProsima Fast-RTPS\x1b[0m\n'}
[79.298830] (-) TimerEvent: {}
[79.400432] (-) TimerEvent: {}
[79.501633] (-) TimerEvent: {}
[79.602788] (-) TimerEvent: {}
[79.704054] (-) TimerEvent: {}
[79.773549] (pure_pursuit) StdoutLine: {'line': b'[ 50%] \x1b[32m\x1b[1mLinking CXX executable waypoint_visualizer\x1b[0m\n'}
[79.804332] (-) TimerEvent: {}
[79.905620] (-) TimerEvent: {}
[80.006839] (-) TimerEvent: {}
[80.108171] (-) TimerEvent: {}
[80.209376] (-) TimerEvent: {}
[80.310464] (-) TimerEvent: {}
[80.411765] (-) TimerEvent: {}
[80.512749] (-) TimerEvent: {}
[80.613748] (-) TimerEvent: {}
[80.687617] (ackermann_mux) StdoutLine: {'line': b'[100%] \x1b[32m\x1b[1mLinking CXX executable ackermann_mux\x1b[0m\n'}
[80.714013] (-) TimerEvent: {}
[80.815088] (-) TimerEvent: {}
[80.889425] (pure_pursuit) StderrLine: {'line': b'make[2]: warning:  Clock skew detected.  Your build may be incomplete.\n'}
[80.915419] (-) TimerEvent: {}
[80.984063] (pure_pursuit) StdoutLine: {'line': b'[ 50%] Built target waypoint_visualizer\n'}
[81.016305] (-) TimerEvent: {}
[81.057152] (pure_pursuit) StdoutLine: {'line': b'\x1b[35m\x1b[1mScanning dependencies of target pure_pursuit\x1b[0m\n'}
[81.116515] (-) TimerEvent: {}
[81.217816] (-) TimerEvent: {}
[81.319861] (-) TimerEvent: {}
[81.324657] (joy_teleop) Command: {'cmd': ['/usr/bin/python3', '-W', 'ignore:setup.py install is deprecated', 'setup.py', 'egg_info', '--egg-base', '../../../../build/joy_teleop', 'build', '--build-base', '/home/nvidia/f1tenth_ws/build/joy_teleop/build', 'install', '--record', '/home/nvidia/f1tenth_ws/build/joy_teleop/install.log', '--install-scripts', '$base/lib/joy_teleop', '--single-version-externally-managed', 'install_data'], 'cwd': '/home/nvidia/f1tenth_ws/src/f1tenth_system/teleop_tools/joy_teleop', 'env': {'LESSOPEN': '| /usr/bin/lesspipe %s', 'USER': 'nvidia', 'SSH_CLIENT': '10.131.67.141 46114 22', 'XDG_SESSION_TYPE': 'tty', 'SHLVL': '1', 'LD_LIBRARY_PATH': '/home/nvidia/f1tenth_ws/install/teleop_tools_msgs/lib://home/nvidia/f1tenth_ws/install/vesc_driver/lib://home/nvidia/f1tenth_ws/install/vesc_ackermann/lib://home/nvidia/f1tenth_ws/install/vesc_msgs/lib://home/nvidia/f1tenth_ws/install/teleop_tools_msgs/lib:/usr/lib/aarch64-linux-gnu/gazebo-11/plugins:/opt/ros/foxy/opt/yaml_cpp_vendor/lib:/opt/ros/foxy/opt/rviz_ogre_vendor/lib:/opt/ros/foxy/lib/aarch64-linux-gnu:/opt/ros/foxy/lib:/usr/local/cuda-11.4/lib64', 'MOTD_SHOWN': 'pam', 'HOME': '/home/nvidia', 'OLDPWD': '/home/nvidia', 'SSH_TTY': '/dev/pts/4', 'ROS_PYTHON_VERSION': '3', 'DBUS_SESSION_BUS_ADDRESS': 'unix:path=/run/user/1000/bus', 'COLCON_PREFIX_PATH': '//home/nvidia/f1tenth_ws/install', 'ROS_DISTRO': 'foxy', 'LOGNAME': 'nvidia', '_': '/usr/bin/colcon', 'ROS_VERSION': '2', 'XDG_SESSION_CLASS': 'user', 'TERM': 'xterm-256color', 'XDG_SESSION_ID': '15', 'GAZEBO_MODEL_PATH': ':/opt/ros/foxy/share/turtlebot3_gazebo/models', 'ROS_LOCALHOST_ONLY': '0', 'PATH': '/home/nvidia/.local/bin:/opt/ros/foxy/bin:/usr/local/cuda-11.4/bin:/usr/local/sbin:/usr/local/bin:/usr/sbin:/usr/bin:/sbin:/bin:/usr/games:/usr/local/games:/snap/bin', 'XDG_RUNTIME_DIR': '/run/user/1000', 'LANG': 'en_US.UTF-8', 'LS_COLORS': 'rs=0:di=01;34:ln=01;36:mh=00:pi=40;33:so=01;35:do=01;35:bd=40;33;01:cd=40;33;01:or=40;31;01:mi=00:su=37;41:sg=30;43:ca=30;41:tw=30;42:ow=34;42:st=37;44:ex=01;32:*.tar=01;31:*.tgz=01;31:*.arc=01;31:*.arj=01;31:*.taz=01;31:*.lha=01;31:*.lz4=01;31:*.lzh=01;31:*.lzma=01;31:*.tlz=01;31:*.txz=01;31:*.tzo=01;31:*.t7z=01;31:*.zip=01;31:*.z=01;31:*.dz=01;31:*.gz=01;31:*.lrz=01;31:*.lz=01;31:*.lzo=01;31:*.xz=01;31:*.zst=01;31:*.tzst=01;31:*.bz2=01;31:*.bz=01;31:*.tbz=01;31:*.tbz2=01;31:*.tz=01;31:*.deb=01;31:*.rpm=01;31:*.jar=01;31:*.war=01;31:*.ear=01;31:*.sar=01;31:*.rar=01;31:*.alz=01;31:*.ace=01;31:*.zoo=01;31:*.cpio=01;31:*.7z=01;31:*.rz=01;31:*.cab=01;31:*.wim=01;31:*.swm=01;31:*.dwm=01;31:*.esd=01;31:*.jpg=01;35:*.jpeg=01;35:*.mjpg=01;35:*.mjpeg=01;35:*.gif=01;35:*.bmp=01;35:*.pbm=01;35:*.pgm=01;35:*.ppm=01;35:*.tga=01;35:*.xbm=01;35:*.xpm=01;35:*.tif=01;35:*.tiff=01;35:*.png=01;35:*.svg=01;35:*.svgz=01;35:*.mng=01;35:*.pcx=01;35:*.mov=01;35:*.mpg=01;35:*.mpeg=01;35:*.m2v=01;35:*.mkv=01;35:*.webm=01;35:*.ogm=01;35:*.mp4=01;35:*.m4v=01;35:*.mp4v=01;35:*.vob=01;35:*.qt=01;35:*.nuv=01;35:*.wmv=01;35:*.asf=01;35:*.rm=01;35:*.rmvb=01;35:*.flc=01;35:*.avi=01;35:*.fli=01;35:*.flv=01;35:*.gl=01;35:*.dl=01;35:*.xcf=01;35:*.xwd=01;35:*.yuv=01;35:*.cgm=01;35:*.emf=01;35:*.ogv=01;35:*.ogx=01;35:*.aac=00;36:*.au=00;36:*.flac=00;36:*.m4a=00;36:*.mid=00;36:*.midi=00;36:*.mka=00;36:*.mp3=00;36:*.mpc=00;36:*.ogg=00;36:*.ra=00;36:*.wav=00;36:*.oga=00;36:*.opus=00;36:*.spx=00;36:*.xspf=00;36:', 'ROS_DOMAIN_ID': '10', 'AMENT_PREFIX_PATH': '/home/nvidia/f1tenth_ws/install/teleop_tools_msgs://home/nvidia/f1tenth_ws/install/f1tenth_stack://home/nvidia/f1tenth_ws/install/vesc://home/nvidia/f1tenth_ws/install/vesc_driver://home/nvidia/f1tenth_ws/install/vesc_ackermann://home/nvidia/f1tenth_ws/install/vesc_msgs://home/nvidia/f1tenth_ws/install/teleop_tools://home/nvidia/f1tenth_ws/install/joy_teleop://home/nvidia/f1tenth_ws/install/teleop_tools_msgs://home/nvidia/f1tenth_ws/install/pure_pursuit://home/nvidia/f1tenth_ws/install/phasespace://home/nvidia/f1tenth_ws/install/new_map_saver://home/nvidia/f1tenth_ws/install/mouse_teleop://home/nvidia/f1tenth_ws/install/mapping://home/nvidia/f1tenth_ws/install/key_teleop://home/nvidia/f1tenth_ws/install/f1tenth_controllers://home/nvidia/f1tenth_ws/install/ackermann_mux:/opt/ros/foxy', 'SHELL': '/bin/bash', 'LESSCLOSE': '/usr/bin/lesspipe %s %s', 'PWD': '/home/nvidia/f1tenth_ws/build/joy_teleop', 'TURTLEBOT3_MODEL': 'waffle', 'LC_ALL': 'en_US.UTF-8', 'SSH_CONNECTION': '10.131.67.141 46114 10.131.142.84 22', 'XDG_DATA_DIRS': '/usr/local/share:/usr/share:/var/lib/snapd/desktop', 'PYTHONPATH': '/home/nvidia/f1tenth_ws/build/joy_teleop/prefix_override:/usr/lib/python3/dist-packages/colcon_core/task/python/colcon_distutils_commands:/home/nvidia/f1tenth_ws/install/joy_teleop/lib/python3.8/site-packages:/home/nvidia/f1tenth_ws/install/teleop_tools_msgs/lib/python3.8/site-packages://home/nvidia/f1tenth_ws/install/f1tenth_stack/lib/python3.8/site-packages://home/nvidia/f1tenth_ws/install/vesc_msgs/lib/python3.8/site-packages://home/nvidia/f1tenth_ws/install/joy_teleop/lib/python3.8/site-packages://home/nvidia/f1tenth_ws/install/teleop_tools_msgs/lib/python3.8/site-packages://home/nvidia/f1tenth_ws/install/phasespace/lib/python3.8/site-packages://home/nvidia/f1tenth_ws/install/new_map_saver/lib/python3.8/site-packages://home/nvidia/f1tenth_ws/install/mouse_teleop/lib/python3.8/site-packages://home/nvidia/f1tenth_ws/install/mapping/lib/python3.8/site-packages://home/nvidia/f1tenth_ws/install/key_teleop/lib/python3.8/site-packages://home/nvidia/f1tenth_ws/install/f1tenth_controllers/lib/python3.8/site-packages:/opt/ros/foxy/lib/python3.8/site-packages', 'COLCON': '1', 'CMAKE_PREFIX_PATH': '/home/nvidia/f1tenth_ws/install/teleop_tools_msgs://home/nvidia/f1tenth_ws/install/vesc://home/nvidia/f1tenth_ws/install/vesc_driver://home/nvidia/f1tenth_ws/install/vesc_ackermann://home/nvidia/f1tenth_ws/install/vesc_msgs://home/nvidia/f1tenth_ws/install/teleop_tools://home/nvidia/f1tenth_ws/install/teleop_tools_msgs://home/nvidia/f1tenth_ws/install/pure_pursuit://home/nvidia/f1tenth_ws/install/ackermann_mux'}, 'shell': False}
[81.420435] (-) TimerEvent: {}
[81.522315] (-) TimerEvent: {}
[81.623461] (-) TimerEvent: {}
[81.724486] (-) TimerEvent: {}
[81.825526] (-) TimerEvent: {}
[81.875698] (pure_pursuit) StderrLine: {'line': b"make[2]: Warning: File '/home/nvidia/f1tenth_ws/src/pure_pursuit/src/pure_pursuit.cpp' has modification time 782318593 s in the future\n"}
[81.925758] (-) TimerEvent: {}
[82.011007] (pure_pursuit) StdoutLine: {'line': b'[ 75%] \x1b[32mBuilding CXX object CMakeFiles/pure_pursuit.dir/src/pure_pursuit.cpp.o\x1b[0m\n'}
[82.025995] (-) TimerEvent: {}
[82.127025] (-) TimerEvent: {}
[82.228353] (-) TimerEvent: {}
[82.329433] (-) TimerEvent: {}
[82.430538] (-) TimerEvent: {}
[82.532826] (-) TimerEvent: {}
[82.633918] (-) TimerEvent: {}
[82.703237] (vesc_msgs) StdoutLine: {'line': b'\x1b[35m\x1b[1mScanning dependencies of target vesc_msgs__rosidl_typesupport_fastrtps_cpp\x1b[0m\n'}
[82.734157] (-) TimerEvent: {}
[82.835055] (vesc_msgs) StderrLine: {'line': b'make[2]: warning:  Clock skew detected.  Your build may be incomplete.\n'}
[82.835955] (-) TimerEvent: {}
[82.870075] (vesc_msgs) StderrLine: {'line': b"make[2]: Warning: File '/opt/ros/foxy/share/geometry_msgs/msg/WrenchStamped.idl' has modification time 738472152 s in the future\n"}
[82.936234] (-) TimerEvent: {}
[82.967571] (vesc_msgs) StdoutLine: {'line': b'[ 47%] \x1b[34m\x1b[1mGenerating C++ type support for eProsima Fast-RTPS\x1b[0m\n'}
[83.002600] (joy_teleop) StdoutLine: {'line': b'running egg_info\n'}
[83.008529] (joy_teleop) StdoutLine: {'line': b'creating ../../../../build/joy_teleop/joy_teleop.egg-info\n'}
[83.009622] (joy_teleop) StdoutLine: {'line': b'writing ../../../../build/joy_teleop/joy_teleop.egg-info/PKG-INFO\n'}
[83.013424] (joy_teleop) StdoutLine: {'line': b'writing dependency_links to ../../../../build/joy_teleop/joy_teleop.egg-info/dependency_links.txt\n'}
[83.014843] (joy_teleop) StdoutLine: {'line': b'writing entry points to ../../../../build/joy_teleop/joy_teleop.egg-info/entry_points.txt\n'}
[83.015587] (joy_teleop) StdoutLine: {'line': b'writing requirements to ../../../../build/joy_teleop/joy_teleop.egg-info/requires.txt\n'}
[83.016117] (joy_teleop) StdoutLine: {'line': b'writing top-level names to ../../../../build/joy_teleop/joy_teleop.egg-info/top_level.txt\n'}
[83.026081] (joy_teleop) StdoutLine: {'line': b"writing manifest file '../../../../build/joy_teleop/joy_teleop.egg-info/SOURCES.txt'\n"}
[83.036488] (-) TimerEvent: {}
[83.137462] (-) TimerEvent: {}
[83.238931] (-) TimerEvent: {}
[83.252510] (joy_teleop) StdoutLine: {'line': b"reading manifest file '../../../../build/joy_teleop/joy_teleop.egg-info/SOURCES.txt'\n"}
[83.259108] (joy_teleop) StdoutLine: {'line': b"writing manifest file '../../../../build/joy_teleop/joy_teleop.egg-info/SOURCES.txt'\n"}
[83.260845] (joy_teleop) StdoutLine: {'line': b'running build\n'}
[83.261723] (joy_teleop) StdoutLine: {'line': b'running build_py\n'}
[83.262632] (joy_teleop) StdoutLine: {'line': b'creating /home/nvidia/f1tenth_ws/build/joy_teleop/build\n'}
[83.264303] (joy_teleop) StdoutLine: {'line': b'creating /home/nvidia/f1tenth_ws/build/joy_teleop/build/lib\n'}
[83.265213] (joy_teleop) StdoutLine: {'line': b'creating /home/nvidia/f1tenth_ws/build/joy_teleop/build/lib/joy_teleop\n'}
[83.265697] (joy_teleop) StdoutLine: {'line': b'copying joy_teleop/incrementer_server.py -> /home/nvidia/f1tenth_ws/build/joy_teleop/build/lib/joy_teleop\n'}
[83.269526] (joy_teleop) StdoutLine: {'line': b'copying joy_teleop/__init__.py -> /home/nvidia/f1tenth_ws/build/joy_teleop/build/lib/joy_teleop\n'}
[83.271752] (joy_teleop) StdoutLine: {'line': b'copying joy_teleop/joy_teleop.py -> /home/nvidia/f1tenth_ws/build/joy_teleop/build/lib/joy_teleop\n'}
[83.275292] (joy_teleop) StdoutLine: {'line': b'running install\n'}
[83.276012] (joy_teleop) StdoutLine: {'line': b'running install_lib\n'}
[83.280910] (joy_teleop) StdoutLine: {'line': b'creating /home/nvidia/f1tenth_ws/install/joy_teleop/lib/python3.8/site-packages/joy_teleop\n'}
[83.282246] (joy_teleop) StdoutLine: {'line': b'copying /home/nvidia/f1tenth_ws/build/joy_teleop/build/lib/joy_teleop/incrementer_server.py -> /home/nvidia/f1tenth_ws/install/joy_teleop/lib/python3.8/site-packages/joy_teleop\n'}
[83.283363] (joy_teleop) StdoutLine: {'line': b'copying /home/nvidia/f1tenth_ws/build/joy_teleop/build/lib/joy_teleop/__init__.py -> /home/nvidia/f1tenth_ws/install/joy_teleop/lib/python3.8/site-packages/joy_teleop\n'}
[83.283841] (joy_teleop) StdoutLine: {'line': b'copying /home/nvidia/f1tenth_ws/build/joy_teleop/build/lib/joy_teleop/joy_teleop.py -> /home/nvidia/f1tenth_ws/install/joy_teleop/lib/python3.8/site-packages/joy_teleop\n'}
[83.287608] (joy_teleop) StdoutLine: {'line': b'byte-compiling /home/nvidia/f1tenth_ws/install/joy_teleop/lib/python3.8/site-packages/joy_teleop/incrementer_server.py to incrementer_server.cpython-38.pyc\n'}
[83.298257] (joy_teleop) StdoutLine: {'line': b'byte-compiling /home/nvidia/f1tenth_ws/install/joy_teleop/lib/python3.8/site-packages/joy_teleop/__init__.py to __init__.cpython-38.pyc\n'}
[83.300583] (ackermann_mux) StderrLine: {'line': b'make[2]: warning:  Clock skew detected.  Your build may be incomplete.\n'}
[83.303293] (joy_teleop) StdoutLine: {'line': b'byte-compiling /home/nvidia/f1tenth_ws/install/joy_teleop/lib/python3.8/site-packages/joy_teleop/joy_teleop.py to joy_teleop.cpython-38.pyc\n'}
[83.320227] (joy_teleop) StdoutLine: {'line': b'running install_data\n'}
[83.327658] (joy_teleop) StdoutLine: {'line': b'copying package.xml -> /home/nvidia/f1tenth_ws/install/joy_teleop/share/joy_teleop\n'}
[83.330318] (joy_teleop) StdoutLine: {'line': b'creating /home/nvidia/f1tenth_ws/install/joy_teleop/share/joy_teleop/config\n'}
[83.332114] (joy_teleop) StdoutLine: {'line': b'copying config/joy_teleop_example.yaml -> /home/nvidia/f1tenth_ws/install/joy_teleop/share/joy_teleop/config\n'}
[83.334024] (joy_teleop) StdoutLine: {'line': b'creating /home/nvidia/f1tenth_ws/install/joy_teleop/share/joy_teleop/launch\n'}
[83.338963] (joy_teleop) StdoutLine: {'line': b'copying launch/example.launch.py -> /home/nvidia/f1tenth_ws/install/joy_teleop/share/joy_teleop/launch\n'}
[83.345582] (-) TimerEvent: {}
[83.346541] (joy_teleop) StdoutLine: {'line': b'creating /home/nvidia/f1tenth_ws/install/joy_teleop/share/ament_index\n'}
[83.348481] (joy_teleop) StdoutLine: {'line': b'creating /home/nvidia/f1tenth_ws/install/joy_teleop/share/ament_index/resource_index\n'}
[83.350125] (joy_teleop) StdoutLine: {'line': b'creating /home/nvidia/f1tenth_ws/install/joy_teleop/share/ament_index/resource_index/packages\n'}
[83.351711] (joy_teleop) StdoutLine: {'line': b'copying resource/joy_teleop -> /home/nvidia/f1tenth_ws/install/joy_teleop/share/ament_index/resource_index/packages\n'}
[83.356086] (joy_teleop) StdoutLine: {'line': b'running install_egg_info\n'}
[83.358303] (joy_teleop) StdoutLine: {'line': b'Copying ../../../../build/joy_teleop/joy_teleop.egg-info to /home/nvidia/f1tenth_ws/install/joy_teleop/lib/python3.8/site-packages/joy_teleop-0.3.0-py3.8.egg-info\n'}
[83.360115] (joy_teleop) StdoutLine: {'line': b'running install_scripts\n'}
[83.404475] (ackermann_mux) StdoutLine: {'line': b'[100%] Built target ackermann_mux\n'}
[83.445826] (-) TimerEvent: {}
[83.471946] (joy_teleop) StdoutLine: {'line': b'Installing incrementer_server script to /home/nvidia/f1tenth_ws/install/joy_teleop/lib/joy_teleop\n'}
[83.473658] (joy_teleop) StdoutLine: {'line': b'Installing joy_teleop script to /home/nvidia/f1tenth_ws/install/joy_teleop/lib/joy_teleop\n'}
[83.475668] (joy_teleop) StdoutLine: {'line': b"writing list of installed files to '/home/nvidia/f1tenth_ws/build/joy_teleop/install.log'\n"}
[83.517112] (ackermann_mux) CommandEnded: {'returncode': 0}
[83.546680] (-) TimerEvent: {}
[83.614239] (joy_teleop) CommandEnded: {'returncode': 0}
[83.647711] (-) TimerEvent: {}
[83.674616] (joy_teleop) JobEnded: {'identifier': 'joy_teleop', 'rc': 0}
[83.681016] (teleop_tools) JobStarted: {'identifier': 'teleop_tools'}
[83.748635] (-) TimerEvent: {}
[83.781980] (teleop_tools) JobProgress: {'identifier': 'teleop_tools', 'progress': 'cmake'}
[83.784395] (teleop_tools) Command: {'cmd': ['/usr/bin/cmake', '/home/nvidia/f1tenth_ws/src/f1tenth_system/teleop_tools/teleop_tools', '-DCMAKE_INSTALL_PREFIX=/home/nvidia/f1tenth_ws/install/teleop_tools'], 'cwd': '/home/nvidia/f1tenth_ws/build/teleop_tools', 'env': OrderedDict([('LESSOPEN', '| /usr/bin/lesspipe %s'), ('USER', 'nvidia'), ('SSH_CLIENT', '10.131.67.141 46114 22'), ('XDG_SESSION_TYPE', 'tty'), ('SHLVL', '1'), ('LD_LIBRARY_PATH', '/home/nvidia/f1tenth_ws/install/teleop_tools_msgs/lib://home/nvidia/f1tenth_ws/install/vesc_driver/lib://home/nvidia/f1tenth_ws/install/vesc_ackermann/lib://home/nvidia/f1tenth_ws/install/vesc_msgs/lib://home/nvidia/f1tenth_ws/install/teleop_tools_msgs/lib:/usr/lib/aarch64-linux-gnu/gazebo-11/plugins:/opt/ros/foxy/opt/yaml_cpp_vendor/lib:/opt/ros/foxy/opt/rviz_ogre_vendor/lib:/opt/ros/foxy/lib/aarch64-linux-gnu:/opt/ros/foxy/lib:/usr/local/cuda-11.4/lib64'), ('MOTD_SHOWN', 'pam'), ('HOME', '/home/nvidia'), ('OLDPWD', '/home/nvidia'), ('SSH_TTY', '/dev/pts/4'), ('ROS_PYTHON_VERSION', '3'), ('DBUS_SESSION_BUS_ADDRESS', 'unix:path=/run/user/1000/bus'), ('COLCON_PREFIX_PATH', '//home/nvidia/f1tenth_ws/install'), ('ROS_DISTRO', 'foxy'), ('LOGNAME', 'nvidia'), ('_', '/usr/bin/colcon'), ('ROS_VERSION', '2'), ('XDG_SESSION_CLASS', 'user'), ('TERM', 'xterm-256color'), ('XDG_SESSION_ID', '15'), ('GAZEBO_MODEL_PATH', ':/opt/ros/foxy/share/turtlebot3_gazebo/models'), ('ROS_LOCALHOST_ONLY', '0'), ('PATH', '/home/nvidia/.local/bin:/opt/ros/foxy/bin:/usr/local/cuda-11.4/bin:/usr/local/sbin:/usr/local/bin:/usr/sbin:/usr/bin:/sbin:/bin:/usr/games:/usr/local/games:/snap/bin'), ('XDG_RUNTIME_DIR', '/run/user/1000'), ('LANG', 'en_US.UTF-8'), ('LS_COLORS', 'rs=0:di=01;34:ln=01;36:mh=00:pi=40;33:so=01;35:do=01;35:bd=40;33;01:cd=40;33;01:or=40;31;01:mi=00:su=37;41:sg=30;43:ca=30;41:tw=30;42:ow=34;42:st=37;44:ex=01;32:*.tar=01;31:*.tgz=01;31:*.arc=01;31:*.arj=01;31:*.taz=01;31:*.lha=01;31:*.lz4=01;31:*.lzh=01;31:*.lzma=01;31:*.tlz=01;31:*.txz=01;31:*.tzo=01;31:*.t7z=01;31:*.zip=01;31:*.z=01;31:*.dz=01;31:*.gz=01;31:*.lrz=01;31:*.lz=01;31:*.lzo=01;31:*.xz=01;31:*.zst=01;31:*.tzst=01;31:*.bz2=01;31:*.bz=01;31:*.tbz=01;31:*.tbz2=01;31:*.tz=01;31:*.deb=01;31:*.rpm=01;31:*.jar=01;31:*.war=01;31:*.ear=01;31:*.sar=01;31:*.rar=01;31:*.alz=01;31:*.ace=01;31:*.zoo=01;31:*.cpio=01;31:*.7z=01;31:*.rz=01;31:*.cab=01;31:*.wim=01;31:*.swm=01;31:*.dwm=01;31:*.esd=01;31:*.jpg=01;35:*.jpeg=01;35:*.mjpg=01;35:*.mjpeg=01;35:*.gif=01;35:*.bmp=01;35:*.pbm=01;35:*.pgm=01;35:*.ppm=01;35:*.tga=01;35:*.xbm=01;35:*.xpm=01;35:*.tif=01;35:*.tiff=01;35:*.png=01;35:*.svg=01;35:*.svgz=01;35:*.mng=01;35:*.pcx=01;35:*.mov=01;35:*.mpg=01;35:*.mpeg=01;35:*.m2v=01;35:*.mkv=01;35:*.webm=01;35:*.ogm=01;35:*.mp4=01;35:*.m4v=01;35:*.mp4v=01;35:*.vob=01;35:*.qt=01;35:*.nuv=01;35:*.wmv=01;35:*.asf=01;35:*.rm=01;35:*.rmvb=01;35:*.flc=01;35:*.avi=01;35:*.fli=01;35:*.flv=01;35:*.gl=01;35:*.dl=01;35:*.xcf=01;35:*.xwd=01;35:*.yuv=01;35:*.cgm=01;35:*.emf=01;35:*.ogv=01;35:*.ogx=01;35:*.aac=00;36:*.au=00;36:*.flac=00;36:*.m4a=00;36:*.mid=00;36:*.midi=00;36:*.mka=00;36:*.mp3=00;36:*.mpc=00;36:*.ogg=00;36:*.ra=00;36:*.wav=00;36:*.oga=00;36:*.opus=00;36:*.spx=00;36:*.xspf=00;36:'), ('ROS_DOMAIN_ID', '10'), ('AMENT_PREFIX_PATH', '/home/nvidia/f1tenth_ws/install/joy_teleop:/home/nvidia/f1tenth_ws/install/teleop_tools_msgs:/home/nvidia/f1tenth_ws/install/key_teleop://home/nvidia/f1tenth_ws/install/f1tenth_stack://home/nvidia/f1tenth_ws/install/vesc://home/nvidia/f1tenth_ws/install/vesc_driver://home/nvidia/f1tenth_ws/install/vesc_ackermann://home/nvidia/f1tenth_ws/install/vesc_msgs://home/nvidia/f1tenth_ws/install/teleop_tools://home/nvidia/f1tenth_ws/install/joy_teleop://home/nvidia/f1tenth_ws/install/teleop_tools_msgs://home/nvidia/f1tenth_ws/install/pure_pursuit://home/nvidia/f1tenth_ws/install/phasespace://home/nvidia/f1tenth_ws/install/new_map_saver://home/nvidia/f1tenth_ws/install/mouse_teleop://home/nvidia/f1tenth_ws/install/mapping://home/nvidia/f1tenth_ws/install/key_teleop://home/nvidia/f1tenth_ws/install/f1tenth_controllers://home/nvidia/f1tenth_ws/install/ackermann_mux:/opt/ros/foxy'), ('SHELL', '/bin/bash'), ('LESSCLOSE', '/usr/bin/lesspipe %s %s'), ('PWD', '/home/nvidia/f1tenth_ws/build/teleop_tools'), ('TURTLEBOT3_MODEL', 'waffle'), ('LC_ALL', 'en_US.UTF-8'), ('SSH_CONNECTION', '10.131.67.141 46114 10.131.142.84 22'), ('XDG_DATA_DIRS', '/usr/local/share:/usr/share:/var/lib/snapd/desktop'), ('PYTHONPATH', '/home/nvidia/f1tenth_ws/install/joy_teleop/lib/python3.8/site-packages:/home/nvidia/f1tenth_ws/install/teleop_tools_msgs/lib/python3.8/site-packages:/home/nvidia/f1tenth_ws/install/key_teleop/lib/python3.8/site-packages://home/nvidia/f1tenth_ws/install/f1tenth_stack/lib/python3.8/site-packages://home/nvidia/f1tenth_ws/install/vesc_msgs/lib/python3.8/site-packages://home/nvidia/f1tenth_ws/install/joy_teleop/lib/python3.8/site-packages://home/nvidia/f1tenth_ws/install/teleop_tools_msgs/lib/python3.8/site-packages://home/nvidia/f1tenth_ws/install/phasespace/lib/python3.8/site-packages://home/nvidia/f1tenth_ws/install/new_map_saver/lib/python3.8/site-packages://home/nvidia/f1tenth_ws/install/mouse_teleop/lib/python3.8/site-packages://home/nvidia/f1tenth_ws/install/mapping/lib/python3.8/site-packages://home/nvidia/f1tenth_ws/install/key_teleop/lib/python3.8/site-packages://home/nvidia/f1tenth_ws/install/f1tenth_controllers/lib/python3.8/site-packages:/opt/ros/foxy/lib/python3.8/site-packages'), ('COLCON', '1'), ('CMAKE_PREFIX_PATH', '/home/nvidia/f1tenth_ws/install/teleop_tools_msgs://home/nvidia/f1tenth_ws/install/vesc://home/nvidia/f1tenth_ws/install/vesc_driver://home/nvidia/f1tenth_ws/install/vesc_ackermann://home/nvidia/f1tenth_ws/install/vesc_msgs://home/nvidia/f1tenth_ws/install/teleop_tools://home/nvidia/f1tenth_ws/install/teleop_tools_msgs://home/nvidia/f1tenth_ws/install/pure_pursuit://home/nvidia/f1tenth_ws/install/ackermann_mux://home/nvidia/f1tenth_ws/install/f1tenth_stack://home/nvidia/f1tenth_ws/install/joy_teleop://home/nvidia/f1tenth_ws/install/phasespace://home/nvidia/f1tenth_ws/install/new_map_saver://home/nvidia/f1tenth_ws/install/mouse_teleop://home/nvidia/f1tenth_ws/install/mapping://home/nvidia/f1tenth_ws/install/key_teleop://home/nvidia/f1tenth_ws/install/f1tenth_controllers:/opt/ros/foxy')]), 'shell': False}
[83.818451] (ackermann_mux) JobProgress: {'identifier': 'ackermann_mux', 'progress': 'install'}
[83.823448] (ackermann_mux) Command: {'cmd': ['/usr/bin/cmake', '--install', '/home/nvidia/f1tenth_ws/build/ackermann_mux'], 'cwd': '/home/nvidia/f1tenth_ws/build/ackermann_mux', 'env': OrderedDict([('LESSOPEN', '| /usr/bin/lesspipe %s'), ('USER', 'nvidia'), ('SSH_CLIENT', '10.131.67.141 46114 22'), ('XDG_SESSION_TYPE', 'tty'), ('SHLVL', '1'), ('LD_LIBRARY_PATH', '//home/nvidia/f1tenth_ws/install/vesc_driver/lib://home/nvidia/f1tenth_ws/install/vesc_ackermann/lib://home/nvidia/f1tenth_ws/install/vesc_msgs/lib://home/nvidia/f1tenth_ws/install/teleop_tools_msgs/lib:/usr/lib/aarch64-linux-gnu/gazebo-11/plugins:/opt/ros/foxy/opt/yaml_cpp_vendor/lib:/opt/ros/foxy/opt/rviz_ogre_vendor/lib:/opt/ros/foxy/lib/aarch64-linux-gnu:/opt/ros/foxy/lib:/usr/local/cuda-11.4/lib64:'), ('MOTD_SHOWN', 'pam'), ('HOME', '/home/nvidia'), ('OLDPWD', '/home/nvidia'), ('SSH_TTY', '/dev/pts/4'), ('ROS_PYTHON_VERSION', '3'), ('DBUS_SESSION_BUS_ADDRESS', 'unix:path=/run/user/1000/bus'), ('COLCON_PREFIX_PATH', '//home/nvidia/f1tenth_ws/install'), ('ROS_DISTRO', 'foxy'), ('LOGNAME', 'nvidia'), ('_', '/usr/bin/colcon'), ('ROS_VERSION', '2'), ('XDG_SESSION_CLASS', 'user'), ('TERM', 'xterm-256color'), ('XDG_SESSION_ID', '15'), ('GAZEBO_MODEL_PATH', ':/opt/ros/foxy/share/turtlebot3_gazebo/models'), ('ROS_LOCALHOST_ONLY', '0'), ('PATH', '/home/nvidia/.local/bin:/opt/ros/foxy/bin:/usr/local/cuda-11.4/bin:/usr/local/sbin:/usr/local/bin:/usr/sbin:/usr/bin:/sbin:/bin:/usr/games:/usr/local/games:/snap/bin'), ('XDG_RUNTIME_DIR', '/run/user/1000'), ('LANG', 'en_US.UTF-8'), ('LS_COLORS', 'rs=0:di=01;34:ln=01;36:mh=00:pi=40;33:so=01;35:do=01;35:bd=40;33;01:cd=40;33;01:or=40;31;01:mi=00:su=37;41:sg=30;43:ca=30;41:tw=30;42:ow=34;42:st=37;44:ex=01;32:*.tar=01;31:*.tgz=01;31:*.arc=01;31:*.arj=01;31:*.taz=01;31:*.lha=01;31:*.lz4=01;31:*.lzh=01;31:*.lzma=01;31:*.tlz=01;31:*.txz=01;31:*.tzo=01;31:*.t7z=01;31:*.zip=01;31:*.z=01;31:*.dz=01;31:*.gz=01;31:*.lrz=01;31:*.lz=01;31:*.lzo=01;31:*.xz=01;31:*.zst=01;31:*.tzst=01;31:*.bz2=01;31:*.bz=01;31:*.tbz=01;31:*.tbz2=01;31:*.tz=01;31:*.deb=01;31:*.rpm=01;31:*.jar=01;31:*.war=01;31:*.ear=01;31:*.sar=01;31:*.rar=01;31:*.alz=01;31:*.ace=01;31:*.zoo=01;31:*.cpio=01;31:*.7z=01;31:*.rz=01;31:*.cab=01;31:*.wim=01;31:*.swm=01;31:*.dwm=01;31:*.esd=01;31:*.jpg=01;35:*.jpeg=01;35:*.mjpg=01;35:*.mjpeg=01;35:*.gif=01;35:*.bmp=01;35:*.pbm=01;35:*.pgm=01;35:*.ppm=01;35:*.tga=01;35:*.xbm=01;35:*.xpm=01;35:*.tif=01;35:*.tiff=01;35:*.png=01;35:*.svg=01;35:*.svgz=01;35:*.mng=01;35:*.pcx=01;35:*.mov=01;35:*.mpg=01;35:*.mpeg=01;35:*.m2v=01;35:*.mkv=01;35:*.webm=01;35:*.ogm=01;35:*.mp4=01;35:*.m4v=01;35:*.mp4v=01;35:*.vob=01;35:*.qt=01;35:*.nuv=01;35:*.wmv=01;35:*.asf=01;35:*.rm=01;35:*.rmvb=01;35:*.flc=01;35:*.avi=01;35:*.fli=01;35:*.flv=01;35:*.gl=01;35:*.dl=01;35:*.xcf=01;35:*.xwd=01;35:*.yuv=01;35:*.cgm=01;35:*.emf=01;35:*.ogv=01;35:*.ogx=01;35:*.aac=00;36:*.au=00;36:*.flac=00;36:*.m4a=00;36:*.mid=00;36:*.midi=00;36:*.mka=00;36:*.mp3=00;36:*.mpc=00;36:*.ogg=00;36:*.ra=00;36:*.wav=00;36:*.oga=00;36:*.opus=00;36:*.spx=00;36:*.xspf=00;36:'), ('ROS_DOMAIN_ID', '10'), ('AMENT_PREFIX_PATH', '//home/nvidia/f1tenth_ws/install/f1tenth_stack://home/nvidia/f1tenth_ws/install/vesc://home/nvidia/f1tenth_ws/install/vesc_driver://home/nvidia/f1tenth_ws/install/vesc_ackermann://home/nvidia/f1tenth_ws/install/vesc_msgs://home/nvidia/f1tenth_ws/install/teleop_tools://home/nvidia/f1tenth_ws/install/joy_teleop://home/nvidia/f1tenth_ws/install/teleop_tools_msgs://home/nvidia/f1tenth_ws/install/pure_pursuit://home/nvidia/f1tenth_ws/install/phasespace://home/nvidia/f1tenth_ws/install/new_map_saver://home/nvidia/f1tenth_ws/install/mouse_teleop://home/nvidia/f1tenth_ws/install/mapping://home/nvidia/f1tenth_ws/install/key_teleop://home/nvidia/f1tenth_ws/install/f1tenth_controllers://home/nvidia/f1tenth_ws/install/ackermann_mux:/opt/ros/foxy'), ('SHELL', '/bin/bash'), ('LESSCLOSE', '/usr/bin/lesspipe %s %s'), ('PWD', '/home/nvidia/f1tenth_ws/build/ackermann_mux'), ('TURTLEBOT3_MODEL', 'waffle'), ('LC_ALL', 'en_US.UTF-8'), ('SSH_CONNECTION', '10.131.67.141 46114 10.131.142.84 22'), ('XDG_DATA_DIRS', '/usr/local/share:/usr/share:/var/lib/snapd/desktop'), ('PYTHONPATH', '//home/nvidia/f1tenth_ws/install/f1tenth_stack/lib/python3.8/site-packages://home/nvidia/f1tenth_ws/install/vesc_msgs/lib/python3.8/site-packages://home/nvidia/f1tenth_ws/install/joy_teleop/lib/python3.8/site-packages://home/nvidia/f1tenth_ws/install/teleop_tools_msgs/lib/python3.8/site-packages://home/nvidia/f1tenth_ws/install/phasespace/lib/python3.8/site-packages://home/nvidia/f1tenth_ws/install/new_map_saver/lib/python3.8/site-packages://home/nvidia/f1tenth_ws/install/mouse_teleop/lib/python3.8/site-packages://home/nvidia/f1tenth_ws/install/mapping/lib/python3.8/site-packages://home/nvidia/f1tenth_ws/install/key_teleop/lib/python3.8/site-packages://home/nvidia/f1tenth_ws/install/f1tenth_controllers/lib/python3.8/site-packages:/opt/ros/foxy/lib/python3.8/site-packages'), ('COLCON', '1'), ('CMAKE_PREFIX_PATH', '//home/nvidia/f1tenth_ws/install/vesc://home/nvidia/f1tenth_ws/install/vesc_driver://home/nvidia/f1tenth_ws/install/vesc_ackermann://home/nvidia/f1tenth_ws/install/vesc_msgs://home/nvidia/f1tenth_ws/install/teleop_tools://home/nvidia/f1tenth_ws/install/teleop_tools_msgs://home/nvidia/f1tenth_ws/install/pure_pursuit://home/nvidia/f1tenth_ws/install/ackermann_mux://home/nvidia/f1tenth_ws/install/f1tenth_stack://home/nvidia/f1tenth_ws/install/joy_teleop://home/nvidia/f1tenth_ws/install/phasespace://home/nvidia/f1tenth_ws/install/new_map_saver://home/nvidia/f1tenth_ws/install/mouse_teleop://home/nvidia/f1tenth_ws/install/mapping://home/nvidia/f1tenth_ws/install/key_teleop://home/nvidia/f1tenth_ws/install/f1tenth_controllers:/opt/ros/foxy')]), 'shell': False}
[83.851033] (-) TimerEvent: {}
[83.908854] (ackermann_mux) StdoutLine: {'line': b'-- Install configuration: ""\n'}
[83.911650] (ackermann_mux) StdoutLine: {'line': b'-- Installing: /home/nvidia/f1tenth_ws/install/ackermann_mux/lib/ackermann_mux/ackermann_mux\n'}
[83.950962] (-) TimerEvent: {}
[83.956438] (ackermann_mux) StdoutLine: {'line': b'-- Set runtime path of "/home/nvidia/f1tenth_ws/install/ackermann_mux/lib/ackermann_mux/ackermann_mux" to ""\n'}
[83.957404] (ackermann_mux) StdoutLine: {'line': b'-- Installing: /home/nvidia/f1tenth_ws/install/ackermann_mux/share/ackermann_mux/launch\n'}
[83.957910] (ackermann_mux) StdoutLine: {'line': b'-- Installing: /home/nvidia/f1tenth_ws/install/ackermann_mux/share/ackermann_mux/launch/ackermann_mux_launch.py\n'}
[83.963352] (ackermann_mux) StdoutLine: {'line': b'-- Installing: /home/nvidia/f1tenth_ws/install/ackermann_mux/share/ackermann_mux/config\n'}
[83.967392] (ackermann_mux) StdoutLine: {'line': b'-- Installing: /home/nvidia/f1tenth_ws/install/ackermann_mux/share/ackermann_mux/config/ackermann_mux_topics.yaml\n'}
[83.967975] (ackermann_mux) StdoutLine: {'line': b'-- Installing: /home/nvidia/f1tenth_ws/install/ackermann_mux/share/ackermann_mux/config/joystick.yaml\n'}
[83.973549] (ackermann_mux) StdoutLine: {'line': b'-- Installing: /home/nvidia/f1tenth_ws/install/ackermann_mux/share/ackermann_mux/config/ackermann_mux_locks.yaml\n'}
[83.974919] (ackermann_mux) StdoutLine: {'line': b'-- Installing: /home/nvidia/f1tenth_ws/install/ackermann_mux/include\n'}
[83.975608] (ackermann_mux) StdoutLine: {'line': b'-- Installing: /home/nvidia/f1tenth_ws/install/ackermann_mux/include/ackermann_mux\n'}
[83.976454] (ackermann_mux) StdoutLine: {'line': b'-- Installing: /home/nvidia/f1tenth_ws/install/ackermann_mux/include/ackermann_mux/ackermann_mux_diagnostics.hpp\n'}
[83.977157] (ackermann_mux) StdoutLine: {'line': b'-- Installing: /home/nvidia/f1tenth_ws/install/ackermann_mux/include/ackermann_mux/params_helpers.hpp\n'}
[83.977773] (ackermann_mux) StdoutLine: {'line': b'-- Installing: /home/nvidia/f1tenth_ws/install/ackermann_mux/include/ackermann_mux/ackermann_mux_diagnostics_status.hpp\n'}
[83.978269] (ackermann_mux) StdoutLine: {'line': b'-- Installing: /home/nvidia/f1tenth_ws/install/ackermann_mux/include/ackermann_mux/ackermann_mux.hpp\n'}
[83.979336] (ackermann_mux) StdoutLine: {'line': b'-- Installing: /home/nvidia/f1tenth_ws/install/ackermann_mux/include/ackermann_mux/topic_handle.hpp\n'}
[83.979852] (ackermann_mux) StdoutLine: {'line': b'-- Installing: /home/nvidia/f1tenth_ws/install/ackermann_mux/include/ackermann_mux/utils.hpp\n'}
[83.983493] (ackermann_mux) StdoutLine: {'line': b'-- Installing: /home/nvidia/f1tenth_ws/install/ackermann_mux/share/ament_index/resource_index/package_run_dependencies/ackermann_mux\n'}
[83.986331] (ackermann_mux) StdoutLine: {'line': b'-- Installing: /home/nvidia/f1tenth_ws/install/ackermann_mux/share/ament_index/resource_index/parent_prefix_path/ackermann_mux\n'}
[83.987586] (ackermann_mux) StdoutLine: {'line': b'-- Installing: /home/nvidia/f1tenth_ws/install/ackermann_mux/share/ackermann_mux/environment/ament_prefix_path.sh\n'}
[83.988084] (ackermann_mux) StdoutLine: {'line': b'-- Installing: /home/nvidia/f1tenth_ws/install/ackermann_mux/share/ackermann_mux/environment/ament_prefix_path.dsv\n'}
[84.000936] (ackermann_mux) StdoutLine: {'line': b'-- Installing: /home/nvidia/f1tenth_ws/install/ackermann_mux/share/ackermann_mux/environment/path.sh\n'}
[84.001922] (ackermann_mux) StdoutLine: {'line': b'-- Installing: /home/nvidia/f1tenth_ws/install/ackermann_mux/share/ackermann_mux/environment/path.dsv\n'}
[84.003692] (ackermann_mux) StdoutLine: {'line': b'-- Installing: /home/nvidia/f1tenth_ws/install/ackermann_mux/share/ackermann_mux/local_setup.bash\n'}
[84.004924] (ackermann_mux) StdoutLine: {'line': b'-- Installing: /home/nvidia/f1tenth_ws/install/ackermann_mux/share/ackermann_mux/local_setup.sh\n'}
[84.006107] (ackermann_mux) StdoutLine: {'line': b'-- Installing: /home/nvidia/f1tenth_ws/install/ackermann_mux/share/ackermann_mux/local_setup.zsh\n'}
[84.007361] (ackermann_mux) StdoutLine: {'line': b'-- Installing: /home/nvidia/f1tenth_ws/install/ackermann_mux/share/ackermann_mux/local_setup.dsv\n'}
[84.008508] (ackermann_mux) StdoutLine: {'line': b'-- Installing: /home/nvidia/f1tenth_ws/install/ackermann_mux/share/ackermann_mux/package.dsv\n'}
[84.009949] (ackermann_mux) StdoutLine: {'line': b'-- Installing: /home/nvidia/f1tenth_ws/install/ackermann_mux/share/ament_index/resource_index/packages/ackermann_mux\n'}
[84.011425] (ackermann_mux) StdoutLine: {'line': b'-- Installing: /home/nvidia/f1tenth_ws/install/ackermann_mux/share/ackermann_mux/cmake/ament_cmake_export_include_directories-extras.cmake\n'}
[84.034786] (ackermann_mux) StdoutLine: {'line': b'-- Installing: /home/nvidia/f1tenth_ws/install/ackermann_mux/share/ackermann_mux/cmake/ament_cmake_export_dependencies-extras.cmake\n'}
[84.037198] (ackermann_mux) StdoutLine: {'line': b'-- Installing: /home/nvidia/f1tenth_ws/install/ackermann_mux/share/ackermann_mux/cmake/ackermann_muxConfig.cmake\n'}
[84.038524] (ackermann_mux) StdoutLine: {'line': b'-- Installing: /home/nvidia/f1tenth_ws/install/ackermann_mux/share/ackermann_mux/cmake/ackermann_muxConfig-version.cmake\n'}
[84.042143] (ackermann_mux) StdoutLine: {'line': b'-- Installing: /home/nvidia/f1tenth_ws/install/ackermann_mux/share/ackermann_mux/package.xml\n'}
[84.052837] (-) TimerEvent: {}
[84.061639] (ackermann_mux) CommandEnded: {'returncode': 0}
[84.068244] (teleop_tools) StdoutLine: {'line': b'-- Found ament_cmake: 0.9.12 (/opt/ros/foxy/share/ament_cmake/cmake)\n'}
[84.154483] (-) TimerEvent: {}
[84.258420] (-) TimerEvent: {}
[84.364376] (-) TimerEvent: {}
[84.373752] (teleop_tools) StdoutLine: {'line': b'-- Found PythonInterp: /usr/bin/python3 (found suitable version "3.8.10", minimum required is "3") \n'}
[84.376975] (teleop_tools) StdoutLine: {'line': b'-- Using PYTHON_EXECUTABLE: /usr/bin/python3\n'}
[84.464614] (-) TimerEvent: {}
[84.565639] (-) TimerEvent: {}
[84.679537] (-) TimerEvent: {}
[84.781892] (ackermann_mux) JobEnded: {'identifier': 'ackermann_mux', 'rc': 0}
[84.784597] (-) TimerEvent: {}
[84.885572] (-) TimerEvent: {}
[84.986705] (-) TimerEvent: {}
[85.087717] (-) TimerEvent: {}
[85.188718] (-) TimerEvent: {}
[85.289988] (-) TimerEvent: {}
[85.392032] (-) TimerEvent: {}
[85.493098] (-) TimerEvent: {}
[85.594132] (-) TimerEvent: {}
[85.695366] (-) TimerEvent: {}
[85.796365] (-) TimerEvent: {}
[85.897569] (-) TimerEvent: {}
[85.998814] (-) TimerEvent: {}
[86.101106] (-) TimerEvent: {}
[86.202433] (-) TimerEvent: {}
[86.215752] (vesc_msgs) StdoutLine: {'line': b'[ 49%] \x1b[32mBuilding CXX object CMakeFiles/vesc_msgs__rosidl_typesupport_fastrtps_cpp.dir/rosidl_typesupport_fastrtps_cpp/vesc_msgs/msg/detail/dds_fastrtps/vesc_state__type_support.cpp.o\x1b[0m\n'}
[86.302726] (-) TimerEvent: {}
[86.403900] (-) TimerEvent: {}
[86.505029] (-) TimerEvent: {}
[86.606155] (-) TimerEvent: {}
[86.707321] (-) TimerEvent: {}
[86.721575] (teleop_tools) StdoutLine: {'line': b'-- Configuring done\n'}
[86.746560] (teleop_tools) StdoutLine: {'line': b'-- Generating done\n'}
[86.762408] (teleop_tools) StdoutLine: {'line': b'-- Build files have been written to: /home/nvidia/f1tenth_ws/build/teleop_tools\n'}
[86.790166] (teleop_tools) CommandEnded: {'returncode': 0}
[86.798575] (teleop_tools) JobProgress: {'identifier': 'teleop_tools', 'progress': 'build'}
[86.798981] (teleop_tools) Command: {'cmd': ['/usr/bin/cmake', '--build', '/home/nvidia/f1tenth_ws/build/teleop_tools', '--', '-j6', '-l6'], 'cwd': '/home/nvidia/f1tenth_ws/build/teleop_tools', 'env': OrderedDict([('LESSOPEN', '| /usr/bin/lesspipe %s'), ('USER', 'nvidia'), ('SSH_CLIENT', '10.131.67.141 46114 22'), ('XDG_SESSION_TYPE', 'tty'), ('SHLVL', '1'), ('LD_LIBRARY_PATH', '/home/nvidia/f1tenth_ws/install/teleop_tools_msgs/lib://home/nvidia/f1tenth_ws/install/vesc_driver/lib://home/nvidia/f1tenth_ws/install/vesc_ackermann/lib://home/nvidia/f1tenth_ws/install/vesc_msgs/lib://home/nvidia/f1tenth_ws/install/teleop_tools_msgs/lib:/usr/lib/aarch64-linux-gnu/gazebo-11/plugins:/opt/ros/foxy/opt/yaml_cpp_vendor/lib:/opt/ros/foxy/opt/rviz_ogre_vendor/lib:/opt/ros/foxy/lib/aarch64-linux-gnu:/opt/ros/foxy/lib:/usr/local/cuda-11.4/lib64'), ('MOTD_SHOWN', 'pam'), ('HOME', '/home/nvidia'), ('OLDPWD', '/home/nvidia'), ('SSH_TTY', '/dev/pts/4'), ('ROS_PYTHON_VERSION', '3'), ('DBUS_SESSION_BUS_ADDRESS', 'unix:path=/run/user/1000/bus'), ('COLCON_PREFIX_PATH', '//home/nvidia/f1tenth_ws/install'), ('ROS_DISTRO', 'foxy'), ('LOGNAME', 'nvidia'), ('_', '/usr/bin/colcon'), ('ROS_VERSION', '2'), ('XDG_SESSION_CLASS', 'user'), ('TERM', 'xterm-256color'), ('XDG_SESSION_ID', '15'), ('GAZEBO_MODEL_PATH', ':/opt/ros/foxy/share/turtlebot3_gazebo/models'), ('ROS_LOCALHOST_ONLY', '0'), ('PATH', '/home/nvidia/.local/bin:/opt/ros/foxy/bin:/usr/local/cuda-11.4/bin:/usr/local/sbin:/usr/local/bin:/usr/sbin:/usr/bin:/sbin:/bin:/usr/games:/usr/local/games:/snap/bin'), ('XDG_RUNTIME_DIR', '/run/user/1000'), ('LANG', 'en_US.UTF-8'), ('LS_COLORS', 'rs=0:di=01;34:ln=01;36:mh=00:pi=40;33:so=01;35:do=01;35:bd=40;33;01:cd=40;33;01:or=40;31;01:mi=00:su=37;41:sg=30;43:ca=30;41:tw=30;42:ow=34;42:st=37;44:ex=01;32:*.tar=01;31:*.tgz=01;31:*.arc=01;31:*.arj=01;31:*.taz=01;31:*.lha=01;31:*.lz4=01;31:*.lzh=01;31:*.lzma=01;31:*.tlz=01;31:*.txz=01;31:*.tzo=01;31:*.t7z=01;31:*.zip=01;31:*.z=01;31:*.dz=01;31:*.gz=01;31:*.lrz=01;31:*.lz=01;31:*.lzo=01;31:*.xz=01;31:*.zst=01;31:*.tzst=01;31:*.bz2=01;31:*.bz=01;31:*.tbz=01;31:*.tbz2=01;31:*.tz=01;31:*.deb=01;31:*.rpm=01;31:*.jar=01;31:*.war=01;31:*.ear=01;31:*.sar=01;31:*.rar=01;31:*.alz=01;31:*.ace=01;31:*.zoo=01;31:*.cpio=01;31:*.7z=01;31:*.rz=01;31:*.cab=01;31:*.wim=01;31:*.swm=01;31:*.dwm=01;31:*.esd=01;31:*.jpg=01;35:*.jpeg=01;35:*.mjpg=01;35:*.mjpeg=01;35:*.gif=01;35:*.bmp=01;35:*.pbm=01;35:*.pgm=01;35:*.ppm=01;35:*.tga=01;35:*.xbm=01;35:*.xpm=01;35:*.tif=01;35:*.tiff=01;35:*.png=01;35:*.svg=01;35:*.svgz=01;35:*.mng=01;35:*.pcx=01;35:*.mov=01;35:*.mpg=01;35:*.mpeg=01;35:*.m2v=01;35:*.mkv=01;35:*.webm=01;35:*.ogm=01;35:*.mp4=01;35:*.m4v=01;35:*.mp4v=01;35:*.vob=01;35:*.qt=01;35:*.nuv=01;35:*.wmv=01;35:*.asf=01;35:*.rm=01;35:*.rmvb=01;35:*.flc=01;35:*.avi=01;35:*.fli=01;35:*.flv=01;35:*.gl=01;35:*.dl=01;35:*.xcf=01;35:*.xwd=01;35:*.yuv=01;35:*.cgm=01;35:*.emf=01;35:*.ogv=01;35:*.ogx=01;35:*.aac=00;36:*.au=00;36:*.flac=00;36:*.m4a=00;36:*.mid=00;36:*.midi=00;36:*.mka=00;36:*.mp3=00;36:*.mpc=00;36:*.ogg=00;36:*.ra=00;36:*.wav=00;36:*.oga=00;36:*.opus=00;36:*.spx=00;36:*.xspf=00;36:'), ('ROS_DOMAIN_ID', '10'), ('AMENT_PREFIX_PATH', '/home/nvidia/f1tenth_ws/install/joy_teleop:/home/nvidia/f1tenth_ws/install/teleop_tools_msgs:/home/nvidia/f1tenth_ws/install/key_teleop://home/nvidia/f1tenth_ws/install/f1tenth_stack://home/nvidia/f1tenth_ws/install/vesc://home/nvidia/f1tenth_ws/install/vesc_driver://home/nvidia/f1tenth_ws/install/vesc_ackermann://home/nvidia/f1tenth_ws/install/vesc_msgs://home/nvidia/f1tenth_ws/install/teleop_tools://home/nvidia/f1tenth_ws/install/joy_teleop://home/nvidia/f1tenth_ws/install/teleop_tools_msgs://home/nvidia/f1tenth_ws/install/pure_pursuit://home/nvidia/f1tenth_ws/install/phasespace://home/nvidia/f1tenth_ws/install/new_map_saver://home/nvidia/f1tenth_ws/install/mouse_teleop://home/nvidia/f1tenth_ws/install/mapping://home/nvidia/f1tenth_ws/install/key_teleop://home/nvidia/f1tenth_ws/install/f1tenth_controllers://home/nvidia/f1tenth_ws/install/ackermann_mux:/opt/ros/foxy'), ('SHELL', '/bin/bash'), ('LESSCLOSE', '/usr/bin/lesspipe %s %s'), ('PWD', '/home/nvidia/f1tenth_ws/build/teleop_tools'), ('TURTLEBOT3_MODEL', 'waffle'), ('LC_ALL', 'en_US.UTF-8'), ('SSH_CONNECTION', '10.131.67.141 46114 10.131.142.84 22'), ('XDG_DATA_DIRS', '/usr/local/share:/usr/share:/var/lib/snapd/desktop'), ('PYTHONPATH', '/home/nvidia/f1tenth_ws/install/joy_teleop/lib/python3.8/site-packages:/home/nvidia/f1tenth_ws/install/teleop_tools_msgs/lib/python3.8/site-packages:/home/nvidia/f1tenth_ws/install/key_teleop/lib/python3.8/site-packages://home/nvidia/f1tenth_ws/install/f1tenth_stack/lib/python3.8/site-packages://home/nvidia/f1tenth_ws/install/vesc_msgs/lib/python3.8/site-packages://home/nvidia/f1tenth_ws/install/joy_teleop/lib/python3.8/site-packages://home/nvidia/f1tenth_ws/install/teleop_tools_msgs/lib/python3.8/site-packages://home/nvidia/f1tenth_ws/install/phasespace/lib/python3.8/site-packages://home/nvidia/f1tenth_ws/install/new_map_saver/lib/python3.8/site-packages://home/nvidia/f1tenth_ws/install/mouse_teleop/lib/python3.8/site-packages://home/nvidia/f1tenth_ws/install/mapping/lib/python3.8/site-packages://home/nvidia/f1tenth_ws/install/key_teleop/lib/python3.8/site-packages://home/nvidia/f1tenth_ws/install/f1tenth_controllers/lib/python3.8/site-packages:/opt/ros/foxy/lib/python3.8/site-packages'), ('COLCON', '1'), ('CMAKE_PREFIX_PATH', '/home/nvidia/f1tenth_ws/install/teleop_tools_msgs://home/nvidia/f1tenth_ws/install/vesc://home/nvidia/f1tenth_ws/install/vesc_driver://home/nvidia/f1tenth_ws/install/vesc_ackermann://home/nvidia/f1tenth_ws/install/vesc_msgs://home/nvidia/f1tenth_ws/install/teleop_tools://home/nvidia/f1tenth_ws/install/teleop_tools_msgs://home/nvidia/f1tenth_ws/install/pure_pursuit://home/nvidia/f1tenth_ws/install/ackermann_mux://home/nvidia/f1tenth_ws/install/f1tenth_stack://home/nvidia/f1tenth_ws/install/joy_teleop://home/nvidia/f1tenth_ws/install/phasespace://home/nvidia/f1tenth_ws/install/new_map_saver://home/nvidia/f1tenth_ws/install/mouse_teleop://home/nvidia/f1tenth_ws/install/mapping://home/nvidia/f1tenth_ws/install/key_teleop://home/nvidia/f1tenth_ws/install/f1tenth_controllers:/opt/ros/foxy')]), 'shell': False}
[86.808785] (-) TimerEvent: {}
[86.911305] (-) TimerEvent: {}
[86.939301] (teleop_tools) StdoutLine: {'line': b'-- Found ament_cmake: 0.9.12 (/opt/ros/foxy/share/ament_cmake/cmake)\n'}
[87.011541] (-) TimerEvent: {}
[87.113893] (-) TimerEvent: {}
[87.132957] (teleop_tools) StdoutLine: {'line': b'-- Using PYTHON_EXECUTABLE: /usr/bin/python3\n'}
[87.214245] (-) TimerEvent: {}
[87.315452] (-) TimerEvent: {}
[87.416742] (-) TimerEvent: {}
[87.518325] (-) TimerEvent: {}
[87.619434] (-) TimerEvent: {}
[87.720602] (-) TimerEvent: {}
[87.821758] (-) TimerEvent: {}
[87.923705] (-) TimerEvent: {}
[88.024836] (-) TimerEvent: {}
[88.126594] (-) TimerEvent: {}
[88.228613] (-) TimerEvent: {}
[88.330368] (-) TimerEvent: {}
[88.431652] (-) TimerEvent: {}
[88.535445] (-) TimerEvent: {}
[88.637635] (-) TimerEvent: {}
[88.738837] (-) TimerEvent: {}
[88.840128] (-) TimerEvent: {}
[88.898912] (teleop_tools) StdoutLine: {'line': b'-- Configuring done\n'}
[88.914163] (teleop_tools) StdoutLine: {'line': b'-- Generating done\n'}
[88.919944] (teleop_tools) StdoutLine: {'line': b'-- Build files have been written to: /home/nvidia/f1tenth_ws/build/teleop_tools\n'}
[88.940398] (-) TimerEvent: {}
[89.048976] (-) TimerEvent: {}
[89.085556] (teleop_tools) CommandEnded: {'returncode': 0}
[89.128842] (vesc_msgs) StdoutLine: {'line': b'[ 50%] \x1b[32mBuilding CXX object CMakeFiles/vesc_msgs__rosidl_typesupport_fastrtps_cpp.dir/rosidl_typesupport_fastrtps_cpp/vesc_msgs/msg/detail/dds_fastrtps/vesc_imu_stamped__type_support.cpp.o\x1b[0m\n'}
[89.149414] (-) TimerEvent: {}
[89.252947] (-) TimerEvent: {}
[89.284861] (teleop_tools) JobProgress: {'identifier': 'teleop_tools', 'progress': 'install'}
[89.286527] (teleop_tools) Command: {'cmd': ['/usr/bin/cmake', '--install', '/home/nvidia/f1tenth_ws/build/teleop_tools'], 'cwd': '/home/nvidia/f1tenth_ws/build/teleop_tools', 'env': OrderedDict([('LESSOPEN', '| /usr/bin/lesspipe %s'), ('USER', 'nvidia'), ('SSH_CLIENT', '10.131.67.141 46114 22'), ('XDG_SESSION_TYPE', 'tty'), ('SHLVL', '1'), ('LD_LIBRARY_PATH', '/home/nvidia/f1tenth_ws/install/teleop_tools_msgs/lib://home/nvidia/f1tenth_ws/install/vesc_driver/lib://home/nvidia/f1tenth_ws/install/vesc_ackermann/lib://home/nvidia/f1tenth_ws/install/vesc_msgs/lib://home/nvidia/f1tenth_ws/install/teleop_tools_msgs/lib:/usr/lib/aarch64-linux-gnu/gazebo-11/plugins:/opt/ros/foxy/opt/yaml_cpp_vendor/lib:/opt/ros/foxy/opt/rviz_ogre_vendor/lib:/opt/ros/foxy/lib/aarch64-linux-gnu:/opt/ros/foxy/lib:/usr/local/cuda-11.4/lib64'), ('MOTD_SHOWN', 'pam'), ('HOME', '/home/nvidia'), ('OLDPWD', '/home/nvidia'), ('SSH_TTY', '/dev/pts/4'), ('ROS_PYTHON_VERSION', '3'), ('DBUS_SESSION_BUS_ADDRESS', 'unix:path=/run/user/1000/bus'), ('COLCON_PREFIX_PATH', '//home/nvidia/f1tenth_ws/install'), ('ROS_DISTRO', 'foxy'), ('LOGNAME', 'nvidia'), ('_', '/usr/bin/colcon'), ('ROS_VERSION', '2'), ('XDG_SESSION_CLASS', 'user'), ('TERM', 'xterm-256color'), ('XDG_SESSION_ID', '15'), ('GAZEBO_MODEL_PATH', ':/opt/ros/foxy/share/turtlebot3_gazebo/models'), ('ROS_LOCALHOST_ONLY', '0'), ('PATH', '/home/nvidia/.local/bin:/opt/ros/foxy/bin:/usr/local/cuda-11.4/bin:/usr/local/sbin:/usr/local/bin:/usr/sbin:/usr/bin:/sbin:/bin:/usr/games:/usr/local/games:/snap/bin'), ('XDG_RUNTIME_DIR', '/run/user/1000'), ('LANG', 'en_US.UTF-8'), ('LS_COLORS', 'rs=0:di=01;34:ln=01;36:mh=00:pi=40;33:so=01;35:do=01;35:bd=40;33;01:cd=40;33;01:or=40;31;01:mi=00:su=37;41:sg=30;43:ca=30;41:tw=30;42:ow=34;42:st=37;44:ex=01;32:*.tar=01;31:*.tgz=01;31:*.arc=01;31:*.arj=01;31:*.taz=01;31:*.lha=01;31:*.lz4=01;31:*.lzh=01;31:*.lzma=01;31:*.tlz=01;31:*.txz=01;31:*.tzo=01;31:*.t7z=01;31:*.zip=01;31:*.z=01;31:*.dz=01;31:*.gz=01;31:*.lrz=01;31:*.lz=01;31:*.lzo=01;31:*.xz=01;31:*.zst=01;31:*.tzst=01;31:*.bz2=01;31:*.bz=01;31:*.tbz=01;31:*.tbz2=01;31:*.tz=01;31:*.deb=01;31:*.rpm=01;31:*.jar=01;31:*.war=01;31:*.ear=01;31:*.sar=01;31:*.rar=01;31:*.alz=01;31:*.ace=01;31:*.zoo=01;31:*.cpio=01;31:*.7z=01;31:*.rz=01;31:*.cab=01;31:*.wim=01;31:*.swm=01;31:*.dwm=01;31:*.esd=01;31:*.jpg=01;35:*.jpeg=01;35:*.mjpg=01;35:*.mjpeg=01;35:*.gif=01;35:*.bmp=01;35:*.pbm=01;35:*.pgm=01;35:*.ppm=01;35:*.tga=01;35:*.xbm=01;35:*.xpm=01;35:*.tif=01;35:*.tiff=01;35:*.png=01;35:*.svg=01;35:*.svgz=01;35:*.mng=01;35:*.pcx=01;35:*.mov=01;35:*.mpg=01;35:*.mpeg=01;35:*.m2v=01;35:*.mkv=01;35:*.webm=01;35:*.ogm=01;35:*.mp4=01;35:*.m4v=01;35:*.mp4v=01;35:*.vob=01;35:*.qt=01;35:*.nuv=01;35:*.wmv=01;35:*.asf=01;35:*.rm=01;35:*.rmvb=01;35:*.flc=01;35:*.avi=01;35:*.fli=01;35:*.flv=01;35:*.gl=01;35:*.dl=01;35:*.xcf=01;35:*.xwd=01;35:*.yuv=01;35:*.cgm=01;35:*.emf=01;35:*.ogv=01;35:*.ogx=01;35:*.aac=00;36:*.au=00;36:*.flac=00;36:*.m4a=00;36:*.mid=00;36:*.midi=00;36:*.mka=00;36:*.mp3=00;36:*.mpc=00;36:*.ogg=00;36:*.ra=00;36:*.wav=00;36:*.oga=00;36:*.opus=00;36:*.spx=00;36:*.xspf=00;36:'), ('ROS_DOMAIN_ID', '10'), ('AMENT_PREFIX_PATH', '/home/nvidia/f1tenth_ws/install/joy_teleop:/home/nvidia/f1tenth_ws/install/teleop_tools_msgs:/home/nvidia/f1tenth_ws/install/key_teleop://home/nvidia/f1tenth_ws/install/f1tenth_stack://home/nvidia/f1tenth_ws/install/vesc://home/nvidia/f1tenth_ws/install/vesc_driver://home/nvidia/f1tenth_ws/install/vesc_ackermann://home/nvidia/f1tenth_ws/install/vesc_msgs://home/nvidia/f1tenth_ws/install/teleop_tools://home/nvidia/f1tenth_ws/install/joy_teleop://home/nvidia/f1tenth_ws/install/teleop_tools_msgs://home/nvidia/f1tenth_ws/install/pure_pursuit://home/nvidia/f1tenth_ws/install/phasespace://home/nvidia/f1tenth_ws/install/new_map_saver://home/nvidia/f1tenth_ws/install/mouse_teleop://home/nvidia/f1tenth_ws/install/mapping://home/nvidia/f1tenth_ws/install/key_teleop://home/nvidia/f1tenth_ws/install/f1tenth_controllers://home/nvidia/f1tenth_ws/install/ackermann_mux:/opt/ros/foxy'), ('SHELL', '/bin/bash'), ('LESSCLOSE', '/usr/bin/lesspipe %s %s'), ('PWD', '/home/nvidia/f1tenth_ws/build/teleop_tools'), ('TURTLEBOT3_MODEL', 'waffle'), ('LC_ALL', 'en_US.UTF-8'), ('SSH_CONNECTION', '10.131.67.141 46114 10.131.142.84 22'), ('XDG_DATA_DIRS', '/usr/local/share:/usr/share:/var/lib/snapd/desktop'), ('PYTHONPATH', '/home/nvidia/f1tenth_ws/install/joy_teleop/lib/python3.8/site-packages:/home/nvidia/f1tenth_ws/install/teleop_tools_msgs/lib/python3.8/site-packages:/home/nvidia/f1tenth_ws/install/key_teleop/lib/python3.8/site-packages://home/nvidia/f1tenth_ws/install/f1tenth_stack/lib/python3.8/site-packages://home/nvidia/f1tenth_ws/install/vesc_msgs/lib/python3.8/site-packages://home/nvidia/f1tenth_ws/install/joy_teleop/lib/python3.8/site-packages://home/nvidia/f1tenth_ws/install/teleop_tools_msgs/lib/python3.8/site-packages://home/nvidia/f1tenth_ws/install/phasespace/lib/python3.8/site-packages://home/nvidia/f1tenth_ws/install/new_map_saver/lib/python3.8/site-packages://home/nvidia/f1tenth_ws/install/mouse_teleop/lib/python3.8/site-packages://home/nvidia/f1tenth_ws/install/mapping/lib/python3.8/site-packages://home/nvidia/f1tenth_ws/install/key_teleop/lib/python3.8/site-packages://home/nvidia/f1tenth_ws/install/f1tenth_controllers/lib/python3.8/site-packages:/opt/ros/foxy/lib/python3.8/site-packages'), ('COLCON', '1'), ('CMAKE_PREFIX_PATH', '/home/nvidia/f1tenth_ws/install/teleop_tools_msgs://home/nvidia/f1tenth_ws/install/vesc://home/nvidia/f1tenth_ws/install/vesc_driver://home/nvidia/f1tenth_ws/install/vesc_ackermann://home/nvidia/f1tenth_ws/install/vesc_msgs://home/nvidia/f1tenth_ws/install/teleop_tools://home/nvidia/f1tenth_ws/install/teleop_tools_msgs://home/nvidia/f1tenth_ws/install/pure_pursuit://home/nvidia/f1tenth_ws/install/ackermann_mux://home/nvidia/f1tenth_ws/install/f1tenth_stack://home/nvidia/f1tenth_ws/install/joy_teleop://home/nvidia/f1tenth_ws/install/phasespace://home/nvidia/f1tenth_ws/install/new_map_saver://home/nvidia/f1tenth_ws/install/mouse_teleop://home/nvidia/f1tenth_ws/install/mapping://home/nvidia/f1tenth_ws/install/key_teleop://home/nvidia/f1tenth_ws/install/f1tenth_controllers:/opt/ros/foxy')]), 'shell': False}
[89.352819] (teleop_tools) StdoutLine: {'line': b'-- Install configuration: ""\n'}
[89.354504] (-) TimerEvent: {}
[89.357262] (teleop_tools) StdoutLine: {'line': b'-- Installing: /home/nvidia/f1tenth_ws/install/teleop_tools/share/ament_index/resource_index/package_run_dependencies/teleop_tools\n'}
[89.358661] (teleop_tools) StdoutLine: {'line': b'-- Installing: /home/nvidia/f1tenth_ws/install/teleop_tools/share/ament_index/resource_index/parent_prefix_path/teleop_tools\n'}
[89.361200] (teleop_tools) StdoutLine: {'line': b'-- Installing: /home/nvidia/f1tenth_ws/install/teleop_tools/share/teleop_tools/environment/ament_prefix_path.sh\n'}
[89.362639] (teleop_tools) StdoutLine: {'line': b'-- Installing: /home/nvidia/f1tenth_ws/install/teleop_tools/share/teleop_tools/environment/ament_prefix_path.dsv\n'}
[89.363992] (teleop_tools) StdoutLine: {'line': b'-- Installing: /home/nvidia/f1tenth_ws/install/teleop_tools/share/teleop_tools/environment/path.sh\n'}
[89.365227] (teleop_tools) StdoutLine: {'line': b'-- Installing: /home/nvidia/f1tenth_ws/install/teleop_tools/share/teleop_tools/environment/path.dsv\n'}
[89.366510] (teleop_tools) StdoutLine: {'line': b'-- Installing: /home/nvidia/f1tenth_ws/install/teleop_tools/share/teleop_tools/local_setup.bash\n'}
[89.367914] (teleop_tools) StdoutLine: {'line': b'-- Installing: /home/nvidia/f1tenth_ws/install/teleop_tools/share/teleop_tools/local_setup.sh\n'}
[89.370476] (teleop_tools) StdoutLine: {'line': b'-- Installing: /home/nvidia/f1tenth_ws/install/teleop_tools/share/teleop_tools/local_setup.zsh\n'}
[89.371238] (teleop_tools) StdoutLine: {'line': b'-- Installing: /home/nvidia/f1tenth_ws/install/teleop_tools/share/teleop_tools/local_setup.dsv\n'}
[89.374341] (teleop_tools) StdoutLine: {'line': b'-- Installing: /home/nvidia/f1tenth_ws/install/teleop_tools/share/teleop_tools/package.dsv\n'}
[89.374880] (teleop_tools) StdoutLine: {'line': b'-- Installing: /home/nvidia/f1tenth_ws/install/teleop_tools/share/ament_index/resource_index/packages/teleop_tools\n'}
[89.376063] (teleop_tools) StdoutLine: {'line': b'-- Installing: /home/nvidia/f1tenth_ws/install/teleop_tools/share/teleop_tools/cmake/teleop_toolsConfig.cmake\n'}
[89.377081] (teleop_tools) StdoutLine: {'line': b'-- Installing: /home/nvidia/f1tenth_ws/install/teleop_tools/share/teleop_tools/cmake/teleop_toolsConfig-version.cmake\n'}
[89.377630] (teleop_tools) StdoutLine: {'line': b'-- Installing: /home/nvidia/f1tenth_ws/install/teleop_tools/share/teleop_tools/package.xml\n'}
[89.386988] (teleop_tools) CommandEnded: {'returncode': 0}
[89.456329] (-) TimerEvent: {}
[89.560131] (-) TimerEvent: {}
[89.661359] (-) TimerEvent: {}
[89.690901] (teleop_tools) JobEnded: {'identifier': 'teleop_tools', 'rc': 0}
[89.761704] (-) TimerEvent: {}
[89.862888] (-) TimerEvent: {}
[89.964249] (-) TimerEvent: {}
[90.065555] (-) TimerEvent: {}
[90.167219] (-) TimerEvent: {}
[90.268380] (-) TimerEvent: {}
[90.369568] (-) TimerEvent: {}
[90.471660] (-) TimerEvent: {}
[90.573869] (-) TimerEvent: {}
[90.676226] (-) TimerEvent: {}
[90.777466] (-) TimerEvent: {}
[90.879431] (-) TimerEvent: {}
[90.980751] (-) TimerEvent: {}
[91.083088] (-) TimerEvent: {}
[91.185894] (-) TimerEvent: {}
[91.288291] (-) TimerEvent: {}
[91.390619] (-) TimerEvent: {}
[91.494465] (-) TimerEvent: {}
[91.596415] (-) TimerEvent: {}
[91.698279] (-) TimerEvent: {}
[91.800414] (-) TimerEvent: {}
[91.903185] (-) TimerEvent: {}
[91.914061] (vesc_msgs) StdoutLine: {'line': b'[ 52%] \x1b[32mBuilding CXX object CMakeFiles/vesc_msgs__rosidl_typesupport_fastrtps_cpp.dir/rosidl_typesupport_fastrtps_cpp/vesc_msgs/msg/detail/dds_fastrtps/vesc_imu__type_support.cpp.o\x1b[0m\n'}
[92.003424] (-) TimerEvent: {}
[92.107253] (-) TimerEvent: {}
[92.208566] (-) TimerEvent: {}
[92.311476] (-) TimerEvent: {}
[92.412531] (-) TimerEvent: {}
[92.513903] (-) TimerEvent: {}
[92.615069] (-) TimerEvent: {}
[92.716352] (-) TimerEvent: {}
[92.817538] (-) TimerEvent: {}
[92.919629] (-) TimerEvent: {}
[93.025395] (-) TimerEvent: {}
[93.127745] (-) TimerEvent: {}
[93.229909] (-) TimerEvent: {}
[93.332138] (-) TimerEvent: {}
[93.433239] (-) TimerEvent: {}
[93.534375] (-) TimerEvent: {}
[93.642143] (-) TimerEvent: {}
[93.744862] (-) TimerEvent: {}
[93.847493] (-) TimerEvent: {}
[93.948664] (-) TimerEvent: {}
[94.050602] (-) TimerEvent: {}
[94.152515] (-) TimerEvent: {}
[94.255112] (-) TimerEvent: {}
[94.357024] (-) TimerEvent: {}
[94.458148] (-) TimerEvent: {}
[94.560031] (-) TimerEvent: {}
[94.580943] (vesc_msgs) StdoutLine: {'line': b'[ 54%] \x1b[32mBuilding CXX object CMakeFiles/vesc_msgs__rosidl_typesupport_fastrtps_cpp.dir/rosidl_typesupport_fastrtps_cpp/vesc_msgs/msg/detail/dds_fastrtps/vesc_state_stamped__type_support.cpp.o\x1b[0m\n'}
[94.660992] (-) TimerEvent: {}
[94.761974] (-) TimerEvent: {}
[94.863730] (-) TimerEvent: {}
[94.964780] (-) TimerEvent: {}
[95.065813] (-) TimerEvent: {}
[95.171317] (-) TimerEvent: {}
[95.272608] (-) TimerEvent: {}
[95.374516] (-) TimerEvent: {}
[95.476487] (-) TimerEvent: {}
[95.579551] (-) TimerEvent: {}
[95.682529] (-) TimerEvent: {}
[95.784669] (-) TimerEvent: {}
[95.886558] (-) TimerEvent: {}
[95.988566] (-) TimerEvent: {}
[96.090575] (-) TimerEvent: {}
[96.193141] (-) TimerEvent: {}
[96.295098] (-) TimerEvent: {}
[96.397104] (-) TimerEvent: {}
[96.498299] (-) TimerEvent: {}
[96.600621] (-) TimerEvent: {}
[96.702638] (-) TimerEvent: {}
[96.805067] (-) TimerEvent: {}
[96.907044] (-) TimerEvent: {}
[97.008605] (-) TimerEvent: {}
[97.110740] (-) TimerEvent: {}
[97.156793] (vesc_msgs) StdoutLine: {'line': b'[ 56%] \x1b[32m\x1b[1mLinking CXX shared library libvesc_msgs__rosidl_typesupport_fastrtps_cpp.so\x1b[0m\n'}
[97.211005] (-) TimerEvent: {}
[97.313423] (-) TimerEvent: {}
[97.414499] (-) TimerEvent: {}
[97.515728] (-) TimerEvent: {}
[97.616834] (-) TimerEvent: {}
[97.633929] (vesc_msgs) StderrLine: {'line': b'make[2]: warning:  Clock skew detected.  Your build may be incomplete.\n'}
[97.696559] (vesc_msgs) StdoutLine: {'line': b'[ 56%] Built target vesc_msgs__rosidl_typesupport_fastrtps_cpp\n'}
[97.712153] (vesc_msgs) StderrLine: {'line': b"make[2]: Warning: File '/opt/ros/foxy/share/geometry_msgs/msg/WrenchStamped.idl' has modification time 738472137 s in the future\n"}
[97.717153] (-) TimerEvent: {}
[97.772277] (vesc_msgs) StdoutLine: {'line': b'[ 58%] \x1b[34m\x1b[1mGenerating C++ type support dispatch for ROS interfaces\x1b[0m\n'}
[97.817419] (-) TimerEvent: {}
[97.918564] (-) TimerEvent: {}
[98.019791] (-) TimerEvent: {}
[98.121870] (-) TimerEvent: {}
[98.223367] (-) TimerEvent: {}
[98.324976] (-) TimerEvent: {}
[98.425987] (-) TimerEvent: {}
[98.527507] (-) TimerEvent: {}
[98.628692] (-) TimerEvent: {}
[98.729862] (-) TimerEvent: {}
[98.830959] (-) TimerEvent: {}
[98.932270] (-) TimerEvent: {}
[99.033778] (-) TimerEvent: {}
[99.135089] (-) TimerEvent: {}
[99.236503] (-) TimerEvent: {}
[99.338302] (-) TimerEvent: {}
[99.439651] (-) TimerEvent: {}
[99.540873] (-) TimerEvent: {}
[99.643317] (-) TimerEvent: {}
[99.744377] (-) TimerEvent: {}
[99.845622] (-) TimerEvent: {}
[99.947097] (-) TimerEvent: {}
[100.048511] (-) TimerEvent: {}
[100.071411] (vesc_msgs) StdoutLine: {'line': b'\x1b[35m\x1b[1mScanning dependencies of target vesc_msgs__rosidl_typesupport_cpp\x1b[0m\n'}
[100.120484] (vesc_msgs) StderrLine: {'line': b'make[2]: warning:  Clock skew detected.  Your build may be incomplete.\n'}
[100.136369] (vesc_msgs) StderrLine: {'line': b"make[2]: Warning: File '/opt/ros/foxy/share/geometry_msgs/msg/WrenchStamped.idl' has modification time 738472135 s in the future\n"}
[100.148745] (-) TimerEvent: {}
[100.203576] (vesc_msgs) StdoutLine: {'line': b'[ 58%] \x1b[34m\x1b[1mGenerating C++ type support dispatch for ROS interfaces\x1b[0m\n'}
[100.249011] (-) TimerEvent: {}
[100.350732] (-) TimerEvent: {}
[100.451997] (-) TimerEvent: {}
[100.554124] (-) TimerEvent: {}
[100.655314] (-) TimerEvent: {}
[100.756347] (-) TimerEvent: {}
[100.857461] (-) TimerEvent: {}
[100.958572] (-) TimerEvent: {}
[101.059906] (-) TimerEvent: {}
[101.161152] (-) TimerEvent: {}
[101.262298] (-) TimerEvent: {}
[101.363412] (-) TimerEvent: {}
[101.465560] (-) TimerEvent: {}
[101.566659] (-) TimerEvent: {}
[101.667775] (-) TimerEvent: {}
[101.768785] (-) TimerEvent: {}
[101.870220] (-) TimerEvent: {}
[101.971258] (-) TimerEvent: {}
[102.072339] (-) TimerEvent: {}
[102.173580] (-) TimerEvent: {}
[102.274754] (-) TimerEvent: {}
[102.376070] (-) TimerEvent: {}
[102.413487] (vesc_msgs) StdoutLine: {'line': b'[ 60%] \x1b[32mBuilding CXX object CMakeFiles/vesc_msgs__rosidl_typesupport_cpp.dir/rosidl_typesupport_cpp/vesc_msgs/msg/vesc_state__type_support.cpp.o\x1b[0m\n'}
[102.476450] (-) TimerEvent: {}
[102.577782] (-) TimerEvent: {}
[102.679040] (-) TimerEvent: {}
[102.780386] (-) TimerEvent: {}
[102.881568] (-) TimerEvent: {}
[102.982836] (-) TimerEvent: {}
[103.084094] (-) TimerEvent: {}
[103.186349] (-) TimerEvent: {}
[103.287804] (-) TimerEvent: {}
[103.388940] (-) TimerEvent: {}
[103.490210] (-) TimerEvent: {}
[103.591381] (-) TimerEvent: {}
[103.692722] (-) TimerEvent: {}
[103.794286] (-) TimerEvent: {}
[103.899018] (-) TimerEvent: {}
[104.001429] (-) TimerEvent: {}
[104.102876] (-) TimerEvent: {}
[104.157303] (vesc_msgs) StdoutLine: {'line': b'[ 61%] \x1b[32mBuilding CXX object CMakeFiles/vesc_msgs__rosidl_typesupport_cpp.dir/rosidl_typesupport_cpp/vesc_msgs/msg/vesc_imu_stamped__type_support.cpp.o\x1b[0m\n'}
[104.203234] (-) TimerEvent: {}
[104.305850] (-) TimerEvent: {}
[104.408209] (-) TimerEvent: {}
[104.509729] (-) TimerEvent: {}
[104.611222] (-) TimerEvent: {}
[104.712513] (-) TimerEvent: {}
[104.813749] (-) TimerEvent: {}
[104.915211] (-) TimerEvent: {}
[105.016583] (-) TimerEvent: {}
[105.117875] (-) TimerEvent: {}
[105.219449] (-) TimerEvent: {}
[105.321292] (-) TimerEvent: {}
[105.423399] (-) TimerEvent: {}
[105.525303] (-) TimerEvent: {}
[105.627564] (-) TimerEvent: {}
[105.729572] (-) TimerEvent: {}
[105.830684] (-) TimerEvent: {}
[105.866828] (vesc_msgs) StdoutLine: {'line': b'[ 63%] \x1b[32mBuilding CXX object CMakeFiles/vesc_msgs__rosidl_typesupport_cpp.dir/rosidl_typesupport_cpp/vesc_msgs/msg/vesc_imu__type_support.cpp.o\x1b[0m\n'}
[105.931009] (-) TimerEvent: {}
[106.032218] (-) TimerEvent: {}
[106.133710] (-) TimerEvent: {}
[106.235244] (-) TimerEvent: {}
[106.336826] (-) TimerEvent: {}
[106.437998] (-) TimerEvent: {}
[106.539203] (-) TimerEvent: {}
[106.640403] (-) TimerEvent: {}
[106.741662] (-) TimerEvent: {}
[106.842838] (-) TimerEvent: {}
[106.944299] (-) TimerEvent: {}
[107.045611] (-) TimerEvent: {}
[107.146790] (-) TimerEvent: {}
[107.248040] (-) TimerEvent: {}
[107.349211] (-) TimerEvent: {}
[107.451672] (-) TimerEvent: {}
[107.552958] (-) TimerEvent: {}
[107.654199] (-) TimerEvent: {}
[107.656362] (vesc_msgs) StdoutLine: {'line': b'[ 65%] \x1b[32mBuilding CXX object CMakeFiles/vesc_msgs__rosidl_typesupport_cpp.dir/rosidl_typesupport_cpp/vesc_msgs/msg/vesc_state_stamped__type_support.cpp.o\x1b[0m\n'}
[107.754518] (-) TimerEvent: {}
[107.855734] (-) TimerEvent: {}
[107.956990] (-) TimerEvent: {}
[108.058306] (-) TimerEvent: {}
[108.159899] (-) TimerEvent: {}
[108.261334] (-) TimerEvent: {}
[108.363200] (-) TimerEvent: {}
[108.464445] (-) TimerEvent: {}
[108.566176] (-) TimerEvent: {}
[108.668565] (-) TimerEvent: {}
[108.770645] (-) TimerEvent: {}
[108.872539] (-) TimerEvent: {}
[108.973805] (-) TimerEvent: {}
[109.075028] (-) TimerEvent: {}
[109.176492] (-) TimerEvent: {}
[109.277689] (-) TimerEvent: {}
[109.358958] (vesc_msgs) StdoutLine: {'line': b'[ 67%] \x1b[32m\x1b[1mLinking CXX shared library libvesc_msgs__rosidl_typesupport_cpp.so\x1b[0m\n'}
[109.377950] (-) TimerEvent: {}
[109.479100] (-) TimerEvent: {}
[109.580593] (-) TimerEvent: {}
[109.591497] (vesc_msgs) StderrLine: {'line': b'make[2]: warning:  Clock skew detected.  Your build may be incomplete.\n'}
[109.653434] (vesc_msgs) StdoutLine: {'line': b'[ 67%] Built target vesc_msgs__rosidl_typesupport_cpp\n'}
[109.670027] (vesc_msgs) StderrLine: {'line': b"make[2]: Warning: File '/opt/ros/foxy/share/geometry_msgs/msg/WrenchStamped.idl' has modification time 738472125 s in the future\n"}
[109.680882] (-) TimerEvent: {}
[109.733258] (vesc_msgs) StdoutLine: {'line': b'[ 69%] \x1b[34m\x1b[1mGenerating C type support for eProsima Fast-RTPS\x1b[0m\n'}
[109.781172] (-) TimerEvent: {}
[109.882454] (-) TimerEvent: {}
[109.983649] (-) TimerEvent: {}
[110.085303] (-) TimerEvent: {}
[110.186623] (-) TimerEvent: {}
[110.288086] (-) TimerEvent: {}
[110.389461] (-) TimerEvent: {}
[110.490738] (-) TimerEvent: {}
[110.592254] (-) TimerEvent: {}
[110.693810] (-) TimerEvent: {}
[110.795038] (-) TimerEvent: {}
[110.896482] (-) TimerEvent: {}
[110.997791] (-) TimerEvent: {}
[111.099267] (-) TimerEvent: {}
[111.200786] (-) TimerEvent: {}
[111.302090] (-) TimerEvent: {}
[111.403461] (-) TimerEvent: {}
[111.504727] (-) TimerEvent: {}
[111.606029] (-) TimerEvent: {}
[111.707603] (-) TimerEvent: {}
[111.808903] (-) TimerEvent: {}
[111.910265] (-) TimerEvent: {}
[112.011561] (-) TimerEvent: {}
[112.112759] (-) TimerEvent: {}
[112.213973] (-) TimerEvent: {}
[112.316073] (-) TimerEvent: {}
[112.418003] (-) TimerEvent: {}
[112.520019] (-) TimerEvent: {}
[112.555110] (vesc_msgs) StdoutLine: {'line': b'\x1b[35m\x1b[1mScanning dependencies of target vesc_msgs__rosidl_typesupport_fastrtps_c\x1b[0m\n'}
[112.620283] (-) TimerEvent: {}
[112.631938] (vesc_msgs) StderrLine: {'line': b'make[2]: warning:  Clock skew detected.  Your build may be incomplete.\n'}
[112.647223] (vesc_msgs) StderrLine: {'line': b"make[2]: Warning: File '/opt/ros/foxy/share/geometry_msgs/msg/WrenchStamped.idl' has modification time 738472122 s in the future\n"}
[112.712333] (vesc_msgs) StdoutLine: {'line': b'[ 69%] \x1b[34m\x1b[1mGenerating C type support for eProsima Fast-RTPS\x1b[0m\n'}
[112.720541] (-) TimerEvent: {}
[112.821627] (-) TimerEvent: {}
[112.923327] (-) TimerEvent: {}
[113.025536] (-) TimerEvent: {}
[113.126641] (-) TimerEvent: {}
[113.227906] (-) TimerEvent: {}
[113.328983] (-) TimerEvent: {}
[113.430069] (-) TimerEvent: {}
[113.531253] (-) TimerEvent: {}
[113.632529] (-) TimerEvent: {}
[113.733650] (-) TimerEvent: {}
[113.834699] (-) TimerEvent: {}
[113.935776] (-) TimerEvent: {}
[114.038960] (-) TimerEvent: {}
[114.140168] (-) TimerEvent: {}
[114.241263] (-) TimerEvent: {}
[114.342462] (-) TimerEvent: {}
[114.443718] (-) TimerEvent: {}
[114.544819] (-) TimerEvent: {}
[114.646067] (-) TimerEvent: {}
[114.747065] (-) TimerEvent: {}
[114.848245] (-) TimerEvent: {}
[114.949843] (-) TimerEvent: {}
[115.050908] (-) TimerEvent: {}
[115.152170] (-) TimerEvent: {}
[115.203750] (vesc_msgs) StdoutLine: {'line': b'[ 70%] \x1b[32mBuilding CXX object CMakeFiles/vesc_msgs__rosidl_typesupport_fastrtps_c.dir/rosidl_typesupport_fastrtps_c/vesc_msgs/msg/detail/vesc_state__type_support_c.cpp.o\x1b[0m\n'}
[115.252451] (-) TimerEvent: {}
[115.353660] (-) TimerEvent: {}
[115.455079] (-) TimerEvent: {}
[115.556853] (-) TimerEvent: {}
[115.657921] (-) TimerEvent: {}
[115.759852] (-) TimerEvent: {}
[115.861693] (-) TimerEvent: {}
[115.963677] (-) TimerEvent: {}
[116.065795] (-) TimerEvent: {}
[116.166955] (-) TimerEvent: {}
[116.268259] (-) TimerEvent: {}
[116.369499] (-) TimerEvent: {}
[116.471426] (-) TimerEvent: {}
[116.573682] (-) TimerEvent: {}
[116.674904] (-) TimerEvent: {}
[116.776310] (-) TimerEvent: {}
[116.877641] (-) TimerEvent: {}
[116.978966] (-) TimerEvent: {}
[117.080421] (-) TimerEvent: {}
[117.181783] (-) TimerEvent: {}
[117.282890] (-) TimerEvent: {}
[117.384435] (-) TimerEvent: {}
[117.407690] (vesc_msgs) StdoutLine: {'line': b'[ 72%] \x1b[32mBuilding CXX object CMakeFiles/vesc_msgs__rosidl_typesupport_fastrtps_c.dir/rosidl_typesupport_fastrtps_c/vesc_msgs/msg/detail/vesc_imu_stamped__type_support_c.cpp.o\x1b[0m\n'}
[117.484538] (-) TimerEvent: {}
[117.585795] (-) TimerEvent: {}
[117.687278] (-) TimerEvent: {}
[117.788627] (-) TimerEvent: {}
[117.889901] (-) TimerEvent: {}
[117.991338] (-) TimerEvent: {}
[118.093063] (-) TimerEvent: {}
[118.194358] (-) TimerEvent: {}
[118.296800] (-) TimerEvent: {}
[118.398088] (-) TimerEvent: {}
[118.499976] (-) TimerEvent: {}
[118.601797] (-) TimerEvent: {}
[118.703960] (-) TimerEvent: {}
[118.805727] (-) TimerEvent: {}
[118.907591] (-) TimerEvent: {}
[119.010920] (-) TimerEvent: {}
[119.112039] (-) TimerEvent: {}
[119.213049] (-) TimerEvent: {}
[119.314134] (-) TimerEvent: {}
[119.415357] (-) TimerEvent: {}
[119.516475] (-) TimerEvent: {}
[119.617476] (-) TimerEvent: {}
[119.664277] (vesc_msgs) StdoutLine: {'line': b'[ 74%] \x1b[32mBuilding CXX object CMakeFiles/vesc_msgs__rosidl_typesupport_fastrtps_c.dir/rosidl_typesupport_fastrtps_c/vesc_msgs/msg/detail/vesc_imu__type_support_c.cpp.o\x1b[0m\n'}
[119.717704] (-) TimerEvent: {}
[119.818852] (-) TimerEvent: {}
[119.920004] (-) TimerEvent: {}
[120.021220] (-) TimerEvent: {}
[120.122394] (-) TimerEvent: {}
[120.223756] (-) TimerEvent: {}
[120.325058] (-) TimerEvent: {}
[120.426217] (-) TimerEvent: {}
[120.528186] (-) TimerEvent: {}
[120.629348] (-) TimerEvent: {}
[120.730544] (-) TimerEvent: {}
[120.831978] (-) TimerEvent: {}
[120.933824] (-) TimerEvent: {}
[121.035529] (-) TimerEvent: {}
[121.137186] (-) TimerEvent: {}
[121.238953] (-) TimerEvent: {}
[121.340372] (-) TimerEvent: {}
[121.441753] (-) TimerEvent: {}
[121.542858] (-) TimerEvent: {}
[121.644324] (-) TimerEvent: {}
[121.745869] (-) TimerEvent: {}
[121.759419] (vesc_msgs) StdoutLine: {'line': b'[ 76%] \x1b[32mBuilding CXX object CMakeFiles/vesc_msgs__rosidl_typesupport_fastrtps_c.dir/rosidl_typesupport_fastrtps_c/vesc_msgs/msg/detail/vesc_state_stamped__type_support_c.cpp.o\x1b[0m\n'}
[121.846135] (-) TimerEvent: {}
[121.947990] (-) TimerEvent: {}
[122.050023] (-) TimerEvent: {}
[122.151582] (-) TimerEvent: {}
[122.253176] (-) TimerEvent: {}
[122.354322] (-) TimerEvent: {}
[122.455728] (-) TimerEvent: {}
[122.556986] (-) TimerEvent: {}
[122.659023] (-) TimerEvent: {}
[122.760324] (-) TimerEvent: {}
[122.861608] (-) TimerEvent: {}
[122.962754] (-) TimerEvent: {}
[123.063991] (-) TimerEvent: {}
[123.165153] (-) TimerEvent: {}
[123.264032] (pure_pursuit) StdoutLine: {'line': b'[100%] \x1b[32m\x1b[1mLinking CXX executable pure_pursuit\x1b[0m\n'}
[123.265266] (-) TimerEvent: {}
[123.366197] (-) TimerEvent: {}
[123.467337] (-) TimerEvent: {}
[123.568490] (-) TimerEvent: {}
[123.669562] (-) TimerEvent: {}
[123.770863] (-) TimerEvent: {}
[123.779622] (vesc_msgs) StdoutLine: {'line': b'[ 78%] \x1b[32m\x1b[1mLinking CXX shared library libvesc_msgs__rosidl_typesupport_fastrtps_c.so\x1b[0m\n'}
[123.871197] (-) TimerEvent: {}
[123.972441] (-) TimerEvent: {}
[124.073849] (-) TimerEvent: {}
[124.175388] (-) TimerEvent: {}
[124.244458] (vesc_msgs) StderrLine: {'line': b'make[2]: warning:  Clock skew detected.  Your build may be incomplete.\n'}
[124.275606] (-) TimerEvent: {}
[124.302330] (vesc_msgs) StdoutLine: {'line': b'[ 78%] Built target vesc_msgs__rosidl_typesupport_fastrtps_c\n'}
[124.370804] (vesc_msgs) StdoutLine: {'line': b'\x1b[35m\x1b[1mScanning dependencies of target vesc_msgs\x1b[0m\n'}
[124.375761] (-) TimerEvent: {}
[124.386494] (vesc_msgs) StderrLine: {'line': b"make[2]: Warning: File '/home/nvidia/f1tenth_ws/src/f1tenth_system/vesc/vesc_msgs/msg/VescState.msg' has modification time 777669210 s in the future\n"}
[124.389966] (vesc_msgs) StderrLine: {'line': b'make[2]: warning:  Clock skew detected.  Your build may be incomplete.\n'}
[124.447470] (vesc_msgs) StdoutLine: {'line': b'[ 78%] Built target vesc_msgs\n'}
[124.476034] (-) TimerEvent: {}
[124.520232] (vesc_msgs) StdoutLine: {'line': b'\x1b[35m\x1b[1mScanning dependencies of target vesc_msgs__py\x1b[0m\n'}
[124.538089] (vesc_msgs) StderrLine: {'line': b"make[2]: Warning: File '/opt/ros/foxy/share/geometry_msgs/msg/WrenchStamped.idl' has modification time 738472111 s in the future\n"}
[124.576323] (-) TimerEvent: {}
[124.598828] (vesc_msgs) StdoutLine: {'line': b'[ 80%] \x1b[34m\x1b[1mGenerating Python code for ROS interfaces\x1b[0m\n'}
[124.676730] (-) TimerEvent: {}
[124.778627] (-) TimerEvent: {}
[124.879732] (-) TimerEvent: {}
[124.969455] (pure_pursuit) StderrLine: {'line': b'make[2]: warning:  Clock skew detected.  Your build may be incomplete.\n'}
[124.979921] (-) TimerEvent: {}
[125.027027] (pure_pursuit) StdoutLine: {'line': b'[100%] Built target pure_pursuit\n'}
[125.080410] (-) TimerEvent: {}
[125.096832] (pure_pursuit) CommandEnded: {'returncode': 0}
[125.181219] (-) TimerEvent: {}
[125.284505] (-) TimerEvent: {}
[125.291962] (pure_pursuit) JobProgress: {'identifier': 'pure_pursuit', 'progress': 'install'}
[125.295710] (pure_pursuit) Command: {'cmd': ['/usr/bin/cmake', '--install', '/home/nvidia/f1tenth_ws/build/pure_pursuit'], 'cwd': '/home/nvidia/f1tenth_ws/build/pure_pursuit', 'env': OrderedDict([('LESSOPEN', '| /usr/bin/lesspipe %s'), ('USER', 'nvidia'), ('SSH_CLIENT', '10.131.67.141 46114 22'), ('XDG_SESSION_TYPE', 'tty'), ('SHLVL', '1'), ('LD_LIBRARY_PATH', '//home/nvidia/f1tenth_ws/install/vesc_driver/lib://home/nvidia/f1tenth_ws/install/vesc_ackermann/lib://home/nvidia/f1tenth_ws/install/vesc_msgs/lib://home/nvidia/f1tenth_ws/install/teleop_tools_msgs/lib:/usr/lib/aarch64-linux-gnu/gazebo-11/plugins:/opt/ros/foxy/opt/yaml_cpp_vendor/lib:/opt/ros/foxy/opt/rviz_ogre_vendor/lib:/opt/ros/foxy/lib/aarch64-linux-gnu:/opt/ros/foxy/lib:/usr/local/cuda-11.4/lib64:'), ('MOTD_SHOWN', 'pam'), ('HOME', '/home/nvidia'), ('OLDPWD', '/home/nvidia'), ('SSH_TTY', '/dev/pts/4'), ('ROS_PYTHON_VERSION', '3'), ('DBUS_SESSION_BUS_ADDRESS', 'unix:path=/run/user/1000/bus'), ('COLCON_PREFIX_PATH', '//home/nvidia/f1tenth_ws/install'), ('ROS_DISTRO', 'foxy'), ('LOGNAME', 'nvidia'), ('_', '/usr/bin/colcon'), ('ROS_VERSION', '2'), ('XDG_SESSION_CLASS', 'user'), ('TERM', 'xterm-256color'), ('XDG_SESSION_ID', '15'), ('GAZEBO_MODEL_PATH', ':/opt/ros/foxy/share/turtlebot3_gazebo/models'), ('ROS_LOCALHOST_ONLY', '0'), ('PATH', '/home/nvidia/.local/bin:/opt/ros/foxy/bin:/usr/local/cuda-11.4/bin:/usr/local/sbin:/usr/local/bin:/usr/sbin:/usr/bin:/sbin:/bin:/usr/games:/usr/local/games:/snap/bin'), ('XDG_RUNTIME_DIR', '/run/user/1000'), ('LANG', 'en_US.UTF-8'), ('LS_COLORS', 'rs=0:di=01;34:ln=01;36:mh=00:pi=40;33:so=01;35:do=01;35:bd=40;33;01:cd=40;33;01:or=40;31;01:mi=00:su=37;41:sg=30;43:ca=30;41:tw=30;42:ow=34;42:st=37;44:ex=01;32:*.tar=01;31:*.tgz=01;31:*.arc=01;31:*.arj=01;31:*.taz=01;31:*.lha=01;31:*.lz4=01;31:*.lzh=01;31:*.lzma=01;31:*.tlz=01;31:*.txz=01;31:*.tzo=01;31:*.t7z=01;31:*.zip=01;31:*.z=01;31:*.dz=01;31:*.gz=01;31:*.lrz=01;31:*.lz=01;31:*.lzo=01;31:*.xz=01;31:*.zst=01;31:*.tzst=01;31:*.bz2=01;31:*.bz=01;31:*.tbz=01;31:*.tbz2=01;31:*.tz=01;31:*.deb=01;31:*.rpm=01;31:*.jar=01;31:*.war=01;31:*.ear=01;31:*.sar=01;31:*.rar=01;31:*.alz=01;31:*.ace=01;31:*.zoo=01;31:*.cpio=01;31:*.7z=01;31:*.rz=01;31:*.cab=01;31:*.wim=01;31:*.swm=01;31:*.dwm=01;31:*.esd=01;31:*.jpg=01;35:*.jpeg=01;35:*.mjpg=01;35:*.mjpeg=01;35:*.gif=01;35:*.bmp=01;35:*.pbm=01;35:*.pgm=01;35:*.ppm=01;35:*.tga=01;35:*.xbm=01;35:*.xpm=01;35:*.tif=01;35:*.tiff=01;35:*.png=01;35:*.svg=01;35:*.svgz=01;35:*.mng=01;35:*.pcx=01;35:*.mov=01;35:*.mpg=01;35:*.mpeg=01;35:*.m2v=01;35:*.mkv=01;35:*.webm=01;35:*.ogm=01;35:*.mp4=01;35:*.m4v=01;35:*.mp4v=01;35:*.vob=01;35:*.qt=01;35:*.nuv=01;35:*.wmv=01;35:*.asf=01;35:*.rm=01;35:*.rmvb=01;35:*.flc=01;35:*.avi=01;35:*.fli=01;35:*.flv=01;35:*.gl=01;35:*.dl=01;35:*.xcf=01;35:*.xwd=01;35:*.yuv=01;35:*.cgm=01;35:*.emf=01;35:*.ogv=01;35:*.ogx=01;35:*.aac=00;36:*.au=00;36:*.flac=00;36:*.m4a=00;36:*.mid=00;36:*.midi=00;36:*.mka=00;36:*.mp3=00;36:*.mpc=00;36:*.ogg=00;36:*.ra=00;36:*.wav=00;36:*.oga=00;36:*.opus=00;36:*.spx=00;36:*.xspf=00;36:'), ('ROS_DOMAIN_ID', '10'), ('AMENT_PREFIX_PATH', '//home/nvidia/f1tenth_ws/install/f1tenth_stack://home/nvidia/f1tenth_ws/install/vesc://home/nvidia/f1tenth_ws/install/vesc_driver://home/nvidia/f1tenth_ws/install/vesc_ackermann://home/nvidia/f1tenth_ws/install/vesc_msgs://home/nvidia/f1tenth_ws/install/teleop_tools://home/nvidia/f1tenth_ws/install/joy_teleop://home/nvidia/f1tenth_ws/install/teleop_tools_msgs://home/nvidia/f1tenth_ws/install/pure_pursuit://home/nvidia/f1tenth_ws/install/phasespace://home/nvidia/f1tenth_ws/install/new_map_saver://home/nvidia/f1tenth_ws/install/mouse_teleop://home/nvidia/f1tenth_ws/install/mapping://home/nvidia/f1tenth_ws/install/key_teleop://home/nvidia/f1tenth_ws/install/f1tenth_controllers://home/nvidia/f1tenth_ws/install/ackermann_mux:/opt/ros/foxy'), ('SHELL', '/bin/bash'), ('LESSCLOSE', '/usr/bin/lesspipe %s %s'), ('PWD', '/home/nvidia/f1tenth_ws/build/pure_pursuit'), ('TURTLEBOT3_MODEL', 'waffle'), ('LC_ALL', 'en_US.UTF-8'), ('SSH_CONNECTION', '10.131.67.141 46114 10.131.142.84 22'), ('XDG_DATA_DIRS', '/usr/local/share:/usr/share:/var/lib/snapd/desktop'), ('PYTHONPATH', '//home/nvidia/f1tenth_ws/install/f1tenth_stack/lib/python3.8/site-packages://home/nvidia/f1tenth_ws/install/vesc_msgs/lib/python3.8/site-packages://home/nvidia/f1tenth_ws/install/joy_teleop/lib/python3.8/site-packages://home/nvidia/f1tenth_ws/install/teleop_tools_msgs/lib/python3.8/site-packages://home/nvidia/f1tenth_ws/install/phasespace/lib/python3.8/site-packages://home/nvidia/f1tenth_ws/install/new_map_saver/lib/python3.8/site-packages://home/nvidia/f1tenth_ws/install/mouse_teleop/lib/python3.8/site-packages://home/nvidia/f1tenth_ws/install/mapping/lib/python3.8/site-packages://home/nvidia/f1tenth_ws/install/key_teleop/lib/python3.8/site-packages://home/nvidia/f1tenth_ws/install/f1tenth_controllers/lib/python3.8/site-packages:/opt/ros/foxy/lib/python3.8/site-packages'), ('COLCON', '1'), ('CMAKE_PREFIX_PATH', '//home/nvidia/f1tenth_ws/install/vesc://home/nvidia/f1tenth_ws/install/vesc_driver://home/nvidia/f1tenth_ws/install/vesc_ackermann://home/nvidia/f1tenth_ws/install/vesc_msgs://home/nvidia/f1tenth_ws/install/teleop_tools://home/nvidia/f1tenth_ws/install/teleop_tools_msgs://home/nvidia/f1tenth_ws/install/pure_pursuit://home/nvidia/f1tenth_ws/install/ackermann_mux://home/nvidia/f1tenth_ws/install/f1tenth_stack://home/nvidia/f1tenth_ws/install/joy_teleop://home/nvidia/f1tenth_ws/install/phasespace://home/nvidia/f1tenth_ws/install/new_map_saver://home/nvidia/f1tenth_ws/install/mouse_teleop://home/nvidia/f1tenth_ws/install/mapping://home/nvidia/f1tenth_ws/install/key_teleop://home/nvidia/f1tenth_ws/install/f1tenth_controllers:/opt/ros/foxy')]), 'shell': False}
[125.356562] (pure_pursuit) StdoutLine: {'line': b'-- Install configuration: ""\n'}
[125.357998] (pure_pursuit) StdoutLine: {'line': b'-- Installing: /home/nvidia/f1tenth_ws/install/pure_pursuit/lib/pure_pursuit/pure_pursuit\n'}
[125.384743] (-) TimerEvent: {}
[125.386594] (pure_pursuit) StdoutLine: {'line': b'-- Set runtime path of "/home/nvidia/f1tenth_ws/install/pure_pursuit/lib/pure_pursuit/pure_pursuit" to ""\n'}
[125.387612] (pure_pursuit) StdoutLine: {'line': b'-- Installing: /home/nvidia/f1tenth_ws/install/pure_pursuit/lib/pure_pursuit/waypoint_visualizer\n'}
[125.397420] (pure_pursuit) StdoutLine: {'line': b'-- Set runtime path of "/home/nvidia/f1tenth_ws/install/pure_pursuit/lib/pure_pursuit/waypoint_visualizer" to ""\n'}
[125.398560] (pure_pursuit) StdoutLine: {'line': b'-- Installing: /home/nvidia/f1tenth_ws/install/pure_pursuit/share/pure_pursuit/launch\n'}
[125.399434] (pure_pursuit) StdoutLine: {'line': b'-- Installing: /home/nvidia/f1tenth_ws/install/pure_pursuit/share/pure_pursuit/launch/pure_pursuit_launch.py\n'}
[125.400052] (pure_pursuit) StdoutLine: {'line': b'-- Installing: /home/nvidia/f1tenth_ws/install/pure_pursuit/share/pure_pursuit/launch/sim_pure_pursuit_launch.py\n'}
[125.400768] (pure_pursuit) StdoutLine: {'line': b'-- Installing: /home/nvidia/f1tenth_ws/install/pure_pursuit/share/pure_pursuit/launch/pure_pursuit.rviz\n'}
[125.401478] (pure_pursuit) StdoutLine: {'line': b'-- Installing: /home/nvidia/f1tenth_ws/install/pure_pursuit/share/pure_pursuit/launch/sim_pure_pursuit.rviz\n'}
[125.402247] (pure_pursuit) StdoutLine: {'line': b'-- Installing: /home/nvidia/f1tenth_ws/install/pure_pursuit/share/pure_pursuit/config\n'}
[125.402884] (pure_pursuit) StdoutLine: {'line': b'-- Installing: /home/nvidia/f1tenth_ws/install/pure_pursuit/share/pure_pursuit/config/config.yaml\n'}
[125.403721] (pure_pursuit) StdoutLine: {'line': b'-- Installing: /home/nvidia/f1tenth_ws/install/pure_pursuit/share/pure_pursuit/config/sim_config.yaml\n'}
[125.405437] (pure_pursuit) StdoutLine: {'line': b'-- Installing: /home/nvidia/f1tenth_ws/install/pure_pursuit/share/ament_index/resource_index/package_run_dependencies/pure_pursuit\n'}
[125.406908] (pure_pursuit) StdoutLine: {'line': b'-- Installing: /home/nvidia/f1tenth_ws/install/pure_pursuit/share/ament_index/resource_index/parent_prefix_path/pure_pursuit\n'}
[125.408306] (pure_pursuit) StdoutLine: {'line': b'-- Installing: /home/nvidia/f1tenth_ws/install/pure_pursuit/share/pure_pursuit/environment/ament_prefix_path.sh\n'}
[125.409410] (pure_pursuit) StdoutLine: {'line': b'-- Installing: /home/nvidia/f1tenth_ws/install/pure_pursuit/share/pure_pursuit/environment/ament_prefix_path.dsv\n'}
[125.410548] (pure_pursuit) StdoutLine: {'line': b'-- Installing: /home/nvidia/f1tenth_ws/install/pure_pursuit/share/pure_pursuit/environment/path.sh\n'}
[125.411703] (pure_pursuit) StdoutLine: {'line': b'-- Installing: /home/nvidia/f1tenth_ws/install/pure_pursuit/share/pure_pursuit/environment/path.dsv\n'}
[125.412768] (pure_pursuit) StdoutLine: {'line': b'-- Installing: /home/nvidia/f1tenth_ws/install/pure_pursuit/share/pure_pursuit/local_setup.bash\n'}
[125.413839] (pure_pursuit) StdoutLine: {'line': b'-- Installing: /home/nvidia/f1tenth_ws/install/pure_pursuit/share/pure_pursuit/local_setup.sh\n'}
[125.414852] (pure_pursuit) StdoutLine: {'line': b'-- Installing: /home/nvidia/f1tenth_ws/install/pure_pursuit/share/pure_pursuit/local_setup.zsh\n'}
[125.416017] (pure_pursuit) StdoutLine: {'line': b'-- Installing: /home/nvidia/f1tenth_ws/install/pure_pursuit/share/pure_pursuit/local_setup.dsv\n'}
[125.417031] (pure_pursuit) StdoutLine: {'line': b'-- Installing: /home/nvidia/f1tenth_ws/install/pure_pursuit/share/pure_pursuit/package.dsv\n'}
[125.418389] (pure_pursuit) StdoutLine: {'line': b'-- Installing: /home/nvidia/f1tenth_ws/install/pure_pursuit/share/ament_index/resource_index/packages/pure_pursuit\n'}
[125.419723] (pure_pursuit) StdoutLine: {'line': b'-- Installing: /home/nvidia/f1tenth_ws/install/pure_pursuit/share/pure_pursuit/cmake/pure_pursuitConfig.cmake\n'}
[125.420538] (pure_pursuit) StdoutLine: {'line': b'-- Installing: /home/nvidia/f1tenth_ws/install/pure_pursuit/share/pure_pursuit/cmake/pure_pursuitConfig-version.cmake\n'}
[125.421551] (pure_pursuit) StdoutLine: {'line': b'-- Installing: /home/nvidia/f1tenth_ws/install/pure_pursuit/share/pure_pursuit/package.xml\n'}
[125.431582] (pure_pursuit) CommandEnded: {'returncode': 0}
[125.485521] (-) TimerEvent: {}
[125.590528] (-) TimerEvent: {}
[125.691660] (-) TimerEvent: {}
[125.702478] (pure_pursuit) JobEnded: {'identifier': 'pure_pursuit', 'rc': 0}
[125.791921] (-) TimerEvent: {}
[125.892929] (-) TimerEvent: {}
[125.994025] (-) TimerEvent: {}
[126.095051] (-) TimerEvent: {}
[126.196058] (-) TimerEvent: {}
[126.297193] (-) TimerEvent: {}
[126.398227] (-) TimerEvent: {}
[126.499295] (-) TimerEvent: {}
[126.600282] (-) TimerEvent: {}
[126.701218] (-) TimerEvent: {}
[126.802290] (-) TimerEvent: {}
[126.903295] (-) TimerEvent: {}
[127.004299] (-) TimerEvent: {}
[127.105402] (-) TimerEvent: {}
[127.206467] (-) TimerEvent: {}
[127.307549] (-) TimerEvent: {}
[127.408563] (-) TimerEvent: {}
[127.509619] (-) TimerEvent: {}
[127.610620] (-) TimerEvent: {}
[127.711705] (-) TimerEvent: {}
[127.812665] (-) TimerEvent: {}
[127.913588] (-) TimerEvent: {}
[128.014591] (-) TimerEvent: {}
[128.115636] (-) TimerEvent: {}
[128.216773] (-) TimerEvent: {}
[128.317764] (-) TimerEvent: {}
[128.418876] (-) TimerEvent: {}
[128.519973] (-) TimerEvent: {}
[128.621059] (-) TimerEvent: {}
[128.722930] (-) TimerEvent: {}
[128.824039] (-) TimerEvent: {}
[128.925184] (-) TimerEvent: {}
[129.026778] (-) TimerEvent: {}
[129.128001] (-) TimerEvent: {}
[129.229129] (-) TimerEvent: {}
[129.330840] (-) TimerEvent: {}
[129.432627] (-) TimerEvent: {}
[129.533790] (-) TimerEvent: {}
[129.582926] (vesc_msgs) StderrLine: {'line': b'make[2]: warning:  Clock skew detected.  Your build may be incomplete.\n'}
[129.634031] (-) TimerEvent: {}
[129.635980] (vesc_msgs) StdoutLine: {'line': b'[ 80%] Built target vesc_msgs__py\n'}
[129.701294] (vesc_msgs) StdoutLine: {'line': b'\x1b[35m\x1b[1mScanning dependencies of target vesc_msgs__python\x1b[0m\n'}
[129.734229] (-) TimerEvent: {}
[129.835419] (-) TimerEvent: {}
[129.837809] (vesc_msgs) StderrLine: {'line': b"make[2]: Warning: File '/opt/ros/foxy/include/rosidl_runtime_c/visibility_control.h' has modification time 738460801 s in the future\n"}
[129.906582] (vesc_msgs) StdoutLine: {'line': b'[ 81%] \x1b[32mBuilding C object CMakeFiles/vesc_msgs__python.dir/rosidl_generator_py/vesc_msgs/msg/_vesc_state_s.c.o\x1b[0m\n'}
[129.909760] (vesc_msgs) StdoutLine: {'line': b'[ 83%] \x1b[32mBuilding C object CMakeFiles/vesc_msgs__python.dir/rosidl_generator_py/vesc_msgs/msg/_vesc_state_stamped_s.c.o\x1b[0m\n'}
[129.935660] (-) TimerEvent: {}
[130.037462] (-) TimerEvent: {}
[130.139358] (-) TimerEvent: {}
[130.241083] (-) TimerEvent: {}
[130.342670] (-) TimerEvent: {}
[130.444541] (-) TimerEvent: {}
[130.546316] (-) TimerEvent: {}
[130.568243] (vesc_msgs) StdoutLine: {'line': b'[ 85%] \x1b[32mBuilding C object CMakeFiles/vesc_msgs__python.dir/rosidl_generator_py/vesc_msgs/msg/_vesc_imu_stamped_s.c.o\x1b[0m\n'}
[130.646630] (-) TimerEvent: {}
[130.713166] (vesc_msgs) StdoutLine: {'line': b'[ 87%] \x1b[32mBuilding C object CMakeFiles/vesc_msgs__python.dir/rosidl_generator_py/vesc_msgs/msg/_vesc_imu_s.c.o\x1b[0m\n'}
[130.746965] (-) TimerEvent: {}
[130.849472] (-) TimerEvent: {}
[130.951401] (-) TimerEvent: {}
[131.053148] (-) TimerEvent: {}
[131.154141] (-) TimerEvent: {}
[131.255245] (-) TimerEvent: {}
[131.330912] (vesc_msgs) StdoutLine: {'line': b'[ 89%] \x1b[32m\x1b[1mLinking C shared library rosidl_generator_py/vesc_msgs/libvesc_msgs__python.so\x1b[0m\n'}
[131.355466] (-) TimerEvent: {}
[131.456580] (-) TimerEvent: {}
[131.557701] (-) TimerEvent: {}
[131.564398] (vesc_msgs) StderrLine: {'line': b'make[2]: warning:  Clock skew detected.  Your build may be incomplete.\n'}
[131.624051] (vesc_msgs) StdoutLine: {'line': b'[ 89%] Built target vesc_msgs__python\n'}
[131.657977] (-) TimerEvent: {}
[131.696039] (vesc_msgs) StdoutLine: {'line': b'\x1b[35m\x1b[1mScanning dependencies of target vesc_msgs__rosidl_typesupport_introspection_c__pyext\x1b[0m\n'}
[131.696952] (vesc_msgs) StdoutLine: {'line': b'\x1b[35m\x1b[1mScanning dependencies of target vesc_msgs__rosidl_typesupport_c__pyext\x1b[0m\n'}
[131.758248] (-) TimerEvent: {}
[131.772773] (vesc_msgs) StderrLine: {'line': b"make[2]: Warning: File '/opt/ros/foxy/include/builtin_interfaces/msg/detail/time__struct.h' has modification time 738470805 s in the future\n"}
[131.779535] (vesc_msgs) StderrLine: {'line': b"make[2]: Warning: File '/opt/ros/foxy/include/builtin_interfaces/msg/detail/time__struct.h' has modification time 738470805 s in the future\n"}
[131.851366] (vesc_msgs) StdoutLine: {'line': b'[ 90%] \x1b[32mBuilding C object CMakeFiles/vesc_msgs__rosidl_typesupport_c__pyext.dir/rosidl_generator_py/vesc_msgs/_vesc_msgs_s.ep.rosidl_typesupport_c.c.o\x1b[0m\n'}
[131.858469] (-) TimerEvent: {}
[131.868438] (vesc_msgs) StdoutLine: {'line': b'[ 92%] \x1b[32mBuilding C object CMakeFiles/vesc_msgs__rosidl_typesupport_introspection_c__pyext.dir/rosidl_generator_py/vesc_msgs/_vesc_msgs_s.ep.rosidl_typesupport_introspection_c.c.o\x1b[0m\n'}
[131.958759] (-) TimerEvent: {}
[132.059948] (-) TimerEvent: {}
[132.160963] (-) TimerEvent: {}
[132.262769] (-) TimerEvent: {}
[132.363939] (-) TimerEvent: {}
[132.455691] (vesc_msgs) StdoutLine: {'line': b'[ 94%] \x1b[32m\x1b[1mLinking C shared library rosidl_generator_py/vesc_msgs/vesc_msgs_s__rosidl_typesupport_c.cpython-38-aarch64-linux-gnu.so\x1b[0m\n'}
[132.464166] (-) TimerEvent: {}
[132.507369] (vesc_msgs) StdoutLine: {'line': b'[ 96%] \x1b[32m\x1b[1mLinking C shared library rosidl_generator_py/vesc_msgs/vesc_msgs_s__rosidl_typesupport_introspection_c.cpython-38-aarch64-linux-gnu.so\x1b[0m\n'}
[132.564442] (-) TimerEvent: {}
[132.658016] (vesc_msgs) StderrLine: {'line': b'make[2]: warning:  Clock skew detected.  Your build may be incomplete.\n'}
[132.664792] (-) TimerEvent: {}
[132.712621] (vesc_msgs) StdoutLine: {'line': b'[ 96%] Built target vesc_msgs__rosidl_typesupport_c__pyext\n'}
[132.726571] (vesc_msgs) StderrLine: {'line': b'make[2]: warning:  Clock skew detected.  Your build may be incomplete.\n'}
[132.765039] (-) TimerEvent: {}
[132.788402] (vesc_msgs) StdoutLine: {'line': b'[ 96%] Built target vesc_msgs__rosidl_typesupport_introspection_c__pyext\n'}
[132.790517] (vesc_msgs) StdoutLine: {'line': b'\x1b[35m\x1b[1mScanning dependencies of target vesc_msgs__rosidl_typesupport_fastrtps_c__pyext\x1b[0m\n'}
[132.865282] (-) TimerEvent: {}
[132.887592] (vesc_msgs) StderrLine: {'line': b"make[2]: Warning: File '/opt/ros/foxy/include/builtin_interfaces/msg/detail/time__struct.h' has modification time 738470804 s in the future\n"}
[132.958331] (vesc_msgs) StdoutLine: {'line': b'[ 98%] \x1b[32mBuilding C object CMakeFiles/vesc_msgs__rosidl_typesupport_fastrtps_c__pyext.dir/rosidl_generator_py/vesc_msgs/_vesc_msgs_s.ep.rosidl_typesupport_fastrtps_c.c.o\x1b[0m\n'}
[132.965544] (-) TimerEvent: {}
[133.067677] (-) TimerEvent: {}
[133.168794] (-) TimerEvent: {}
[133.269831] (-) TimerEvent: {}
[133.371155] (-) TimerEvent: {}
[133.473894] (-) TimerEvent: {}
[133.575969] (-) TimerEvent: {}
[133.678111] (-) TimerEvent: {}
[133.687539] (vesc_msgs) StdoutLine: {'line': b'[100%] \x1b[32m\x1b[1mLinking CXX shared library rosidl_generator_py/vesc_msgs/vesc_msgs_s__rosidl_typesupport_fastrtps_c.cpython-38-aarch64-linux-gnu.so\x1b[0m\n'}
[133.779458] (-) TimerEvent: {}
[133.880538] (-) TimerEvent: {}
[133.981645] (-) TimerEvent: {}
[134.056817] (vesc_msgs) StderrLine: {'line': b'make[2]: warning:  Clock skew detected.  Your build may be incomplete.\n'}
[134.081923] (-) TimerEvent: {}
[134.112819] (vesc_msgs) StdoutLine: {'line': b'[100%] Built target vesc_msgs__rosidl_typesupport_fastrtps_c__pyext\n'}
[134.182151] (-) TimerEvent: {}
[134.189198] (vesc_msgs) CommandEnded: {'returncode': 0}
[134.282877] (-) TimerEvent: {}
[134.385583] (-) TimerEvent: {}
[134.486547] (-) TimerEvent: {}
[134.587786] (-) TimerEvent: {}
[134.688840] (-) TimerEvent: {}
[134.790127] (-) TimerEvent: {}
[134.891058] (-) TimerEvent: {}
[134.975691] (vesc_msgs) JobProgress: {'identifier': 'vesc_msgs', 'progress': 'install'}
[134.978600] (vesc_msgs) Command: {'cmd': ['/usr/bin/cmake', '--install', '/home/nvidia/f1tenth_ws/build/vesc_msgs'], 'cwd': '/home/nvidia/f1tenth_ws/build/vesc_msgs', 'env': OrderedDict([('LESSOPEN', '| /usr/bin/lesspipe %s'), ('USER', 'nvidia'), ('SSH_CLIENT', '10.131.67.141 46114 22'), ('XDG_SESSION_TYPE', 'tty'), ('SHLVL', '1'), ('LD_LIBRARY_PATH', '//home/nvidia/f1tenth_ws/install/vesc_driver/lib://home/nvidia/f1tenth_ws/install/vesc_ackermann/lib://home/nvidia/f1tenth_ws/install/vesc_msgs/lib://home/nvidia/f1tenth_ws/install/teleop_tools_msgs/lib:/usr/lib/aarch64-linux-gnu/gazebo-11/plugins:/opt/ros/foxy/opt/yaml_cpp_vendor/lib:/opt/ros/foxy/opt/rviz_ogre_vendor/lib:/opt/ros/foxy/lib/aarch64-linux-gnu:/opt/ros/foxy/lib:/usr/local/cuda-11.4/lib64:'), ('MOTD_SHOWN', 'pam'), ('HOME', '/home/nvidia'), ('OLDPWD', '/home/nvidia'), ('SSH_TTY', '/dev/pts/4'), ('ROS_PYTHON_VERSION', '3'), ('DBUS_SESSION_BUS_ADDRESS', 'unix:path=/run/user/1000/bus'), ('COLCON_PREFIX_PATH', '//home/nvidia/f1tenth_ws/install'), ('ROS_DISTRO', 'foxy'), ('LOGNAME', 'nvidia'), ('_', '/usr/bin/colcon'), ('ROS_VERSION', '2'), ('XDG_SESSION_CLASS', 'user'), ('TERM', 'xterm-256color'), ('XDG_SESSION_ID', '15'), ('GAZEBO_MODEL_PATH', ':/opt/ros/foxy/share/turtlebot3_gazebo/models'), ('ROS_LOCALHOST_ONLY', '0'), ('PATH', '/home/nvidia/.local/bin:/opt/ros/foxy/bin:/usr/local/cuda-11.4/bin:/usr/local/sbin:/usr/local/bin:/usr/sbin:/usr/bin:/sbin:/bin:/usr/games:/usr/local/games:/snap/bin'), ('XDG_RUNTIME_DIR', '/run/user/1000'), ('LANG', 'en_US.UTF-8'), ('LS_COLORS', 'rs=0:di=01;34:ln=01;36:mh=00:pi=40;33:so=01;35:do=01;35:bd=40;33;01:cd=40;33;01:or=40;31;01:mi=00:su=37;41:sg=30;43:ca=30;41:tw=30;42:ow=34;42:st=37;44:ex=01;32:*.tar=01;31:*.tgz=01;31:*.arc=01;31:*.arj=01;31:*.taz=01;31:*.lha=01;31:*.lz4=01;31:*.lzh=01;31:*.lzma=01;31:*.tlz=01;31:*.txz=01;31:*.tzo=01;31:*.t7z=01;31:*.zip=01;31:*.z=01;31:*.dz=01;31:*.gz=01;31:*.lrz=01;31:*.lz=01;31:*.lzo=01;31:*.xz=01;31:*.zst=01;31:*.tzst=01;31:*.bz2=01;31:*.bz=01;31:*.tbz=01;31:*.tbz2=01;31:*.tz=01;31:*.deb=01;31:*.rpm=01;31:*.jar=01;31:*.war=01;31:*.ear=01;31:*.sar=01;31:*.rar=01;31:*.alz=01;31:*.ace=01;31:*.zoo=01;31:*.cpio=01;31:*.7z=01;31:*.rz=01;31:*.cab=01;31:*.wim=01;31:*.swm=01;31:*.dwm=01;31:*.esd=01;31:*.jpg=01;35:*.jpeg=01;35:*.mjpg=01;35:*.mjpeg=01;35:*.gif=01;35:*.bmp=01;35:*.pbm=01;35:*.pgm=01;35:*.ppm=01;35:*.tga=01;35:*.xbm=01;35:*.xpm=01;35:*.tif=01;35:*.tiff=01;35:*.png=01;35:*.svg=01;35:*.svgz=01;35:*.mng=01;35:*.pcx=01;35:*.mov=01;35:*.mpg=01;35:*.mpeg=01;35:*.m2v=01;35:*.mkv=01;35:*.webm=01;35:*.ogm=01;35:*.mp4=01;35:*.m4v=01;35:*.mp4v=01;35:*.vob=01;35:*.qt=01;35:*.nuv=01;35:*.wmv=01;35:*.asf=01;35:*.rm=01;35:*.rmvb=01;35:*.flc=01;35:*.avi=01;35:*.fli=01;35:*.flv=01;35:*.gl=01;35:*.dl=01;35:*.xcf=01;35:*.xwd=01;35:*.yuv=01;35:*.cgm=01;35:*.emf=01;35:*.ogv=01;35:*.ogx=01;35:*.aac=00;36:*.au=00;36:*.flac=00;36:*.m4a=00;36:*.mid=00;36:*.midi=00;36:*.mka=00;36:*.mp3=00;36:*.mpc=00;36:*.ogg=00;36:*.ra=00;36:*.wav=00;36:*.oga=00;36:*.opus=00;36:*.spx=00;36:*.xspf=00;36:'), ('ROS_DOMAIN_ID', '10'), ('AMENT_PREFIX_PATH', '//home/nvidia/f1tenth_ws/install/f1tenth_stack://home/nvidia/f1tenth_ws/install/vesc://home/nvidia/f1tenth_ws/install/vesc_driver://home/nvidia/f1tenth_ws/install/vesc_ackermann://home/nvidia/f1tenth_ws/install/vesc_msgs://home/nvidia/f1tenth_ws/install/teleop_tools://home/nvidia/f1tenth_ws/install/joy_teleop://home/nvidia/f1tenth_ws/install/teleop_tools_msgs://home/nvidia/f1tenth_ws/install/pure_pursuit://home/nvidia/f1tenth_ws/install/phasespace://home/nvidia/f1tenth_ws/install/new_map_saver://home/nvidia/f1tenth_ws/install/mouse_teleop://home/nvidia/f1tenth_ws/install/mapping://home/nvidia/f1tenth_ws/install/key_teleop://home/nvidia/f1tenth_ws/install/f1tenth_controllers://home/nvidia/f1tenth_ws/install/ackermann_mux:/opt/ros/foxy'), ('SHELL', '/bin/bash'), ('LESSCLOSE', '/usr/bin/lesspipe %s %s'), ('PWD', '/home/nvidia/f1tenth_ws/build/vesc_msgs'), ('TURTLEBOT3_MODEL', 'waffle'), ('LC_ALL', 'en_US.UTF-8'), ('SSH_CONNECTION', '10.131.67.141 46114 10.131.142.84 22'), ('XDG_DATA_DIRS', '/usr/local/share:/usr/share:/var/lib/snapd/desktop'), ('PYTHONPATH', '//home/nvidia/f1tenth_ws/install/f1tenth_stack/lib/python3.8/site-packages://home/nvidia/f1tenth_ws/install/vesc_msgs/lib/python3.8/site-packages://home/nvidia/f1tenth_ws/install/joy_teleop/lib/python3.8/site-packages://home/nvidia/f1tenth_ws/install/teleop_tools_msgs/lib/python3.8/site-packages://home/nvidia/f1tenth_ws/install/phasespace/lib/python3.8/site-packages://home/nvidia/f1tenth_ws/install/new_map_saver/lib/python3.8/site-packages://home/nvidia/f1tenth_ws/install/mouse_teleop/lib/python3.8/site-packages://home/nvidia/f1tenth_ws/install/mapping/lib/python3.8/site-packages://home/nvidia/f1tenth_ws/install/key_teleop/lib/python3.8/site-packages://home/nvidia/f1tenth_ws/install/f1tenth_controllers/lib/python3.8/site-packages:/opt/ros/foxy/lib/python3.8/site-packages'), ('COLCON', '1'), ('CMAKE_PREFIX_PATH', '//home/nvidia/f1tenth_ws/install/vesc://home/nvidia/f1tenth_ws/install/vesc_driver://home/nvidia/f1tenth_ws/install/vesc_ackermann://home/nvidia/f1tenth_ws/install/vesc_msgs://home/nvidia/f1tenth_ws/install/teleop_tools://home/nvidia/f1tenth_ws/install/teleop_tools_msgs://home/nvidia/f1tenth_ws/install/pure_pursuit://home/nvidia/f1tenth_ws/install/ackermann_mux://home/nvidia/f1tenth_ws/install/f1tenth_stack://home/nvidia/f1tenth_ws/install/joy_teleop://home/nvidia/f1tenth_ws/install/phasespace://home/nvidia/f1tenth_ws/install/new_map_saver://home/nvidia/f1tenth_ws/install/mouse_teleop://home/nvidia/f1tenth_ws/install/mapping://home/nvidia/f1tenth_ws/install/key_teleop://home/nvidia/f1tenth_ws/install/f1tenth_controllers:/opt/ros/foxy')]), 'shell': False}
[134.996545] (-) TimerEvent: {}
[135.050941] (vesc_msgs) StdoutLine: {'line': b'-- Install configuration: ""\n'}
[135.052321] (vesc_msgs) StdoutLine: {'line': b'-- Installing: /home/nvidia/f1tenth_ws/install/vesc_msgs/share/ament_index/resource_index/rosidl_interfaces/vesc_msgs\n'}
[135.053634] (vesc_msgs) StdoutLine: {'line': b'-- Installing: /home/nvidia/f1tenth_ws/install/vesc_msgs/include/vesc_msgs\n'}
[135.054437] (vesc_msgs) StdoutLine: {'line': b'-- Installing: /home/nvidia/f1tenth_ws/install/vesc_msgs/include/vesc_msgs/msg\n'}
[135.055288] (vesc_msgs) StdoutLine: {'line': b'-- Installing: /home/nvidia/f1tenth_ws/install/vesc_msgs/include/vesc_msgs/msg/vesc_imu.h\n'}
[135.056028] (vesc_msgs) StdoutLine: {'line': b'-- Installing: /home/nvidia/f1tenth_ws/install/vesc_msgs/include/vesc_msgs/msg/vesc_state_stamped.h\n'}
[135.056723] (vesc_msgs) StdoutLine: {'line': b'-- Installing: /home/nvidia/f1tenth_ws/install/vesc_msgs/include/vesc_msgs/msg/detail\n'}
[135.057446] (vesc_msgs) StdoutLine: {'line': b'-- Installing: /home/nvidia/f1tenth_ws/install/vesc_msgs/include/vesc_msgs/msg/detail/vesc_imu_stamped__functions.c\n'}
[135.058199] (vesc_msgs) StdoutLine: {'line': b'-- Installing: /home/nvidia/f1tenth_ws/install/vesc_msgs/include/vesc_msgs/msg/detail/vesc_state__functions.c\n'}
[135.059063] (vesc_msgs) StdoutLine: {'line': b'-- Installing: /home/nvidia/f1tenth_ws/install/vesc_msgs/include/vesc_msgs/msg/detail/vesc_imu__type_support.h\n'}
[135.059901] (vesc_msgs) StdoutLine: {'line': b'-- Installing: /home/nvidia/f1tenth_ws/install/vesc_msgs/include/vesc_msgs/msg/detail/vesc_imu_stamped__functions.h\n'}
[135.066597] (vesc_msgs) StdoutLine: {'line': b'-- Installing: /home/nvidia/f1tenth_ws/install/vesc_msgs/include/vesc_msgs/msg/detail/vesc_state__struct.h\n'}
[135.067650] (vesc_msgs) StdoutLine: {'line': b'-- Installing: /home/nvidia/f1tenth_ws/install/vesc_msgs/include/vesc_msgs/msg/detail/vesc_imu__functions.h\n'}
[135.068470] (vesc_msgs) StdoutLine: {'line': b'-- Installing: /home/nvidia/f1tenth_ws/install/vesc_msgs/include/vesc_msgs/msg/detail/vesc_state__functions.h\n'}
[135.070636] (vesc_msgs) StdoutLine: {'line': b'-- Installing: /home/nvidia/f1tenth_ws/install/vesc_msgs/include/vesc_msgs/msg/detail/vesc_state_stamped__functions.h\n'}
[135.071748] (vesc_msgs) StdoutLine: {'line': b'-- Installing: /home/nvidia/f1tenth_ws/install/vesc_msgs/include/vesc_msgs/msg/detail/vesc_imu_stamped__type_support.h\n'}
[135.072508] (vesc_msgs) StdoutLine: {'line': b'-- Installing: /home/nvidia/f1tenth_ws/install/vesc_msgs/include/vesc_msgs/msg/detail/vesc_imu__struct.h\n'}
[135.073257] (vesc_msgs) StdoutLine: {'line': b'-- Installing: /home/nvidia/f1tenth_ws/install/vesc_msgs/include/vesc_msgs/msg/detail/vesc_state_stamped__type_support.h\n'}
[135.074190] (vesc_msgs) StdoutLine: {'line': b'-- Installing: /home/nvidia/f1tenth_ws/install/vesc_msgs/include/vesc_msgs/msg/detail/vesc_imu_stamped__struct.h\n'}
[135.074955] (vesc_msgs) StdoutLine: {'line': b'-- Installing: /home/nvidia/f1tenth_ws/install/vesc_msgs/include/vesc_msgs/msg/detail/vesc_state__type_support.h\n'}
[135.075977] (vesc_msgs) StdoutLine: {'line': b'-- Installing: /home/nvidia/f1tenth_ws/install/vesc_msgs/include/vesc_msgs/msg/detail/vesc_state_stamped__struct.h\n'}
[135.076938] (vesc_msgs) StdoutLine: {'line': b'-- Installing: /home/nvidia/f1tenth_ws/install/vesc_msgs/include/vesc_msgs/msg/detail/vesc_state_stamped__functions.c\n'}
[135.077933] (vesc_msgs) StdoutLine: {'line': b'-- Installing: /home/nvidia/f1tenth_ws/install/vesc_msgs/include/vesc_msgs/msg/detail/vesc_imu__functions.c\n'}
[135.078981] (vesc_msgs) StdoutLine: {'line': b'-- Installing: /home/nvidia/f1tenth_ws/install/vesc_msgs/include/vesc_msgs/msg/vesc_state.h\n'}
[135.079942] (vesc_msgs) StdoutLine: {'line': b'-- Installing: /home/nvidia/f1tenth_ws/install/vesc_msgs/include/vesc_msgs/msg/rosidl_generator_c__visibility_control.h\n'}
[135.080751] (vesc_msgs) StdoutLine: {'line': b'-- Installing: /home/nvidia/f1tenth_ws/install/vesc_msgs/include/vesc_msgs/msg/vesc_imu_stamped.h\n'}
[135.082395] (vesc_msgs) StdoutLine: {'line': b'-- Installing: /home/nvidia/f1tenth_ws/install/vesc_msgs/share/vesc_msgs/environment/library_path.sh\n'}
[135.083733] (vesc_msgs) StdoutLine: {'line': b'-- Installing: /home/nvidia/f1tenth_ws/install/vesc_msgs/share/vesc_msgs/environment/library_path.dsv\n'}
[135.085394] (vesc_msgs) StdoutLine: {'line': b'-- Installing: /home/nvidia/f1tenth_ws/install/vesc_msgs/lib/libvesc_msgs__rosidl_generator_c.so\n'}
[135.090209] (vesc_msgs) StdoutLine: {'line': b'-- Set runtime path of "/home/nvidia/f1tenth_ws/install/vesc_msgs/lib/libvesc_msgs__rosidl_generator_c.so" to ""\n'}
[135.091409] (vesc_msgs) StdoutLine: {'line': b'-- Up-to-date: /home/nvidia/f1tenth_ws/install/vesc_msgs/include/vesc_msgs\n'}
[135.092351] (vesc_msgs) StdoutLine: {'line': b'-- Up-to-date: /home/nvidia/f1tenth_ws/install/vesc_msgs/include/vesc_msgs/msg\n'}
[135.092891] (vesc_msgs) StdoutLine: {'line': b'-- Up-to-date: /home/nvidia/f1tenth_ws/install/vesc_msgs/include/vesc_msgs/msg/detail\n'}
[135.093741] (vesc_msgs) StdoutLine: {'line': b'-- Installing: /home/nvidia/f1tenth_ws/install/vesc_msgs/include/vesc_msgs/msg/detail/vesc_imu__rosidl_typesupport_fastrtps_c.h\n'}
[135.094435] (vesc_msgs) StdoutLine: {'line': b'-- Installing: /home/nvidia/f1tenth_ws/install/vesc_msgs/include/vesc_msgs/msg/detail/vesc_state_stamped__rosidl_typesupport_fastrtps_c.h\n'}
[135.095497] (vesc_msgs) StdoutLine: {'line': b'-- Installing: /home/nvidia/f1tenth_ws/install/vesc_msgs/include/vesc_msgs/msg/detail/vesc_imu_stamped__rosidl_typesupport_fastrtps_c.h\n'}
[135.096103] (vesc_msgs) StdoutLine: {'line': b'-- Installing: /home/nvidia/f1tenth_ws/install/vesc_msgs/include/vesc_msgs/msg/detail/vesc_state__rosidl_typesupport_fastrtps_c.h\n'}
[135.096770] (-) TimerEvent: {}
[135.097281] (vesc_msgs) StdoutLine: {'line': b'-- Installing: /home/nvidia/f1tenth_ws/install/vesc_msgs/include/vesc_msgs/msg/rosidl_typesupport_fastrtps_c__visibility_control.h\n'}
[135.097996] (vesc_msgs) StdoutLine: {'line': b'-- Installing: /home/nvidia/f1tenth_ws/install/vesc_msgs/lib/libvesc_msgs__rosidl_typesupport_fastrtps_c.so\n'}
[135.102211] (vesc_msgs) StdoutLine: {'line': b'-- Set runtime path of "/home/nvidia/f1tenth_ws/install/vesc_msgs/lib/libvesc_msgs__rosidl_typesupport_fastrtps_c.so" to ""\n'}
[135.103303] (vesc_msgs) StdoutLine: {'line': b'-- Up-to-date: /home/nvidia/f1tenth_ws/install/vesc_msgs/include/vesc_msgs\n'}
[135.105275] (vesc_msgs) StdoutLine: {'line': b'-- Up-to-date: /home/nvidia/f1tenth_ws/install/vesc_msgs/include/vesc_msgs/msg\n'}
[135.106606] (vesc_msgs) StdoutLine: {'line': b'-- Installing: /home/nvidia/f1tenth_ws/install/vesc_msgs/include/vesc_msgs/msg/rosidl_typesupport_fastrtps_cpp__visibility_control.h\n'}
[135.107079] (vesc_msgs) StdoutLine: {'line': b'-- Up-to-date: /home/nvidia/f1tenth_ws/install/vesc_msgs/include/vesc_msgs/msg/detail\n'}
[135.107659] (vesc_msgs) StdoutLine: {'line': b'-- Installing: /home/nvidia/f1tenth_ws/install/vesc_msgs/include/vesc_msgs/msg/detail/vesc_imu__rosidl_typesupport_fastrtps_cpp.hpp\n'}
[135.108482] (vesc_msgs) StdoutLine: {'line': b'-- Installing: /home/nvidia/f1tenth_ws/install/vesc_msgs/include/vesc_msgs/msg/detail/vesc_imu_stamped__rosidl_typesupport_fastrtps_cpp.hpp\n'}
[135.109145] (vesc_msgs) StdoutLine: {'line': b'-- Installing: /home/nvidia/f1tenth_ws/install/vesc_msgs/include/vesc_msgs/msg/detail/vesc_state__rosidl_typesupport_fastrtps_cpp.hpp\n'}
[135.109799] (vesc_msgs) StdoutLine: {'line': b'-- Installing: /home/nvidia/f1tenth_ws/install/vesc_msgs/include/vesc_msgs/msg/detail/dds_fastrtps\n'}
[135.110283] (vesc_msgs) StdoutLine: {'line': b'-- Installing: /home/nvidia/f1tenth_ws/install/vesc_msgs/include/vesc_msgs/msg/detail/vesc_state_stamped__rosidl_typesupport_fastrtps_cpp.hpp\n'}
[135.110984] (vesc_msgs) StdoutLine: {'line': b'-- Installing: /home/nvidia/f1tenth_ws/install/vesc_msgs/lib/libvesc_msgs__rosidl_typesupport_fastrtps_cpp.so\n'}
[135.115449] (vesc_msgs) StdoutLine: {'line': b'-- Set runtime path of "/home/nvidia/f1tenth_ws/install/vesc_msgs/lib/libvesc_msgs__rosidl_typesupport_fastrtps_cpp.so" to ""\n'}
[135.116294] (vesc_msgs) StdoutLine: {'line': b'-- Up-to-date: /home/nvidia/f1tenth_ws/install/vesc_msgs/include/vesc_msgs\n'}
[135.117149] (vesc_msgs) StdoutLine: {'line': b'-- Up-to-date: /home/nvidia/f1tenth_ws/install/vesc_msgs/include/vesc_msgs/msg\n'}
[135.117597] (vesc_msgs) StdoutLine: {'line': b'-- Up-to-date: /home/nvidia/f1tenth_ws/install/vesc_msgs/include/vesc_msgs/msg/detail\n'}
[135.118288] (vesc_msgs) StdoutLine: {'line': b'-- Installing: /home/nvidia/f1tenth_ws/install/vesc_msgs/include/vesc_msgs/msg/detail/vesc_state__rosidl_typesupport_introspection_c.h\n'}
[135.118895] (vesc_msgs) StdoutLine: {'line': b'-- Installing: /home/nvidia/f1tenth_ws/install/vesc_msgs/include/vesc_msgs/msg/detail/vesc_imu__rosidl_typesupport_introspection_c.h\n'}
[135.119515] (vesc_msgs) StdoutLine: {'line': b'-- Installing: /home/nvidia/f1tenth_ws/install/vesc_msgs/include/vesc_msgs/msg/detail/vesc_imu_stamped__type_support.c\n'}
[135.120214] (vesc_msgs) StdoutLine: {'line': b'-- Installing: /home/nvidia/f1tenth_ws/install/vesc_msgs/include/vesc_msgs/msg/detail/vesc_state__type_support.c\n'}
[135.121261] (vesc_msgs) StdoutLine: {'line': b'-- Installing: /home/nvidia/f1tenth_ws/install/vesc_msgs/include/vesc_msgs/msg/detail/vesc_imu_stamped__rosidl_typesupport_introspection_c.h\n'}
[135.122847] (vesc_msgs) StdoutLine: {'line': b'-- Installing: /home/nvidia/f1tenth_ws/install/vesc_msgs/include/vesc_msgs/msg/detail/vesc_imu__type_support.c\n'}
[135.124078] (vesc_msgs) StdoutLine: {'line': b'-- Installing: /home/nvidia/f1tenth_ws/install/vesc_msgs/include/vesc_msgs/msg/detail/vesc_state_stamped__rosidl_typesupport_introspection_c.h\n'}
[135.124918] (vesc_msgs) StdoutLine: {'line': b'-- Installing: /home/nvidia/f1tenth_ws/install/vesc_msgs/include/vesc_msgs/msg/detail/vesc_state_stamped__type_support.c\n'}
[135.126170] (vesc_msgs) StdoutLine: {'line': b'-- Installing: /home/nvidia/f1tenth_ws/install/vesc_msgs/include/vesc_msgs/msg/rosidl_typesupport_introspection_c__visibility_control.h\n'}
[135.127306] (vesc_msgs) StdoutLine: {'line': b'-- Installing: /home/nvidia/f1tenth_ws/install/vesc_msgs/lib/libvesc_msgs__rosidl_typesupport_introspection_c.so\n'}
[135.131283] (vesc_msgs) StdoutLine: {'line': b'-- Set runtime path of "/home/nvidia/f1tenth_ws/install/vesc_msgs/lib/libvesc_msgs__rosidl_typesupport_introspection_c.so" to ""\n'}
[135.132253] (vesc_msgs) StdoutLine: {'line': b'-- Installing: /home/nvidia/f1tenth_ws/install/vesc_msgs/lib/libvesc_msgs__rosidl_typesupport_c.so\n'}
[135.136130] (vesc_msgs) StdoutLine: {'line': b'-- Set runtime path of "/home/nvidia/f1tenth_ws/install/vesc_msgs/lib/libvesc_msgs__rosidl_typesupport_c.so" to ""\n'}
[135.137196] (vesc_msgs) StdoutLine: {'line': b'-- Up-to-date: /home/nvidia/f1tenth_ws/install/vesc_msgs/include/vesc_msgs\n'}
[135.137845] (vesc_msgs) StdoutLine: {'line': b'-- Up-to-date: /home/nvidia/f1tenth_ws/install/vesc_msgs/include/vesc_msgs/msg\n'}
[135.138458] (vesc_msgs) StdoutLine: {'line': b'-- Installing: /home/nvidia/f1tenth_ws/install/vesc_msgs/include/vesc_msgs/msg/vesc_imu.hpp\n'}
[135.138937] (vesc_msgs) StdoutLine: {'line': b'-- Up-to-date: /home/nvidia/f1tenth_ws/install/vesc_msgs/include/vesc_msgs/msg/detail\n'}
[135.139681] (vesc_msgs) StdoutLine: {'line': b'-- Installing: /home/nvidia/f1tenth_ws/install/vesc_msgs/include/vesc_msgs/msg/detail/vesc_imu__struct.hpp\n'}
[135.140414] (vesc_msgs) StdoutLine: {'line': b'-- Installing: /home/nvidia/f1tenth_ws/install/vesc_msgs/include/vesc_msgs/msg/detail/vesc_imu__builder.hpp\n'}
[135.141355] (vesc_msgs) StdoutLine: {'line': b'-- Installing: /home/nvidia/f1tenth_ws/install/vesc_msgs/include/vesc_msgs/msg/detail/vesc_state_stamped__type_support.hpp\n'}
[135.142121] (vesc_msgs) StdoutLine: {'line': b'-- Installing: /home/nvidia/f1tenth_ws/install/vesc_msgs/include/vesc_msgs/msg/detail/vesc_imu__traits.hpp\n'}
[135.142988] (vesc_msgs) StdoutLine: {'line': b'-- Installing: /home/nvidia/f1tenth_ws/install/vesc_msgs/include/vesc_msgs/msg/detail/vesc_imu_stamped__traits.hpp\n'}
[135.143868] (vesc_msgs) StdoutLine: {'line': b'-- Installing: /home/nvidia/f1tenth_ws/install/vesc_msgs/include/vesc_msgs/msg/detail/vesc_state_stamped__traits.hpp\n'}
[135.144736] (vesc_msgs) StdoutLine: {'line': b'-- Installing: /home/nvidia/f1tenth_ws/install/vesc_msgs/include/vesc_msgs/msg/detail/vesc_imu_stamped__type_support.hpp\n'}
[135.147700] (vesc_msgs) StdoutLine: {'line': b'-- Installing: /home/nvidia/f1tenth_ws/install/vesc_msgs/include/vesc_msgs/msg/detail/vesc_state_stamped__builder.hpp\n'}
[135.148564] (vesc_msgs) StdoutLine: {'line': b'-- Installing: /home/nvidia/f1tenth_ws/install/vesc_msgs/include/vesc_msgs/msg/detail/vesc_imu_stamped__struct.hpp\n'}
[135.149372] (vesc_msgs) StdoutLine: {'line': b'-- Installing: /home/nvidia/f1tenth_ws/install/vesc_msgs/include/vesc_msgs/msg/detail/vesc_state_stamped__struct.hpp\n'}
[135.149853] (vesc_msgs) StdoutLine: {'line': b'-- Installing: /home/nvidia/f1tenth_ws/install/vesc_msgs/include/vesc_msgs/msg/detail/vesc_state__struct.hpp\n'}
[135.150543] (vesc_msgs) StdoutLine: {'line': b'-- Installing: /home/nvidia/f1tenth_ws/install/vesc_msgs/include/vesc_msgs/msg/detail/vesc_imu_stamped__builder.hpp\n'}
[135.151527] (vesc_msgs) StdoutLine: {'line': b'-- Installing: /home/nvidia/f1tenth_ws/install/vesc_msgs/include/vesc_msgs/msg/detail/vesc_state__type_support.hpp\n'}
[135.152353] (vesc_msgs) StdoutLine: {'line': b'-- Installing: /home/nvidia/f1tenth_ws/install/vesc_msgs/include/vesc_msgs/msg/detail/vesc_state__builder.hpp\n'}
[135.153262] (vesc_msgs) StdoutLine: {'line': b'-- Installing: /home/nvidia/f1tenth_ws/install/vesc_msgs/include/vesc_msgs/msg/detail/vesc_imu__type_support.hpp\n'}
[135.154137] (vesc_msgs) StdoutLine: {'line': b'-- Installing: /home/nvidia/f1tenth_ws/install/vesc_msgs/include/vesc_msgs/msg/detail/vesc_state__traits.hpp\n'}
[135.154933] (vesc_msgs) StdoutLine: {'line': b'-- Installing: /home/nvidia/f1tenth_ws/install/vesc_msgs/include/vesc_msgs/msg/rosidl_generator_cpp__visibility_control.hpp\n'}
[135.155900] (vesc_msgs) StdoutLine: {'line': b'-- Installing: /home/nvidia/f1tenth_ws/install/vesc_msgs/include/vesc_msgs/msg/vesc_state_stamped.hpp\n'}
[135.156624] (vesc_msgs) StdoutLine: {'line': b'-- Installing: /home/nvidia/f1tenth_ws/install/vesc_msgs/include/vesc_msgs/msg/vesc_imu_stamped.hpp\n'}
[135.157394] (vesc_msgs) StdoutLine: {'line': b'-- Installing: /home/nvidia/f1tenth_ws/install/vesc_msgs/include/vesc_msgs/msg/vesc_state.hpp\n'}
[135.158671] (vesc_msgs) StdoutLine: {'line': b'-- Up-to-date: /home/nvidia/f1tenth_ws/install/vesc_msgs/include/vesc_msgs\n'}
[135.159817] (vesc_msgs) StdoutLine: {'line': b'-- Up-to-date: /home/nvidia/f1tenth_ws/install/vesc_msgs/include/vesc_msgs/msg\n'}
[135.160244] (vesc_msgs) StdoutLine: {'line': b'-- Up-to-date: /home/nvidia/f1tenth_ws/install/vesc_msgs/include/vesc_msgs/msg/detail\n'}
[135.160844] (vesc_msgs) StdoutLine: {'line': b'-- Installing: /home/nvidia/f1tenth_ws/install/vesc_msgs/include/vesc_msgs/msg/detail/vesc_imu_stamped__type_support.cpp\n'}
[135.162303] (vesc_msgs) StdoutLine: {'line': b'-- Installing: /home/nvidia/f1tenth_ws/install/vesc_msgs/include/vesc_msgs/msg/detail/vesc_state__rosidl_typesupport_introspection_cpp.hpp\n'}
[135.162888] (vesc_msgs) StdoutLine: {'line': b'-- Installing: /home/nvidia/f1tenth_ws/install/vesc_msgs/include/vesc_msgs/msg/detail/vesc_imu_stamped__rosidl_typesupport_introspection_cpp.hpp\n'}
[135.163940] (vesc_msgs) StdoutLine: {'line': b'-- Installing: /home/nvidia/f1tenth_ws/install/vesc_msgs/include/vesc_msgs/msg/detail/vesc_state__type_support.cpp\n'}
[135.164605] (vesc_msgs) StdoutLine: {'line': b'-- Installing: /home/nvidia/f1tenth_ws/install/vesc_msgs/include/vesc_msgs/msg/detail/vesc_imu__rosidl_typesupport_introspection_cpp.hpp\n'}
[135.165338] (vesc_msgs) StdoutLine: {'line': b'-- Installing: /home/nvidia/f1tenth_ws/install/vesc_msgs/include/vesc_msgs/msg/detail/vesc_state_stamped__type_support.cpp\n'}
[135.165764] (vesc_msgs) StdoutLine: {'line': b'-- Installing: /home/nvidia/f1tenth_ws/install/vesc_msgs/include/vesc_msgs/msg/detail/vesc_state_stamped__rosidl_typesupport_introspection_cpp.hpp\n'}
[135.166492] (vesc_msgs) StdoutLine: {'line': b'-- Installing: /home/nvidia/f1tenth_ws/install/vesc_msgs/include/vesc_msgs/msg/detail/vesc_imu__type_support.cpp\n'}
[135.167855] (vesc_msgs) StdoutLine: {'line': b'-- Installing: /home/nvidia/f1tenth_ws/install/vesc_msgs/lib/libvesc_msgs__rosidl_typesupport_introspection_cpp.so\n'}
[135.172498] (vesc_msgs) StdoutLine: {'line': b'-- Set runtime path of "/home/nvidia/f1tenth_ws/install/vesc_msgs/lib/libvesc_msgs__rosidl_typesupport_introspection_cpp.so" to ""\n'}
[135.173634] (vesc_msgs) StdoutLine: {'line': b'-- Installing: /home/nvidia/f1tenth_ws/install/vesc_msgs/lib/libvesc_msgs__rosidl_typesupport_cpp.so\n'}
[135.177140] (vesc_msgs) StdoutLine: {'line': b'-- Set runtime path of "/home/nvidia/f1tenth_ws/install/vesc_msgs/lib/libvesc_msgs__rosidl_typesupport_cpp.so" to ""\n'}
[135.178177] (vesc_msgs) StdoutLine: {'line': b'-- Installing: /home/nvidia/f1tenth_ws/install/vesc_msgs/share/vesc_msgs/environment/pythonpath.sh\n'}
[135.179204] (vesc_msgs) StdoutLine: {'line': b'-- Installing: /home/nvidia/f1tenth_ws/install/vesc_msgs/share/vesc_msgs/environment/pythonpath.dsv\n'}
[135.182001] (vesc_msgs) StdoutLine: {'line': b'-- Installing: /home/nvidia/f1tenth_ws/install/vesc_msgs/lib/python3.8/site-packages/vesc_msgs/__init__.py\n'}
[135.197114] (-) TimerEvent: {}
[135.298178] (-) TimerEvent: {}
[135.398751] (vesc_msgs) StdoutLine: {'line': b"Compiling '/home/nvidia/f1tenth_ws/install/vesc_msgs/lib/python3.8/site-packages/vesc_msgs/__init__.py'...\n"}
[135.399661] (-) TimerEvent: {}
[135.420849] (vesc_msgs) StdoutLine: {'line': b'-- Installing: /home/nvidia/f1tenth_ws/install/vesc_msgs/lib/python3.8/site-packages/vesc_msgs/msg\n'}
[135.423499] (vesc_msgs) StdoutLine: {'line': b'-- Installing: /home/nvidia/f1tenth_ws/install/vesc_msgs/lib/python3.8/site-packages/vesc_msgs/msg/_vesc_state_stamped.py\n'}
[135.424121] (vesc_msgs) StdoutLine: {'line': b'-- Installing: /home/nvidia/f1tenth_ws/install/vesc_msgs/lib/python3.8/site-packages/vesc_msgs/msg/_vesc_state_s.c\n'}
[135.424830] (vesc_msgs) StdoutLine: {'line': b'-- Installing: /home/nvidia/f1tenth_ws/install/vesc_msgs/lib/python3.8/site-packages/vesc_msgs/msg/__init__.py\n'}
[135.426643] (vesc_msgs) StdoutLine: {'line': b'-- Installing: /home/nvidia/f1tenth_ws/install/vesc_msgs/lib/python3.8/site-packages/vesc_msgs/msg/_vesc_state_stamped_s.c\n'}
[135.427815] (vesc_msgs) StdoutLine: {'line': b'-- Installing: /home/nvidia/f1tenth_ws/install/vesc_msgs/lib/python3.8/site-packages/vesc_msgs/msg/_vesc_imu.py\n'}
[135.428842] (vesc_msgs) StdoutLine: {'line': b'-- Installing: /home/nvidia/f1tenth_ws/install/vesc_msgs/lib/python3.8/site-packages/vesc_msgs/msg/_vesc_imu_stamped.py\n'}
[135.429620] (vesc_msgs) StdoutLine: {'line': b'-- Installing: /home/nvidia/f1tenth_ws/install/vesc_msgs/lib/python3.8/site-packages/vesc_msgs/msg/_vesc_state.py\n'}
[135.430767] (vesc_msgs) StdoutLine: {'line': b'-- Installing: /home/nvidia/f1tenth_ws/install/vesc_msgs/lib/python3.8/site-packages/vesc_msgs/msg/_vesc_imu_stamped_s.c\n'}
[135.431836] (vesc_msgs) StdoutLine: {'line': b'-- Installing: /home/nvidia/f1tenth_ws/install/vesc_msgs/lib/python3.8/site-packages/vesc_msgs/msg/_vesc_imu_s.c\n'}
[135.433816] (vesc_msgs) StdoutLine: {'line': b'-- Installing: /home/nvidia/f1tenth_ws/install/vesc_msgs/lib/python3.8/site-packages/vesc_msgs/vesc_msgs_s__rosidl_typesupport_fastrtps_c.cpython-38-aarch64-linux-gnu.so\n'}
[135.437721] (vesc_msgs) StdoutLine: {'line': b'-- Set runtime path of "/home/nvidia/f1tenth_ws/install/vesc_msgs/lib/python3.8/site-packages/vesc_msgs/vesc_msgs_s__rosidl_typesupport_fastrtps_c.cpython-38-aarch64-linux-gnu.so" to ""\n'}
[135.438737] (vesc_msgs) StdoutLine: {'line': b'-- Installing: /home/nvidia/f1tenth_ws/install/vesc_msgs/lib/python3.8/site-packages/vesc_msgs/vesc_msgs_s__rosidl_typesupport_introspection_c.cpython-38-aarch64-linux-gnu.so\n'}
[135.442820] (vesc_msgs) StdoutLine: {'line': b'-- Set runtime path of "/home/nvidia/f1tenth_ws/install/vesc_msgs/lib/python3.8/site-packages/vesc_msgs/vesc_msgs_s__rosidl_typesupport_introspection_c.cpython-38-aarch64-linux-gnu.so" to ""\n'}
[135.445055] (vesc_msgs) StdoutLine: {'line': b'-- Installing: /home/nvidia/f1tenth_ws/install/vesc_msgs/lib/python3.8/site-packages/vesc_msgs/vesc_msgs_s__rosidl_typesupport_c.cpython-38-aarch64-linux-gnu.so\n'}
[135.453027] (vesc_msgs) StdoutLine: {'line': b'-- Set runtime path of "/home/nvidia/f1tenth_ws/install/vesc_msgs/lib/python3.8/site-packages/vesc_msgs/vesc_msgs_s__rosidl_typesupport_c.cpython-38-aarch64-linux-gnu.so" to ""\n'}
[135.455745] (vesc_msgs) StdoutLine: {'line': b'-- Installing: /home/nvidia/f1tenth_ws/install/vesc_msgs/lib/libvesc_msgs__python.so\n'}
[135.457308] (vesc_msgs) StdoutLine: {'line': b'-- Set runtime path of "/home/nvidia/f1tenth_ws/install/vesc_msgs/lib/libvesc_msgs__python.so" to ""\n'}
[135.459034] (vesc_msgs) StdoutLine: {'line': b'-- Installing: /home/nvidia/f1tenth_ws/install/vesc_msgs/share/vesc_msgs/msg/VescState.idl\n'}
[135.459636] (vesc_msgs) StdoutLine: {'line': b'-- Installing: /home/nvidia/f1tenth_ws/install/vesc_msgs/share/vesc_msgs/msg/VescStateStamped.idl\n'}
[135.462492] (vesc_msgs) StdoutLine: {'line': b'-- Installing: /home/nvidia/f1tenth_ws/install/vesc_msgs/share/vesc_msgs/msg/VescImu.idl\n'}
[135.463490] (vesc_msgs) StdoutLine: {'line': b'-- Installing: /home/nvidia/f1tenth_ws/install/vesc_msgs/share/vesc_msgs/msg/VescImuStamped.idl\n'}
[135.464380] (vesc_msgs) StdoutLine: {'line': b'-- Installing: /home/nvidia/f1tenth_ws/install/vesc_msgs/share/vesc_msgs/msg/VescState.msg\n'}
[135.464861] (vesc_msgs) StdoutLine: {'line': b'-- Installing: /home/nvidia/f1tenth_ws/install/vesc_msgs/share/vesc_msgs/msg/VescStateStamped.msg\n'}
[135.466801] (vesc_msgs) StdoutLine: {'line': b'-- Installing: /home/nvidia/f1tenth_ws/install/vesc_msgs/share/vesc_msgs/msg/VescImu.msg\n'}
[135.468474] (vesc_msgs) StdoutLine: {'line': b'-- Installing: /home/nvidia/f1tenth_ws/install/vesc_msgs/share/vesc_msgs/msg/VescImuStamped.msg\n'}
[135.470480] (vesc_msgs) StdoutLine: {'line': b'-- Installing: /home/nvidia/f1tenth_ws/install/vesc_msgs/share/ament_index/resource_index/package_run_dependencies/vesc_msgs\n'}
[135.472052] (vesc_msgs) StdoutLine: {'line': b'-- Installing: /home/nvidia/f1tenth_ws/install/vesc_msgs/share/ament_index/resource_index/parent_prefix_path/vesc_msgs\n'}
[135.473338] (vesc_msgs) StdoutLine: {'line': b'-- Installing: /home/nvidia/f1tenth_ws/install/vesc_msgs/share/vesc_msgs/environment/ament_prefix_path.sh\n'}
[135.474373] (vesc_msgs) StdoutLine: {'line': b'-- Installing: /home/nvidia/f1tenth_ws/install/vesc_msgs/share/vesc_msgs/environment/ament_prefix_path.dsv\n'}
[135.477477] (vesc_msgs) StdoutLine: {'line': b'-- Installing: /home/nvidia/f1tenth_ws/install/vesc_msgs/share/vesc_msgs/environment/path.sh\n'}
[135.479718] (vesc_msgs) StdoutLine: {'line': b'-- Installing: /home/nvidia/f1tenth_ws/install/vesc_msgs/share/vesc_msgs/environment/path.dsv\n'}
[135.480290] (vesc_msgs) StdoutLine: {'line': b'-- Installing: /home/nvidia/f1tenth_ws/install/vesc_msgs/share/vesc_msgs/local_setup.bash\n'}
[135.480744] (vesc_msgs) StdoutLine: {'line': b'-- Installing: /home/nvidia/f1tenth_ws/install/vesc_msgs/share/vesc_msgs/local_setup.sh\n'}
[135.484854] (vesc_msgs) StdoutLine: {'line': b'-- Installing: /home/nvidia/f1tenth_ws/install/vesc_msgs/share/vesc_msgs/local_setup.zsh\n'}
[135.485622] (vesc_msgs) StdoutLine: {'line': b'-- Installing: /home/nvidia/f1tenth_ws/install/vesc_msgs/share/vesc_msgs/local_setup.dsv\n'}
[135.486071] (vesc_msgs) StdoutLine: {'line': b'-- Installing: /home/nvidia/f1tenth_ws/install/vesc_msgs/share/vesc_msgs/package.dsv\n'}
[135.486491] (vesc_msgs) StdoutLine: {'line': b'-- Installing: /home/nvidia/f1tenth_ws/install/vesc_msgs/share/ament_index/resource_index/packages/vesc_msgs\n'}
[135.489494] (vesc_msgs) StdoutLine: {'line': b'-- Installing: /home/nvidia/f1tenth_ws/install/vesc_msgs/share/vesc_msgs/cmake/vesc_msgs__rosidl_generator_cExport.cmake\n'}
[135.491328] (vesc_msgs) StdoutLine: {'line': b'-- Installing: /home/nvidia/f1tenth_ws/install/vesc_msgs/share/vesc_msgs/cmake/vesc_msgs__rosidl_generator_cExport-noconfig.cmake\n'}
[135.493073] (vesc_msgs) StdoutLine: {'line': b'-- Installing: /home/nvidia/f1tenth_ws/install/vesc_msgs/share/vesc_msgs/cmake/vesc_msgs__rosidl_typesupport_introspection_cExport.cmake\n'}
[135.495322] (vesc_msgs) StdoutLine: {'line': b'-- Installing: /home/nvidia/f1tenth_ws/install/vesc_msgs/share/vesc_msgs/cmake/vesc_msgs__rosidl_typesupport_introspection_cExport-noconfig.cmake\n'}
[135.497014] (vesc_msgs) StdoutLine: {'line': b'-- Installing: /home/nvidia/f1tenth_ws/install/vesc_msgs/share/vesc_msgs/cmake/vesc_msgs__rosidl_typesupport_cExport.cmake\n'}
[135.498619] (vesc_msgs) StdoutLine: {'line': b'-- Installing: /home/nvidia/f1tenth_ws/install/vesc_msgs/share/vesc_msgs/cmake/vesc_msgs__rosidl_typesupport_cExport-noconfig.cmake\n'}
[135.500102] (-) TimerEvent: {}
[135.501261] (vesc_msgs) StdoutLine: {'line': b'-- Installing: /home/nvidia/f1tenth_ws/install/vesc_msgs/share/vesc_msgs/cmake/vesc_msgs__rosidl_generator_cppExport.cmake\n'}
[135.503661] (vesc_msgs) StdoutLine: {'line': b'-- Installing: /home/nvidia/f1tenth_ws/install/vesc_msgs/share/vesc_msgs/cmake/vesc_msgs__rosidl_typesupport_introspection_cppExport.cmake\n'}
[135.507418] (vesc_msgs) StdoutLine: {'line': b'-- Installing: /home/nvidia/f1tenth_ws/install/vesc_msgs/share/vesc_msgs/cmake/vesc_msgs__rosidl_typesupport_introspection_cppExport-noconfig.cmake\n'}
[135.509625] (vesc_msgs) StdoutLine: {'line': b'-- Installing: /home/nvidia/f1tenth_ws/install/vesc_msgs/share/vesc_msgs/cmake/vesc_msgs__rosidl_typesupport_cppExport.cmake\n'}
[135.511687] (vesc_msgs) StdoutLine: {'line': b'-- Installing: /home/nvidia/f1tenth_ws/install/vesc_msgs/share/vesc_msgs/cmake/vesc_msgs__rosidl_typesupport_cppExport-noconfig.cmake\n'}
[135.513559] (vesc_msgs) StdoutLine: {'line': b'-- Installing: /home/nvidia/f1tenth_ws/install/vesc_msgs/share/vesc_msgs/cmake/rosidl_cmake-extras.cmake\n'}
[135.515648] (vesc_msgs) StdoutLine: {'line': b'-- Installing: /home/nvidia/f1tenth_ws/install/vesc_msgs/share/vesc_msgs/cmake/ament_cmake_export_dependencies-extras.cmake\n'}
[135.517822] (vesc_msgs) StdoutLine: {'line': b'-- Installing: /home/nvidia/f1tenth_ws/install/vesc_msgs/share/vesc_msgs/cmake/ament_cmake_export_libraries-extras.cmake\n'}
[135.519811] (vesc_msgs) StdoutLine: {'line': b'-- Installing: /home/nvidia/f1tenth_ws/install/vesc_msgs/share/vesc_msgs/cmake/ament_cmake_export_targets-extras.cmake\n'}
[135.521682] (vesc_msgs) StdoutLine: {'line': b'-- Installing: /home/nvidia/f1tenth_ws/install/vesc_msgs/share/vesc_msgs/cmake/ament_cmake_export_include_directories-extras.cmake\n'}
[135.523968] (vesc_msgs) StdoutLine: {'line': b'-- Installing: /home/nvidia/f1tenth_ws/install/vesc_msgs/share/vesc_msgs/cmake/rosidl_cmake_export_typesupport_libraries-extras.cmake\n'}
[135.524631] (vesc_msgs) StdoutLine: {'line': b'-- Installing: /home/nvidia/f1tenth_ws/install/vesc_msgs/share/vesc_msgs/cmake/rosidl_cmake_export_typesupport_targets-extras.cmake\n'}
[135.525210] (vesc_msgs) StdoutLine: {'line': b'-- Installing: /home/nvidia/f1tenth_ws/install/vesc_msgs/share/vesc_msgs/cmake/vesc_msgsConfig.cmake\n'}
[135.525658] (vesc_msgs) StdoutLine: {'line': b'-- Installing: /home/nvidia/f1tenth_ws/install/vesc_msgs/share/vesc_msgs/cmake/vesc_msgsConfig-version.cmake\n'}
[135.526059] (vesc_msgs) StdoutLine: {'line': b'-- Installing: /home/nvidia/f1tenth_ws/install/vesc_msgs/share/vesc_msgs/package.xml\n'}
[135.537831] (vesc_msgs) CommandEnded: {'returncode': 0}
[135.600562] (-) TimerEvent: {}
[135.702171] (-) TimerEvent: {}
[135.804524] (-) TimerEvent: {}
[135.906056] (-) TimerEvent: {}
[136.007465] (-) TimerEvent: {}
[136.109565] (-) TimerEvent: {}
[136.211482] (-) TimerEvent: {}
[136.312507] (-) TimerEvent: {}
[136.413694] (-) TimerEvent: {}
[136.492009] (vesc_msgs) JobEnded: {'identifier': 'vesc_msgs', 'rc': 0}
[136.506131] (vesc_ackermann) JobStarted: {'identifier': 'vesc_ackermann'}
[136.513941] (-) TimerEvent: {}
[136.540343] (vesc_driver) JobStarted: {'identifier': 'vesc_driver'}
[136.605069] (vesc_ackermann) JobProgress: {'identifier': 'vesc_ackermann', 'progress': 'cmake'}
[136.608396] (vesc_ackermann) Command: {'cmd': ['/usr/bin/cmake', '/home/nvidia/f1tenth_ws/src/f1tenth_system/vesc/vesc_ackermann', '-DCMAKE_INSTALL_PREFIX=/home/nvidia/f1tenth_ws/install/vesc_ackermann'], 'cwd': '/home/nvidia/f1tenth_ws/build/vesc_ackermann', 'env': OrderedDict([('LESSOPEN', '| /usr/bin/lesspipe %s'), ('USER', 'nvidia'), ('SSH_CLIENT', '10.131.67.141 46114 22'), ('XDG_SESSION_TYPE', 'tty'), ('SHLVL', '1'), ('LD_LIBRARY_PATH', '/home/nvidia/f1tenth_ws/install/vesc_msgs/lib://home/nvidia/f1tenth_ws/install/vesc_driver/lib://home/nvidia/f1tenth_ws/install/vesc_ackermann/lib://home/nvidia/f1tenth_ws/install/vesc_msgs/lib://home/nvidia/f1tenth_ws/install/teleop_tools_msgs/lib:/usr/lib/aarch64-linux-gnu/gazebo-11/plugins:/opt/ros/foxy/opt/yaml_cpp_vendor/lib:/opt/ros/foxy/opt/rviz_ogre_vendor/lib:/opt/ros/foxy/lib/aarch64-linux-gnu:/opt/ros/foxy/lib:/usr/local/cuda-11.4/lib64'), ('MOTD_SHOWN', 'pam'), ('HOME', '/home/nvidia'), ('OLDPWD', '/home/nvidia'), ('SSH_TTY', '/dev/pts/4'), ('ROS_PYTHON_VERSION', '3'), ('DBUS_SESSION_BUS_ADDRESS', 'unix:path=/run/user/1000/bus'), ('COLCON_PREFIX_PATH', '//home/nvidia/f1tenth_ws/install'), ('ROS_DISTRO', 'foxy'), ('LOGNAME', 'nvidia'), ('_', '/usr/bin/colcon'), ('ROS_VERSION', '2'), ('XDG_SESSION_CLASS', 'user'), ('TERM', 'xterm-256color'), ('XDG_SESSION_ID', '15'), ('GAZEBO_MODEL_PATH', ':/opt/ros/foxy/share/turtlebot3_gazebo/models'), ('ROS_LOCALHOST_ONLY', '0'), ('PATH', '/home/nvidia/.local/bin:/opt/ros/foxy/bin:/usr/local/cuda-11.4/bin:/usr/local/sbin:/usr/local/bin:/usr/sbin:/usr/bin:/sbin:/bin:/usr/games:/usr/local/games:/snap/bin'), ('XDG_RUNTIME_DIR', '/run/user/1000'), ('LANG', 'en_US.UTF-8'), ('LS_COLORS', 'rs=0:di=01;34:ln=01;36:mh=00:pi=40;33:so=01;35:do=01;35:bd=40;33;01:cd=40;33;01:or=40;31;01:mi=00:su=37;41:sg=30;43:ca=30;41:tw=30;42:ow=34;42:st=37;44:ex=01;32:*.tar=01;31:*.tgz=01;31:*.arc=01;31:*.arj=01;31:*.taz=01;31:*.lha=01;31:*.lz4=01;31:*.lzh=01;31:*.lzma=01;31:*.tlz=01;31:*.txz=01;31:*.tzo=01;31:*.t7z=01;31:*.zip=01;31:*.z=01;31:*.dz=01;31:*.gz=01;31:*.lrz=01;31:*.lz=01;31:*.lzo=01;31:*.xz=01;31:*.zst=01;31:*.tzst=01;31:*.bz2=01;31:*.bz=01;31:*.tbz=01;31:*.tbz2=01;31:*.tz=01;31:*.deb=01;31:*.rpm=01;31:*.jar=01;31:*.war=01;31:*.ear=01;31:*.sar=01;31:*.rar=01;31:*.alz=01;31:*.ace=01;31:*.zoo=01;31:*.cpio=01;31:*.7z=01;31:*.rz=01;31:*.cab=01;31:*.wim=01;31:*.swm=01;31:*.dwm=01;31:*.esd=01;31:*.jpg=01;35:*.jpeg=01;35:*.mjpg=01;35:*.mjpeg=01;35:*.gif=01;35:*.bmp=01;35:*.pbm=01;35:*.pgm=01;35:*.ppm=01;35:*.tga=01;35:*.xbm=01;35:*.xpm=01;35:*.tif=01;35:*.tiff=01;35:*.png=01;35:*.svg=01;35:*.svgz=01;35:*.mng=01;35:*.pcx=01;35:*.mov=01;35:*.mpg=01;35:*.mpeg=01;35:*.m2v=01;35:*.mkv=01;35:*.webm=01;35:*.ogm=01;35:*.mp4=01;35:*.m4v=01;35:*.mp4v=01;35:*.vob=01;35:*.qt=01;35:*.nuv=01;35:*.wmv=01;35:*.asf=01;35:*.rm=01;35:*.rmvb=01;35:*.flc=01;35:*.avi=01;35:*.fli=01;35:*.flv=01;35:*.gl=01;35:*.dl=01;35:*.xcf=01;35:*.xwd=01;35:*.yuv=01;35:*.cgm=01;35:*.emf=01;35:*.ogv=01;35:*.ogx=01;35:*.aac=00;36:*.au=00;36:*.flac=00;36:*.m4a=00;36:*.mid=00;36:*.midi=00;36:*.mka=00;36:*.mp3=00;36:*.mpc=00;36:*.ogg=00;36:*.ra=00;36:*.wav=00;36:*.oga=00;36:*.opus=00;36:*.spx=00;36:*.xspf=00;36:'), ('ROS_DOMAIN_ID', '10'), ('AMENT_PREFIX_PATH', '/home/nvidia/f1tenth_ws/install/vesc_msgs://home/nvidia/f1tenth_ws/install/f1tenth_stack://home/nvidia/f1tenth_ws/install/vesc://home/nvidia/f1tenth_ws/install/vesc_driver://home/nvidia/f1tenth_ws/install/vesc_ackermann://home/nvidia/f1tenth_ws/install/vesc_msgs://home/nvidia/f1tenth_ws/install/teleop_tools://home/nvidia/f1tenth_ws/install/joy_teleop://home/nvidia/f1tenth_ws/install/teleop_tools_msgs://home/nvidia/f1tenth_ws/install/pure_pursuit://home/nvidia/f1tenth_ws/install/phasespace://home/nvidia/f1tenth_ws/install/new_map_saver://home/nvidia/f1tenth_ws/install/mouse_teleop://home/nvidia/f1tenth_ws/install/mapping://home/nvidia/f1tenth_ws/install/key_teleop://home/nvidia/f1tenth_ws/install/f1tenth_controllers://home/nvidia/f1tenth_ws/install/ackermann_mux:/opt/ros/foxy'), ('SHELL', '/bin/bash'), ('LESSCLOSE', '/usr/bin/lesspipe %s %s'), ('PWD', '/home/nvidia/f1tenth_ws/build/vesc_ackermann'), ('TURTLEBOT3_MODEL', 'waffle'), ('LC_ALL', 'en_US.UTF-8'), ('SSH_CONNECTION', '10.131.67.141 46114 10.131.142.84 22'), ('XDG_DATA_DIRS', '/usr/local/share:/usr/share:/var/lib/snapd/desktop'), ('PYTHONPATH', '/home/nvidia/f1tenth_ws/install/vesc_msgs/lib/python3.8/site-packages://home/nvidia/f1tenth_ws/install/f1tenth_stack/lib/python3.8/site-packages://home/nvidia/f1tenth_ws/install/vesc_msgs/lib/python3.8/site-packages://home/nvidia/f1tenth_ws/install/joy_teleop/lib/python3.8/site-packages://home/nvidia/f1tenth_ws/install/teleop_tools_msgs/lib/python3.8/site-packages://home/nvidia/f1tenth_ws/install/phasespace/lib/python3.8/site-packages://home/nvidia/f1tenth_ws/install/new_map_saver/lib/python3.8/site-packages://home/nvidia/f1tenth_ws/install/mouse_teleop/lib/python3.8/site-packages://home/nvidia/f1tenth_ws/install/mapping/lib/python3.8/site-packages://home/nvidia/f1tenth_ws/install/key_teleop/lib/python3.8/site-packages://home/nvidia/f1tenth_ws/install/f1tenth_controllers/lib/python3.8/site-packages:/opt/ros/foxy/lib/python3.8/site-packages'), ('COLCON', '1'), ('CMAKE_PREFIX_PATH', '/home/nvidia/f1tenth_ws/install/vesc_msgs://home/nvidia/f1tenth_ws/install/vesc://home/nvidia/f1tenth_ws/install/vesc_driver://home/nvidia/f1tenth_ws/install/vesc_ackermann://home/nvidia/f1tenth_ws/install/vesc_msgs://home/nvidia/f1tenth_ws/install/teleop_tools://home/nvidia/f1tenth_ws/install/teleop_tools_msgs://home/nvidia/f1tenth_ws/install/pure_pursuit://home/nvidia/f1tenth_ws/install/ackermann_mux://home/nvidia/f1tenth_ws/install/f1tenth_stack://home/nvidia/f1tenth_ws/install/joy_teleop://home/nvidia/f1tenth_ws/install/phasespace://home/nvidia/f1tenth_ws/install/new_map_saver://home/nvidia/f1tenth_ws/install/mouse_teleop://home/nvidia/f1tenth_ws/install/mapping://home/nvidia/f1tenth_ws/install/key_teleop://home/nvidia/f1tenth_ws/install/f1tenth_controllers:/opt/ros/foxy')]), 'shell': False}
[136.637518] (-) TimerEvent: {}
[136.647281] (vesc_driver) JobProgress: {'identifier': 'vesc_driver', 'progress': 'cmake'}
[136.650414] (vesc_driver) Command: {'cmd': ['/usr/bin/cmake', '/home/nvidia/f1tenth_ws/src/f1tenth_system/vesc/vesc_driver', '-DCMAKE_INSTALL_PREFIX=/home/nvidia/f1tenth_ws/install/vesc_driver'], 'cwd': '/home/nvidia/f1tenth_ws/build/vesc_driver', 'env': OrderedDict([('LESSOPEN', '| /usr/bin/lesspipe %s'), ('USER', 'nvidia'), ('SSH_CLIENT', '10.131.67.141 46114 22'), ('XDG_SESSION_TYPE', 'tty'), ('SHLVL', '1'), ('LD_LIBRARY_PATH', '/home/nvidia/f1tenth_ws/install/vesc_msgs/lib://home/nvidia/f1tenth_ws/install/vesc_driver/lib://home/nvidia/f1tenth_ws/install/vesc_ackermann/lib://home/nvidia/f1tenth_ws/install/vesc_msgs/lib://home/nvidia/f1tenth_ws/install/teleop_tools_msgs/lib:/usr/lib/aarch64-linux-gnu/gazebo-11/plugins:/opt/ros/foxy/opt/yaml_cpp_vendor/lib:/opt/ros/foxy/opt/rviz_ogre_vendor/lib:/opt/ros/foxy/lib/aarch64-linux-gnu:/opt/ros/foxy/lib:/usr/local/cuda-11.4/lib64'), ('MOTD_SHOWN', 'pam'), ('HOME', '/home/nvidia'), ('OLDPWD', '/home/nvidia'), ('SSH_TTY', '/dev/pts/4'), ('ROS_PYTHON_VERSION', '3'), ('DBUS_SESSION_BUS_ADDRESS', 'unix:path=/run/user/1000/bus'), ('COLCON_PREFIX_PATH', '//home/nvidia/f1tenth_ws/install'), ('ROS_DISTRO', 'foxy'), ('LOGNAME', 'nvidia'), ('_', '/usr/bin/colcon'), ('ROS_VERSION', '2'), ('XDG_SESSION_CLASS', 'user'), ('TERM', 'xterm-256color'), ('XDG_SESSION_ID', '15'), ('GAZEBO_MODEL_PATH', ':/opt/ros/foxy/share/turtlebot3_gazebo/models'), ('ROS_LOCALHOST_ONLY', '0'), ('PATH', '/home/nvidia/.local/bin:/opt/ros/foxy/bin:/usr/local/cuda-11.4/bin:/usr/local/sbin:/usr/local/bin:/usr/sbin:/usr/bin:/sbin:/bin:/usr/games:/usr/local/games:/snap/bin'), ('XDG_RUNTIME_DIR', '/run/user/1000'), ('LANG', 'en_US.UTF-8'), ('LS_COLORS', 'rs=0:di=01;34:ln=01;36:mh=00:pi=40;33:so=01;35:do=01;35:bd=40;33;01:cd=40;33;01:or=40;31;01:mi=00:su=37;41:sg=30;43:ca=30;41:tw=30;42:ow=34;42:st=37;44:ex=01;32:*.tar=01;31:*.tgz=01;31:*.arc=01;31:*.arj=01;31:*.taz=01;31:*.lha=01;31:*.lz4=01;31:*.lzh=01;31:*.lzma=01;31:*.tlz=01;31:*.txz=01;31:*.tzo=01;31:*.t7z=01;31:*.zip=01;31:*.z=01;31:*.dz=01;31:*.gz=01;31:*.lrz=01;31:*.lz=01;31:*.lzo=01;31:*.xz=01;31:*.zst=01;31:*.tzst=01;31:*.bz2=01;31:*.bz=01;31:*.tbz=01;31:*.tbz2=01;31:*.tz=01;31:*.deb=01;31:*.rpm=01;31:*.jar=01;31:*.war=01;31:*.ear=01;31:*.sar=01;31:*.rar=01;31:*.alz=01;31:*.ace=01;31:*.zoo=01;31:*.cpio=01;31:*.7z=01;31:*.rz=01;31:*.cab=01;31:*.wim=01;31:*.swm=01;31:*.dwm=01;31:*.esd=01;31:*.jpg=01;35:*.jpeg=01;35:*.mjpg=01;35:*.mjpeg=01;35:*.gif=01;35:*.bmp=01;35:*.pbm=01;35:*.pgm=01;35:*.ppm=01;35:*.tga=01;35:*.xbm=01;35:*.xpm=01;35:*.tif=01;35:*.tiff=01;35:*.png=01;35:*.svg=01;35:*.svgz=01;35:*.mng=01;35:*.pcx=01;35:*.mov=01;35:*.mpg=01;35:*.mpeg=01;35:*.m2v=01;35:*.mkv=01;35:*.webm=01;35:*.ogm=01;35:*.mp4=01;35:*.m4v=01;35:*.mp4v=01;35:*.vob=01;35:*.qt=01;35:*.nuv=01;35:*.wmv=01;35:*.asf=01;35:*.rm=01;35:*.rmvb=01;35:*.flc=01;35:*.avi=01;35:*.fli=01;35:*.flv=01;35:*.gl=01;35:*.dl=01;35:*.xcf=01;35:*.xwd=01;35:*.yuv=01;35:*.cgm=01;35:*.emf=01;35:*.ogv=01;35:*.ogx=01;35:*.aac=00;36:*.au=00;36:*.flac=00;36:*.m4a=00;36:*.mid=00;36:*.midi=00;36:*.mka=00;36:*.mp3=00;36:*.mpc=00;36:*.ogg=00;36:*.ra=00;36:*.wav=00;36:*.oga=00;36:*.opus=00;36:*.spx=00;36:*.xspf=00;36:'), ('ROS_DOMAIN_ID', '10'), ('AMENT_PREFIX_PATH', '/home/nvidia/f1tenth_ws/install/vesc_msgs://home/nvidia/f1tenth_ws/install/f1tenth_stack://home/nvidia/f1tenth_ws/install/vesc://home/nvidia/f1tenth_ws/install/vesc_driver://home/nvidia/f1tenth_ws/install/vesc_ackermann://home/nvidia/f1tenth_ws/install/vesc_msgs://home/nvidia/f1tenth_ws/install/teleop_tools://home/nvidia/f1tenth_ws/install/joy_teleop://home/nvidia/f1tenth_ws/install/teleop_tools_msgs://home/nvidia/f1tenth_ws/install/pure_pursuit://home/nvidia/f1tenth_ws/install/phasespace://home/nvidia/f1tenth_ws/install/new_map_saver://home/nvidia/f1tenth_ws/install/mouse_teleop://home/nvidia/f1tenth_ws/install/mapping://home/nvidia/f1tenth_ws/install/key_teleop://home/nvidia/f1tenth_ws/install/f1tenth_controllers://home/nvidia/f1tenth_ws/install/ackermann_mux:/opt/ros/foxy'), ('SHELL', '/bin/bash'), ('LESSCLOSE', '/usr/bin/lesspipe %s %s'), ('PWD', '/home/nvidia/f1tenth_ws/build/vesc_driver'), ('TURTLEBOT3_MODEL', 'waffle'), ('LC_ALL', 'en_US.UTF-8'), ('SSH_CONNECTION', '10.131.67.141 46114 10.131.142.84 22'), ('XDG_DATA_DIRS', '/usr/local/share:/usr/share:/var/lib/snapd/desktop'), ('PYTHONPATH', '/home/nvidia/f1tenth_ws/install/vesc_msgs/lib/python3.8/site-packages://home/nvidia/f1tenth_ws/install/f1tenth_stack/lib/python3.8/site-packages://home/nvidia/f1tenth_ws/install/vesc_msgs/lib/python3.8/site-packages://home/nvidia/f1tenth_ws/install/joy_teleop/lib/python3.8/site-packages://home/nvidia/f1tenth_ws/install/teleop_tools_msgs/lib/python3.8/site-packages://home/nvidia/f1tenth_ws/install/phasespace/lib/python3.8/site-packages://home/nvidia/f1tenth_ws/install/new_map_saver/lib/python3.8/site-packages://home/nvidia/f1tenth_ws/install/mouse_teleop/lib/python3.8/site-packages://home/nvidia/f1tenth_ws/install/mapping/lib/python3.8/site-packages://home/nvidia/f1tenth_ws/install/key_teleop/lib/python3.8/site-packages://home/nvidia/f1tenth_ws/install/f1tenth_controllers/lib/python3.8/site-packages:/opt/ros/foxy/lib/python3.8/site-packages'), ('COLCON', '1'), ('CMAKE_PREFIX_PATH', '/home/nvidia/f1tenth_ws/install/vesc_msgs://home/nvidia/f1tenth_ws/install/vesc://home/nvidia/f1tenth_ws/install/vesc_driver://home/nvidia/f1tenth_ws/install/vesc_ackermann://home/nvidia/f1tenth_ws/install/vesc_msgs://home/nvidia/f1tenth_ws/install/teleop_tools://home/nvidia/f1tenth_ws/install/teleop_tools_msgs://home/nvidia/f1tenth_ws/install/pure_pursuit://home/nvidia/f1tenth_ws/install/ackermann_mux://home/nvidia/f1tenth_ws/install/f1tenth_stack://home/nvidia/f1tenth_ws/install/joy_teleop://home/nvidia/f1tenth_ws/install/phasespace://home/nvidia/f1tenth_ws/install/new_map_saver://home/nvidia/f1tenth_ws/install/mouse_teleop://home/nvidia/f1tenth_ws/install/mapping://home/nvidia/f1tenth_ws/install/key_teleop://home/nvidia/f1tenth_ws/install/f1tenth_controllers:/opt/ros/foxy')]), 'shell': False}
[136.737989] (-) TimerEvent: {}
[136.839891] (-) TimerEvent: {}
[136.941018] (-) TimerEvent: {}
[137.038571] (vesc_ackermann) StdoutLine: {'line': b'-- The C compiler identification is GNU 9.4.0\n'}
[137.041173] (-) TimerEvent: {}
[137.091049] (vesc_driver) StdoutLine: {'line': b'-- The C compiler identification is GNU 9.4.0\n'}
[137.141518] (-) TimerEvent: {}
[137.243019] (-) TimerEvent: {}
[137.344229] (-) TimerEvent: {}
[137.441546] (vesc_ackermann) StdoutLine: {'line': b'-- The CXX compiler identification is GNU 9.4.0\n'}
[137.444451] (-) TimerEvent: {}
[137.480794] (vesc_ackermann) StdoutLine: {'line': b'-- Check for working C compiler: /usr/bin/cc\n'}
[137.492580] (vesc_driver) StdoutLine: {'line': b'-- The CXX compiler identification is GNU 9.4.0\n'}
[137.532887] (vesc_driver) StdoutLine: {'line': b'-- Check for working C compiler: /usr/bin/cc\n'}
[137.550210] (-) TimerEvent: {}
[137.651446] (-) TimerEvent: {}
[137.752548] (-) TimerEvent: {}
[137.853667] (-) TimerEvent: {}
[137.954820] (-) TimerEvent: {}
[138.003491] (vesc_ackermann) StdoutLine: {'line': b'-- Check for working C compiler: /usr/bin/cc -- works\n'}
[138.010716] (vesc_ackermann) StdoutLine: {'line': b'-- Detecting C compiler ABI info\n'}
[138.028486] (vesc_driver) StdoutLine: {'line': b'-- Check for working C compiler: /usr/bin/cc -- works\n'}
[138.033842] (vesc_driver) StdoutLine: {'line': b'-- Detecting C compiler ABI info\n'}
[138.055250] (-) TimerEvent: {}
[138.157150] (-) TimerEvent: {}
[138.258182] (-) TimerEvent: {}
[138.360322] (-) TimerEvent: {}
[138.461464] (-) TimerEvent: {}
[138.507574] (vesc_ackermann) StdoutLine: {'line': b'-- Detecting C compiler ABI info - done\n'}
[138.514652] (vesc_driver) StdoutLine: {'line': b'-- Detecting C compiler ABI info - done\n'}
[138.561764] (-) TimerEvent: {}
[138.586165] (vesc_ackermann) StdoutLine: {'line': b'-- Detecting C compile features\n'}
[138.588106] (vesc_ackermann) StdoutLine: {'line': b'-- Detecting C compile features - done\n'}
[138.595771] (vesc_driver) StdoutLine: {'line': b'-- Detecting C compile features\n'}
[138.598945] (vesc_driver) StdoutLine: {'line': b'-- Detecting C compile features - done\n'}
[138.603976] (vesc_ackermann) StdoutLine: {'line': b'-- Check for working CXX compiler: /usr/bin/c++\n'}
[138.614593] (vesc_driver) StdoutLine: {'line': b'-- Check for working CXX compiler: /usr/bin/c++\n'}
[138.662026] (-) TimerEvent: {}
[138.763989] (-) TimerEvent: {}
[138.865031] (-) TimerEvent: {}
[138.967368] (-) TimerEvent: {}
[139.068622] (-) TimerEvent: {}
[139.156032] (vesc_ackermann) StdoutLine: {'line': b'-- Check for working CXX compiler: /usr/bin/c++ -- works\n'}
[139.165406] (vesc_ackermann) StdoutLine: {'line': b'-- Detecting CXX compiler ABI info\n'}
[139.167816] (vesc_driver) StdoutLine: {'line': b'-- Check for working CXX compiler: /usr/bin/c++ -- works\n'}
[139.168736] (-) TimerEvent: {}
[139.174253] (vesc_driver) StdoutLine: {'line': b'-- Detecting CXX compiler ABI info\n'}
[139.269113] (-) TimerEvent: {}
[139.370353] (-) TimerEvent: {}
[139.471670] (-) TimerEvent: {}
[139.572886] (-) TimerEvent: {}
[139.674120] (-) TimerEvent: {}
[139.706323] (vesc_driver) StdoutLine: {'line': b'-- Detecting CXX compiler ABI info - done\n'}
[139.720075] (vesc_ackermann) StdoutLine: {'line': b'-- Detecting CXX compiler ABI info - done\n'}
[139.774398] (-) TimerEvent: {}
[139.778511] (vesc_driver) StdoutLine: {'line': b'-- Detecting CXX compile features\n'}
[139.781941] (vesc_driver) StdoutLine: {'line': b'-- Detecting CXX compile features - done\n'}
[139.787504] (vesc_ackermann) StdoutLine: {'line': b'-- Detecting CXX compile features\n'}
[139.790285] (vesc_ackermann) StdoutLine: {'line': b'-- Detecting CXX compile features - done\n'}
[139.805290] (vesc_driver) StdoutLine: {'line': b'-- Found ament_cmake_auto: 0.9.12 (/opt/ros/foxy/share/ament_cmake_auto/cmake)\n'}
[139.816474] (vesc_ackermann) StdoutLine: {'line': b'-- Found ament_cmake_auto: 0.9.12 (/opt/ros/foxy/share/ament_cmake_auto/cmake)\n'}
[139.874674] (-) TimerEvent: {}
[139.975943] (-) TimerEvent: {}
[140.008918] (vesc_driver) StdoutLine: {'line': b'-- Found PythonInterp: /usr/bin/python3 (found suitable version "3.8.10", minimum required is "3") \n'}
[140.010851] (vesc_driver) StdoutLine: {'line': b'-- Using PYTHON_EXECUTABLE: /usr/bin/python3\n'}
[140.017065] (vesc_ackermann) StdoutLine: {'line': b'-- Found PythonInterp: /usr/bin/python3 (found suitable version "3.8.10", minimum required is "3") \n'}
[140.018177] (vesc_ackermann) StdoutLine: {'line': b'-- Using PYTHON_EXECUTABLE: /usr/bin/python3\n'}
[140.076146] (-) TimerEvent: {}
[140.177397] (-) TimerEvent: {}
[140.278927] (-) TimerEvent: {}
[140.379968] (-) TimerEvent: {}
[140.481004] (-) TimerEvent: {}
[140.582189] (-) TimerEvent: {}
[140.683374] (-) TimerEvent: {}
[140.784505] (-) TimerEvent: {}
[140.885646] (-) TimerEvent: {}
[140.986773] (-) TimerEvent: {}
[141.088194] (-) TimerEvent: {}
[141.189462] (-) TimerEvent: {}
[141.290735] (-) TimerEvent: {}
[141.392106] (-) TimerEvent: {}
[141.493137] (-) TimerEvent: {}
[141.594189] (-) TimerEvent: {}
[141.695385] (-) TimerEvent: {}
[141.796489] (-) TimerEvent: {}
[141.897712] (-) TimerEvent: {}
[141.942487] (vesc_ackermann) StdoutLine: {'line': b'-- Using all available rosidl_typesupport_c: rosidl_typesupport_fastrtps_c;rosidl_typesupport_introspection_c\n'}
[141.998013] (-) TimerEvent: {}
[142.012300] (vesc_ackermann) StdoutLine: {'line': b'-- Found rosidl_adapter: 1.3.1 (/opt/ros/foxy/share/rosidl_adapter/cmake)\n'}
[142.035607] (vesc_driver) StdoutLine: {'line': b'-- Using all available rosidl_typesupport_c: rosidl_typesupport_fastrtps_c;rosidl_typesupport_introspection_c\n'}
[142.098296] (-) TimerEvent: {}
[142.105997] (vesc_driver) StdoutLine: {'line': b'-- Found rosidl_adapter: 1.3.1 (/opt/ros/foxy/share/rosidl_adapter/cmake)\n'}
[142.198565] (-) TimerEvent: {}
[142.299799] (-) TimerEvent: {}
[142.400990] (-) TimerEvent: {}
[142.502118] (-) TimerEvent: {}
[142.603350] (-) TimerEvent: {}
[142.677346] (vesc_ackermann) StdoutLine: {'line': b'-- Found OpenSSL: /usr/lib/aarch64-linux-gnu/libcrypto.so (found version "1.1.1f")  \n'}
[142.703607] (-) TimerEvent: {}
[142.765684] (vesc_driver) StdoutLine: {'line': b'-- Found OpenSSL: /usr/lib/aarch64-linux-gnu/libcrypto.so (found version "1.1.1f")  \n'}
[142.803832] (-) TimerEvent: {}
[142.854848] (vesc_ackermann) StdoutLine: {'line': b'-- Found FastRTPS: /opt/ros/foxy/include  \n'}
[142.904079] (-) TimerEvent: {}
[142.940770] (vesc_driver) StdoutLine: {'line': b'-- Found FastRTPS: /opt/ros/foxy/include  \n'}
[143.004342] (-) TimerEvent: {}
[143.105883] (-) TimerEvent: {}
[143.207247] (-) TimerEvent: {}
[143.308437] (-) TimerEvent: {}
[143.384152] (vesc_ackermann) StdoutLine: {'line': b'-- Using all available rosidl_typesupport_cpp: rosidl_typesupport_fastrtps_cpp;rosidl_typesupport_introspection_cpp\n'}
[143.408689] (-) TimerEvent: {}
[143.451782] (vesc_driver) StdoutLine: {'line': b'-- Using all available rosidl_typesupport_cpp: rosidl_typesupport_fastrtps_cpp;rosidl_typesupport_introspection_cpp\n'}
[143.508979] (-) TimerEvent: {}
[143.610223] (-) TimerEvent: {}
[143.711618] (-) TimerEvent: {}
[143.813158] (-) TimerEvent: {}
[143.843107] (vesc_driver) StdoutLine: {'line': b'-- Found rmw_implementation_cmake: 1.0.4 (/opt/ros/foxy/share/rmw_implementation_cmake/cmake)\n'}
[143.855270] (vesc_driver) StdoutLine: {'line': b"-- Using RMW implementation 'rmw_fastrtps_cpp' as default\n"}
[143.860453] (vesc_driver) StdoutLine: {'line': b'-- Looking for pthread.h\n'}
[143.913436] (-) TimerEvent: {}
[144.014567] (-) TimerEvent: {}
[144.115771] (-) TimerEvent: {}
[144.217057] (-) TimerEvent: {}
[144.318239] (-) TimerEvent: {}
[144.322805] (vesc_driver) StdoutLine: {'line': b'-- Looking for pthread.h - found\n'}
[144.325602] (vesc_driver) StdoutLine: {'line': b'-- Performing Test CMAKE_HAVE_LIBC_PTHREAD\n'}
[144.418538] (-) TimerEvent: {}
[144.519867] (-) TimerEvent: {}
[144.621150] (-) TimerEvent: {}
[144.722634] (-) TimerEvent: {}
[144.794128] (vesc_ackermann) StdoutLine: {'line': b'-- Found rmw_implementation_cmake: 1.0.4 (/opt/ros/foxy/share/rmw_implementation_cmake/cmake)\n'}
[144.796246] (vesc_driver) StdoutLine: {'line': b'-- Performing Test CMAKE_HAVE_LIBC_PTHREAD - Failed\n'}
[144.797916] (vesc_driver) StdoutLine: {'line': b'-- Looking for pthread_create in pthreads\n'}
[144.806256] (vesc_ackermann) StdoutLine: {'line': b"-- Using RMW implementation 'rmw_fastrtps_cpp' as default\n"}
[144.812099] (vesc_ackermann) StdoutLine: {'line': b'-- Looking for pthread.h\n'}
[144.822913] (-) TimerEvent: {}
[144.924133] (-) TimerEvent: {}
[145.025297] (-) TimerEvent: {}
[145.126502] (-) TimerEvent: {}
[145.197514] (vesc_driver) StdoutLine: {'line': b'-- Looking for pthread_create in pthreads - not found\n'}
[145.198787] (vesc_driver) StdoutLine: {'line': b'-- Looking for pthread_create in pthread\n'}
[145.226788] (-) TimerEvent: {}
[145.280602] (vesc_ackermann) StdoutLine: {'line': b'-- Looking for pthread.h - found\n'}
[145.282524] (vesc_ackermann) StdoutLine: {'line': b'-- Performing Test CMAKE_HAVE_LIBC_PTHREAD\n'}
[145.327002] (-) TimerEvent: {}
[145.428181] (-) TimerEvent: {}
[145.529973] (-) TimerEvent: {}
[145.631225] (-) TimerEvent: {}
[145.675101] (vesc_driver) StdoutLine: {'line': b'-- Looking for pthread_create in pthread - found\n'}
[145.684416] (vesc_driver) StdoutLine: {'line': b'-- Found Threads: TRUE  \n'}
[145.731414] (-) TimerEvent: {}
[145.762486] (vesc_ackermann) StdoutLine: {'line': b'-- Performing Test CMAKE_HAVE_LIBC_PTHREAD - Failed\n'}
[145.763914] (vesc_ackermann) StdoutLine: {'line': b'-- Looking for pthread_create in pthreads\n'}
[145.831624] (-) TimerEvent: {}
[145.932660] (-) TimerEvent: {}
[146.033929] (-) TimerEvent: {}
[146.134946] (-) TimerEvent: {}
[146.158437] (vesc_ackermann) StdoutLine: {'line': b'-- Looking for pthread_create in pthreads - not found\n'}
[146.159647] (vesc_ackermann) StdoutLine: {'line': b'-- Looking for pthread_create in pthread\n'}
[146.235294] (-) TimerEvent: {}
[146.336494] (-) TimerEvent: {}
[146.437582] (-) TimerEvent: {}
[146.538931] (-) TimerEvent: {}
[146.608910] (vesc_ackermann) StdoutLine: {'line': b'-- Looking for pthread_create in pthread - found\n'}
[146.616117] (vesc_ackermann) StdoutLine: {'line': b'-- Found Threads: TRUE  \n'}
[146.639201] (-) TimerEvent: {}
[146.740280] (-) TimerEvent: {}
[146.841542] (-) TimerEvent: {}
[146.942774] (-) TimerEvent: {}
[147.044308] (-) TimerEvent: {}
[147.145514] (-) TimerEvent: {}
[147.246775] (-) TimerEvent: {}
[147.348105] (-) TimerEvent: {}
[147.449343] (-) TimerEvent: {}
[147.550568] (-) TimerEvent: {}
[147.651880] (-) TimerEvent: {}
[147.753125] (-) TimerEvent: {}
[147.854316] (-) TimerEvent: {}
[147.955614] (-) TimerEvent: {}
[148.056773] (-) TimerEvent: {}
[148.157842] (-) TimerEvent: {}
[148.259250] (-) TimerEvent: {}
[148.360545] (-) TimerEvent: {}
[148.461762] (-) TimerEvent: {}
[148.562984] (-) TimerEvent: {}
[148.664846] (-) TimerEvent: {}
[148.766779] (-) TimerEvent: {}
[148.868088] (-) TimerEvent: {}
[148.969194] (-) TimerEvent: {}
[149.070470] (-) TimerEvent: {}
[149.171694] (-) TimerEvent: {}
[149.273402] (-) TimerEvent: {}
[149.374493] (-) TimerEvent: {}
[149.467423] (vesc_ackermann) StdoutLine: {'line': b'-- Found ament_lint_auto: 0.9.8 (/opt/ros/foxy/share/ament_lint_auto/cmake)\n'}
[149.474696] (-) TimerEvent: {}
[149.575769] (-) TimerEvent: {}
[149.665279] (vesc_ackermann) StdoutLine: {'line': b"-- Added test 'copyright' to check source files copyright and LICENSE\n"}
[149.676072] (-) TimerEvent: {}
[149.677386] (vesc_ackermann) StdoutLine: {'line': b"-- Added test 'cppcheck' to perform static code analysis on C / C++ code\n"}
[149.678136] (vesc_ackermann) StdoutLine: {'line': b'-- Configured cppcheck include dirs: /home/nvidia/f1tenth_ws/src/f1tenth_system/vesc/vesc_ackermann/include\n'}
[149.678627] (vesc_ackermann) StdoutLine: {'line': b'-- Configured cppcheck exclude dirs and/or files: \n'}
[149.688024] (vesc_ackermann) StdoutLine: {'line': b"-- Added test 'cpplint' to check C / C++ code against the Google style\n"}
[149.688832] (vesc_ackermann) StdoutLine: {'line': b'-- Configured cpplint exclude dirs and/or files: \n'}
[149.695204] (vesc_ackermann) StdoutLine: {'line': b"-- Added test 'lint_cmake' to check CMake code style\n"}
[149.703236] (vesc_driver) StdoutLine: {'line': b'-- Found ament_lint_auto: 0.9.8 (/opt/ros/foxy/share/ament_lint_auto/cmake)\n'}
[149.707855] (vesc_ackermann) StdoutLine: {'line': b"-- Added test 'uncrustify' to check C / C++ code style\n"}
[149.708774] (vesc_ackermann) StdoutLine: {'line': b'-- Configured uncrustify additional arguments: \n'}
[149.713384] (vesc_ackermann) StdoutLine: {'line': b"-- Added test 'xmllint' to check XML markup files\n"}
[149.762001] (vesc_ackermann) StdoutLine: {'line': b'-- Configuring done\n'}
[149.776335] (-) TimerEvent: {}
[149.877588] (-) TimerEvent: {}
[149.911307] (vesc_driver) StdoutLine: {'line': b"-- Added test 'copyright' to check source files copyright and LICENSE\n"}
[149.912147] (vesc_ackermann) StdoutLine: {'line': b'-- Generating done\n'}
[149.921800] (vesc_ackermann) StdoutLine: {'line': b'-- Build files have been written to: /home/nvidia/f1tenth_ws/build/vesc_ackermann\n'}
[149.927340] (vesc_driver) StdoutLine: {'line': b"-- Added test 'cppcheck' to perform static code analysis on C / C++ code\n"}
[149.929110] (vesc_driver) StdoutLine: {'line': b'-- Configured cppcheck include dirs: /home/nvidia/f1tenth_ws/src/f1tenth_system/vesc/vesc_driver/include\n'}
[149.930020] (vesc_driver) StdoutLine: {'line': b'-- Configured cppcheck exclude dirs and/or files: \n'}
[149.944493] (vesc_driver) StdoutLine: {'line': b"-- Added test 'cpplint' to check C / C++ code against the Google style\n"}
[149.945405] (vesc_driver) StdoutLine: {'line': b'-- Configured cpplint exclude dirs and/or files: \n'}
[149.950564] (vesc_driver) StdoutLine: {'line': b"-- Added test 'flake8' to check Python code syntax and style conventions\n"}
[149.957909] (vesc_driver) StdoutLine: {'line': b"-- Added test 'lint_cmake' to check CMake code style\n"}
[149.963882] (vesc_driver) StdoutLine: {'line': b"-- Added test 'pep257' to check Python code against some of the style conventions in PEP 257\n"}
[149.975415] (vesc_ackermann) CommandEnded: {'returncode': 0}
[149.992764] (-) TimerEvent: {}
[149.994453] (vesc_ackermann) JobProgress: {'identifier': 'vesc_ackermann', 'progress': 'build'}
[149.994790] (vesc_ackermann) Command: {'cmd': ['/usr/bin/cmake', '--build', '/home/nvidia/f1tenth_ws/build/vesc_ackermann', '--', '-j6', '-l6'], 'cwd': '/home/nvidia/f1tenth_ws/build/vesc_ackermann', 'env': OrderedDict([('LESSOPEN', '| /usr/bin/lesspipe %s'), ('USER', 'nvidia'), ('SSH_CLIENT', '10.131.67.141 46114 22'), ('XDG_SESSION_TYPE', 'tty'), ('SHLVL', '1'), ('LD_LIBRARY_PATH', '/home/nvidia/f1tenth_ws/install/vesc_msgs/lib://home/nvidia/f1tenth_ws/install/vesc_driver/lib://home/nvidia/f1tenth_ws/install/vesc_ackermann/lib://home/nvidia/f1tenth_ws/install/vesc_msgs/lib://home/nvidia/f1tenth_ws/install/teleop_tools_msgs/lib:/usr/lib/aarch64-linux-gnu/gazebo-11/plugins:/opt/ros/foxy/opt/yaml_cpp_vendor/lib:/opt/ros/foxy/opt/rviz_ogre_vendor/lib:/opt/ros/foxy/lib/aarch64-linux-gnu:/opt/ros/foxy/lib:/usr/local/cuda-11.4/lib64'), ('MOTD_SHOWN', 'pam'), ('HOME', '/home/nvidia'), ('OLDPWD', '/home/nvidia'), ('SSH_TTY', '/dev/pts/4'), ('ROS_PYTHON_VERSION', '3'), ('DBUS_SESSION_BUS_ADDRESS', 'unix:path=/run/user/1000/bus'), ('COLCON_PREFIX_PATH', '//home/nvidia/f1tenth_ws/install'), ('ROS_DISTRO', 'foxy'), ('LOGNAME', 'nvidia'), ('_', '/usr/bin/colcon'), ('ROS_VERSION', '2'), ('XDG_SESSION_CLASS', 'user'), ('TERM', 'xterm-256color'), ('XDG_SESSION_ID', '15'), ('GAZEBO_MODEL_PATH', ':/opt/ros/foxy/share/turtlebot3_gazebo/models'), ('ROS_LOCALHOST_ONLY', '0'), ('PATH', '/home/nvidia/.local/bin:/opt/ros/foxy/bin:/usr/local/cuda-11.4/bin:/usr/local/sbin:/usr/local/bin:/usr/sbin:/usr/bin:/sbin:/bin:/usr/games:/usr/local/games:/snap/bin'), ('XDG_RUNTIME_DIR', '/run/user/1000'), ('LANG', 'en_US.UTF-8'), ('LS_COLORS', 'rs=0:di=01;34:ln=01;36:mh=00:pi=40;33:so=01;35:do=01;35:bd=40;33;01:cd=40;33;01:or=40;31;01:mi=00:su=37;41:sg=30;43:ca=30;41:tw=30;42:ow=34;42:st=37;44:ex=01;32:*.tar=01;31:*.tgz=01;31:*.arc=01;31:*.arj=01;31:*.taz=01;31:*.lha=01;31:*.lz4=01;31:*.lzh=01;31:*.lzma=01;31:*.tlz=01;31:*.txz=01;31:*.tzo=01;31:*.t7z=01;31:*.zip=01;31:*.z=01;31:*.dz=01;31:*.gz=01;31:*.lrz=01;31:*.lz=01;31:*.lzo=01;31:*.xz=01;31:*.zst=01;31:*.tzst=01;31:*.bz2=01;31:*.bz=01;31:*.tbz=01;31:*.tbz2=01;31:*.tz=01;31:*.deb=01;31:*.rpm=01;31:*.jar=01;31:*.war=01;31:*.ear=01;31:*.sar=01;31:*.rar=01;31:*.alz=01;31:*.ace=01;31:*.zoo=01;31:*.cpio=01;31:*.7z=01;31:*.rz=01;31:*.cab=01;31:*.wim=01;31:*.swm=01;31:*.dwm=01;31:*.esd=01;31:*.jpg=01;35:*.jpeg=01;35:*.mjpg=01;35:*.mjpeg=01;35:*.gif=01;35:*.bmp=01;35:*.pbm=01;35:*.pgm=01;35:*.ppm=01;35:*.tga=01;35:*.xbm=01;35:*.xpm=01;35:*.tif=01;35:*.tiff=01;35:*.png=01;35:*.svg=01;35:*.svgz=01;35:*.mng=01;35:*.pcx=01;35:*.mov=01;35:*.mpg=01;35:*.mpeg=01;35:*.m2v=01;35:*.mkv=01;35:*.webm=01;35:*.ogm=01;35:*.mp4=01;35:*.m4v=01;35:*.mp4v=01;35:*.vob=01;35:*.qt=01;35:*.nuv=01;35:*.wmv=01;35:*.asf=01;35:*.rm=01;35:*.rmvb=01;35:*.flc=01;35:*.avi=01;35:*.fli=01;35:*.flv=01;35:*.gl=01;35:*.dl=01;35:*.xcf=01;35:*.xwd=01;35:*.yuv=01;35:*.cgm=01;35:*.emf=01;35:*.ogv=01;35:*.ogx=01;35:*.aac=00;36:*.au=00;36:*.flac=00;36:*.m4a=00;36:*.mid=00;36:*.midi=00;36:*.mka=00;36:*.mp3=00;36:*.mpc=00;36:*.ogg=00;36:*.ra=00;36:*.wav=00;36:*.oga=00;36:*.opus=00;36:*.spx=00;36:*.xspf=00;36:'), ('ROS_DOMAIN_ID', '10'), ('AMENT_PREFIX_PATH', '/home/nvidia/f1tenth_ws/install/vesc_msgs://home/nvidia/f1tenth_ws/install/f1tenth_stack://home/nvidia/f1tenth_ws/install/vesc://home/nvidia/f1tenth_ws/install/vesc_driver://home/nvidia/f1tenth_ws/install/vesc_ackermann://home/nvidia/f1tenth_ws/install/vesc_msgs://home/nvidia/f1tenth_ws/install/teleop_tools://home/nvidia/f1tenth_ws/install/joy_teleop://home/nvidia/f1tenth_ws/install/teleop_tools_msgs://home/nvidia/f1tenth_ws/install/pure_pursuit://home/nvidia/f1tenth_ws/install/phasespace://home/nvidia/f1tenth_ws/install/new_map_saver://home/nvidia/f1tenth_ws/install/mouse_teleop://home/nvidia/f1tenth_ws/install/mapping://home/nvidia/f1tenth_ws/install/key_teleop://home/nvidia/f1tenth_ws/install/f1tenth_controllers://home/nvidia/f1tenth_ws/install/ackermann_mux:/opt/ros/foxy'), ('SHELL', '/bin/bash'), ('LESSCLOSE', '/usr/bin/lesspipe %s %s'), ('PWD', '/home/nvidia/f1tenth_ws/build/vesc_ackermann'), ('TURTLEBOT3_MODEL', 'waffle'), ('LC_ALL', 'en_US.UTF-8'), ('SSH_CONNECTION', '10.131.67.141 46114 10.131.142.84 22'), ('XDG_DATA_DIRS', '/usr/local/share:/usr/share:/var/lib/snapd/desktop'), ('PYTHONPATH', '/home/nvidia/f1tenth_ws/install/vesc_msgs/lib/python3.8/site-packages://home/nvidia/f1tenth_ws/install/f1tenth_stack/lib/python3.8/site-packages://home/nvidia/f1tenth_ws/install/vesc_msgs/lib/python3.8/site-packages://home/nvidia/f1tenth_ws/install/joy_teleop/lib/python3.8/site-packages://home/nvidia/f1tenth_ws/install/teleop_tools_msgs/lib/python3.8/site-packages://home/nvidia/f1tenth_ws/install/phasespace/lib/python3.8/site-packages://home/nvidia/f1tenth_ws/install/new_map_saver/lib/python3.8/site-packages://home/nvidia/f1tenth_ws/install/mouse_teleop/lib/python3.8/site-packages://home/nvidia/f1tenth_ws/install/mapping/lib/python3.8/site-packages://home/nvidia/f1tenth_ws/install/key_teleop/lib/python3.8/site-packages://home/nvidia/f1tenth_ws/install/f1tenth_controllers/lib/python3.8/site-packages:/opt/ros/foxy/lib/python3.8/site-packages'), ('COLCON', '1'), ('CMAKE_PREFIX_PATH', '/home/nvidia/f1tenth_ws/install/vesc_msgs://home/nvidia/f1tenth_ws/install/vesc://home/nvidia/f1tenth_ws/install/vesc_driver://home/nvidia/f1tenth_ws/install/vesc_ackermann://home/nvidia/f1tenth_ws/install/vesc_msgs://home/nvidia/f1tenth_ws/install/teleop_tools://home/nvidia/f1tenth_ws/install/teleop_tools_msgs://home/nvidia/f1tenth_ws/install/pure_pursuit://home/nvidia/f1tenth_ws/install/ackermann_mux://home/nvidia/f1tenth_ws/install/f1tenth_stack://home/nvidia/f1tenth_ws/install/joy_teleop://home/nvidia/f1tenth_ws/install/phasespace://home/nvidia/f1tenth_ws/install/new_map_saver://home/nvidia/f1tenth_ws/install/mouse_teleop://home/nvidia/f1tenth_ws/install/mapping://home/nvidia/f1tenth_ws/install/key_teleop://home/nvidia/f1tenth_ws/install/f1tenth_controllers:/opt/ros/foxy')]), 'shell': False}
[150.000268] (vesc_driver) StdoutLine: {'line': b"-- Added test 'uncrustify' to check C / C++ code style\n"}
[150.006167] (vesc_driver) StdoutLine: {'line': b'-- Configured uncrustify additional arguments: \n'}
[150.006807] (vesc_driver) StdoutLine: {'line': b"-- Added test 'xmllint' to check XML markup files\n"}
[150.039482] (vesc_driver) StdoutLine: {'line': b'-- Configuring done\n'}
[150.092994] (-) TimerEvent: {}
[150.157460] (vesc_ackermann) StdoutLine: {'line': b'-- Found ament_cmake_auto: 0.9.12 (/opt/ros/foxy/share/ament_cmake_auto/cmake)\n'}
[150.193228] (-) TimerEvent: {}
[150.294479] (-) TimerEvent: {}
[150.297390] (vesc_ackermann) StdoutLine: {'line': b'-- Using PYTHON_EXECUTABLE: /usr/bin/python3\n'}
[150.394731] (-) TimerEvent: {}
[150.456608] (vesc_driver) StdoutLine: {'line': b'-- Generating done\n'}
[150.468185] (vesc_driver) StdoutLine: {'line': b'-- Build files have been written to: /home/nvidia/f1tenth_ws/build/vesc_driver\n'}
[150.494908] (-) TimerEvent: {}
[150.523018] (vesc_driver) CommandEnded: {'returncode': 0}
[150.535474] (vesc_driver) JobProgress: {'identifier': 'vesc_driver', 'progress': 'build'}
[150.536028] (vesc_driver) Command: {'cmd': ['/usr/bin/cmake', '--build', '/home/nvidia/f1tenth_ws/build/vesc_driver', '--', '-j6', '-l6'], 'cwd': '/home/nvidia/f1tenth_ws/build/vesc_driver', 'env': OrderedDict([('LESSOPEN', '| /usr/bin/lesspipe %s'), ('USER', 'nvidia'), ('SSH_CLIENT', '10.131.67.141 46114 22'), ('XDG_SESSION_TYPE', 'tty'), ('SHLVL', '1'), ('LD_LIBRARY_PATH', '/home/nvidia/f1tenth_ws/install/vesc_msgs/lib://home/nvidia/f1tenth_ws/install/vesc_driver/lib://home/nvidia/f1tenth_ws/install/vesc_ackermann/lib://home/nvidia/f1tenth_ws/install/vesc_msgs/lib://home/nvidia/f1tenth_ws/install/teleop_tools_msgs/lib:/usr/lib/aarch64-linux-gnu/gazebo-11/plugins:/opt/ros/foxy/opt/yaml_cpp_vendor/lib:/opt/ros/foxy/opt/rviz_ogre_vendor/lib:/opt/ros/foxy/lib/aarch64-linux-gnu:/opt/ros/foxy/lib:/usr/local/cuda-11.4/lib64'), ('MOTD_SHOWN', 'pam'), ('HOME', '/home/nvidia'), ('OLDPWD', '/home/nvidia'), ('SSH_TTY', '/dev/pts/4'), ('ROS_PYTHON_VERSION', '3'), ('DBUS_SESSION_BUS_ADDRESS', 'unix:path=/run/user/1000/bus'), ('COLCON_PREFIX_PATH', '//home/nvidia/f1tenth_ws/install'), ('ROS_DISTRO', 'foxy'), ('LOGNAME', 'nvidia'), ('_', '/usr/bin/colcon'), ('ROS_VERSION', '2'), ('XDG_SESSION_CLASS', 'user'), ('TERM', 'xterm-256color'), ('XDG_SESSION_ID', '15'), ('GAZEBO_MODEL_PATH', ':/opt/ros/foxy/share/turtlebot3_gazebo/models'), ('ROS_LOCALHOST_ONLY', '0'), ('PATH', '/home/nvidia/.local/bin:/opt/ros/foxy/bin:/usr/local/cuda-11.4/bin:/usr/local/sbin:/usr/local/bin:/usr/sbin:/usr/bin:/sbin:/bin:/usr/games:/usr/local/games:/snap/bin'), ('XDG_RUNTIME_DIR', '/run/user/1000'), ('LANG', 'en_US.UTF-8'), ('LS_COLORS', 'rs=0:di=01;34:ln=01;36:mh=00:pi=40;33:so=01;35:do=01;35:bd=40;33;01:cd=40;33;01:or=40;31;01:mi=00:su=37;41:sg=30;43:ca=30;41:tw=30;42:ow=34;42:st=37;44:ex=01;32:*.tar=01;31:*.tgz=01;31:*.arc=01;31:*.arj=01;31:*.taz=01;31:*.lha=01;31:*.lz4=01;31:*.lzh=01;31:*.lzma=01;31:*.tlz=01;31:*.txz=01;31:*.tzo=01;31:*.t7z=01;31:*.zip=01;31:*.z=01;31:*.dz=01;31:*.gz=01;31:*.lrz=01;31:*.lz=01;31:*.lzo=01;31:*.xz=01;31:*.zst=01;31:*.tzst=01;31:*.bz2=01;31:*.bz=01;31:*.tbz=01;31:*.tbz2=01;31:*.tz=01;31:*.deb=01;31:*.rpm=01;31:*.jar=01;31:*.war=01;31:*.ear=01;31:*.sar=01;31:*.rar=01;31:*.alz=01;31:*.ace=01;31:*.zoo=01;31:*.cpio=01;31:*.7z=01;31:*.rz=01;31:*.cab=01;31:*.wim=01;31:*.swm=01;31:*.dwm=01;31:*.esd=01;31:*.jpg=01;35:*.jpeg=01;35:*.mjpg=01;35:*.mjpeg=01;35:*.gif=01;35:*.bmp=01;35:*.pbm=01;35:*.pgm=01;35:*.ppm=01;35:*.tga=01;35:*.xbm=01;35:*.xpm=01;35:*.tif=01;35:*.tiff=01;35:*.png=01;35:*.svg=01;35:*.svgz=01;35:*.mng=01;35:*.pcx=01;35:*.mov=01;35:*.mpg=01;35:*.mpeg=01;35:*.m2v=01;35:*.mkv=01;35:*.webm=01;35:*.ogm=01;35:*.mp4=01;35:*.m4v=01;35:*.mp4v=01;35:*.vob=01;35:*.qt=01;35:*.nuv=01;35:*.wmv=01;35:*.asf=01;35:*.rm=01;35:*.rmvb=01;35:*.flc=01;35:*.avi=01;35:*.fli=01;35:*.flv=01;35:*.gl=01;35:*.dl=01;35:*.xcf=01;35:*.xwd=01;35:*.yuv=01;35:*.cgm=01;35:*.emf=01;35:*.ogv=01;35:*.ogx=01;35:*.aac=00;36:*.au=00;36:*.flac=00;36:*.m4a=00;36:*.mid=00;36:*.midi=00;36:*.mka=00;36:*.mp3=00;36:*.mpc=00;36:*.ogg=00;36:*.ra=00;36:*.wav=00;36:*.oga=00;36:*.opus=00;36:*.spx=00;36:*.xspf=00;36:'), ('ROS_DOMAIN_ID', '10'), ('AMENT_PREFIX_PATH', '/home/nvidia/f1tenth_ws/install/vesc_msgs://home/nvidia/f1tenth_ws/install/f1tenth_stack://home/nvidia/f1tenth_ws/install/vesc://home/nvidia/f1tenth_ws/install/vesc_driver://home/nvidia/f1tenth_ws/install/vesc_ackermann://home/nvidia/f1tenth_ws/install/vesc_msgs://home/nvidia/f1tenth_ws/install/teleop_tools://home/nvidia/f1tenth_ws/install/joy_teleop://home/nvidia/f1tenth_ws/install/teleop_tools_msgs://home/nvidia/f1tenth_ws/install/pure_pursuit://home/nvidia/f1tenth_ws/install/phasespace://home/nvidia/f1tenth_ws/install/new_map_saver://home/nvidia/f1tenth_ws/install/mouse_teleop://home/nvidia/f1tenth_ws/install/mapping://home/nvidia/f1tenth_ws/install/key_teleop://home/nvidia/f1tenth_ws/install/f1tenth_controllers://home/nvidia/f1tenth_ws/install/ackermann_mux:/opt/ros/foxy'), ('SHELL', '/bin/bash'), ('LESSCLOSE', '/usr/bin/lesspipe %s %s'), ('PWD', '/home/nvidia/f1tenth_ws/build/vesc_driver'), ('TURTLEBOT3_MODEL', 'waffle'), ('LC_ALL', 'en_US.UTF-8'), ('SSH_CONNECTION', '10.131.67.141 46114 10.131.142.84 22'), ('XDG_DATA_DIRS', '/usr/local/share:/usr/share:/var/lib/snapd/desktop'), ('PYTHONPATH', '/home/nvidia/f1tenth_ws/install/vesc_msgs/lib/python3.8/site-packages://home/nvidia/f1tenth_ws/install/f1tenth_stack/lib/python3.8/site-packages://home/nvidia/f1tenth_ws/install/vesc_msgs/lib/python3.8/site-packages://home/nvidia/f1tenth_ws/install/joy_teleop/lib/python3.8/site-packages://home/nvidia/f1tenth_ws/install/teleop_tools_msgs/lib/python3.8/site-packages://home/nvidia/f1tenth_ws/install/phasespace/lib/python3.8/site-packages://home/nvidia/f1tenth_ws/install/new_map_saver/lib/python3.8/site-packages://home/nvidia/f1tenth_ws/install/mouse_teleop/lib/python3.8/site-packages://home/nvidia/f1tenth_ws/install/mapping/lib/python3.8/site-packages://home/nvidia/f1tenth_ws/install/key_teleop/lib/python3.8/site-packages://home/nvidia/f1tenth_ws/install/f1tenth_controllers/lib/python3.8/site-packages:/opt/ros/foxy/lib/python3.8/site-packages'), ('COLCON', '1'), ('CMAKE_PREFIX_PATH', '/home/nvidia/f1tenth_ws/install/vesc_msgs://home/nvidia/f1tenth_ws/install/vesc://home/nvidia/f1tenth_ws/install/vesc_driver://home/nvidia/f1tenth_ws/install/vesc_ackermann://home/nvidia/f1tenth_ws/install/vesc_msgs://home/nvidia/f1tenth_ws/install/teleop_tools://home/nvidia/f1tenth_ws/install/teleop_tools_msgs://home/nvidia/f1tenth_ws/install/pure_pursuit://home/nvidia/f1tenth_ws/install/ackermann_mux://home/nvidia/f1tenth_ws/install/f1tenth_stack://home/nvidia/f1tenth_ws/install/joy_teleop://home/nvidia/f1tenth_ws/install/phasespace://home/nvidia/f1tenth_ws/install/new_map_saver://home/nvidia/f1tenth_ws/install/mouse_teleop://home/nvidia/f1tenth_ws/install/mapping://home/nvidia/f1tenth_ws/install/key_teleop://home/nvidia/f1tenth_ws/install/f1tenth_controllers:/opt/ros/foxy')]), 'shell': False}
[150.595220] (-) TimerEvent: {}
[150.697174] (-) TimerEvent: {}
[150.700545] (vesc_driver) StdoutLine: {'line': b'-- Found ament_cmake_auto: 0.9.12 (/opt/ros/foxy/share/ament_cmake_auto/cmake)\n'}
[150.797428] (-) TimerEvent: {}
[150.841808] (vesc_driver) StdoutLine: {'line': b'-- Using PYTHON_EXECUTABLE: /usr/bin/python3\n'}
[150.897696] (-) TimerEvent: {}
[150.998743] (-) TimerEvent: {}
[151.099816] (-) TimerEvent: {}
[151.201107] (-) TimerEvent: {}
[151.302194] (-) TimerEvent: {}
[151.403334] (-) TimerEvent: {}
[151.504516] (-) TimerEvent: {}
[151.605482] (-) TimerEvent: {}
[151.706635] (-) TimerEvent: {}
[151.808054] (-) TimerEvent: {}
[151.909448] (-) TimerEvent: {}
[151.961856] (vesc_ackermann) StdoutLine: {'line': b'-- Using all available rosidl_typesupport_c: rosidl_typesupport_fastrtps_c;rosidl_typesupport_introspection_c\n'}
[151.981602] (vesc_ackermann) StdoutLine: {'line': b'-- Found rosidl_adapter: 1.3.1 (/opt/ros/foxy/share/rosidl_adapter/cmake)\n'}
[152.009630] (-) TimerEvent: {}
[152.110767] (-) TimerEvent: {}
[152.211906] (-) TimerEvent: {}
[152.313092] (-) TimerEvent: {}
[152.414232] (-) TimerEvent: {}
[152.439634] (vesc_driver) StdoutLine: {'line': b'-- Using all available rosidl_typesupport_c: rosidl_typesupport_fastrtps_c;rosidl_typesupport_introspection_c\n'}
[152.458522] (vesc_driver) StdoutLine: {'line': b'-- Found rosidl_adapter: 1.3.1 (/opt/ros/foxy/share/rosidl_adapter/cmake)\n'}
[152.514471] (-) TimerEvent: {}
[152.615658] (-) TimerEvent: {}
[152.665114] (vesc_ackermann) StdoutLine: {'line': b'-- Using all available rosidl_typesupport_cpp: rosidl_typesupport_fastrtps_cpp;rosidl_typesupport_introspection_cpp\n'}
[152.715901] (-) TimerEvent: {}
[152.817002] (-) TimerEvent: {}
[152.918248] (-) TimerEvent: {}
[153.019392] (-) TimerEvent: {}
[153.120523] (-) TimerEvent: {}
[153.130984] (vesc_driver) StdoutLine: {'line': b'-- Using all available rosidl_typesupport_cpp: rosidl_typesupport_fastrtps_cpp;rosidl_typesupport_introspection_cpp\n'}
[153.220767] (-) TimerEvent: {}
[153.321897] (-) TimerEvent: {}
[153.388985] (vesc_driver) StdoutLine: {'line': b'-- Found rmw_implementation_cmake: 1.0.4 (/opt/ros/foxy/share/rmw_implementation_cmake/cmake)\n'}
[153.399745] (vesc_driver) StdoutLine: {'line': b"-- Using RMW implementation 'rmw_fastrtps_cpp' as default\n"}
[153.422167] (-) TimerEvent: {}
[153.523477] (-) TimerEvent: {}
[153.624737] (-) TimerEvent: {}
[153.726125] (-) TimerEvent: {}
[153.767504] (vesc_ackermann) StdoutLine: {'line': b'-- Found rmw_implementation_cmake: 1.0.4 (/opt/ros/foxy/share/rmw_implementation_cmake/cmake)\n'}
[153.778371] (vesc_ackermann) StdoutLine: {'line': b"-- Using RMW implementation 'rmw_fastrtps_cpp' as default\n"}
[153.826392] (-) TimerEvent: {}
[153.928466] (-) TimerEvent: {}
[154.029586] (-) TimerEvent: {}
[154.130829] (-) TimerEvent: {}
[154.232253] (-) TimerEvent: {}
[154.333460] (-) TimerEvent: {}
[154.434641] (-) TimerEvent: {}
[154.535792] (-) TimerEvent: {}
[154.636866] (-) TimerEvent: {}
[154.738038] (-) TimerEvent: {}
[154.839347] (-) TimerEvent: {}
[154.940478] (-) TimerEvent: {}
[155.041563] (-) TimerEvent: {}
[155.142662] (-) TimerEvent: {}
[155.243911] (-) TimerEvent: {}
[155.345135] (-) TimerEvent: {}
[155.446355] (-) TimerEvent: {}
[155.547666] (-) TimerEvent: {}
[155.649172] (-) TimerEvent: {}
[155.750484] (-) TimerEvent: {}
[155.851677] (-) TimerEvent: {}
[155.952892] (-) TimerEvent: {}
[156.053991] (-) TimerEvent: {}
[156.155193] (-) TimerEvent: {}
[156.256672] (-) TimerEvent: {}
[156.260147] (vesc_ackermann) StdoutLine: {'line': b'-- Found ament_lint_auto: 0.9.8 (/opt/ros/foxy/share/ament_lint_auto/cmake)\n'}
[156.316762] (vesc_ackermann) StdoutLine: {'line': b"-- Added test 'copyright' to check source files copyright and LICENSE\n"}
[156.325027] (vesc_ackermann) StdoutLine: {'line': b"-- Added test 'cppcheck' to perform static code analysis on C / C++ code\n"}
[156.326294] (vesc_ackermann) StdoutLine: {'line': b'-- Configured cppcheck include dirs: /home/nvidia/f1tenth_ws/src/f1tenth_system/vesc/vesc_ackermann/include\n'}
[156.327017] (vesc_ackermann) StdoutLine: {'line': b'-- Configured cppcheck exclude dirs and/or files: \n'}
[156.333125] (vesc_ackermann) StdoutLine: {'line': b"-- Added test 'cpplint' to check C / C++ code against the Google style\n"}
[156.333936] (vesc_ackermann) StdoutLine: {'line': b'-- Configured cpplint exclude dirs and/or files: \n'}
[156.337212] (vesc_ackermann) StdoutLine: {'line': b"-- Added test 'lint_cmake' to check CMake code style\n"}
[156.345219] (vesc_ackermann) StdoutLine: {'line': b"-- Added test 'uncrustify' to check C / C++ code style\n"}
[156.345938] (vesc_ackermann) StdoutLine: {'line': b'-- Configured uncrustify additional arguments: \n'}
[156.347353] (vesc_ackermann) StdoutLine: {'line': b"-- Added test 'xmllint' to check XML markup files\n"}
[156.356858] (-) TimerEvent: {}
[156.382040] (vesc_ackermann) StdoutLine: {'line': b'-- Configuring done\n'}
[156.457121] (-) TimerEvent: {}
[156.510950] (vesc_ackermann) StdoutLine: {'line': b'-- Generating done\n'}
[156.523252] (vesc_ackermann) StdoutLine: {'line': b'-- Build files have been written to: /home/nvidia/f1tenth_ws/build/vesc_ackermann\n'}
[156.557439] (-) TimerEvent: {}
[156.658658] (-) TimerEvent: {}
[156.675408] (vesc_ackermann) StdoutLine: {'line': b'\x1b[35m\x1b[1mScanning dependencies of target ackermann_to_vesc_node\x1b[0m\n'}
[156.681007] (vesc_ackermann) StdoutLine: {'line': b'\x1b[35m\x1b[1mScanning dependencies of target vesc_to_odom_node\x1b[0m\n'}
[156.682014] (vesc_ackermann) StdoutLine: {'line': b'\x1b[35m\x1b[1mScanning dependencies of target vesc_ackermann\x1b[0m\n'}
[156.693305] (vesc_driver) StdoutLine: {'line': b'-- Found ament_lint_auto: 0.9.8 (/opt/ros/foxy/share/ament_lint_auto/cmake)\n'}
[156.758925] (-) TimerEvent: {}
[156.761814] (vesc_driver) StdoutLine: {'line': b"-- Added test 'copyright' to check source files copyright and LICENSE\n"}
[156.772115] (vesc_driver) StdoutLine: {'line': b"-- Added test 'cppcheck' to perform static code analysis on C / C++ code\n"}
[156.784536] (vesc_driver) StdoutLine: {'line': b'-- Configured cppcheck include dirs: /home/nvidia/f1tenth_ws/src/f1tenth_system/vesc/vesc_driver/include\n'}
[156.785378] (vesc_driver) StdoutLine: {'line': b'-- Configured cppcheck exclude dirs and/or files: \n'}
[156.796579] (vesc_driver) StdoutLine: {'line': b"-- Added test 'cpplint' to check C / C++ code against the Google style\n"}
[156.797740] (vesc_driver) StdoutLine: {'line': b'-- Configured cpplint exclude dirs and/or files: \n'}
[156.800859] (vesc_driver) StdoutLine: {'line': b"-- Added test 'flake8' to check Python code syntax and style conventions\n"}
[156.804763] (vesc_driver) StdoutLine: {'line': b"-- Added test 'lint_cmake' to check CMake code style\n"}
[156.807304] (vesc_driver) StdoutLine: {'line': b"-- Added test 'pep257' to check Python code against some of the style conventions in PEP 257\n"}
[156.818198] (vesc_driver) StdoutLine: {'line': b"-- Added test 'uncrustify' to check C / C++ code style\n"}
[156.818946] (vesc_driver) StdoutLine: {'line': b'-- Configured uncrustify additional arguments: \n'}
[156.822617] (vesc_driver) StdoutLine: {'line': b"-- Added test 'xmllint' to check XML markup files\n"}
[156.859037] (vesc_driver) StdoutLine: {'line': b'-- Configuring done\n'}
[156.859942] (-) TimerEvent: {}
[156.904830] (vesc_ackermann) StderrLine: {'line': b"make[2]: Warning: File '/opt/ros/foxy/include/builtin_interfaces/msg/detail/duration__builder.hpp' has modification time 738470780 s in the future\n"}
[156.927369] (vesc_ackermann) StderrLine: {'line': b"make[2]: Warning: File '/opt/ros/foxy/include/builtin_interfaces/msg/detail/duration__builder.hpp' has modification time 738470780 s in the future\n"}
[156.960260] (-) TimerEvent: {}
[157.018946] (vesc_ackermann) StdoutLine: {'line': b'[ 14%] \x1b[32mBuilding CXX object CMakeFiles/ackermann_to_vesc_node.dir/rclcpp_components/node_main_ackermann_to_vesc_node.cpp.o\x1b[0m\n'}
[157.023379] (vesc_ackermann) StdoutLine: {'line': b'[ 28%] \x1b[32mBuilding CXX object CMakeFiles/vesc_to_odom_node.dir/rclcpp_components/node_main_vesc_to_odom_node.cpp.o\x1b[0m\n'}
[157.036671] (vesc_ackermann) StderrLine: {'line': b"make[2]: Warning: File '/home/nvidia/f1tenth_ws/src/f1tenth_system/vesc/vesc_ackermann/src/ackermann_to_vesc.cpp' has modification time 777669177 s in the future\n"}
[157.060505] (-) TimerEvent: {}
[157.134095] (vesc_ackermann) StdoutLine: {'line': b'[ 42%] \x1b[32mBuilding CXX object CMakeFiles/vesc_ackermann.dir/src/ackermann_to_vesc.cpp.o\x1b[0m\n'}
[157.160783] (-) TimerEvent: {}
[157.180813] (vesc_ackermann) StdoutLine: {'line': b'[ 57%] \x1b[32mBuilding CXX object CMakeFiles/vesc_ackermann.dir/src/vesc_to_odom.cpp.o\x1b[0m\n'}
[157.260851] (vesc_driver) StdoutLine: {'line': b'-- Generating done\n'}
[157.261651] (-) TimerEvent: {}
[157.275355] (vesc_driver) StdoutLine: {'line': b'-- Build files have been written to: /home/nvidia/f1tenth_ws/build/vesc_driver\n'}
[157.370340] (-) TimerEvent: {}
[157.471625] (-) TimerEvent: {}
[157.477927] (vesc_driver) StdoutLine: {'line': b'\x1b[35m\x1b[1mScanning dependencies of target vesc_driver\x1b[0m\n'}
[157.513338] (vesc_driver) StdoutLine: {'line': b'\x1b[35m\x1b[1mScanning dependencies of target vesc_driver_node\x1b[0m\n'}
[157.571834] (-) TimerEvent: {}
[157.672982] (-) TimerEvent: {}
[157.770103] (vesc_driver) StderrLine: {'line': b"make[2]: Warning: File '/opt/ros/foxy/include/builtin_interfaces/msg/detail/duration__builder.hpp' has modification time 738470779 s in the future\n"}
[157.773160] (-) TimerEvent: {}
[157.874093] (-) TimerEvent: {}
[157.942284] (vesc_driver) StderrLine: {'line': b"make[2]: Warning: File '/home/nvidia/f1tenth_ws/src/f1tenth_system/vesc/vesc_driver/src/vesc_driver.cpp' has modification time 777669176 s in the future\n"}
[157.956299] (vesc_driver) StdoutLine: {'line': b'[ 10%] \x1b[32mBuilding CXX object CMakeFiles/vesc_driver_node.dir/rclcpp_components/node_main_vesc_driver_node.cpp.o\x1b[0m\n'}
[157.974379] (-) TimerEvent: {}
[158.075487] (-) TimerEvent: {}
[158.137045] (vesc_driver) StdoutLine: {'line': b'[ 20%] \x1b[32mBuilding CXX object CMakeFiles/vesc_driver.dir/src/vesc_driver.cpp.o\x1b[0m\n'}
[158.159345] (vesc_driver) StdoutLine: {'line': b'[ 30%] \x1b[32mBuilding CXX object CMakeFiles/vesc_driver.dir/src/vesc_packet.cpp.o\x1b[0m\n'}
[158.170993] (vesc_driver) StdoutLine: {'line': b'[ 40%] \x1b[32mBuilding CXX object CMakeFiles/vesc_driver.dir/src/vesc_interface.cpp.o\x1b[0m\n'}
[158.175692] (-) TimerEvent: {}
[158.276760] (-) TimerEvent: {}
[158.377873] (-) TimerEvent: {}
[158.478923] (-) TimerEvent: {}
[158.580767] (-) TimerEvent: {}
[158.682571] (-) TimerEvent: {}
[158.783975] (-) TimerEvent: {}
[158.885055] (-) TimerEvent: {}
[158.986217] (-) TimerEvent: {}
[159.088207] (-) TimerEvent: {}
[159.190133] (-) TimerEvent: {}
[159.291513] (-) TimerEvent: {}
[159.392709] (-) TimerEvent: {}
[159.494320] (-) TimerEvent: {}
[159.595507] (-) TimerEvent: {}
[159.696597] (-) TimerEvent: {}
[159.798368] (-) TimerEvent: {}
[159.900924] (-) TimerEvent: {}
[160.002663] (-) TimerEvent: {}
[160.103793] (-) TimerEvent: {}
[160.204884] (-) TimerEvent: {}
[160.311459] (-) TimerEvent: {}
[160.412611] (-) TimerEvent: {}
[160.514932] (-) TimerEvent: {}
[160.617011] (-) TimerEvent: {}
[160.718327] (-) TimerEvent: {}
[160.819525] (-) TimerEvent: {}
[160.920760] (-) TimerEvent: {}
[161.023759] (-) TimerEvent: {}
[161.124873] (-) TimerEvent: {}
[161.225945] (-) TimerEvent: {}
[161.327068] (-) TimerEvent: {}
[161.428239] (-) TimerEvent: {}
[161.529287] (-) TimerEvent: {}
[161.630360] (-) TimerEvent: {}
[161.732309] (-) TimerEvent: {}
[161.833394] (-) TimerEvent: {}
[161.934452] (-) TimerEvent: {}
[162.035534] (-) TimerEvent: {}
[162.136608] (-) TimerEvent: {}
[162.237696] (-) TimerEvent: {}
[162.338733] (-) TimerEvent: {}
[162.441053] (-) TimerEvent: {}
[162.542046] (-) TimerEvent: {}
[162.643063] (-) TimerEvent: {}
[162.744172] (-) TimerEvent: {}
[162.845313] (-) TimerEvent: {}
[162.946332] (-) TimerEvent: {}
[163.047584] (-) TimerEvent: {}
[163.149827] (-) TimerEvent: {}
[163.250881] (-) TimerEvent: {}
[163.352013] (-) TimerEvent: {}
[163.453024] (-) TimerEvent: {}
[163.554055] (-) TimerEvent: {}
[163.655194] (-) TimerEvent: {}
[163.756237] (-) TimerEvent: {}
[163.857304] (-) TimerEvent: {}
[163.958464] (-) TimerEvent: {}
[164.060047] (-) TimerEvent: {}
[164.161110] (-) TimerEvent: {}
[164.262132] (-) TimerEvent: {}
[164.363217] (-) TimerEvent: {}
[164.464244] (-) TimerEvent: {}
[164.565303] (-) TimerEvent: {}
[164.666374] (-) TimerEvent: {}
[164.767409] (-) TimerEvent: {}
[164.868422] (-) TimerEvent: {}
[164.966481] (vesc_driver) StdoutLine: {'line': b'[ 50%] \x1b[32mBuilding CXX object CMakeFiles/vesc_driver.dir/src/vesc_packet_factory.cpp.o\x1b[0m\n'}
[164.968639] (-) TimerEvent: {}
[165.070307] (-) TimerEvent: {}
[165.172491] (-) TimerEvent: {}
[165.274852] (-) TimerEvent: {}
[165.377753] (-) TimerEvent: {}
[165.480214] (-) TimerEvent: {}
[165.584032] (-) TimerEvent: {}
[165.686149] (-) TimerEvent: {}
[165.788817] (-) TimerEvent: {}
[165.891734] (-) TimerEvent: {}
[165.993945] (-) TimerEvent: {}
[166.096431] (-) TimerEvent: {}
[166.198704] (-) TimerEvent: {}
[166.301498] (-) TimerEvent: {}
[166.405402] (-) TimerEvent: {}
[166.507744] (-) TimerEvent: {}
[166.609733] (-) TimerEvent: {}
[166.712960] (-) TimerEvent: {}
[166.815773] (-) TimerEvent: {}
[166.916878] (-) TimerEvent: {}
[167.018001] (-) TimerEvent: {}
[167.119209] (-) TimerEvent: {}
[167.227558] (-) TimerEvent: {}
[167.329213] (-) TimerEvent: {}
[167.439410] (-) TimerEvent: {}
[167.544949] (-) TimerEvent: {}
[167.651019] (-) TimerEvent: {}
[167.752507] (-) TimerEvent: {}
[167.854670] (-) TimerEvent: {}
[167.956940] (-) TimerEvent: {}
[168.060054] (-) TimerEvent: {}
[168.163438] (-) TimerEvent: {}
[168.265623] (-) TimerEvent: {}
[168.366730] (-) TimerEvent: {}
[168.468588] (-) TimerEvent: {}
[168.572089] (-) TimerEvent: {}
[168.673132] (-) TimerEvent: {}
[168.774231] (-) TimerEvent: {}
[168.875393] (-) TimerEvent: {}
[168.977643] (-) TimerEvent: {}
[169.081204] (-) TimerEvent: {}
[169.183775] (-) TimerEvent: {}
[169.286132] (-) TimerEvent: {}
[169.388561] (-) TimerEvent: {}
[169.490972] (-) TimerEvent: {}
[169.595222] (-) TimerEvent: {}
[169.697650] (-) TimerEvent: {}
[169.800866] (-) TimerEvent: {}
[169.903272] (-) TimerEvent: {}
[170.005449] (-) TimerEvent: {}
[170.109088] (-) TimerEvent: {}
[170.211491] (-) TimerEvent: {}
[170.325093] (-) TimerEvent: {}
[170.434963] (-) TimerEvent: {}
[170.536661] (-) TimerEvent: {}
[170.638262] (-) TimerEvent: {}
[170.740410] (-) TimerEvent: {}
[170.842414] (-) TimerEvent: {}
[170.944140] (-) TimerEvent: {}
[171.045786] (-) TimerEvent: {}
[171.151432] (-) TimerEvent: {}
[171.253267] (-) TimerEvent: {}
[171.355746] (-) TimerEvent: {}
[171.458325] (-) TimerEvent: {}
[171.560956] (-) TimerEvent: {}
[171.662203] (-) TimerEvent: {}
[171.763349] (-) TimerEvent: {}
[171.865689] (-) TimerEvent: {}
[171.968017] (-) TimerEvent: {}
[172.069279] (-) TimerEvent: {}
[172.182960] (-) TimerEvent: {}
[172.289951] (-) TimerEvent: {}
[172.392446] (-) TimerEvent: {}
[172.494332] (-) TimerEvent: {}
[172.595563] (-) TimerEvent: {}
[172.697036] (-) TimerEvent: {}
[172.798733] (-) TimerEvent: {}
[172.902763] (-) TimerEvent: {}
[173.005310] (-) TimerEvent: {}
[173.107550] (-) TimerEvent: {}
[173.209986] (-) TimerEvent: {}
[173.313070] (-) TimerEvent: {}
[173.415847] (-) TimerEvent: {}
[173.518332] (-) TimerEvent: {}
[173.620730] (-) TimerEvent: {}
[173.721986] (-) TimerEvent: {}
[173.824050] (-) TimerEvent: {}
[173.925176] (-) TimerEvent: {}
[174.026259] (-) TimerEvent: {}
[174.127325] (-) TimerEvent: {}
[174.228413] (-) TimerEvent: {}
[174.329473] (-) TimerEvent: {}
[174.431468] (-) TimerEvent: {}
[174.532704] (-) TimerEvent: {}
[174.634959] (-) TimerEvent: {}
[174.736206] (-) TimerEvent: {}
[174.837357] (-) TimerEvent: {}
[174.938395] (-) TimerEvent: {}
[175.055493] (-) TimerEvent: {}
[175.156560] (-) TimerEvent: {}
[175.258743] (-) TimerEvent: {}
[175.360400] (-) TimerEvent: {}
[175.463232] (-) TimerEvent: {}
[175.565774] (-) TimerEvent: {}
[175.668075] (-) TimerEvent: {}
[175.769194] (-) TimerEvent: {}
[175.870271] (-) TimerEvent: {}
[175.971456] (-) TimerEvent: {}
[176.072537] (-) TimerEvent: {}
[176.173675] (-) TimerEvent: {}
[176.274739] (-) TimerEvent: {}
[176.375870] (-) TimerEvent: {}
[176.477124] (-) TimerEvent: {}
[176.578209] (-) TimerEvent: {}
[176.679344] (-) TimerEvent: {}
[176.780350] (-) TimerEvent: {}
[176.881827] (-) TimerEvent: {}
[176.982870] (-) TimerEvent: {}
[177.084454] (-) TimerEvent: {}
[177.185472] (-) TimerEvent: {}
[177.286595] (-) TimerEvent: {}
[177.387692] (-) TimerEvent: {}
[177.441552] (vesc_ackermann) StdoutLine: {'line': b'[ 71%] \x1b[32m\x1b[1mLinking CXX executable vesc_to_odom_node\x1b[0m\n'}
[177.488000] (-) TimerEvent: {}
[177.589201] (-) TimerEvent: {}
[177.690416] (-) TimerEvent: {}
[177.791602] (-) TimerEvent: {}
[177.893465] (-) TimerEvent: {}
[177.995031] (-) TimerEvent: {}
[178.096153] (-) TimerEvent: {}
[178.197187] (-) TimerEvent: {}
[178.298263] (-) TimerEvent: {}
[178.399388] (-) TimerEvent: {}
[178.500911] (-) TimerEvent: {}
[178.570438] (vesc_ackermann) StderrLine: {'line': b'make[2]: warning:  Clock skew detected.  Your build may be incomplete.\n'}
[178.601204] (-) TimerEvent: {}
[178.634120] (vesc_ackermann) StdoutLine: {'line': b'[ 71%] Built target vesc_to_odom_node\n'}
[178.701519] (-) TimerEvent: {}
[178.709354] (vesc_ackermann) StdoutLine: {'line': b'[ 85%] \x1b[32m\x1b[1mLinking CXX executable ackermann_to_vesc_node\x1b[0m\n'}
[178.726912] (vesc_driver) StdoutLine: {'line': b'[ 60%] \x1b[32m\x1b[1mLinking CXX executable vesc_driver_node\x1b[0m\n'}
[178.801806] (-) TimerEvent: {}
[178.903004] (-) TimerEvent: {}
[179.004173] (-) TimerEvent: {}
[179.105307] (-) TimerEvent: {}
[179.206486] (-) TimerEvent: {}
[179.308931] (-) TimerEvent: {}
[179.410709] (-) TimerEvent: {}
[179.418479] (vesc_ackermann) StderrLine: {'line': b'make[2]: warning:  Clock skew detected.  Your build may be incomplete.\n'}
[179.506456] (vesc_ackermann) StdoutLine: {'line': b'[ 85%] Built target ackermann_to_vesc_node\n'}
[179.510935] (-) TimerEvent: {}
[179.521137] (vesc_driver) StderrLine: {'line': b'make[2]: warning:  Clock skew detected.  Your build may be incomplete.\n'}
[179.578657] (vesc_driver) StdoutLine: {'line': b'[ 60%] Built target vesc_driver_node\n'}
[179.611690] (-) TimerEvent: {}
[179.713910] (-) TimerEvent: {}
[179.815340] (-) TimerEvent: {}
[179.916547] (-) TimerEvent: {}
[180.017796] (-) TimerEvent: {}
[180.119087] (-) TimerEvent: {}
[180.220459] (-) TimerEvent: {}
[180.321804] (-) TimerEvent: {}
[180.423271] (-) TimerEvent: {}
[180.524428] (-) TimerEvent: {}
[180.625663] (-) TimerEvent: {}
[180.726882] (-) TimerEvent: {}
[180.828133] (-) TimerEvent: {}
[180.929350] (-) TimerEvent: {}
[181.030618] (-) TimerEvent: {}
[181.132249] (-) TimerEvent: {}
[181.233403] (-) TimerEvent: {}
[181.334571] (-) TimerEvent: {}
[181.436684] (-) TimerEvent: {}
[181.537979] (-) TimerEvent: {}
[181.639354] (-) TimerEvent: {}
[181.741861] (-) TimerEvent: {}
[181.843041] (-) TimerEvent: {}
[181.944254] (-) TimerEvent: {}
[182.045679] (-) TimerEvent: {}
[182.146974] (-) TimerEvent: {}
[182.248477] (-) TimerEvent: {}
[182.349667] (-) TimerEvent: {}
[182.450988] (-) TimerEvent: {}
[182.552278] (-) TimerEvent: {}
[182.653693] (-) TimerEvent: {}
[182.755240] (-) TimerEvent: {}
[182.857557] (-) TimerEvent: {}
[182.958829] (-) TimerEvent: {}
[183.060739] (-) TimerEvent: {}
[183.162687] (-) TimerEvent: {}
[183.263953] (-) TimerEvent: {}
[183.365233] (-) TimerEvent: {}
[183.466648] (-) TimerEvent: {}
[183.567924] (-) TimerEvent: {}
[183.669185] (-) TimerEvent: {}
[183.770400] (-) TimerEvent: {}
[183.871664] (-) TimerEvent: {}
[183.972916] (-) TimerEvent: {}
[184.075081] (-) TimerEvent: {}
[184.176390] (-) TimerEvent: {}
[184.277602] (-) TimerEvent: {}
[184.378954] (-) TimerEvent: {}
[184.480295] (-) TimerEvent: {}
[184.581509] (-) TimerEvent: {}
[184.682815] (-) TimerEvent: {}
[184.784056] (-) TimerEvent: {}
[184.885378] (-) TimerEvent: {}
[184.986635] (-) TimerEvent: {}
[185.089252] (-) TimerEvent: {}
[185.190590] (-) TimerEvent: {}
[185.293008] (-) TimerEvent: {}
[185.394446] (-) TimerEvent: {}
[185.495790] (-) TimerEvent: {}
[185.597112] (-) TimerEvent: {}
[185.699695] (-) TimerEvent: {}
[185.801023] (-) TimerEvent: {}
[185.902813] (-) TimerEvent: {}
[186.003999] (-) TimerEvent: {}
[186.105169] (-) TimerEvent: {}
[186.206407] (-) TimerEvent: {}
[186.308288] (-) TimerEvent: {}
[186.409921] (-) TimerEvent: {}
[186.512384] (-) TimerEvent: {}
[186.613583] (-) TimerEvent: {}
[186.715419] (-) TimerEvent: {}
[186.816850] (-) TimerEvent: {}
[186.918165] (-) TimerEvent: {}
[187.019820] (-) TimerEvent: {}
[187.121278] (-) TimerEvent: {}
[187.222834] (-) TimerEvent: {}
[187.324402] (-) TimerEvent: {}
[187.426362] (-) TimerEvent: {}
[187.527517] (-) TimerEvent: {}
[187.628777] (-) TimerEvent: {}
[187.730433] (-) TimerEvent: {}
[187.831702] (-) TimerEvent: {}
[187.932830] (-) TimerEvent: {}
[188.034108] (-) TimerEvent: {}
[188.136022] (-) TimerEvent: {}
[188.237221] (-) TimerEvent: {}
[188.338932] (-) TimerEvent: {}
[188.440594] (-) TimerEvent: {}
[188.541859] (-) TimerEvent: {}
[188.643236] (-) TimerEvent: {}
[188.744481] (-) TimerEvent: {}
[188.845659] (-) TimerEvent: {}
[188.946942] (-) TimerEvent: {}
[189.048201] (-) TimerEvent: {}
[189.149410] (-) TimerEvent: {}
[189.251321] (-) TimerEvent: {}
[189.352983] (-) TimerEvent: {}
[189.455372] (-) TimerEvent: {}
[189.557939] (-) TimerEvent: {}
[189.659297] (-) TimerEvent: {}
[189.760438] (-) TimerEvent: {}
[189.861848] (-) TimerEvent: {}
[189.963302] (-) TimerEvent: {}
[190.064540] (-) TimerEvent: {}
[190.165741] (-) TimerEvent: {}
[190.267242] (-) TimerEvent: {}
[190.368461] (-) TimerEvent: {}
[190.469698] (-) TimerEvent: {}
[190.571241] (-) TimerEvent: {}
[190.673236] (-) TimerEvent: {}
[190.774614] (-) TimerEvent: {}
[190.876039] (-) TimerEvent: {}
[190.977346] (-) TimerEvent: {}
[191.078683] (-) TimerEvent: {}
[191.180561] (-) TimerEvent: {}
[191.281991] (-) TimerEvent: {}
[191.383752] (-) TimerEvent: {}
[191.484954] (-) TimerEvent: {}
[191.586148] (-) TimerEvent: {}
[191.687698] (-) TimerEvent: {}
[191.788874] (-) TimerEvent: {}
[191.890913] (-) TimerEvent: {}
[191.992194] (-) TimerEvent: {}
[192.093325] (-) TimerEvent: {}
[192.194646] (-) TimerEvent: {}
[192.296083] (-) TimerEvent: {}
[192.397301] (-) TimerEvent: {}
[192.498448] (-) TimerEvent: {}
[192.600978] (-) TimerEvent: {}
[192.702182] (-) TimerEvent: {}
[192.804245] (-) TimerEvent: {}
[192.907446] (-) TimerEvent: {}
[193.009744] (-) TimerEvent: {}
[193.111078] (-) TimerEvent: {}
[193.213080] (-) TimerEvent: {}
[193.314271] (-) TimerEvent: {}
[193.416210] (-) TimerEvent: {}
[193.517458] (-) TimerEvent: {}
[193.619323] (-) TimerEvent: {}
[193.720462] (-) TimerEvent: {}
[193.821634] (-) TimerEvent: {}
[193.923392] (-) TimerEvent: {}
[194.024675] (-) TimerEvent: {}
[194.126494] (-) TimerEvent: {}
[194.227715] (-) TimerEvent: {}
[194.329816] (-) TimerEvent: {}
[194.431938] (-) TimerEvent: {}
[194.533811] (-) TimerEvent: {}
[194.636235] (-) TimerEvent: {}
[194.737543] (-) TimerEvent: {}
[194.839337] (-) TimerEvent: {}
[194.941340] (-) TimerEvent: {}
[195.043756] (-) TimerEvent: {}
[195.144886] (-) TimerEvent: {}
[195.246301] (-) TimerEvent: {}
[195.347850] (-) TimerEvent: {}
[195.449190] (-) TimerEvent: {}
[195.550536] (-) TimerEvent: {}
[195.651865] (-) TimerEvent: {}
[195.753249] (-) TimerEvent: {}
[195.854605] (-) TimerEvent: {}
[195.956148] (-) TimerEvent: {}
[196.057487] (-) TimerEvent: {}
[196.158785] (-) TimerEvent: {}
[196.260155] (-) TimerEvent: {}
[196.361475] (-) TimerEvent: {}
[196.462895] (-) TimerEvent: {}
[196.564110] (-) TimerEvent: {}
[196.665154] (-) TimerEvent: {}
[196.766569] (-) TimerEvent: {}
[196.868033] (-) TimerEvent: {}
[196.969537] (-) TimerEvent: {}
[197.070919] (-) TimerEvent: {}
[197.172353] (-) TimerEvent: {}
[197.273568] (-) TimerEvent: {}
[197.374740] (-) TimerEvent: {}
[197.476193] (-) TimerEvent: {}
[197.577705] (-) TimerEvent: {}
[197.679666] (-) TimerEvent: {}
[197.780977] (-) TimerEvent: {}
[197.882114] (-) TimerEvent: {}
[197.983384] (-) TimerEvent: {}
[198.084631] (-) TimerEvent: {}
[198.185698] (-) TimerEvent: {}
[198.286809] (-) TimerEvent: {}
[198.387862] (-) TimerEvent: {}
[198.488912] (-) TimerEvent: {}
[198.590100] (-) TimerEvent: {}
[198.691963] (-) TimerEvent: {}
[198.793614] (-) TimerEvent: {}
[198.894785] (-) TimerEvent: {}
[198.995877] (-) TimerEvent: {}
[199.097058] (-) TimerEvent: {}
[199.198240] (-) TimerEvent: {}
[199.299490] (-) TimerEvent: {}
[199.400674] (-) TimerEvent: {}
[199.501789] (-) TimerEvent: {}
[199.602921] (-) TimerEvent: {}
[199.704177] (-) TimerEvent: {}
[199.805360] (-) TimerEvent: {}
[199.907395] (-) TimerEvent: {}
[200.009288] (-) TimerEvent: {}
[200.110788] (-) TimerEvent: {}
[200.212528] (-) TimerEvent: {}
[200.313684] (-) TimerEvent: {}
[200.414777] (-) TimerEvent: {}
[200.516151] (-) TimerEvent: {}
[200.549103] (vesc_driver) StdoutLine: {'line': b'[ 70%] \x1b[32m\x1b[1mLinking CXX shared library libvesc_driver.so\x1b[0m\n'}
[200.616395] (-) TimerEvent: {}
[200.718272] (-) TimerEvent: {}
[200.819534] (-) TimerEvent: {}
[200.920747] (-) TimerEvent: {}
[201.021999] (-) TimerEvent: {}
[201.123298] (-) TimerEvent: {}
[201.224658] (-) TimerEvent: {}
[201.325876] (-) TimerEvent: {}
[201.427725] (-) TimerEvent: {}
[201.529514] (-) TimerEvent: {}
[201.630750] (-) TimerEvent: {}
[201.732922] (-) TimerEvent: {}
[201.834647] (-) TimerEvent: {}
[201.887029] (vesc_ackermann) StdoutLine: {'line': b'[100%] \x1b[32m\x1b[1mLinking CXX shared library libvesc_ackermann.so\x1b[0m\n'}
[201.934910] (-) TimerEvent: {}
[202.036250] (-) TimerEvent: {}
[202.137449] (-) TimerEvent: {}
[202.238515] (-) TimerEvent: {}
[202.339760] (-) TimerEvent: {}
[202.441031] (-) TimerEvent: {}
[202.542134] (-) TimerEvent: {}
[202.643343] (-) TimerEvent: {}
[202.744512] (-) TimerEvent: {}
[202.808493] (vesc_driver) StderrLine: {'line': b'make[2]: warning:  Clock skew detected.  Your build may be incomplete.\n'}
[202.844820] (-) TimerEvent: {}
[202.869029] (vesc_driver) StdoutLine: {'line': b'[ 70%] Built target vesc_driver\n'}
[202.940319] (vesc_driver) StdoutLine: {'line': b'\x1b[35m\x1b[1mScanning dependencies of target vesc_device_namer\x1b[0m\n'}
[202.945058] (-) TimerEvent: {}
[202.973682] (vesc_driver) StderrLine: {'line': b"make[2]: Warning: File '/home/nvidia/f1tenth_ws/src/f1tenth_system/vesc/vesc_driver/src/vesc_device_namer.cpp' has modification time 777669131 s in the future\n"}
[203.033886] (vesc_driver) StdoutLine: {'line': b'[ 80%] \x1b[32mBuilding CXX object CMakeFiles/vesc_device_namer.dir/src/vesc_device_namer.cpp.o\x1b[0m\n'}
[203.045422] (-) TimerEvent: {}
[203.147242] (-) TimerEvent: {}
[203.248403] (-) TimerEvent: {}
[203.349680] (-) TimerEvent: {}
[203.450961] (-) TimerEvent: {}
[203.552257] (-) TimerEvent: {}
[203.653525] (-) TimerEvent: {}
[203.755166] (-) TimerEvent: {}
[203.857226] (-) TimerEvent: {}
[203.959371] (-) TimerEvent: {}
[204.061147] (-) TimerEvent: {}
[204.162546] (-) TimerEvent: {}
[204.263586] (-) TimerEvent: {}
[204.364961] (-) TimerEvent: {}
[204.463194] (vesc_ackermann) StderrLine: {'line': b'make[2]: warning:  Clock skew detected.  Your build may be incomplete.\n'}
[204.465044] (-) TimerEvent: {}
[204.519067] (vesc_ackermann) StdoutLine: {'line': b'[100%] Built target vesc_ackermann\n'}
[204.565329] (-) TimerEvent: {}
[204.589070] (vesc_ackermann) CommandEnded: {'returncode': 0}
[204.665889] (-) TimerEvent: {}
[204.768073] (-) TimerEvent: {}
[204.838299] (vesc_ackermann) JobProgress: {'identifier': 'vesc_ackermann', 'progress': 'install'}
[204.841076] (vesc_ackermann) Command: {'cmd': ['/usr/bin/cmake', '--install', '/home/nvidia/f1tenth_ws/build/vesc_ackermann'], 'cwd': '/home/nvidia/f1tenth_ws/build/vesc_ackermann', 'env': OrderedDict([('LESSOPEN', '| /usr/bin/lesspipe %s'), ('USER', 'nvidia'), ('SSH_CLIENT', '10.131.67.141 46114 22'), ('XDG_SESSION_TYPE', 'tty'), ('SHLVL', '1'), ('LD_LIBRARY_PATH', '/home/nvidia/f1tenth_ws/install/vesc_msgs/lib://home/nvidia/f1tenth_ws/install/vesc_driver/lib://home/nvidia/f1tenth_ws/install/vesc_ackermann/lib://home/nvidia/f1tenth_ws/install/vesc_msgs/lib://home/nvidia/f1tenth_ws/install/teleop_tools_msgs/lib:/usr/lib/aarch64-linux-gnu/gazebo-11/plugins:/opt/ros/foxy/opt/yaml_cpp_vendor/lib:/opt/ros/foxy/opt/rviz_ogre_vendor/lib:/opt/ros/foxy/lib/aarch64-linux-gnu:/opt/ros/foxy/lib:/usr/local/cuda-11.4/lib64'), ('MOTD_SHOWN', 'pam'), ('HOME', '/home/nvidia'), ('OLDPWD', '/home/nvidia'), ('SSH_TTY', '/dev/pts/4'), ('ROS_PYTHON_VERSION', '3'), ('DBUS_SESSION_BUS_ADDRESS', 'unix:path=/run/user/1000/bus'), ('COLCON_PREFIX_PATH', '//home/nvidia/f1tenth_ws/install'), ('ROS_DISTRO', 'foxy'), ('LOGNAME', 'nvidia'), ('_', '/usr/bin/colcon'), ('ROS_VERSION', '2'), ('XDG_SESSION_CLASS', 'user'), ('TERM', 'xterm-256color'), ('XDG_SESSION_ID', '15'), ('GAZEBO_MODEL_PATH', ':/opt/ros/foxy/share/turtlebot3_gazebo/models'), ('ROS_LOCALHOST_ONLY', '0'), ('PATH', '/home/nvidia/.local/bin:/opt/ros/foxy/bin:/usr/local/cuda-11.4/bin:/usr/local/sbin:/usr/local/bin:/usr/sbin:/usr/bin:/sbin:/bin:/usr/games:/usr/local/games:/snap/bin'), ('XDG_RUNTIME_DIR', '/run/user/1000'), ('LANG', 'en_US.UTF-8'), ('LS_COLORS', 'rs=0:di=01;34:ln=01;36:mh=00:pi=40;33:so=01;35:do=01;35:bd=40;33;01:cd=40;33;01:or=40;31;01:mi=00:su=37;41:sg=30;43:ca=30;41:tw=30;42:ow=34;42:st=37;44:ex=01;32:*.tar=01;31:*.tgz=01;31:*.arc=01;31:*.arj=01;31:*.taz=01;31:*.lha=01;31:*.lz4=01;31:*.lzh=01;31:*.lzma=01;31:*.tlz=01;31:*.txz=01;31:*.tzo=01;31:*.t7z=01;31:*.zip=01;31:*.z=01;31:*.dz=01;31:*.gz=01;31:*.lrz=01;31:*.lz=01;31:*.lzo=01;31:*.xz=01;31:*.zst=01;31:*.tzst=01;31:*.bz2=01;31:*.bz=01;31:*.tbz=01;31:*.tbz2=01;31:*.tz=01;31:*.deb=01;31:*.rpm=01;31:*.jar=01;31:*.war=01;31:*.ear=01;31:*.sar=01;31:*.rar=01;31:*.alz=01;31:*.ace=01;31:*.zoo=01;31:*.cpio=01;31:*.7z=01;31:*.rz=01;31:*.cab=01;31:*.wim=01;31:*.swm=01;31:*.dwm=01;31:*.esd=01;31:*.jpg=01;35:*.jpeg=01;35:*.mjpg=01;35:*.mjpeg=01;35:*.gif=01;35:*.bmp=01;35:*.pbm=01;35:*.pgm=01;35:*.ppm=01;35:*.tga=01;35:*.xbm=01;35:*.xpm=01;35:*.tif=01;35:*.tiff=01;35:*.png=01;35:*.svg=01;35:*.svgz=01;35:*.mng=01;35:*.pcx=01;35:*.mov=01;35:*.mpg=01;35:*.mpeg=01;35:*.m2v=01;35:*.mkv=01;35:*.webm=01;35:*.ogm=01;35:*.mp4=01;35:*.m4v=01;35:*.mp4v=01;35:*.vob=01;35:*.qt=01;35:*.nuv=01;35:*.wmv=01;35:*.asf=01;35:*.rm=01;35:*.rmvb=01;35:*.flc=01;35:*.avi=01;35:*.fli=01;35:*.flv=01;35:*.gl=01;35:*.dl=01;35:*.xcf=01;35:*.xwd=01;35:*.yuv=01;35:*.cgm=01;35:*.emf=01;35:*.ogv=01;35:*.ogx=01;35:*.aac=00;36:*.au=00;36:*.flac=00;36:*.m4a=00;36:*.mid=00;36:*.midi=00;36:*.mka=00;36:*.mp3=00;36:*.mpc=00;36:*.ogg=00;36:*.ra=00;36:*.wav=00;36:*.oga=00;36:*.opus=00;36:*.spx=00;36:*.xspf=00;36:'), ('ROS_DOMAIN_ID', '10'), ('AMENT_PREFIX_PATH', '/home/nvidia/f1tenth_ws/install/vesc_msgs://home/nvidia/f1tenth_ws/install/f1tenth_stack://home/nvidia/f1tenth_ws/install/vesc://home/nvidia/f1tenth_ws/install/vesc_driver://home/nvidia/f1tenth_ws/install/vesc_ackermann://home/nvidia/f1tenth_ws/install/vesc_msgs://home/nvidia/f1tenth_ws/install/teleop_tools://home/nvidia/f1tenth_ws/install/joy_teleop://home/nvidia/f1tenth_ws/install/teleop_tools_msgs://home/nvidia/f1tenth_ws/install/pure_pursuit://home/nvidia/f1tenth_ws/install/phasespace://home/nvidia/f1tenth_ws/install/new_map_saver://home/nvidia/f1tenth_ws/install/mouse_teleop://home/nvidia/f1tenth_ws/install/mapping://home/nvidia/f1tenth_ws/install/key_teleop://home/nvidia/f1tenth_ws/install/f1tenth_controllers://home/nvidia/f1tenth_ws/install/ackermann_mux:/opt/ros/foxy'), ('SHELL', '/bin/bash'), ('LESSCLOSE', '/usr/bin/lesspipe %s %s'), ('PWD', '/home/nvidia/f1tenth_ws/build/vesc_ackermann'), ('TURTLEBOT3_MODEL', 'waffle'), ('LC_ALL', 'en_US.UTF-8'), ('SSH_CONNECTION', '10.131.67.141 46114 10.131.142.84 22'), ('XDG_DATA_DIRS', '/usr/local/share:/usr/share:/var/lib/snapd/desktop'), ('PYTHONPATH', '/home/nvidia/f1tenth_ws/install/vesc_msgs/lib/python3.8/site-packages://home/nvidia/f1tenth_ws/install/f1tenth_stack/lib/python3.8/site-packages://home/nvidia/f1tenth_ws/install/vesc_msgs/lib/python3.8/site-packages://home/nvidia/f1tenth_ws/install/joy_teleop/lib/python3.8/site-packages://home/nvidia/f1tenth_ws/install/teleop_tools_msgs/lib/python3.8/site-packages://home/nvidia/f1tenth_ws/install/phasespace/lib/python3.8/site-packages://home/nvidia/f1tenth_ws/install/new_map_saver/lib/python3.8/site-packages://home/nvidia/f1tenth_ws/install/mouse_teleop/lib/python3.8/site-packages://home/nvidia/f1tenth_ws/install/mapping/lib/python3.8/site-packages://home/nvidia/f1tenth_ws/install/key_teleop/lib/python3.8/site-packages://home/nvidia/f1tenth_ws/install/f1tenth_controllers/lib/python3.8/site-packages:/opt/ros/foxy/lib/python3.8/site-packages'), ('COLCON', '1'), ('CMAKE_PREFIX_PATH', '/home/nvidia/f1tenth_ws/install/vesc_msgs://home/nvidia/f1tenth_ws/install/vesc://home/nvidia/f1tenth_ws/install/vesc_driver://home/nvidia/f1tenth_ws/install/vesc_ackermann://home/nvidia/f1tenth_ws/install/vesc_msgs://home/nvidia/f1tenth_ws/install/teleop_tools://home/nvidia/f1tenth_ws/install/teleop_tools_msgs://home/nvidia/f1tenth_ws/install/pure_pursuit://home/nvidia/f1tenth_ws/install/ackermann_mux://home/nvidia/f1tenth_ws/install/f1tenth_stack://home/nvidia/f1tenth_ws/install/joy_teleop://home/nvidia/f1tenth_ws/install/phasespace://home/nvidia/f1tenth_ws/install/new_map_saver://home/nvidia/f1tenth_ws/install/mouse_teleop://home/nvidia/f1tenth_ws/install/mapping://home/nvidia/f1tenth_ws/install/key_teleop://home/nvidia/f1tenth_ws/install/f1tenth_controllers:/opt/ros/foxy')]), 'shell': False}
[204.868583] (-) TimerEvent: {}
[204.906405] (vesc_ackermann) StdoutLine: {'line': b'-- Install configuration: ""\n'}
[204.908221] (vesc_ackermann) StdoutLine: {'line': b'-- Installing: /home/nvidia/f1tenth_ws/install/vesc_ackermann/lib/vesc_ackermann/ackermann_to_vesc_node\n'}
[204.914784] (vesc_ackermann) StdoutLine: {'line': b'-- Set runtime path of "/home/nvidia/f1tenth_ws/install/vesc_ackermann/lib/vesc_ackermann/ackermann_to_vesc_node" to ""\n'}
[204.916057] (vesc_ackermann) StdoutLine: {'line': b'-- Installing: /home/nvidia/f1tenth_ws/install/vesc_ackermann/lib/vesc_ackermann/vesc_to_odom_node\n'}
[204.922229] (vesc_ackermann) StdoutLine: {'line': b'-- Set runtime path of "/home/nvidia/f1tenth_ws/install/vesc_ackermann/lib/vesc_ackermann/vesc_to_odom_node" to ""\n'}
[204.923678] (vesc_ackermann) StdoutLine: {'line': b'-- Installing: /home/nvidia/f1tenth_ws/install/vesc_ackermann/include\n'}
[204.924427] (vesc_ackermann) StdoutLine: {'line': b'-- Installing: /home/nvidia/f1tenth_ws/install/vesc_ackermann/include/vesc_ackermann\n'}
[204.924983] (vesc_ackermann) StdoutLine: {'line': b'-- Installing: /home/nvidia/f1tenth_ws/install/vesc_ackermann/include/vesc_ackermann/vesc_to_odom.hpp\n'}
[204.927111] (vesc_ackermann) StdoutLine: {'line': b'-- Installing: /home/nvidia/f1tenth_ws/install/vesc_ackermann/include/vesc_ackermann/ackermann_to_vesc.hpp\n'}
[204.927865] (vesc_ackermann) StdoutLine: {'line': b'-- Installing: /home/nvidia/f1tenth_ws/install/vesc_ackermann/share/vesc_ackermann/environment/library_path.sh\n'}
[204.928626] (vesc_ackermann) StdoutLine: {'line': b'-- Installing: /home/nvidia/f1tenth_ws/install/vesc_ackermann/share/vesc_ackermann/environment/library_path.dsv\n'}
[204.929681] (vesc_ackermann) StdoutLine: {'line': b'-- Installing: /home/nvidia/f1tenth_ws/install/vesc_ackermann/lib/libvesc_ackermann.so\n'}
[204.968672] (-) TimerEvent: {}
[204.999211] (vesc_ackermann) StdoutLine: {'line': b'-- Set runtime path of "/home/nvidia/f1tenth_ws/install/vesc_ackermann/lib/libvesc_ackermann.so" to ""\n'}
[205.000658] (vesc_ackermann) StdoutLine: {'line': b'-- Installing: /home/nvidia/f1tenth_ws/install/vesc_ackermann/share/vesc_ackermann/launch\n'}
[205.001594] (vesc_ackermann) StdoutLine: {'line': b'-- Installing: /home/nvidia/f1tenth_ws/install/vesc_ackermann/share/vesc_ackermann/launch/ackermann_to_vesc_node.launch.xml\n'}
[205.002183] (vesc_ackermann) StdoutLine: {'line': b'-- Installing: /home/nvidia/f1tenth_ws/install/vesc_ackermann/share/vesc_ackermann/launch/vesc_to_odom_node.launch.xml\n'}
[205.003440] (vesc_ackermann) StdoutLine: {'line': b'-- Installing: /home/nvidia/f1tenth_ws/install/vesc_ackermann/share/ament_index/resource_index/package_run_dependencies/vesc_ackermann\n'}
[205.005149] (vesc_ackermann) StdoutLine: {'line': b'-- Installing: /home/nvidia/f1tenth_ws/install/vesc_ackermann/share/ament_index/resource_index/parent_prefix_path/vesc_ackermann\n'}
[205.007342] (vesc_ackermann) StdoutLine: {'line': b'-- Installing: /home/nvidia/f1tenth_ws/install/vesc_ackermann/share/vesc_ackermann/environment/ament_prefix_path.sh\n'}
[205.009936] (vesc_ackermann) StdoutLine: {'line': b'-- Installing: /home/nvidia/f1tenth_ws/install/vesc_ackermann/share/vesc_ackermann/environment/ament_prefix_path.dsv\n'}
[205.010590] (vesc_ackermann) StdoutLine: {'line': b'-- Installing: /home/nvidia/f1tenth_ws/install/vesc_ackermann/share/vesc_ackermann/environment/path.sh\n'}
[205.012249] (vesc_ackermann) StdoutLine: {'line': b'-- Installing: /home/nvidia/f1tenth_ws/install/vesc_ackermann/share/vesc_ackermann/environment/path.dsv\n'}
[205.013261] (vesc_ackermann) StdoutLine: {'line': b'-- Installing: /home/nvidia/f1tenth_ws/install/vesc_ackermann/share/vesc_ackermann/local_setup.bash\n'}
[205.014621] (vesc_ackermann) StdoutLine: {'line': b'-- Installing: /home/nvidia/f1tenth_ws/install/vesc_ackermann/share/vesc_ackermann/local_setup.sh\n'}
[205.016265] (vesc_ackermann) StdoutLine: {'line': b'-- Installing: /home/nvidia/f1tenth_ws/install/vesc_ackermann/share/vesc_ackermann/local_setup.zsh\n'}
[205.017103] (vesc_ackermann) StdoutLine: {'line': b'-- Installing: /home/nvidia/f1tenth_ws/install/vesc_ackermann/share/vesc_ackermann/local_setup.dsv\n'}
[205.020072] (vesc_ackermann) StdoutLine: {'line': b'-- Installing: /home/nvidia/f1tenth_ws/install/vesc_ackermann/share/vesc_ackermann/package.dsv\n'}
[205.022161] (vesc_ackermann) StdoutLine: {'line': b'-- Installing: /home/nvidia/f1tenth_ws/install/vesc_ackermann/share/ament_index/resource_index/packages/vesc_ackermann\n'}
[205.023696] (vesc_ackermann) StdoutLine: {'line': b'-- Installing: /home/nvidia/f1tenth_ws/install/vesc_ackermann/share/ament_index/resource_index/rclcpp_components/vesc_ackermann\n'}
[205.025642] (vesc_ackermann) StdoutLine: {'line': b'-- Installing: /home/nvidia/f1tenth_ws/install/vesc_ackermann/share/vesc_ackermann/cmake/ament_cmake_export_dependencies-extras.cmake\n'}
[205.026907] (vesc_ackermann) StdoutLine: {'line': b'-- Installing: /home/nvidia/f1tenth_ws/install/vesc_ackermann/share/vesc_ackermann/cmake/ament_cmake_export_include_directories-extras.cmake\n'}
[205.028950] (vesc_ackermann) StdoutLine: {'line': b'-- Installing: /home/nvidia/f1tenth_ws/install/vesc_ackermann/share/vesc_ackermann/cmake/ament_cmake_export_libraries-extras.cmake\n'}
[205.029925] (vesc_ackermann) StdoutLine: {'line': b'-- Installing: /home/nvidia/f1tenth_ws/install/vesc_ackermann/share/vesc_ackermann/cmake/vesc_ackermannConfig.cmake\n'}
[205.031036] (vesc_ackermann) StdoutLine: {'line': b'-- Installing: /home/nvidia/f1tenth_ws/install/vesc_ackermann/share/vesc_ackermann/cmake/vesc_ackermannConfig-version.cmake\n'}
[205.032904] (vesc_ackermann) StdoutLine: {'line': b'-- Installing: /home/nvidia/f1tenth_ws/install/vesc_ackermann/share/vesc_ackermann/package.xml\n'}
[205.043331] (vesc_ackermann) CommandEnded: {'returncode': 0}
[205.069202] (-) TimerEvent: {}
[205.172585] (-) TimerEvent: {}
[205.275633] (-) TimerEvent: {}
[205.377913] (-) TimerEvent: {}
[205.394403] (vesc_driver) StdoutLine: {'line': b'[ 90%] \x1b[32mBuilding CXX object CMakeFiles/vesc_device_namer.dir/src/vesc_device_uuid_lookup.cpp.o\x1b[0m\n'}
[205.409658] (vesc_ackermann) JobEnded: {'identifier': 'vesc_ackermann', 'rc': 0}
[205.478166] (-) TimerEvent: {}
[205.579338] (-) TimerEvent: {}
[205.680442] (-) TimerEvent: {}
[205.781578] (-) TimerEvent: {}
[205.882736] (-) TimerEvent: {}
[205.984179] (-) TimerEvent: {}
[206.085219] (-) TimerEvent: {}
[206.186323] (-) TimerEvent: {}
[206.287448] (-) TimerEvent: {}
[206.388507] (-) TimerEvent: {}
[206.489607] (-) TimerEvent: {}
[206.590809] (-) TimerEvent: {}
[206.691860] (-) TimerEvent: {}
[206.792932] (-) TimerEvent: {}
[206.893949] (-) TimerEvent: {}
[206.995046] (-) TimerEvent: {}
[207.096218] (-) TimerEvent: {}
[207.197382] (-) TimerEvent: {}
[207.298557] (-) TimerEvent: {}
[207.399790] (-) TimerEvent: {}
[207.500888] (-) TimerEvent: {}
[207.601882] (-) TimerEvent: {}
[207.702942] (-) TimerEvent: {}
[207.804093] (-) TimerEvent: {}
[207.905234] (-) TimerEvent: {}
[208.006405] (-) TimerEvent: {}
[208.107406] (-) TimerEvent: {}
[208.208436] (-) TimerEvent: {}
[208.309554] (-) TimerEvent: {}
[208.380699] (vesc_driver) StdoutLine: {'line': b'[100%] \x1b[32m\x1b[1mLinking CXX executable vesc_device_namer\x1b[0m\n'}
[208.409919] (-) TimerEvent: {}
[208.510978] (-) TimerEvent: {}
[208.612138] (-) TimerEvent: {}
[208.713318] (-) TimerEvent: {}
[208.814503] (-) TimerEvent: {}
[208.915956] (-) TimerEvent: {}
[209.017368] (-) TimerEvent: {}
[209.118576] (-) TimerEvent: {}
[209.220009] (-) TimerEvent: {}
[209.321542] (-) TimerEvent: {}
[209.337945] (vesc_driver) StderrLine: {'line': b'make[2]: warning:  Clock skew detected.  Your build may be incomplete.\n'}
[209.390474] (vesc_driver) StdoutLine: {'line': b'[100%] Built target vesc_device_namer\n'}
[209.421820] (-) TimerEvent: {}
[209.457589] (vesc_driver) CommandEnded: {'returncode': 0}
[209.522650] (-) TimerEvent: {}
[209.624931] (-) TimerEvent: {}
[209.728097] (vesc_driver) JobProgress: {'identifier': 'vesc_driver', 'progress': 'install'}
[209.728451] (-) TimerEvent: {}
[209.732455] (vesc_driver) Command: {'cmd': ['/usr/bin/cmake', '--install', '/home/nvidia/f1tenth_ws/build/vesc_driver'], 'cwd': '/home/nvidia/f1tenth_ws/build/vesc_driver', 'env': OrderedDict([('LESSOPEN', '| /usr/bin/lesspipe %s'), ('USER', 'nvidia'), ('SSH_CLIENT', '10.131.67.141 46114 22'), ('XDG_SESSION_TYPE', 'tty'), ('SHLVL', '1'), ('LD_LIBRARY_PATH', '/home/nvidia/f1tenth_ws/install/vesc_msgs/lib://home/nvidia/f1tenth_ws/install/vesc_driver/lib://home/nvidia/f1tenth_ws/install/vesc_ackermann/lib://home/nvidia/f1tenth_ws/install/vesc_msgs/lib://home/nvidia/f1tenth_ws/install/teleop_tools_msgs/lib:/usr/lib/aarch64-linux-gnu/gazebo-11/plugins:/opt/ros/foxy/opt/yaml_cpp_vendor/lib:/opt/ros/foxy/opt/rviz_ogre_vendor/lib:/opt/ros/foxy/lib/aarch64-linux-gnu:/opt/ros/foxy/lib:/usr/local/cuda-11.4/lib64'), ('MOTD_SHOWN', 'pam'), ('HOME', '/home/nvidia'), ('OLDPWD', '/home/nvidia'), ('SSH_TTY', '/dev/pts/4'), ('ROS_PYTHON_VERSION', '3'), ('DBUS_SESSION_BUS_ADDRESS', 'unix:path=/run/user/1000/bus'), ('COLCON_PREFIX_PATH', '//home/nvidia/f1tenth_ws/install'), ('ROS_DISTRO', 'foxy'), ('LOGNAME', 'nvidia'), ('_', '/usr/bin/colcon'), ('ROS_VERSION', '2'), ('XDG_SESSION_CLASS', 'user'), ('TERM', 'xterm-256color'), ('XDG_SESSION_ID', '15'), ('GAZEBO_MODEL_PATH', ':/opt/ros/foxy/share/turtlebot3_gazebo/models'), ('ROS_LOCALHOST_ONLY', '0'), ('PATH', '/home/nvidia/.local/bin:/opt/ros/foxy/bin:/usr/local/cuda-11.4/bin:/usr/local/sbin:/usr/local/bin:/usr/sbin:/usr/bin:/sbin:/bin:/usr/games:/usr/local/games:/snap/bin'), ('XDG_RUNTIME_DIR', '/run/user/1000'), ('LANG', 'en_US.UTF-8'), ('LS_COLORS', 'rs=0:di=01;34:ln=01;36:mh=00:pi=40;33:so=01;35:do=01;35:bd=40;33;01:cd=40;33;01:or=40;31;01:mi=00:su=37;41:sg=30;43:ca=30;41:tw=30;42:ow=34;42:st=37;44:ex=01;32:*.tar=01;31:*.tgz=01;31:*.arc=01;31:*.arj=01;31:*.taz=01;31:*.lha=01;31:*.lz4=01;31:*.lzh=01;31:*.lzma=01;31:*.tlz=01;31:*.txz=01;31:*.tzo=01;31:*.t7z=01;31:*.zip=01;31:*.z=01;31:*.dz=01;31:*.gz=01;31:*.lrz=01;31:*.lz=01;31:*.lzo=01;31:*.xz=01;31:*.zst=01;31:*.tzst=01;31:*.bz2=01;31:*.bz=01;31:*.tbz=01;31:*.tbz2=01;31:*.tz=01;31:*.deb=01;31:*.rpm=01;31:*.jar=01;31:*.war=01;31:*.ear=01;31:*.sar=01;31:*.rar=01;31:*.alz=01;31:*.ace=01;31:*.zoo=01;31:*.cpio=01;31:*.7z=01;31:*.rz=01;31:*.cab=01;31:*.wim=01;31:*.swm=01;31:*.dwm=01;31:*.esd=01;31:*.jpg=01;35:*.jpeg=01;35:*.mjpg=01;35:*.mjpeg=01;35:*.gif=01;35:*.bmp=01;35:*.pbm=01;35:*.pgm=01;35:*.ppm=01;35:*.tga=01;35:*.xbm=01;35:*.xpm=01;35:*.tif=01;35:*.tiff=01;35:*.png=01;35:*.svg=01;35:*.svgz=01;35:*.mng=01;35:*.pcx=01;35:*.mov=01;35:*.mpg=01;35:*.mpeg=01;35:*.m2v=01;35:*.mkv=01;35:*.webm=01;35:*.ogm=01;35:*.mp4=01;35:*.m4v=01;35:*.mp4v=01;35:*.vob=01;35:*.qt=01;35:*.nuv=01;35:*.wmv=01;35:*.asf=01;35:*.rm=01;35:*.rmvb=01;35:*.flc=01;35:*.avi=01;35:*.fli=01;35:*.flv=01;35:*.gl=01;35:*.dl=01;35:*.xcf=01;35:*.xwd=01;35:*.yuv=01;35:*.cgm=01;35:*.emf=01;35:*.ogv=01;35:*.ogx=01;35:*.aac=00;36:*.au=00;36:*.flac=00;36:*.m4a=00;36:*.mid=00;36:*.midi=00;36:*.mka=00;36:*.mp3=00;36:*.mpc=00;36:*.ogg=00;36:*.ra=00;36:*.wav=00;36:*.oga=00;36:*.opus=00;36:*.spx=00;36:*.xspf=00;36:'), ('ROS_DOMAIN_ID', '10'), ('AMENT_PREFIX_PATH', '/home/nvidia/f1tenth_ws/install/vesc_msgs://home/nvidia/f1tenth_ws/install/f1tenth_stack://home/nvidia/f1tenth_ws/install/vesc://home/nvidia/f1tenth_ws/install/vesc_driver://home/nvidia/f1tenth_ws/install/vesc_ackermann://home/nvidia/f1tenth_ws/install/vesc_msgs://home/nvidia/f1tenth_ws/install/teleop_tools://home/nvidia/f1tenth_ws/install/joy_teleop://home/nvidia/f1tenth_ws/install/teleop_tools_msgs://home/nvidia/f1tenth_ws/install/pure_pursuit://home/nvidia/f1tenth_ws/install/phasespace://home/nvidia/f1tenth_ws/install/new_map_saver://home/nvidia/f1tenth_ws/install/mouse_teleop://home/nvidia/f1tenth_ws/install/mapping://home/nvidia/f1tenth_ws/install/key_teleop://home/nvidia/f1tenth_ws/install/f1tenth_controllers://home/nvidia/f1tenth_ws/install/ackermann_mux:/opt/ros/foxy'), ('SHELL', '/bin/bash'), ('LESSCLOSE', '/usr/bin/lesspipe %s %s'), ('PWD', '/home/nvidia/f1tenth_ws/build/vesc_driver'), ('TURTLEBOT3_MODEL', 'waffle'), ('LC_ALL', 'en_US.UTF-8'), ('SSH_CONNECTION', '10.131.67.141 46114 10.131.142.84 22'), ('XDG_DATA_DIRS', '/usr/local/share:/usr/share:/var/lib/snapd/desktop'), ('PYTHONPATH', '/home/nvidia/f1tenth_ws/install/vesc_msgs/lib/python3.8/site-packages://home/nvidia/f1tenth_ws/install/f1tenth_stack/lib/python3.8/site-packages://home/nvidia/f1tenth_ws/install/vesc_msgs/lib/python3.8/site-packages://home/nvidia/f1tenth_ws/install/joy_teleop/lib/python3.8/site-packages://home/nvidia/f1tenth_ws/install/teleop_tools_msgs/lib/python3.8/site-packages://home/nvidia/f1tenth_ws/install/phasespace/lib/python3.8/site-packages://home/nvidia/f1tenth_ws/install/new_map_saver/lib/python3.8/site-packages://home/nvidia/f1tenth_ws/install/mouse_teleop/lib/python3.8/site-packages://home/nvidia/f1tenth_ws/install/mapping/lib/python3.8/site-packages://home/nvidia/f1tenth_ws/install/key_teleop/lib/python3.8/site-packages://home/nvidia/f1tenth_ws/install/f1tenth_controllers/lib/python3.8/site-packages:/opt/ros/foxy/lib/python3.8/site-packages'), ('COLCON', '1'), ('CMAKE_PREFIX_PATH', '/home/nvidia/f1tenth_ws/install/vesc_msgs://home/nvidia/f1tenth_ws/install/vesc://home/nvidia/f1tenth_ws/install/vesc_driver://home/nvidia/f1tenth_ws/install/vesc_ackermann://home/nvidia/f1tenth_ws/install/vesc_msgs://home/nvidia/f1tenth_ws/install/teleop_tools://home/nvidia/f1tenth_ws/install/teleop_tools_msgs://home/nvidia/f1tenth_ws/install/pure_pursuit://home/nvidia/f1tenth_ws/install/ackermann_mux://home/nvidia/f1tenth_ws/install/f1tenth_stack://home/nvidia/f1tenth_ws/install/joy_teleop://home/nvidia/f1tenth_ws/install/phasespace://home/nvidia/f1tenth_ws/install/new_map_saver://home/nvidia/f1tenth_ws/install/mouse_teleop://home/nvidia/f1tenth_ws/install/mapping://home/nvidia/f1tenth_ws/install/key_teleop://home/nvidia/f1tenth_ws/install/f1tenth_controllers:/opt/ros/foxy')]), 'shell': False}
[209.794354] (vesc_driver) StdoutLine: {'line': b'-- Install configuration: ""\n'}
[209.795897] (vesc_driver) StdoutLine: {'line': b'-- Installing: /home/nvidia/f1tenth_ws/install/vesc_driver/lib/vesc_driver/vesc_driver_node\n'}
[209.802200] (vesc_driver) StdoutLine: {'line': b'-- Set runtime path of "/home/nvidia/f1tenth_ws/install/vesc_driver/lib/vesc_driver/vesc_driver_node" to ""\n'}
[209.802987] (vesc_driver) StdoutLine: {'line': b'-- Installing: /home/nvidia/f1tenth_ws/install/vesc_driver/include\n'}
[209.803625] (vesc_driver) StdoutLine: {'line': b'-- Installing: /home/nvidia/f1tenth_ws/install/vesc_driver/include/vesc_driver\n'}
[209.804193] (vesc_driver) StdoutLine: {'line': b'-- Installing: /home/nvidia/f1tenth_ws/install/vesc_driver/include/vesc_driver/vesc_interface.hpp\n'}
[209.804829] (vesc_driver) StdoutLine: {'line': b'-- Installing: /home/nvidia/f1tenth_ws/install/vesc_driver/include/vesc_driver/vesc_driver.hpp\n'}
[209.805773] (vesc_driver) StdoutLine: {'line': b'-- Installing: /home/nvidia/f1tenth_ws/install/vesc_driver/include/vesc_driver/vesc_packet.hpp\n'}
[209.806934] (vesc_driver) StdoutLine: {'line': b'-- Installing: /home/nvidia/f1tenth_ws/install/vesc_driver/include/vesc_driver/vesc_packet_factory.hpp\n'}
[209.808299] (vesc_driver) StdoutLine: {'line': b'-- Installing: /home/nvidia/f1tenth_ws/install/vesc_driver/include/vesc_driver/datatypes.hpp\n'}
[209.810175] (vesc_driver) StdoutLine: {'line': b'-- Installing: /home/nvidia/f1tenth_ws/install/vesc_driver/include/vesc_driver/crc.hpp\n'}
[209.812056] (vesc_driver) StdoutLine: {'line': b'-- Installing: /home/nvidia/f1tenth_ws/install/vesc_driver/include/vesc_driver/vesc_device_uuid_lookup.hpp\n'}
[209.813915] (vesc_driver) StdoutLine: {'line': b'-- Installing: /home/nvidia/f1tenth_ws/install/vesc_driver/share/vesc_driver/environment/library_path.sh\n'}
[209.815397] (vesc_driver) StdoutLine: {'line': b'-- Installing: /home/nvidia/f1tenth_ws/install/vesc_driver/share/vesc_driver/environment/library_path.dsv\n'}
[209.817189] (vesc_driver) StdoutLine: {'line': b'-- Installing: /home/nvidia/f1tenth_ws/install/vesc_driver/lib/libvesc_driver.so\n'}
[209.828697] (-) TimerEvent: {}
[209.868994] (vesc_driver) StdoutLine: {'line': b'-- Set runtime path of "/home/nvidia/f1tenth_ws/install/vesc_driver/lib/libvesc_driver.so" to ""\n'}
[209.870146] (vesc_driver) StdoutLine: {'line': b'-- Installing: /home/nvidia/f1tenth_ws/install/vesc_driver/lib/vesc_driver/vesc_device_namer\n'}
[209.874552] (vesc_driver) StdoutLine: {'line': b'-- Set runtime path of "/home/nvidia/f1tenth_ws/install/vesc_driver/lib/vesc_driver/vesc_device_namer" to ""\n'}
[209.876130] (vesc_driver) StdoutLine: {'line': b'-- Installing: /home/nvidia/f1tenth_ws/install/vesc_driver/share/vesc_driver/launch\n'}
[209.877040] (vesc_driver) StdoutLine: {'line': b'-- Installing: /home/nvidia/f1tenth_ws/install/vesc_driver/share/vesc_driver/launch/vesc_driver_node.launch.py\n'}
[209.877699] (vesc_driver) StdoutLine: {'line': b'-- Installing: /home/nvidia/f1tenth_ws/install/vesc_driver/share/vesc_driver/params\n'}
[209.878230] (vesc_driver) StdoutLine: {'line': b'-- Installing: /home/nvidia/f1tenth_ws/install/vesc_driver/share/vesc_driver/params/vesc_config.yaml\n'}
[209.879099] (vesc_driver) StdoutLine: {'line': b'-- Installing: /home/nvidia/f1tenth_ws/install/vesc_driver/share/ament_index/resource_index/package_run_dependencies/vesc_driver\n'}
[209.880759] (vesc_driver) StdoutLine: {'line': b'-- Installing: /home/nvidia/f1tenth_ws/install/vesc_driver/share/ament_index/resource_index/parent_prefix_path/vesc_driver\n'}
[209.883301] (vesc_driver) StdoutLine: {'line': b'-- Installing: /home/nvidia/f1tenth_ws/install/vesc_driver/share/vesc_driver/environment/ament_prefix_path.sh\n'}
[209.884457] (vesc_driver) StdoutLine: {'line': b'-- Installing: /home/nvidia/f1tenth_ws/install/vesc_driver/share/vesc_driver/environment/ament_prefix_path.dsv\n'}
[209.885236] (vesc_driver) StdoutLine: {'line': b'-- Installing: /home/nvidia/f1tenth_ws/install/vesc_driver/share/vesc_driver/environment/path.sh\n'}
[209.886068] (vesc_driver) StdoutLine: {'line': b'-- Installing: /home/nvidia/f1tenth_ws/install/vesc_driver/share/vesc_driver/environment/path.dsv\n'}
[209.887371] (vesc_driver) StdoutLine: {'line': b'-- Installing: /home/nvidia/f1tenth_ws/install/vesc_driver/share/vesc_driver/local_setup.bash\n'}
[209.888702] (vesc_driver) StdoutLine: {'line': b'-- Installing: /home/nvidia/f1tenth_ws/install/vesc_driver/share/vesc_driver/local_setup.sh\n'}
[209.889996] (vesc_driver) StdoutLine: {'line': b'-- Installing: /home/nvidia/f1tenth_ws/install/vesc_driver/share/vesc_driver/local_setup.zsh\n'}
[209.891345] (vesc_driver) StdoutLine: {'line': b'-- Installing: /home/nvidia/f1tenth_ws/install/vesc_driver/share/vesc_driver/local_setup.dsv\n'}
[209.892624] (vesc_driver) StdoutLine: {'line': b'-- Installing: /home/nvidia/f1tenth_ws/install/vesc_driver/share/vesc_driver/package.dsv\n'}
[209.894159] (vesc_driver) StdoutLine: {'line': b'-- Installing: /home/nvidia/f1tenth_ws/install/vesc_driver/share/ament_index/resource_index/packages/vesc_driver\n'}
[209.895599] (vesc_driver) StdoutLine: {'line': b'-- Installing: /home/nvidia/f1tenth_ws/install/vesc_driver/share/ament_index/resource_index/rclcpp_components/vesc_driver\n'}
[209.897408] (vesc_driver) StdoutLine: {'line': b'-- Installing: /home/nvidia/f1tenth_ws/install/vesc_driver/share/vesc_driver/cmake/ament_cmake_export_dependencies-extras.cmake\n'}
[209.898528] (vesc_driver) StdoutLine: {'line': b'-- Installing: /home/nvidia/f1tenth_ws/install/vesc_driver/share/vesc_driver/cmake/ament_cmake_export_include_directories-extras.cmake\n'}
[209.899874] (vesc_driver) StdoutLine: {'line': b'-- Installing: /home/nvidia/f1tenth_ws/install/vesc_driver/share/vesc_driver/cmake/ament_cmake_export_libraries-extras.cmake\n'}
[209.900894] (vesc_driver) StdoutLine: {'line': b'-- Installing: /home/nvidia/f1tenth_ws/install/vesc_driver/share/vesc_driver/cmake/vesc_driverConfig.cmake\n'}
[209.901913] (vesc_driver) StdoutLine: {'line': b'-- Installing: /home/nvidia/f1tenth_ws/install/vesc_driver/share/vesc_driver/cmake/vesc_driverConfig-version.cmake\n'}
[209.903229] (vesc_driver) StdoutLine: {'line': b'-- Installing: /home/nvidia/f1tenth_ws/install/vesc_driver/share/vesc_driver/package.xml\n'}
[209.913375] (vesc_driver) CommandEnded: {'returncode': 0}
[209.929566] (-) TimerEvent: {}
[210.031709] (-) TimerEvent: {}
[210.133994] (-) TimerEvent: {}
[210.235730] (-) TimerEvent: {}
[210.280962] (vesc_driver) JobEnded: {'identifier': 'vesc_driver', 'rc': 0}
[210.288157] (vesc) JobStarted: {'identifier': 'vesc'}
[210.336638] (-) TimerEvent: {}
[210.391105] (vesc) JobProgress: {'identifier': 'vesc', 'progress': 'cmake'}
[210.400720] (vesc) Command: {'cmd': ['/usr/bin/cmake', '/home/nvidia/f1tenth_ws/src/f1tenth_system/vesc/vesc', '-DCMAKE_INSTALL_PREFIX=/home/nvidia/f1tenth_ws/install/vesc'], 'cwd': '/home/nvidia/f1tenth_ws/build/vesc', 'env': OrderedDict([('LESSOPEN', '| /usr/bin/lesspipe %s'), ('USER', 'nvidia'), ('SSH_CLIENT', '10.131.67.141 46114 22'), ('XDG_SESSION_TYPE', 'tty'), ('SHLVL', '1'), ('LD_LIBRARY_PATH', '/home/nvidia/f1tenth_ws/install/vesc_driver/lib:/home/nvidia/f1tenth_ws/install/vesc_ackermann/lib:/home/nvidia/f1tenth_ws/install/vesc_msgs/lib://home/nvidia/f1tenth_ws/install/vesc_driver/lib://home/nvidia/f1tenth_ws/install/vesc_ackermann/lib://home/nvidia/f1tenth_ws/install/vesc_msgs/lib://home/nvidia/f1tenth_ws/install/teleop_tools_msgs/lib:/usr/lib/aarch64-linux-gnu/gazebo-11/plugins:/opt/ros/foxy/opt/yaml_cpp_vendor/lib:/opt/ros/foxy/opt/rviz_ogre_vendor/lib:/opt/ros/foxy/lib/aarch64-linux-gnu:/opt/ros/foxy/lib:/usr/local/cuda-11.4/lib64'), ('MOTD_SHOWN', 'pam'), ('HOME', '/home/nvidia'), ('OLDPWD', '/home/nvidia'), ('SSH_TTY', '/dev/pts/4'), ('ROS_PYTHON_VERSION', '3'), ('DBUS_SESSION_BUS_ADDRESS', 'unix:path=/run/user/1000/bus'), ('COLCON_PREFIX_PATH', '//home/nvidia/f1tenth_ws/install'), ('ROS_DISTRO', 'foxy'), ('LOGNAME', 'nvidia'), ('_', '/usr/bin/colcon'), ('ROS_VERSION', '2'), ('XDG_SESSION_CLASS', 'user'), ('TERM', 'xterm-256color'), ('XDG_SESSION_ID', '15'), ('GAZEBO_MODEL_PATH', ':/opt/ros/foxy/share/turtlebot3_gazebo/models'), ('ROS_LOCALHOST_ONLY', '0'), ('PATH', '/home/nvidia/.local/bin:/opt/ros/foxy/bin:/usr/local/cuda-11.4/bin:/usr/local/sbin:/usr/local/bin:/usr/sbin:/usr/bin:/sbin:/bin:/usr/games:/usr/local/games:/snap/bin'), ('XDG_RUNTIME_DIR', '/run/user/1000'), ('LANG', 'en_US.UTF-8'), ('LS_COLORS', 'rs=0:di=01;34:ln=01;36:mh=00:pi=40;33:so=01;35:do=01;35:bd=40;33;01:cd=40;33;01:or=40;31;01:mi=00:su=37;41:sg=30;43:ca=30;41:tw=30;42:ow=34;42:st=37;44:ex=01;32:*.tar=01;31:*.tgz=01;31:*.arc=01;31:*.arj=01;31:*.taz=01;31:*.lha=01;31:*.lz4=01;31:*.lzh=01;31:*.lzma=01;31:*.tlz=01;31:*.txz=01;31:*.tzo=01;31:*.t7z=01;31:*.zip=01;31:*.z=01;31:*.dz=01;31:*.gz=01;31:*.lrz=01;31:*.lz=01;31:*.lzo=01;31:*.xz=01;31:*.zst=01;31:*.tzst=01;31:*.bz2=01;31:*.bz=01;31:*.tbz=01;31:*.tbz2=01;31:*.tz=01;31:*.deb=01;31:*.rpm=01;31:*.jar=01;31:*.war=01;31:*.ear=01;31:*.sar=01;31:*.rar=01;31:*.alz=01;31:*.ace=01;31:*.zoo=01;31:*.cpio=01;31:*.7z=01;31:*.rz=01;31:*.cab=01;31:*.wim=01;31:*.swm=01;31:*.dwm=01;31:*.esd=01;31:*.jpg=01;35:*.jpeg=01;35:*.mjpg=01;35:*.mjpeg=01;35:*.gif=01;35:*.bmp=01;35:*.pbm=01;35:*.pgm=01;35:*.ppm=01;35:*.tga=01;35:*.xbm=01;35:*.xpm=01;35:*.tif=01;35:*.tiff=01;35:*.png=01;35:*.svg=01;35:*.svgz=01;35:*.mng=01;35:*.pcx=01;35:*.mov=01;35:*.mpg=01;35:*.mpeg=01;35:*.m2v=01;35:*.mkv=01;35:*.webm=01;35:*.ogm=01;35:*.mp4=01;35:*.m4v=01;35:*.mp4v=01;35:*.vob=01;35:*.qt=01;35:*.nuv=01;35:*.wmv=01;35:*.asf=01;35:*.rm=01;35:*.rmvb=01;35:*.flc=01;35:*.avi=01;35:*.fli=01;35:*.flv=01;35:*.gl=01;35:*.dl=01;35:*.xcf=01;35:*.xwd=01;35:*.yuv=01;35:*.cgm=01;35:*.emf=01;35:*.ogv=01;35:*.ogx=01;35:*.aac=00;36:*.au=00;36:*.flac=00;36:*.m4a=00;36:*.mid=00;36:*.midi=00;36:*.mka=00;36:*.mp3=00;36:*.mpc=00;36:*.ogg=00;36:*.ra=00;36:*.wav=00;36:*.oga=00;36:*.opus=00;36:*.spx=00;36:*.xspf=00;36:'), ('ROS_DOMAIN_ID', '10'), ('AMENT_PREFIX_PATH', '/home/nvidia/f1tenth_ws/install/vesc_driver:/home/nvidia/f1tenth_ws/install/vesc_ackermann:/home/nvidia/f1tenth_ws/install/vesc_msgs://home/nvidia/f1tenth_ws/install/f1tenth_stack://home/nvidia/f1tenth_ws/install/vesc://home/nvidia/f1tenth_ws/install/vesc_driver://home/nvidia/f1tenth_ws/install/vesc_ackermann://home/nvidia/f1tenth_ws/install/vesc_msgs://home/nvidia/f1tenth_ws/install/teleop_tools://home/nvidia/f1tenth_ws/install/joy_teleop://home/nvidia/f1tenth_ws/install/teleop_tools_msgs://home/nvidia/f1tenth_ws/install/pure_pursuit://home/nvidia/f1tenth_ws/install/phasespace://home/nvidia/f1tenth_ws/install/new_map_saver://home/nvidia/f1tenth_ws/install/mouse_teleop://home/nvidia/f1tenth_ws/install/mapping://home/nvidia/f1tenth_ws/install/key_teleop://home/nvidia/f1tenth_ws/install/f1tenth_controllers://home/nvidia/f1tenth_ws/install/ackermann_mux:/opt/ros/foxy'), ('SHELL', '/bin/bash'), ('LESSCLOSE', '/usr/bin/lesspipe %s %s'), ('PWD', '/home/nvidia/f1tenth_ws/build/vesc'), ('TURTLEBOT3_MODEL', 'waffle'), ('LC_ALL', 'en_US.UTF-8'), ('SSH_CONNECTION', '10.131.67.141 46114 10.131.142.84 22'), ('XDG_DATA_DIRS', '/usr/local/share:/usr/share:/var/lib/snapd/desktop'), ('PYTHONPATH', '/home/nvidia/f1tenth_ws/install/vesc_msgs/lib/python3.8/site-packages://home/nvidia/f1tenth_ws/install/f1tenth_stack/lib/python3.8/site-packages://home/nvidia/f1tenth_ws/install/vesc_msgs/lib/python3.8/site-packages://home/nvidia/f1tenth_ws/install/joy_teleop/lib/python3.8/site-packages://home/nvidia/f1tenth_ws/install/teleop_tools_msgs/lib/python3.8/site-packages://home/nvidia/f1tenth_ws/install/phasespace/lib/python3.8/site-packages://home/nvidia/f1tenth_ws/install/new_map_saver/lib/python3.8/site-packages://home/nvidia/f1tenth_ws/install/mouse_teleop/lib/python3.8/site-packages://home/nvidia/f1tenth_ws/install/mapping/lib/python3.8/site-packages://home/nvidia/f1tenth_ws/install/key_teleop/lib/python3.8/site-packages://home/nvidia/f1tenth_ws/install/f1tenth_controllers/lib/python3.8/site-packages:/opt/ros/foxy/lib/python3.8/site-packages'), ('COLCON', '1'), ('CMAKE_PREFIX_PATH', '/home/nvidia/f1tenth_ws/install/vesc_driver:/home/nvidia/f1tenth_ws/install/vesc_ackermann:/home/nvidia/f1tenth_ws/install/vesc_msgs://home/nvidia/f1tenth_ws/install/vesc://home/nvidia/f1tenth_ws/install/vesc_driver://home/nvidia/f1tenth_ws/install/vesc_ackermann://home/nvidia/f1tenth_ws/install/vesc_msgs://home/nvidia/f1tenth_ws/install/teleop_tools://home/nvidia/f1tenth_ws/install/teleop_tools_msgs://home/nvidia/f1tenth_ws/install/pure_pursuit://home/nvidia/f1tenth_ws/install/ackermann_mux://home/nvidia/f1tenth_ws/install/f1tenth_stack://home/nvidia/f1tenth_ws/install/joy_teleop://home/nvidia/f1tenth_ws/install/phasespace://home/nvidia/f1tenth_ws/install/new_map_saver://home/nvidia/f1tenth_ws/install/mouse_teleop://home/nvidia/f1tenth_ws/install/mapping://home/nvidia/f1tenth_ws/install/key_teleop://home/nvidia/f1tenth_ws/install/f1tenth_controllers:/opt/ros/foxy')]), 'shell': False}
[210.436578] (-) TimerEvent: {}
[210.538097] (-) TimerEvent: {}
[210.639316] (-) TimerEvent: {}
[210.740393] (-) TimerEvent: {}
[210.841560] (-) TimerEvent: {}
[210.882608] (vesc) StdoutLine: {'line': b'-- The C compiler identification is GNU 9.4.0\n'}
[210.941871] (-) TimerEvent: {}
[211.042968] (-) TimerEvent: {}
[211.144259] (-) TimerEvent: {}
[211.245361] (-) TimerEvent: {}
[211.256143] (vesc) StdoutLine: {'line': b'-- The CXX compiler identification is GNU 9.4.0\n'}
[211.294317] (vesc) StdoutLine: {'line': b'-- Check for working C compiler: /usr/bin/cc\n'}
[211.345718] (-) TimerEvent: {}
[211.446863] (-) TimerEvent: {}
[211.548045] (-) TimerEvent: {}
[211.649130] (-) TimerEvent: {}
[211.750256] (-) TimerEvent: {}
[211.766330] (vesc) StdoutLine: {'line': b'-- Check for working C compiler: /usr/bin/cc -- works\n'}
[211.772174] (vesc) StdoutLine: {'line': b'-- Detecting C compiler ABI info\n'}
[211.850569] (-) TimerEvent: {}
[211.951932] (-) TimerEvent: {}
[212.052988] (-) TimerEvent: {}
[212.154036] (-) TimerEvent: {}
[212.241749] (vesc) StdoutLine: {'line': b'-- Detecting C compiler ABI info - done\n'}
[212.254245] (-) TimerEvent: {}
[212.296808] (vesc) StdoutLine: {'line': b'-- Detecting C compile features\n'}
[212.298632] (vesc) StdoutLine: {'line': b'-- Detecting C compile features - done\n'}
[212.314465] (vesc) StdoutLine: {'line': b'-- Check for working CXX compiler: /usr/bin/c++\n'}
[212.354510] (-) TimerEvent: {}
[212.456451] (-) TimerEvent: {}
[212.557494] (-) TimerEvent: {}
[212.658542] (-) TimerEvent: {}
[212.759732] (-) TimerEvent: {}
[212.842888] (vesc) StdoutLine: {'line': b'-- Check for working CXX compiler: /usr/bin/c++ -- works\n'}
[212.848970] (vesc) StdoutLine: {'line': b'-- Detecting CXX compiler ABI info\n'}
[212.859918] (-) TimerEvent: {}
[212.960913] (-) TimerEvent: {}
[213.062095] (-) TimerEvent: {}
[213.163842] (-) TimerEvent: {}
[213.264949] (-) TimerEvent: {}
[213.338738] (vesc) StdoutLine: {'line': b'-- Detecting CXX compiler ABI info - done\n'}
[213.365101] (-) TimerEvent: {}
[213.396882] (vesc) StdoutLine: {'line': b'-- Detecting CXX compile features\n'}
[213.399320] (vesc) StdoutLine: {'line': b'-- Detecting CXX compile features - done\n'}
[213.423740] (vesc) StdoutLine: {'line': b'-- Found ament_cmake_auto: 0.9.12 (/opt/ros/foxy/share/ament_cmake_auto/cmake)\n'}
[213.465238] (-) TimerEvent: {}
[213.566026] (-) TimerEvent: {}
[213.634184] (vesc) StdoutLine: {'line': b'-- Found PythonInterp: /usr/bin/python3 (found suitable version "3.8.10", minimum required is "3") \n'}
[213.635064] (vesc) StdoutLine: {'line': b'-- Using PYTHON_EXECUTABLE: /usr/bin/python3\n'}
[213.666291] (-) TimerEvent: {}
[213.767335] (-) TimerEvent: {}
[213.868988] (-) TimerEvent: {}
[213.970620] (-) TimerEvent: {}
[214.072401] (-) TimerEvent: {}
[214.173410] (-) TimerEvent: {}
[214.274416] (-) TimerEvent: {}
[214.375555] (-) TimerEvent: {}
[214.476850] (-) TimerEvent: {}
[214.577892] (-) TimerEvent: {}
[214.678958] (-) TimerEvent: {}
[214.780089] (-) TimerEvent: {}
[214.881007] (-) TimerEvent: {}
[214.981829] (-) TimerEvent: {}
[215.082735] (-) TimerEvent: {}
[215.183629] (-) TimerEvent: {}
[215.274802] (vesc) StdoutLine: {'line': b'-- Configuring done\n'}
[215.283772] (-) TimerEvent: {}
[215.287832] (vesc) StdoutLine: {'line': b'-- Generating done\n'}
[215.293178] (vesc) StdoutLine: {'line': b'-- Build files have been written to: /home/nvidia/f1tenth_ws/build/vesc\n'}
[215.310144] (vesc) CommandEnded: {'returncode': 0}
[215.313171] (vesc) JobProgress: {'identifier': 'vesc', 'progress': 'build'}
[215.316473] (vesc) Command: {'cmd': ['/usr/bin/cmake', '--build', '/home/nvidia/f1tenth_ws/build/vesc', '--', '-j6', '-l6'], 'cwd': '/home/nvidia/f1tenth_ws/build/vesc', 'env': OrderedDict([('LESSOPEN', '| /usr/bin/lesspipe %s'), ('USER', 'nvidia'), ('SSH_CLIENT', '10.131.67.141 46114 22'), ('XDG_SESSION_TYPE', 'tty'), ('SHLVL', '1'), ('LD_LIBRARY_PATH', '/home/nvidia/f1tenth_ws/install/vesc_driver/lib:/home/nvidia/f1tenth_ws/install/vesc_ackermann/lib:/home/nvidia/f1tenth_ws/install/vesc_msgs/lib://home/nvidia/f1tenth_ws/install/vesc_driver/lib://home/nvidia/f1tenth_ws/install/vesc_ackermann/lib://home/nvidia/f1tenth_ws/install/vesc_msgs/lib://home/nvidia/f1tenth_ws/install/teleop_tools_msgs/lib:/usr/lib/aarch64-linux-gnu/gazebo-11/plugins:/opt/ros/foxy/opt/yaml_cpp_vendor/lib:/opt/ros/foxy/opt/rviz_ogre_vendor/lib:/opt/ros/foxy/lib/aarch64-linux-gnu:/opt/ros/foxy/lib:/usr/local/cuda-11.4/lib64'), ('MOTD_SHOWN', 'pam'), ('HOME', '/home/nvidia'), ('OLDPWD', '/home/nvidia'), ('SSH_TTY', '/dev/pts/4'), ('ROS_PYTHON_VERSION', '3'), ('DBUS_SESSION_BUS_ADDRESS', 'unix:path=/run/user/1000/bus'), ('COLCON_PREFIX_PATH', '//home/nvidia/f1tenth_ws/install'), ('ROS_DISTRO', 'foxy'), ('LOGNAME', 'nvidia'), ('_', '/usr/bin/colcon'), ('ROS_VERSION', '2'), ('XDG_SESSION_CLASS', 'user'), ('TERM', 'xterm-256color'), ('XDG_SESSION_ID', '15'), ('GAZEBO_MODEL_PATH', ':/opt/ros/foxy/share/turtlebot3_gazebo/models'), ('ROS_LOCALHOST_ONLY', '0'), ('PATH', '/home/nvidia/.local/bin:/opt/ros/foxy/bin:/usr/local/cuda-11.4/bin:/usr/local/sbin:/usr/local/bin:/usr/sbin:/usr/bin:/sbin:/bin:/usr/games:/usr/local/games:/snap/bin'), ('XDG_RUNTIME_DIR', '/run/user/1000'), ('LANG', 'en_US.UTF-8'), ('LS_COLORS', 'rs=0:di=01;34:ln=01;36:mh=00:pi=40;33:so=01;35:do=01;35:bd=40;33;01:cd=40;33;01:or=40;31;01:mi=00:su=37;41:sg=30;43:ca=30;41:tw=30;42:ow=34;42:st=37;44:ex=01;32:*.tar=01;31:*.tgz=01;31:*.arc=01;31:*.arj=01;31:*.taz=01;31:*.lha=01;31:*.lz4=01;31:*.lzh=01;31:*.lzma=01;31:*.tlz=01;31:*.txz=01;31:*.tzo=01;31:*.t7z=01;31:*.zip=01;31:*.z=01;31:*.dz=01;31:*.gz=01;31:*.lrz=01;31:*.lz=01;31:*.lzo=01;31:*.xz=01;31:*.zst=01;31:*.tzst=01;31:*.bz2=01;31:*.bz=01;31:*.tbz=01;31:*.tbz2=01;31:*.tz=01;31:*.deb=01;31:*.rpm=01;31:*.jar=01;31:*.war=01;31:*.ear=01;31:*.sar=01;31:*.rar=01;31:*.alz=01;31:*.ace=01;31:*.zoo=01;31:*.cpio=01;31:*.7z=01;31:*.rz=01;31:*.cab=01;31:*.wim=01;31:*.swm=01;31:*.dwm=01;31:*.esd=01;31:*.jpg=01;35:*.jpeg=01;35:*.mjpg=01;35:*.mjpeg=01;35:*.gif=01;35:*.bmp=01;35:*.pbm=01;35:*.pgm=01;35:*.ppm=01;35:*.tga=01;35:*.xbm=01;35:*.xpm=01;35:*.tif=01;35:*.tiff=01;35:*.png=01;35:*.svg=01;35:*.svgz=01;35:*.mng=01;35:*.pcx=01;35:*.mov=01;35:*.mpg=01;35:*.mpeg=01;35:*.m2v=01;35:*.mkv=01;35:*.webm=01;35:*.ogm=01;35:*.mp4=01;35:*.m4v=01;35:*.mp4v=01;35:*.vob=01;35:*.qt=01;35:*.nuv=01;35:*.wmv=01;35:*.asf=01;35:*.rm=01;35:*.rmvb=01;35:*.flc=01;35:*.avi=01;35:*.fli=01;35:*.flv=01;35:*.gl=01;35:*.dl=01;35:*.xcf=01;35:*.xwd=01;35:*.yuv=01;35:*.cgm=01;35:*.emf=01;35:*.ogv=01;35:*.ogx=01;35:*.aac=00;36:*.au=00;36:*.flac=00;36:*.m4a=00;36:*.mid=00;36:*.midi=00;36:*.mka=00;36:*.mp3=00;36:*.mpc=00;36:*.ogg=00;36:*.ra=00;36:*.wav=00;36:*.oga=00;36:*.opus=00;36:*.spx=00;36:*.xspf=00;36:'), ('ROS_DOMAIN_ID', '10'), ('AMENT_PREFIX_PATH', '/home/nvidia/f1tenth_ws/install/vesc_driver:/home/nvidia/f1tenth_ws/install/vesc_ackermann:/home/nvidia/f1tenth_ws/install/vesc_msgs://home/nvidia/f1tenth_ws/install/f1tenth_stack://home/nvidia/f1tenth_ws/install/vesc://home/nvidia/f1tenth_ws/install/vesc_driver://home/nvidia/f1tenth_ws/install/vesc_ackermann://home/nvidia/f1tenth_ws/install/vesc_msgs://home/nvidia/f1tenth_ws/install/teleop_tools://home/nvidia/f1tenth_ws/install/joy_teleop://home/nvidia/f1tenth_ws/install/teleop_tools_msgs://home/nvidia/f1tenth_ws/install/pure_pursuit://home/nvidia/f1tenth_ws/install/phasespace://home/nvidia/f1tenth_ws/install/new_map_saver://home/nvidia/f1tenth_ws/install/mouse_teleop://home/nvidia/f1tenth_ws/install/mapping://home/nvidia/f1tenth_ws/install/key_teleop://home/nvidia/f1tenth_ws/install/f1tenth_controllers://home/nvidia/f1tenth_ws/install/ackermann_mux:/opt/ros/foxy'), ('SHELL', '/bin/bash'), ('LESSCLOSE', '/usr/bin/lesspipe %s %s'), ('PWD', '/home/nvidia/f1tenth_ws/build/vesc'), ('TURTLEBOT3_MODEL', 'waffle'), ('LC_ALL', 'en_US.UTF-8'), ('SSH_CONNECTION', '10.131.67.141 46114 10.131.142.84 22'), ('XDG_DATA_DIRS', '/usr/local/share:/usr/share:/var/lib/snapd/desktop'), ('PYTHONPATH', '/home/nvidia/f1tenth_ws/install/vesc_msgs/lib/python3.8/site-packages://home/nvidia/f1tenth_ws/install/f1tenth_stack/lib/python3.8/site-packages://home/nvidia/f1tenth_ws/install/vesc_msgs/lib/python3.8/site-packages://home/nvidia/f1tenth_ws/install/joy_teleop/lib/python3.8/site-packages://home/nvidia/f1tenth_ws/install/teleop_tools_msgs/lib/python3.8/site-packages://home/nvidia/f1tenth_ws/install/phasespace/lib/python3.8/site-packages://home/nvidia/f1tenth_ws/install/new_map_saver/lib/python3.8/site-packages://home/nvidia/f1tenth_ws/install/mouse_teleop/lib/python3.8/site-packages://home/nvidia/f1tenth_ws/install/mapping/lib/python3.8/site-packages://home/nvidia/f1tenth_ws/install/key_teleop/lib/python3.8/site-packages://home/nvidia/f1tenth_ws/install/f1tenth_controllers/lib/python3.8/site-packages:/opt/ros/foxy/lib/python3.8/site-packages'), ('COLCON', '1'), ('CMAKE_PREFIX_PATH', '/home/nvidia/f1tenth_ws/install/vesc_driver:/home/nvidia/f1tenth_ws/install/vesc_ackermann:/home/nvidia/f1tenth_ws/install/vesc_msgs://home/nvidia/f1tenth_ws/install/vesc://home/nvidia/f1tenth_ws/install/vesc_driver://home/nvidia/f1tenth_ws/install/vesc_ackermann://home/nvidia/f1tenth_ws/install/vesc_msgs://home/nvidia/f1tenth_ws/install/teleop_tools://home/nvidia/f1tenth_ws/install/teleop_tools_msgs://home/nvidia/f1tenth_ws/install/pure_pursuit://home/nvidia/f1tenth_ws/install/ackermann_mux://home/nvidia/f1tenth_ws/install/f1tenth_stack://home/nvidia/f1tenth_ws/install/joy_teleop://home/nvidia/f1tenth_ws/install/phasespace://home/nvidia/f1tenth_ws/install/new_map_saver://home/nvidia/f1tenth_ws/install/mouse_teleop://home/nvidia/f1tenth_ws/install/mapping://home/nvidia/f1tenth_ws/install/key_teleop://home/nvidia/f1tenth_ws/install/f1tenth_controllers:/opt/ros/foxy')]), 'shell': False}
[215.384145] (-) TimerEvent: {}
[215.469690] (vesc) StdoutLine: {'line': b'-- Found ament_cmake_auto: 0.9.12 (/opt/ros/foxy/share/ament_cmake_auto/cmake)\n'}
[215.484276] (-) TimerEvent: {}
[215.585202] (-) TimerEvent: {}
[215.601084] (vesc) StdoutLine: {'line': b'-- Using PYTHON_EXECUTABLE: /usr/bin/python3\n'}
[215.685445] (-) TimerEvent: {}
[215.786561] (-) TimerEvent: {}
[215.887661] (-) TimerEvent: {}
[215.988697] (-) TimerEvent: {}
[216.089662] (-) TimerEvent: {}
[216.190657] (-) TimerEvent: {}
[216.291693] (-) TimerEvent: {}
[216.392694] (-) TimerEvent: {}
[216.493642] (-) TimerEvent: {}
[216.594643] (-) TimerEvent: {}
[216.695840] (-) TimerEvent: {}
[216.796812] (-) TimerEvent: {}
[216.897822] (-) TimerEvent: {}
[216.967640] (vesc) StdoutLine: {'line': b'-- Configuring done\n'}
[216.981578] (vesc) StdoutLine: {'line': b'-- Generating done\n'}
[216.987539] (vesc) StdoutLine: {'line': b'-- Build files have been written to: /home/nvidia/f1tenth_ws/build/vesc\n'}
[216.997966] (-) TimerEvent: {}
[217.098856] (-) TimerEvent: {}
[217.116071] (vesc) CommandEnded: {'returncode': 0}
[217.199470] (-) TimerEvent: {}
[217.272463] (vesc) JobProgress: {'identifier': 'vesc', 'progress': 'install'}
[217.274346] (vesc) Command: {'cmd': ['/usr/bin/cmake', '--install', '/home/nvidia/f1tenth_ws/build/vesc'], 'cwd': '/home/nvidia/f1tenth_ws/build/vesc', 'env': OrderedDict([('LESSOPEN', '| /usr/bin/lesspipe %s'), ('USER', 'nvidia'), ('SSH_CLIENT', '10.131.67.141 46114 22'), ('XDG_SESSION_TYPE', 'tty'), ('SHLVL', '1'), ('LD_LIBRARY_PATH', '/home/nvidia/f1tenth_ws/install/vesc_driver/lib:/home/nvidia/f1tenth_ws/install/vesc_ackermann/lib:/home/nvidia/f1tenth_ws/install/vesc_msgs/lib://home/nvidia/f1tenth_ws/install/vesc_driver/lib://home/nvidia/f1tenth_ws/install/vesc_ackermann/lib://home/nvidia/f1tenth_ws/install/vesc_msgs/lib://home/nvidia/f1tenth_ws/install/teleop_tools_msgs/lib:/usr/lib/aarch64-linux-gnu/gazebo-11/plugins:/opt/ros/foxy/opt/yaml_cpp_vendor/lib:/opt/ros/foxy/opt/rviz_ogre_vendor/lib:/opt/ros/foxy/lib/aarch64-linux-gnu:/opt/ros/foxy/lib:/usr/local/cuda-11.4/lib64'), ('MOTD_SHOWN', 'pam'), ('HOME', '/home/nvidia'), ('OLDPWD', '/home/nvidia'), ('SSH_TTY', '/dev/pts/4'), ('ROS_PYTHON_VERSION', '3'), ('DBUS_SESSION_BUS_ADDRESS', 'unix:path=/run/user/1000/bus'), ('COLCON_PREFIX_PATH', '//home/nvidia/f1tenth_ws/install'), ('ROS_DISTRO', 'foxy'), ('LOGNAME', 'nvidia'), ('_', '/usr/bin/colcon'), ('ROS_VERSION', '2'), ('XDG_SESSION_CLASS', 'user'), ('TERM', 'xterm-256color'), ('XDG_SESSION_ID', '15'), ('GAZEBO_MODEL_PATH', ':/opt/ros/foxy/share/turtlebot3_gazebo/models'), ('ROS_LOCALHOST_ONLY', '0'), ('PATH', '/home/nvidia/.local/bin:/opt/ros/foxy/bin:/usr/local/cuda-11.4/bin:/usr/local/sbin:/usr/local/bin:/usr/sbin:/usr/bin:/sbin:/bin:/usr/games:/usr/local/games:/snap/bin'), ('XDG_RUNTIME_DIR', '/run/user/1000'), ('LANG', 'en_US.UTF-8'), ('LS_COLORS', 'rs=0:di=01;34:ln=01;36:mh=00:pi=40;33:so=01;35:do=01;35:bd=40;33;01:cd=40;33;01:or=40;31;01:mi=00:su=37;41:sg=30;43:ca=30;41:tw=30;42:ow=34;42:st=37;44:ex=01;32:*.tar=01;31:*.tgz=01;31:*.arc=01;31:*.arj=01;31:*.taz=01;31:*.lha=01;31:*.lz4=01;31:*.lzh=01;31:*.lzma=01;31:*.tlz=01;31:*.txz=01;31:*.tzo=01;31:*.t7z=01;31:*.zip=01;31:*.z=01;31:*.dz=01;31:*.gz=01;31:*.lrz=01;31:*.lz=01;31:*.lzo=01;31:*.xz=01;31:*.zst=01;31:*.tzst=01;31:*.bz2=01;31:*.bz=01;31:*.tbz=01;31:*.tbz2=01;31:*.tz=01;31:*.deb=01;31:*.rpm=01;31:*.jar=01;31:*.war=01;31:*.ear=01;31:*.sar=01;31:*.rar=01;31:*.alz=01;31:*.ace=01;31:*.zoo=01;31:*.cpio=01;31:*.7z=01;31:*.rz=01;31:*.cab=01;31:*.wim=01;31:*.swm=01;31:*.dwm=01;31:*.esd=01;31:*.jpg=01;35:*.jpeg=01;35:*.mjpg=01;35:*.mjpeg=01;35:*.gif=01;35:*.bmp=01;35:*.pbm=01;35:*.pgm=01;35:*.ppm=01;35:*.tga=01;35:*.xbm=01;35:*.xpm=01;35:*.tif=01;35:*.tiff=01;35:*.png=01;35:*.svg=01;35:*.svgz=01;35:*.mng=01;35:*.pcx=01;35:*.mov=01;35:*.mpg=01;35:*.mpeg=01;35:*.m2v=01;35:*.mkv=01;35:*.webm=01;35:*.ogm=01;35:*.mp4=01;35:*.m4v=01;35:*.mp4v=01;35:*.vob=01;35:*.qt=01;35:*.nuv=01;35:*.wmv=01;35:*.asf=01;35:*.rm=01;35:*.rmvb=01;35:*.flc=01;35:*.avi=01;35:*.fli=01;35:*.flv=01;35:*.gl=01;35:*.dl=01;35:*.xcf=01;35:*.xwd=01;35:*.yuv=01;35:*.cgm=01;35:*.emf=01;35:*.ogv=01;35:*.ogx=01;35:*.aac=00;36:*.au=00;36:*.flac=00;36:*.m4a=00;36:*.mid=00;36:*.midi=00;36:*.mka=00;36:*.mp3=00;36:*.mpc=00;36:*.ogg=00;36:*.ra=00;36:*.wav=00;36:*.oga=00;36:*.opus=00;36:*.spx=00;36:*.xspf=00;36:'), ('ROS_DOMAIN_ID', '10'), ('AMENT_PREFIX_PATH', '/home/nvidia/f1tenth_ws/install/vesc_driver:/home/nvidia/f1tenth_ws/install/vesc_ackermann:/home/nvidia/f1tenth_ws/install/vesc_msgs://home/nvidia/f1tenth_ws/install/f1tenth_stack://home/nvidia/f1tenth_ws/install/vesc://home/nvidia/f1tenth_ws/install/vesc_driver://home/nvidia/f1tenth_ws/install/vesc_ackermann://home/nvidia/f1tenth_ws/install/vesc_msgs://home/nvidia/f1tenth_ws/install/teleop_tools://home/nvidia/f1tenth_ws/install/joy_teleop://home/nvidia/f1tenth_ws/install/teleop_tools_msgs://home/nvidia/f1tenth_ws/install/pure_pursuit://home/nvidia/f1tenth_ws/install/phasespace://home/nvidia/f1tenth_ws/install/new_map_saver://home/nvidia/f1tenth_ws/install/mouse_teleop://home/nvidia/f1tenth_ws/install/mapping://home/nvidia/f1tenth_ws/install/key_teleop://home/nvidia/f1tenth_ws/install/f1tenth_controllers://home/nvidia/f1tenth_ws/install/ackermann_mux:/opt/ros/foxy'), ('SHELL', '/bin/bash'), ('LESSCLOSE', '/usr/bin/lesspipe %s %s'), ('PWD', '/home/nvidia/f1tenth_ws/build/vesc'), ('TURTLEBOT3_MODEL', 'waffle'), ('LC_ALL', 'en_US.UTF-8'), ('SSH_CONNECTION', '10.131.67.141 46114 10.131.142.84 22'), ('XDG_DATA_DIRS', '/usr/local/share:/usr/share:/var/lib/snapd/desktop'), ('PYTHONPATH', '/home/nvidia/f1tenth_ws/install/vesc_msgs/lib/python3.8/site-packages://home/nvidia/f1tenth_ws/install/f1tenth_stack/lib/python3.8/site-packages://home/nvidia/f1tenth_ws/install/vesc_msgs/lib/python3.8/site-packages://home/nvidia/f1tenth_ws/install/joy_teleop/lib/python3.8/site-packages://home/nvidia/f1tenth_ws/install/teleop_tools_msgs/lib/python3.8/site-packages://home/nvidia/f1tenth_ws/install/phasespace/lib/python3.8/site-packages://home/nvidia/f1tenth_ws/install/new_map_saver/lib/python3.8/site-packages://home/nvidia/f1tenth_ws/install/mouse_teleop/lib/python3.8/site-packages://home/nvidia/f1tenth_ws/install/mapping/lib/python3.8/site-packages://home/nvidia/f1tenth_ws/install/key_teleop/lib/python3.8/site-packages://home/nvidia/f1tenth_ws/install/f1tenth_controllers/lib/python3.8/site-packages:/opt/ros/foxy/lib/python3.8/site-packages'), ('COLCON', '1'), ('CMAKE_PREFIX_PATH', '/home/nvidia/f1tenth_ws/install/vesc_driver:/home/nvidia/f1tenth_ws/install/vesc_ackermann:/home/nvidia/f1tenth_ws/install/vesc_msgs://home/nvidia/f1tenth_ws/install/vesc://home/nvidia/f1tenth_ws/install/vesc_driver://home/nvidia/f1tenth_ws/install/vesc_ackermann://home/nvidia/f1tenth_ws/install/vesc_msgs://home/nvidia/f1tenth_ws/install/teleop_tools://home/nvidia/f1tenth_ws/install/teleop_tools_msgs://home/nvidia/f1tenth_ws/install/pure_pursuit://home/nvidia/f1tenth_ws/install/ackermann_mux://home/nvidia/f1tenth_ws/install/f1tenth_stack://home/nvidia/f1tenth_ws/install/joy_teleop://home/nvidia/f1tenth_ws/install/phasespace://home/nvidia/f1tenth_ws/install/new_map_saver://home/nvidia/f1tenth_ws/install/mouse_teleop://home/nvidia/f1tenth_ws/install/mapping://home/nvidia/f1tenth_ws/install/key_teleop://home/nvidia/f1tenth_ws/install/f1tenth_controllers:/opt/ros/foxy')]), 'shell': False}
[217.299530] (-) TimerEvent: {}
[217.324306] (vesc) StdoutLine: {'line': b'-- Install configuration: ""\n'}
[217.325845] (vesc) StdoutLine: {'line': b'-- Installing: /home/nvidia/f1tenth_ws/install/vesc/share/ament_index/resource_index/package_run_dependencies/vesc\n'}
[217.327663] (vesc) StdoutLine: {'line': b'-- Installing: /home/nvidia/f1tenth_ws/install/vesc/share/ament_index/resource_index/parent_prefix_path/vesc\n'}
[217.329206] (vesc) StdoutLine: {'line': b'-- Installing: /home/nvidia/f1tenth_ws/install/vesc/share/vesc/environment/ament_prefix_path.sh\n'}
[217.330123] (vesc) StdoutLine: {'line': b'-- Installing: /home/nvidia/f1tenth_ws/install/vesc/share/vesc/environment/ament_prefix_path.dsv\n'}
[217.331245] (vesc) StdoutLine: {'line': b'-- Installing: /home/nvidia/f1tenth_ws/install/vesc/share/vesc/environment/path.sh\n'}
[217.332208] (vesc) StdoutLine: {'line': b'-- Installing: /home/nvidia/f1tenth_ws/install/vesc/share/vesc/environment/path.dsv\n'}
[217.333197] (vesc) StdoutLine: {'line': b'-- Installing: /home/nvidia/f1tenth_ws/install/vesc/share/vesc/local_setup.bash\n'}
[217.334408] (vesc) StdoutLine: {'line': b'-- Installing: /home/nvidia/f1tenth_ws/install/vesc/share/vesc/local_setup.sh\n'}
[217.335969] (vesc) StdoutLine: {'line': b'-- Installing: /home/nvidia/f1tenth_ws/install/vesc/share/vesc/local_setup.zsh\n'}
[217.337070] (vesc) StdoutLine: {'line': b'-- Installing: /home/nvidia/f1tenth_ws/install/vesc/share/vesc/local_setup.dsv\n'}
[217.338238] (vesc) StdoutLine: {'line': b'-- Installing: /home/nvidia/f1tenth_ws/install/vesc/share/vesc/package.dsv\n'}
[217.339700] (vesc) StdoutLine: {'line': b'-- Installing: /home/nvidia/f1tenth_ws/install/vesc/share/ament_index/resource_index/packages/vesc\n'}
[217.340996] (vesc) StdoutLine: {'line': b'-- Installing: /home/nvidia/f1tenth_ws/install/vesc/share/vesc/cmake/vescConfig.cmake\n'}
[217.341865] (vesc) StdoutLine: {'line': b'-- Installing: /home/nvidia/f1tenth_ws/install/vesc/share/vesc/cmake/vescConfig-version.cmake\n'}
[217.343002] (vesc) StdoutLine: {'line': b'-- Installing: /home/nvidia/f1tenth_ws/install/vesc/share/vesc/package.xml\n'}
[217.352789] (vesc) CommandEnded: {'returncode': 0}
[217.400643] (-) TimerEvent: {}
[217.509042] (-) TimerEvent: {}
[217.573132] (vesc) JobEnded: {'identifier': 'vesc', 'rc': 0}
[217.579071] (f1tenth_stack) JobStarted: {'identifier': 'f1tenth_stack'}
[217.609276] (-) TimerEvent: {}
[217.713340] (-) TimerEvent: {}
[217.816433] (-) TimerEvent: {}
[217.918930] (-) TimerEvent: {}
[218.019947] (-) TimerEvent: {}
[218.120925] (-) TimerEvent: {}
[218.221870] (-) TimerEvent: {}
[218.322790] (-) TimerEvent: {}
[218.423861] (-) TimerEvent: {}
[218.524793] (-) TimerEvent: {}
[218.625733] (-) TimerEvent: {}
[218.726707] (-) TimerEvent: {}
[218.827810] (-) TimerEvent: {}
[218.928797] (-) TimerEvent: {}
[219.031701] (-) TimerEvent: {}
[219.135618] (-) TimerEvent: {}
[219.241122] (-) TimerEvent: {}
[219.342162] (-) TimerEvent: {}
[219.443303] (-) TimerEvent: {}
[219.544361] (-) TimerEvent: {}
[219.645395] (-) TimerEvent: {}
[219.746376] (-) TimerEvent: {}
[219.847295] (-) TimerEvent: {}
[219.948330] (-) TimerEvent: {}
[220.049261] (-) TimerEvent: {}
[220.150262] (-) TimerEvent: {}
[220.251378] (-) TimerEvent: {}
[220.352422] (-) TimerEvent: {}
[220.453451] (-) TimerEvent: {}
[220.554387] (-) TimerEvent: {}
[220.655343] (-) TimerEvent: {}
[220.756371] (-) TimerEvent: {}
[220.857375] (-) TimerEvent: {}
[220.958332] (-) TimerEvent: {}
[221.059337] (-) TimerEvent: {}
[221.159314] (f1tenth_stack) Command: {'cmd': ['/usr/bin/python3', '-W', 'ignore:setup.py install is deprecated', 'setup.py', 'egg_info', '--egg-base', '../../../build/f1tenth_stack', 'build', '--build-base', '/home/nvidia/f1tenth_ws/build/f1tenth_stack/build', 'install', '--record', '/home/nvidia/f1tenth_ws/build/f1tenth_stack/install.log', '--install-scripts', '$base/lib/f1tenth_stack', '--single-version-externally-managed', 'install_data'], 'cwd': '/home/nvidia/f1tenth_ws/src/f1tenth_system/f1tenth_stack', 'env': {'LESSOPEN': '| /usr/bin/lesspipe %s', 'USER': 'nvidia', 'SSH_CLIENT': '10.131.67.141 46114 22', 'XDG_SESSION_TYPE': 'tty', 'SHLVL': '1', 'LD_LIBRARY_PATH': '/home/nvidia/f1tenth_ws/install/vesc_driver/lib:/home/nvidia/f1tenth_ws/install/vesc_ackermann/lib:/home/nvidia/f1tenth_ws/install/vesc_msgs/lib:/home/nvidia/f1tenth_ws/install/teleop_tools_msgs/lib://home/nvidia/f1tenth_ws/install/vesc_driver/lib://home/nvidia/f1tenth_ws/install/vesc_ackermann/lib://home/nvidia/f1tenth_ws/install/vesc_msgs/lib://home/nvidia/f1tenth_ws/install/teleop_tools_msgs/lib:/usr/lib/aarch64-linux-gnu/gazebo-11/plugins:/opt/ros/foxy/opt/yaml_cpp_vendor/lib:/opt/ros/foxy/opt/rviz_ogre_vendor/lib:/opt/ros/foxy/lib/aarch64-linux-gnu:/opt/ros/foxy/lib:/usr/local/cuda-11.4/lib64', 'MOTD_SHOWN': 'pam', 'HOME': '/home/nvidia', 'OLDPWD': '/home/nvidia', 'SSH_TTY': '/dev/pts/4', 'ROS_PYTHON_VERSION': '3', 'DBUS_SESSION_BUS_ADDRESS': 'unix:path=/run/user/1000/bus', 'COLCON_PREFIX_PATH': '//home/nvidia/f1tenth_ws/install', 'ROS_DISTRO': 'foxy', 'LOGNAME': 'nvidia', '_': '/usr/bin/colcon', 'ROS_VERSION': '2', 'XDG_SESSION_CLASS': 'user', 'TERM': 'xterm-256color', 'XDG_SESSION_ID': '15', 'GAZEBO_MODEL_PATH': ':/opt/ros/foxy/share/turtlebot3_gazebo/models', 'ROS_LOCALHOST_ONLY': '0', 'PATH': '/home/nvidia/.local/bin:/opt/ros/foxy/bin:/usr/local/cuda-11.4/bin:/usr/local/sbin:/usr/local/bin:/usr/sbin:/usr/bin:/sbin:/bin:/usr/games:/usr/local/games:/snap/bin', 'XDG_RUNTIME_DIR': '/run/user/1000', 'LANG': 'en_US.UTF-8', 'LS_COLORS': 'rs=0:di=01;34:ln=01;36:mh=00:pi=40;33:so=01;35:do=01;35:bd=40;33;01:cd=40;33;01:or=40;31;01:mi=00:su=37;41:sg=30;43:ca=30;41:tw=30;42:ow=34;42:st=37;44:ex=01;32:*.tar=01;31:*.tgz=01;31:*.arc=01;31:*.arj=01;31:*.taz=01;31:*.lha=01;31:*.lz4=01;31:*.lzh=01;31:*.lzma=01;31:*.tlz=01;31:*.txz=01;31:*.tzo=01;31:*.t7z=01;31:*.zip=01;31:*.z=01;31:*.dz=01;31:*.gz=01;31:*.lrz=01;31:*.lz=01;31:*.lzo=01;31:*.xz=01;31:*.zst=01;31:*.tzst=01;31:*.bz2=01;31:*.bz=01;31:*.tbz=01;31:*.tbz2=01;31:*.tz=01;31:*.deb=01;31:*.rpm=01;31:*.jar=01;31:*.war=01;31:*.ear=01;31:*.sar=01;31:*.rar=01;31:*.alz=01;31:*.ace=01;31:*.zoo=01;31:*.cpio=01;31:*.7z=01;31:*.rz=01;31:*.cab=01;31:*.wim=01;31:*.swm=01;31:*.dwm=01;31:*.esd=01;31:*.jpg=01;35:*.jpeg=01;35:*.mjpg=01;35:*.mjpeg=01;35:*.gif=01;35:*.bmp=01;35:*.pbm=01;35:*.pgm=01;35:*.ppm=01;35:*.tga=01;35:*.xbm=01;35:*.xpm=01;35:*.tif=01;35:*.tiff=01;35:*.png=01;35:*.svg=01;35:*.svgz=01;35:*.mng=01;35:*.pcx=01;35:*.mov=01;35:*.mpg=01;35:*.mpeg=01;35:*.m2v=01;35:*.mkv=01;35:*.webm=01;35:*.ogm=01;35:*.mp4=01;35:*.m4v=01;35:*.mp4v=01;35:*.vob=01;35:*.qt=01;35:*.nuv=01;35:*.wmv=01;35:*.asf=01;35:*.rm=01;35:*.rmvb=01;35:*.flc=01;35:*.avi=01;35:*.fli=01;35:*.flv=01;35:*.gl=01;35:*.dl=01;35:*.xcf=01;35:*.xwd=01;35:*.yuv=01;35:*.cgm=01;35:*.emf=01;35:*.ogv=01;35:*.ogx=01;35:*.aac=00;36:*.au=00;36:*.flac=00;36:*.m4a=00;36:*.mid=00;36:*.midi=00;36:*.mka=00;36:*.mp3=00;36:*.mpc=00;36:*.ogg=00;36:*.ra=00;36:*.wav=00;36:*.oga=00;36:*.opus=00;36:*.spx=00;36:*.xspf=00;36:', 'ROS_DOMAIN_ID': '10', 'AMENT_PREFIX_PATH': '/home/nvidia/f1tenth_ws/install/vesc:/home/nvidia/f1tenth_ws/install/vesc_driver:/home/nvidia/f1tenth_ws/install/vesc_ackermann:/home/nvidia/f1tenth_ws/install/joy_teleop:/home/nvidia/f1tenth_ws/install/vesc_msgs:/home/nvidia/f1tenth_ws/install/teleop_tools_msgs:/home/nvidia/f1tenth_ws/install/ackermann_mux://home/nvidia/f1tenth_ws/install/f1tenth_stack://home/nvidia/f1tenth_ws/install/vesc://home/nvidia/f1tenth_ws/install/vesc_driver://home/nvidia/f1tenth_ws/install/vesc_ackermann://home/nvidia/f1tenth_ws/install/vesc_msgs://home/nvidia/f1tenth_ws/install/teleop_tools://home/nvidia/f1tenth_ws/install/joy_teleop://home/nvidia/f1tenth_ws/install/teleop_tools_msgs://home/nvidia/f1tenth_ws/install/pure_pursuit://home/nvidia/f1tenth_ws/install/phasespace://home/nvidia/f1tenth_ws/install/new_map_saver://home/nvidia/f1tenth_ws/install/mouse_teleop://home/nvidia/f1tenth_ws/install/mapping://home/nvidia/f1tenth_ws/install/key_teleop://home/nvidia/f1tenth_ws/install/f1tenth_controllers://home/nvidia/f1tenth_ws/install/ackermann_mux:/opt/ros/foxy', 'SHELL': '/bin/bash', 'LESSCLOSE': '/usr/bin/lesspipe %s %s', 'PWD': '/home/nvidia/f1tenth_ws/build/f1tenth_stack', 'TURTLEBOT3_MODEL': 'waffle', 'LC_ALL': 'en_US.UTF-8', 'SSH_CONNECTION': '10.131.67.141 46114 10.131.142.84 22', 'XDG_DATA_DIRS': '/usr/local/share:/usr/share:/var/lib/snapd/desktop', 'PYTHONPATH': '/home/nvidia/f1tenth_ws/build/f1tenth_stack/prefix_override:/usr/lib/python3/dist-packages/colcon_core/task/python/colcon_distutils_commands:/home/nvidia/f1tenth_ws/install/f1tenth_stack/lib/python3.8/site-packages:/home/nvidia/f1tenth_ws/install/joy_teleop/lib/python3.8/site-packages:/home/nvidia/f1tenth_ws/install/vesc_msgs/lib/python3.8/site-packages:/home/nvidia/f1tenth_ws/install/teleop_tools_msgs/lib/python3.8/site-packages://home/nvidia/f1tenth_ws/install/f1tenth_stack/lib/python3.8/site-packages://home/nvidia/f1tenth_ws/install/vesc_msgs/lib/python3.8/site-packages://home/nvidia/f1tenth_ws/install/joy_teleop/lib/python3.8/site-packages://home/nvidia/f1tenth_ws/install/teleop_tools_msgs/lib/python3.8/site-packages://home/nvidia/f1tenth_ws/install/phasespace/lib/python3.8/site-packages://home/nvidia/f1tenth_ws/install/new_map_saver/lib/python3.8/site-packages://home/nvidia/f1tenth_ws/install/mouse_teleop/lib/python3.8/site-packages://home/nvidia/f1tenth_ws/install/mapping/lib/python3.8/site-packages://home/nvidia/f1tenth_ws/install/key_teleop/lib/python3.8/site-packages://home/nvidia/f1tenth_ws/install/f1tenth_controllers/lib/python3.8/site-packages:/opt/ros/foxy/lib/python3.8/site-packages', 'COLCON': '1', 'CMAKE_PREFIX_PATH': '/home/nvidia/f1tenth_ws/install/vesc:/home/nvidia/f1tenth_ws/install/vesc_driver:/home/nvidia/f1tenth_ws/install/vesc_ackermann:/home/nvidia/f1tenth_ws/install/vesc_msgs:/home/nvidia/f1tenth_ws/install/teleop_tools_msgs:/home/nvidia/f1tenth_ws/install/ackermann_mux://home/nvidia/f1tenth_ws/install/vesc://home/nvidia/f1tenth_ws/install/vesc_driver://home/nvidia/f1tenth_ws/install/vesc_ackermann://home/nvidia/f1tenth_ws/install/vesc_msgs://home/nvidia/f1tenth_ws/install/teleop_tools://home/nvidia/f1tenth_ws/install/teleop_tools_msgs://home/nvidia/f1tenth_ws/install/pure_pursuit://home/nvidia/f1tenth_ws/install/ackermann_mux'}, 'shell': False}
[221.181776] (-) TimerEvent: {}
[221.283070] (-) TimerEvent: {}
[221.384170] (-) TimerEvent: {}
[221.485240] (-) TimerEvent: {}
[221.586285] (-) TimerEvent: {}
[221.687277] (-) TimerEvent: {}
[221.788251] (-) TimerEvent: {}
[221.889308] (-) TimerEvent: {}
[221.990302] (-) TimerEvent: {}
[222.091338] (-) TimerEvent: {}
[222.192450] (-) TimerEvent: {}
[222.293504] (-) TimerEvent: {}
[222.351559] (f1tenth_stack) StdoutLine: {'line': b'running egg_info\n'}
[222.354660] (f1tenth_stack) StdoutLine: {'line': b'creating ../../../build/f1tenth_stack/f1tenth_stack.egg-info\n'}
[222.355640] (f1tenth_stack) StdoutLine: {'line': b'writing ../../../build/f1tenth_stack/f1tenth_stack.egg-info/PKG-INFO\n'}
[222.356890] (f1tenth_stack) StdoutLine: {'line': b'writing dependency_links to ../../../build/f1tenth_stack/f1tenth_stack.egg-info/dependency_links.txt\n'}
[222.357614] (f1tenth_stack) StdoutLine: {'line': b'writing entry points to ../../../build/f1tenth_stack/f1tenth_stack.egg-info/entry_points.txt\n'}
[222.358276] (f1tenth_stack) StdoutLine: {'line': b'writing requirements to ../../../build/f1tenth_stack/f1tenth_stack.egg-info/requires.txt\n'}
[222.358876] (f1tenth_stack) StdoutLine: {'line': b'writing top-level names to ../../../build/f1tenth_stack/f1tenth_stack.egg-info/top_level.txt\n'}
[222.365607] (f1tenth_stack) StdoutLine: {'line': b"writing manifest file '../../../build/f1tenth_stack/f1tenth_stack.egg-info/SOURCES.txt'\n"}
[222.393718] (-) TimerEvent: {}
[222.494642] (-) TimerEvent: {}
[222.535855] (f1tenth_stack) StdoutLine: {'line': b"reading manifest file '../../../build/f1tenth_stack/f1tenth_stack.egg-info/SOURCES.txt'\n"}
[222.540434] (f1tenth_stack) StdoutLine: {'line': b"writing manifest file '../../../build/f1tenth_stack/f1tenth_stack.egg-info/SOURCES.txt'\n"}
[222.541399] (f1tenth_stack) StdoutLine: {'line': b'running build\n'}
[222.542021] (f1tenth_stack) StdoutLine: {'line': b'running build_py\n'}
[222.542504] (f1tenth_stack) StdoutLine: {'line': b'creating /home/nvidia/f1tenth_ws/build/f1tenth_stack/build\n'}
[222.543282] (f1tenth_stack) StdoutLine: {'line': b'creating /home/nvidia/f1tenth_ws/build/f1tenth_stack/build/lib\n'}
[222.544026] (f1tenth_stack) StdoutLine: {'line': b'creating /home/nvidia/f1tenth_ws/build/f1tenth_stack/build/lib/f1tenth_stack\n'}
[222.544497] (f1tenth_stack) StdoutLine: {'line': b'copying f1tenth_stack/__init__.py -> /home/nvidia/f1tenth_ws/build/f1tenth_stack/build/lib/f1tenth_stack\n'}
[222.544963] (f1tenth_stack) StdoutLine: {'line': b'copying f1tenth_stack/throttle_interpolator.py -> /home/nvidia/f1tenth_ws/build/f1tenth_stack/build/lib/f1tenth_stack\n'}
[222.545655] (f1tenth_stack) StdoutLine: {'line': b'copying f1tenth_stack/tf_publisher.py -> /home/nvidia/f1tenth_ws/build/f1tenth_stack/build/lib/f1tenth_stack\n'}
[222.546676] (f1tenth_stack) StdoutLine: {'line': b'running install\n'}
[222.551199] (f1tenth_stack) StdoutLine: {'line': b'running install_lib\n'}
[222.555768] (f1tenth_stack) StdoutLine: {'line': b'creating /home/nvidia/f1tenth_ws/install/f1tenth_stack/lib/python3.8/site-packages/f1tenth_stack\n'}
[222.556438] (f1tenth_stack) StdoutLine: {'line': b'copying /home/nvidia/f1tenth_ws/build/f1tenth_stack/build/lib/f1tenth_stack/__init__.py -> /home/nvidia/f1tenth_ws/install/f1tenth_stack/lib/python3.8/site-packages/f1tenth_stack\n'}
[222.557064] (f1tenth_stack) StdoutLine: {'line': b'copying /home/nvidia/f1tenth_ws/build/f1tenth_stack/build/lib/f1tenth_stack/throttle_interpolator.py -> /home/nvidia/f1tenth_ws/install/f1tenth_stack/lib/python3.8/site-packages/f1tenth_stack\n'}
[222.557689] (f1tenth_stack) StdoutLine: {'line': b'copying /home/nvidia/f1tenth_ws/build/f1tenth_stack/build/lib/f1tenth_stack/tf_publisher.py -> /home/nvidia/f1tenth_ws/install/f1tenth_stack/lib/python3.8/site-packages/f1tenth_stack\n'}
[222.561039] (f1tenth_stack) StdoutLine: {'line': b'byte-compiling /home/nvidia/f1tenth_ws/install/f1tenth_stack/lib/python3.8/site-packages/f1tenth_stack/__init__.py to __init__.cpython-38.pyc\n'}
[222.566891] (f1tenth_stack) StdoutLine: {'line': b'byte-compiling /home/nvidia/f1tenth_ws/install/f1tenth_stack/lib/python3.8/site-packages/f1tenth_stack/throttle_interpolator.py to throttle_interpolator.cpython-38.pyc\n'}
[222.571549] (f1tenth_stack) StdoutLine: {'line': b'byte-compiling /home/nvidia/f1tenth_ws/install/f1tenth_stack/lib/python3.8/site-packages/f1tenth_stack/tf_publisher.py to tf_publisher.cpython-38.pyc\n'}
[222.573547] (f1tenth_stack) StdoutLine: {'line': b'running install_data\n'}
[222.574209] (f1tenth_stack) StdoutLine: {'line': b'creating /home/nvidia/f1tenth_ws/install/f1tenth_stack/share/ament_index\n'}
[222.575065] (f1tenth_stack) StdoutLine: {'line': b'creating /home/nvidia/f1tenth_ws/install/f1tenth_stack/share/ament_index/resource_index\n'}
[222.575800] (f1tenth_stack) StdoutLine: {'line': b'creating /home/nvidia/f1tenth_ws/install/f1tenth_stack/share/ament_index/resource_index/packages\n'}
[222.576378] (f1tenth_stack) StdoutLine: {'line': b'copying resource/f1tenth_stack -> /home/nvidia/f1tenth_ws/install/f1tenth_stack/share/ament_index/resource_index/packages\n'}
[222.576968] (f1tenth_stack) StdoutLine: {'line': b'copying package.xml -> /home/nvidia/f1tenth_ws/install/f1tenth_stack/share/f1tenth_stack\n'}
[222.577539] (f1tenth_stack) StdoutLine: {'line': b'creating /home/nvidia/f1tenth_ws/install/f1tenth_stack/share/f1tenth_stack/launch\n'}
[222.578377] (f1tenth_stack) StdoutLine: {'line': b'copying launch/bringup_launch.py -> /home/nvidia/f1tenth_ws/install/f1tenth_stack/share/f1tenth_stack/launch\n'}
[222.578905] (f1tenth_stack) StdoutLine: {'line': b'creating /home/nvidia/f1tenth_ws/install/f1tenth_stack/share/f1tenth_stack/config\n'}
[222.579692] (f1tenth_stack) StdoutLine: {'line': b'copying config/vesc.yaml -> /home/nvidia/f1tenth_ws/install/f1tenth_stack/share/f1tenth_stack/config\n'}
[222.580351] (f1tenth_stack) StdoutLine: {'line': b'copying config/sensors.yaml -> /home/nvidia/f1tenth_ws/install/f1tenth_stack/share/f1tenth_stack/config\n'}
[222.580953] (f1tenth_stack) StdoutLine: {'line': b'copying config/f1tenth_online_async.yaml -> /home/nvidia/f1tenth_ws/install/f1tenth_stack/share/f1tenth_stack/config\n'}
[222.581367] (f1tenth_stack) StdoutLine: {'line': b'copying config/map_server_params.yaml -> /home/nvidia/f1tenth_ws/install/f1tenth_stack/share/f1tenth_stack/config\n'}
[222.582096] (f1tenth_stack) StdoutLine: {'line': b'copying config/joy_teleop.yaml -> /home/nvidia/f1tenth_ws/install/f1tenth_stack/share/f1tenth_stack/config\n'}
[222.582796] (f1tenth_stack) StdoutLine: {'line': b'copying config/mux.yaml -> /home/nvidia/f1tenth_ws/install/f1tenth_stack/share/f1tenth_stack/config\n'}
[222.583597] (f1tenth_stack) StdoutLine: {'line': b'copying config/waypoint_visual_config.yaml -> /home/nvidia/f1tenth_ws/install/f1tenth_stack/share/f1tenth_stack/config\n'}
[222.584253] (f1tenth_stack) StdoutLine: {'line': b'copying config/amcl_params.yaml -> /home/nvidia/f1tenth_ws/install/f1tenth_stack/share/f1tenth_stack/config\n'}
[222.584967] (f1tenth_stack) StdoutLine: {'line': b'running install_egg_info\n'}
[222.593291] (f1tenth_stack) StdoutLine: {'line': b'Copying ../../../build/f1tenth_stack/f1tenth_stack.egg-info to /home/nvidia/f1tenth_ws/install/f1tenth_stack/lib/python3.8/site-packages/f1tenth_stack-0.0.1-py3.8.egg-info\n'}
[222.594820] (-) TimerEvent: {}
[222.599000] (f1tenth_stack) StdoutLine: {'line': b'running install_scripts\n'}
[222.695098] (-) TimerEvent: {}
[222.699778] (f1tenth_stack) StdoutLine: {'line': b'Installing tf_publisher script to /home/nvidia/f1tenth_ws/install/f1tenth_stack/lib/f1tenth_stack\n'}
[222.701071] (f1tenth_stack) StdoutLine: {'line': b'Installing throttle_interpolator script to /home/nvidia/f1tenth_ws/install/f1tenth_stack/lib/f1tenth_stack\n'}
[222.701555] (f1tenth_stack) StdoutLine: {'line': b"writing list of installed files to '/home/nvidia/f1tenth_ws/build/f1tenth_stack/install.log'\n"}
[222.795458] (-) TimerEvent: {}
[222.829088] (f1tenth_stack) CommandEnded: {'returncode': 0}
[222.868438] (f1tenth_stack) JobEnded: {'identifier': 'f1tenth_stack', 'rc': 0}
[222.876488] (-) EventReactorShutdown: {}
