[0.000000] (-) TimerEvent: {}
[0.001022] (ackermann_mux) JobQueued: {'identifier': 'ackermann_mux', 'dependencies': OrderedDict()}
[0.001182] (f1tenth_controllers) JobQueued: {'identifier': 'f1tenth_controllers', 'dependencies': OrderedDict()}
[0.002650] (key_teleop) JobQueued: {'identifier': 'key_teleop', 'dependencies': OrderedDict()}
[0.003330] (mapping) JobQueued: {'identifier': 'mapping', 'dependencies': OrderedDict()}
[0.003521] (mouse_teleop) JobQueued: {'identifier': 'mouse_teleop', 'dependencies': OrderedDict()}
[0.003745] (new_map_saver) JobQueued: {'identifier': 'new_map_saver', 'dependencies': OrderedDict()}
[0.003964] (phasespace) JobQueued: {'identifier': 'phasespace', 'dependencies': OrderedDict()}
[0.004128] (teleop_tools_msgs) JobQueued: {'identifier': 'teleop_tools_msgs', 'dependencies': OrderedDict()}
[0.004254] (vesc_msgs) JobQueued: {'identifier': 'vesc_msgs', 'dependencies': OrderedDict()}
[0.004383] (joy_teleop) JobQueued: {'identifier': 'joy_teleop', 'dependencies': OrderedDict([('teleop_tools_msgs', '/home/nvidia/f1tenth_ws/install/teleop_tools_msgs')])}
[0.004522] (vesc_ackermann) JobQueued: {'identifier': 'vesc_ackermann', 'dependencies': OrderedDict([('vesc_msgs', '/home/nvidia/f1tenth_ws/install/vesc_msgs')])}
[0.005724] (vesc_driver) JobQueued: {'identifier': 'vesc_driver', 'dependencies': OrderedDict([('vesc_msgs', '/home/nvidia/f1tenth_ws/install/vesc_msgs')])}
[0.005882] (teleop_tools) JobQueued: {'identifier': 'teleop_tools', 'dependencies': OrderedDict([('key_teleop', '/home/nvidia/f1tenth_ws/install/key_teleop'), ('teleop_tools_msgs', '/home/nvidia/f1tenth_ws/install/teleop_tools_msgs'), ('joy_teleop', '/home/nvidia/f1tenth_ws/install/joy_teleop')])}
[0.006113] (vesc) JobQueued: {'identifier': 'vesc', 'dependencies': OrderedDict([('vesc_msgs', '/home/nvidia/f1tenth_ws/install/vesc_msgs'), ('vesc_ackermann', '/home/nvidia/f1tenth_ws/install/vesc_ackermann'), ('vesc_driver', '/home/nvidia/f1tenth_ws/install/vesc_driver')])}
[0.006423] (f1tenth_stack) JobQueued: {'identifier': 'f1tenth_stack', 'dependencies': OrderedDict([('ackermann_mux', '/home/nvidia/f1tenth_ws/install/ackermann_mux'), ('teleop_tools_msgs', '/home/nvidia/f1tenth_ws/install/teleop_tools_msgs'), ('vesc_msgs', '/home/nvidia/f1tenth_ws/install/vesc_msgs'), ('joy_teleop', '/home/nvidia/f1tenth_ws/install/joy_teleop'), ('vesc_ackermann', '/home/nvidia/f1tenth_ws/install/vesc_ackermann'), ('vesc_driver', '/home/nvidia/f1tenth_ws/install/vesc_driver'), ('vesc', '/home/nvidia/f1tenth_ws/install/vesc')])}
[0.006673] (vesc_msgs) JobStarted: {'identifier': 'vesc_msgs'}
[0.034727] (teleop_tools_msgs) JobStarted: {'identifier': 'teleop_tools_msgs'}
[0.067819] (ackermann_mux) JobStarted: {'identifier': 'ackermann_mux'}
[0.091649] (key_teleop) JobStarted: {'identifier': 'key_teleop'}
[0.096420] (-) TimerEvent: {}
[0.128956] (f1tenth_controllers) JobStarted: {'identifier': 'f1tenth_controllers'}
[0.163904] (mapping) JobStarted: {'identifier': 'mapping'}
[0.200163] (-) TimerEvent: {}
[0.216389] (vesc_msgs) JobProgress: {'identifier': 'vesc_msgs', 'progress': 'cmake'}
[0.220744] (vesc_msgs) JobProgress: {'identifier': 'vesc_msgs', 'progress': 'build'}
[0.224998] (vesc_msgs) Command: {'cmd': ['/usr/bin/cmake', '--build', '/home/nvidia/f1tenth_ws/build/vesc_msgs', '--', '-j6', '-l6'], 'cwd': '/home/nvidia/f1tenth_ws/build/vesc_msgs', 'env': OrderedDict([('SUDO_GID', '1000'), ('MAIL', '/var/mail/root'), ('USER', 'root'), ('HOME', '/root'), ('SUDO_UID', '1000'), ('LOGNAME', 'root'), ('TERM', 'xterm-256color'), ('PATH', '/usr/local/sbin:/usr/local/bin:/usr/sbin:/usr/bin:/sbin:/bin:/snap/bin'), ('LANG', 'en_US.UTF-8'), ('LS_COLORS', 'rs=0:di=01;34:ln=01;36:mh=00:pi=40;33:so=01;35:do=01;35:bd=40;33;01:cd=40;33;01:or=40;31;01:mi=00:su=37;41:sg=30;43:ca=30;41:tw=30;42:ow=34;42:st=37;44:ex=01;32:*.tar=01;31:*.tgz=01;31:*.arc=01;31:*.arj=01;31:*.taz=01;31:*.lha=01;31:*.lz4=01;31:*.lzh=01;31:*.lzma=01;31:*.tlz=01;31:*.txz=01;31:*.tzo=01;31:*.t7z=01;31:*.zip=01;31:*.z=01;31:*.dz=01;31:*.gz=01;31:*.lrz=01;31:*.lz=01;31:*.lzo=01;31:*.xz=01;31:*.zst=01;31:*.tzst=01;31:*.bz2=01;31:*.bz=01;31:*.tbz=01;31:*.tbz2=01;31:*.tz=01;31:*.deb=01;31:*.rpm=01;31:*.jar=01;31:*.war=01;31:*.ear=01;31:*.sar=01;31:*.rar=01;31:*.alz=01;31:*.ace=01;31:*.zoo=01;31:*.cpio=01;31:*.7z=01;31:*.rz=01;31:*.cab=01;31:*.wim=01;31:*.swm=01;31:*.dwm=01;31:*.esd=01;31:*.jpg=01;35:*.jpeg=01;35:*.mjpg=01;35:*.mjpeg=01;35:*.gif=01;35:*.bmp=01;35:*.pbm=01;35:*.pgm=01;35:*.ppm=01;35:*.tga=01;35:*.xbm=01;35:*.xpm=01;35:*.tif=01;35:*.tiff=01;35:*.png=01;35:*.svg=01;35:*.svgz=01;35:*.mng=01;35:*.pcx=01;35:*.mov=01;35:*.mpg=01;35:*.mpeg=01;35:*.m2v=01;35:*.mkv=01;35:*.webm=01;35:*.ogm=01;35:*.mp4=01;35:*.m4v=01;35:*.mp4v=01;35:*.vob=01;35:*.qt=01;35:*.nuv=01;35:*.wmv=01;35:*.asf=01;35:*.rm=01;35:*.rmvb=01;35:*.flc=01;35:*.avi=01;35:*.fli=01;35:*.flv=01;35:*.gl=01;35:*.dl=01;35:*.xcf=01;35:*.xwd=01;35:*.yuv=01;35:*.cgm=01;35:*.emf=01;35:*.ogv=01;35:*.ogx=01;35:*.aac=00;36:*.au=00;36:*.flac=00;36:*.m4a=00;36:*.mid=00;36:*.midi=00;36:*.mka=00;36:*.mp3=00;36:*.mpc=00;36:*.ogg=00;36:*.ra=00;36:*.wav=00;36:*.oga=00;36:*.opus=00;36:*.spx=00;36:*.xspf=00;36:'), ('SUDO_COMMAND', '/usr/bin/colcon build'), ('SHELL', '/bin/bash'), ('SUDO_USER', 'nvidia'), ('LC_ALL', 'en_US.UTF-8'), ('PWD', '/home/nvidia/f1tenth_ws/build/vesc_msgs'), ('COLCON', '1')]), 'shell': False}
[0.253025] (teleop_tools_msgs) JobProgress: {'identifier': 'teleop_tools_msgs', 'progress': 'cmake'}
[0.257328] (teleop_tools_msgs) JobProgress: {'identifier': 'teleop_tools_msgs', 'progress': 'build'}
[0.260669] (teleop_tools_msgs) Command: {'cmd': ['/usr/bin/cmake', '--build', '/home/nvidia/f1tenth_ws/build/teleop_tools_msgs', '--', '-j6', '-l6'], 'cwd': '/home/nvidia/f1tenth_ws/build/teleop_tools_msgs', 'env': OrderedDict([('SUDO_GID', '1000'), ('MAIL', '/var/mail/root'), ('USER', 'root'), ('HOME', '/root'), ('SUDO_UID', '1000'), ('LOGNAME', 'root'), ('TERM', 'xterm-256color'), ('PATH', '/usr/local/sbin:/usr/local/bin:/usr/sbin:/usr/bin:/sbin:/bin:/snap/bin'), ('LANG', 'en_US.UTF-8'), ('LS_COLORS', 'rs=0:di=01;34:ln=01;36:mh=00:pi=40;33:so=01;35:do=01;35:bd=40;33;01:cd=40;33;01:or=40;31;01:mi=00:su=37;41:sg=30;43:ca=30;41:tw=30;42:ow=34;42:st=37;44:ex=01;32:*.tar=01;31:*.tgz=01;31:*.arc=01;31:*.arj=01;31:*.taz=01;31:*.lha=01;31:*.lz4=01;31:*.lzh=01;31:*.lzma=01;31:*.tlz=01;31:*.txz=01;31:*.tzo=01;31:*.t7z=01;31:*.zip=01;31:*.z=01;31:*.dz=01;31:*.gz=01;31:*.lrz=01;31:*.lz=01;31:*.lzo=01;31:*.xz=01;31:*.zst=01;31:*.tzst=01;31:*.bz2=01;31:*.bz=01;31:*.tbz=01;31:*.tbz2=01;31:*.tz=01;31:*.deb=01;31:*.rpm=01;31:*.jar=01;31:*.war=01;31:*.ear=01;31:*.sar=01;31:*.rar=01;31:*.alz=01;31:*.ace=01;31:*.zoo=01;31:*.cpio=01;31:*.7z=01;31:*.rz=01;31:*.cab=01;31:*.wim=01;31:*.swm=01;31:*.dwm=01;31:*.esd=01;31:*.jpg=01;35:*.jpeg=01;35:*.mjpg=01;35:*.mjpeg=01;35:*.gif=01;35:*.bmp=01;35:*.pbm=01;35:*.pgm=01;35:*.ppm=01;35:*.tga=01;35:*.xbm=01;35:*.xpm=01;35:*.tif=01;35:*.tiff=01;35:*.png=01;35:*.svg=01;35:*.svgz=01;35:*.mng=01;35:*.pcx=01;35:*.mov=01;35:*.mpg=01;35:*.mpeg=01;35:*.m2v=01;35:*.mkv=01;35:*.webm=01;35:*.ogm=01;35:*.mp4=01;35:*.m4v=01;35:*.mp4v=01;35:*.vob=01;35:*.qt=01;35:*.nuv=01;35:*.wmv=01;35:*.asf=01;35:*.rm=01;35:*.rmvb=01;35:*.flc=01;35:*.avi=01;35:*.fli=01;35:*.flv=01;35:*.gl=01;35:*.dl=01;35:*.xcf=01;35:*.xwd=01;35:*.yuv=01;35:*.cgm=01;35:*.emf=01;35:*.ogv=01;35:*.ogx=01;35:*.aac=00;36:*.au=00;36:*.flac=00;36:*.m4a=00;36:*.mid=00;36:*.midi=00;36:*.mka=00;36:*.mp3=00;36:*.mpc=00;36:*.ogg=00;36:*.ra=00;36:*.wav=00;36:*.oga=00;36:*.opus=00;36:*.spx=00;36:*.xspf=00;36:'), ('SUDO_COMMAND', '/usr/bin/colcon build'), ('SHELL', '/bin/bash'), ('SUDO_USER', 'nvidia'), ('LC_ALL', 'en_US.UTF-8'), ('PWD', '/home/nvidia/f1tenth_ws/build/teleop_tools_msgs'), ('COLCON', '1')]), 'shell': False}
[0.282371] (ackermann_mux) JobProgress: {'identifier': 'ackermann_mux', 'progress': 'cmake'}
[0.286445] (ackermann_mux) JobProgress: {'identifier': 'ackermann_mux', 'progress': 'build'}
[0.295547] (ackermann_mux) Command: {'cmd': ['/usr/bin/cmake', '--build', '/home/nvidia/f1tenth_ws/build/ackermann_mux', '--', '-j6', '-l6'], 'cwd': '/home/nvidia/f1tenth_ws/build/ackermann_mux', 'env': OrderedDict([('SUDO_GID', '1000'), ('MAIL', '/var/mail/root'), ('USER', 'root'), ('HOME', '/root'), ('SUDO_UID', '1000'), ('LOGNAME', 'root'), ('TERM', 'xterm-256color'), ('PATH', '/usr/local/sbin:/usr/local/bin:/usr/sbin:/usr/bin:/sbin:/bin:/snap/bin'), ('LANG', 'en_US.UTF-8'), ('LS_COLORS', 'rs=0:di=01;34:ln=01;36:mh=00:pi=40;33:so=01;35:do=01;35:bd=40;33;01:cd=40;33;01:or=40;31;01:mi=00:su=37;41:sg=30;43:ca=30;41:tw=30;42:ow=34;42:st=37;44:ex=01;32:*.tar=01;31:*.tgz=01;31:*.arc=01;31:*.arj=01;31:*.taz=01;31:*.lha=01;31:*.lz4=01;31:*.lzh=01;31:*.lzma=01;31:*.tlz=01;31:*.txz=01;31:*.tzo=01;31:*.t7z=01;31:*.zip=01;31:*.z=01;31:*.dz=01;31:*.gz=01;31:*.lrz=01;31:*.lz=01;31:*.lzo=01;31:*.xz=01;31:*.zst=01;31:*.tzst=01;31:*.bz2=01;31:*.bz=01;31:*.tbz=01;31:*.tbz2=01;31:*.tz=01;31:*.deb=01;31:*.rpm=01;31:*.jar=01;31:*.war=01;31:*.ear=01;31:*.sar=01;31:*.rar=01;31:*.alz=01;31:*.ace=01;31:*.zoo=01;31:*.cpio=01;31:*.7z=01;31:*.rz=01;31:*.cab=01;31:*.wim=01;31:*.swm=01;31:*.dwm=01;31:*.esd=01;31:*.jpg=01;35:*.jpeg=01;35:*.mjpg=01;35:*.mjpeg=01;35:*.gif=01;35:*.bmp=01;35:*.pbm=01;35:*.pgm=01;35:*.ppm=01;35:*.tga=01;35:*.xbm=01;35:*.xpm=01;35:*.tif=01;35:*.tiff=01;35:*.png=01;35:*.svg=01;35:*.svgz=01;35:*.mng=01;35:*.pcx=01;35:*.mov=01;35:*.mpg=01;35:*.mpeg=01;35:*.m2v=01;35:*.mkv=01;35:*.webm=01;35:*.ogm=01;35:*.mp4=01;35:*.m4v=01;35:*.mp4v=01;35:*.vob=01;35:*.qt=01;35:*.nuv=01;35:*.wmv=01;35:*.asf=01;35:*.rm=01;35:*.rmvb=01;35:*.flc=01;35:*.avi=01;35:*.fli=01;35:*.flv=01;35:*.gl=01;35:*.dl=01;35:*.xcf=01;35:*.xwd=01;35:*.yuv=01;35:*.cgm=01;35:*.emf=01;35:*.ogv=01;35:*.ogx=01;35:*.aac=00;36:*.au=00;36:*.flac=00;36:*.m4a=00;36:*.mid=00;36:*.midi=00;36:*.mka=00;36:*.mp3=00;36:*.mpc=00;36:*.ogg=00;36:*.ra=00;36:*.wav=00;36:*.oga=00;36:*.opus=00;36:*.spx=00;36:*.xspf=00;36:'), ('SUDO_COMMAND', '/usr/bin/colcon build'), ('SHELL', '/bin/bash'), ('SUDO_USER', 'nvidia'), ('LC_ALL', 'en_US.UTF-8'), ('PWD', '/home/nvidia/f1tenth_ws/build/ackermann_mux'), ('COLCON', '1')]), 'shell': False}
[0.327152] (-) TimerEvent: {}
[0.430321] (-) TimerEvent: {}
[0.531778] (-) TimerEvent: {}
[0.632891] (-) TimerEvent: {}
[0.734589] (-) TimerEvent: {}
[0.836348] (-) TimerEvent: {}
[0.938089] (-) TimerEvent: {}
[1.039281] (-) TimerEvent: {}
[1.140380] (-) TimerEvent: {}
[1.241607] (-) TimerEvent: {}
[1.342997] (-) TimerEvent: {}
[1.444212] (-) TimerEvent: {}
[1.545614] (-) TimerEvent: {}
[1.649283] (-) TimerEvent: {}
[1.753637] (-) TimerEvent: {}
[1.856353] (-) TimerEvent: {}
[1.957373] (-) TimerEvent: {}
[2.058376] (-) TimerEvent: {}
[2.159360] (-) TimerEvent: {}
[2.260450] (-) TimerEvent: {}
[2.361418] (-) TimerEvent: {}
[2.462536] (-) TimerEvent: {}
[2.563539] (-) TimerEvent: {}
[2.664559] (-) TimerEvent: {}
[2.766728] (-) TimerEvent: {}
[2.869578] (-) TimerEvent: {}
[2.970669] (-) TimerEvent: {}
[3.071658] (-) TimerEvent: {}
[3.172712] (-) TimerEvent: {}
[3.273771] (-) TimerEvent: {}
[3.374932] (-) TimerEvent: {}
[3.475886] (-) TimerEvent: {}
[3.577998] (-) TimerEvent: {}
[3.679318] (-) TimerEvent: {}
[3.781380] (-) TimerEvent: {}
[3.802684] (vesc_msgs) StdoutLine: {'line': b'[  1%] Built target vesc_msgs__cpp\n'}
[3.808606] (vesc_msgs) StdoutLine: {'line': b'[ 12%] Built target vesc_msgs__rosidl_generator_c\n'}
[3.811661] (vesc_msgs) StdoutLine: {'line': b'[ 23%] Built target vesc_msgs__rosidl_typesupport_cpp\n'}
[3.812992] (vesc_msgs) StdoutLine: {'line': b'[ 34%] Built target vesc_msgs__rosidl_typesupport_fastrtps_cpp\n'}
[3.816239] (vesc_msgs) StdoutLine: {'line': b'[ 45%] Built target vesc_msgs__rosidl_typesupport_introspection_c\n'}
[3.817614] (vesc_msgs) StdoutLine: {'line': b'[ 56%] Built target vesc_msgs__rosidl_typesupport_introspection_cpp\n'}
[3.818437] (vesc_msgs) StdoutLine: {'line': b'[ 67%] Built target vesc_msgs__rosidl_typesupport_c\n'}
[3.827057] (vesc_msgs) StdoutLine: {'line': b'[ 78%] Built target vesc_msgs__rosidl_typesupport_fastrtps_c\n'}
[3.829523] (vesc_msgs) StdoutLine: {'line': b'[ 78%] Built target vesc_msgs\n'}
[3.833647] (vesc_msgs) StdoutLine: {'line': b'[ 80%] Built target vesc_msgs__py\n'}
[3.837217] (vesc_msgs) StdoutLine: {'line': b'[ 89%] Built target vesc_msgs__python\n'}
[3.840533] (vesc_msgs) StdoutLine: {'line': b'[ 92%] Built target vesc_msgs__rosidl_typesupport_c__pyext\n'}
[3.848987] (vesc_msgs) StdoutLine: {'line': b'[ 96%] Built target vesc_msgs__rosidl_typesupport_introspection_c__pyext\n'}
[3.856379] (vesc_msgs) StdoutLine: {'line': b'[100%] Built target vesc_msgs__rosidl_typesupport_fastrtps_c__pyext\n'}
[3.857466] (teleop_tools_msgs) StdoutLine: {'line': b'[  3%] Built target teleop_tools_msgs__cpp\n'}
[3.868388] (teleop_tools_msgs) StdoutLine: {'line': b'[ 12%] Built target teleop_tools_msgs__rosidl_generator_c\n'}
[3.873526] (teleop_tools_msgs) StdoutLine: {'line': b'[ 22%] Built target teleop_tools_msgs__rosidl_typesupport_introspection_cpp\n'}
[3.876384] (teleop_tools_msgs) StdoutLine: {'line': b'[ 32%] Built target teleop_tools_msgs__rosidl_typesupport_c\n'}
[3.876984] (teleop_tools_msgs) StdoutLine: {'line': b'[ 41%] Built target teleop_tools_msgs__rosidl_typesupport_cpp\n'}
[3.888638] (-) TimerEvent: {}
[3.890880] (teleop_tools_msgs) StdoutLine: {'line': b'[ 51%] Built target teleop_tools_msgs__rosidl_typesupport_fastrtps_cpp\n'}
[3.893963] (teleop_tools_msgs) StdoutLine: {'line': b'[ 61%] Built target teleop_tools_msgs__rosidl_typesupport_introspection_c\n'}
[3.895178] (teleop_tools_msgs) StdoutLine: {'line': b'[ 70%] Built target teleop_tools_msgs__rosidl_typesupport_fastrtps_c\n'}
[3.906281] (teleop_tools_msgs) StdoutLine: {'line': b'[ 70%] Built target teleop_tools_msgs\n'}
[3.919718] (teleop_tools_msgs) StdoutLine: {'line': b'[ 74%] Built target teleop_tools_msgs__py\n'}
[3.923184] (teleop_tools_msgs) StdoutLine: {'line': b'[ 80%] Built target teleop_tools_msgs__python\n'}
[3.933540] (teleop_tools_msgs) StdoutLine: {'line': b'[ 87%] Built target teleop_tools_msgs__rosidl_typesupport_introspection_c__pyext\n'}
[3.934163] (teleop_tools_msgs) StdoutLine: {'line': b'[ 93%] Built target teleop_tools_msgs__rosidl_typesupport_c__pyext\n'}
[3.934689] (teleop_tools_msgs) StdoutLine: {'line': b'[100%] Built target teleop_tools_msgs__rosidl_typesupport_fastrtps_c__pyext\n'}
[3.935179] (ackermann_mux) StdoutLine: {'line': b'[100%] Built target ackermann_mux\n'}
[3.937020] (vesc_msgs) CommandEnded: {'returncode': 0}
[3.944547] (teleop_tools_msgs) CommandEnded: {'returncode': 0}
[3.945648] (ackermann_mux) CommandEnded: {'returncode': 0}
[3.989651] (-) TimerEvent: {}
[4.027919] (ackermann_mux) JobProgress: {'identifier': 'ackermann_mux', 'progress': 'install'}
[4.095902] (-) TimerEvent: {}
[4.101998] (ackermann_mux) Command: {'cmd': ['/usr/bin/cmake', '--install', '/home/nvidia/f1tenth_ws/build/ackermann_mux'], 'cwd': '/home/nvidia/f1tenth_ws/build/ackermann_mux', 'env': OrderedDict([('SUDO_GID', '1000'), ('MAIL', '/var/mail/root'), ('USER', 'root'), ('HOME', '/root'), ('SUDO_UID', '1000'), ('LOGNAME', 'root'), ('TERM', 'xterm-256color'), ('PATH', '/usr/local/sbin:/usr/local/bin:/usr/sbin:/usr/bin:/sbin:/bin:/snap/bin'), ('LANG', 'en_US.UTF-8'), ('LS_COLORS', 'rs=0:di=01;34:ln=01;36:mh=00:pi=40;33:so=01;35:do=01;35:bd=40;33;01:cd=40;33;01:or=40;31;01:mi=00:su=37;41:sg=30;43:ca=30;41:tw=30;42:ow=34;42:st=37;44:ex=01;32:*.tar=01;31:*.tgz=01;31:*.arc=01;31:*.arj=01;31:*.taz=01;31:*.lha=01;31:*.lz4=01;31:*.lzh=01;31:*.lzma=01;31:*.tlz=01;31:*.txz=01;31:*.tzo=01;31:*.t7z=01;31:*.zip=01;31:*.z=01;31:*.dz=01;31:*.gz=01;31:*.lrz=01;31:*.lz=01;31:*.lzo=01;31:*.xz=01;31:*.zst=01;31:*.tzst=01;31:*.bz2=01;31:*.bz=01;31:*.tbz=01;31:*.tbz2=01;31:*.tz=01;31:*.deb=01;31:*.rpm=01;31:*.jar=01;31:*.war=01;31:*.ear=01;31:*.sar=01;31:*.rar=01;31:*.alz=01;31:*.ace=01;31:*.zoo=01;31:*.cpio=01;31:*.7z=01;31:*.rz=01;31:*.cab=01;31:*.wim=01;31:*.swm=01;31:*.dwm=01;31:*.esd=01;31:*.jpg=01;35:*.jpeg=01;35:*.mjpg=01;35:*.mjpeg=01;35:*.gif=01;35:*.bmp=01;35:*.pbm=01;35:*.pgm=01;35:*.ppm=01;35:*.tga=01;35:*.xbm=01;35:*.xpm=01;35:*.tif=01;35:*.tiff=01;35:*.png=01;35:*.svg=01;35:*.svgz=01;35:*.mng=01;35:*.pcx=01;35:*.mov=01;35:*.mpg=01;35:*.mpeg=01;35:*.m2v=01;35:*.mkv=01;35:*.webm=01;35:*.ogm=01;35:*.mp4=01;35:*.m4v=01;35:*.mp4v=01;35:*.vob=01;35:*.qt=01;35:*.nuv=01;35:*.wmv=01;35:*.asf=01;35:*.rm=01;35:*.rmvb=01;35:*.flc=01;35:*.avi=01;35:*.fli=01;35:*.flv=01;35:*.gl=01;35:*.dl=01;35:*.xcf=01;35:*.xwd=01;35:*.yuv=01;35:*.cgm=01;35:*.emf=01;35:*.ogv=01;35:*.ogx=01;35:*.aac=00;36:*.au=00;36:*.flac=00;36:*.m4a=00;36:*.mid=00;36:*.midi=00;36:*.mka=00;36:*.mp3=00;36:*.mpc=00;36:*.ogg=00;36:*.ra=00;36:*.wav=00;36:*.oga=00;36:*.opus=00;36:*.spx=00;36:*.xspf=00;36:'), ('SUDO_COMMAND', '/usr/bin/colcon build'), ('SHELL', '/bin/bash'), ('SUDO_USER', 'nvidia'), ('LC_ALL', 'en_US.UTF-8'), ('PWD', '/home/nvidia/f1tenth_ws/build/ackermann_mux'), ('COLCON', '1')]), 'shell': False}
[4.137741] (teleop_tools_msgs) JobProgress: {'identifier': 'teleop_tools_msgs', 'progress': 'install'}
[4.141789] (teleop_tools_msgs) Command: {'cmd': ['/usr/bin/cmake', '--install', '/home/nvidia/f1tenth_ws/build/teleop_tools_msgs'], 'cwd': '/home/nvidia/f1tenth_ws/build/teleop_tools_msgs', 'env': OrderedDict([('SUDO_GID', '1000'), ('MAIL', '/var/mail/root'), ('USER', 'root'), ('HOME', '/root'), ('SUDO_UID', '1000'), ('LOGNAME', 'root'), ('TERM', 'xterm-256color'), ('PATH', '/usr/local/sbin:/usr/local/bin:/usr/sbin:/usr/bin:/sbin:/bin:/snap/bin'), ('LANG', 'en_US.UTF-8'), ('LS_COLORS', 'rs=0:di=01;34:ln=01;36:mh=00:pi=40;33:so=01;35:do=01;35:bd=40;33;01:cd=40;33;01:or=40;31;01:mi=00:su=37;41:sg=30;43:ca=30;41:tw=30;42:ow=34;42:st=37;44:ex=01;32:*.tar=01;31:*.tgz=01;31:*.arc=01;31:*.arj=01;31:*.taz=01;31:*.lha=01;31:*.lz4=01;31:*.lzh=01;31:*.lzma=01;31:*.tlz=01;31:*.txz=01;31:*.tzo=01;31:*.t7z=01;31:*.zip=01;31:*.z=01;31:*.dz=01;31:*.gz=01;31:*.lrz=01;31:*.lz=01;31:*.lzo=01;31:*.xz=01;31:*.zst=01;31:*.tzst=01;31:*.bz2=01;31:*.bz=01;31:*.tbz=01;31:*.tbz2=01;31:*.tz=01;31:*.deb=01;31:*.rpm=01;31:*.jar=01;31:*.war=01;31:*.ear=01;31:*.sar=01;31:*.rar=01;31:*.alz=01;31:*.ace=01;31:*.zoo=01;31:*.cpio=01;31:*.7z=01;31:*.rz=01;31:*.cab=01;31:*.wim=01;31:*.swm=01;31:*.dwm=01;31:*.esd=01;31:*.jpg=01;35:*.jpeg=01;35:*.mjpg=01;35:*.mjpeg=01;35:*.gif=01;35:*.bmp=01;35:*.pbm=01;35:*.pgm=01;35:*.ppm=01;35:*.tga=01;35:*.xbm=01;35:*.xpm=01;35:*.tif=01;35:*.tiff=01;35:*.png=01;35:*.svg=01;35:*.svgz=01;35:*.mng=01;35:*.pcx=01;35:*.mov=01;35:*.mpg=01;35:*.mpeg=01;35:*.m2v=01;35:*.mkv=01;35:*.webm=01;35:*.ogm=01;35:*.mp4=01;35:*.m4v=01;35:*.mp4v=01;35:*.vob=01;35:*.qt=01;35:*.nuv=01;35:*.wmv=01;35:*.asf=01;35:*.rm=01;35:*.rmvb=01;35:*.flc=01;35:*.avi=01;35:*.fli=01;35:*.flv=01;35:*.gl=01;35:*.dl=01;35:*.xcf=01;35:*.xwd=01;35:*.yuv=01;35:*.cgm=01;35:*.emf=01;35:*.ogv=01;35:*.ogx=01;35:*.aac=00;36:*.au=00;36:*.flac=00;36:*.m4a=00;36:*.mid=00;36:*.midi=00;36:*.mka=00;36:*.mp3=00;36:*.mpc=00;36:*.ogg=00;36:*.ra=00;36:*.wav=00;36:*.oga=00;36:*.opus=00;36:*.spx=00;36:*.xspf=00;36:'), ('SUDO_COMMAND', '/usr/bin/colcon build'), ('SHELL', '/bin/bash'), ('SUDO_USER', 'nvidia'), ('LC_ALL', 'en_US.UTF-8'), ('PWD', '/home/nvidia/f1tenth_ws/build/teleop_tools_msgs'), ('COLCON', '1')]), 'shell': False}
[4.167570] (ackermann_mux) StdoutLine: {'line': b'-- Install configuration: ""\n'}
[4.177767] (ackermann_mux) StdoutLine: {'line': b'-- Up-to-date: /home/nvidia/f1tenth_ws/install/ackermann_mux/lib/ackermann_mux/ackermann_mux\n'}
[4.178612] (ackermann_mux) StdoutLine: {'line': b'-- Up-to-date: /home/nvidia/f1tenth_ws/install/ackermann_mux/share/ackermann_mux/launch\n'}
[4.179117] (ackermann_mux) StdoutLine: {'line': b'-- Up-to-date: /home/nvidia/f1tenth_ws/install/ackermann_mux/share/ackermann_mux/launch/ackermann_mux_launch.py\n'}
[4.179584] (ackermann_mux) StdoutLine: {'line': b'-- Up-to-date: /home/nvidia/f1tenth_ws/install/ackermann_mux/share/ackermann_mux/config\n'}
[4.180030] (ackermann_mux) StdoutLine: {'line': b'-- Up-to-date: /home/nvidia/f1tenth_ws/install/ackermann_mux/share/ackermann_mux/config/ackermann_mux_topics.yaml\n'}
[4.180469] (ackermann_mux) StdoutLine: {'line': b'-- Up-to-date: /home/nvidia/f1tenth_ws/install/ackermann_mux/share/ackermann_mux/config/joystick.yaml\n'}
[4.180882] (ackermann_mux) StdoutLine: {'line': b'-- Up-to-date: /home/nvidia/f1tenth_ws/install/ackermann_mux/share/ackermann_mux/config/ackermann_mux_locks.yaml\n'}
[4.181878] (ackermann_mux) StdoutLine: {'line': b'-- Up-to-date: /home/nvidia/f1tenth_ws/install/ackermann_mux/include\n'}
[4.183303] (ackermann_mux) StdoutLine: {'line': b'-- Up-to-date: /home/nvidia/f1tenth_ws/install/ackermann_mux/include/ackermann_mux\n'}
[4.184460] (ackermann_mux) StdoutLine: {'line': b'-- Up-to-date: /home/nvidia/f1tenth_ws/install/ackermann_mux/include/ackermann_mux/ackermann_mux_diagnostics.hpp\n'}
[4.185539] (ackermann_mux) StdoutLine: {'line': b'-- Up-to-date: /home/nvidia/f1tenth_ws/install/ackermann_mux/include/ackermann_mux/params_helpers.hpp\n'}
[4.186026] (ackermann_mux) StdoutLine: {'line': b'-- Up-to-date: /home/nvidia/f1tenth_ws/install/ackermann_mux/include/ackermann_mux/ackermann_mux_diagnostics_status.hpp\n'}
[4.186640] (ackermann_mux) StdoutLine: {'line': b'-- Up-to-date: /home/nvidia/f1tenth_ws/install/ackermann_mux/include/ackermann_mux/ackermann_mux.hpp\n'}
[4.189011] (ackermann_mux) StdoutLine: {'line': b'-- Up-to-date: /home/nvidia/f1tenth_ws/install/ackermann_mux/include/ackermann_mux/topic_handle.hpp\n'}
[4.189510] (ackermann_mux) StdoutLine: {'line': b'-- Up-to-date: /home/nvidia/f1tenth_ws/install/ackermann_mux/include/ackermann_mux/utils.hpp\n'}
[4.189935] (ackermann_mux) StdoutLine: {'line': b'-- Up-to-date: /home/nvidia/f1tenth_ws/install/ackermann_mux/share/ament_index/resource_index/package_run_dependencies/ackermann_mux\n'}
[4.191885] (ackermann_mux) StdoutLine: {'line': b'-- Up-to-date: /home/nvidia/f1tenth_ws/install/ackermann_mux/share/ament_index/resource_index/parent_prefix_path/ackermann_mux\n'}
[4.192378] (ackermann_mux) StdoutLine: {'line': b'-- Up-to-date: /home/nvidia/f1tenth_ws/install/ackermann_mux/share/ackermann_mux/environment/ament_prefix_path.sh\n'}
[4.192831] (ackermann_mux) StdoutLine: {'line': b'-- Up-to-date: /home/nvidia/f1tenth_ws/install/ackermann_mux/share/ackermann_mux/environment/ament_prefix_path.dsv\n'}
[4.193237] (ackermann_mux) StdoutLine: {'line': b'-- Up-to-date: /home/nvidia/f1tenth_ws/install/ackermann_mux/share/ackermann_mux/environment/path.sh\n'}
[4.193673] (ackermann_mux) StdoutLine: {'line': b'-- Up-to-date: /home/nvidia/f1tenth_ws/install/ackermann_mux/share/ackermann_mux/environment/path.dsv\n'}
[4.194653] (ackermann_mux) StdoutLine: {'line': b'-- Up-to-date: /home/nvidia/f1tenth_ws/install/ackermann_mux/share/ackermann_mux/local_setup.bash\n'}
[4.198652] (-) TimerEvent: {}
[4.202712] (ackermann_mux) StdoutLine: {'line': b'-- Up-to-date: /home/nvidia/f1tenth_ws/install/ackermann_mux/share/ackermann_mux/local_setup.sh\n'}
[4.203473] (ackermann_mux) StdoutLine: {'line': b'-- Up-to-date: /home/nvidia/f1tenth_ws/install/ackermann_mux/share/ackermann_mux/local_setup.zsh\n'}
[4.203982] (ackermann_mux) StdoutLine: {'line': b'-- Up-to-date: /home/nvidia/f1tenth_ws/install/ackermann_mux/share/ackermann_mux/local_setup.dsv\n'}
[4.204436] (ackermann_mux) StdoutLine: {'line': b'-- Installing: /home/nvidia/f1tenth_ws/install/ackermann_mux/share/ackermann_mux/package.dsv\n'}
[4.204867] (ackermann_mux) StdoutLine: {'line': b'-- Up-to-date: /home/nvidia/f1tenth_ws/install/ackermann_mux/share/ament_index/resource_index/packages/ackermann_mux\n'}
[4.205335] (ackermann_mux) StdoutLine: {'line': b'-- Up-to-date: /home/nvidia/f1tenth_ws/install/ackermann_mux/share/ackermann_mux/cmake/ament_cmake_export_include_directories-extras.cmake\n'}
[4.205739] (ackermann_mux) StdoutLine: {'line': b'-- Up-to-date: /home/nvidia/f1tenth_ws/install/ackermann_mux/share/ackermann_mux/cmake/ament_cmake_export_dependencies-extras.cmake\n'}
[4.206294] (ackermann_mux) StdoutLine: {'line': b'-- Up-to-date: /home/nvidia/f1tenth_ws/install/ackermann_mux/share/ackermann_mux/cmake/ackermann_muxConfig.cmake\n'}
[4.206749] (ackermann_mux) StdoutLine: {'line': b'-- Up-to-date: /home/nvidia/f1tenth_ws/install/ackermann_mux/share/ackermann_mux/cmake/ackermann_muxConfig-version.cmake\n'}
[4.207275] (ackermann_mux) StdoutLine: {'line': b'-- Up-to-date: /home/nvidia/f1tenth_ws/install/ackermann_mux/share/ackermann_mux/package.xml\n'}
[4.218591] (ackermann_mux) CommandEnded: {'returncode': 0}
[4.239209] (teleop_tools_msgs) StdoutLine: {'line': b'-- Install configuration: ""\n'}
[4.240303] (teleop_tools_msgs) StdoutLine: {'line': b'-- Up-to-date: /home/nvidia/f1tenth_ws/install/teleop_tools_msgs/share/ament_index/resource_index/rosidl_interfaces/teleop_tools_msgs\n'}
[4.240801] (teleop_tools_msgs) StdoutLine: {'line': b'-- Up-to-date: /home/nvidia/f1tenth_ws/install/teleop_tools_msgs/include/teleop_tools_msgs\n'}
[4.241252] (teleop_tools_msgs) StdoutLine: {'line': b'-- Up-to-date: /home/nvidia/f1tenth_ws/install/teleop_tools_msgs/include/teleop_tools_msgs/action\n'}
[4.241684] (teleop_tools_msgs) StdoutLine: {'line': b'-- Up-to-date: /home/nvidia/f1tenth_ws/install/teleop_tools_msgs/include/teleop_tools_msgs/action/increment.h\n'}
[4.242124] (teleop_tools_msgs) StdoutLine: {'line': b'-- Up-to-date: /home/nvidia/f1tenth_ws/install/teleop_tools_msgs/include/teleop_tools_msgs/action/detail\n'}
[4.242628] (teleop_tools_msgs) StdoutLine: {'line': b'-- Up-to-date: /home/nvidia/f1tenth_ws/install/teleop_tools_msgs/include/teleop_tools_msgs/action/detail/increment__type_support.h\n'}
[4.243041] (teleop_tools_msgs) StdoutLine: {'line': b'-- Up-to-date: /home/nvidia/f1tenth_ws/install/teleop_tools_msgs/include/teleop_tools_msgs/action/detail/increment__functions.c\n'}
[4.243469] (teleop_tools_msgs) StdoutLine: {'line': b'-- Up-to-date: /home/nvidia/f1tenth_ws/install/teleop_tools_msgs/include/teleop_tools_msgs/action/detail/increment__struct.h\n'}
[4.243863] (teleop_tools_msgs) StdoutLine: {'line': b'-- Up-to-date: /home/nvidia/f1tenth_ws/install/teleop_tools_msgs/include/teleop_tools_msgs/action/detail/increment__functions.h\n'}
[4.244277] (teleop_tools_msgs) StdoutLine: {'line': b'-- Up-to-date: /home/nvidia/f1tenth_ws/install/teleop_tools_msgs/include/teleop_tools_msgs/msg\n'}
[4.246277] (teleop_tools_msgs) StdoutLine: {'line': b'-- Up-to-date: /home/nvidia/f1tenth_ws/install/teleop_tools_msgs/include/teleop_tools_msgs/msg/rosidl_generator_c__visibility_control.h\n'}
[4.247812] (teleop_tools_msgs) StdoutLine: {'line': b'-- Up-to-date: /home/nvidia/f1tenth_ws/install/teleop_tools_msgs/share/teleop_tools_msgs/environment/library_path.sh\n'}
[4.248824] (teleop_tools_msgs) StdoutLine: {'line': b'-- Up-to-date: /home/nvidia/f1tenth_ws/install/teleop_tools_msgs/share/teleop_tools_msgs/environment/library_path.dsv\n'}
[4.249359] (teleop_tools_msgs) StdoutLine: {'line': b'-- Up-to-date: /home/nvidia/f1tenth_ws/install/teleop_tools_msgs/lib/libteleop_tools_msgs__rosidl_generator_c.so\n'}
[4.249957] (teleop_tools_msgs) StdoutLine: {'line': b'-- Up-to-date: /home/nvidia/f1tenth_ws/install/teleop_tools_msgs/include/teleop_tools_msgs\n'}
[4.250473] (teleop_tools_msgs) StdoutLine: {'line': b'-- Up-to-date: /home/nvidia/f1tenth_ws/install/teleop_tools_msgs/include/teleop_tools_msgs/action\n'}
[4.250900] (teleop_tools_msgs) StdoutLine: {'line': b'-- Up-to-date: /home/nvidia/f1tenth_ws/install/teleop_tools_msgs/include/teleop_tools_msgs/action/detail\n'}
[4.251297] (teleop_tools_msgs) StdoutLine: {'line': b'-- Up-to-date: /home/nvidia/f1tenth_ws/install/teleop_tools_msgs/include/teleop_tools_msgs/action/detail/increment__rosidl_typesupport_fastrtps_c.h\n'}
[4.251723] (teleop_tools_msgs) StdoutLine: {'line': b'-- Up-to-date: /home/nvidia/f1tenth_ws/install/teleop_tools_msgs/include/teleop_tools_msgs/msg\n'}
[4.252159] (teleop_tools_msgs) StdoutLine: {'line': b'-- Up-to-date: /home/nvidia/f1tenth_ws/install/teleop_tools_msgs/include/teleop_tools_msgs/msg/rosidl_typesupport_fastrtps_c__visibility_control.h\n'}
[4.256220] (teleop_tools_msgs) StdoutLine: {'line': b'-- Up-to-date: /home/nvidia/f1tenth_ws/install/teleop_tools_msgs/lib/libteleop_tools_msgs__rosidl_typesupport_fastrtps_c.so\n'}
[4.256900] (teleop_tools_msgs) StdoutLine: {'line': b'-- Up-to-date: /home/nvidia/f1tenth_ws/install/teleop_tools_msgs/include/teleop_tools_msgs\n'}
[4.260515] (teleop_tools_msgs) StdoutLine: {'line': b'-- Up-to-date: /home/nvidia/f1tenth_ws/install/teleop_tools_msgs/include/teleop_tools_msgs/action\n'}
[4.261037] (teleop_tools_msgs) StdoutLine: {'line': b'-- Up-to-date: /home/nvidia/f1tenth_ws/install/teleop_tools_msgs/include/teleop_tools_msgs/action/detail\n'}
[4.261504] (teleop_tools_msgs) StdoutLine: {'line': b'-- Up-to-date: /home/nvidia/f1tenth_ws/install/teleop_tools_msgs/include/teleop_tools_msgs/action/detail/increment__rosidl_typesupport_fastrtps_cpp.hpp\n'}
[4.272141] (teleop_tools_msgs) StdoutLine: {'line': b'-- Up-to-date: /home/nvidia/f1tenth_ws/install/teleop_tools_msgs/include/teleop_tools_msgs/action/detail/dds_fastrtps\n'}
[4.272935] (teleop_tools_msgs) StdoutLine: {'line': b'-- Up-to-date: /home/nvidia/f1tenth_ws/install/teleop_tools_msgs/include/teleop_tools_msgs/msg\n'}
[4.273378] (teleop_tools_msgs) StdoutLine: {'line': b'-- Up-to-date: /home/nvidia/f1tenth_ws/install/teleop_tools_msgs/include/teleop_tools_msgs/msg/rosidl_typesupport_fastrtps_cpp__visibility_control.h\n'}
[4.274427] (teleop_tools_msgs) StdoutLine: {'line': b'-- Up-to-date: /home/nvidia/f1tenth_ws/install/teleop_tools_msgs/lib/libteleop_tools_msgs__rosidl_typesupport_fastrtps_cpp.so\n'}
[4.279550] (teleop_tools_msgs) StdoutLine: {'line': b'-- Up-to-date: /home/nvidia/f1tenth_ws/install/teleop_tools_msgs/include/teleop_tools_msgs\n'}
[4.280243] (teleop_tools_msgs) StdoutLine: {'line': b'-- Up-to-date: /home/nvidia/f1tenth_ws/install/teleop_tools_msgs/include/teleop_tools_msgs/action\n'}
[4.280686] (teleop_tools_msgs) StdoutLine: {'line': b'-- Up-to-date: /home/nvidia/f1tenth_ws/install/teleop_tools_msgs/include/teleop_tools_msgs/action/detail\n'}
[4.281073] (teleop_tools_msgs) StdoutLine: {'line': b'-- Up-to-date: /home/nvidia/f1tenth_ws/install/teleop_tools_msgs/include/teleop_tools_msgs/action/detail/increment__rosidl_typesupport_introspection_c.h\n'}
[4.281454] (teleop_tools_msgs) StdoutLine: {'line': b'-- Up-to-date: /home/nvidia/f1tenth_ws/install/teleop_tools_msgs/include/teleop_tools_msgs/action/detail/increment__type_support.c\n'}
[4.281857] (teleop_tools_msgs) StdoutLine: {'line': b'-- Up-to-date: /home/nvidia/f1tenth_ws/install/teleop_tools_msgs/include/teleop_tools_msgs/msg\n'}
[4.282336] (teleop_tools_msgs) StdoutLine: {'line': b'-- Up-to-date: /home/nvidia/f1tenth_ws/install/teleop_tools_msgs/include/teleop_tools_msgs/msg/rosidl_typesupport_introspection_c__visibility_control.h\n'}
[4.282939] (teleop_tools_msgs) StdoutLine: {'line': b'-- Up-to-date: /home/nvidia/f1tenth_ws/install/teleop_tools_msgs/lib/libteleop_tools_msgs__rosidl_typesupport_introspection_c.so\n'}
[4.289574] (teleop_tools_msgs) StdoutLine: {'line': b'-- Up-to-date: /home/nvidia/f1tenth_ws/install/teleop_tools_msgs/lib/libteleop_tools_msgs__rosidl_typesupport_c.so\n'}
[4.289995] (teleop_tools_msgs) StdoutLine: {'line': b'-- Up-to-date: /home/nvidia/f1tenth_ws/install/teleop_tools_msgs/include/teleop_tools_msgs\n'}
[4.290540] (teleop_tools_msgs) StdoutLine: {'line': b'-- Up-to-date: /home/nvidia/f1tenth_ws/install/teleop_tools_msgs/include/teleop_tools_msgs/action\n'}
[4.292596] (teleop_tools_msgs) StdoutLine: {'line': b'-- Up-to-date: /home/nvidia/f1tenth_ws/install/teleop_tools_msgs/include/teleop_tools_msgs/action/detail\n'}
[4.293129] (teleop_tools_msgs) StdoutLine: {'line': b'-- Up-to-date: /home/nvidia/f1tenth_ws/install/teleop_tools_msgs/include/teleop_tools_msgs/action/detail/increment__type_support.hpp\n'}
[4.293592] (teleop_tools_msgs) StdoutLine: {'line': b'-- Up-to-date: /home/nvidia/f1tenth_ws/install/teleop_tools_msgs/include/teleop_tools_msgs/action/detail/increment__traits.hpp\n'}
[4.293994] (teleop_tools_msgs) StdoutLine: {'line': b'-- Up-to-date: /home/nvidia/f1tenth_ws/install/teleop_tools_msgs/include/teleop_tools_msgs/action/detail/increment__struct.hpp\n'}
[4.294553] (teleop_tools_msgs) StdoutLine: {'line': b'-- Up-to-date: /home/nvidia/f1tenth_ws/install/teleop_tools_msgs/include/teleop_tools_msgs/action/detail/increment__builder.hpp\n'}
[4.294960] (teleop_tools_msgs) StdoutLine: {'line': b'-- Up-to-date: /home/nvidia/f1tenth_ws/install/teleop_tools_msgs/include/teleop_tools_msgs/action/increment.hpp\n'}
[4.295385] (teleop_tools_msgs) StdoutLine: {'line': b'-- Up-to-date: /home/nvidia/f1tenth_ws/install/teleop_tools_msgs/include/teleop_tools_msgs/msg\n'}
[4.295850] (teleop_tools_msgs) StdoutLine: {'line': b'-- Up-to-date: /home/nvidia/f1tenth_ws/install/teleop_tools_msgs/include/teleop_tools_msgs/msg/rosidl_generator_cpp__visibility_control.hpp\n'}
[4.296257] (teleop_tools_msgs) StdoutLine: {'line': b'-- Up-to-date: /home/nvidia/f1tenth_ws/install/teleop_tools_msgs/include/teleop_tools_msgs\n'}
[4.297473] (teleop_tools_msgs) StdoutLine: {'line': b'-- Up-to-date: /home/nvidia/f1tenth_ws/install/teleop_tools_msgs/include/teleop_tools_msgs/action\n'}
[4.298490] (-) TimerEvent: {}
[4.307492] (teleop_tools_msgs) StdoutLine: {'line': b'-- Up-to-date: /home/nvidia/f1tenth_ws/install/teleop_tools_msgs/include/teleop_tools_msgs/action/detail\n'}
[4.308054] (teleop_tools_msgs) StdoutLine: {'line': b'-- Up-to-date: /home/nvidia/f1tenth_ws/install/teleop_tools_msgs/include/teleop_tools_msgs/action/detail/increment__type_support.cpp\n'}
[4.308477] (teleop_tools_msgs) StdoutLine: {'line': b'-- Up-to-date: /home/nvidia/f1tenth_ws/install/teleop_tools_msgs/include/teleop_tools_msgs/action/detail/increment__rosidl_typesupport_introspection_cpp.hpp\n'}
[4.308854] (teleop_tools_msgs) StdoutLine: {'line': b'-- Up-to-date: /home/nvidia/f1tenth_ws/install/teleop_tools_msgs/lib/libteleop_tools_msgs__rosidl_typesupport_introspection_cpp.so\n'}
[4.309291] (teleop_tools_msgs) StdoutLine: {'line': b'-- Up-to-date: /home/nvidia/f1tenth_ws/install/teleop_tools_msgs/lib/libteleop_tools_msgs__rosidl_typesupport_cpp.so\n'}
[4.312042] (teleop_tools_msgs) StdoutLine: {'line': b'-- Up-to-date: /home/nvidia/f1tenth_ws/install/teleop_tools_msgs/share/teleop_tools_msgs/environment/pythonpath.sh\n'}
[4.312489] (teleop_tools_msgs) StdoutLine: {'line': b'-- Up-to-date: /home/nvidia/f1tenth_ws/install/teleop_tools_msgs/share/teleop_tools_msgs/environment/pythonpath.dsv\n'}
[4.312907] (teleop_tools_msgs) StdoutLine: {'line': b'-- Up-to-date: /home/nvidia/f1tenth_ws/install/teleop_tools_msgs/lib/python3.8/site-packages/teleop_tools_msgs/__init__.py\n'}
[4.399203] (-) TimerEvent: {}
[4.421386] (vesc_msgs) JobProgress: {'identifier': 'vesc_msgs', 'progress': 'install'}
[4.423638] (vesc_msgs) Command: {'cmd': ['/usr/bin/cmake', '--install', '/home/nvidia/f1tenth_ws/build/vesc_msgs'], 'cwd': '/home/nvidia/f1tenth_ws/build/vesc_msgs', 'env': OrderedDict([('SUDO_GID', '1000'), ('MAIL', '/var/mail/root'), ('USER', 'root'), ('HOME', '/root'), ('SUDO_UID', '1000'), ('LOGNAME', 'root'), ('TERM', 'xterm-256color'), ('PATH', '/usr/local/sbin:/usr/local/bin:/usr/sbin:/usr/bin:/sbin:/bin:/snap/bin'), ('LANG', 'en_US.UTF-8'), ('LS_COLORS', 'rs=0:di=01;34:ln=01;36:mh=00:pi=40;33:so=01;35:do=01;35:bd=40;33;01:cd=40;33;01:or=40;31;01:mi=00:su=37;41:sg=30;43:ca=30;41:tw=30;42:ow=34;42:st=37;44:ex=01;32:*.tar=01;31:*.tgz=01;31:*.arc=01;31:*.arj=01;31:*.taz=01;31:*.lha=01;31:*.lz4=01;31:*.lzh=01;31:*.lzma=01;31:*.tlz=01;31:*.txz=01;31:*.tzo=01;31:*.t7z=01;31:*.zip=01;31:*.z=01;31:*.dz=01;31:*.gz=01;31:*.lrz=01;31:*.lz=01;31:*.lzo=01;31:*.xz=01;31:*.zst=01;31:*.tzst=01;31:*.bz2=01;31:*.bz=01;31:*.tbz=01;31:*.tbz2=01;31:*.tz=01;31:*.deb=01;31:*.rpm=01;31:*.jar=01;31:*.war=01;31:*.ear=01;31:*.sar=01;31:*.rar=01;31:*.alz=01;31:*.ace=01;31:*.zoo=01;31:*.cpio=01;31:*.7z=01;31:*.rz=01;31:*.cab=01;31:*.wim=01;31:*.swm=01;31:*.dwm=01;31:*.esd=01;31:*.jpg=01;35:*.jpeg=01;35:*.mjpg=01;35:*.mjpeg=01;35:*.gif=01;35:*.bmp=01;35:*.pbm=01;35:*.pgm=01;35:*.ppm=01;35:*.tga=01;35:*.xbm=01;35:*.xpm=01;35:*.tif=01;35:*.tiff=01;35:*.png=01;35:*.svg=01;35:*.svgz=01;35:*.mng=01;35:*.pcx=01;35:*.mov=01;35:*.mpg=01;35:*.mpeg=01;35:*.m2v=01;35:*.mkv=01;35:*.webm=01;35:*.ogm=01;35:*.mp4=01;35:*.m4v=01;35:*.mp4v=01;35:*.vob=01;35:*.qt=01;35:*.nuv=01;35:*.wmv=01;35:*.asf=01;35:*.rm=01;35:*.rmvb=01;35:*.flc=01;35:*.avi=01;35:*.fli=01;35:*.flv=01;35:*.gl=01;35:*.dl=01;35:*.xcf=01;35:*.xwd=01;35:*.yuv=01;35:*.cgm=01;35:*.emf=01;35:*.ogv=01;35:*.ogx=01;35:*.aac=00;36:*.au=00;36:*.flac=00;36:*.m4a=00;36:*.mid=00;36:*.midi=00;36:*.mka=00;36:*.mp3=00;36:*.mpc=00;36:*.ogg=00;36:*.ra=00;36:*.wav=00;36:*.oga=00;36:*.opus=00;36:*.spx=00;36:*.xspf=00;36:'), ('SUDO_COMMAND', '/usr/bin/colcon build'), ('SHELL', '/bin/bash'), ('SUDO_USER', 'nvidia'), ('LC_ALL', 'en_US.UTF-8'), ('PWD', '/home/nvidia/f1tenth_ws/build/vesc_msgs'), ('COLCON', '1')]), 'shell': False}
[4.495283] (vesc_msgs) StdoutLine: {'line': b'-- Install configuration: ""\n'}
[4.499155] (-) TimerEvent: {}
[4.502051] (vesc_msgs) StdoutLine: {'line': b'-- Up-to-date: /home/nvidia/f1tenth_ws/install/vesc_msgs/share/ament_index/resource_index/rosidl_interfaces/vesc_msgs\n'}
[4.504309] (vesc_msgs) StdoutLine: {'line': b'-- Up-to-date: /home/nvidia/f1tenth_ws/install/vesc_msgs/include/vesc_msgs\n'}
[4.506173] (vesc_msgs) StdoutLine: {'line': b'-- Up-to-date: /home/nvidia/f1tenth_ws/install/vesc_msgs/include/vesc_msgs/msg\n'}
[4.508975] (vesc_msgs) StdoutLine: {'line': b'-- Up-to-date: /home/nvidia/f1tenth_ws/install/vesc_msgs/include/vesc_msgs/msg/vesc_imu.h\n'}
[4.510404] (vesc_msgs) StdoutLine: {'line': b'-- Up-to-date: /home/nvidia/f1tenth_ws/install/vesc_msgs/include/vesc_msgs/msg/vesc_state_stamped.h\n'}
[4.512753] (vesc_msgs) StdoutLine: {'line': b'-- Up-to-date: /home/nvidia/f1tenth_ws/install/vesc_msgs/include/vesc_msgs/msg/detail\n'}
[4.514178] (vesc_msgs) StdoutLine: {'line': b'-- Up-to-date: /home/nvidia/f1tenth_ws/install/vesc_msgs/include/vesc_msgs/msg/detail/vesc_imu_stamped__functions.c\n'}
[4.516066] (vesc_msgs) StdoutLine: {'line': b'-- Up-to-date: /home/nvidia/f1tenth_ws/install/vesc_msgs/include/vesc_msgs/msg/detail/vesc_state__functions.c\n'}
[4.517223] (vesc_msgs) StdoutLine: {'line': b'-- Up-to-date: /home/nvidia/f1tenth_ws/install/vesc_msgs/include/vesc_msgs/msg/detail/vesc_imu__type_support.h\n'}
[4.518971] (vesc_msgs) StdoutLine: {'line': b'-- Up-to-date: /home/nvidia/f1tenth_ws/install/vesc_msgs/include/vesc_msgs/msg/detail/vesc_imu_stamped__functions.h\n'}
[4.520152] (vesc_msgs) StdoutLine: {'line': b'-- Up-to-date: /home/nvidia/f1tenth_ws/install/vesc_msgs/include/vesc_msgs/msg/detail/vesc_state__struct.h\n'}
[4.521759] (vesc_msgs) StdoutLine: {'line': b'-- Up-to-date: /home/nvidia/f1tenth_ws/install/vesc_msgs/include/vesc_msgs/msg/detail/vesc_imu__functions.h\n'}
[4.524375] (vesc_msgs) StdoutLine: {'line': b'-- Up-to-date: /home/nvidia/f1tenth_ws/install/vesc_msgs/include/vesc_msgs/msg/detail/vesc_state__functions.h\n'}
[4.524944] (teleop_tools_msgs) StdoutLine: {'line': b'-- Up-to-date: /home/nvidia/f1tenth_ws/install/teleop_tools_msgs/lib/python3.8/site-packages/teleop_tools_msgs/action\n'}
[4.525502] (teleop_tools_msgs) StdoutLine: {'line': b'-- Up-to-date: /home/nvidia/f1tenth_ws/install/teleop_tools_msgs/lib/python3.8/site-packages/teleop_tools_msgs/action/_increment_s.c\n'}
[4.525905] (teleop_tools_msgs) StdoutLine: {'line': b'-- Up-to-date: /home/nvidia/f1tenth_ws/install/teleop_tools_msgs/lib/python3.8/site-packages/teleop_tools_msgs/action/__init__.py\n'}
[4.527444] (teleop_tools_msgs) StdoutLine: {'line': b'-- Up-to-date: /home/nvidia/f1tenth_ws/install/teleop_tools_msgs/lib/python3.8/site-packages/teleop_tools_msgs/action/_increment.py\n'}
[4.532310] (vesc_msgs) StdoutLine: {'line': b'-- Up-to-date: /home/nvidia/f1tenth_ws/install/vesc_msgs/include/vesc_msgs/msg/detail/vesc_state_stamped__functions.h\n'}
[4.533382] (vesc_msgs) StdoutLine: {'line': b'-- Up-to-date: /home/nvidia/f1tenth_ws/install/vesc_msgs/include/vesc_msgs/msg/detail/vesc_imu_stamped__type_support.h\n'}
[4.533836] (vesc_msgs) StdoutLine: {'line': b'-- Up-to-date: /home/nvidia/f1tenth_ws/install/vesc_msgs/include/vesc_msgs/msg/detail/vesc_imu__struct.h\n'}
[4.535672] (vesc_msgs) StdoutLine: {'line': b'-- Up-to-date: /home/nvidia/f1tenth_ws/install/vesc_msgs/include/vesc_msgs/msg/detail/vesc_state_stamped__type_support.h\n'}
[4.536181] (vesc_msgs) StdoutLine: {'line': b'-- Up-to-date: /home/nvidia/f1tenth_ws/install/vesc_msgs/include/vesc_msgs/msg/detail/vesc_imu_stamped__struct.h\n'}
[4.536586] (vesc_msgs) StdoutLine: {'line': b'-- Up-to-date: /home/nvidia/f1tenth_ws/install/vesc_msgs/include/vesc_msgs/msg/detail/vesc_state__type_support.h\n'}
[4.537090] (vesc_msgs) StdoutLine: {'line': b'-- Up-to-date: /home/nvidia/f1tenth_ws/install/vesc_msgs/include/vesc_msgs/msg/detail/vesc_state_stamped__struct.h\n'}
[4.537461] (vesc_msgs) StdoutLine: {'line': b'-- Up-to-date: /home/nvidia/f1tenth_ws/install/vesc_msgs/include/vesc_msgs/msg/detail/vesc_state_stamped__functions.c\n'}
[4.537841] (vesc_msgs) StdoutLine: {'line': b'-- Up-to-date: /home/nvidia/f1tenth_ws/install/vesc_msgs/include/vesc_msgs/msg/detail/vesc_imu__functions.c\n'}
[4.538350] (vesc_msgs) StdoutLine: {'line': b'-- Up-to-date: /home/nvidia/f1tenth_ws/install/vesc_msgs/include/vesc_msgs/msg/vesc_state.h\n'}
[4.541130] (vesc_msgs) StdoutLine: {'line': b'-- Up-to-date: /home/nvidia/f1tenth_ws/install/vesc_msgs/include/vesc_msgs/msg/rosidl_generator_c__visibility_control.h\n'}
[4.541665] (teleop_tools_msgs) StdoutLine: {'line': b'-- Up-to-date: /home/nvidia/f1tenth_ws/install/teleop_tools_msgs/lib/python3.8/site-packages/teleop_tools_msgs/teleop_tools_msgs_s__rosidl_typesupport_fastrtps_c.cpython-38-aarch64-linux-gnu.so\n'}
[4.542447] (teleop_tools_msgs) StdoutLine: {'line': b'-- Up-to-date: /home/nvidia/f1tenth_ws/install/teleop_tools_msgs/lib/python3.8/site-packages/teleop_tools_msgs/teleop_tools_msgs_s__rosidl_typesupport_introspection_c.cpython-38-aarch64-linux-gnu.so\n'}
[4.542919] (vesc_msgs) StdoutLine: {'line': b'-- Up-to-date: /home/nvidia/f1tenth_ws/install/vesc_msgs/include/vesc_msgs/msg/vesc_imu_stamped.h\n'}
[4.543391] (vesc_msgs) StdoutLine: {'line': b'-- Up-to-date: /home/nvidia/f1tenth_ws/install/vesc_msgs/share/vesc_msgs/environment/library_path.sh\n'}
[4.543865] (teleop_tools_msgs) StdoutLine: {'line': b'-- Up-to-date: /home/nvidia/f1tenth_ws/install/teleop_tools_msgs/lib/python3.8/site-packages/teleop_tools_msgs/teleop_tools_msgs_s__rosidl_typesupport_c.cpython-38-aarch64-linux-gnu.so\n'}
[4.545420] (vesc_msgs) StdoutLine: {'line': b'-- Up-to-date: /home/nvidia/f1tenth_ws/install/vesc_msgs/share/vesc_msgs/environment/library_path.dsv\n'}
[4.549280] (vesc_msgs) StdoutLine: {'line': b'-- Up-to-date: /home/nvidia/f1tenth_ws/install/vesc_msgs/lib/libvesc_msgs__rosidl_generator_c.so\n'}
[4.554301] (teleop_tools_msgs) StdoutLine: {'line': b'-- Up-to-date: /home/nvidia/f1tenth_ws/install/teleop_tools_msgs/lib/libteleop_tools_msgs__python.so\n'}
[4.556707] (vesc_msgs) StdoutLine: {'line': b'-- Up-to-date: /home/nvidia/f1tenth_ws/install/vesc_msgs/include/vesc_msgs\n'}
[4.559152] (vesc_msgs) StdoutLine: {'line': b'-- Up-to-date: /home/nvidia/f1tenth_ws/install/vesc_msgs/include/vesc_msgs/msg\n'}
[4.561738] (vesc_msgs) StdoutLine: {'line': b'-- Up-to-date: /home/nvidia/f1tenth_ws/install/vesc_msgs/include/vesc_msgs/msg/detail\n'}
[4.562432] (teleop_tools_msgs) StdoutLine: {'line': b'-- Up-to-date: /home/nvidia/f1tenth_ws/install/teleop_tools_msgs/share/teleop_tools_msgs/action/Increment.idl\n'}
[4.562935] (vesc_msgs) StdoutLine: {'line': b'-- Up-to-date: /home/nvidia/f1tenth_ws/install/vesc_msgs/include/vesc_msgs/msg/detail/vesc_imu__rosidl_typesupport_fastrtps_c.h\n'}
[4.564058] (teleop_tools_msgs) StdoutLine: {'line': b'-- Up-to-date: /home/nvidia/f1tenth_ws/install/teleop_tools_msgs/share/teleop_tools_msgs/action/Increment.action\n'}
[4.568486] (teleop_tools_msgs) StdoutLine: {'line': b'-- Up-to-date: /home/nvidia/f1tenth_ws/install/teleop_tools_msgs/share/ament_index/resource_index/package_run_dependencies/teleop_tools_msgs\n'}
[4.570506] (vesc_msgs) StdoutLine: {'line': b'-- Up-to-date: /home/nvidia/f1tenth_ws/install/vesc_msgs/include/vesc_msgs/msg/detail/vesc_state_stamped__rosidl_typesupport_fastrtps_c.h\n'}
[4.571517] (vesc_msgs) StdoutLine: {'line': b'-- Up-to-date: /home/nvidia/f1tenth_ws/install/vesc_msgs/include/vesc_msgs/msg/detail/vesc_imu_stamped__rosidl_typesupport_fastrtps_c.h\n'}
[4.572330] (vesc_msgs) StdoutLine: {'line': b'-- Up-to-date: /home/nvidia/f1tenth_ws/install/vesc_msgs/include/vesc_msgs/msg/detail/vesc_state__rosidl_typesupport_fastrtps_c.h\n'}
[4.572885] (vesc_msgs) StdoutLine: {'line': b'-- Up-to-date: /home/nvidia/f1tenth_ws/install/vesc_msgs/include/vesc_msgs/msg/rosidl_typesupport_fastrtps_c__visibility_control.h\n'}
[4.573478] (teleop_tools_msgs) StdoutLine: {'line': b'-- Up-to-date: /home/nvidia/f1tenth_ws/install/teleop_tools_msgs/share/ament_index/resource_index/parent_prefix_path/teleop_tools_msgs\n'}
[4.574560] (teleop_tools_msgs) StdoutLine: {'line': b'-- Up-to-date: /home/nvidia/f1tenth_ws/install/teleop_tools_msgs/share/teleop_tools_msgs/environment/ament_prefix_path.sh\n'}
[4.583896] (teleop_tools_msgs) StdoutLine: {'line': b'-- Up-to-date: /home/nvidia/f1tenth_ws/install/teleop_tools_msgs/share/teleop_tools_msgs/environment/ament_prefix_path.dsv\n'}
[4.603096] (-) TimerEvent: {}
[4.606335] (teleop_tools_msgs) StdoutLine: {'line': b'-- Up-to-date: /home/nvidia/f1tenth_ws/install/teleop_tools_msgs/share/teleop_tools_msgs/environment/path.sh\n'}
[4.607793] (teleop_tools_msgs) StdoutLine: {'line': b'-- Up-to-date: /home/nvidia/f1tenth_ws/install/teleop_tools_msgs/share/teleop_tools_msgs/environment/path.dsv\n'}
[4.608320] (teleop_tools_msgs) StdoutLine: {'line': b'-- Up-to-date: /home/nvidia/f1tenth_ws/install/teleop_tools_msgs/share/teleop_tools_msgs/local_setup.bash\n'}
[4.608780] (vesc_msgs) StdoutLine: {'line': b'-- Up-to-date: /home/nvidia/f1tenth_ws/install/vesc_msgs/lib/libvesc_msgs__rosidl_typesupport_fastrtps_c.so\n'}
[4.609273] (teleop_tools_msgs) StdoutLine: {'line': b'-- Up-to-date: /home/nvidia/f1tenth_ws/install/teleop_tools_msgs/share/teleop_tools_msgs/local_setup.sh\n'}
[4.610290] (teleop_tools_msgs) StdoutLine: {'line': b'-- Up-to-date: /home/nvidia/f1tenth_ws/install/teleop_tools_msgs/share/teleop_tools_msgs/local_setup.zsh\n'}
[4.610758] (vesc_msgs) StdoutLine: {'line': b'-- Up-to-date: /home/nvidia/f1tenth_ws/install/vesc_msgs/include/vesc_msgs\n'}
[4.611211] (vesc_msgs) StdoutLine: {'line': b'-- Up-to-date: /home/nvidia/f1tenth_ws/install/vesc_msgs/include/vesc_msgs/msg\n'}
[4.611660] (vesc_msgs) StdoutLine: {'line': b'-- Up-to-date: /home/nvidia/f1tenth_ws/install/vesc_msgs/include/vesc_msgs/msg/rosidl_typesupport_fastrtps_cpp__visibility_control.h\n'}
[4.612140] (vesc_msgs) StdoutLine: {'line': b'-- Up-to-date: /home/nvidia/f1tenth_ws/install/vesc_msgs/include/vesc_msgs/msg/detail\n'}
[4.622258] (vesc_msgs) StdoutLine: {'line': b'-- Up-to-date: /home/nvidia/f1tenth_ws/install/vesc_msgs/include/vesc_msgs/msg/detail/vesc_imu__rosidl_typesupport_fastrtps_cpp.hpp\n'}
[4.623147] (vesc_msgs) StdoutLine: {'line': b'-- Up-to-date: /home/nvidia/f1tenth_ws/install/vesc_msgs/include/vesc_msgs/msg/detail/vesc_imu_stamped__rosidl_typesupport_fastrtps_cpp.hpp\n'}
[4.623633] (vesc_msgs) StdoutLine: {'line': b'-- Up-to-date: /home/nvidia/f1tenth_ws/install/vesc_msgs/include/vesc_msgs/msg/detail/vesc_state__rosidl_typesupport_fastrtps_cpp.hpp\n'}
[4.624065] (teleop_tools_msgs) StdoutLine: {'line': b'-- Up-to-date: /home/nvidia/f1tenth_ws/install/teleop_tools_msgs/share/teleop_tools_msgs/local_setup.dsv\n'}
[4.624713] (vesc_msgs) StdoutLine: {'line': b'-- Up-to-date: /home/nvidia/f1tenth_ws/install/vesc_msgs/include/vesc_msgs/msg/detail/dds_fastrtps\n'}
[4.625148] (teleop_tools_msgs) StdoutLine: {'line': b'-- Installing: /home/nvidia/f1tenth_ws/install/teleop_tools_msgs/share/teleop_tools_msgs/package.dsv\n'}
[4.625587] (vesc_msgs) StdoutLine: {'line': b'-- Up-to-date: /home/nvidia/f1tenth_ws/install/vesc_msgs/include/vesc_msgs/msg/detail/vesc_state_stamped__rosidl_typesupport_fastrtps_cpp.hpp\n'}
[4.626068] (teleop_tools_msgs) StdoutLine: {'line': b'-- Up-to-date: /home/nvidia/f1tenth_ws/install/teleop_tools_msgs/share/ament_index/resource_index/packages/teleop_tools_msgs\n'}
[4.626578] (vesc_msgs) StdoutLine: {'line': b'-- Up-to-date: /home/nvidia/f1tenth_ws/install/vesc_msgs/lib/libvesc_msgs__rosidl_typesupport_fastrtps_cpp.so\n'}
[4.626997] (teleop_tools_msgs) StdoutLine: {'line': b'-- Up-to-date: /home/nvidia/f1tenth_ws/install/teleop_tools_msgs/share/teleop_tools_msgs/cmake/teleop_tools_msgs__rosidl_generator_cExport.cmake\n'}
[4.627389] (teleop_tools_msgs) StdoutLine: {'line': b'-- Up-to-date: /home/nvidia/f1tenth_ws/install/teleop_tools_msgs/share/teleop_tools_msgs/cmake/teleop_tools_msgs__rosidl_generator_cExport-noconfig.cmake\n'}
[4.628330] (teleop_tools_msgs) StdoutLine: {'line': b'-- Up-to-date: /home/nvidia/f1tenth_ws/install/teleop_tools_msgs/share/teleop_tools_msgs/cmake/teleop_tools_msgs__rosidl_typesupport_introspection_cExport.cmake\n'}
[4.628817] (teleop_tools_msgs) StdoutLine: {'line': b'-- Up-to-date: /home/nvidia/f1tenth_ws/install/teleop_tools_msgs/share/teleop_tools_msgs/cmake/teleop_tools_msgs__rosidl_typesupport_introspection_cExport-noconfig.cmake\n'}
[4.629247] (vesc_msgs) StdoutLine: {'line': b'-- Up-to-date: /home/nvidia/f1tenth_ws/install/vesc_msgs/include/vesc_msgs\n'}
[4.629679] (teleop_tools_msgs) StdoutLine: {'line': b'-- Up-to-date: /home/nvidia/f1tenth_ws/install/teleop_tools_msgs/share/teleop_tools_msgs/cmake/teleop_tools_msgs__rosidl_typesupport_cExport.cmake\n'}
[4.630070] (vesc_msgs) StdoutLine: {'line': b'-- Up-to-date: /home/nvidia/f1tenth_ws/install/vesc_msgs/include/vesc_msgs/msg\n'}
[4.630594] (vesc_msgs) StdoutLine: {'line': b'-- Up-to-date: /home/nvidia/f1tenth_ws/install/vesc_msgs/include/vesc_msgs/msg/detail\n'}
[4.630994] (vesc_msgs) StdoutLine: {'line': b'-- Up-to-date: /home/nvidia/f1tenth_ws/install/vesc_msgs/include/vesc_msgs/msg/detail/vesc_state__rosidl_typesupport_introspection_c.h\n'}
[4.631429] (vesc_msgs) StdoutLine: {'line': b'-- Up-to-date: /home/nvidia/f1tenth_ws/install/vesc_msgs/include/vesc_msgs/msg/detail/vesc_imu__rosidl_typesupport_introspection_c.h\n'}
[4.631855] (vesc_msgs) StdoutLine: {'line': b'-- Up-to-date: /home/nvidia/f1tenth_ws/install/vesc_msgs/include/vesc_msgs/msg/detail/vesc_imu_stamped__type_support.c\n'}
[4.632263] (vesc_msgs) StdoutLine: {'line': b'-- Up-to-date: /home/nvidia/f1tenth_ws/install/vesc_msgs/include/vesc_msgs/msg/detail/vesc_state__type_support.c\n'}
[4.632672] (vesc_msgs) StdoutLine: {'line': b'-- Up-to-date: /home/nvidia/f1tenth_ws/install/vesc_msgs/include/vesc_msgs/msg/detail/vesc_imu_stamped__rosidl_typesupport_introspection_c.h\n'}
[4.651047] (vesc_msgs) StdoutLine: {'line': b'-- Up-to-date: /home/nvidia/f1tenth_ws/install/vesc_msgs/include/vesc_msgs/msg/detail/vesc_imu__type_support.c\n'}
[4.651608] (vesc_msgs) StdoutLine: {'line': b'-- Up-to-date: /home/nvidia/f1tenth_ws/install/vesc_msgs/include/vesc_msgs/msg/detail/vesc_state_stamped__rosidl_typesupport_introspection_c.h\n'}
[4.652126] (teleop_tools_msgs) StdoutLine: {'line': b'-- Up-to-date: /home/nvidia/f1tenth_ws/install/teleop_tools_msgs/share/teleop_tools_msgs/cmake/teleop_tools_msgs__rosidl_typesupport_cExport-noconfig.cmake\n'}
[4.652788] (vesc_msgs) StdoutLine: {'line': b'-- Up-to-date: /home/nvidia/f1tenth_ws/install/vesc_msgs/include/vesc_msgs/msg/detail/vesc_state_stamped__type_support.c\n'}
[4.653533] (vesc_msgs) StdoutLine: {'line': b'-- Up-to-date: /home/nvidia/f1tenth_ws/install/vesc_msgs/include/vesc_msgs/msg/rosidl_typesupport_introspection_c__visibility_control.h\n'}
[4.656269] (teleop_tools_msgs) StdoutLine: {'line': b'-- Up-to-date: /home/nvidia/f1tenth_ws/install/teleop_tools_msgs/share/teleop_tools_msgs/cmake/teleop_tools_msgs__rosidl_generator_cppExport.cmake\n'}
[4.657255] (teleop_tools_msgs) StdoutLine: {'line': b'-- Up-to-date: /home/nvidia/f1tenth_ws/install/teleop_tools_msgs/share/teleop_tools_msgs/cmake/teleop_tools_msgs__rosidl_typesupport_introspection_cppExport.cmake\n'}
[4.658085] (teleop_tools_msgs) StdoutLine: {'line': b'-- Up-to-date: /home/nvidia/f1tenth_ws/install/teleop_tools_msgs/share/teleop_tools_msgs/cmake/teleop_tools_msgs__rosidl_typesupport_introspection_cppExport-noconfig.cmake\n'}
[4.659836] (vesc_msgs) StdoutLine: {'line': b'-- Up-to-date: /home/nvidia/f1tenth_ws/install/vesc_msgs/lib/libvesc_msgs__rosidl_typesupport_introspection_c.so\n'}
[4.662128] (vesc_msgs) StdoutLine: {'line': b'-- Up-to-date: /home/nvidia/f1tenth_ws/install/vesc_msgs/lib/libvesc_msgs__rosidl_typesupport_c.so\n'}
[4.662951] (vesc_msgs) StdoutLine: {'line': b'-- Up-to-date: /home/nvidia/f1tenth_ws/install/vesc_msgs/include/vesc_msgs\n'}
[4.663791] (vesc_msgs) StdoutLine: {'line': b'-- Up-to-date: /home/nvidia/f1tenth_ws/install/vesc_msgs/include/vesc_msgs/msg\n'}
[4.665429] (vesc_msgs) StdoutLine: {'line': b'-- Up-to-date: /home/nvidia/f1tenth_ws/install/vesc_msgs/include/vesc_msgs/msg/vesc_imu.hpp\n'}
[4.665958] (vesc_msgs) StdoutLine: {'line': b'-- Up-to-date: /home/nvidia/f1tenth_ws/install/vesc_msgs/include/vesc_msgs/msg/detail\n'}
[4.666654] (vesc_msgs) StdoutLine: {'line': b'-- Up-to-date: /home/nvidia/f1tenth_ws/install/vesc_msgs/include/vesc_msgs/msg/detail/vesc_imu__struct.hpp\n'}
[4.667117] (vesc_msgs) StdoutLine: {'line': b'-- Up-to-date: /home/nvidia/f1tenth_ws/install/vesc_msgs/include/vesc_msgs/msg/detail/vesc_imu__builder.hpp\n'}
[4.667508] (vesc_msgs) StdoutLine: {'line': b'-- Up-to-date: /home/nvidia/f1tenth_ws/install/vesc_msgs/include/vesc_msgs/msg/detail/vesc_state_stamped__type_support.hpp\n'}
[4.667892] (vesc_msgs) StdoutLine: {'line': b'-- Up-to-date: /home/nvidia/f1tenth_ws/install/vesc_msgs/include/vesc_msgs/msg/detail/vesc_imu__traits.hpp\n'}
[4.668394] (vesc_msgs) StdoutLine: {'line': b'-- Up-to-date: /home/nvidia/f1tenth_ws/install/vesc_msgs/include/vesc_msgs/msg/detail/vesc_imu_stamped__traits.hpp\n'}
[4.668828] (vesc_msgs) StdoutLine: {'line': b'-- Up-to-date: /home/nvidia/f1tenth_ws/install/vesc_msgs/include/vesc_msgs/msg/detail/vesc_state_stamped__traits.hpp\n'}
[4.669259] (vesc_msgs) StdoutLine: {'line': b'-- Up-to-date: /home/nvidia/f1tenth_ws/install/vesc_msgs/include/vesc_msgs/msg/detail/vesc_imu_stamped__type_support.hpp\n'}
[4.669635] (vesc_msgs) StdoutLine: {'line': b'-- Up-to-date: /home/nvidia/f1tenth_ws/install/vesc_msgs/include/vesc_msgs/msg/detail/vesc_state_stamped__builder.hpp\n'}
[4.670010] (vesc_msgs) StdoutLine: {'line': b'-- Up-to-date: /home/nvidia/f1tenth_ws/install/vesc_msgs/include/vesc_msgs/msg/detail/vesc_imu_stamped__struct.hpp\n'}
[4.672441] (vesc_msgs) StdoutLine: {'line': b'-- Up-to-date: /home/nvidia/f1tenth_ws/install/vesc_msgs/include/vesc_msgs/msg/detail/vesc_state_stamped__struct.hpp\n'}
[4.675339] (vesc_msgs) StdoutLine: {'line': b'-- Up-to-date: /home/nvidia/f1tenth_ws/install/vesc_msgs/include/vesc_msgs/msg/detail/vesc_state__struct.hpp\n'}
[4.676875] (teleop_tools_msgs) StdoutLine: {'line': b'-- Up-to-date: /home/nvidia/f1tenth_ws/install/teleop_tools_msgs/share/teleop_tools_msgs/cmake/teleop_tools_msgs__rosidl_typesupport_cppExport.cmake\n'}
[4.679785] (teleop_tools_msgs) StdoutLine: {'line': b'-- Up-to-date: /home/nvidia/f1tenth_ws/install/teleop_tools_msgs/share/teleop_tools_msgs/cmake/teleop_tools_msgs__rosidl_typesupport_cppExport-noconfig.cmake\n'}
[4.680430] (teleop_tools_msgs) StdoutLine: {'line': b'-- Up-to-date: /home/nvidia/f1tenth_ws/install/teleop_tools_msgs/share/teleop_tools_msgs/cmake/rosidl_cmake-extras.cmake\n'}
[4.681033] (teleop_tools_msgs) StdoutLine: {'line': b'-- Up-to-date: /home/nvidia/f1tenth_ws/install/teleop_tools_msgs/share/teleop_tools_msgs/cmake/ament_cmake_export_dependencies-extras.cmake\n'}
[4.681567] (teleop_tools_msgs) StdoutLine: {'line': b'-- Up-to-date: /home/nvidia/f1tenth_ws/install/teleop_tools_msgs/share/teleop_tools_msgs/cmake/ament_cmake_export_libraries-extras.cmake\n'}
[4.682543] (vesc_msgs) StdoutLine: {'line': b'-- Up-to-date: /home/nvidia/f1tenth_ws/install/vesc_msgs/include/vesc_msgs/msg/detail/vesc_imu_stamped__builder.hpp\n'}
[4.686122] (vesc_msgs) StdoutLine: {'line': b'-- Up-to-date: /home/nvidia/f1tenth_ws/install/vesc_msgs/include/vesc_msgs/msg/detail/vesc_state__type_support.hpp\n'}
[4.686836] (vesc_msgs) StdoutLine: {'line': b'-- Up-to-date: /home/nvidia/f1tenth_ws/install/vesc_msgs/include/vesc_msgs/msg/detail/vesc_state__builder.hpp\n'}
[4.689207] (teleop_tools_msgs) StdoutLine: {'line': b'-- Up-to-date: /home/nvidia/f1tenth_ws/install/teleop_tools_msgs/share/teleop_tools_msgs/cmake/ament_cmake_export_targets-extras.cmake\n'}
[4.696696] (teleop_tools_msgs) StdoutLine: {'line': b'-- Up-to-date: /home/nvidia/f1tenth_ws/install/teleop_tools_msgs/share/teleop_tools_msgs/cmake/ament_cmake_export_include_directories-extras.cmake\n'}
[4.697441] (teleop_tools_msgs) StdoutLine: {'line': b'-- Up-to-date: /home/nvidia/f1tenth_ws/install/teleop_tools_msgs/share/teleop_tools_msgs/cmake/rosidl_cmake_export_typesupport_libraries-extras.cmake\n'}
[4.698287] (teleop_tools_msgs) StdoutLine: {'line': b'-- Up-to-date: /home/nvidia/f1tenth_ws/install/teleop_tools_msgs/share/teleop_tools_msgs/cmake/rosidl_cmake_export_typesupport_targets-extras.cmake\n'}
[4.698766] (teleop_tools_msgs) StdoutLine: {'line': b'-- Up-to-date: /home/nvidia/f1tenth_ws/install/teleop_tools_msgs/share/teleop_tools_msgs/cmake/teleop_tools_msgsConfig.cmake\n'}
[4.699259] (teleop_tools_msgs) StdoutLine: {'line': b'-- Up-to-date: /home/nvidia/f1tenth_ws/install/teleop_tools_msgs/share/teleop_tools_msgs/cmake/teleop_tools_msgsConfig-version.cmake\n'}
[4.700589] (teleop_tools_msgs) StdoutLine: {'line': b'-- Up-to-date: /home/nvidia/f1tenth_ws/install/teleop_tools_msgs/share/teleop_tools_msgs/package.xml\n'}
[4.701159] (vesc_msgs) StdoutLine: {'line': b'-- Up-to-date: /home/nvidia/f1tenth_ws/install/vesc_msgs/include/vesc_msgs/msg/detail/vesc_imu__type_support.hpp\n'}
[4.702656] (vesc_msgs) StdoutLine: {'line': b'-- Up-to-date: /home/nvidia/f1tenth_ws/install/vesc_msgs/include/vesc_msgs/msg/detail/vesc_state__traits.hpp\n'}
[4.703325] (-) TimerEvent: {}
[4.708672] (vesc_msgs) StdoutLine: {'line': b'-- Up-to-date: /home/nvidia/f1tenth_ws/install/vesc_msgs/include/vesc_msgs/msg/rosidl_generator_cpp__visibility_control.hpp\n'}
[4.709603] (vesc_msgs) StdoutLine: {'line': b'-- Up-to-date: /home/nvidia/f1tenth_ws/install/vesc_msgs/include/vesc_msgs/msg/vesc_state_stamped.hpp\n'}
[4.712005] (vesc_msgs) StdoutLine: {'line': b'-- Up-to-date: /home/nvidia/f1tenth_ws/install/vesc_msgs/include/vesc_msgs/msg/vesc_imu_stamped.hpp\n'}
[4.712516] (vesc_msgs) StdoutLine: {'line': b'-- Up-to-date: /home/nvidia/f1tenth_ws/install/vesc_msgs/include/vesc_msgs/msg/vesc_state.hpp\n'}
[4.715440] (vesc_msgs) StdoutLine: {'line': b'-- Up-to-date: /home/nvidia/f1tenth_ws/install/vesc_msgs/include/vesc_msgs\n'}
[4.718174] (vesc_msgs) StdoutLine: {'line': b'-- Up-to-date: /home/nvidia/f1tenth_ws/install/vesc_msgs/include/vesc_msgs/msg\n'}
[4.719680] (vesc_msgs) StdoutLine: {'line': b'-- Up-to-date: /home/nvidia/f1tenth_ws/install/vesc_msgs/include/vesc_msgs/msg/detail\n'}
[4.720466] (vesc_msgs) StdoutLine: {'line': b'-- Up-to-date: /home/nvidia/f1tenth_ws/install/vesc_msgs/include/vesc_msgs/msg/detail/vesc_imu_stamped__type_support.cpp\n'}
[4.721282] (vesc_msgs) StdoutLine: {'line': b'-- Up-to-date: /home/nvidia/f1tenth_ws/install/vesc_msgs/include/vesc_msgs/msg/detail/vesc_state__rosidl_typesupport_introspection_cpp.hpp\n'}
[4.722673] (vesc_msgs) StdoutLine: {'line': b'-- Up-to-date: /home/nvidia/f1tenth_ws/install/vesc_msgs/include/vesc_msgs/msg/detail/vesc_imu_stamped__rosidl_typesupport_introspection_cpp.hpp\n'}
[4.733531] (vesc_msgs) StdoutLine: {'line': b'-- Up-to-date: /home/nvidia/f1tenth_ws/install/vesc_msgs/include/vesc_msgs/msg/detail/vesc_state__type_support.cpp\n'}
[4.736659] (vesc_msgs) StdoutLine: {'line': b'-- Up-to-date: /home/nvidia/f1tenth_ws/install/vesc_msgs/include/vesc_msgs/msg/detail/vesc_imu__rosidl_typesupport_introspection_cpp.hpp\n'}
[4.737258] (vesc_msgs) StdoutLine: {'line': b'-- Up-to-date: /home/nvidia/f1tenth_ws/install/vesc_msgs/include/vesc_msgs/msg/detail/vesc_state_stamped__type_support.cpp\n'}
[4.737750] (vesc_msgs) StdoutLine: {'line': b'-- Up-to-date: /home/nvidia/f1tenth_ws/install/vesc_msgs/include/vesc_msgs/msg/detail/vesc_state_stamped__rosidl_typesupport_introspection_cpp.hpp\n'}
[4.738701] (vesc_msgs) StdoutLine: {'line': b'-- Up-to-date: /home/nvidia/f1tenth_ws/install/vesc_msgs/include/vesc_msgs/msg/detail/vesc_imu__type_support.cpp\n'}
[4.739274] (vesc_msgs) StdoutLine: {'line': b'-- Up-to-date: /home/nvidia/f1tenth_ws/install/vesc_msgs/lib/libvesc_msgs__rosidl_typesupport_introspection_cpp.so\n'}
[4.739786] (vesc_msgs) StdoutLine: {'line': b'-- Up-to-date: /home/nvidia/f1tenth_ws/install/vesc_msgs/lib/libvesc_msgs__rosidl_typesupport_cpp.so\n'}
[4.740240] (vesc_msgs) StdoutLine: {'line': b'-- Up-to-date: /home/nvidia/f1tenth_ws/install/vesc_msgs/share/vesc_msgs/environment/pythonpath.sh\n'}
[4.741845] (vesc_msgs) StdoutLine: {'line': b'-- Up-to-date: /home/nvidia/f1tenth_ws/install/vesc_msgs/share/vesc_msgs/environment/pythonpath.dsv\n'}
[4.742485] (vesc_msgs) StdoutLine: {'line': b'-- Up-to-date: /home/nvidia/f1tenth_ws/install/vesc_msgs/lib/python3.8/site-packages/vesc_msgs/__init__.py\n'}
[4.744153] (ackermann_mux) JobEnded: {'identifier': 'ackermann_mux', 'rc': 0}
[4.768603] (mouse_teleop) JobStarted: {'identifier': 'mouse_teleop'}
[4.769927] (teleop_tools_msgs) CommandEnded: {'returncode': 0}
[4.806474] (-) TimerEvent: {}
[4.839532] (vesc_msgs) StdoutLine: {'line': b'-- Up-to-date: /home/nvidia/f1tenth_ws/install/vesc_msgs/lib/python3.8/site-packages/vesc_msgs/msg\n'}
[4.840573] (vesc_msgs) StdoutLine: {'line': b'-- Up-to-date: /home/nvidia/f1tenth_ws/install/vesc_msgs/lib/python3.8/site-packages/vesc_msgs/msg/_vesc_state_stamped.py\n'}
[4.841364] (vesc_msgs) StdoutLine: {'line': b'-- Up-to-date: /home/nvidia/f1tenth_ws/install/vesc_msgs/lib/python3.8/site-packages/vesc_msgs/msg/_vesc_state_s.c\n'}
[4.843205] (vesc_msgs) StdoutLine: {'line': b'-- Up-to-date: /home/nvidia/f1tenth_ws/install/vesc_msgs/lib/python3.8/site-packages/vesc_msgs/msg/__init__.py\n'}
[4.844049] (vesc_msgs) StdoutLine: {'line': b'-- Up-to-date: /home/nvidia/f1tenth_ws/install/vesc_msgs/lib/python3.8/site-packages/vesc_msgs/msg/_vesc_state_stamped_s.c\n'}
[4.847495] (vesc_msgs) StdoutLine: {'line': b'-- Up-to-date: /home/nvidia/f1tenth_ws/install/vesc_msgs/lib/python3.8/site-packages/vesc_msgs/msg/_vesc_imu.py\n'}
[4.848788] (vesc_msgs) StdoutLine: {'line': b'-- Up-to-date: /home/nvidia/f1tenth_ws/install/vesc_msgs/lib/python3.8/site-packages/vesc_msgs/msg/_vesc_imu_stamped.py\n'}
[4.849520] (vesc_msgs) StdoutLine: {'line': b'-- Up-to-date: /home/nvidia/f1tenth_ws/install/vesc_msgs/lib/python3.8/site-packages/vesc_msgs/msg/_vesc_state.py\n'}
[4.850005] (vesc_msgs) StdoutLine: {'line': b'-- Up-to-date: /home/nvidia/f1tenth_ws/install/vesc_msgs/lib/python3.8/site-packages/vesc_msgs/msg/_vesc_imu_stamped_s.c\n'}
[4.852132] (vesc_msgs) StdoutLine: {'line': b'-- Up-to-date: /home/nvidia/f1tenth_ws/install/vesc_msgs/lib/python3.8/site-packages/vesc_msgs/msg/_vesc_imu_s.c\n'}
[4.852738] (vesc_msgs) StdoutLine: {'line': b'-- Up-to-date: /home/nvidia/f1tenth_ws/install/vesc_msgs/lib/python3.8/site-packages/vesc_msgs/vesc_msgs_s__rosidl_typesupport_fastrtps_c.cpython-38-aarch64-linux-gnu.so\n'}
[4.853462] (vesc_msgs) StdoutLine: {'line': b'-- Up-to-date: /home/nvidia/f1tenth_ws/install/vesc_msgs/lib/python3.8/site-packages/vesc_msgs/vesc_msgs_s__rosidl_typesupport_introspection_c.cpython-38-aarch64-linux-gnu.so\n'}
[4.853934] (vesc_msgs) StdoutLine: {'line': b'-- Up-to-date: /home/nvidia/f1tenth_ws/install/vesc_msgs/lib/python3.8/site-packages/vesc_msgs/vesc_msgs_s__rosidl_typesupport_c.cpython-38-aarch64-linux-gnu.so\n'}
[4.863244] (vesc_msgs) StdoutLine: {'line': b'-- Up-to-date: /home/nvidia/f1tenth_ws/install/vesc_msgs/lib/libvesc_msgs__python.so\n'}
[4.872755] (vesc_msgs) StdoutLine: {'line': b'-- Up-to-date: /home/nvidia/f1tenth_ws/install/vesc_msgs/share/vesc_msgs/msg/VescState.idl\n'}
[4.873716] (vesc_msgs) StdoutLine: {'line': b'-- Up-to-date: /home/nvidia/f1tenth_ws/install/vesc_msgs/share/vesc_msgs/msg/VescStateStamped.idl\n'}
[4.874389] (vesc_msgs) StdoutLine: {'line': b'-- Up-to-date: /home/nvidia/f1tenth_ws/install/vesc_msgs/share/vesc_msgs/msg/VescImu.idl\n'}
[4.875136] (vesc_msgs) StdoutLine: {'line': b'-- Up-to-date: /home/nvidia/f1tenth_ws/install/vesc_msgs/share/vesc_msgs/msg/VescImuStamped.idl\n'}
[4.875656] (vesc_msgs) StdoutLine: {'line': b'-- Up-to-date: /home/nvidia/f1tenth_ws/install/vesc_msgs/share/vesc_msgs/msg/VescState.msg\n'}
[4.876177] (vesc_msgs) StdoutLine: {'line': b'-- Up-to-date: /home/nvidia/f1tenth_ws/install/vesc_msgs/share/vesc_msgs/msg/VescStateStamped.msg\n'}
[4.876614] (vesc_msgs) StdoutLine: {'line': b'-- Up-to-date: /home/nvidia/f1tenth_ws/install/vesc_msgs/share/vesc_msgs/msg/VescImu.msg\n'}
[4.877071] (vesc_msgs) StdoutLine: {'line': b'-- Up-to-date: /home/nvidia/f1tenth_ws/install/vesc_msgs/share/vesc_msgs/msg/VescImuStamped.msg\n'}
[4.883955] (vesc_msgs) StdoutLine: {'line': b'-- Up-to-date: /home/nvidia/f1tenth_ws/install/vesc_msgs/share/ament_index/resource_index/package_run_dependencies/vesc_msgs\n'}
[4.885441] (vesc_msgs) StdoutLine: {'line': b'-- Up-to-date: /home/nvidia/f1tenth_ws/install/vesc_msgs/share/ament_index/resource_index/parent_prefix_path/vesc_msgs\n'}
[4.887297] (vesc_msgs) StdoutLine: {'line': b'-- Up-to-date: /home/nvidia/f1tenth_ws/install/vesc_msgs/share/vesc_msgs/environment/ament_prefix_path.sh\n'}
[4.888945] (vesc_msgs) StdoutLine: {'line': b'-- Up-to-date: /home/nvidia/f1tenth_ws/install/vesc_msgs/share/vesc_msgs/environment/ament_prefix_path.dsv\n'}
[4.889572] (vesc_msgs) StdoutLine: {'line': b'-- Up-to-date: /home/nvidia/f1tenth_ws/install/vesc_msgs/share/vesc_msgs/environment/path.sh\n'}
[4.890025] (vesc_msgs) StdoutLine: {'line': b'-- Up-to-date: /home/nvidia/f1tenth_ws/install/vesc_msgs/share/vesc_msgs/environment/path.dsv\n'}
[4.890588] (vesc_msgs) StdoutLine: {'line': b'-- Up-to-date: /home/nvidia/f1tenth_ws/install/vesc_msgs/share/vesc_msgs/local_setup.bash\n'}
[4.891074] (vesc_msgs) StdoutLine: {'line': b'-- Up-to-date: /home/nvidia/f1tenth_ws/install/vesc_msgs/share/vesc_msgs/local_setup.sh\n'}
[4.892072] (vesc_msgs) StdoutLine: {'line': b'-- Up-to-date: /home/nvidia/f1tenth_ws/install/vesc_msgs/share/vesc_msgs/local_setup.zsh\n'}
[4.892565] (vesc_msgs) StdoutLine: {'line': b'-- Up-to-date: /home/nvidia/f1tenth_ws/install/vesc_msgs/share/vesc_msgs/local_setup.dsv\n'}
[4.892986] (vesc_msgs) StdoutLine: {'line': b'-- Installing: /home/nvidia/f1tenth_ws/install/vesc_msgs/share/vesc_msgs/package.dsv\n'}
[4.893440] (vesc_msgs) StdoutLine: {'line': b'-- Up-to-date: /home/nvidia/f1tenth_ws/install/vesc_msgs/share/ament_index/resource_index/packages/vesc_msgs\n'}
[4.893908] (vesc_msgs) StdoutLine: {'line': b'-- Up-to-date: /home/nvidia/f1tenth_ws/install/vesc_msgs/share/vesc_msgs/cmake/vesc_msgs__rosidl_generator_cExport.cmake\n'}
[4.894482] (vesc_msgs) StdoutLine: {'line': b'-- Up-to-date: /home/nvidia/f1tenth_ws/install/vesc_msgs/share/vesc_msgs/cmake/vesc_msgs__rosidl_generator_cExport-noconfig.cmake\n'}
[4.894952] (vesc_msgs) StdoutLine: {'line': b'-- Up-to-date: /home/nvidia/f1tenth_ws/install/vesc_msgs/share/vesc_msgs/cmake/vesc_msgs__rosidl_typesupport_introspection_cExport.cmake\n'}
[4.895378] (vesc_msgs) StdoutLine: {'line': b'-- Up-to-date: /home/nvidia/f1tenth_ws/install/vesc_msgs/share/vesc_msgs/cmake/vesc_msgs__rosidl_typesupport_introspection_cExport-noconfig.cmake\n'}
[4.895839] (vesc_msgs) StdoutLine: {'line': b'-- Up-to-date: /home/nvidia/f1tenth_ws/install/vesc_msgs/share/vesc_msgs/cmake/vesc_msgs__rosidl_typesupport_cExport.cmake\n'}
[4.896280] (vesc_msgs) StdoutLine: {'line': b'-- Up-to-date: /home/nvidia/f1tenth_ws/install/vesc_msgs/share/vesc_msgs/cmake/vesc_msgs__rosidl_typesupport_cExport-noconfig.cmake\n'}
[4.896729] (vesc_msgs) StdoutLine: {'line': b'-- Up-to-date: /home/nvidia/f1tenth_ws/install/vesc_msgs/share/vesc_msgs/cmake/vesc_msgs__rosidl_generator_cppExport.cmake\n'}
[4.897423] (vesc_msgs) StdoutLine: {'line': b'-- Up-to-date: /home/nvidia/f1tenth_ws/install/vesc_msgs/share/vesc_msgs/cmake/vesc_msgs__rosidl_typesupport_introspection_cppExport.cmake\n'}
[4.897849] (vesc_msgs) StdoutLine: {'line': b'-- Up-to-date: /home/nvidia/f1tenth_ws/install/vesc_msgs/share/vesc_msgs/cmake/vesc_msgs__rosidl_typesupport_introspection_cppExport-noconfig.cmake\n'}
[4.898916] (vesc_msgs) StdoutLine: {'line': b'-- Up-to-date: /home/nvidia/f1tenth_ws/install/vesc_msgs/share/vesc_msgs/cmake/vesc_msgs__rosidl_typesupport_cppExport.cmake\n'}
[4.899580] (vesc_msgs) StdoutLine: {'line': b'-- Up-to-date: /home/nvidia/f1tenth_ws/install/vesc_msgs/share/vesc_msgs/cmake/vesc_msgs__rosidl_typesupport_cppExport-noconfig.cmake\n'}
[4.900017] (vesc_msgs) StdoutLine: {'line': b'-- Up-to-date: /home/nvidia/f1tenth_ws/install/vesc_msgs/share/vesc_msgs/cmake/rosidl_cmake-extras.cmake\n'}
[4.917233] (-) TimerEvent: {}
[4.919963] (vesc_msgs) StdoutLine: {'line': b'-- Up-to-date: /home/nvidia/f1tenth_ws/install/vesc_msgs/share/vesc_msgs/cmake/ament_cmake_export_dependencies-extras.cmake\n'}
[4.922381] (vesc_msgs) StdoutLine: {'line': b'-- Up-to-date: /home/nvidia/f1tenth_ws/install/vesc_msgs/share/vesc_msgs/cmake/ament_cmake_export_libraries-extras.cmake\n'}
[4.937614] (vesc_msgs) StdoutLine: {'line': b'-- Up-to-date: /home/nvidia/f1tenth_ws/install/vesc_msgs/share/vesc_msgs/cmake/ament_cmake_export_targets-extras.cmake\n'}
[4.939075] (vesc_msgs) StdoutLine: {'line': b'-- Up-to-date: /home/nvidia/f1tenth_ws/install/vesc_msgs/share/vesc_msgs/cmake/ament_cmake_export_include_directories-extras.cmake\n'}
[4.939608] (vesc_msgs) StdoutLine: {'line': b'-- Up-to-date: /home/nvidia/f1tenth_ws/install/vesc_msgs/share/vesc_msgs/cmake/rosidl_cmake_export_typesupport_libraries-extras.cmake\n'}
[4.940073] (vesc_msgs) StdoutLine: {'line': b'-- Up-to-date: /home/nvidia/f1tenth_ws/install/vesc_msgs/share/vesc_msgs/cmake/rosidl_cmake_export_typesupport_targets-extras.cmake\n'}
[4.940486] (vesc_msgs) StdoutLine: {'line': b'-- Up-to-date: /home/nvidia/f1tenth_ws/install/vesc_msgs/share/vesc_msgs/cmake/vesc_msgsConfig.cmake\n'}
[4.940905] (vesc_msgs) StdoutLine: {'line': b'-- Up-to-date: /home/nvidia/f1tenth_ws/install/vesc_msgs/share/vesc_msgs/cmake/vesc_msgsConfig-version.cmake\n'}
[4.941647] (vesc_msgs) StdoutLine: {'line': b'-- Up-to-date: /home/nvidia/f1tenth_ws/install/vesc_msgs/share/vesc_msgs/package.xml\n'}
[5.017850] (-) TimerEvent: {}
[5.120103] (-) TimerEvent: {}
[5.221345] (-) TimerEvent: {}
[5.322525] (-) TimerEvent: {}
[5.423600] (-) TimerEvent: {}
[5.524660] (-) TimerEvent: {}
[5.625839] (-) TimerEvent: {}
[5.728487] (-) TimerEvent: {}
[5.829555] (-) TimerEvent: {}
[5.930735] (-) TimerEvent: {}
[6.032305] (-) TimerEvent: {}
[6.133499] (-) TimerEvent: {}
[6.234799] (-) TimerEvent: {}
[6.310801] (vesc_msgs) CommandEnded: {'returncode': 0}
[6.335091] (-) TimerEvent: {}
[6.439006] (-) TimerEvent: {}
[6.456712] (teleop_tools_msgs) JobEnded: {'identifier': 'teleop_tools_msgs', 'rc': 0}
[6.464657] (key_teleop) Command: {'cmd': ['/usr/bin/python3', '-W', 'ignore:setup.py install is deprecated', 'setup.py', 'egg_info', '--egg-base', '../../../../build/key_teleop', 'build', '--build-base', '/home/nvidia/f1tenth_ws/build/key_teleop/build', 'install', '--record', '/home/nvidia/f1tenth_ws/build/key_teleop/install.log', '--install-scripts', '$base/lib/key_teleop', '--single-version-externally-managed', 'install_data'], 'cwd': '/home/nvidia/f1tenth_ws/src/f1tenth_system/teleop_tools/key_teleop', 'env': {'SUDO_GID': '1000', 'MAIL': '/var/mail/root', 'USER': 'root', 'HOME': '/root', 'SUDO_UID': '1000', 'LOGNAME': 'root', 'TERM': 'xterm-256color', 'PATH': '/usr/local/sbin:/usr/local/bin:/usr/sbin:/usr/bin:/sbin:/bin:/snap/bin', 'LANG': 'en_US.UTF-8', 'LS_COLORS': 'rs=0:di=01;34:ln=01;36:mh=00:pi=40;33:so=01;35:do=01;35:bd=40;33;01:cd=40;33;01:or=40;31;01:mi=00:su=37;41:sg=30;43:ca=30;41:tw=30;42:ow=34;42:st=37;44:ex=01;32:*.tar=01;31:*.tgz=01;31:*.arc=01;31:*.arj=01;31:*.taz=01;31:*.lha=01;31:*.lz4=01;31:*.lzh=01;31:*.lzma=01;31:*.tlz=01;31:*.txz=01;31:*.tzo=01;31:*.t7z=01;31:*.zip=01;31:*.z=01;31:*.dz=01;31:*.gz=01;31:*.lrz=01;31:*.lz=01;31:*.lzo=01;31:*.xz=01;31:*.zst=01;31:*.tzst=01;31:*.bz2=01;31:*.bz=01;31:*.tbz=01;31:*.tbz2=01;31:*.tz=01;31:*.deb=01;31:*.rpm=01;31:*.jar=01;31:*.war=01;31:*.ear=01;31:*.sar=01;31:*.rar=01;31:*.alz=01;31:*.ace=01;31:*.zoo=01;31:*.cpio=01;31:*.7z=01;31:*.rz=01;31:*.cab=01;31:*.wim=01;31:*.swm=01;31:*.dwm=01;31:*.esd=01;31:*.jpg=01;35:*.jpeg=01;35:*.mjpg=01;35:*.mjpeg=01;35:*.gif=01;35:*.bmp=01;35:*.pbm=01;35:*.pgm=01;35:*.ppm=01;35:*.tga=01;35:*.xbm=01;35:*.xpm=01;35:*.tif=01;35:*.tiff=01;35:*.png=01;35:*.svg=01;35:*.svgz=01;35:*.mng=01;35:*.pcx=01;35:*.mov=01;35:*.mpg=01;35:*.mpeg=01;35:*.m2v=01;35:*.mkv=01;35:*.webm=01;35:*.ogm=01;35:*.mp4=01;35:*.m4v=01;35:*.mp4v=01;35:*.vob=01;35:*.qt=01;35:*.nuv=01;35:*.wmv=01;35:*.asf=01;35:*.rm=01;35:*.rmvb=01;35:*.flc=01;35:*.avi=01;35:*.fli=01;35:*.flv=01;35:*.gl=01;35:*.dl=01;35:*.xcf=01;35:*.xwd=01;35:*.yuv=01;35:*.cgm=01;35:*.emf=01;35:*.ogv=01;35:*.ogx=01;35:*.aac=00;36:*.au=00;36:*.flac=00;36:*.m4a=00;36:*.mid=00;36:*.midi=00;36:*.mka=00;36:*.mp3=00;36:*.mpc=00;36:*.ogg=00;36:*.ra=00;36:*.wav=00;36:*.oga=00;36:*.opus=00;36:*.spx=00;36:*.xspf=00;36:', 'SUDO_COMMAND': '/usr/bin/colcon build', 'SHELL': '/bin/bash', 'SUDO_USER': 'nvidia', 'LC_ALL': 'en_US.UTF-8', 'PWD': '/home/nvidia/f1tenth_ws/build/key_teleop', 'COLCON': '1', 'PYTHONPATH': '/home/nvidia/f1tenth_ws/build/key_teleop/prefix_override:/usr/lib/python3/dist-packages/colcon_core/task/python/colcon_distutils_commands:/home/nvidia/f1tenth_ws/install/key_teleop/lib/python3.8/site-packages:'}, 'shell': False}
[6.505210] (mapping) Command: {'cmd': ['/usr/bin/python3', '-W', 'ignore:setup.py install is deprecated', 'setup.py', 'egg_info', '--egg-base', '../../build/mapping', 'build', '--build-base', '/home/nvidia/f1tenth_ws/build/mapping/build', 'install', '--record', '/home/nvidia/f1tenth_ws/build/mapping/install.log', '--install-scripts', '$base/lib/mapping', '--single-version-externally-managed', 'install_data'], 'cwd': '/home/nvidia/f1tenth_ws/src/mapping', 'env': {'SUDO_GID': '1000', 'MAIL': '/var/mail/root', 'USER': 'root', 'HOME': '/root', 'SUDO_UID': '1000', 'LOGNAME': 'root', 'TERM': 'xterm-256color', 'PATH': '/usr/local/sbin:/usr/local/bin:/usr/sbin:/usr/bin:/sbin:/bin:/snap/bin', 'LANG': 'en_US.UTF-8', 'LS_COLORS': 'rs=0:di=01;34:ln=01;36:mh=00:pi=40;33:so=01;35:do=01;35:bd=40;33;01:cd=40;33;01:or=40;31;01:mi=00:su=37;41:sg=30;43:ca=30;41:tw=30;42:ow=34;42:st=37;44:ex=01;32:*.tar=01;31:*.tgz=01;31:*.arc=01;31:*.arj=01;31:*.taz=01;31:*.lha=01;31:*.lz4=01;31:*.lzh=01;31:*.lzma=01;31:*.tlz=01;31:*.txz=01;31:*.tzo=01;31:*.t7z=01;31:*.zip=01;31:*.z=01;31:*.dz=01;31:*.gz=01;31:*.lrz=01;31:*.lz=01;31:*.lzo=01;31:*.xz=01;31:*.zst=01;31:*.tzst=01;31:*.bz2=01;31:*.bz=01;31:*.tbz=01;31:*.tbz2=01;31:*.tz=01;31:*.deb=01;31:*.rpm=01;31:*.jar=01;31:*.war=01;31:*.ear=01;31:*.sar=01;31:*.rar=01;31:*.alz=01;31:*.ace=01;31:*.zoo=01;31:*.cpio=01;31:*.7z=01;31:*.rz=01;31:*.cab=01;31:*.wim=01;31:*.swm=01;31:*.dwm=01;31:*.esd=01;31:*.jpg=01;35:*.jpeg=01;35:*.mjpg=01;35:*.mjpeg=01;35:*.gif=01;35:*.bmp=01;35:*.pbm=01;35:*.pgm=01;35:*.ppm=01;35:*.tga=01;35:*.xbm=01;35:*.xpm=01;35:*.tif=01;35:*.tiff=01;35:*.png=01;35:*.svg=01;35:*.svgz=01;35:*.mng=01;35:*.pcx=01;35:*.mov=01;35:*.mpg=01;35:*.mpeg=01;35:*.m2v=01;35:*.mkv=01;35:*.webm=01;35:*.ogm=01;35:*.mp4=01;35:*.m4v=01;35:*.mp4v=01;35:*.vob=01;35:*.qt=01;35:*.nuv=01;35:*.wmv=01;35:*.asf=01;35:*.rm=01;35:*.rmvb=01;35:*.flc=01;35:*.avi=01;35:*.fli=01;35:*.flv=01;35:*.gl=01;35:*.dl=01;35:*.xcf=01;35:*.xwd=01;35:*.yuv=01;35:*.cgm=01;35:*.emf=01;35:*.ogv=01;35:*.ogx=01;35:*.aac=00;36:*.au=00;36:*.flac=00;36:*.m4a=00;36:*.mid=00;36:*.midi=00;36:*.mka=00;36:*.mp3=00;36:*.mpc=00;36:*.ogg=00;36:*.ra=00;36:*.wav=00;36:*.oga=00;36:*.opus=00;36:*.spx=00;36:*.xspf=00;36:', 'SUDO_COMMAND': '/usr/bin/colcon build', 'SHELL': '/bin/bash', 'SUDO_USER': 'nvidia', 'LC_ALL': 'en_US.UTF-8', 'PWD': '/home/nvidia/f1tenth_ws/build/mapping', 'COLCON': '1', 'PYTHONPATH': '/home/nvidia/f1tenth_ws/build/mapping/prefix_override:/usr/lib/python3/dist-packages/colcon_core/task/python/colcon_distutils_commands:/home/nvidia/f1tenth_ws/install/mapping/lib/python3.8/site-packages:'}, 'shell': False}
[6.537188] (f1tenth_controllers) Command: {'cmd': ['/usr/bin/python3', '-W', 'ignore:setup.py install is deprecated', 'setup.py', 'egg_info', '--egg-base', '../../build/f1tenth_controllers', 'build', '--build-base', '/home/nvidia/f1tenth_ws/build/f1tenth_controllers/build', 'install', '--record', '/home/nvidia/f1tenth_ws/build/f1tenth_controllers/install.log', '--install-scripts', '$base/lib/f1tenth_controllers', '--single-version-externally-managed', 'install_data'], 'cwd': '/home/nvidia/f1tenth_ws/src/f1tenth_controllers', 'env': {'SUDO_GID': '1000', 'MAIL': '/var/mail/root', 'USER': 'root', 'HOME': '/root', 'SUDO_UID': '1000', 'LOGNAME': 'root', 'TERM': 'xterm-256color', 'PATH': '/usr/local/sbin:/usr/local/bin:/usr/sbin:/usr/bin:/sbin:/bin:/snap/bin', 'LANG': 'en_US.UTF-8', 'LS_COLORS': 'rs=0:di=01;34:ln=01;36:mh=00:pi=40;33:so=01;35:do=01;35:bd=40;33;01:cd=40;33;01:or=40;31;01:mi=00:su=37;41:sg=30;43:ca=30;41:tw=30;42:ow=34;42:st=37;44:ex=01;32:*.tar=01;31:*.tgz=01;31:*.arc=01;31:*.arj=01;31:*.taz=01;31:*.lha=01;31:*.lz4=01;31:*.lzh=01;31:*.lzma=01;31:*.tlz=01;31:*.txz=01;31:*.tzo=01;31:*.t7z=01;31:*.zip=01;31:*.z=01;31:*.dz=01;31:*.gz=01;31:*.lrz=01;31:*.lz=01;31:*.lzo=01;31:*.xz=01;31:*.zst=01;31:*.tzst=01;31:*.bz2=01;31:*.bz=01;31:*.tbz=01;31:*.tbz2=01;31:*.tz=01;31:*.deb=01;31:*.rpm=01;31:*.jar=01;31:*.war=01;31:*.ear=01;31:*.sar=01;31:*.rar=01;31:*.alz=01;31:*.ace=01;31:*.zoo=01;31:*.cpio=01;31:*.7z=01;31:*.rz=01;31:*.cab=01;31:*.wim=01;31:*.swm=01;31:*.dwm=01;31:*.esd=01;31:*.jpg=01;35:*.jpeg=01;35:*.mjpg=01;35:*.mjpeg=01;35:*.gif=01;35:*.bmp=01;35:*.pbm=01;35:*.pgm=01;35:*.ppm=01;35:*.tga=01;35:*.xbm=01;35:*.xpm=01;35:*.tif=01;35:*.tiff=01;35:*.png=01;35:*.svg=01;35:*.svgz=01;35:*.mng=01;35:*.pcx=01;35:*.mov=01;35:*.mpg=01;35:*.mpeg=01;35:*.m2v=01;35:*.mkv=01;35:*.webm=01;35:*.ogm=01;35:*.mp4=01;35:*.m4v=01;35:*.mp4v=01;35:*.vob=01;35:*.qt=01;35:*.nuv=01;35:*.wmv=01;35:*.asf=01;35:*.rm=01;35:*.rmvb=01;35:*.flc=01;35:*.avi=01;35:*.fli=01;35:*.flv=01;35:*.gl=01;35:*.dl=01;35:*.xcf=01;35:*.xwd=01;35:*.yuv=01;35:*.cgm=01;35:*.emf=01;35:*.ogv=01;35:*.ogx=01;35:*.aac=00;36:*.au=00;36:*.flac=00;36:*.m4a=00;36:*.mid=00;36:*.midi=00;36:*.mka=00;36:*.mp3=00;36:*.mpc=00;36:*.ogg=00;36:*.ra=00;36:*.wav=00;36:*.oga=00;36:*.opus=00;36:*.spx=00;36:*.xspf=00;36:', 'SUDO_COMMAND': '/usr/bin/colcon build', 'SHELL': '/bin/bash', 'SUDO_USER': 'nvidia', 'LC_ALL': 'en_US.UTF-8', 'PWD': '/home/nvidia/f1tenth_ws/build/f1tenth_controllers', 'COLCON': '1', 'PYTHONPATH': '/home/nvidia/f1tenth_ws/build/f1tenth_controllers/prefix_override:/usr/lib/python3/dist-packages/colcon_core/task/python/colcon_distutils_commands:/home/nvidia/f1tenth_ws/install/f1tenth_controllers/lib/python3.8/site-packages:'}, 'shell': False}
[6.547823] (-) TimerEvent: {}
[6.591777] (joy_teleop) JobStarted: {'identifier': 'joy_teleop'}
[6.652445] (-) TimerEvent: {}
[6.759982] (-) TimerEvent: {}
[6.862905] (-) TimerEvent: {}
[6.963982] (-) TimerEvent: {}
[7.065063] (-) TimerEvent: {}
[7.166149] (-) TimerEvent: {}
[7.268394] (-) TimerEvent: {}
[7.369524] (-) TimerEvent: {}
[7.470815] (-) TimerEvent: {}
[7.572607] (-) TimerEvent: {}
[7.675024] (-) TimerEvent: {}
[7.755075] (mapping) StdoutLine: {'line': b'running egg_info\n'}
[7.760940] (mapping) StdoutLine: {'line': b'writing ../../build/mapping/mapping.egg-info/PKG-INFO\n'}
[7.763812] (mapping) StdoutLine: {'line': b'writing dependency_links to ../../build/mapping/mapping.egg-info/dependency_links.txt\n'}
[7.766001] (mapping) StdoutLine: {'line': b'writing entry points to ../../build/mapping/mapping.egg-info/entry_points.txt\n'}
[7.769004] (mapping) StdoutLine: {'line': b'writing requirements to ../../build/mapping/mapping.egg-info/requires.txt\n'}
[7.770750] (mapping) StdoutLine: {'line': b'writing top-level names to ../../build/mapping/mapping.egg-info/top_level.txt\n'}
[7.775256] (-) TimerEvent: {}
[7.815917] (f1tenth_controllers) StdoutLine: {'line': b'running egg_info\n'}
[7.816984] (key_teleop) StdoutLine: {'line': b'running egg_info\n'}
[7.819782] (key_teleop) StdoutLine: {'line': b'writing ../../../../build/key_teleop/key_teleop.egg-info/PKG-INFO\n'}
[7.820520] (f1tenth_controllers) StdoutLine: {'line': b'writing ../../build/f1tenth_controllers/f1tenth_controllers.egg-info/PKG-INFO\n'}
[7.821396] (f1tenth_controllers) StdoutLine: {'line': b'writing dependency_links to ../../build/f1tenth_controllers/f1tenth_controllers.egg-info/dependency_links.txt\n'}
[7.821917] (key_teleop) StdoutLine: {'line': b'writing dependency_links to ../../../../build/key_teleop/key_teleop.egg-info/dependency_links.txt\n'}
[7.824639] (f1tenth_controllers) StdoutLine: {'line': b'writing entry points to ../../build/f1tenth_controllers/f1tenth_controllers.egg-info/entry_points.txt\n'}
[7.832599] (f1tenth_controllers) StdoutLine: {'line': b'writing requirements to ../../build/f1tenth_controllers/f1tenth_controllers.egg-info/requires.txt\n'}
[7.833413] (f1tenth_controllers) StdoutLine: {'line': b'writing top-level names to ../../build/f1tenth_controllers/f1tenth_controllers.egg-info/top_level.txt\n'}
[7.833962] (key_teleop) StdoutLine: {'line': b'writing entry points to ../../../../build/key_teleop/key_teleop.egg-info/entry_points.txt\n'}
[7.834534] (key_teleop) StdoutLine: {'line': b'writing requirements to ../../../../build/key_teleop/key_teleop.egg-info/requires.txt\n'}
[7.835244] (key_teleop) StdoutLine: {'line': b'writing top-level names to ../../../../build/key_teleop/key_teleop.egg-info/top_level.txt\n'}
[7.875523] (-) TimerEvent: {}
[7.977685] (-) TimerEvent: {}
[8.002842] (mapping) StdoutLine: {'line': b"reading manifest file '../../build/mapping/mapping.egg-info/SOURCES.txt'\n"}
[8.006041] (mapping) StdoutLine: {'line': b"writing manifest file '../../build/mapping/mapping.egg-info/SOURCES.txt'\n"}
[8.008301] (mapping) StdoutLine: {'line': b'running build\n'}
[8.008827] (mapping) StdoutLine: {'line': b'running build_py\n'}
[8.009422] (mapping) StdoutLine: {'line': b'running install\n'}
[8.012792] (mapping) StdoutLine: {'line': b'running install_lib\n'}
[8.018464] (mapping) StdoutLine: {'line': b'running install_data\n'}
[8.019506] (mapping) StdoutLine: {'line': b'running install_egg_info\n'}
[8.029069] (mapping) StdoutLine: {'line': b"removing '/home/nvidia/f1tenth_ws/install/mapping/lib/python3.8/site-packages/mapping-0.0.0-py3.8.egg-info' (and everything under it)\n"}
[8.033031] (mapping) StdoutLine: {'line': b'Copying ../../build/mapping/mapping.egg-info to /home/nvidia/f1tenth_ws/install/mapping/lib/python3.8/site-packages/mapping-0.0.0-py3.8.egg-info\n'}
[8.038345] (mapping) StdoutLine: {'line': b'running install_scripts\n'}
[8.064126] (f1tenth_controllers) StdoutLine: {'line': b"reading manifest file '../../build/f1tenth_controllers/f1tenth_controllers.egg-info/SOURCES.txt'\n"}
[8.065495] (key_teleop) StdoutLine: {'line': b"reading manifest file '../../../../build/key_teleop/key_teleop.egg-info/SOURCES.txt'\n"}
[8.066031] (key_teleop) StdoutLine: {'line': b"writing manifest file '../../../../build/key_teleop/key_teleop.egg-info/SOURCES.txt'\n"}
[8.066561] (key_teleop) StdoutLine: {'line': b'running build\n'}
[8.066981] (key_teleop) StdoutLine: {'line': b'running build_py\n'}
[8.067434] (key_teleop) StdoutLine: {'line': b'running install\n'}
[8.067868] (f1tenth_controllers) StdoutLine: {'line': b"writing manifest file '../../build/f1tenth_controllers/f1tenth_controllers.egg-info/SOURCES.txt'\n"}
[8.068312] (f1tenth_controllers) StdoutLine: {'line': b'running build\n'}
[8.083061] (-) TimerEvent: {}
[8.087826] (f1tenth_controllers) StdoutLine: {'line': b'running build_py\n'}
[8.088859] (f1tenth_controllers) StdoutLine: {'line': b'running install\n'}
[8.089671] (key_teleop) StdoutLine: {'line': b'running install_lib\n'}
[8.090409] (f1tenth_controllers) StdoutLine: {'line': b'running install_lib\n'}
[8.090914] (f1tenth_controllers) StdoutLine: {'line': b'running install_data\n'}
[8.091510] (f1tenth_controllers) StdoutLine: {'line': b'running install_egg_info\n'}
[8.092234] (key_teleop) StdoutLine: {'line': b'running install_data\n'}
[8.093346] (key_teleop) StdoutLine: {'line': b'running install_egg_info\n'}
[8.093778] (f1tenth_controllers) StdoutLine: {'line': b"removing '/home/nvidia/f1tenth_ws/install/f1tenth_controllers/lib/python3.8/site-packages/f1tenth_controllers-0.0.0-py3.8.egg-info' (and everything under it)\n"}
[8.094403] (f1tenth_controllers) StdoutLine: {'line': b'Copying ../../build/f1tenth_controllers/f1tenth_controllers.egg-info to /home/nvidia/f1tenth_ws/install/f1tenth_controllers/lib/python3.8/site-packages/f1tenth_controllers-0.0.0-py3.8.egg-info\n'}
[8.094924] (key_teleop) StdoutLine: {'line': b"removing '/home/nvidia/f1tenth_ws/install/key_teleop/lib/python3.8/site-packages/key_teleop-0.3.0-py3.8.egg-info' (and everything under it)\n"}
[8.095359] (key_teleop) StdoutLine: {'line': b'Copying ../../../../build/key_teleop/key_teleop.egg-info to /home/nvidia/f1tenth_ws/install/key_teleop/lib/python3.8/site-packages/key_teleop-0.3.0-py3.8.egg-info\n'}
[8.099659] (f1tenth_controllers) StdoutLine: {'line': b'running install_scripts\n'}
[8.105165] (key_teleop) StdoutLine: {'line': b'running install_scripts\n'}
[8.135377] (mapping) StdoutLine: {'line': b'Installing local_gradient_node script to /home/nvidia/f1tenth_ws/install/mapping/lib/mapping\n'}
[8.136889] (mapping) StdoutLine: {'line': b'Installing local_mapping_node script to /home/nvidia/f1tenth_ws/install/mapping/lib/mapping\n'}
[8.140591] (mapping) StdoutLine: {'line': b"writing list of installed files to '/home/nvidia/f1tenth_ws/build/mapping/install.log'\n"}
[8.183520] (-) TimerEvent: {}
[8.201109] (vesc_msgs) JobEnded: {'identifier': 'vesc_msgs', 'rc': 0}
[8.228353] (vesc_ackermann) JobStarted: {'identifier': 'vesc_ackermann'}
[8.229930] (f1tenth_controllers) StdoutLine: {'line': b'Installing follow_the_gap_node script to /home/nvidia/f1tenth_ws/install/f1tenth_controllers/lib/f1tenth_controllers\n'}
[8.233200] (key_teleop) StdoutLine: {'line': b'Installing key_teleop script to /home/nvidia/f1tenth_ws/install/key_teleop/lib/key_teleop\n'}
[8.234047] (f1tenth_controllers) StdoutLine: {'line': b"writing list of installed files to '/home/nvidia/f1tenth_ws/build/f1tenth_controllers/install.log'\n"}
[8.235154] (key_teleop) StdoutLine: {'line': b"writing list of installed files to '/home/nvidia/f1tenth_ws/build/key_teleop/install.log'\n"}
[8.288585] (-) TimerEvent: {}
[8.295444] (vesc_ackermann) JobProgress: {'identifier': 'vesc_ackermann', 'progress': 'cmake'}
[8.302938] (vesc_ackermann) JobProgress: {'identifier': 'vesc_ackermann', 'progress': 'build'}
[8.315040] (vesc_ackermann) Command: {'cmd': ['/usr/bin/cmake', '--build', '/home/nvidia/f1tenth_ws/build/vesc_ackermann', '--', '-j6', '-l6'], 'cwd': '/home/nvidia/f1tenth_ws/build/vesc_ackermann', 'env': OrderedDict([('SUDO_GID', '1000'), ('MAIL', '/var/mail/root'), ('USER', 'root'), ('LD_LIBRARY_PATH', '/home/nvidia/f1tenth_ws/install/vesc_msgs/lib'), ('HOME', '/root'), ('SUDO_UID', '1000'), ('LOGNAME', 'root'), ('TERM', 'xterm-256color'), ('PATH', '/usr/local/sbin:/usr/local/bin:/usr/sbin:/usr/bin:/sbin:/bin:/snap/bin'), ('LANG', 'en_US.UTF-8'), ('LS_COLORS', 'rs=0:di=01;34:ln=01;36:mh=00:pi=40;33:so=01;35:do=01;35:bd=40;33;01:cd=40;33;01:or=40;31;01:mi=00:su=37;41:sg=30;43:ca=30;41:tw=30;42:ow=34;42:st=37;44:ex=01;32:*.tar=01;31:*.tgz=01;31:*.arc=01;31:*.arj=01;31:*.taz=01;31:*.lha=01;31:*.lz4=01;31:*.lzh=01;31:*.lzma=01;31:*.tlz=01;31:*.txz=01;31:*.tzo=01;31:*.t7z=01;31:*.zip=01;31:*.z=01;31:*.dz=01;31:*.gz=01;31:*.lrz=01;31:*.lz=01;31:*.lzo=01;31:*.xz=01;31:*.zst=01;31:*.tzst=01;31:*.bz2=01;31:*.bz=01;31:*.tbz=01;31:*.tbz2=01;31:*.tz=01;31:*.deb=01;31:*.rpm=01;31:*.jar=01;31:*.war=01;31:*.ear=01;31:*.sar=01;31:*.rar=01;31:*.alz=01;31:*.ace=01;31:*.zoo=01;31:*.cpio=01;31:*.7z=01;31:*.rz=01;31:*.cab=01;31:*.wim=01;31:*.swm=01;31:*.dwm=01;31:*.esd=01;31:*.jpg=01;35:*.jpeg=01;35:*.mjpg=01;35:*.mjpeg=01;35:*.gif=01;35:*.bmp=01;35:*.pbm=01;35:*.pgm=01;35:*.ppm=01;35:*.tga=01;35:*.xbm=01;35:*.xpm=01;35:*.tif=01;35:*.tiff=01;35:*.png=01;35:*.svg=01;35:*.svgz=01;35:*.mng=01;35:*.pcx=01;35:*.mov=01;35:*.mpg=01;35:*.mpeg=01;35:*.m2v=01;35:*.mkv=01;35:*.webm=01;35:*.ogm=01;35:*.mp4=01;35:*.m4v=01;35:*.mp4v=01;35:*.vob=01;35:*.qt=01;35:*.nuv=01;35:*.wmv=01;35:*.asf=01;35:*.rm=01;35:*.rmvb=01;35:*.flc=01;35:*.avi=01;35:*.fli=01;35:*.flv=01;35:*.gl=01;35:*.dl=01;35:*.xcf=01;35:*.xwd=01;35:*.yuv=01;35:*.cgm=01;35:*.emf=01;35:*.ogv=01;35:*.ogx=01;35:*.aac=00;36:*.au=00;36:*.flac=00;36:*.m4a=00;36:*.mid=00;36:*.midi=00;36:*.mka=00;36:*.mp3=00;36:*.mpc=00;36:*.ogg=00;36:*.ra=00;36:*.wav=00;36:*.oga=00;36:*.opus=00;36:*.spx=00;36:*.xspf=00;36:'), ('SUDO_COMMAND', '/usr/bin/colcon build'), ('AMENT_PREFIX_PATH', '/home/nvidia/f1tenth_ws/install/vesc_msgs'), ('SHELL', '/bin/bash'), ('SUDO_USER', 'nvidia'), ('LC_ALL', 'en_US.UTF-8'), ('PWD', '/home/nvidia/f1tenth_ws/build/vesc_ackermann'), ('PYTHONPATH', '/home/nvidia/f1tenth_ws/install/vesc_msgs/lib/python3.8/site-packages'), ('COLCON', '1'), ('CMAKE_PREFIX_PATH', '/home/nvidia/f1tenth_ws/install/vesc_msgs')]), 'shell': False}
[8.341145] (mapping) CommandEnded: {'returncode': 0}
[8.389040] (-) TimerEvent: {}
[8.393954] (mapping) JobEnded: {'identifier': 'mapping', 'rc': 0}
[8.404671] (vesc_driver) JobStarted: {'identifier': 'vesc_driver'}
[8.439357] (f1tenth_controllers) CommandEnded: {'returncode': 0}
[8.489532] (-) TimerEvent: {}
[8.502735] (f1tenth_controllers) JobEnded: {'identifier': 'f1tenth_controllers', 'rc': 0}
[8.507740] (key_teleop) CommandEnded: {'returncode': 0}
[8.550452] (key_teleop) JobEnded: {'identifier': 'key_teleop', 'rc': 0}
[8.560887] (new_map_saver) JobStarted: {'identifier': 'new_map_saver'}
[8.591057] (-) TimerEvent: {}
[8.604646] (phasespace) JobStarted: {'identifier': 'phasespace'}
[8.678594] (vesc_driver) JobProgress: {'identifier': 'vesc_driver', 'progress': 'cmake'}
[8.684089] (vesc_driver) JobProgress: {'identifier': 'vesc_driver', 'progress': 'build'}
[8.697191] (-) TimerEvent: {}
[8.700849] (vesc_driver) Command: {'cmd': ['/usr/bin/cmake', '--build', '/home/nvidia/f1tenth_ws/build/vesc_driver', '--', '-j6', '-l6'], 'cwd': '/home/nvidia/f1tenth_ws/build/vesc_driver', 'env': OrderedDict([('SUDO_GID', '1000'), ('MAIL', '/var/mail/root'), ('USER', 'root'), ('LD_LIBRARY_PATH', '/home/nvidia/f1tenth_ws/install/vesc_msgs/lib'), ('HOME', '/root'), ('SUDO_UID', '1000'), ('LOGNAME', 'root'), ('TERM', 'xterm-256color'), ('PATH', '/usr/local/sbin:/usr/local/bin:/usr/sbin:/usr/bin:/sbin:/bin:/snap/bin'), ('LANG', 'en_US.UTF-8'), ('LS_COLORS', 'rs=0:di=01;34:ln=01;36:mh=00:pi=40;33:so=01;35:do=01;35:bd=40;33;01:cd=40;33;01:or=40;31;01:mi=00:su=37;41:sg=30;43:ca=30;41:tw=30;42:ow=34;42:st=37;44:ex=01;32:*.tar=01;31:*.tgz=01;31:*.arc=01;31:*.arj=01;31:*.taz=01;31:*.lha=01;31:*.lz4=01;31:*.lzh=01;31:*.lzma=01;31:*.tlz=01;31:*.txz=01;31:*.tzo=01;31:*.t7z=01;31:*.zip=01;31:*.z=01;31:*.dz=01;31:*.gz=01;31:*.lrz=01;31:*.lz=01;31:*.lzo=01;31:*.xz=01;31:*.zst=01;31:*.tzst=01;31:*.bz2=01;31:*.bz=01;31:*.tbz=01;31:*.tbz2=01;31:*.tz=01;31:*.deb=01;31:*.rpm=01;31:*.jar=01;31:*.war=01;31:*.ear=01;31:*.sar=01;31:*.rar=01;31:*.alz=01;31:*.ace=01;31:*.zoo=01;31:*.cpio=01;31:*.7z=01;31:*.rz=01;31:*.cab=01;31:*.wim=01;31:*.swm=01;31:*.dwm=01;31:*.esd=01;31:*.jpg=01;35:*.jpeg=01;35:*.mjpg=01;35:*.mjpeg=01;35:*.gif=01;35:*.bmp=01;35:*.pbm=01;35:*.pgm=01;35:*.ppm=01;35:*.tga=01;35:*.xbm=01;35:*.xpm=01;35:*.tif=01;35:*.tiff=01;35:*.png=01;35:*.svg=01;35:*.svgz=01;35:*.mng=01;35:*.pcx=01;35:*.mov=01;35:*.mpg=01;35:*.mpeg=01;35:*.m2v=01;35:*.mkv=01;35:*.webm=01;35:*.ogm=01;35:*.mp4=01;35:*.m4v=01;35:*.mp4v=01;35:*.vob=01;35:*.qt=01;35:*.nuv=01;35:*.wmv=01;35:*.asf=01;35:*.rm=01;35:*.rmvb=01;35:*.flc=01;35:*.avi=01;35:*.fli=01;35:*.flv=01;35:*.gl=01;35:*.dl=01;35:*.xcf=01;35:*.xwd=01;35:*.yuv=01;35:*.cgm=01;35:*.emf=01;35:*.ogv=01;35:*.ogx=01;35:*.aac=00;36:*.au=00;36:*.flac=00;36:*.m4a=00;36:*.mid=00;36:*.midi=00;36:*.mka=00;36:*.mp3=00;36:*.mpc=00;36:*.ogg=00;36:*.ra=00;36:*.wav=00;36:*.oga=00;36:*.opus=00;36:*.spx=00;36:*.xspf=00;36:'), ('SUDO_COMMAND', '/usr/bin/colcon build'), ('AMENT_PREFIX_PATH', '/home/nvidia/f1tenth_ws/install/vesc_msgs'), ('SHELL', '/bin/bash'), ('SUDO_USER', 'nvidia'), ('LC_ALL', 'en_US.UTF-8'), ('PWD', '/home/nvidia/f1tenth_ws/build/vesc_driver'), ('PYTHONPATH', '/home/nvidia/f1tenth_ws/install/vesc_msgs/lib/python3.8/site-packages'), ('COLCON', '1'), ('CMAKE_PREFIX_PATH', '/home/nvidia/f1tenth_ws/install/vesc_msgs')]), 'shell': False}
[8.742870] (vesc_ackermann) StdoutLine: {'line': b'[ 28%] Built target ackermann_to_vesc_node\n'}
[8.786303] (vesc_ackermann) StdoutLine: {'line': b'[ 57%] Built target vesc_to_odom_node\n'}
[8.797296] (-) TimerEvent: {}
[8.849812] (vesc_ackermann) StdoutLine: {'line': b'[100%] Built target vesc_ackermann\n'}
[8.897524] (-) TimerEvent: {}
[8.998635] (-) TimerEvent: {}
[9.093072] (vesc_driver) StdoutLine: {'line': b'[ 20%] Built target vesc_driver_node\n'}
[9.098862] (-) TimerEvent: {}
[9.126853] (vesc_driver) StdoutLine: {'line': b'[ 70%] Built target vesc_driver\n'}
[9.199104] (-) TimerEvent: {}
[9.252852] (vesc_driver) StdoutLine: {'line': b'[100%] Built target vesc_device_namer\n'}
[9.299350] (-) TimerEvent: {}
[9.400692] (-) TimerEvent: {}
[9.501834] (-) TimerEvent: {}
[9.602890] (-) TimerEvent: {}
[9.703914] (-) TimerEvent: {}
[9.805027] (-) TimerEvent: {}
[9.906148] (-) TimerEvent: {}
[10.008308] (-) TimerEvent: {}
[10.111208] (-) TimerEvent: {}
[10.212469] (-) TimerEvent: {}
[10.313527] (-) TimerEvent: {}
[10.414599] (-) TimerEvent: {}
[10.515701] (-) TimerEvent: {}
[10.616804] (-) TimerEvent: {}
[10.717906] (-) TimerEvent: {}
[10.819008] (-) TimerEvent: {}
[10.920129] (-) TimerEvent: {}
[11.022369] (-) TimerEvent: {}
[11.060748] (vesc_ackermann) CommandEnded: {'returncode': 0}
[11.080540] (vesc_driver) CommandEnded: {'returncode': 0}
[11.118059] (mouse_teleop) Command: {'cmd': ['/usr/bin/python3', '-W', 'ignore:setup.py install is deprecated', 'setup.py', 'egg_info', '--egg-base', '../../../../build/mouse_teleop', 'build', '--build-base', '/home/nvidia/f1tenth_ws/build/mouse_teleop/build', 'install', '--record', '/home/nvidia/f1tenth_ws/build/mouse_teleop/install.log', '--install-scripts', '$base/lib/mouse_teleop', '--single-version-externally-managed', 'install_data'], 'cwd': '/home/nvidia/f1tenth_ws/src/f1tenth_system/teleop_tools/mouse_teleop', 'env': {'SUDO_GID': '1000', 'MAIL': '/var/mail/root', 'USER': 'root', 'HOME': '/root', 'SUDO_UID': '1000', 'LOGNAME': 'root', 'TERM': 'xterm-256color', 'PATH': '/usr/local/sbin:/usr/local/bin:/usr/sbin:/usr/bin:/sbin:/bin:/snap/bin', 'LANG': 'en_US.UTF-8', 'LS_COLORS': 'rs=0:di=01;34:ln=01;36:mh=00:pi=40;33:so=01;35:do=01;35:bd=40;33;01:cd=40;33;01:or=40;31;01:mi=00:su=37;41:sg=30;43:ca=30;41:tw=30;42:ow=34;42:st=37;44:ex=01;32:*.tar=01;31:*.tgz=01;31:*.arc=01;31:*.arj=01;31:*.taz=01;31:*.lha=01;31:*.lz4=01;31:*.lzh=01;31:*.lzma=01;31:*.tlz=01;31:*.txz=01;31:*.tzo=01;31:*.t7z=01;31:*.zip=01;31:*.z=01;31:*.dz=01;31:*.gz=01;31:*.lrz=01;31:*.lz=01;31:*.lzo=01;31:*.xz=01;31:*.zst=01;31:*.tzst=01;31:*.bz2=01;31:*.bz=01;31:*.tbz=01;31:*.tbz2=01;31:*.tz=01;31:*.deb=01;31:*.rpm=01;31:*.jar=01;31:*.war=01;31:*.ear=01;31:*.sar=01;31:*.rar=01;31:*.alz=01;31:*.ace=01;31:*.zoo=01;31:*.cpio=01;31:*.7z=01;31:*.rz=01;31:*.cab=01;31:*.wim=01;31:*.swm=01;31:*.dwm=01;31:*.esd=01;31:*.jpg=01;35:*.jpeg=01;35:*.mjpg=01;35:*.mjpeg=01;35:*.gif=01;35:*.bmp=01;35:*.pbm=01;35:*.pgm=01;35:*.ppm=01;35:*.tga=01;35:*.xbm=01;35:*.xpm=01;35:*.tif=01;35:*.tiff=01;35:*.png=01;35:*.svg=01;35:*.svgz=01;35:*.mng=01;35:*.pcx=01;35:*.mov=01;35:*.mpg=01;35:*.mpeg=01;35:*.m2v=01;35:*.mkv=01;35:*.webm=01;35:*.ogm=01;35:*.mp4=01;35:*.m4v=01;35:*.mp4v=01;35:*.vob=01;35:*.qt=01;35:*.nuv=01;35:*.wmv=01;35:*.asf=01;35:*.rm=01;35:*.rmvb=01;35:*.flc=01;35:*.avi=01;35:*.fli=01;35:*.flv=01;35:*.gl=01;35:*.dl=01;35:*.xcf=01;35:*.xwd=01;35:*.yuv=01;35:*.cgm=01;35:*.emf=01;35:*.ogv=01;35:*.ogx=01;35:*.aac=00;36:*.au=00;36:*.flac=00;36:*.m4a=00;36:*.mid=00;36:*.midi=00;36:*.mka=00;36:*.mp3=00;36:*.mpc=00;36:*.ogg=00;36:*.ra=00;36:*.wav=00;36:*.oga=00;36:*.opus=00;36:*.spx=00;36:*.xspf=00;36:', 'SUDO_COMMAND': '/usr/bin/colcon build', 'SHELL': '/bin/bash', 'SUDO_USER': 'nvidia', 'LC_ALL': 'en_US.UTF-8', 'PWD': '/home/nvidia/f1tenth_ws/build/mouse_teleop', 'COLCON': '1', 'PYTHONPATH': '/home/nvidia/f1tenth_ws/build/mouse_teleop/prefix_override:/usr/lib/python3/dist-packages/colcon_core/task/python/colcon_distutils_commands:/home/nvidia/f1tenth_ws/install/mouse_teleop/lib/python3.8/site-packages:'}, 'shell': False}
[11.139401] (-) TimerEvent: {}
[11.146912] (joy_teleop) Command: {'cmd': ['/usr/bin/python3', '-W', 'ignore:setup.py install is deprecated', 'setup.py', 'egg_info', '--egg-base', '../../../../build/joy_teleop', 'build', '--build-base', '/home/nvidia/f1tenth_ws/build/joy_teleop/build', 'install', '--record', '/home/nvidia/f1tenth_ws/build/joy_teleop/install.log', '--install-scripts', '$base/lib/joy_teleop', '--single-version-externally-managed', 'install_data'], 'cwd': '/home/nvidia/f1tenth_ws/src/f1tenth_system/teleop_tools/joy_teleop', 'env': {'SUDO_GID': '1000', 'MAIL': '/var/mail/root', 'USER': 'root', 'LD_LIBRARY_PATH': '/home/nvidia/f1tenth_ws/install/teleop_tools_msgs/lib', 'HOME': '/root', 'SUDO_UID': '1000', 'LOGNAME': 'root', 'TERM': 'xterm-256color', 'PATH': '/usr/local/sbin:/usr/local/bin:/usr/sbin:/usr/bin:/sbin:/bin:/snap/bin', 'LANG': 'en_US.UTF-8', 'LS_COLORS': 'rs=0:di=01;34:ln=01;36:mh=00:pi=40;33:so=01;35:do=01;35:bd=40;33;01:cd=40;33;01:or=40;31;01:mi=00:su=37;41:sg=30;43:ca=30;41:tw=30;42:ow=34;42:st=37;44:ex=01;32:*.tar=01;31:*.tgz=01;31:*.arc=01;31:*.arj=01;31:*.taz=01;31:*.lha=01;31:*.lz4=01;31:*.lzh=01;31:*.lzma=01;31:*.tlz=01;31:*.txz=01;31:*.tzo=01;31:*.t7z=01;31:*.zip=01;31:*.z=01;31:*.dz=01;31:*.gz=01;31:*.lrz=01;31:*.lz=01;31:*.lzo=01;31:*.xz=01;31:*.zst=01;31:*.tzst=01;31:*.bz2=01;31:*.bz=01;31:*.tbz=01;31:*.tbz2=01;31:*.tz=01;31:*.deb=01;31:*.rpm=01;31:*.jar=01;31:*.war=01;31:*.ear=01;31:*.sar=01;31:*.rar=01;31:*.alz=01;31:*.ace=01;31:*.zoo=01;31:*.cpio=01;31:*.7z=01;31:*.rz=01;31:*.cab=01;31:*.wim=01;31:*.swm=01;31:*.dwm=01;31:*.esd=01;31:*.jpg=01;35:*.jpeg=01;35:*.mjpg=01;35:*.mjpeg=01;35:*.gif=01;35:*.bmp=01;35:*.pbm=01;35:*.pgm=01;35:*.ppm=01;35:*.tga=01;35:*.xbm=01;35:*.xpm=01;35:*.tif=01;35:*.tiff=01;35:*.png=01;35:*.svg=01;35:*.svgz=01;35:*.mng=01;35:*.pcx=01;35:*.mov=01;35:*.mpg=01;35:*.mpeg=01;35:*.m2v=01;35:*.mkv=01;35:*.webm=01;35:*.ogm=01;35:*.mp4=01;35:*.m4v=01;35:*.mp4v=01;35:*.vob=01;35:*.qt=01;35:*.nuv=01;35:*.wmv=01;35:*.asf=01;35:*.rm=01;35:*.rmvb=01;35:*.flc=01;35:*.avi=01;35:*.fli=01;35:*.flv=01;35:*.gl=01;35:*.dl=01;35:*.xcf=01;35:*.xwd=01;35:*.yuv=01;35:*.cgm=01;35:*.emf=01;35:*.ogv=01;35:*.ogx=01;35:*.aac=00;36:*.au=00;36:*.flac=00;36:*.m4a=00;36:*.mid=00;36:*.midi=00;36:*.mka=00;36:*.mp3=00;36:*.mpc=00;36:*.ogg=00;36:*.ra=00;36:*.wav=00;36:*.oga=00;36:*.opus=00;36:*.spx=00;36:*.xspf=00;36:', 'SUDO_COMMAND': '/usr/bin/colcon build', 'AMENT_PREFIX_PATH': '/home/nvidia/f1tenth_ws/install/teleop_tools_msgs', 'SHELL': '/bin/bash', 'SUDO_USER': 'nvidia', 'LC_ALL': 'en_US.UTF-8', 'PWD': '/home/nvidia/f1tenth_ws/build/joy_teleop', 'PYTHONPATH': '/home/nvidia/f1tenth_ws/build/joy_teleop/prefix_override:/usr/lib/python3/dist-packages/colcon_core/task/python/colcon_distutils_commands:/home/nvidia/f1tenth_ws/install/joy_teleop/lib/python3.8/site-packages:/home/nvidia/f1tenth_ws/install/teleop_tools_msgs/lib/python3.8/site-packages', 'COLCON': '1', 'CMAKE_PREFIX_PATH': '/home/nvidia/f1tenth_ws/install/teleop_tools_msgs'}, 'shell': False}
[11.241966] (-) TimerEvent: {}
[11.260757] (vesc_ackermann) JobProgress: {'identifier': 'vesc_ackermann', 'progress': 'install'}
[11.271290] (vesc_ackermann) Command: {'cmd': ['/usr/bin/cmake', '--install', '/home/nvidia/f1tenth_ws/build/vesc_ackermann'], 'cwd': '/home/nvidia/f1tenth_ws/build/vesc_ackermann', 'env': OrderedDict([('SUDO_GID', '1000'), ('MAIL', '/var/mail/root'), ('USER', 'root'), ('LD_LIBRARY_PATH', '/home/nvidia/f1tenth_ws/install/vesc_msgs/lib'), ('HOME', '/root'), ('SUDO_UID', '1000'), ('LOGNAME', 'root'), ('TERM', 'xterm-256color'), ('PATH', '/usr/local/sbin:/usr/local/bin:/usr/sbin:/usr/bin:/sbin:/bin:/snap/bin'), ('LANG', 'en_US.UTF-8'), ('LS_COLORS', 'rs=0:di=01;34:ln=01;36:mh=00:pi=40;33:so=01;35:do=01;35:bd=40;33;01:cd=40;33;01:or=40;31;01:mi=00:su=37;41:sg=30;43:ca=30;41:tw=30;42:ow=34;42:st=37;44:ex=01;32:*.tar=01;31:*.tgz=01;31:*.arc=01;31:*.arj=01;31:*.taz=01;31:*.lha=01;31:*.lz4=01;31:*.lzh=01;31:*.lzma=01;31:*.tlz=01;31:*.txz=01;31:*.tzo=01;31:*.t7z=01;31:*.zip=01;31:*.z=01;31:*.dz=01;31:*.gz=01;31:*.lrz=01;31:*.lz=01;31:*.lzo=01;31:*.xz=01;31:*.zst=01;31:*.tzst=01;31:*.bz2=01;31:*.bz=01;31:*.tbz=01;31:*.tbz2=01;31:*.tz=01;31:*.deb=01;31:*.rpm=01;31:*.jar=01;31:*.war=01;31:*.ear=01;31:*.sar=01;31:*.rar=01;31:*.alz=01;31:*.ace=01;31:*.zoo=01;31:*.cpio=01;31:*.7z=01;31:*.rz=01;31:*.cab=01;31:*.wim=01;31:*.swm=01;31:*.dwm=01;31:*.esd=01;31:*.jpg=01;35:*.jpeg=01;35:*.mjpg=01;35:*.mjpeg=01;35:*.gif=01;35:*.bmp=01;35:*.pbm=01;35:*.pgm=01;35:*.ppm=01;35:*.tga=01;35:*.xbm=01;35:*.xpm=01;35:*.tif=01;35:*.tiff=01;35:*.png=01;35:*.svg=01;35:*.svgz=01;35:*.mng=01;35:*.pcx=01;35:*.mov=01;35:*.mpg=01;35:*.mpeg=01;35:*.m2v=01;35:*.mkv=01;35:*.webm=01;35:*.ogm=01;35:*.mp4=01;35:*.m4v=01;35:*.mp4v=01;35:*.vob=01;35:*.qt=01;35:*.nuv=01;35:*.wmv=01;35:*.asf=01;35:*.rm=01;35:*.rmvb=01;35:*.flc=01;35:*.avi=01;35:*.fli=01;35:*.flv=01;35:*.gl=01;35:*.dl=01;35:*.xcf=01;35:*.xwd=01;35:*.yuv=01;35:*.cgm=01;35:*.emf=01;35:*.ogv=01;35:*.ogx=01;35:*.aac=00;36:*.au=00;36:*.flac=00;36:*.m4a=00;36:*.mid=00;36:*.midi=00;36:*.mka=00;36:*.mp3=00;36:*.mpc=00;36:*.ogg=00;36:*.ra=00;36:*.wav=00;36:*.oga=00;36:*.opus=00;36:*.spx=00;36:*.xspf=00;36:'), ('SUDO_COMMAND', '/usr/bin/colcon build'), ('AMENT_PREFIX_PATH', '/home/nvidia/f1tenth_ws/install/vesc_msgs'), ('SHELL', '/bin/bash'), ('SUDO_USER', 'nvidia'), ('LC_ALL', 'en_US.UTF-8'), ('PWD', '/home/nvidia/f1tenth_ws/build/vesc_ackermann'), ('PYTHONPATH', '/home/nvidia/f1tenth_ws/install/vesc_msgs/lib/python3.8/site-packages'), ('COLCON', '1'), ('CMAKE_PREFIX_PATH', '/home/nvidia/f1tenth_ws/install/vesc_msgs')]), 'shell': False}
[11.320058] (vesc_driver) JobProgress: {'identifier': 'vesc_driver', 'progress': 'install'}
[11.335413] (vesc_driver) Command: {'cmd': ['/usr/bin/cmake', '--install', '/home/nvidia/f1tenth_ws/build/vesc_driver'], 'cwd': '/home/nvidia/f1tenth_ws/build/vesc_driver', 'env': OrderedDict([('SUDO_GID', '1000'), ('MAIL', '/var/mail/root'), ('USER', 'root'), ('LD_LIBRARY_PATH', '/home/nvidia/f1tenth_ws/install/vesc_msgs/lib'), ('HOME', '/root'), ('SUDO_UID', '1000'), ('LOGNAME', 'root'), ('TERM', 'xterm-256color'), ('PATH', '/usr/local/sbin:/usr/local/bin:/usr/sbin:/usr/bin:/sbin:/bin:/snap/bin'), ('LANG', 'en_US.UTF-8'), ('LS_COLORS', 'rs=0:di=01;34:ln=01;36:mh=00:pi=40;33:so=01;35:do=01;35:bd=40;33;01:cd=40;33;01:or=40;31;01:mi=00:su=37;41:sg=30;43:ca=30;41:tw=30;42:ow=34;42:st=37;44:ex=01;32:*.tar=01;31:*.tgz=01;31:*.arc=01;31:*.arj=01;31:*.taz=01;31:*.lha=01;31:*.lz4=01;31:*.lzh=01;31:*.lzma=01;31:*.tlz=01;31:*.txz=01;31:*.tzo=01;31:*.t7z=01;31:*.zip=01;31:*.z=01;31:*.dz=01;31:*.gz=01;31:*.lrz=01;31:*.lz=01;31:*.lzo=01;31:*.xz=01;31:*.zst=01;31:*.tzst=01;31:*.bz2=01;31:*.bz=01;31:*.tbz=01;31:*.tbz2=01;31:*.tz=01;31:*.deb=01;31:*.rpm=01;31:*.jar=01;31:*.war=01;31:*.ear=01;31:*.sar=01;31:*.rar=01;31:*.alz=01;31:*.ace=01;31:*.zoo=01;31:*.cpio=01;31:*.7z=01;31:*.rz=01;31:*.cab=01;31:*.wim=01;31:*.swm=01;31:*.dwm=01;31:*.esd=01;31:*.jpg=01;35:*.jpeg=01;35:*.mjpg=01;35:*.mjpeg=01;35:*.gif=01;35:*.bmp=01;35:*.pbm=01;35:*.pgm=01;35:*.ppm=01;35:*.tga=01;35:*.xbm=01;35:*.xpm=01;35:*.tif=01;35:*.tiff=01;35:*.png=01;35:*.svg=01;35:*.svgz=01;35:*.mng=01;35:*.pcx=01;35:*.mov=01;35:*.mpg=01;35:*.mpeg=01;35:*.m2v=01;35:*.mkv=01;35:*.webm=01;35:*.ogm=01;35:*.mp4=01;35:*.m4v=01;35:*.mp4v=01;35:*.vob=01;35:*.qt=01;35:*.nuv=01;35:*.wmv=01;35:*.asf=01;35:*.rm=01;35:*.rmvb=01;35:*.flc=01;35:*.avi=01;35:*.fli=01;35:*.flv=01;35:*.gl=01;35:*.dl=01;35:*.xcf=01;35:*.xwd=01;35:*.yuv=01;35:*.cgm=01;35:*.emf=01;35:*.ogv=01;35:*.ogx=01;35:*.aac=00;36:*.au=00;36:*.flac=00;36:*.m4a=00;36:*.mid=00;36:*.midi=00;36:*.mka=00;36:*.mp3=00;36:*.mpc=00;36:*.ogg=00;36:*.ra=00;36:*.wav=00;36:*.oga=00;36:*.opus=00;36:*.spx=00;36:*.xspf=00;36:'), ('SUDO_COMMAND', '/usr/bin/colcon build'), ('AMENT_PREFIX_PATH', '/home/nvidia/f1tenth_ws/install/vesc_msgs'), ('SHELL', '/bin/bash'), ('SUDO_USER', 'nvidia'), ('LC_ALL', 'en_US.UTF-8'), ('PWD', '/home/nvidia/f1tenth_ws/build/vesc_driver'), ('PYTHONPATH', '/home/nvidia/f1tenth_ws/install/vesc_msgs/lib/python3.8/site-packages'), ('COLCON', '1'), ('CMAKE_PREFIX_PATH', '/home/nvidia/f1tenth_ws/install/vesc_msgs')]), 'shell': False}
[11.344622] (-) TimerEvent: {}
[11.352851] (vesc_ackermann) StdoutLine: {'line': b'-- Install configuration: ""\n'}
[11.356489] (vesc_ackermann) StdoutLine: {'line': b'-- Up-to-date: /home/nvidia/f1tenth_ws/install/vesc_ackermann/lib/vesc_ackermann/ackermann_to_vesc_node\n'}
[11.360142] (vesc_ackermann) StdoutLine: {'line': b'-- Up-to-date: /home/nvidia/f1tenth_ws/install/vesc_ackermann/lib/vesc_ackermann/vesc_to_odom_node\n'}
[11.363929] (vesc_ackermann) StdoutLine: {'line': b'-- Up-to-date: /home/nvidia/f1tenth_ws/install/vesc_ackermann/include\n'}
[11.365694] (vesc_ackermann) StdoutLine: {'line': b'-- Up-to-date: /home/nvidia/f1tenth_ws/install/vesc_ackermann/include/vesc_ackermann\n'}
[11.371099] (vesc_ackermann) StdoutLine: {'line': b'-- Up-to-date: /home/nvidia/f1tenth_ws/install/vesc_ackermann/include/vesc_ackermann/vesc_to_odom.hpp\n'}
[11.371787] (vesc_ackermann) StdoutLine: {'line': b'-- Up-to-date: /home/nvidia/f1tenth_ws/install/vesc_ackermann/include/vesc_ackermann/ackermann_to_vesc.hpp\n'}
[11.372254] (vesc_ackermann) StdoutLine: {'line': b'-- Up-to-date: /home/nvidia/f1tenth_ws/install/vesc_ackermann/share/vesc_ackermann/environment/library_path.sh\n'}
[11.372681] (vesc_ackermann) StdoutLine: {'line': b'-- Up-to-date: /home/nvidia/f1tenth_ws/install/vesc_ackermann/share/vesc_ackermann/environment/library_path.dsv\n'}
[11.375528] (vesc_ackermann) StdoutLine: {'line': b'-- Up-to-date: /home/nvidia/f1tenth_ws/install/vesc_ackermann/lib/libvesc_ackermann.so\n'}
[11.379585] (vesc_ackermann) StdoutLine: {'line': b'-- Up-to-date: /home/nvidia/f1tenth_ws/install/vesc_ackermann/share/vesc_ackermann/launch\n'}
[11.381503] (vesc_ackermann) StdoutLine: {'line': b'-- Up-to-date: /home/nvidia/f1tenth_ws/install/vesc_ackermann/share/vesc_ackermann/launch/ackermann_to_vesc_node.launch.xml\n'}
[11.383429] (vesc_ackermann) StdoutLine: {'line': b'-- Up-to-date: /home/nvidia/f1tenth_ws/install/vesc_ackermann/share/vesc_ackermann/launch/vesc_to_odom_node.launch.xml\n'}
[11.384979] (vesc_ackermann) StdoutLine: {'line': b'-- Up-to-date: /home/nvidia/f1tenth_ws/install/vesc_ackermann/share/ament_index/resource_index/package_run_dependencies/vesc_ackermann\n'}
[11.387603] (vesc_ackermann) StdoutLine: {'line': b'-- Up-to-date: /home/nvidia/f1tenth_ws/install/vesc_ackermann/share/ament_index/resource_index/parent_prefix_path/vesc_ackermann\n'}
[11.391075] (vesc_ackermann) StdoutLine: {'line': b'-- Up-to-date: /home/nvidia/f1tenth_ws/install/vesc_ackermann/share/vesc_ackermann/environment/ament_prefix_path.sh\n'}
[11.392506] (vesc_ackermann) StdoutLine: {'line': b'-- Up-to-date: /home/nvidia/f1tenth_ws/install/vesc_ackermann/share/vesc_ackermann/environment/ament_prefix_path.dsv\n'}
[11.393003] (vesc_ackermann) StdoutLine: {'line': b'-- Up-to-date: /home/nvidia/f1tenth_ws/install/vesc_ackermann/share/vesc_ackermann/environment/path.sh\n'}
[11.393453] (vesc_ackermann) StdoutLine: {'line': b'-- Up-to-date: /home/nvidia/f1tenth_ws/install/vesc_ackermann/share/vesc_ackermann/environment/path.dsv\n'}
[11.394979] (vesc_ackermann) StdoutLine: {'line': b'-- Up-to-date: /home/nvidia/f1tenth_ws/install/vesc_ackermann/share/vesc_ackermann/local_setup.bash\n'}
[11.395562] (vesc_ackermann) StdoutLine: {'line': b'-- Up-to-date: /home/nvidia/f1tenth_ws/install/vesc_ackermann/share/vesc_ackermann/local_setup.sh\n'}
[11.395993] (vesc_ackermann) StdoutLine: {'line': b'-- Up-to-date: /home/nvidia/f1tenth_ws/install/vesc_ackermann/share/vesc_ackermann/local_setup.zsh\n'}
[11.396670] (vesc_ackermann) StdoutLine: {'line': b'-- Up-to-date: /home/nvidia/f1tenth_ws/install/vesc_ackermann/share/vesc_ackermann/local_setup.dsv\n'}
[11.397419] (vesc_ackermann) StdoutLine: {'line': b'-- Installing: /home/nvidia/f1tenth_ws/install/vesc_ackermann/share/vesc_ackermann/package.dsv\n'}
[11.398136] (vesc_ackermann) StdoutLine: {'line': b'-- Up-to-date: /home/nvidia/f1tenth_ws/install/vesc_ackermann/share/ament_index/resource_index/packages/vesc_ackermann\n'}
[11.398894] (vesc_ackermann) StdoutLine: {'line': b'-- Up-to-date: /home/nvidia/f1tenth_ws/install/vesc_ackermann/share/ament_index/resource_index/rclcpp_components/vesc_ackermann\n'}
[11.399328] (vesc_ackermann) StdoutLine: {'line': b'-- Up-to-date: /home/nvidia/f1tenth_ws/install/vesc_ackermann/share/vesc_ackermann/cmake/ament_cmake_export_dependencies-extras.cmake\n'}
[11.407595] (vesc_ackermann) StdoutLine: {'line': b'-- Up-to-date: /home/nvidia/f1tenth_ws/install/vesc_ackermann/share/vesc_ackermann/cmake/ament_cmake_export_include_directories-extras.cmake\n'}
[11.409895] (vesc_driver) StdoutLine: {'line': b'-- Install configuration: ""\n'}
[11.410886] (vesc_ackermann) StdoutLine: {'line': b'-- Up-to-date: /home/nvidia/f1tenth_ws/install/vesc_ackermann/share/vesc_ackermann/cmake/ament_cmake_export_libraries-extras.cmake\n'}
[11.411519] (vesc_ackermann) StdoutLine: {'line': b'-- Up-to-date: /home/nvidia/f1tenth_ws/install/vesc_ackermann/share/vesc_ackermann/cmake/vesc_ackermannConfig.cmake\n'}
[11.413159] (vesc_ackermann) StdoutLine: {'line': b'-- Up-to-date: /home/nvidia/f1tenth_ws/install/vesc_ackermann/share/vesc_ackermann/cmake/vesc_ackermannConfig-version.cmake\n'}
[11.421001] (vesc_ackermann) StdoutLine: {'line': b'-- Up-to-date: /home/nvidia/f1tenth_ws/install/vesc_ackermann/share/vesc_ackermann/package.xml\n'}
[11.421597] (vesc_ackermann) CommandEnded: {'returncode': 0}
[11.435899] (vesc_driver) StdoutLine: {'line': b'-- Up-to-date: /home/nvidia/f1tenth_ws/install/vesc_driver/lib/vesc_driver/vesc_driver_node\n'}
[11.443647] (vesc_driver) StdoutLine: {'line': b'-- Up-to-date: /home/nvidia/f1tenth_ws/install/vesc_driver/include\n'}
[11.444799] (vesc_driver) StdoutLine: {'line': b'-- Up-to-date: /home/nvidia/f1tenth_ws/install/vesc_driver/include/vesc_driver\n'}
[11.446267] (-) TimerEvent: {}
[11.453649] (vesc_driver) StdoutLine: {'line': b'-- Up-to-date: /home/nvidia/f1tenth_ws/install/vesc_driver/include/vesc_driver/vesc_interface.hpp\n'}
[11.454652] (vesc_driver) StdoutLine: {'line': b'-- Up-to-date: /home/nvidia/f1tenth_ws/install/vesc_driver/include/vesc_driver/vesc_driver.hpp\n'}
[11.455135] (vesc_driver) StdoutLine: {'line': b'-- Up-to-date: /home/nvidia/f1tenth_ws/install/vesc_driver/include/vesc_driver/vesc_packet.hpp\n'}
[11.461415] (vesc_driver) StdoutLine: {'line': b'-- Up-to-date: /home/nvidia/f1tenth_ws/install/vesc_driver/include/vesc_driver/vesc_packet_factory.hpp\n'}
[11.462498] (vesc_driver) StdoutLine: {'line': b'-- Up-to-date: /home/nvidia/f1tenth_ws/install/vesc_driver/include/vesc_driver/datatypes.hpp\n'}
[11.463587] (vesc_driver) StdoutLine: {'line': b'-- Up-to-date: /home/nvidia/f1tenth_ws/install/vesc_driver/include/vesc_driver/crc.hpp\n'}
[11.468132] (vesc_driver) StdoutLine: {'line': b'-- Up-to-date: /home/nvidia/f1tenth_ws/install/vesc_driver/include/vesc_driver/vesc_device_uuid_lookup.hpp\n'}
[11.468600] (vesc_driver) StdoutLine: {'line': b'-- Up-to-date: /home/nvidia/f1tenth_ws/install/vesc_driver/share/vesc_driver/environment/library_path.sh\n'}
[11.469026] (vesc_driver) StdoutLine: {'line': b'-- Up-to-date: /home/nvidia/f1tenth_ws/install/vesc_driver/share/vesc_driver/environment/library_path.dsv\n'}
[11.469410] (vesc_driver) StdoutLine: {'line': b'-- Up-to-date: /home/nvidia/f1tenth_ws/install/vesc_driver/lib/libvesc_driver.so\n'}
[11.470469] (vesc_driver) StdoutLine: {'line': b'-- Up-to-date: /home/nvidia/f1tenth_ws/install/vesc_driver/lib/vesc_driver/vesc_device_namer\n'}
[11.470918] (vesc_driver) StdoutLine: {'line': b'-- Up-to-date: /home/nvidia/f1tenth_ws/install/vesc_driver/share/vesc_driver/launch\n'}
[11.472725] (vesc_driver) StdoutLine: {'line': b'-- Up-to-date: /home/nvidia/f1tenth_ws/install/vesc_driver/share/vesc_driver/launch/vesc_driver_node.launch.py\n'}
[11.474942] (vesc_driver) StdoutLine: {'line': b'-- Up-to-date: /home/nvidia/f1tenth_ws/install/vesc_driver/share/vesc_driver/params\n'}
[11.476321] (vesc_driver) StdoutLine: {'line': b'-- Up-to-date: /home/nvidia/f1tenth_ws/install/vesc_driver/share/vesc_driver/params/vesc_config.yaml\n'}
[11.477856] (vesc_driver) StdoutLine: {'line': b'-- Up-to-date: /home/nvidia/f1tenth_ws/install/vesc_driver/share/ament_index/resource_index/package_run_dependencies/vesc_driver\n'}
[11.487155] (vesc_driver) StdoutLine: {'line': b'-- Up-to-date: /home/nvidia/f1tenth_ws/install/vesc_driver/share/ament_index/resource_index/parent_prefix_path/vesc_driver\n'}
[11.487981] (vesc_driver) StdoutLine: {'line': b'-- Up-to-date: /home/nvidia/f1tenth_ws/install/vesc_driver/share/vesc_driver/environment/ament_prefix_path.sh\n'}
[11.488764] (vesc_driver) StdoutLine: {'line': b'-- Up-to-date: /home/nvidia/f1tenth_ws/install/vesc_driver/share/vesc_driver/environment/ament_prefix_path.dsv\n'}
[11.489824] (vesc_driver) StdoutLine: {'line': b'-- Up-to-date: /home/nvidia/f1tenth_ws/install/vesc_driver/share/vesc_driver/environment/path.sh\n'}
[11.496675] (vesc_driver) StdoutLine: {'line': b'-- Up-to-date: /home/nvidia/f1tenth_ws/install/vesc_driver/share/vesc_driver/environment/path.dsv\n'}
[11.497396] (vesc_driver) StdoutLine: {'line': b'-- Up-to-date: /home/nvidia/f1tenth_ws/install/vesc_driver/share/vesc_driver/local_setup.bash\n'}
[11.499790] (vesc_driver) StdoutLine: {'line': b'-- Up-to-date: /home/nvidia/f1tenth_ws/install/vesc_driver/share/vesc_driver/local_setup.sh\n'}
[11.500940] (vesc_driver) StdoutLine: {'line': b'-- Up-to-date: /home/nvidia/f1tenth_ws/install/vesc_driver/share/vesc_driver/local_setup.zsh\n'}
[11.501559] (vesc_driver) StdoutLine: {'line': b'-- Up-to-date: /home/nvidia/f1tenth_ws/install/vesc_driver/share/vesc_driver/local_setup.dsv\n'}
[11.503176] (vesc_driver) StdoutLine: {'line': b'-- Installing: /home/nvidia/f1tenth_ws/install/vesc_driver/share/vesc_driver/package.dsv\n'}
[11.507124] (vesc_driver) StdoutLine: {'line': b'-- Up-to-date: /home/nvidia/f1tenth_ws/install/vesc_driver/share/ament_index/resource_index/packages/vesc_driver\n'}
[11.508186] (vesc_driver) StdoutLine: {'line': b'-- Up-to-date: /home/nvidia/f1tenth_ws/install/vesc_driver/share/ament_index/resource_index/rclcpp_components/vesc_driver\n'}
[11.509749] (vesc_driver) StdoutLine: {'line': b'-- Up-to-date: /home/nvidia/f1tenth_ws/install/vesc_driver/share/vesc_driver/cmake/ament_cmake_export_dependencies-extras.cmake\n'}
[11.511413] (vesc_driver) StdoutLine: {'line': b'-- Up-to-date: /home/nvidia/f1tenth_ws/install/vesc_driver/share/vesc_driver/cmake/ament_cmake_export_include_directories-extras.cmake\n'}
[11.512197] (vesc_driver) StdoutLine: {'line': b'-- Up-to-date: /home/nvidia/f1tenth_ws/install/vesc_driver/share/vesc_driver/cmake/ament_cmake_export_libraries-extras.cmake\n'}
[11.516122] (vesc_driver) StdoutLine: {'line': b'-- Up-to-date: /home/nvidia/f1tenth_ws/install/vesc_driver/share/vesc_driver/cmake/vesc_driverConfig.cmake\n'}
[11.518765] (vesc_driver) StdoutLine: {'line': b'-- Up-to-date: /home/nvidia/f1tenth_ws/install/vesc_driver/share/vesc_driver/cmake/vesc_driverConfig-version.cmake\n'}
[11.521701] (vesc_driver) StdoutLine: {'line': b'-- Up-to-date: /home/nvidia/f1tenth_ws/install/vesc_driver/share/vesc_driver/package.xml\n'}
[11.553142] (-) TimerEvent: {}
[11.589085] (vesc_driver) CommandEnded: {'returncode': 0}
[11.714543] (-) TimerEvent: {}
[11.825503] (-) TimerEvent: {}
[11.912642] (vesc_ackermann) JobEnded: {'identifier': 'vesc_ackermann', 'rc': 0}
[11.925442] (-) TimerEvent: {}
[12.026601] (-) TimerEvent: {}
[12.110341] (vesc_driver) JobEnded: {'identifier': 'vesc_driver', 'rc': 0}
[12.127910] (-) TimerEvent: {}
[12.136612] (vesc) JobStarted: {'identifier': 'vesc'}
[12.205124] (vesc) JobProgress: {'identifier': 'vesc', 'progress': 'cmake'}
[12.215730] (vesc) JobProgress: {'identifier': 'vesc', 'progress': 'build'}
[12.225636] (vesc) Command: {'cmd': ['/usr/bin/cmake', '--build', '/home/nvidia/f1tenth_ws/build/vesc', '--', '-j6', '-l6'], 'cwd': '/home/nvidia/f1tenth_ws/build/vesc', 'env': OrderedDict([('SUDO_GID', '1000'), ('MAIL', '/var/mail/root'), ('USER', 'root'), ('LD_LIBRARY_PATH', '/home/nvidia/f1tenth_ws/install/vesc_driver/lib:/home/nvidia/f1tenth_ws/install/vesc_ackermann/lib:/home/nvidia/f1tenth_ws/install/vesc_msgs/lib'), ('HOME', '/root'), ('SUDO_UID', '1000'), ('LOGNAME', 'root'), ('TERM', 'xterm-256color'), ('PATH', '/usr/local/sbin:/usr/local/bin:/usr/sbin:/usr/bin:/sbin:/bin:/snap/bin'), ('LANG', 'en_US.UTF-8'), ('LS_COLORS', 'rs=0:di=01;34:ln=01;36:mh=00:pi=40;33:so=01;35:do=01;35:bd=40;33;01:cd=40;33;01:or=40;31;01:mi=00:su=37;41:sg=30;43:ca=30;41:tw=30;42:ow=34;42:st=37;44:ex=01;32:*.tar=01;31:*.tgz=01;31:*.arc=01;31:*.arj=01;31:*.taz=01;31:*.lha=01;31:*.lz4=01;31:*.lzh=01;31:*.lzma=01;31:*.tlz=01;31:*.txz=01;31:*.tzo=01;31:*.t7z=01;31:*.zip=01;31:*.z=01;31:*.dz=01;31:*.gz=01;31:*.lrz=01;31:*.lz=01;31:*.lzo=01;31:*.xz=01;31:*.zst=01;31:*.tzst=01;31:*.bz2=01;31:*.bz=01;31:*.tbz=01;31:*.tbz2=01;31:*.tz=01;31:*.deb=01;31:*.rpm=01;31:*.jar=01;31:*.war=01;31:*.ear=01;31:*.sar=01;31:*.rar=01;31:*.alz=01;31:*.ace=01;31:*.zoo=01;31:*.cpio=01;31:*.7z=01;31:*.rz=01;31:*.cab=01;31:*.wim=01;31:*.swm=01;31:*.dwm=01;31:*.esd=01;31:*.jpg=01;35:*.jpeg=01;35:*.mjpg=01;35:*.mjpeg=01;35:*.gif=01;35:*.bmp=01;35:*.pbm=01;35:*.pgm=01;35:*.ppm=01;35:*.tga=01;35:*.xbm=01;35:*.xpm=01;35:*.tif=01;35:*.tiff=01;35:*.png=01;35:*.svg=01;35:*.svgz=01;35:*.mng=01;35:*.pcx=01;35:*.mov=01;35:*.mpg=01;35:*.mpeg=01;35:*.m2v=01;35:*.mkv=01;35:*.webm=01;35:*.ogm=01;35:*.mp4=01;35:*.m4v=01;35:*.mp4v=01;35:*.vob=01;35:*.qt=01;35:*.nuv=01;35:*.wmv=01;35:*.asf=01;35:*.rm=01;35:*.rmvb=01;35:*.flc=01;35:*.avi=01;35:*.fli=01;35:*.flv=01;35:*.gl=01;35:*.dl=01;35:*.xcf=01;35:*.xwd=01;35:*.yuv=01;35:*.cgm=01;35:*.emf=01;35:*.ogv=01;35:*.ogx=01;35:*.aac=00;36:*.au=00;36:*.flac=00;36:*.m4a=00;36:*.mid=00;36:*.midi=00;36:*.mka=00;36:*.mp3=00;36:*.mpc=00;36:*.ogg=00;36:*.ra=00;36:*.wav=00;36:*.oga=00;36:*.opus=00;36:*.spx=00;36:*.xspf=00;36:'), ('SUDO_COMMAND', '/usr/bin/colcon build'), ('AMENT_PREFIX_PATH', '/home/nvidia/f1tenth_ws/install/vesc_driver:/home/nvidia/f1tenth_ws/install/vesc_ackermann:/home/nvidia/f1tenth_ws/install/vesc_msgs'), ('SHELL', '/bin/bash'), ('SUDO_USER', 'nvidia'), ('LC_ALL', 'en_US.UTF-8'), ('PWD', '/home/nvidia/f1tenth_ws/build/vesc'), ('PYTHONPATH', '/home/nvidia/f1tenth_ws/install/vesc_msgs/lib/python3.8/site-packages'), ('COLCON', '1'), ('CMAKE_PREFIX_PATH', '/home/nvidia/f1tenth_ws/install/vesc_driver:/home/nvidia/f1tenth_ws/install/vesc_ackermann:/home/nvidia/f1tenth_ws/install/vesc_msgs')]), 'shell': False}
[12.241016] (-) TimerEvent: {}
[12.347049] (-) TimerEvent: {}
[12.444962] (mouse_teleop) StdoutLine: {'line': b'running egg_info\n'}
[12.447318] (-) TimerEvent: {}
[12.448881] (mouse_teleop) StdoutLine: {'line': b'writing ../../../../build/mouse_teleop/mouse_teleop.egg-info/PKG-INFO\n'}
[12.450969] (mouse_teleop) StdoutLine: {'line': b'writing dependency_links to ../../../../build/mouse_teleop/mouse_teleop.egg-info/dependency_links.txt\n'}
[12.452351] (mouse_teleop) StdoutLine: {'line': b'writing entry points to ../../../../build/mouse_teleop/mouse_teleop.egg-info/entry_points.txt\n'}
[12.453170] (mouse_teleop) StdoutLine: {'line': b'writing requirements to ../../../../build/mouse_teleop/mouse_teleop.egg-info/requires.txt\n'}
[12.453979] (mouse_teleop) StdoutLine: {'line': b'writing top-level names to ../../../../build/mouse_teleop/mouse_teleop.egg-info/top_level.txt\n'}
[12.508055] (vesc) CommandEnded: {'returncode': 0}
[12.548098] (-) TimerEvent: {}
[12.613412] (joy_teleop) StdoutLine: {'line': b'running egg_info\n'}
[12.618607] (joy_teleop) StdoutLine: {'line': b'writing ../../../../build/joy_teleop/joy_teleop.egg-info/PKG-INFO\n'}
[12.620117] (joy_teleop) StdoutLine: {'line': b'writing dependency_links to ../../../../build/joy_teleop/joy_teleop.egg-info/dependency_links.txt\n'}
[12.621577] (joy_teleop) StdoutLine: {'line': b'writing entry points to ../../../../build/joy_teleop/joy_teleop.egg-info/entry_points.txt\n'}
[12.623760] (joy_teleop) StdoutLine: {'line': b'writing requirements to ../../../../build/joy_teleop/joy_teleop.egg-info/requires.txt\n'}
[12.626090] (joy_teleop) StdoutLine: {'line': b'writing top-level names to ../../../../build/joy_teleop/joy_teleop.egg-info/top_level.txt\n'}
[12.649298] (-) TimerEvent: {}
[12.663110] (vesc) JobProgress: {'identifier': 'vesc', 'progress': 'install'}
[12.667151] (vesc) Command: {'cmd': ['/usr/bin/cmake', '--install', '/home/nvidia/f1tenth_ws/build/vesc'], 'cwd': '/home/nvidia/f1tenth_ws/build/vesc', 'env': OrderedDict([('SUDO_GID', '1000'), ('MAIL', '/var/mail/root'), ('USER', 'root'), ('LD_LIBRARY_PATH', '/home/nvidia/f1tenth_ws/install/vesc_driver/lib:/home/nvidia/f1tenth_ws/install/vesc_ackermann/lib:/home/nvidia/f1tenth_ws/install/vesc_msgs/lib'), ('HOME', '/root'), ('SUDO_UID', '1000'), ('LOGNAME', 'root'), ('TERM', 'xterm-256color'), ('PATH', '/usr/local/sbin:/usr/local/bin:/usr/sbin:/usr/bin:/sbin:/bin:/snap/bin'), ('LANG', 'en_US.UTF-8'), ('LS_COLORS', 'rs=0:di=01;34:ln=01;36:mh=00:pi=40;33:so=01;35:do=01;35:bd=40;33;01:cd=40;33;01:or=40;31;01:mi=00:su=37;41:sg=30;43:ca=30;41:tw=30;42:ow=34;42:st=37;44:ex=01;32:*.tar=01;31:*.tgz=01;31:*.arc=01;31:*.arj=01;31:*.taz=01;31:*.lha=01;31:*.lz4=01;31:*.lzh=01;31:*.lzma=01;31:*.tlz=01;31:*.txz=01;31:*.tzo=01;31:*.t7z=01;31:*.zip=01;31:*.z=01;31:*.dz=01;31:*.gz=01;31:*.lrz=01;31:*.lz=01;31:*.lzo=01;31:*.xz=01;31:*.zst=01;31:*.tzst=01;31:*.bz2=01;31:*.bz=01;31:*.tbz=01;31:*.tbz2=01;31:*.tz=01;31:*.deb=01;31:*.rpm=01;31:*.jar=01;31:*.war=01;31:*.ear=01;31:*.sar=01;31:*.rar=01;31:*.alz=01;31:*.ace=01;31:*.zoo=01;31:*.cpio=01;31:*.7z=01;31:*.rz=01;31:*.cab=01;31:*.wim=01;31:*.swm=01;31:*.dwm=01;31:*.esd=01;31:*.jpg=01;35:*.jpeg=01;35:*.mjpg=01;35:*.mjpeg=01;35:*.gif=01;35:*.bmp=01;35:*.pbm=01;35:*.pgm=01;35:*.ppm=01;35:*.tga=01;35:*.xbm=01;35:*.xpm=01;35:*.tif=01;35:*.tiff=01;35:*.png=01;35:*.svg=01;35:*.svgz=01;35:*.mng=01;35:*.pcx=01;35:*.mov=01;35:*.mpg=01;35:*.mpeg=01;35:*.m2v=01;35:*.mkv=01;35:*.webm=01;35:*.ogm=01;35:*.mp4=01;35:*.m4v=01;35:*.mp4v=01;35:*.vob=01;35:*.qt=01;35:*.nuv=01;35:*.wmv=01;35:*.asf=01;35:*.rm=01;35:*.rmvb=01;35:*.flc=01;35:*.avi=01;35:*.fli=01;35:*.flv=01;35:*.gl=01;35:*.dl=01;35:*.xcf=01;35:*.xwd=01;35:*.yuv=01;35:*.cgm=01;35:*.emf=01;35:*.ogv=01;35:*.ogx=01;35:*.aac=00;36:*.au=00;36:*.flac=00;36:*.m4a=00;36:*.mid=00;36:*.midi=00;36:*.mka=00;36:*.mp3=00;36:*.mpc=00;36:*.ogg=00;36:*.ra=00;36:*.wav=00;36:*.oga=00;36:*.opus=00;36:*.spx=00;36:*.xspf=00;36:'), ('SUDO_COMMAND', '/usr/bin/colcon build'), ('AMENT_PREFIX_PATH', '/home/nvidia/f1tenth_ws/install/vesc_driver:/home/nvidia/f1tenth_ws/install/vesc_ackermann:/home/nvidia/f1tenth_ws/install/vesc_msgs'), ('SHELL', '/bin/bash'), ('SUDO_USER', 'nvidia'), ('LC_ALL', 'en_US.UTF-8'), ('PWD', '/home/nvidia/f1tenth_ws/build/vesc'), ('PYTHONPATH', '/home/nvidia/f1tenth_ws/install/vesc_msgs/lib/python3.8/site-packages'), ('COLCON', '1'), ('CMAKE_PREFIX_PATH', '/home/nvidia/f1tenth_ws/install/vesc_driver:/home/nvidia/f1tenth_ws/install/vesc_ackermann:/home/nvidia/f1tenth_ws/install/vesc_msgs')]), 'shell': False}
[12.678488] (mouse_teleop) StdoutLine: {'line': b"reading manifest file '../../../../build/mouse_teleop/mouse_teleop.egg-info/SOURCES.txt'\n"}
[12.679407] (mouse_teleop) StdoutLine: {'line': b"writing manifest file '../../../../build/mouse_teleop/mouse_teleop.egg-info/SOURCES.txt'\n"}
[12.679943] (mouse_teleop) StdoutLine: {'line': b'running build\n'}
[12.680429] (mouse_teleop) StdoutLine: {'line': b'running build_py\n'}
[12.680878] (mouse_teleop) StdoutLine: {'line': b'running install\n'}
[12.686249] (mouse_teleop) StdoutLine: {'line': b'running install_lib\n'}
[12.692791] (mouse_teleop) StdoutLine: {'line': b'running install_data\n'}
[12.694036] (mouse_teleop) StdoutLine: {'line': b'running install_egg_info\n'}
[12.701088] (mouse_teleop) StdoutLine: {'line': b"removing '/home/nvidia/f1tenth_ws/install/mouse_teleop/lib/python3.8/site-packages/mouse_teleop-0.3.0-py3.8.egg-info' (and everything under it)\n"}
[12.703705] (mouse_teleop) StdoutLine: {'line': b'Copying ../../../../build/mouse_teleop/mouse_teleop.egg-info to /home/nvidia/f1tenth_ws/install/mouse_teleop/lib/python3.8/site-packages/mouse_teleop-0.3.0-py3.8.egg-info\n'}
[12.712951] (mouse_teleop) StdoutLine: {'line': b'running install_scripts\n'}
[12.723532] (vesc) StdoutLine: {'line': b'-- Install configuration: ""\n'}
[12.726106] (vesc) StdoutLine: {'line': b'-- Up-to-date: /home/nvidia/f1tenth_ws/install/vesc/share/ament_index/resource_index/package_run_dependencies/vesc\n'}
[12.727985] (vesc) StdoutLine: {'line': b'-- Up-to-date: /home/nvidia/f1tenth_ws/install/vesc/share/ament_index/resource_index/parent_prefix_path/vesc\n'}
[12.728783] (vesc) StdoutLine: {'line': b'-- Up-to-date: /home/nvidia/f1tenth_ws/install/vesc/share/vesc/environment/ament_prefix_path.sh\n'}
[12.729527] (vesc) StdoutLine: {'line': b'-- Up-to-date: /home/nvidia/f1tenth_ws/install/vesc/share/vesc/environment/ament_prefix_path.dsv\n'}
[12.731994] (vesc) StdoutLine: {'line': b'-- Up-to-date: /home/nvidia/f1tenth_ws/install/vesc/share/vesc/environment/path.sh\n'}
[12.732931] (vesc) StdoutLine: {'line': b'-- Up-to-date: /home/nvidia/f1tenth_ws/install/vesc/share/vesc/environment/path.dsv\n'}
[12.733765] (vesc) StdoutLine: {'line': b'-- Up-to-date: /home/nvidia/f1tenth_ws/install/vesc/share/vesc/local_setup.bash\n'}
[12.734270] (vesc) StdoutLine: {'line': b'-- Up-to-date: /home/nvidia/f1tenth_ws/install/vesc/share/vesc/local_setup.sh\n'}
[12.734733] (vesc) StdoutLine: {'line': b'-- Up-to-date: /home/nvidia/f1tenth_ws/install/vesc/share/vesc/local_setup.zsh\n'}
[12.735137] (vesc) StdoutLine: {'line': b'-- Up-to-date: /home/nvidia/f1tenth_ws/install/vesc/share/vesc/local_setup.dsv\n'}
[12.735544] (vesc) StdoutLine: {'line': b'-- Installing: /home/nvidia/f1tenth_ws/install/vesc/share/vesc/package.dsv\n'}
[12.736812] (vesc) StdoutLine: {'line': b'-- Up-to-date: /home/nvidia/f1tenth_ws/install/vesc/share/ament_index/resource_index/packages/vesc\n'}
[12.738540] (vesc) StdoutLine: {'line': b'-- Up-to-date: /home/nvidia/f1tenth_ws/install/vesc/share/vesc/cmake/vescConfig.cmake\n'}
[12.739024] (vesc) StdoutLine: {'line': b'-- Up-to-date: /home/nvidia/f1tenth_ws/install/vesc/share/vesc/cmake/vescConfig-version.cmake\n'}
[12.739454] (vesc) StdoutLine: {'line': b'-- Up-to-date: /home/nvidia/f1tenth_ws/install/vesc/share/vesc/package.xml\n'}
[12.760708] (vesc) CommandEnded: {'returncode': 0}
[12.762010] (-) TimerEvent: {}
[12.811720] (mouse_teleop) StdoutLine: {'line': b'Installing mouse_teleop script to /home/nvidia/f1tenth_ws/install/mouse_teleop/lib/mouse_teleop\n'}
[12.815899] (mouse_teleop) StdoutLine: {'line': b"writing list of installed files to '/home/nvidia/f1tenth_ws/build/mouse_teleop/install.log'\n"}
[12.849504] (joy_teleop) StdoutLine: {'line': b"reading manifest file '../../../../build/joy_teleop/joy_teleop.egg-info/SOURCES.txt'\n"}
[12.858055] (joy_teleop) StdoutLine: {'line': b"writing manifest file '../../../../build/joy_teleop/joy_teleop.egg-info/SOURCES.txt'\n"}
[12.859228] (joy_teleop) StdoutLine: {'line': b'running build\n'}
[12.860098] (joy_teleop) StdoutLine: {'line': b'running build_py\n'}
[12.862425] (-) TimerEvent: {}
[12.863945] (joy_teleop) StdoutLine: {'line': b'running install\n'}
[12.870059] (joy_teleop) StdoutLine: {'line': b'running install_lib\n'}
[12.879759] (joy_teleop) StdoutLine: {'line': b'running install_data\n'}
[12.881385] (joy_teleop) StdoutLine: {'line': b'running install_egg_info\n'}
[12.893177] (joy_teleop) StdoutLine: {'line': b"removing '/home/nvidia/f1tenth_ws/install/joy_teleop/lib/python3.8/site-packages/joy_teleop-0.3.0-py3.8.egg-info' (and everything under it)\n"}
[12.896146] (joy_teleop) StdoutLine: {'line': b'Copying ../../../../build/joy_teleop/joy_teleop.egg-info to /home/nvidia/f1tenth_ws/install/joy_teleop/lib/python3.8/site-packages/joy_teleop-0.3.0-py3.8.egg-info\n'}
[12.904491] (joy_teleop) StdoutLine: {'line': b'running install_scripts\n'}
[12.946024] (mouse_teleop) CommandEnded: {'returncode': 0}
[12.964025] (-) TimerEvent: {}
[13.000080] (mouse_teleop) JobEnded: {'identifier': 'mouse_teleop', 'rc': 0}
[13.003265] (joy_teleop) StdoutLine: {'line': b'Installing incrementer_server script to /home/nvidia/f1tenth_ws/install/joy_teleop/lib/joy_teleop\n'}
[13.005177] (joy_teleop) StdoutLine: {'line': b'Installing joy_teleop script to /home/nvidia/f1tenth_ws/install/joy_teleop/lib/joy_teleop\n'}
[13.008484] (joy_teleop) StdoutLine: {'line': b"writing list of installed files to '/home/nvidia/f1tenth_ws/build/joy_teleop/install.log'\n"}
[13.059658] (vesc) JobEnded: {'identifier': 'vesc', 'rc': 0}
[13.064704] (-) TimerEvent: {}
[13.127623] (joy_teleop) CommandEnded: {'returncode': 0}
[13.167229] (joy_teleop) JobEnded: {'identifier': 'joy_teleop', 'rc': 0}
[13.174015] (-) TimerEvent: {}
[13.175685] (teleop_tools) JobStarted: {'identifier': 'teleop_tools'}
[13.193710] (f1tenth_stack) JobStarted: {'identifier': 'f1tenth_stack'}
[13.256053] (teleop_tools) JobProgress: {'identifier': 'teleop_tools', 'progress': 'cmake'}
[13.263038] (teleop_tools) JobProgress: {'identifier': 'teleop_tools', 'progress': 'build'}
[13.272440] (teleop_tools) Command: {'cmd': ['/usr/bin/cmake', '--build', '/home/nvidia/f1tenth_ws/build/teleop_tools', '--', '-j6', '-l6'], 'cwd': '/home/nvidia/f1tenth_ws/build/teleop_tools', 'env': OrderedDict([('SUDO_GID', '1000'), ('MAIL', '/var/mail/root'), ('USER', 'root'), ('LD_LIBRARY_PATH', '/home/nvidia/f1tenth_ws/install/teleop_tools_msgs/lib'), ('HOME', '/root'), ('SUDO_UID', '1000'), ('LOGNAME', 'root'), ('TERM', 'xterm-256color'), ('PATH', '/usr/local/sbin:/usr/local/bin:/usr/sbin:/usr/bin:/sbin:/bin:/snap/bin'), ('LANG', 'en_US.UTF-8'), ('LS_COLORS', 'rs=0:di=01;34:ln=01;36:mh=00:pi=40;33:so=01;35:do=01;35:bd=40;33;01:cd=40;33;01:or=40;31;01:mi=00:su=37;41:sg=30;43:ca=30;41:tw=30;42:ow=34;42:st=37;44:ex=01;32:*.tar=01;31:*.tgz=01;31:*.arc=01;31:*.arj=01;31:*.taz=01;31:*.lha=01;31:*.lz4=01;31:*.lzh=01;31:*.lzma=01;31:*.tlz=01;31:*.txz=01;31:*.tzo=01;31:*.t7z=01;31:*.zip=01;31:*.z=01;31:*.dz=01;31:*.gz=01;31:*.lrz=01;31:*.lz=01;31:*.lzo=01;31:*.xz=01;31:*.zst=01;31:*.tzst=01;31:*.bz2=01;31:*.bz=01;31:*.tbz=01;31:*.tbz2=01;31:*.tz=01;31:*.deb=01;31:*.rpm=01;31:*.jar=01;31:*.war=01;31:*.ear=01;31:*.sar=01;31:*.rar=01;31:*.alz=01;31:*.ace=01;31:*.zoo=01;31:*.cpio=01;31:*.7z=01;31:*.rz=01;31:*.cab=01;31:*.wim=01;31:*.swm=01;31:*.dwm=01;31:*.esd=01;31:*.jpg=01;35:*.jpeg=01;35:*.mjpg=01;35:*.mjpeg=01;35:*.gif=01;35:*.bmp=01;35:*.pbm=01;35:*.pgm=01;35:*.ppm=01;35:*.tga=01;35:*.xbm=01;35:*.xpm=01;35:*.tif=01;35:*.tiff=01;35:*.png=01;35:*.svg=01;35:*.svgz=01;35:*.mng=01;35:*.pcx=01;35:*.mov=01;35:*.mpg=01;35:*.mpeg=01;35:*.m2v=01;35:*.mkv=01;35:*.webm=01;35:*.ogm=01;35:*.mp4=01;35:*.m4v=01;35:*.mp4v=01;35:*.vob=01;35:*.qt=01;35:*.nuv=01;35:*.wmv=01;35:*.asf=01;35:*.rm=01;35:*.rmvb=01;35:*.flc=01;35:*.avi=01;35:*.fli=01;35:*.flv=01;35:*.gl=01;35:*.dl=01;35:*.xcf=01;35:*.xwd=01;35:*.yuv=01;35:*.cgm=01;35:*.emf=01;35:*.ogv=01;35:*.ogx=01;35:*.aac=00;36:*.au=00;36:*.flac=00;36:*.m4a=00;36:*.mid=00;36:*.midi=00;36:*.mka=00;36:*.mp3=00;36:*.mpc=00;36:*.ogg=00;36:*.ra=00;36:*.wav=00;36:*.oga=00;36:*.opus=00;36:*.spx=00;36:*.xspf=00;36:'), ('SUDO_COMMAND', '/usr/bin/colcon build'), ('AMENT_PREFIX_PATH', '/home/nvidia/f1tenth_ws/install/joy_teleop:/home/nvidia/f1tenth_ws/install/teleop_tools_msgs:/home/nvidia/f1tenth_ws/install/key_teleop'), ('SHELL', '/bin/bash'), ('SUDO_USER', 'nvidia'), ('LC_ALL', 'en_US.UTF-8'), ('PWD', '/home/nvidia/f1tenth_ws/build/teleop_tools'), ('PYTHONPATH', '/home/nvidia/f1tenth_ws/install/joy_teleop/lib/python3.8/site-packages:/home/nvidia/f1tenth_ws/install/teleop_tools_msgs/lib/python3.8/site-packages:/home/nvidia/f1tenth_ws/install/key_teleop/lib/python3.8/site-packages'), ('COLCON', '1'), ('CMAKE_PREFIX_PATH', '/home/nvidia/f1tenth_ws/install/teleop_tools_msgs')]), 'shell': False}
[13.292182] (-) TimerEvent: {}
[13.394687] (-) TimerEvent: {}
[13.497351] (-) TimerEvent: {}
[13.598466] (-) TimerEvent: {}
[13.699478] (-) TimerEvent: {}
[13.800502] (-) TimerEvent: {}
[13.901545] (-) TimerEvent: {}
[14.002572] (-) TimerEvent: {}
[14.103608] (-) TimerEvent: {}
[14.204618] (-) TimerEvent: {}
[14.305644] (-) TimerEvent: {}
[14.406740] (-) TimerEvent: {}
[14.471833] (teleop_tools) CommandEnded: {'returncode': 0}
[14.503542] (new_map_saver) Command: {'cmd': ['/usr/bin/python3', '-W', 'ignore:setup.py install is deprecated', 'setup.py', 'egg_info', '--egg-base', '../../build/new_map_saver', 'build', '--build-base', '/home/nvidia/f1tenth_ws/build/new_map_saver/build', 'install', '--record', '/home/nvidia/f1tenth_ws/build/new_map_saver/install.log', '--install-scripts', '$base/lib/new_map_saver', '--single-version-externally-managed', 'install_data'], 'cwd': '/home/nvidia/f1tenth_ws/src/new_map_saver', 'env': {'SUDO_GID': '1000', 'MAIL': '/var/mail/root', 'USER': 'root', 'HOME': '/root', 'SUDO_UID': '1000', 'LOGNAME': 'root', 'TERM': 'xterm-256color', 'PATH': '/usr/local/sbin:/usr/local/bin:/usr/sbin:/usr/bin:/sbin:/bin:/snap/bin', 'LANG': 'en_US.UTF-8', 'LS_COLORS': 'rs=0:di=01;34:ln=01;36:mh=00:pi=40;33:so=01;35:do=01;35:bd=40;33;01:cd=40;33;01:or=40;31;01:mi=00:su=37;41:sg=30;43:ca=30;41:tw=30;42:ow=34;42:st=37;44:ex=01;32:*.tar=01;31:*.tgz=01;31:*.arc=01;31:*.arj=01;31:*.taz=01;31:*.lha=01;31:*.lz4=01;31:*.lzh=01;31:*.lzma=01;31:*.tlz=01;31:*.txz=01;31:*.tzo=01;31:*.t7z=01;31:*.zip=01;31:*.z=01;31:*.dz=01;31:*.gz=01;31:*.lrz=01;31:*.lz=01;31:*.lzo=01;31:*.xz=01;31:*.zst=01;31:*.tzst=01;31:*.bz2=01;31:*.bz=01;31:*.tbz=01;31:*.tbz2=01;31:*.tz=01;31:*.deb=01;31:*.rpm=01;31:*.jar=01;31:*.war=01;31:*.ear=01;31:*.sar=01;31:*.rar=01;31:*.alz=01;31:*.ace=01;31:*.zoo=01;31:*.cpio=01;31:*.7z=01;31:*.rz=01;31:*.cab=01;31:*.wim=01;31:*.swm=01;31:*.dwm=01;31:*.esd=01;31:*.jpg=01;35:*.jpeg=01;35:*.mjpg=01;35:*.mjpeg=01;35:*.gif=01;35:*.bmp=01;35:*.pbm=01;35:*.pgm=01;35:*.ppm=01;35:*.tga=01;35:*.xbm=01;35:*.xpm=01;35:*.tif=01;35:*.tiff=01;35:*.png=01;35:*.svg=01;35:*.svgz=01;35:*.mng=01;35:*.pcx=01;35:*.mov=01;35:*.mpg=01;35:*.mpeg=01;35:*.m2v=01;35:*.mkv=01;35:*.webm=01;35:*.ogm=01;35:*.mp4=01;35:*.m4v=01;35:*.mp4v=01;35:*.vob=01;35:*.qt=01;35:*.nuv=01;35:*.wmv=01;35:*.asf=01;35:*.rm=01;35:*.rmvb=01;35:*.flc=01;35:*.avi=01;35:*.fli=01;35:*.flv=01;35:*.gl=01;35:*.dl=01;35:*.xcf=01;35:*.xwd=01;35:*.yuv=01;35:*.cgm=01;35:*.emf=01;35:*.ogv=01;35:*.ogx=01;35:*.aac=00;36:*.au=00;36:*.flac=00;36:*.m4a=00;36:*.mid=00;36:*.midi=00;36:*.mka=00;36:*.mp3=00;36:*.mpc=00;36:*.ogg=00;36:*.ra=00;36:*.wav=00;36:*.oga=00;36:*.opus=00;36:*.spx=00;36:*.xspf=00;36:', 'SUDO_COMMAND': '/usr/bin/colcon build', 'SHELL': '/bin/bash', 'SUDO_USER': 'nvidia', 'LC_ALL': 'en_US.UTF-8', 'PWD': '/home/nvidia/f1tenth_ws/build/new_map_saver', 'COLCON': '1', 'PYTHONPATH': '/home/nvidia/f1tenth_ws/build/new_map_saver/prefix_override:/usr/lib/python3/dist-packages/colcon_core/task/python/colcon_distutils_commands:/home/nvidia/f1tenth_ws/install/new_map_saver/lib/python3.8/site-packages:'}, 'shell': False}
[14.530740] (-) TimerEvent: {}
[14.554441] (phasespace) Command: {'cmd': ['/usr/bin/python3', '-W', 'ignore:setup.py install is deprecated', 'setup.py', 'egg_info', '--egg-base', '../../build/phasespace', 'build', '--build-base', '/home/nvidia/f1tenth_ws/build/phasespace/build', 'install', '--record', '/home/nvidia/f1tenth_ws/build/phasespace/install.log', '--install-scripts', '$base/lib/phasespace', '--single-version-externally-managed', 'install_data'], 'cwd': '/home/nvidia/f1tenth_ws/src/phasespace', 'env': {'SUDO_GID': '1000', 'MAIL': '/var/mail/root', 'USER': 'root', 'HOME': '/root', 'SUDO_UID': '1000', 'LOGNAME': 'root', 'TERM': 'xterm-256color', 'PATH': '/usr/local/sbin:/usr/local/bin:/usr/sbin:/usr/bin:/sbin:/bin:/snap/bin', 'LANG': 'en_US.UTF-8', 'LS_COLORS': 'rs=0:di=01;34:ln=01;36:mh=00:pi=40;33:so=01;35:do=01;35:bd=40;33;01:cd=40;33;01:or=40;31;01:mi=00:su=37;41:sg=30;43:ca=30;41:tw=30;42:ow=34;42:st=37;44:ex=01;32:*.tar=01;31:*.tgz=01;31:*.arc=01;31:*.arj=01;31:*.taz=01;31:*.lha=01;31:*.lz4=01;31:*.lzh=01;31:*.lzma=01;31:*.tlz=01;31:*.txz=01;31:*.tzo=01;31:*.t7z=01;31:*.zip=01;31:*.z=01;31:*.dz=01;31:*.gz=01;31:*.lrz=01;31:*.lz=01;31:*.lzo=01;31:*.xz=01;31:*.zst=01;31:*.tzst=01;31:*.bz2=01;31:*.bz=01;31:*.tbz=01;31:*.tbz2=01;31:*.tz=01;31:*.deb=01;31:*.rpm=01;31:*.jar=01;31:*.war=01;31:*.ear=01;31:*.sar=01;31:*.rar=01;31:*.alz=01;31:*.ace=01;31:*.zoo=01;31:*.cpio=01;31:*.7z=01;31:*.rz=01;31:*.cab=01;31:*.wim=01;31:*.swm=01;31:*.dwm=01;31:*.esd=01;31:*.jpg=01;35:*.jpeg=01;35:*.mjpg=01;35:*.mjpeg=01;35:*.gif=01;35:*.bmp=01;35:*.pbm=01;35:*.pgm=01;35:*.ppm=01;35:*.tga=01;35:*.xbm=01;35:*.xpm=01;35:*.tif=01;35:*.tiff=01;35:*.png=01;35:*.svg=01;35:*.svgz=01;35:*.mng=01;35:*.pcx=01;35:*.mov=01;35:*.mpg=01;35:*.mpeg=01;35:*.m2v=01;35:*.mkv=01;35:*.webm=01;35:*.ogm=01;35:*.mp4=01;35:*.m4v=01;35:*.mp4v=01;35:*.vob=01;35:*.qt=01;35:*.nuv=01;35:*.wmv=01;35:*.asf=01;35:*.rm=01;35:*.rmvb=01;35:*.flc=01;35:*.avi=01;35:*.fli=01;35:*.flv=01;35:*.gl=01;35:*.dl=01;35:*.xcf=01;35:*.xwd=01;35:*.yuv=01;35:*.cgm=01;35:*.emf=01;35:*.ogv=01;35:*.ogx=01;35:*.aac=00;36:*.au=00;36:*.flac=00;36:*.m4a=00;36:*.mid=00;36:*.midi=00;36:*.mka=00;36:*.mp3=00;36:*.mpc=00;36:*.ogg=00;36:*.ra=00;36:*.wav=00;36:*.oga=00;36:*.opus=00;36:*.spx=00;36:*.xspf=00;36:', 'SUDO_COMMAND': '/usr/bin/colcon build', 'SHELL': '/bin/bash', 'SUDO_USER': 'nvidia', 'LC_ALL': 'en_US.UTF-8', 'PWD': '/home/nvidia/f1tenth_ws/build/phasespace', 'COLCON': '1', 'PYTHONPATH': '/home/nvidia/f1tenth_ws/build/phasespace/prefix_override:/usr/lib/python3/dist-packages/colcon_core/task/python/colcon_distutils_commands:/home/nvidia/f1tenth_ws/install/phasespace/lib/python3.8/site-packages:'}, 'shell': False}
[14.619250] (teleop_tools) JobProgress: {'identifier': 'teleop_tools', 'progress': 'install'}
[14.629801] (teleop_tools) Command: {'cmd': ['/usr/bin/cmake', '--install', '/home/nvidia/f1tenth_ws/build/teleop_tools'], 'cwd': '/home/nvidia/f1tenth_ws/build/teleop_tools', 'env': OrderedDict([('SUDO_GID', '1000'), ('MAIL', '/var/mail/root'), ('USER', 'root'), ('LD_LIBRARY_PATH', '/home/nvidia/f1tenth_ws/install/teleop_tools_msgs/lib'), ('HOME', '/root'), ('SUDO_UID', '1000'), ('LOGNAME', 'root'), ('TERM', 'xterm-256color'), ('PATH', '/usr/local/sbin:/usr/local/bin:/usr/sbin:/usr/bin:/sbin:/bin:/snap/bin'), ('LANG', 'en_US.UTF-8'), ('LS_COLORS', 'rs=0:di=01;34:ln=01;36:mh=00:pi=40;33:so=01;35:do=01;35:bd=40;33;01:cd=40;33;01:or=40;31;01:mi=00:su=37;41:sg=30;43:ca=30;41:tw=30;42:ow=34;42:st=37;44:ex=01;32:*.tar=01;31:*.tgz=01;31:*.arc=01;31:*.arj=01;31:*.taz=01;31:*.lha=01;31:*.lz4=01;31:*.lzh=01;31:*.lzma=01;31:*.tlz=01;31:*.txz=01;31:*.tzo=01;31:*.t7z=01;31:*.zip=01;31:*.z=01;31:*.dz=01;31:*.gz=01;31:*.lrz=01;31:*.lz=01;31:*.lzo=01;31:*.xz=01;31:*.zst=01;31:*.tzst=01;31:*.bz2=01;31:*.bz=01;31:*.tbz=01;31:*.tbz2=01;31:*.tz=01;31:*.deb=01;31:*.rpm=01;31:*.jar=01;31:*.war=01;31:*.ear=01;31:*.sar=01;31:*.rar=01;31:*.alz=01;31:*.ace=01;31:*.zoo=01;31:*.cpio=01;31:*.7z=01;31:*.rz=01;31:*.cab=01;31:*.wim=01;31:*.swm=01;31:*.dwm=01;31:*.esd=01;31:*.jpg=01;35:*.jpeg=01;35:*.mjpg=01;35:*.mjpeg=01;35:*.gif=01;35:*.bmp=01;35:*.pbm=01;35:*.pgm=01;35:*.ppm=01;35:*.tga=01;35:*.xbm=01;35:*.xpm=01;35:*.tif=01;35:*.tiff=01;35:*.png=01;35:*.svg=01;35:*.svgz=01;35:*.mng=01;35:*.pcx=01;35:*.mov=01;35:*.mpg=01;35:*.mpeg=01;35:*.m2v=01;35:*.mkv=01;35:*.webm=01;35:*.ogm=01;35:*.mp4=01;35:*.m4v=01;35:*.mp4v=01;35:*.vob=01;35:*.qt=01;35:*.nuv=01;35:*.wmv=01;35:*.asf=01;35:*.rm=01;35:*.rmvb=01;35:*.flc=01;35:*.avi=01;35:*.fli=01;35:*.flv=01;35:*.gl=01;35:*.dl=01;35:*.xcf=01;35:*.xwd=01;35:*.yuv=01;35:*.cgm=01;35:*.emf=01;35:*.ogv=01;35:*.ogx=01;35:*.aac=00;36:*.au=00;36:*.flac=00;36:*.m4a=00;36:*.mid=00;36:*.midi=00;36:*.mka=00;36:*.mp3=00;36:*.mpc=00;36:*.ogg=00;36:*.ra=00;36:*.wav=00;36:*.oga=00;36:*.opus=00;36:*.spx=00;36:*.xspf=00;36:'), ('SUDO_COMMAND', '/usr/bin/colcon build'), ('AMENT_PREFIX_PATH', '/home/nvidia/f1tenth_ws/install/joy_teleop:/home/nvidia/f1tenth_ws/install/teleop_tools_msgs:/home/nvidia/f1tenth_ws/install/key_teleop'), ('SHELL', '/bin/bash'), ('SUDO_USER', 'nvidia'), ('LC_ALL', 'en_US.UTF-8'), ('PWD', '/home/nvidia/f1tenth_ws/build/teleop_tools'), ('PYTHONPATH', '/home/nvidia/f1tenth_ws/install/joy_teleop/lib/python3.8/site-packages:/home/nvidia/f1tenth_ws/install/teleop_tools_msgs/lib/python3.8/site-packages:/home/nvidia/f1tenth_ws/install/key_teleop/lib/python3.8/site-packages'), ('COLCON', '1'), ('CMAKE_PREFIX_PATH', '/home/nvidia/f1tenth_ws/install/teleop_tools_msgs')]), 'shell': False}
[14.642556] (-) TimerEvent: {}
[14.676703] (teleop_tools) StdoutLine: {'line': b'-- Install configuration: ""\n'}
[14.678043] (teleop_tools) StdoutLine: {'line': b'-- Up-to-date: /home/nvidia/f1tenth_ws/install/teleop_tools/share/ament_index/resource_index/package_run_dependencies/teleop_tools\n'}
[14.679257] (teleop_tools) StdoutLine: {'line': b'-- Up-to-date: /home/nvidia/f1tenth_ws/install/teleop_tools/share/ament_index/resource_index/parent_prefix_path/teleop_tools\n'}
[14.679870] (teleop_tools) StdoutLine: {'line': b'-- Up-to-date: /home/nvidia/f1tenth_ws/install/teleop_tools/share/teleop_tools/environment/ament_prefix_path.sh\n'}
[14.680742] (teleop_tools) StdoutLine: {'line': b'-- Up-to-date: /home/nvidia/f1tenth_ws/install/teleop_tools/share/teleop_tools/environment/ament_prefix_path.dsv\n'}
[14.681368] (teleop_tools) StdoutLine: {'line': b'-- Up-to-date: /home/nvidia/f1tenth_ws/install/teleop_tools/share/teleop_tools/environment/path.sh\n'}
[14.682322] (teleop_tools) StdoutLine: {'line': b'-- Up-to-date: /home/nvidia/f1tenth_ws/install/teleop_tools/share/teleop_tools/environment/path.dsv\n'}
[14.682795] (teleop_tools) StdoutLine: {'line': b'-- Up-to-date: /home/nvidia/f1tenth_ws/install/teleop_tools/share/teleop_tools/local_setup.bash\n'}
[14.683229] (teleop_tools) StdoutLine: {'line': b'-- Up-to-date: /home/nvidia/f1tenth_ws/install/teleop_tools/share/teleop_tools/local_setup.sh\n'}
[14.683648] (teleop_tools) StdoutLine: {'line': b'-- Up-to-date: /home/nvidia/f1tenth_ws/install/teleop_tools/share/teleop_tools/local_setup.zsh\n'}
[14.684637] (teleop_tools) StdoutLine: {'line': b'-- Up-to-date: /home/nvidia/f1tenth_ws/install/teleop_tools/share/teleop_tools/local_setup.dsv\n'}
[14.687578] (teleop_tools) StdoutLine: {'line': b'-- Installing: /home/nvidia/f1tenth_ws/install/teleop_tools/share/teleop_tools/package.dsv\n'}
[14.688064] (teleop_tools) StdoutLine: {'line': b'-- Up-to-date: /home/nvidia/f1tenth_ws/install/teleop_tools/share/ament_index/resource_index/packages/teleop_tools\n'}
[14.688546] (teleop_tools) StdoutLine: {'line': b'-- Up-to-date: /home/nvidia/f1tenth_ws/install/teleop_tools/share/teleop_tools/cmake/teleop_toolsConfig.cmake\n'}
[14.688927] (teleop_tools) StdoutLine: {'line': b'-- Up-to-date: /home/nvidia/f1tenth_ws/install/teleop_tools/share/teleop_tools/cmake/teleop_toolsConfig-version.cmake\n'}
[14.689312] (teleop_tools) StdoutLine: {'line': b'-- Up-to-date: /home/nvidia/f1tenth_ws/install/teleop_tools/share/teleop_tools/package.xml\n'}
[14.700169] (teleop_tools) CommandEnded: {'returncode': 0}
[14.748057] (-) TimerEvent: {}
[14.856108] (-) TimerEvent: {}
[14.910815] (teleop_tools) JobEnded: {'identifier': 'teleop_tools', 'rc': 0}
[14.956418] (-) TimerEvent: {}
[15.057296] (-) TimerEvent: {}
[15.158329] (-) TimerEvent: {}
[15.259344] (-) TimerEvent: {}
[15.360526] (-) TimerEvent: {}
[15.461614] (-) TimerEvent: {}
[15.562971] (-) TimerEvent: {}
[15.658470] (new_map_saver) StdoutLine: {'line': b'running egg_info\n'}
[15.662159] (new_map_saver) StdoutLine: {'line': b'writing ../../build/new_map_saver/new_map_saver.egg-info/PKG-INFO\n'}
[15.663110] (-) TimerEvent: {}
[15.664181] (new_map_saver) StdoutLine: {'line': b'writing dependency_links to ../../build/new_map_saver/new_map_saver.egg-info/dependency_links.txt\n'}
[15.665501] (new_map_saver) StdoutLine: {'line': b'writing entry points to ../../build/new_map_saver/new_map_saver.egg-info/entry_points.txt\n'}
[15.667764] (new_map_saver) StdoutLine: {'line': b'writing requirements to ../../build/new_map_saver/new_map_saver.egg-info/requires.txt\n'}
[15.669070] (new_map_saver) StdoutLine: {'line': b'writing top-level names to ../../build/new_map_saver/new_map_saver.egg-info/top_level.txt\n'}
[15.763342] (-) TimerEvent: {}
[15.764962] (phasespace) StdoutLine: {'line': b'running egg_info\n'}
[15.768327] (phasespace) StdoutLine: {'line': b'writing ../../build/phasespace/phasespace.egg-info/PKG-INFO\n'}
[15.770763] (phasespace) StdoutLine: {'line': b'writing dependency_links to ../../build/phasespace/phasespace.egg-info/dependency_links.txt\n'}
[15.773268] (phasespace) StdoutLine: {'line': b'writing entry points to ../../build/phasespace/phasespace.egg-info/entry_points.txt\n'}
[15.774118] (phasespace) StdoutLine: {'line': b'writing requirements to ../../build/phasespace/phasespace.egg-info/requires.txt\n'}
[15.775072] (phasespace) StdoutLine: {'line': b'writing top-level names to ../../build/phasespace/phasespace.egg-info/top_level.txt\n'}
[15.847363] (new_map_saver) StdoutLine: {'line': b"reading manifest file '../../build/new_map_saver/new_map_saver.egg-info/SOURCES.txt'\n"}
[15.852160] (new_map_saver) StdoutLine: {'line': b"writing manifest file '../../build/new_map_saver/new_map_saver.egg-info/SOURCES.txt'\n"}
[15.853166] (new_map_saver) StdoutLine: {'line': b'running build\n'}
[15.853623] (new_map_saver) StdoutLine: {'line': b'running build_py\n'}
[15.854471] (new_map_saver) StdoutLine: {'line': b'running install\n'}
[15.857706] (new_map_saver) StdoutLine: {'line': b'running install_lib\n'}
[15.863680] (-) TimerEvent: {}
[15.864614] (new_map_saver) StdoutLine: {'line': b'running install_data\n'}
[15.865794] (new_map_saver) StdoutLine: {'line': b'running install_egg_info\n'}
[15.873472] (new_map_saver) StdoutLine: {'line': b"removing '/home/nvidia/f1tenth_ws/install/new_map_saver/lib/python3.8/site-packages/new_map_saver-0.0.0-py3.8.egg-info' (and everything under it)\n"}
[15.876196] (new_map_saver) StdoutLine: {'line': b'Copying ../../build/new_map_saver/new_map_saver.egg-info to /home/nvidia/f1tenth_ws/install/new_map_saver/lib/python3.8/site-packages/new_map_saver-0.0.0-py3.8.egg-info\n'}
[15.882516] (new_map_saver) StdoutLine: {'line': b'running install_scripts\n'}
[15.963923] (-) TimerEvent: {}
[15.969370] (new_map_saver) StdoutLine: {'line': b"writing list of installed files to '/home/nvidia/f1tenth_ws/build/new_map_saver/install.log'\n"}
[15.973162] (phasespace) StdoutLine: {'line': b"reading manifest file '../../build/phasespace/phasespace.egg-info/SOURCES.txt'\n"}
[15.978734] (phasespace) StdoutLine: {'line': b"writing manifest file '../../build/phasespace/phasespace.egg-info/SOURCES.txt'\n"}
[15.979753] (phasespace) StdoutLine: {'line': b'running build\n'}
[15.980277] (phasespace) StdoutLine: {'line': b'running build_py\n'}
[15.981255] (phasespace) StdoutLine: {'line': b'running install\n'}
[15.985974] (phasespace) StdoutLine: {'line': b'running install_lib\n'}
[15.995763] (phasespace) StdoutLine: {'line': b'running install_data\n'}
[15.996744] (phasespace) StdoutLine: {'line': b'running install_egg_info\n'}
[16.005889] (phasespace) StdoutLine: {'line': b"removing '/home/nvidia/f1tenth_ws/install/phasespace/lib/python3.8/site-packages/phasespace-0.0.0-py3.8.egg-info' (and everything under it)\n"}
[16.009046] (phasespace) StdoutLine: {'line': b'Copying ../../build/phasespace/phasespace.egg-info to /home/nvidia/f1tenth_ws/install/phasespace/lib/python3.8/site-packages/phasespace-0.0.0-py3.8.egg-info\n'}
[16.016183] (phasespace) StdoutLine: {'line': b'running install_scripts\n'}
[16.064156] (-) TimerEvent: {}
[16.080242] (new_map_saver) CommandEnded: {'returncode': 0}
[16.122557] (new_map_saver) JobEnded: {'identifier': 'new_map_saver', 'rc': 0}
[16.127556] (phasespace) StdoutLine: {'line': b'Installing phasespace_node script to /home/nvidia/f1tenth_ws/install/phasespace/lib/phasespace\n'}
[16.130613] (phasespace) StdoutLine: {'line': b"writing list of installed files to '/home/nvidia/f1tenth_ws/build/phasespace/install.log'\n"}
[16.164848] (-) TimerEvent: {}
[16.246554] (phasespace) CommandEnded: {'returncode': 0}
[16.266361] (-) TimerEvent: {}
[16.281348] (phasespace) JobEnded: {'identifier': 'phasespace', 'rc': 0}
[16.366597] (-) TimerEvent: {}
[16.467865] (-) TimerEvent: {}
[16.569223] (-) TimerEvent: {}
[16.606837] (f1tenth_stack) Command: {'cmd': ['/usr/bin/python3', '-W', 'ignore:setup.py install is deprecated', 'setup.py', 'egg_info', '--egg-base', '../../../build/f1tenth_stack', 'build', '--build-base', '/home/nvidia/f1tenth_ws/build/f1tenth_stack/build', 'install', '--record', '/home/nvidia/f1tenth_ws/build/f1tenth_stack/install.log', '--install-scripts', '$base/lib/f1tenth_stack', '--single-version-externally-managed', 'install_data'], 'cwd': '/home/nvidia/f1tenth_ws/src/f1tenth_system/f1tenth_stack', 'env': {'SUDO_GID': '1000', 'MAIL': '/var/mail/root', 'USER': 'root', 'LD_LIBRARY_PATH': '/home/nvidia/f1tenth_ws/install/vesc_driver/lib:/home/nvidia/f1tenth_ws/install/vesc_ackermann/lib:/home/nvidia/f1tenth_ws/install/vesc_msgs/lib:/home/nvidia/f1tenth_ws/install/teleop_tools_msgs/lib', 'HOME': '/root', 'SUDO_UID': '1000', 'LOGNAME': 'root', 'TERM': 'xterm-256color', 'PATH': '/usr/local/sbin:/usr/local/bin:/usr/sbin:/usr/bin:/sbin:/bin:/snap/bin', 'LANG': 'en_US.UTF-8', 'LS_COLORS': 'rs=0:di=01;34:ln=01;36:mh=00:pi=40;33:so=01;35:do=01;35:bd=40;33;01:cd=40;33;01:or=40;31;01:mi=00:su=37;41:sg=30;43:ca=30;41:tw=30;42:ow=34;42:st=37;44:ex=01;32:*.tar=01;31:*.tgz=01;31:*.arc=01;31:*.arj=01;31:*.taz=01;31:*.lha=01;31:*.lz4=01;31:*.lzh=01;31:*.lzma=01;31:*.tlz=01;31:*.txz=01;31:*.tzo=01;31:*.t7z=01;31:*.zip=01;31:*.z=01;31:*.dz=01;31:*.gz=01;31:*.lrz=01;31:*.lz=01;31:*.lzo=01;31:*.xz=01;31:*.zst=01;31:*.tzst=01;31:*.bz2=01;31:*.bz=01;31:*.tbz=01;31:*.tbz2=01;31:*.tz=01;31:*.deb=01;31:*.rpm=01;31:*.jar=01;31:*.war=01;31:*.ear=01;31:*.sar=01;31:*.rar=01;31:*.alz=01;31:*.ace=01;31:*.zoo=01;31:*.cpio=01;31:*.7z=01;31:*.rz=01;31:*.cab=01;31:*.wim=01;31:*.swm=01;31:*.dwm=01;31:*.esd=01;31:*.jpg=01;35:*.jpeg=01;35:*.mjpg=01;35:*.mjpeg=01;35:*.gif=01;35:*.bmp=01;35:*.pbm=01;35:*.pgm=01;35:*.ppm=01;35:*.tga=01;35:*.xbm=01;35:*.xpm=01;35:*.tif=01;35:*.tiff=01;35:*.png=01;35:*.svg=01;35:*.svgz=01;35:*.mng=01;35:*.pcx=01;35:*.mov=01;35:*.mpg=01;35:*.mpeg=01;35:*.m2v=01;35:*.mkv=01;35:*.webm=01;35:*.ogm=01;35:*.mp4=01;35:*.m4v=01;35:*.mp4v=01;35:*.vob=01;35:*.qt=01;35:*.nuv=01;35:*.wmv=01;35:*.asf=01;35:*.rm=01;35:*.rmvb=01;35:*.flc=01;35:*.avi=01;35:*.fli=01;35:*.flv=01;35:*.gl=01;35:*.dl=01;35:*.xcf=01;35:*.xwd=01;35:*.yuv=01;35:*.cgm=01;35:*.emf=01;35:*.ogv=01;35:*.ogx=01;35:*.aac=00;36:*.au=00;36:*.flac=00;36:*.m4a=00;36:*.mid=00;36:*.midi=00;36:*.mka=00;36:*.mp3=00;36:*.mpc=00;36:*.ogg=00;36:*.ra=00;36:*.wav=00;36:*.oga=00;36:*.opus=00;36:*.spx=00;36:*.xspf=00;36:', 'SUDO_COMMAND': '/usr/bin/colcon build', 'AMENT_PREFIX_PATH': '/home/nvidia/f1tenth_ws/install/vesc:/home/nvidia/f1tenth_ws/install/vesc_driver:/home/nvidia/f1tenth_ws/install/vesc_ackermann:/home/nvidia/f1tenth_ws/install/joy_teleop:/home/nvidia/f1tenth_ws/install/vesc_msgs:/home/nvidia/f1tenth_ws/install/teleop_tools_msgs:/home/nvidia/f1tenth_ws/install/ackermann_mux', 'SHELL': '/bin/bash', 'SUDO_USER': 'nvidia', 'LC_ALL': 'en_US.UTF-8', 'PWD': '/home/nvidia/f1tenth_ws/build/f1tenth_stack', 'PYTHONPATH': '/home/nvidia/f1tenth_ws/build/f1tenth_stack/prefix_override:/usr/lib/python3/dist-packages/colcon_core/task/python/colcon_distutils_commands:/home/nvidia/f1tenth_ws/install/f1tenth_stack/lib/python3.8/site-packages:/home/nvidia/f1tenth_ws/install/joy_teleop/lib/python3.8/site-packages:/home/nvidia/f1tenth_ws/install/vesc_msgs/lib/python3.8/site-packages:/home/nvidia/f1tenth_ws/install/teleop_tools_msgs/lib/python3.8/site-packages', 'COLCON': '1', 'CMAKE_PREFIX_PATH': '/home/nvidia/f1tenth_ws/install/vesc:/home/nvidia/f1tenth_ws/install/vesc_driver:/home/nvidia/f1tenth_ws/install/vesc_ackermann:/home/nvidia/f1tenth_ws/install/vesc_msgs:/home/nvidia/f1tenth_ws/install/teleop_tools_msgs:/home/nvidia/f1tenth_ws/install/ackermann_mux'}, 'shell': False}
[16.669934] (-) TimerEvent: {}
[16.772196] (-) TimerEvent: {}
[16.873119] (-) TimerEvent: {}
[16.974345] (-) TimerEvent: {}
[17.075289] (-) TimerEvent: {}
[17.176218] (-) TimerEvent: {}
[17.277176] (-) TimerEvent: {}
[17.378143] (-) TimerEvent: {}
[17.479126] (-) TimerEvent: {}
[17.580012] (-) TimerEvent: {}
[17.626617] (f1tenth_stack) StdoutLine: {'line': b'running egg_info\n'}
[17.630106] (f1tenth_stack) StdoutLine: {'line': b'writing ../../../build/f1tenth_stack/f1tenth_stack.egg-info/PKG-INFO\n'}
[17.631635] (f1tenth_stack) StdoutLine: {'line': b'writing dependency_links to ../../../build/f1tenth_stack/f1tenth_stack.egg-info/dependency_links.txt\n'}
[17.632594] (f1tenth_stack) StdoutLine: {'line': b'writing entry points to ../../../build/f1tenth_stack/f1tenth_stack.egg-info/entry_points.txt\n'}
[17.633442] (f1tenth_stack) StdoutLine: {'line': b'writing requirements to ../../../build/f1tenth_stack/f1tenth_stack.egg-info/requires.txt\n'}
[17.634170] (f1tenth_stack) StdoutLine: {'line': b'writing top-level names to ../../../build/f1tenth_stack/f1tenth_stack.egg-info/top_level.txt\n'}
[17.680225] (-) TimerEvent: {}
[17.781155] (-) TimerEvent: {}
[17.813941] (f1tenth_stack) StdoutLine: {'line': b"reading manifest file '../../../build/f1tenth_stack/f1tenth_stack.egg-info/SOURCES.txt'\n"}
[17.819904] (f1tenth_stack) StdoutLine: {'line': b"writing manifest file '../../../build/f1tenth_stack/f1tenth_stack.egg-info/SOURCES.txt'\n"}
[17.820862] (f1tenth_stack) StdoutLine: {'line': b'running build\n'}
[17.821282] (f1tenth_stack) StdoutLine: {'line': b'running build_py\n'}
[17.822614] (f1tenth_stack) StdoutLine: {'line': b'running install\n'}
[17.826693] (f1tenth_stack) StdoutLine: {'line': b'running install_lib\n'}
[17.834091] (f1tenth_stack) StdoutLine: {'line': b'running install_data\n'}
[17.836133] (f1tenth_stack) StdoutLine: {'line': b'copying config/amcl_params.yaml -> /home/nvidia/f1tenth_ws/install/f1tenth_stack/share/f1tenth_stack/config\n'}
[17.836825] (f1tenth_stack) StdoutLine: {'line': b'running install_egg_info\n'}
[17.844283] (f1tenth_stack) StdoutLine: {'line': b"removing '/home/nvidia/f1tenth_ws/install/f1tenth_stack/lib/python3.8/site-packages/f1tenth_stack-0.0.1-py3.8.egg-info' (and everything under it)\n"}
[17.846585] (f1tenth_stack) StdoutLine: {'line': b'Copying ../../../build/f1tenth_stack/f1tenth_stack.egg-info to /home/nvidia/f1tenth_ws/install/f1tenth_stack/lib/python3.8/site-packages/f1tenth_stack-0.0.1-py3.8.egg-info\n'}
[17.853526] (f1tenth_stack) StdoutLine: {'line': b'running install_scripts\n'}
[17.881358] (-) TimerEvent: {}
[17.936291] (f1tenth_stack) StdoutLine: {'line': b'Installing tf_publisher script to /home/nvidia/f1tenth_ws/install/f1tenth_stack/lib/f1tenth_stack\n'}
[17.937228] (f1tenth_stack) StdoutLine: {'line': b'Installing throttle_interpolator script to /home/nvidia/f1tenth_ws/install/f1tenth_stack/lib/f1tenth_stack\n'}
[17.939111] (f1tenth_stack) StdoutLine: {'line': b"writing list of installed files to '/home/nvidia/f1tenth_ws/build/f1tenth_stack/install.log'\n"}
[17.981597] (-) TimerEvent: {}
[18.040003] (f1tenth_stack) CommandEnded: {'returncode': 0}
[18.081830] (f1tenth_stack) JobEnded: {'identifier': 'f1tenth_stack', 'rc': 0}
[18.087900] (-) TimerEvent: {}
[18.088382] (-) EventReactorShutdown: {}
