[0.896s] DEBUG:colcon:Command line arguments: ['/usr/bin/colcon', 'build']
[0.897s] DEBUG:colcon:Parsed command line arguments: Namespace(allow_overriding=[], ament_cmake_args=None, base_paths=['.'], build_base='build', catkin_cmake_args=None, catkin_skip_building_tests=False, cmake_args=None, cmake_clean_cache=False, cmake_clean_first=False, cmake_force_configure=False, cmake_target=None, cmake_target_skip_unavailable=False, continue_on_error=False, event_handlers=None, executor='parallel', ignore_user_meta=False, install_base='install', log_base=None, log_level=None, main=<bound method BuildVerb.main of <colcon_core.verb.build.BuildVerb object at 0xffff87c46eb0>>, merge_install=False, metas=['./colcon.meta'], mixin=None, mixin_files=None, mixin_verb=('build',), packages_above=None, packages_above_and_dependencies=None, packages_above_depth=None, packages_end=None, packages_ignore=None, packages_ignore_regex=None, packages_select=None, packages_select_build_failed=False, packages_select_by_dep=None, packages_select_regex=None, packages_select_test_failures=False, packages_skip=None, packages_skip_build_finished=False, packages_skip_by_dep=None, packages_skip_regex=None, packages_skip_test_passed=False, packages_skip_up_to=None, packages_start=None, packages_up_to=None, packages_up_to_regex=None, parallel_workers=6, paths=None, symlink_install=False, test_result_base=None, verb_extension=<colcon_core.verb.build.BuildVerb object at 0xffff87c46eb0>, verb_name='build', verb_parser=<colcon_mixin.mixin.mixin_argument.MixinArgumentDecorator object at 0xffff87b041c0>)
[1.564s] Level 1:colcon.colcon_core.package_discovery:discover_packages(colcon_meta) check parameters
[1.564s] Level 1:colcon.colcon_core.package_discovery:discover_packages(recursive) check parameters
[1.564s] Level 1:colcon.colcon_core.package_discovery:discover_packages(ignore) check parameters
[1.565s] Level 1:colcon.colcon_core.package_discovery:discover_packages(path) check parameters
[1.565s] Level 1:colcon.colcon_core.package_discovery:discover_packages(colcon_meta) discover
[1.566s] Level 1:colcon.colcon_core.package_discovery:discover_packages(recursive) discover
[1.566s] INFO:colcon.colcon_core.package_discovery:Crawling recursively for packages in '/home/nvidia/f1tenth_ws'
[1.566s] Level 1:colcon.colcon_core.package_identification:_identify(.) by extensions ['ignore', 'ignore_ament_install']
[1.567s] Level 1:colcon.colcon_core.package_identification:_identify(.) by extension 'ignore'
[1.567s] Level 1:colcon.colcon_core.package_identification:_identify(.) by extension 'ignore_ament_install'
[1.567s] Level 1:colcon.colcon_core.package_identification:_identify(.) by extensions ['colcon_pkg']
[1.568s] Level 1:colcon.colcon_core.package_identification:_identify(.) by extension 'colcon_pkg'
[1.568s] Level 1:colcon.colcon_core.package_identification:_identify(.) by extensions ['colcon_meta']
[1.568s] Level 1:colcon.colcon_core.package_identification:_identify(.) by extension 'colcon_meta'
[1.568s] Level 1:colcon.colcon_core.package_identification:_identify(.) by extensions ['ros']
[1.568s] Level 1:colcon.colcon_core.package_identification:_identify(.) by extension 'ros'
[1.626s] Level 1:colcon.colcon_core.package_identification:_identify(.) by extensions ['cmake', 'python']
[1.627s] Level 1:colcon.colcon_core.package_identification:_identify(.) by extension 'cmake'
[1.627s] Level 1:colcon.colcon_core.package_identification:_identify(.) by extension 'python'
[1.627s] Level 1:colcon.colcon_core.package_identification:_identify(.) by extensions ['python_setup_py']
[1.627s] Level 1:colcon.colcon_core.package_identification:_identify(.) by extension 'python_setup_py'
[1.628s] Level 1:colcon.colcon_core.package_identification:_identify(build) by extensions ['ignore', 'ignore_ament_install']
[1.629s] Level 1:colcon.colcon_core.package_identification:_identify(build) by extension 'ignore'
[1.629s] Level 1:colcon.colcon_core.package_identification:_identify(build) ignored
[1.630s] Level 1:colcon.colcon_core.package_identification:_identify(install) by extensions ['ignore', 'ignore_ament_install']
[1.630s] Level 1:colcon.colcon_core.package_identification:_identify(install) by extension 'ignore'
[1.630s] Level 1:colcon.colcon_core.package_identification:_identify(install) ignored
[1.631s] Level 1:colcon.colcon_core.package_identification:_identify(log) by extensions ['ignore', 'ignore_ament_install']
[1.632s] Level 1:colcon.colcon_core.package_identification:_identify(log) by extension 'ignore'
[1.632s] Level 1:colcon.colcon_core.package_identification:_identify(log) ignored
[1.632s] Level 1:colcon.colcon_core.package_identification:_identify(maps) by extensions ['ignore', 'ignore_ament_install']
[1.633s] Level 1:colcon.colcon_core.package_identification:_identify(maps) by extension 'ignore'
[1.633s] Level 1:colcon.colcon_core.package_identification:_identify(maps) by extension 'ignore_ament_install'
[1.633s] Level 1:colcon.colcon_core.package_identification:_identify(maps) by extensions ['colcon_pkg']
[1.633s] Level 1:colcon.colcon_core.package_identification:_identify(maps) by extension 'colcon_pkg'
[1.634s] Level 1:colcon.colcon_core.package_identification:_identify(maps) by extensions ['colcon_meta']
[1.634s] Level 1:colcon.colcon_core.package_identification:_identify(maps) by extension 'colcon_meta'
[1.634s] Level 1:colcon.colcon_core.package_identification:_identify(maps) by extensions ['ros']
[1.634s] Level 1:colcon.colcon_core.package_identification:_identify(maps) by extension 'ros'
[1.635s] Level 1:colcon.colcon_core.package_identification:_identify(maps) by extensions ['cmake', 'python']
[1.635s] Level 1:colcon.colcon_core.package_identification:_identify(maps) by extension 'cmake'
[1.635s] Level 1:colcon.colcon_core.package_identification:_identify(maps) by extension 'python'
[1.635s] Level 1:colcon.colcon_core.package_identification:_identify(maps) by extensions ['python_setup_py']
[1.636s] Level 1:colcon.colcon_core.package_identification:_identify(maps) by extension 'python_setup_py'
[1.636s] Level 1:colcon.colcon_core.package_identification:_identify(scripts) by extensions ['ignore', 'ignore_ament_install']
[1.636s] Level 1:colcon.colcon_core.package_identification:_identify(scripts) by extension 'ignore'
[1.637s] Level 1:colcon.colcon_core.package_identification:_identify(scripts) by extension 'ignore_ament_install'
[1.637s] Level 1:colcon.colcon_core.package_identification:_identify(scripts) by extensions ['colcon_pkg']
[1.637s] Level 1:colcon.colcon_core.package_identification:_identify(scripts) by extension 'colcon_pkg'
[1.637s] Level 1:colcon.colcon_core.package_identification:_identify(scripts) by extensions ['colcon_meta']
[1.638s] Level 1:colcon.colcon_core.package_identification:_identify(scripts) by extension 'colcon_meta'
[1.638s] Level 1:colcon.colcon_core.package_identification:_identify(scripts) by extensions ['ros']
[1.638s] Level 1:colcon.colcon_core.package_identification:_identify(scripts) by extension 'ros'
[1.638s] Level 1:colcon.colcon_core.package_identification:_identify(scripts) by extensions ['cmake', 'python']
[1.639s] Level 1:colcon.colcon_core.package_identification:_identify(scripts) by extension 'cmake'
[1.639s] Level 1:colcon.colcon_core.package_identification:_identify(scripts) by extension 'python'
[1.639s] Level 1:colcon.colcon_core.package_identification:_identify(scripts) by extensions ['python_setup_py']
[1.639s] Level 1:colcon.colcon_core.package_identification:_identify(scripts) by extension 'python_setup_py'
[1.640s] Level 1:colcon.colcon_core.package_identification:_identify(src) by extensions ['ignore', 'ignore_ament_install']
[1.640s] Level 1:colcon.colcon_core.package_identification:_identify(src) by extension 'ignore'
[1.640s] Level 1:colcon.colcon_core.package_identification:_identify(src) by extension 'ignore_ament_install'
[1.641s] Level 1:colcon.colcon_core.package_identification:_identify(src) by extensions ['colcon_pkg']
[1.641s] Level 1:colcon.colcon_core.package_identification:_identify(src) by extension 'colcon_pkg'
[1.641s] Level 1:colcon.colcon_core.package_identification:_identify(src) by extensions ['colcon_meta']
[1.641s] Level 1:colcon.colcon_core.package_identification:_identify(src) by extension 'colcon_meta'
[1.641s] Level 1:colcon.colcon_core.package_identification:_identify(src) by extensions ['ros']
[1.642s] Level 1:colcon.colcon_core.package_identification:_identify(src) by extension 'ros'
[1.642s] Level 1:colcon.colcon_core.package_identification:_identify(src) by extensions ['cmake', 'python']
[1.642s] Level 1:colcon.colcon_core.package_identification:_identify(src) by extension 'cmake'
[1.642s] Level 1:colcon.colcon_core.package_identification:_identify(src) by extension 'python'
[1.643s] Level 1:colcon.colcon_core.package_identification:_identify(src) by extensions ['python_setup_py']
[1.643s] Level 1:colcon.colcon_core.package_identification:_identify(src) by extension 'python_setup_py'
[1.643s] Level 1:colcon.colcon_core.package_identification:_identify(src/f1tenth_controllers) by extensions ['ignore', 'ignore_ament_install']
[1.644s] Level 1:colcon.colcon_core.package_identification:_identify(src/f1tenth_controllers) by extension 'ignore'
[1.644s] Level 1:colcon.colcon_core.package_identification:_identify(src/f1tenth_controllers) by extension 'ignore_ament_install'
[1.644s] Level 1:colcon.colcon_core.package_identification:_identify(src/f1tenth_controllers) by extensions ['colcon_pkg']
[1.645s] Level 1:colcon.colcon_core.package_identification:_identify(src/f1tenth_controllers) by extension 'colcon_pkg'
[1.645s] Level 1:colcon.colcon_core.package_identification:_identify(src/f1tenth_controllers) by extensions ['colcon_meta']
[1.645s] Level 1:colcon.colcon_core.package_identification:_identify(src/f1tenth_controllers) by extension 'colcon_meta'
[1.645s] Level 1:colcon.colcon_core.package_identification:_identify(src/f1tenth_controllers) by extensions ['ros']
[1.645s] Level 1:colcon.colcon_core.package_identification:_identify(src/f1tenth_controllers) by extension 'ros'
[1.657s] DEBUG:colcon.colcon_core.package_identification:Package 'src/f1tenth_controllers' with type 'ros.ament_python' and name 'f1tenth_controllers'
[1.657s] Level 1:colcon.colcon_core.package_identification:_identify(src/f1tenth_system) by extensions ['ignore', 'ignore_ament_install']
[1.658s] Level 1:colcon.colcon_core.package_identification:_identify(src/f1tenth_system) by extension 'ignore'
[1.658s] Level 1:colcon.colcon_core.package_identification:_identify(src/f1tenth_system) by extension 'ignore_ament_install'
[1.658s] Level 1:colcon.colcon_core.package_identification:_identify(src/f1tenth_system) by extensions ['colcon_pkg']
[1.659s] Level 1:colcon.colcon_core.package_identification:_identify(src/f1tenth_system) by extension 'colcon_pkg'
[1.659s] Level 1:colcon.colcon_core.package_identification:_identify(src/f1tenth_system) by extensions ['colcon_meta']
[1.659s] Level 1:colcon.colcon_core.package_identification:_identify(src/f1tenth_system) by extension 'colcon_meta'
[1.659s] Level 1:colcon.colcon_core.package_identification:_identify(src/f1tenth_system) by extensions ['ros']
[1.659s] Level 1:colcon.colcon_core.package_identification:_identify(src/f1tenth_system) by extension 'ros'
[1.660s] Level 1:colcon.colcon_core.package_identification:_identify(src/f1tenth_system) by extensions ['cmake', 'python']
[1.660s] Level 1:colcon.colcon_core.package_identification:_identify(src/f1tenth_system) by extension 'cmake'
[1.660s] Level 1:colcon.colcon_core.package_identification:_identify(src/f1tenth_system) by extension 'python'
[1.660s] Level 1:colcon.colcon_core.package_identification:_identify(src/f1tenth_system) by extensions ['python_setup_py']
[1.661s] Level 1:colcon.colcon_core.package_identification:_identify(src/f1tenth_system) by extension 'python_setup_py'
[1.661s] Level 1:colcon.colcon_core.package_identification:_identify(src/f1tenth_system/ackermann_mux) by extensions ['ignore', 'ignore_ament_install']
[1.662s] Level 1:colcon.colcon_core.package_identification:_identify(src/f1tenth_system/ackermann_mux) by extension 'ignore'
[1.662s] Level 1:colcon.colcon_core.package_identification:_identify(src/f1tenth_system/ackermann_mux) by extension 'ignore_ament_install'
[1.662s] Level 1:colcon.colcon_core.package_identification:_identify(src/f1tenth_system/ackermann_mux) by extensions ['colcon_pkg']
[1.662s] Level 1:colcon.colcon_core.package_identification:_identify(src/f1tenth_system/ackermann_mux) by extension 'colcon_pkg'
[1.663s] Level 1:colcon.colcon_core.package_identification:_identify(src/f1tenth_system/ackermann_mux) by extensions ['colcon_meta']
[1.663s] Level 1:colcon.colcon_core.package_identification:_identify(src/f1tenth_system/ackermann_mux) by extension 'colcon_meta'
[1.663s] Level 1:colcon.colcon_core.package_identification:_identify(src/f1tenth_system/ackermann_mux) by extensions ['ros']
[1.663s] Level 1:colcon.colcon_core.package_identification:_identify(src/f1tenth_system/ackermann_mux) by extension 'ros'
[1.668s] DEBUG:colcon.colcon_core.package_identification:Package 'src/f1tenth_system/ackermann_mux' with type 'ros.ament_cmake' and name 'ackermann_mux'
[1.669s] Level 1:colcon.colcon_core.package_identification:_identify(src/f1tenth_system/f1tenth_stack) by extensions ['ignore', 'ignore_ament_install']
[1.669s] Level 1:colcon.colcon_core.package_identification:_identify(src/f1tenth_system/f1tenth_stack) by extension 'ignore'
[1.669s] Level 1:colcon.colcon_core.package_identification:_identify(src/f1tenth_system/f1tenth_stack) by extension 'ignore_ament_install'
[1.670s] Level 1:colcon.colcon_core.package_identification:_identify(src/f1tenth_system/f1tenth_stack) by extensions ['colcon_pkg']
[1.670s] Level 1:colcon.colcon_core.package_identification:_identify(src/f1tenth_system/f1tenth_stack) by extension 'colcon_pkg'
[1.670s] Level 1:colcon.colcon_core.package_identification:_identify(src/f1tenth_system/f1tenth_stack) by extensions ['colcon_meta']
[1.670s] Level 1:colcon.colcon_core.package_identification:_identify(src/f1tenth_system/f1tenth_stack) by extension 'colcon_meta'
[1.671s] Level 1:colcon.colcon_core.package_identification:_identify(src/f1tenth_system/f1tenth_stack) by extensions ['ros']
[1.671s] Level 1:colcon.colcon_core.package_identification:_identify(src/f1tenth_system/f1tenth_stack) by extension 'ros'
[1.676s] DEBUG:colcon.colcon_core.package_identification:Package 'src/f1tenth_system/f1tenth_stack' with type 'ros.ament_python' and name 'f1tenth_stack'
[1.677s] Level 1:colcon.colcon_core.package_identification:_identify(src/f1tenth_system/scripts) by extensions ['ignore', 'ignore_ament_install']
[1.677s] Level 1:colcon.colcon_core.package_identification:_identify(src/f1tenth_system/scripts) by extension 'ignore'
[1.677s] Level 1:colcon.colcon_core.package_identification:_identify(src/f1tenth_system/scripts) by extension 'ignore_ament_install'
[1.678s] Level 1:colcon.colcon_core.package_identification:_identify(src/f1tenth_system/scripts) by extensions ['colcon_pkg']
[1.678s] Level 1:colcon.colcon_core.package_identification:_identify(src/f1tenth_system/scripts) by extension 'colcon_pkg'
[1.678s] Level 1:colcon.colcon_core.package_identification:_identify(src/f1tenth_system/scripts) by extensions ['colcon_meta']
[1.678s] Level 1:colcon.colcon_core.package_identification:_identify(src/f1tenth_system/scripts) by extension 'colcon_meta'
[1.678s] Level 1:colcon.colcon_core.package_identification:_identify(src/f1tenth_system/scripts) by extensions ['ros']
[1.679s] Level 1:colcon.colcon_core.package_identification:_identify(src/f1tenth_system/scripts) by extension 'ros'
[1.679s] Level 1:colcon.colcon_core.package_identification:_identify(src/f1tenth_system/scripts) by extensions ['cmake', 'python']
[1.679s] Level 1:colcon.colcon_core.package_identification:_identify(src/f1tenth_system/scripts) by extension 'cmake'
[1.680s] Level 1:colcon.colcon_core.package_identification:_identify(src/f1tenth_system/scripts) by extension 'python'
[1.680s] Level 1:colcon.colcon_core.package_identification:_identify(src/f1tenth_system/scripts) by extensions ['python_setup_py']
[1.680s] Level 1:colcon.colcon_core.package_identification:_identify(src/f1tenth_system/scripts) by extension 'python_setup_py'
[1.681s] Level 1:colcon.colcon_core.package_identification:_identify(src/f1tenth_system/teleop_tools) by extensions ['ignore', 'ignore_ament_install']
[1.681s] Level 1:colcon.colcon_core.package_identification:_identify(src/f1tenth_system/teleop_tools) by extension 'ignore'
[1.681s] Level 1:colcon.colcon_core.package_identification:_identify(src/f1tenth_system/teleop_tools) by extension 'ignore_ament_install'
[1.682s] Level 1:colcon.colcon_core.package_identification:_identify(src/f1tenth_system/teleop_tools) by extensions ['colcon_pkg']
[1.682s] Level 1:colcon.colcon_core.package_identification:_identify(src/f1tenth_system/teleop_tools) by extension 'colcon_pkg'
[1.682s] Level 1:colcon.colcon_core.package_identification:_identify(src/f1tenth_system/teleop_tools) by extensions ['colcon_meta']
[1.682s] Level 1:colcon.colcon_core.package_identification:_identify(src/f1tenth_system/teleop_tools) by extension 'colcon_meta'
[1.683s] Level 1:colcon.colcon_core.package_identification:_identify(src/f1tenth_system/teleop_tools) by extensions ['ros']
[1.683s] Level 1:colcon.colcon_core.package_identification:_identify(src/f1tenth_system/teleop_tools) by extension 'ros'
[1.683s] Level 1:colcon.colcon_core.package_identification:_identify(src/f1tenth_system/teleop_tools) by extensions ['cmake', 'python']
[1.683s] Level 1:colcon.colcon_core.package_identification:_identify(src/f1tenth_system/teleop_tools) by extension 'cmake'
[1.684s] Level 1:colcon.colcon_core.package_identification:_identify(src/f1tenth_system/teleop_tools) by extension 'python'
[1.684s] Level 1:colcon.colcon_core.package_identification:_identify(src/f1tenth_system/teleop_tools) by extensions ['python_setup_py']
[1.684s] Level 1:colcon.colcon_core.package_identification:_identify(src/f1tenth_system/teleop_tools) by extension 'python_setup_py'
[1.685s] Level 1:colcon.colcon_core.package_identification:_identify(src/f1tenth_system/teleop_tools/joy_teleop) by extensions ['ignore', 'ignore_ament_install']
[1.685s] Level 1:colcon.colcon_core.package_identification:_identify(src/f1tenth_system/teleop_tools/joy_teleop) by extension 'ignore'
[1.685s] Level 1:colcon.colcon_core.package_identification:_identify(src/f1tenth_system/teleop_tools/joy_teleop) by extension 'ignore_ament_install'
[1.686s] Level 1:colcon.colcon_core.package_identification:_identify(src/f1tenth_system/teleop_tools/joy_teleop) by extensions ['colcon_pkg']
[1.686s] Level 1:colcon.colcon_core.package_identification:_identify(src/f1tenth_system/teleop_tools/joy_teleop) by extension 'colcon_pkg'
[1.686s] Level 1:colcon.colcon_core.package_identification:_identify(src/f1tenth_system/teleop_tools/joy_teleop) by extensions ['colcon_meta']
[1.686s] Level 1:colcon.colcon_core.package_identification:_identify(src/f1tenth_system/teleop_tools/joy_teleop) by extension 'colcon_meta'
[1.687s] Level 1:colcon.colcon_core.package_identification:_identify(src/f1tenth_system/teleop_tools/joy_teleop) by extensions ['ros']
[1.687s] Level 1:colcon.colcon_core.package_identification:_identify(src/f1tenth_system/teleop_tools/joy_teleop) by extension 'ros'
[1.690s] DEBUG:colcon.colcon_core.package_identification:Package 'src/f1tenth_system/teleop_tools/joy_teleop' with type 'ros.ament_python' and name 'joy_teleop'
[1.691s] Level 1:colcon.colcon_core.package_identification:_identify(src/f1tenth_system/teleop_tools/key_teleop) by extensions ['ignore', 'ignore_ament_install']
[1.691s] Level 1:colcon.colcon_core.package_identification:_identify(src/f1tenth_system/teleop_tools/key_teleop) by extension 'ignore'
[1.692s] Level 1:colcon.colcon_core.package_identification:_identify(src/f1tenth_system/teleop_tools/key_teleop) by extension 'ignore_ament_install'
[1.692s] Level 1:colcon.colcon_core.package_identification:_identify(src/f1tenth_system/teleop_tools/key_teleop) by extensions ['colcon_pkg']
[1.692s] Level 1:colcon.colcon_core.package_identification:_identify(src/f1tenth_system/teleop_tools/key_teleop) by extension 'colcon_pkg'
[1.692s] Level 1:colcon.colcon_core.package_identification:_identify(src/f1tenth_system/teleop_tools/key_teleop) by extensions ['colcon_meta']
[1.693s] Level 1:colcon.colcon_core.package_identification:_identify(src/f1tenth_system/teleop_tools/key_teleop) by extension 'colcon_meta'
[1.693s] Level 1:colcon.colcon_core.package_identification:_identify(src/f1tenth_system/teleop_tools/key_teleop) by extensions ['ros']
[1.693s] Level 1:colcon.colcon_core.package_identification:_identify(src/f1tenth_system/teleop_tools/key_teleop) by extension 'ros'
[1.696s] DEBUG:colcon.colcon_core.package_identification:Package 'src/f1tenth_system/teleop_tools/key_teleop' with type 'ros.ament_python' and name 'key_teleop'
[1.697s] Level 1:colcon.colcon_core.package_identification:_identify(src/f1tenth_system/teleop_tools/mouse_teleop) by extensions ['ignore', 'ignore_ament_install']
[1.697s] Level 1:colcon.colcon_core.package_identification:_identify(src/f1tenth_system/teleop_tools/mouse_teleop) by extension 'ignore'
[1.697s] Level 1:colcon.colcon_core.package_identification:_identify(src/f1tenth_system/teleop_tools/mouse_teleop) by extension 'ignore_ament_install'
[1.698s] Level 1:colcon.colcon_core.package_identification:_identify(src/f1tenth_system/teleop_tools/mouse_teleop) by extensions ['colcon_pkg']
[1.698s] Level 1:colcon.colcon_core.package_identification:_identify(src/f1tenth_system/teleop_tools/mouse_teleop) by extension 'colcon_pkg'
[1.698s] Level 1:colcon.colcon_core.package_identification:_identify(src/f1tenth_system/teleop_tools/mouse_teleop) by extensions ['colcon_meta']
[1.698s] Level 1:colcon.colcon_core.package_identification:_identify(src/f1tenth_system/teleop_tools/mouse_teleop) by extension 'colcon_meta'
[1.699s] Level 1:colcon.colcon_core.package_identification:_identify(src/f1tenth_system/teleop_tools/mouse_teleop) by extensions ['ros']
[1.699s] Level 1:colcon.colcon_core.package_identification:_identify(src/f1tenth_system/teleop_tools/mouse_teleop) by extension 'ros'
[1.701s] DEBUG:colcon.colcon_core.package_identification:Package 'src/f1tenth_system/teleop_tools/mouse_teleop' with type 'ros.ament_python' and name 'mouse_teleop'
[1.702s] Level 1:colcon.colcon_core.package_identification:_identify(src/f1tenth_system/teleop_tools/teleop_tools) by extensions ['ignore', 'ignore_ament_install']
[1.702s] Level 1:colcon.colcon_core.package_identification:_identify(src/f1tenth_system/teleop_tools/teleop_tools) by extension 'ignore'
[1.702s] Level 1:colcon.colcon_core.package_identification:_identify(src/f1tenth_system/teleop_tools/teleop_tools) by extension 'ignore_ament_install'
[1.703s] Level 1:colcon.colcon_core.package_identification:_identify(src/f1tenth_system/teleop_tools/teleop_tools) by extensions ['colcon_pkg']
[1.703s] Level 1:colcon.colcon_core.package_identification:_identify(src/f1tenth_system/teleop_tools/teleop_tools) by extension 'colcon_pkg'
[1.703s] Level 1:colcon.colcon_core.package_identification:_identify(src/f1tenth_system/teleop_tools/teleop_tools) by extensions ['colcon_meta']
[1.703s] Level 1:colcon.colcon_core.package_identification:_identify(src/f1tenth_system/teleop_tools/teleop_tools) by extension 'colcon_meta'
[1.704s] Level 1:colcon.colcon_core.package_identification:_identify(src/f1tenth_system/teleop_tools/teleop_tools) by extensions ['ros']
[1.704s] Level 1:colcon.colcon_core.package_identification:_identify(src/f1tenth_system/teleop_tools/teleop_tools) by extension 'ros'
[1.706s] DEBUG:colcon.colcon_core.package_identification:Package 'src/f1tenth_system/teleop_tools/teleop_tools' with type 'ros.ament_cmake' and name 'teleop_tools'
[1.707s] Level 1:colcon.colcon_core.package_identification:_identify(src/f1tenth_system/teleop_tools/teleop_tools_msgs) by extensions ['ignore', 'ignore_ament_install']
[1.707s] Level 1:colcon.colcon_core.package_identification:_identify(src/f1tenth_system/teleop_tools/teleop_tools_msgs) by extension 'ignore'
[1.707s] Level 1:colcon.colcon_core.package_identification:_identify(src/f1tenth_system/teleop_tools/teleop_tools_msgs) by extension 'ignore_ament_install'
[1.708s] Level 1:colcon.colcon_core.package_identification:_identify(src/f1tenth_system/teleop_tools/teleop_tools_msgs) by extensions ['colcon_pkg']
[1.708s] Level 1:colcon.colcon_core.package_identification:_identify(src/f1tenth_system/teleop_tools/teleop_tools_msgs) by extension 'colcon_pkg'
[1.708s] Level 1:colcon.colcon_core.package_identification:_identify(src/f1tenth_system/teleop_tools/teleop_tools_msgs) by extensions ['colcon_meta']
[1.708s] Level 1:colcon.colcon_core.package_identification:_identify(src/f1tenth_system/teleop_tools/teleop_tools_msgs) by extension 'colcon_meta'
[1.708s] Level 1:colcon.colcon_core.package_identification:_identify(src/f1tenth_system/teleop_tools/teleop_tools_msgs) by extensions ['ros']
[1.709s] Level 1:colcon.colcon_core.package_identification:_identify(src/f1tenth_system/teleop_tools/teleop_tools_msgs) by extension 'ros'
[1.711s] DEBUG:colcon.colcon_core.package_identification:Package 'src/f1tenth_system/teleop_tools/teleop_tools_msgs' with type 'ros.ament_cmake' and name 'teleop_tools_msgs'
[1.712s] Level 1:colcon.colcon_core.package_identification:_identify(src/f1tenth_system/vesc) by extensions ['ignore', 'ignore_ament_install']
[1.712s] Level 1:colcon.colcon_core.package_identification:_identify(src/f1tenth_system/vesc) by extension 'ignore'
[1.713s] Level 1:colcon.colcon_core.package_identification:_identify(src/f1tenth_system/vesc) by extension 'ignore_ament_install'
[1.713s] Level 1:colcon.colcon_core.package_identification:_identify(src/f1tenth_system/vesc) by extensions ['colcon_pkg']
[1.713s] Level 1:colcon.colcon_core.package_identification:_identify(src/f1tenth_system/vesc) by extension 'colcon_pkg'
[1.713s] Level 1:colcon.colcon_core.package_identification:_identify(src/f1tenth_system/vesc) by extensions ['colcon_meta']
[1.714s] Level 1:colcon.colcon_core.package_identification:_identify(src/f1tenth_system/vesc) by extension 'colcon_meta'
[1.714s] Level 1:colcon.colcon_core.package_identification:_identify(src/f1tenth_system/vesc) by extensions ['ros']
[1.714s] Level 1:colcon.colcon_core.package_identification:_identify(src/f1tenth_system/vesc) by extension 'ros'
[1.714s] Level 1:colcon.colcon_core.package_identification:_identify(src/f1tenth_system/vesc) by extensions ['cmake', 'python']
[1.715s] Level 1:colcon.colcon_core.package_identification:_identify(src/f1tenth_system/vesc) by extension 'cmake'
[1.715s] Level 1:colcon.colcon_core.package_identification:_identify(src/f1tenth_system/vesc) by extension 'python'
[1.715s] Level 1:colcon.colcon_core.package_identification:_identify(src/f1tenth_system/vesc) by extensions ['python_setup_py']
[1.715s] Level 1:colcon.colcon_core.package_identification:_identify(src/f1tenth_system/vesc) by extension 'python_setup_py'
[1.716s] Level 1:colcon.colcon_core.package_identification:_identify(src/f1tenth_system/vesc/vesc) by extensions ['ignore', 'ignore_ament_install']
[1.716s] Level 1:colcon.colcon_core.package_identification:_identify(src/f1tenth_system/vesc/vesc) by extension 'ignore'
[1.717s] Level 1:colcon.colcon_core.package_identification:_identify(src/f1tenth_system/vesc/vesc) by extension 'ignore_ament_install'
[1.717s] Level 1:colcon.colcon_core.package_identification:_identify(src/f1tenth_system/vesc/vesc) by extensions ['colcon_pkg']
[1.717s] Level 1:colcon.colcon_core.package_identification:_identify(src/f1tenth_system/vesc/vesc) by extension 'colcon_pkg'
[1.717s] Level 1:colcon.colcon_core.package_identification:_identify(src/f1tenth_system/vesc/vesc) by extensions ['colcon_meta']
[1.717s] Level 1:colcon.colcon_core.package_identification:_identify(src/f1tenth_system/vesc/vesc) by extension 'colcon_meta'
[1.718s] Level 1:colcon.colcon_core.package_identification:_identify(src/f1tenth_system/vesc/vesc) by extensions ['ros']
[1.718s] Level 1:colcon.colcon_core.package_identification:_identify(src/f1tenth_system/vesc/vesc) by extension 'ros'
[1.721s] DEBUG:colcon.colcon_core.package_identification:Package 'src/f1tenth_system/vesc/vesc' with type 'ros.ament_cmake' and name 'vesc'
[1.721s] Level 1:colcon.colcon_core.package_identification:_identify(src/f1tenth_system/vesc/vesc_ackermann) by extensions ['ignore', 'ignore_ament_install']
[1.722s] Level 1:colcon.colcon_core.package_identification:_identify(src/f1tenth_system/vesc/vesc_ackermann) by extension 'ignore'
[1.722s] Level 1:colcon.colcon_core.package_identification:_identify(src/f1tenth_system/vesc/vesc_ackermann) by extension 'ignore_ament_install'
[1.722s] Level 1:colcon.colcon_core.package_identification:_identify(src/f1tenth_system/vesc/vesc_ackermann) by extensions ['colcon_pkg']
[1.723s] Level 1:colcon.colcon_core.package_identification:_identify(src/f1tenth_system/vesc/vesc_ackermann) by extension 'colcon_pkg'
[1.723s] Level 1:colcon.colcon_core.package_identification:_identify(src/f1tenth_system/vesc/vesc_ackermann) by extensions ['colcon_meta']
[1.723s] Level 1:colcon.colcon_core.package_identification:_identify(src/f1tenth_system/vesc/vesc_ackermann) by extension 'colcon_meta'
[1.723s] Level 1:colcon.colcon_core.package_identification:_identify(src/f1tenth_system/vesc/vesc_ackermann) by extensions ['ros']
[1.724s] Level 1:colcon.colcon_core.package_identification:_identify(src/f1tenth_system/vesc/vesc_ackermann) by extension 'ros'
[1.729s] DEBUG:colcon.colcon_core.package_identification:Package 'src/f1tenth_system/vesc/vesc_ackermann' with type 'ros.ament_cmake' and name 'vesc_ackermann'
[1.730s] Level 1:colcon.colcon_core.package_identification:_identify(src/f1tenth_system/vesc/vesc_driver) by extensions ['ignore', 'ignore_ament_install']
[1.731s] Level 1:colcon.colcon_core.package_identification:_identify(src/f1tenth_system/vesc/vesc_driver) by extension 'ignore'
[1.731s] Level 1:colcon.colcon_core.package_identification:_identify(src/f1tenth_system/vesc/vesc_driver) by extension 'ignore_ament_install'
[1.731s] Level 1:colcon.colcon_core.package_identification:_identify(src/f1tenth_system/vesc/vesc_driver) by extensions ['colcon_pkg']
[1.732s] Level 1:colcon.colcon_core.package_identification:_identify(src/f1tenth_system/vesc/vesc_driver) by extension 'colcon_pkg'
[1.732s] Level 1:colcon.colcon_core.package_identification:_identify(src/f1tenth_system/vesc/vesc_driver) by extensions ['colcon_meta']
[1.732s] Level 1:colcon.colcon_core.package_identification:_identify(src/f1tenth_system/vesc/vesc_driver) by extension 'colcon_meta'
[1.732s] Level 1:colcon.colcon_core.package_identification:_identify(src/f1tenth_system/vesc/vesc_driver) by extensions ['ros']
[1.733s] Level 1:colcon.colcon_core.package_identification:_identify(src/f1tenth_system/vesc/vesc_driver) by extension 'ros'
[1.738s] DEBUG:colcon.colcon_core.package_identification:Package 'src/f1tenth_system/vesc/vesc_driver' with type 'ros.ament_cmake' and name 'vesc_driver'
[1.739s] Level 1:colcon.colcon_core.package_identification:_identify(src/f1tenth_system/vesc/vesc_msgs) by extensions ['ignore', 'ignore_ament_install']
[1.739s] Level 1:colcon.colcon_core.package_identification:_identify(src/f1tenth_system/vesc/vesc_msgs) by extension 'ignore'
[1.739s] Level 1:colcon.colcon_core.package_identification:_identify(src/f1tenth_system/vesc/vesc_msgs) by extension 'ignore_ament_install'
[1.740s] Level 1:colcon.colcon_core.package_identification:_identify(src/f1tenth_system/vesc/vesc_msgs) by extensions ['colcon_pkg']
[1.740s] Level 1:colcon.colcon_core.package_identification:_identify(src/f1tenth_system/vesc/vesc_msgs) by extension 'colcon_pkg'
[1.740s] Level 1:colcon.colcon_core.package_identification:_identify(src/f1tenth_system/vesc/vesc_msgs) by extensions ['colcon_meta']
[1.740s] Level 1:colcon.colcon_core.package_identification:_identify(src/f1tenth_system/vesc/vesc_msgs) by extension 'colcon_meta'
[1.740s] Level 1:colcon.colcon_core.package_identification:_identify(src/f1tenth_system/vesc/vesc_msgs) by extensions ['ros']
[1.741s] Level 1:colcon.colcon_core.package_identification:_identify(src/f1tenth_system/vesc/vesc_msgs) by extension 'ros'
[1.744s] DEBUG:colcon.colcon_core.package_identification:Package 'src/f1tenth_system/vesc/vesc_msgs' with type 'ros.ament_cmake' and name 'vesc_msgs'
[1.745s] Level 1:colcon.colcon_core.package_identification:_identify(src/mapping) by extensions ['ignore', 'ignore_ament_install']
[1.745s] Level 1:colcon.colcon_core.package_identification:_identify(src/mapping) by extension 'ignore'
[1.746s] Level 1:colcon.colcon_core.package_identification:_identify(src/mapping) by extension 'ignore_ament_install'
[1.746s] Level 1:colcon.colcon_core.package_identification:_identify(src/mapping) by extensions ['colcon_pkg']
[1.746s] Level 1:colcon.colcon_core.package_identification:_identify(src/mapping) by extension 'colcon_pkg'
[1.746s] Level 1:colcon.colcon_core.package_identification:_identify(src/mapping) by extensions ['colcon_meta']
[1.747s] Level 1:colcon.colcon_core.package_identification:_identify(src/mapping) by extension 'colcon_meta'
[1.747s] Level 1:colcon.colcon_core.package_identification:_identify(src/mapping) by extensions ['ros']
[1.747s] Level 1:colcon.colcon_core.package_identification:_identify(src/mapping) by extension 'ros'
[1.749s] DEBUG:colcon.colcon_core.package_identification:Package 'src/mapping' with type 'ros.ament_python' and name 'mapping'
[1.750s] Level 1:colcon.colcon_core.package_identification:_identify(src/new_map_saver) by extensions ['ignore', 'ignore_ament_install']
[1.750s] Level 1:colcon.colcon_core.package_identification:_identify(src/new_map_saver) by extension 'ignore'
[1.750s] Level 1:colcon.colcon_core.package_identification:_identify(src/new_map_saver) by extension 'ignore_ament_install'
[1.751s] Level 1:colcon.colcon_core.package_identification:_identify(src/new_map_saver) by extensions ['colcon_pkg']
[1.751s] Level 1:colcon.colcon_core.package_identification:_identify(src/new_map_saver) by extension 'colcon_pkg'
[1.751s] Level 1:colcon.colcon_core.package_identification:_identify(src/new_map_saver) by extensions ['colcon_meta']
[1.751s] Level 1:colcon.colcon_core.package_identification:_identify(src/new_map_saver) by extension 'colcon_meta'
[1.752s] Level 1:colcon.colcon_core.package_identification:_identify(src/new_map_saver) by extensions ['ros']
[1.752s] Level 1:colcon.colcon_core.package_identification:_identify(src/new_map_saver) by extension 'ros'
[1.754s] DEBUG:colcon.colcon_core.package_identification:Package 'src/new_map_saver' with type 'ros.ament_python' and name 'new_map_saver'
[1.755s] Level 1:colcon.colcon_core.package_identification:_identify(src/phasespace) by extensions ['ignore', 'ignore_ament_install']
[1.755s] Level 1:colcon.colcon_core.package_identification:_identify(src/phasespace) by extension 'ignore'
[1.755s] Level 1:colcon.colcon_core.package_identification:_identify(src/phasespace) by extension 'ignore_ament_install'
[1.756s] Level 1:colcon.colcon_core.package_identification:_identify(src/phasespace) by extensions ['colcon_pkg']
[1.756s] Level 1:colcon.colcon_core.package_identification:_identify(src/phasespace) by extension 'colcon_pkg'
[1.756s] Level 1:colcon.colcon_core.package_identification:_identify(src/phasespace) by extensions ['colcon_meta']
[1.756s] Level 1:colcon.colcon_core.package_identification:_identify(src/phasespace) by extension 'colcon_meta'
[1.757s] Level 1:colcon.colcon_core.package_identification:_identify(src/phasespace) by extensions ['ros']
[1.757s] Level 1:colcon.colcon_core.package_identification:_identify(src/phasespace) by extension 'ros'
[1.759s] DEBUG:colcon.colcon_core.package_identification:Package 'src/phasespace' with type 'ros.ament_python' and name 'phasespace'
[1.759s] Level 1:colcon.colcon_core.package_discovery:discover_packages(recursive) using defaults
[1.759s] Level 1:colcon.colcon_core.package_discovery:discover_packages(ignore) discover
[1.760s] Level 1:colcon.colcon_core.package_discovery:discover_packages(ignore) using defaults
[1.760s] Level 1:colcon.colcon_core.package_discovery:discover_packages(path) discover
[1.760s] Level 1:colcon.colcon_core.package_discovery:discover_packages(path) using defaults
[1.859s] Level 1:colcon.colcon_core.package_discovery:discover_packages(prefix_path) check parameters
[1.859s] Level 1:colcon.colcon_core.package_discovery:discover_packages(prefix_path) discover
[1.863s] Level 1:colcon.colcon_core.package_discovery:discover_packages(prefix_path) using defaults
[1.869s] Level 5:colcon.colcon_core.verb:set package 'ackermann_mux' build argument 'cmake_args' from command line to 'None'
[1.869s] Level 5:colcon.colcon_core.verb:set package 'ackermann_mux' build argument 'cmake_target' from command line to 'None'
[1.869s] Level 5:colcon.colcon_core.verb:set package 'ackermann_mux' build argument 'cmake_target_skip_unavailable' from command line to 'False'
[1.869s] Level 5:colcon.colcon_core.verb:set package 'ackermann_mux' build argument 'cmake_clean_cache' from command line to 'False'
[1.870s] Level 5:colcon.colcon_core.verb:set package 'ackermann_mux' build argument 'cmake_clean_first' from command line to 'False'
[1.870s] Level 5:colcon.colcon_core.verb:set package 'ackermann_mux' build argument 'cmake_force_configure' from command line to 'False'
[1.870s] Level 5:colcon.colcon_core.verb:set package 'ackermann_mux' build argument 'ament_cmake_args' from command line to 'None'
[1.870s] Level 5:colcon.colcon_core.verb:set package 'ackermann_mux' build argument 'catkin_cmake_args' from command line to 'None'
[1.870s] Level 5:colcon.colcon_core.verb:set package 'ackermann_mux' build argument 'catkin_skip_building_tests' from command line to 'False'
[1.871s] DEBUG:colcon.colcon_core.verb:Building package 'ackermann_mux' with the following arguments: {'ament_cmake_args': None, 'build_base': '/home/nvidia/f1tenth_ws/build/ackermann_mux', 'catkin_cmake_args': None, 'catkin_skip_building_tests': False, 'cmake_args': None, 'cmake_clean_cache': False, 'cmake_clean_first': False, 'cmake_force_configure': False, 'cmake_target': None, 'cmake_target_skip_unavailable': False, 'install_base': '/home/nvidia/f1tenth_ws/install/ackermann_mux', 'merge_install': False, 'path': '/home/nvidia/f1tenth_ws/src/f1tenth_system/ackermann_mux', 'symlink_install': False, 'test_result_base': None}
[1.872s] Level 5:colcon.colcon_core.verb:set package 'f1tenth_controllers' build argument 'cmake_args' from command line to 'None'
[1.873s] Level 5:colcon.colcon_core.verb:set package 'f1tenth_controllers' build argument 'cmake_target' from command line to 'None'
[1.873s] Level 5:colcon.colcon_core.verb:set package 'f1tenth_controllers' build argument 'cmake_target_skip_unavailable' from command line to 'False'
[1.873s] Level 5:colcon.colcon_core.verb:set package 'f1tenth_controllers' build argument 'cmake_clean_cache' from command line to 'False'
[1.873s] Level 5:colcon.colcon_core.verb:set package 'f1tenth_controllers' build argument 'cmake_clean_first' from command line to 'False'
[1.873s] Level 5:colcon.colcon_core.verb:set package 'f1tenth_controllers' build argument 'cmake_force_configure' from command line to 'False'
[1.874s] Level 5:colcon.colcon_core.verb:set package 'f1tenth_controllers' build argument 'ament_cmake_args' from command line to 'None'
[1.874s] Level 5:colcon.colcon_core.verb:set package 'f1tenth_controllers' build argument 'catkin_cmake_args' from command line to 'None'
[1.874s] Level 5:colcon.colcon_core.verb:set package 'f1tenth_controllers' build argument 'catkin_skip_building_tests' from command line to 'False'
[1.874s] DEBUG:colcon.colcon_core.verb:Building package 'f1tenth_controllers' with the following arguments: {'ament_cmake_args': None, 'build_base': '/home/nvidia/f1tenth_ws/build/f1tenth_controllers', 'catkin_cmake_args': None, 'catkin_skip_building_tests': False, 'cmake_args': None, 'cmake_clean_cache': False, 'cmake_clean_first': False, 'cmake_force_configure': False, 'cmake_target': None, 'cmake_target_skip_unavailable': False, 'install_base': '/home/nvidia/f1tenth_ws/install/f1tenth_controllers', 'merge_install': False, 'path': '/home/nvidia/f1tenth_ws/src/f1tenth_controllers', 'symlink_install': False, 'test_result_base': None}
[1.876s] Level 5:colcon.colcon_core.verb:set package 'key_teleop' build argument 'cmake_args' from command line to 'None'
[1.876s] Level 5:colcon.colcon_core.verb:set package 'key_teleop' build argument 'cmake_target' from command line to 'None'
[1.876s] Level 5:colcon.colcon_core.verb:set package 'key_teleop' build argument 'cmake_target_skip_unavailable' from command line to 'False'
[1.877s] Level 5:colcon.colcon_core.verb:set package 'key_teleop' build argument 'cmake_clean_cache' from command line to 'False'
[1.877s] Level 5:colcon.colcon_core.verb:set package 'key_teleop' build argument 'cmake_clean_first' from command line to 'False'
[1.877s] Level 5:colcon.colcon_core.verb:set package 'key_teleop' build argument 'cmake_force_configure' from command line to 'False'
[1.877s] Level 5:colcon.colcon_core.verb:set package 'key_teleop' build argument 'ament_cmake_args' from command line to 'None'
[1.877s] Level 5:colcon.colcon_core.verb:set package 'key_teleop' build argument 'catkin_cmake_args' from command line to 'None'
[1.877s] Level 5:colcon.colcon_core.verb:set package 'key_teleop' build argument 'catkin_skip_building_tests' from command line to 'False'
[1.878s] DEBUG:colcon.colcon_core.verb:Building package 'key_teleop' with the following arguments: {'ament_cmake_args': None, 'build_base': '/home/nvidia/f1tenth_ws/build/key_teleop', 'catkin_cmake_args': None, 'catkin_skip_building_tests': False, 'cmake_args': None, 'cmake_clean_cache': False, 'cmake_clean_first': False, 'cmake_force_configure': False, 'cmake_target': None, 'cmake_target_skip_unavailable': False, 'install_base': '/home/nvidia/f1tenth_ws/install/key_teleop', 'merge_install': False, 'path': '/home/nvidia/f1tenth_ws/src/f1tenth_system/teleop_tools/key_teleop', 'symlink_install': False, 'test_result_base': None}
[1.879s] Level 5:colcon.colcon_core.verb:set package 'mapping' build argument 'cmake_args' from command line to 'None'
[1.879s] Level 5:colcon.colcon_core.verb:set package 'mapping' build argument 'cmake_target' from command line to 'None'
[1.880s] Level 5:colcon.colcon_core.verb:set package 'mapping' build argument 'cmake_target_skip_unavailable' from command line to 'False'
[1.880s] Level 5:colcon.colcon_core.verb:set package 'mapping' build argument 'cmake_clean_cache' from command line to 'False'
[1.880s] Level 5:colcon.colcon_core.verb:set package 'mapping' build argument 'cmake_clean_first' from command line to 'False'
[1.880s] Level 5:colcon.colcon_core.verb:set package 'mapping' build argument 'cmake_force_configure' from command line to 'False'
[1.880s] Level 5:colcon.colcon_core.verb:set package 'mapping' build argument 'ament_cmake_args' from command line to 'None'
[1.880s] Level 5:colcon.colcon_core.verb:set package 'mapping' build argument 'catkin_cmake_args' from command line to 'None'
[1.881s] Level 5:colcon.colcon_core.verb:set package 'mapping' build argument 'catkin_skip_building_tests' from command line to 'False'
[1.881s] DEBUG:colcon.colcon_core.verb:Building package 'mapping' with the following arguments: {'ament_cmake_args': None, 'build_base': '/home/nvidia/f1tenth_ws/build/mapping', 'catkin_cmake_args': None, 'catkin_skip_building_tests': False, 'cmake_args': None, 'cmake_clean_cache': False, 'cmake_clean_first': False, 'cmake_force_configure': False, 'cmake_target': None, 'cmake_target_skip_unavailable': False, 'install_base': '/home/nvidia/f1tenth_ws/install/mapping', 'merge_install': False, 'path': '/home/nvidia/f1tenth_ws/src/mapping', 'symlink_install': False, 'test_result_base': None}
[1.883s] Level 5:colcon.colcon_core.verb:set package 'mouse_teleop' build argument 'cmake_args' from command line to 'None'
[1.883s] Level 5:colcon.colcon_core.verb:set package 'mouse_teleop' build argument 'cmake_target' from command line to 'None'
[1.883s] Level 5:colcon.colcon_core.verb:set package 'mouse_teleop' build argument 'cmake_target_skip_unavailable' from command line to 'False'
[1.883s] Level 5:colcon.colcon_core.verb:set package 'mouse_teleop' build argument 'cmake_clean_cache' from command line to 'False'
[1.883s] Level 5:colcon.colcon_core.verb:set package 'mouse_teleop' build argument 'cmake_clean_first' from command line to 'False'
[1.883s] Level 5:colcon.colcon_core.verb:set package 'mouse_teleop' build argument 'cmake_force_configure' from command line to 'False'
[1.884s] Level 5:colcon.colcon_core.verb:set package 'mouse_teleop' build argument 'ament_cmake_args' from command line to 'None'
[1.884s] Level 5:colcon.colcon_core.verb:set package 'mouse_teleop' build argument 'catkin_cmake_args' from command line to 'None'
[1.884s] Level 5:colcon.colcon_core.verb:set package 'mouse_teleop' build argument 'catkin_skip_building_tests' from command line to 'False'
[1.884s] DEBUG:colcon.colcon_core.verb:Building package 'mouse_teleop' with the following arguments: {'ament_cmake_args': None, 'build_base': '/home/nvidia/f1tenth_ws/build/mouse_teleop', 'catkin_cmake_args': None, 'catkin_skip_building_tests': False, 'cmake_args': None, 'cmake_clean_cache': False, 'cmake_clean_first': False, 'cmake_force_configure': False, 'cmake_target': None, 'cmake_target_skip_unavailable': False, 'install_base': '/home/nvidia/f1tenth_ws/install/mouse_teleop', 'merge_install': False, 'path': '/home/nvidia/f1tenth_ws/src/f1tenth_system/teleop_tools/mouse_teleop', 'symlink_install': False, 'test_result_base': None}
[1.886s] Level 5:colcon.colcon_core.verb:set package 'new_map_saver' build argument 'cmake_args' from command line to 'None'
[1.886s] Level 5:colcon.colcon_core.verb:set package 'new_map_saver' build argument 'cmake_target' from command line to 'None'
[1.886s] Level 5:colcon.colcon_core.verb:set package 'new_map_saver' build argument 'cmake_target_skip_unavailable' from command line to 'False'
[1.886s] Level 5:colcon.colcon_core.verb:set package 'new_map_saver' build argument 'cmake_clean_cache' from command line to 'False'
[1.887s] Level 5:colcon.colcon_core.verb:set package 'new_map_saver' build argument 'cmake_clean_first' from command line to 'False'
[1.887s] Level 5:colcon.colcon_core.verb:set package 'new_map_saver' build argument 'cmake_force_configure' from command line to 'False'
[1.887s] Level 5:colcon.colcon_core.verb:set package 'new_map_saver' build argument 'ament_cmake_args' from command line to 'None'
[1.887s] Level 5:colcon.colcon_core.verb:set package 'new_map_saver' build argument 'catkin_cmake_args' from command line to 'None'
[1.887s] Level 5:colcon.colcon_core.verb:set package 'new_map_saver' build argument 'catkin_skip_building_tests' from command line to 'False'
[1.887s] DEBUG:colcon.colcon_core.verb:Building package 'new_map_saver' with the following arguments: {'ament_cmake_args': None, 'build_base': '/home/nvidia/f1tenth_ws/build/new_map_saver', 'catkin_cmake_args': None, 'catkin_skip_building_tests': False, 'cmake_args': None, 'cmake_clean_cache': False, 'cmake_clean_first': False, 'cmake_force_configure': False, 'cmake_target': None, 'cmake_target_skip_unavailable': False, 'install_base': '/home/nvidia/f1tenth_ws/install/new_map_saver', 'merge_install': False, 'path': '/home/nvidia/f1tenth_ws/src/new_map_saver', 'symlink_install': False, 'test_result_base': None}
[1.889s] Level 5:colcon.colcon_core.verb:set package 'phasespace' build argument 'cmake_args' from command line to 'None'
[1.889s] Level 5:colcon.colcon_core.verb:set package 'phasespace' build argument 'cmake_target' from command line to 'None'
[1.890s] Level 5:colcon.colcon_core.verb:set package 'phasespace' build argument 'cmake_target_skip_unavailable' from command line to 'False'
[1.890s] Level 5:colcon.colcon_core.verb:set package 'phasespace' build argument 'cmake_clean_cache' from command line to 'False'
[1.890s] Level 5:colcon.colcon_core.verb:set package 'phasespace' build argument 'cmake_clean_first' from command line to 'False'
[1.890s] Level 5:colcon.colcon_core.verb:set package 'phasespace' build argument 'cmake_force_configure' from command line to 'False'
[1.890s] Level 5:colcon.colcon_core.verb:set package 'phasespace' build argument 'ament_cmake_args' from command line to 'None'
[1.890s] Level 5:colcon.colcon_core.verb:set package 'phasespace' build argument 'catkin_cmake_args' from command line to 'None'
[1.890s] Level 5:colcon.colcon_core.verb:set package 'phasespace' build argument 'catkin_skip_building_tests' from command line to 'False'
[1.891s] DEBUG:colcon.colcon_core.verb:Building package 'phasespace' with the following arguments: {'ament_cmake_args': None, 'build_base': '/home/nvidia/f1tenth_ws/build/phasespace', 'catkin_cmake_args': None, 'catkin_skip_building_tests': False, 'cmake_args': None, 'cmake_clean_cache': False, 'cmake_clean_first': False, 'cmake_force_configure': False, 'cmake_target': None, 'cmake_target_skip_unavailable': False, 'install_base': '/home/nvidia/f1tenth_ws/install/phasespace', 'merge_install': False, 'path': '/home/nvidia/f1tenth_ws/src/phasespace', 'symlink_install': False, 'test_result_base': None}
[1.892s] Level 5:colcon.colcon_core.verb:set package 'teleop_tools_msgs' build argument 'cmake_args' from command line to 'None'
[1.893s] Level 5:colcon.colcon_core.verb:set package 'teleop_tools_msgs' build argument 'cmake_target' from command line to 'None'
[1.893s] Level 5:colcon.colcon_core.verb:set package 'teleop_tools_msgs' build argument 'cmake_target_skip_unavailable' from command line to 'False'
[1.893s] Level 5:colcon.colcon_core.verb:set package 'teleop_tools_msgs' build argument 'cmake_clean_cache' from command line to 'False'
[1.893s] Level 5:colcon.colcon_core.verb:set package 'teleop_tools_msgs' build argument 'cmake_clean_first' from command line to 'False'
[1.893s] Level 5:colcon.colcon_core.verb:set package 'teleop_tools_msgs' build argument 'cmake_force_configure' from command line to 'False'
[1.893s] Level 5:colcon.colcon_core.verb:set package 'teleop_tools_msgs' build argument 'ament_cmake_args' from command line to 'None'
[1.894s] Level 5:colcon.colcon_core.verb:set package 'teleop_tools_msgs' build argument 'catkin_cmake_args' from command line to 'None'
[1.894s] Level 5:colcon.colcon_core.verb:set package 'teleop_tools_msgs' build argument 'catkin_skip_building_tests' from command line to 'False'
[1.894s] DEBUG:colcon.colcon_core.verb:Building package 'teleop_tools_msgs' with the following arguments: {'ament_cmake_args': None, 'build_base': '/home/nvidia/f1tenth_ws/build/teleop_tools_msgs', 'catkin_cmake_args': None, 'catkin_skip_building_tests': False, 'cmake_args': None, 'cmake_clean_cache': False, 'cmake_clean_first': False, 'cmake_force_configure': False, 'cmake_target': None, 'cmake_target_skip_unavailable': False, 'install_base': '/home/nvidia/f1tenth_ws/install/teleop_tools_msgs', 'merge_install': False, 'path': '/home/nvidia/f1tenth_ws/src/f1tenth_system/teleop_tools/teleop_tools_msgs', 'symlink_install': False, 'test_result_base': None}
[1.896s] Level 5:colcon.colcon_core.verb:set package 'vesc_msgs' build argument 'cmake_args' from command line to 'None'
[1.896s] Level 5:colcon.colcon_core.verb:set package 'vesc_msgs' build argument 'cmake_target' from command line to 'None'
[1.896s] Level 5:colcon.colcon_core.verb:set package 'vesc_msgs' build argument 'cmake_target_skip_unavailable' from command line to 'False'
[1.896s] Level 5:colcon.colcon_core.verb:set package 'vesc_msgs' build argument 'cmake_clean_cache' from command line to 'False'
[1.896s] Level 5:colcon.colcon_core.verb:set package 'vesc_msgs' build argument 'cmake_clean_first' from command line to 'False'
[1.897s] Level 5:colcon.colcon_core.verb:set package 'vesc_msgs' build argument 'cmake_force_configure' from command line to 'False'
[1.897s] Level 5:colcon.colcon_core.verb:set package 'vesc_msgs' build argument 'ament_cmake_args' from command line to 'None'
[1.897s] Level 5:colcon.colcon_core.verb:set package 'vesc_msgs' build argument 'catkin_cmake_args' from command line to 'None'
[1.897s] Level 5:colcon.colcon_core.verb:set package 'vesc_msgs' build argument 'catkin_skip_building_tests' from command line to 'False'
[1.897s] DEBUG:colcon.colcon_core.verb:Building package 'vesc_msgs' with the following arguments: {'ament_cmake_args': None, 'build_base': '/home/nvidia/f1tenth_ws/build/vesc_msgs', 'catkin_cmake_args': None, 'catkin_skip_building_tests': False, 'cmake_args': None, 'cmake_clean_cache': False, 'cmake_clean_first': False, 'cmake_force_configure': False, 'cmake_target': None, 'cmake_target_skip_unavailable': False, 'install_base': '/home/nvidia/f1tenth_ws/install/vesc_msgs', 'merge_install': False, 'path': '/home/nvidia/f1tenth_ws/src/f1tenth_system/vesc/vesc_msgs', 'symlink_install': False, 'test_result_base': None}
[1.899s] Level 5:colcon.colcon_core.verb:set package 'joy_teleop' build argument 'cmake_args' from command line to 'None'
[1.899s] Level 5:colcon.colcon_core.verb:set package 'joy_teleop' build argument 'cmake_target' from command line to 'None'
[1.899s] Level 5:colcon.colcon_core.verb:set package 'joy_teleop' build argument 'cmake_target_skip_unavailable' from command line to 'False'
[1.899s] Level 5:colcon.colcon_core.verb:set package 'joy_teleop' build argument 'cmake_clean_cache' from command line to 'False'
[1.900s] Level 5:colcon.colcon_core.verb:set package 'joy_teleop' build argument 'cmake_clean_first' from command line to 'False'
[1.900s] Level 5:colcon.colcon_core.verb:set package 'joy_teleop' build argument 'cmake_force_configure' from command line to 'False'
[1.900s] Level 5:colcon.colcon_core.verb:set package 'joy_teleop' build argument 'ament_cmake_args' from command line to 'None'
[1.900s] Level 5:colcon.colcon_core.verb:set package 'joy_teleop' build argument 'catkin_cmake_args' from command line to 'None'
[1.900s] Level 5:colcon.colcon_core.verb:set package 'joy_teleop' build argument 'catkin_skip_building_tests' from command line to 'False'
[1.900s] DEBUG:colcon.colcon_core.verb:Building package 'joy_teleop' with the following arguments: {'ament_cmake_args': None, 'build_base': '/home/nvidia/f1tenth_ws/build/joy_teleop', 'catkin_cmake_args': None, 'catkin_skip_building_tests': False, 'cmake_args': None, 'cmake_clean_cache': False, 'cmake_clean_first': False, 'cmake_force_configure': False, 'cmake_target': None, 'cmake_target_skip_unavailable': False, 'install_base': '/home/nvidia/f1tenth_ws/install/joy_teleop', 'merge_install': False, 'path': '/home/nvidia/f1tenth_ws/src/f1tenth_system/teleop_tools/joy_teleop', 'symlink_install': False, 'test_result_base': None}
[1.902s] Level 5:colcon.colcon_core.verb:set package 'vesc_ackermann' build argument 'cmake_args' from command line to 'None'
[1.902s] Level 5:colcon.colcon_core.verb:set package 'vesc_ackermann' build argument 'cmake_target' from command line to 'None'
[1.903s] Level 5:colcon.colcon_core.verb:set package 'vesc_ackermann' build argument 'cmake_target_skip_unavailable' from command line to 'False'
[1.903s] Level 5:colcon.colcon_core.verb:set package 'vesc_ackermann' build argument 'cmake_clean_cache' from command line to 'False'
[1.903s] Level 5:colcon.colcon_core.verb:set package 'vesc_ackermann' build argument 'cmake_clean_first' from command line to 'False'
[1.903s] Level 5:colcon.colcon_core.verb:set package 'vesc_ackermann' build argument 'cmake_force_configure' from command line to 'False'
[1.903s] Level 5:colcon.colcon_core.verb:set package 'vesc_ackermann' build argument 'ament_cmake_args' from command line to 'None'
[1.903s] Level 5:colcon.colcon_core.verb:set package 'vesc_ackermann' build argument 'catkin_cmake_args' from command line to 'None'
[1.903s] Level 5:colcon.colcon_core.verb:set package 'vesc_ackermann' build argument 'catkin_skip_building_tests' from command line to 'False'
[1.904s] DEBUG:colcon.colcon_core.verb:Building package 'vesc_ackermann' with the following arguments: {'ament_cmake_args': None, 'build_base': '/home/nvidia/f1tenth_ws/build/vesc_ackermann', 'catkin_cmake_args': None, 'catkin_skip_building_tests': False, 'cmake_args': None, 'cmake_clean_cache': False, 'cmake_clean_first': False, 'cmake_force_configure': False, 'cmake_target': None, 'cmake_target_skip_unavailable': False, 'install_base': '/home/nvidia/f1tenth_ws/install/vesc_ackermann', 'merge_install': False, 'path': '/home/nvidia/f1tenth_ws/src/f1tenth_system/vesc/vesc_ackermann', 'symlink_install': False, 'test_result_base': None}
[1.905s] Level 5:colcon.colcon_core.verb:set package 'vesc_driver' build argument 'cmake_args' from command line to 'None'
[1.906s] Level 5:colcon.colcon_core.verb:set package 'vesc_driver' build argument 'cmake_target' from command line to 'None'
[1.906s] Level 5:colcon.colcon_core.verb:set package 'vesc_driver' build argument 'cmake_target_skip_unavailable' from command line to 'False'
[1.906s] Level 5:colcon.colcon_core.verb:set package 'vesc_driver' build argument 'cmake_clean_cache' from command line to 'False'
[1.906s] Level 5:colcon.colcon_core.verb:set package 'vesc_driver' build argument 'cmake_clean_first' from command line to 'False'
[1.906s] Level 5:colcon.colcon_core.verb:set package 'vesc_driver' build argument 'cmake_force_configure' from command line to 'False'
[1.906s] Level 5:colcon.colcon_core.verb:set package 'vesc_driver' build argument 'ament_cmake_args' from command line to 'None'
[1.907s] Level 5:colcon.colcon_core.verb:set package 'vesc_driver' build argument 'catkin_cmake_args' from command line to 'None'
[1.907s] Level 5:colcon.colcon_core.verb:set package 'vesc_driver' build argument 'catkin_skip_building_tests' from command line to 'False'
[1.907s] DEBUG:colcon.colcon_core.verb:Building package 'vesc_driver' with the following arguments: {'ament_cmake_args': None, 'build_base': '/home/nvidia/f1tenth_ws/build/vesc_driver', 'catkin_cmake_args': None, 'catkin_skip_building_tests': False, 'cmake_args': None, 'cmake_clean_cache': False, 'cmake_clean_first': False, 'cmake_force_configure': False, 'cmake_target': None, 'cmake_target_skip_unavailable': False, 'install_base': '/home/nvidia/f1tenth_ws/install/vesc_driver', 'merge_install': False, 'path': '/home/nvidia/f1tenth_ws/src/f1tenth_system/vesc/vesc_driver', 'symlink_install': False, 'test_result_base': None}
[1.909s] Level 5:colcon.colcon_core.verb:set package 'teleop_tools' build argument 'cmake_args' from command line to 'None'
[1.909s] Level 5:colcon.colcon_core.verb:set package 'teleop_tools' build argument 'cmake_target' from command line to 'None'
[1.909s] Level 5:colcon.colcon_core.verb:set package 'teleop_tools' build argument 'cmake_target_skip_unavailable' from command line to 'False'
[1.909s] Level 5:colcon.colcon_core.verb:set package 'teleop_tools' build argument 'cmake_clean_cache' from command line to 'False'
[1.909s] Level 5:colcon.colcon_core.verb:set package 'teleop_tools' build argument 'cmake_clean_first' from command line to 'False'
[1.910s] Level 5:colcon.colcon_core.verb:set package 'teleop_tools' build argument 'cmake_force_configure' from command line to 'False'
[1.910s] Level 5:colcon.colcon_core.verb:set package 'teleop_tools' build argument 'ament_cmake_args' from command line to 'None'
[1.910s] Level 5:colcon.colcon_core.verb:set package 'teleop_tools' build argument 'catkin_cmake_args' from command line to 'None'
[1.910s] Level 5:colcon.colcon_core.verb:set package 'teleop_tools' build argument 'catkin_skip_building_tests' from command line to 'False'
[1.910s] DEBUG:colcon.colcon_core.verb:Building package 'teleop_tools' with the following arguments: {'ament_cmake_args': None, 'build_base': '/home/nvidia/f1tenth_ws/build/teleop_tools', 'catkin_cmake_args': None, 'catkin_skip_building_tests': False, 'cmake_args': None, 'cmake_clean_cache': False, 'cmake_clean_first': False, 'cmake_force_configure': False, 'cmake_target': None, 'cmake_target_skip_unavailable': False, 'install_base': '/home/nvidia/f1tenth_ws/install/teleop_tools', 'merge_install': False, 'path': '/home/nvidia/f1tenth_ws/src/f1tenth_system/teleop_tools/teleop_tools', 'symlink_install': False, 'test_result_base': None}
[1.912s] Level 5:colcon.colcon_core.verb:set package 'vesc' build argument 'cmake_args' from command line to 'None'
[1.912s] Level 5:colcon.colcon_core.verb:set package 'vesc' build argument 'cmake_target' from command line to 'None'
[1.912s] Level 5:colcon.colcon_core.verb:set package 'vesc' build argument 'cmake_target_skip_unavailable' from command line to 'False'
[1.913s] Level 5:colcon.colcon_core.verb:set package 'vesc' build argument 'cmake_clean_cache' from command line to 'False'
[1.913s] Level 5:colcon.colcon_core.verb:set package 'vesc' build argument 'cmake_clean_first' from command line to 'False'
[1.913s] Level 5:colcon.colcon_core.verb:set package 'vesc' build argument 'cmake_force_configure' from command line to 'False'
[1.913s] Level 5:colcon.colcon_core.verb:set package 'vesc' build argument 'ament_cmake_args' from command line to 'None'
[1.913s] Level 5:colcon.colcon_core.verb:set package 'vesc' build argument 'catkin_cmake_args' from command line to 'None'
[1.913s] Level 5:colcon.colcon_core.verb:set package 'vesc' build argument 'catkin_skip_building_tests' from command line to 'False'
[1.914s] DEBUG:colcon.colcon_core.verb:Building package 'vesc' with the following arguments: {'ament_cmake_args': None, 'build_base': '/home/nvidia/f1tenth_ws/build/vesc', 'catkin_cmake_args': None, 'catkin_skip_building_tests': False, 'cmake_args': None, 'cmake_clean_cache': False, 'cmake_clean_first': False, 'cmake_force_configure': False, 'cmake_target': None, 'cmake_target_skip_unavailable': False, 'install_base': '/home/nvidia/f1tenth_ws/install/vesc', 'merge_install': False, 'path': '/home/nvidia/f1tenth_ws/src/f1tenth_system/vesc/vesc', 'symlink_install': False, 'test_result_base': None}
[1.915s] Level 5:colcon.colcon_core.verb:set package 'f1tenth_stack' build argument 'cmake_args' from command line to 'None'
[1.916s] Level 5:colcon.colcon_core.verb:set package 'f1tenth_stack' build argument 'cmake_target' from command line to 'None'
[1.916s] Level 5:colcon.colcon_core.verb:set package 'f1tenth_stack' build argument 'cmake_target_skip_unavailable' from command line to 'False'
[1.916s] Level 5:colcon.colcon_core.verb:set package 'f1tenth_stack' build argument 'cmake_clean_cache' from command line to 'False'
[1.916s] Level 5:colcon.colcon_core.verb:set package 'f1tenth_stack' build argument 'cmake_clean_first' from command line to 'False'
[1.916s] Level 5:colcon.colcon_core.verb:set package 'f1tenth_stack' build argument 'cmake_force_configure' from command line to 'False'
[1.916s] Level 5:colcon.colcon_core.verb:set package 'f1tenth_stack' build argument 'ament_cmake_args' from command line to 'None'
[1.916s] Level 5:colcon.colcon_core.verb:set package 'f1tenth_stack' build argument 'catkin_cmake_args' from command line to 'None'
[1.917s] Level 5:colcon.colcon_core.verb:set package 'f1tenth_stack' build argument 'catkin_skip_building_tests' from command line to 'False'
[1.917s] DEBUG:colcon.colcon_core.verb:Building package 'f1tenth_stack' with the following arguments: {'ament_cmake_args': None, 'build_base': '/home/nvidia/f1tenth_ws/build/f1tenth_stack', 'catkin_cmake_args': None, 'catkin_skip_building_tests': False, 'cmake_args': None, 'cmake_clean_cache': False, 'cmake_clean_first': False, 'cmake_force_configure': False, 'cmake_target': None, 'cmake_target_skip_unavailable': False, 'install_base': '/home/nvidia/f1tenth_ws/install/f1tenth_stack', 'merge_install': False, 'path': '/home/nvidia/f1tenth_ws/src/f1tenth_system/f1tenth_stack', 'symlink_install': False, 'test_result_base': None}
[1.917s] INFO:colcon.colcon_core.executor:Executing jobs using 'parallel' executor
[1.922s] DEBUG:colcon.colcon_parallel_executor.executor.parallel:run_until_complete
[1.924s] INFO:colcon.colcon_ros.task.ament_cmake.build:Building ROS package in '/home/nvidia/f1tenth_ws/src/f1tenth_system/vesc/vesc_msgs' with build type 'ament_cmake'
[1.925s] INFO:colcon.colcon_cmake.task.cmake.build:Building CMake package in '/home/nvidia/f1tenth_ws/src/f1tenth_system/vesc/vesc_msgs'
[1.940s] INFO:colcon.colcon_core.plugin_system:Skipping extension 'colcon_core.shell.bat': Not used on non-Windows systems
[1.941s] INFO:colcon.colcon_core.shell:Skip shell extension 'powershell' for command environment: Not usable outside of PowerShell
[1.941s] DEBUG:colcon.colcon_core.shell:Skip shell extension 'dsv' for command environment
[1.957s] INFO:colcon.colcon_ros.task.ament_cmake.build:Building ROS package in '/home/nvidia/f1tenth_ws/src/f1tenth_system/teleop_tools/teleop_tools_msgs' with build type 'ament_cmake'
[1.960s] INFO:colcon.colcon_cmake.task.cmake.build:Building CMake package in '/home/nvidia/f1tenth_ws/src/f1tenth_system/teleop_tools/teleop_tools_msgs'
[1.963s] INFO:colcon.colcon_core.shell:Skip shell extension 'powershell' for command environment: Not usable outside of PowerShell
[1.965s] DEBUG:colcon.colcon_core.shell:Skip shell extension 'dsv' for command environment
[1.983s] INFO:colcon.colcon_ros.task.ament_cmake.build:Building ROS package in '/home/nvidia/f1tenth_ws/src/f1tenth_system/ackermann_mux' with build type 'ament_cmake'
[1.987s] INFO:colcon.colcon_cmake.task.cmake.build:Building CMake package in '/home/nvidia/f1tenth_ws/src/f1tenth_system/ackermann_mux'
[1.991s] INFO:colcon.colcon_core.shell:Skip shell extension 'powershell' for command environment: Not usable outside of PowerShell
[1.993s] DEBUG:colcon.colcon_core.shell:Skip shell extension 'dsv' for command environment
[2.011s] INFO:colcon.colcon_ros.task.ament_python.build:Building ROS package in '/home/nvidia/f1tenth_ws/src/f1tenth_system/teleop_tools/key_teleop' with build type 'ament_python'
[2.015s] Level 1:colcon.colcon_core.shell:create_environment_hook('key_teleop', 'ament_prefix_path')
[2.020s] INFO:colcon.colcon_core.shell:Creating environment hook '/home/nvidia/f1tenth_ws/install/key_teleop/share/key_teleop/hook/ament_prefix_path.ps1'
[2.027s] INFO:colcon.colcon_core.shell:Creating environment descriptor '/home/nvidia/f1tenth_ws/install/key_teleop/share/key_teleop/hook/ament_prefix_path.dsv'
[2.030s] INFO:colcon.colcon_core.shell:Creating environment hook '/home/nvidia/f1tenth_ws/install/key_teleop/share/key_teleop/hook/ament_prefix_path.sh'
[2.035s] INFO:colcon.colcon_core.shell:Skip shell extension 'powershell' for command environment: Not usable outside of PowerShell
[2.035s] DEBUG:colcon.colcon_core.shell:Skip shell extension 'dsv' for command environment
[2.052s] INFO:colcon.colcon_ros.task.ament_python.build:Building ROS package in '/home/nvidia/f1tenth_ws/src/f1tenth_controllers' with build type 'ament_python'
[2.055s] Level 1:colcon.colcon_core.shell:create_environment_hook('f1tenth_controllers', 'ament_prefix_path')
[2.058s] INFO:colcon.colcon_core.shell:Creating environment hook '/home/nvidia/f1tenth_ws/install/f1tenth_controllers/share/f1tenth_controllers/hook/ament_prefix_path.ps1'
[2.064s] INFO:colcon.colcon_core.shell:Creating environment descriptor '/home/nvidia/f1tenth_ws/install/f1tenth_controllers/share/f1tenth_controllers/hook/ament_prefix_path.dsv'
[2.066s] INFO:colcon.colcon_core.shell:Creating environment hook '/home/nvidia/f1tenth_ws/install/f1tenth_controllers/share/f1tenth_controllers/hook/ament_prefix_path.sh'
[2.070s] INFO:colcon.colcon_core.shell:Skip shell extension 'powershell' for command environment: Not usable outside of PowerShell
[2.070s] DEBUG:colcon.colcon_core.shell:Skip shell extension 'dsv' for command environment
[2.086s] INFO:colcon.colcon_ros.task.ament_python.build:Building ROS package in '/home/nvidia/f1tenth_ws/src/mapping' with build type 'ament_python'
[2.091s] Level 1:colcon.colcon_core.shell:create_environment_hook('mapping', 'ament_prefix_path')
[2.094s] INFO:colcon.colcon_core.shell:Creating environment hook '/home/nvidia/f1tenth_ws/install/mapping/share/mapping/hook/ament_prefix_path.ps1'
[2.100s] INFO:colcon.colcon_core.shell:Creating environment descriptor '/home/nvidia/f1tenth_ws/install/mapping/share/mapping/hook/ament_prefix_path.dsv'
[2.101s] INFO:colcon.colcon_core.shell:Creating environment hook '/home/nvidia/f1tenth_ws/install/mapping/share/mapping/hook/ament_prefix_path.sh'
[2.104s] INFO:colcon.colcon_core.shell:Skip shell extension 'powershell' for command environment: Not usable outside of PowerShell
[2.105s] DEBUG:colcon.colcon_core.shell:Skip shell extension 'dsv' for command environment
[2.174s] DEBUG:colcon.colcon_core.event_handler.log_command:Invoking command in '/home/nvidia/f1tenth_ws/build/vesc_msgs': /usr/bin/cmake --build /home/nvidia/f1tenth_ws/build/vesc_msgs -- -j6 -l6
[2.200s] DEBUG:colcon.colcon_core.event_handler.log_command:Invoking command in '/home/nvidia/f1tenth_ws/build/teleop_tools_msgs': /usr/bin/cmake --build /home/nvidia/f1tenth_ws/build/teleop_tools_msgs -- -j6 -l6
[2.248s] DEBUG:colcon.colcon_core.event_handler.log_command:Invoking command in '/home/nvidia/f1tenth_ws/build/ackermann_mux': /usr/bin/cmake --build /home/nvidia/f1tenth_ws/build/ackermann_mux -- -j6 -l6
[3.565s] INFO:colcon.colcon_core.task.python.build:Building Python package in '/home/nvidia/f1tenth_ws/src/f1tenth_system/teleop_tools/key_teleop'
[3.572s] INFO:colcon.colcon_core.shell:Skip shell extension 'powershell' for command environment: Not usable outside of PowerShell
[3.573s] DEBUG:colcon.colcon_core.shell:Skip shell extension 'dsv' for command environment
[4.633s] INFO:colcon.colcon_core.task.python.build:Building Python package in '/home/nvidia/f1tenth_ws/src/f1tenth_controllers'
[4.638s] INFO:colcon.colcon_core.shell:Skip shell extension 'powershell' for command environment: Not usable outside of PowerShell
[4.639s] DEBUG:colcon.colcon_core.shell:Skip shell extension 'dsv' for command environment
[5.688s] INFO:colcon.colcon_core.task.python.build:Building Python package in '/home/nvidia/f1tenth_ws/src/mapping'
[5.692s] INFO:colcon.colcon_core.shell:Skip shell extension 'powershell' for command environment: Not usable outside of PowerShell
[5.693s] DEBUG:colcon.colcon_core.shell:Skip shell extension 'dsv' for command environment
[5.867s] DEBUG:colcon.colcon_core.event_handler.log_command:Invoked command in '/home/nvidia/f1tenth_ws/build/vesc_msgs' returned '0': /usr/bin/cmake --build /home/nvidia/f1tenth_ws/build/vesc_msgs -- -j6 -l6
[5.870s] DEBUG:colcon.colcon_core.event_handler.log_command:Invoked command in '/home/nvidia/f1tenth_ws/build/teleop_tools_msgs' returned '0': /usr/bin/cmake --build /home/nvidia/f1tenth_ws/build/teleop_tools_msgs -- -j6 -l6
[5.871s] DEBUG:colcon.colcon_core.event_handler.log_command:Invoked command in '/home/nvidia/f1tenth_ws/build/ackermann_mux' returned '0': /usr/bin/cmake --build /home/nvidia/f1tenth_ws/build/ackermann_mux -- -j6 -l6
[6.029s] DEBUG:colcon.colcon_core.event_handler.log_command:Invoking command in '/home/nvidia/f1tenth_ws/build/ackermann_mux': /usr/bin/cmake --install /home/nvidia/f1tenth_ws/build/ackermann_mux
[6.069s] DEBUG:colcon.colcon_core.event_handler.log_command:Invoking command in '/home/nvidia/f1tenth_ws/build/teleop_tools_msgs': /usr/bin/cmake --install /home/nvidia/f1tenth_ws/build/teleop_tools_msgs
[6.136s] Level 1:colcon.colcon_core.environment:create_environment_scripts_only(ackermann_mux)
[6.144s] DEBUG:colcon.colcon_core.event_handler.log_command:Invoked command in '/home/nvidia/f1tenth_ws/build/ackermann_mux' returned '0': /usr/bin/cmake --install /home/nvidia/f1tenth_ws/build/ackermann_mux
[6.162s] Level 1:colcon.colcon_core.environment:checking '/home/nvidia/f1tenth_ws/install/ackermann_mux' for CMake module files
[6.187s] Level 1:colcon.colcon_core.environment:checking '/home/nvidia/f1tenth_ws/install/ackermann_mux' for CMake config files
[6.192s] Level 1:colcon.colcon_core.shell:create_environment_hook('ackermann_mux', 'cmake_prefix_path')
[6.194s] INFO:colcon.colcon_core.shell:Creating environment hook '/home/nvidia/f1tenth_ws/install/ackermann_mux/share/ackermann_mux/hook/cmake_prefix_path.ps1'
[6.210s] INFO:colcon.colcon_core.shell:Creating environment descriptor '/home/nvidia/f1tenth_ws/install/ackermann_mux/share/ackermann_mux/hook/cmake_prefix_path.dsv'
[6.212s] INFO:colcon.colcon_core.shell:Creating environment hook '/home/nvidia/f1tenth_ws/install/ackermann_mux/share/ackermann_mux/hook/cmake_prefix_path.sh'
[6.227s] Level 1:colcon.colcon_core.environment:checking '/home/nvidia/f1tenth_ws/install/ackermann_mux/lib'
[6.229s] Level 1:colcon.colcon_core.environment:checking '/home/nvidia/f1tenth_ws/install/ackermann_mux/bin'
[6.229s] Level 1:colcon.colcon_core.environment:checking '/home/nvidia/f1tenth_ws/install/ackermann_mux/lib/pkgconfig/ackermann_mux.pc'
[6.231s] Level 1:colcon.colcon_core.environment:checking '/home/nvidia/f1tenth_ws/install/ackermann_mux/lib/python3.8/site-packages'
[6.239s] Level 1:colcon.colcon_core.environment:checking '/home/nvidia/f1tenth_ws/install/ackermann_mux/bin'
[6.241s] INFO:colcon.colcon_core.shell:Creating package script '/home/nvidia/f1tenth_ws/install/ackermann_mux/share/ackermann_mux/package.ps1'
[6.245s] INFO:colcon.colcon_core.shell:Creating package descriptor '/home/nvidia/f1tenth_ws/install/ackermann_mux/share/ackermann_mux/package.dsv'
[6.248s] INFO:colcon.colcon_core.shell:Creating package script '/home/nvidia/f1tenth_ws/install/ackermann_mux/share/ackermann_mux/package.sh'
[6.253s] INFO:colcon.colcon_core.shell:Creating package script '/home/nvidia/f1tenth_ws/install/ackermann_mux/share/ackermann_mux/package.bash'
[6.259s] INFO:colcon.colcon_core.shell:Creating package script '/home/nvidia/f1tenth_ws/install/ackermann_mux/share/ackermann_mux/package.zsh'
[6.264s] Level 1:colcon.colcon_core.environment:create_file_with_runtime_dependencies(/home/nvidia/f1tenth_ws/install/ackermann_mux/share/colcon-core/packages/ackermann_mux)
[6.352s] DEBUG:colcon.colcon_core.event_handler.log_command:Invoking command in '/home/nvidia/f1tenth_ws/build/vesc_msgs': /usr/bin/cmake --install /home/nvidia/f1tenth_ws/build/vesc_msgs
[6.519s] Level 1:colcon.colcon_core.environment:create_environment_scripts_only(ackermann_mux)
[6.524s] Level 1:colcon.colcon_core.environment:checking '/home/nvidia/f1tenth_ws/install/ackermann_mux' for CMake module files
[6.539s] Level 1:colcon.colcon_core.environment:checking '/home/nvidia/f1tenth_ws/install/ackermann_mux' for CMake config files
[6.542s] Level 1:colcon.colcon_core.shell:create_environment_hook('ackermann_mux', 'cmake_prefix_path')
[6.544s] INFO:colcon.colcon_core.shell:Creating environment hook '/home/nvidia/f1tenth_ws/install/ackermann_mux/share/ackermann_mux/hook/cmake_prefix_path.ps1'
[6.559s] INFO:colcon.colcon_core.shell:Creating environment descriptor '/home/nvidia/f1tenth_ws/install/ackermann_mux/share/ackermann_mux/hook/cmake_prefix_path.dsv'
[6.561s] INFO:colcon.colcon_core.shell:Creating environment hook '/home/nvidia/f1tenth_ws/install/ackermann_mux/share/ackermann_mux/hook/cmake_prefix_path.sh'
[6.565s] Level 1:colcon.colcon_core.environment:checking '/home/nvidia/f1tenth_ws/install/ackermann_mux/lib'
[6.566s] Level 1:colcon.colcon_core.environment:checking '/home/nvidia/f1tenth_ws/install/ackermann_mux/bin'
[6.566s] Level 1:colcon.colcon_core.environment:checking '/home/nvidia/f1tenth_ws/install/ackermann_mux/lib/pkgconfig/ackermann_mux.pc'
[6.568s] Level 1:colcon.colcon_core.environment:checking '/home/nvidia/f1tenth_ws/install/ackermann_mux/lib/python3.8/site-packages'
[6.569s] Level 1:colcon.colcon_core.environment:checking '/home/nvidia/f1tenth_ws/install/ackermann_mux/bin'
[6.571s] INFO:colcon.colcon_core.shell:Creating package script '/home/nvidia/f1tenth_ws/install/ackermann_mux/share/ackermann_mux/package.ps1'
[6.574s] INFO:colcon.colcon_core.shell:Creating package descriptor '/home/nvidia/f1tenth_ws/install/ackermann_mux/share/ackermann_mux/package.dsv'
[6.584s] INFO:colcon.colcon_core.shell:Creating package script '/home/nvidia/f1tenth_ws/install/ackermann_mux/share/ackermann_mux/package.sh'
[6.588s] INFO:colcon.colcon_core.shell:Creating package script '/home/nvidia/f1tenth_ws/install/ackermann_mux/share/ackermann_mux/package.bash'
[6.602s] INFO:colcon.colcon_core.shell:Creating package script '/home/nvidia/f1tenth_ws/install/ackermann_mux/share/ackermann_mux/package.zsh'
[6.607s] Level 1:colcon.colcon_core.environment:create_file_with_runtime_dependencies(/home/nvidia/f1tenth_ws/install/ackermann_mux/share/colcon-core/packages/ackermann_mux)
[6.614s] INFO:colcon.colcon_ros.task.ament_python.build:Building ROS package in '/home/nvidia/f1tenth_ws/src/f1tenth_system/teleop_tools/mouse_teleop' with build type 'ament_python'
[6.617s] Level 1:colcon.colcon_core.shell:create_environment_hook('mouse_teleop', 'ament_prefix_path')
[6.618s] INFO:colcon.colcon_core.shell:Creating environment hook '/home/nvidia/f1tenth_ws/install/mouse_teleop/share/mouse_teleop/hook/ament_prefix_path.ps1'
[6.624s] INFO:colcon.colcon_core.shell:Creating environment descriptor '/home/nvidia/f1tenth_ws/install/mouse_teleop/share/mouse_teleop/hook/ament_prefix_path.dsv'
[6.628s] INFO:colcon.colcon_core.shell:Creating environment hook '/home/nvidia/f1tenth_ws/install/mouse_teleop/share/mouse_teleop/hook/ament_prefix_path.sh'
[6.639s] INFO:colcon.colcon_core.shell:Skip shell extension 'powershell' for command environment: Not usable outside of PowerShell
[6.640s] DEBUG:colcon.colcon_core.shell:Skip shell extension 'dsv' for command environment
[6.678s] Level 1:colcon.colcon_core.environment:create_environment_scripts_only(teleop_tools_msgs)
[6.688s] Level 1:colcon.colcon_core.environment:checking '/home/nvidia/f1tenth_ws/install/teleop_tools_msgs' for CMake module files
[6.699s] DEBUG:colcon.colcon_core.event_handler.log_command:Invoked command in '/home/nvidia/f1tenth_ws/build/teleop_tools_msgs' returned '0': /usr/bin/cmake --install /home/nvidia/f1tenth_ws/build/teleop_tools_msgs
[6.701s] Level 1:colcon.colcon_core.environment:checking '/home/nvidia/f1tenth_ws/install/teleop_tools_msgs' for CMake config files
[6.705s] Level 1:colcon.colcon_core.shell:create_environment_hook('teleop_tools_msgs', 'cmake_prefix_path')
[6.706s] INFO:colcon.colcon_core.shell:Creating environment hook '/home/nvidia/f1tenth_ws/install/teleop_tools_msgs/share/teleop_tools_msgs/hook/cmake_prefix_path.ps1'
[6.711s] INFO:colcon.colcon_core.shell:Creating environment descriptor '/home/nvidia/f1tenth_ws/install/teleop_tools_msgs/share/teleop_tools_msgs/hook/cmake_prefix_path.dsv'
[6.714s] INFO:colcon.colcon_core.shell:Creating environment hook '/home/nvidia/f1tenth_ws/install/teleop_tools_msgs/share/teleop_tools_msgs/hook/cmake_prefix_path.sh'
[6.718s] Level 1:colcon.colcon_core.environment:checking '/home/nvidia/f1tenth_ws/install/teleop_tools_msgs/lib'
[6.719s] Level 1:colcon.colcon_core.shell:create_environment_hook('teleop_tools_msgs', 'ld_library_path_lib')
[6.720s] INFO:colcon.colcon_core.shell:Creating environment hook '/home/nvidia/f1tenth_ws/install/teleop_tools_msgs/share/teleop_tools_msgs/hook/ld_library_path_lib.ps1'
[6.722s] INFO:colcon.colcon_core.shell:Creating environment descriptor '/home/nvidia/f1tenth_ws/install/teleop_tools_msgs/share/teleop_tools_msgs/hook/ld_library_path_lib.dsv'
[6.724s] INFO:colcon.colcon_core.shell:Creating environment hook '/home/nvidia/f1tenth_ws/install/teleop_tools_msgs/share/teleop_tools_msgs/hook/ld_library_path_lib.sh'
[6.726s] Level 1:colcon.colcon_core.environment:checking '/home/nvidia/f1tenth_ws/install/teleop_tools_msgs/bin'
[6.727s] Level 1:colcon.colcon_core.environment:checking '/home/nvidia/f1tenth_ws/install/teleop_tools_msgs/lib/pkgconfig/teleop_tools_msgs.pc'
[6.728s] Level 1:colcon.colcon_core.environment:checking '/home/nvidia/f1tenth_ws/install/teleop_tools_msgs/lib/python3.8/site-packages'
[6.729s] Level 1:colcon.colcon_core.shell:create_environment_hook('teleop_tools_msgs', 'pythonpath')
[6.730s] INFO:colcon.colcon_core.shell:Creating environment hook '/home/nvidia/f1tenth_ws/install/teleop_tools_msgs/share/teleop_tools_msgs/hook/pythonpath.ps1'
[6.737s] INFO:colcon.colcon_core.shell:Creating environment descriptor '/home/nvidia/f1tenth_ws/install/teleop_tools_msgs/share/teleop_tools_msgs/hook/pythonpath.dsv'
[6.742s] INFO:colcon.colcon_core.shell:Creating environment hook '/home/nvidia/f1tenth_ws/install/teleop_tools_msgs/share/teleop_tools_msgs/hook/pythonpath.sh'
[6.745s] Level 1:colcon.colcon_core.environment:checking '/home/nvidia/f1tenth_ws/install/teleop_tools_msgs/bin'
[6.748s] INFO:colcon.colcon_core.shell:Creating package script '/home/nvidia/f1tenth_ws/install/teleop_tools_msgs/share/teleop_tools_msgs/package.ps1'
[6.752s] INFO:colcon.colcon_core.shell:Creating package descriptor '/home/nvidia/f1tenth_ws/install/teleop_tools_msgs/share/teleop_tools_msgs/package.dsv'
[6.755s] INFO:colcon.colcon_core.shell:Creating package script '/home/nvidia/f1tenth_ws/install/teleop_tools_msgs/share/teleop_tools_msgs/package.sh'
[6.758s] INFO:colcon.colcon_core.shell:Creating package script '/home/nvidia/f1tenth_ws/install/teleop_tools_msgs/share/teleop_tools_msgs/package.bash'
[6.762s] INFO:colcon.colcon_core.shell:Creating package script '/home/nvidia/f1tenth_ws/install/teleop_tools_msgs/share/teleop_tools_msgs/package.zsh'
[6.766s] Level 1:colcon.colcon_core.environment:create_file_with_runtime_dependencies(/home/nvidia/f1tenth_ws/install/teleop_tools_msgs/share/colcon-core/packages/teleop_tools_msgs)
[8.194s] INFO:colcon.colcon_core.task.python.build:Building Python package in '/home/nvidia/f1tenth_ws/src/f1tenth_system/teleop_tools/mouse_teleop'
[8.198s] INFO:colcon.colcon_core.shell:Skip shell extension 'powershell' for command environment: Not usable outside of PowerShell
[8.198s] DEBUG:colcon.colcon_core.shell:Skip shell extension 'dsv' for command environment
[8.233s] Level 1:colcon.colcon_core.environment:create_environment_scripts_only(vesc_msgs)
[8.238s] Level 1:colcon.colcon_core.environment:checking '/home/nvidia/f1tenth_ws/install/vesc_msgs' for CMake module files
[8.241s] DEBUG:colcon.colcon_core.event_handler.log_command:Invoked command in '/home/nvidia/f1tenth_ws/build/vesc_msgs' returned '0': /usr/bin/cmake --install /home/nvidia/f1tenth_ws/build/vesc_msgs
[8.244s] Level 1:colcon.colcon_core.environment:checking '/home/nvidia/f1tenth_ws/install/vesc_msgs' for CMake config files
[8.249s] Level 1:colcon.colcon_core.shell:create_environment_hook('vesc_msgs', 'cmake_prefix_path')
[8.252s] INFO:colcon.colcon_core.shell:Creating environment hook '/home/nvidia/f1tenth_ws/install/vesc_msgs/share/vesc_msgs/hook/cmake_prefix_path.ps1'
[8.255s] INFO:colcon.colcon_core.shell:Creating environment descriptor '/home/nvidia/f1tenth_ws/install/vesc_msgs/share/vesc_msgs/hook/cmake_prefix_path.dsv'
[8.257s] INFO:colcon.colcon_core.shell:Creating environment hook '/home/nvidia/f1tenth_ws/install/vesc_msgs/share/vesc_msgs/hook/cmake_prefix_path.sh'
[8.262s] Level 1:colcon.colcon_core.environment:checking '/home/nvidia/f1tenth_ws/install/vesc_msgs/lib'
[8.263s] Level 1:colcon.colcon_core.shell:create_environment_hook('vesc_msgs', 'ld_library_path_lib')
[8.264s] INFO:colcon.colcon_core.shell:Creating environment hook '/home/nvidia/f1tenth_ws/install/vesc_msgs/share/vesc_msgs/hook/ld_library_path_lib.ps1'
[8.266s] INFO:colcon.colcon_core.shell:Creating environment descriptor '/home/nvidia/f1tenth_ws/install/vesc_msgs/share/vesc_msgs/hook/ld_library_path_lib.dsv'
[8.268s] INFO:colcon.colcon_core.shell:Creating environment hook '/home/nvidia/f1tenth_ws/install/vesc_msgs/share/vesc_msgs/hook/ld_library_path_lib.sh'
[8.270s] Level 1:colcon.colcon_core.environment:checking '/home/nvidia/f1tenth_ws/install/vesc_msgs/bin'
[8.271s] Level 1:colcon.colcon_core.environment:checking '/home/nvidia/f1tenth_ws/install/vesc_msgs/lib/pkgconfig/vesc_msgs.pc'
[8.274s] Level 1:colcon.colcon_core.environment:checking '/home/nvidia/f1tenth_ws/install/vesc_msgs/lib/python3.8/site-packages'
[8.274s] Level 1:colcon.colcon_core.shell:create_environment_hook('vesc_msgs', 'pythonpath')
[8.276s] INFO:colcon.colcon_core.shell:Creating environment hook '/home/nvidia/f1tenth_ws/install/vesc_msgs/share/vesc_msgs/hook/pythonpath.ps1'
[8.278s] INFO:colcon.colcon_core.shell:Creating environment descriptor '/home/nvidia/f1tenth_ws/install/vesc_msgs/share/vesc_msgs/hook/pythonpath.dsv'
[8.280s] INFO:colcon.colcon_core.shell:Creating environment hook '/home/nvidia/f1tenth_ws/install/vesc_msgs/share/vesc_msgs/hook/pythonpath.sh'
[8.282s] Level 1:colcon.colcon_core.environment:checking '/home/nvidia/f1tenth_ws/install/vesc_msgs/bin'
[8.284s] INFO:colcon.colcon_core.shell:Creating package script '/home/nvidia/f1tenth_ws/install/vesc_msgs/share/vesc_msgs/package.ps1'
[8.287s] INFO:colcon.colcon_core.shell:Creating package descriptor '/home/nvidia/f1tenth_ws/install/vesc_msgs/share/vesc_msgs/package.dsv'
[8.290s] INFO:colcon.colcon_core.shell:Creating package script '/home/nvidia/f1tenth_ws/install/vesc_msgs/share/vesc_msgs/package.sh'
[8.293s] INFO:colcon.colcon_core.shell:Creating package script '/home/nvidia/f1tenth_ws/install/vesc_msgs/share/vesc_msgs/package.bash'
[8.294s] INFO:colcon.colcon_core.shell:Creating package script '/home/nvidia/f1tenth_ws/install/vesc_msgs/share/vesc_msgs/package.zsh'
[8.296s] Level 1:colcon.colcon_core.environment:create_file_with_runtime_dependencies(/home/nvidia/f1tenth_ws/install/vesc_msgs/share/colcon-core/packages/vesc_msgs)
[8.318s] Level 1:colcon.colcon_core.environment:create_environment_scripts_only(teleop_tools_msgs)
[8.321s] Level 1:colcon.colcon_core.environment:checking '/home/nvidia/f1tenth_ws/install/teleop_tools_msgs' for CMake module files
[8.326s] Level 1:colcon.colcon_core.environment:checking '/home/nvidia/f1tenth_ws/install/teleop_tools_msgs' for CMake config files
[8.329s] Level 1:colcon.colcon_core.shell:create_environment_hook('teleop_tools_msgs', 'cmake_prefix_path')
[8.331s] INFO:colcon.colcon_core.shell:Creating environment hook '/home/nvidia/f1tenth_ws/install/teleop_tools_msgs/share/teleop_tools_msgs/hook/cmake_prefix_path.ps1'
[8.335s] INFO:colcon.colcon_core.shell:Creating environment descriptor '/home/nvidia/f1tenth_ws/install/teleop_tools_msgs/share/teleop_tools_msgs/hook/cmake_prefix_path.dsv'
[8.337s] INFO:colcon.colcon_core.shell:Creating environment hook '/home/nvidia/f1tenth_ws/install/teleop_tools_msgs/share/teleop_tools_msgs/hook/cmake_prefix_path.sh'
[8.341s] Level 1:colcon.colcon_core.environment:checking '/home/nvidia/f1tenth_ws/install/teleop_tools_msgs/lib'
[8.341s] Level 1:colcon.colcon_core.shell:create_environment_hook('teleop_tools_msgs', 'ld_library_path_lib')
[8.342s] INFO:colcon.colcon_core.shell:Creating environment hook '/home/nvidia/f1tenth_ws/install/teleop_tools_msgs/share/teleop_tools_msgs/hook/ld_library_path_lib.ps1'
[8.344s] INFO:colcon.colcon_core.shell:Creating environment descriptor '/home/nvidia/f1tenth_ws/install/teleop_tools_msgs/share/teleop_tools_msgs/hook/ld_library_path_lib.dsv'
[8.346s] INFO:colcon.colcon_core.shell:Creating environment hook '/home/nvidia/f1tenth_ws/install/teleop_tools_msgs/share/teleop_tools_msgs/hook/ld_library_path_lib.sh'
[8.348s] Level 1:colcon.colcon_core.environment:checking '/home/nvidia/f1tenth_ws/install/teleop_tools_msgs/bin'
[8.348s] Level 1:colcon.colcon_core.environment:checking '/home/nvidia/f1tenth_ws/install/teleop_tools_msgs/lib/pkgconfig/teleop_tools_msgs.pc'
[8.350s] Level 1:colcon.colcon_core.environment:checking '/home/nvidia/f1tenth_ws/install/teleop_tools_msgs/lib/python3.8/site-packages'
[8.350s] Level 1:colcon.colcon_core.shell:create_environment_hook('teleop_tools_msgs', 'pythonpath')
[8.351s] INFO:colcon.colcon_core.shell:Creating environment hook '/home/nvidia/f1tenth_ws/install/teleop_tools_msgs/share/teleop_tools_msgs/hook/pythonpath.ps1'
[8.354s] INFO:colcon.colcon_core.shell:Creating environment descriptor '/home/nvidia/f1tenth_ws/install/teleop_tools_msgs/share/teleop_tools_msgs/hook/pythonpath.dsv'
[8.355s] INFO:colcon.colcon_core.shell:Creating environment hook '/home/nvidia/f1tenth_ws/install/teleop_tools_msgs/share/teleop_tools_msgs/hook/pythonpath.sh'
[8.358s] Level 1:colcon.colcon_core.environment:checking '/home/nvidia/f1tenth_ws/install/teleop_tools_msgs/bin'
[8.360s] INFO:colcon.colcon_core.shell:Creating package script '/home/nvidia/f1tenth_ws/install/teleop_tools_msgs/share/teleop_tools_msgs/package.ps1'
[8.366s] INFO:colcon.colcon_core.shell:Creating package descriptor '/home/nvidia/f1tenth_ws/install/teleop_tools_msgs/share/teleop_tools_msgs/package.dsv'
[8.369s] INFO:colcon.colcon_core.shell:Creating package script '/home/nvidia/f1tenth_ws/install/teleop_tools_msgs/share/teleop_tools_msgs/package.sh'
[8.373s] INFO:colcon.colcon_core.shell:Creating package script '/home/nvidia/f1tenth_ws/install/teleop_tools_msgs/share/teleop_tools_msgs/package.bash'
[8.375s] INFO:colcon.colcon_core.shell:Creating package script '/home/nvidia/f1tenth_ws/install/teleop_tools_msgs/share/teleop_tools_msgs/package.zsh'
[8.378s] Level 1:colcon.colcon_core.environment:create_file_with_runtime_dependencies(/home/nvidia/f1tenth_ws/install/teleop_tools_msgs/share/colcon-core/packages/teleop_tools_msgs)
[8.422s] DEBUG:colcon.colcon_core.event_handler.log_command:Invoking command in '/home/nvidia/f1tenth_ws/src/f1tenth_system/teleop_tools/key_teleop': PYTHONPATH=/home/nvidia/f1tenth_ws/build/key_teleop/prefix_override:/usr/lib/python3/dist-packages/colcon_core/task/python/colcon_distutils_commands:/home/nvidia/f1tenth_ws/install/key_teleop/lib/python3.8/site-packages: /usr/bin/python3 -W ignore:setup.py install is deprecated setup.py egg_info --egg-base ../../../../build/key_teleop build --build-base /home/nvidia/f1tenth_ws/build/key_teleop/build install --record /home/nvidia/f1tenth_ws/build/key_teleop/install.log --install-scripts $base/lib/key_teleop --single-version-externally-managed install_data
[8.458s] DEBUG:colcon.colcon_core.event_handler.log_command:Invoking command in '/home/nvidia/f1tenth_ws/src/mapping': PYTHONPATH=/home/nvidia/f1tenth_ws/build/mapping/prefix_override:/usr/lib/python3/dist-packages/colcon_core/task/python/colcon_distutils_commands:/home/nvidia/f1tenth_ws/install/mapping/lib/python3.8/site-packages: /usr/bin/python3 -W ignore:setup.py install is deprecated setup.py egg_info --egg-base ../../build/mapping build --build-base /home/nvidia/f1tenth_ws/build/mapping/build install --record /home/nvidia/f1tenth_ws/build/mapping/install.log --install-scripts $base/lib/mapping --single-version-externally-managed install_data
[8.472s] DEBUG:colcon.colcon_core.event_handler.log_command:Invoking command in '/home/nvidia/f1tenth_ws/src/f1tenth_controllers': PYTHONPATH=/home/nvidia/f1tenth_ws/build/f1tenth_controllers/prefix_override:/usr/lib/python3/dist-packages/colcon_core/task/python/colcon_distutils_commands:/home/nvidia/f1tenth_ws/install/f1tenth_controllers/lib/python3.8/site-packages: /usr/bin/python3 -W ignore:setup.py install is deprecated setup.py egg_info --egg-base ../../build/f1tenth_controllers build --build-base /home/nvidia/f1tenth_ws/build/f1tenth_controllers/build install --record /home/nvidia/f1tenth_ws/build/f1tenth_controllers/install.log --install-scripts $base/lib/f1tenth_controllers --single-version-externally-managed install_data
[8.512s] INFO:colcon.colcon_ros.task.ament_python.build:Building ROS package in '/home/nvidia/f1tenth_ws/src/f1tenth_system/teleop_tools/joy_teleop' with build type 'ament_python'
[8.515s] Level 1:colcon.colcon_core.shell:create_environment_hook('joy_teleop', 'ament_prefix_path')
[8.523s] INFO:colcon.colcon_core.shell:Creating environment hook '/home/nvidia/f1tenth_ws/install/joy_teleop/share/joy_teleop/hook/ament_prefix_path.ps1'
[8.528s] INFO:colcon.colcon_core.shell:Creating environment descriptor '/home/nvidia/f1tenth_ws/install/joy_teleop/share/joy_teleop/hook/ament_prefix_path.dsv'
[8.534s] INFO:colcon.colcon_core.shell:Creating environment hook '/home/nvidia/f1tenth_ws/install/joy_teleop/share/joy_teleop/hook/ament_prefix_path.sh'
[8.540s] INFO:colcon.colcon_core.shell:Skip shell extension 'powershell' for command environment: Not usable outside of PowerShell
[8.540s] DEBUG:colcon.colcon_core.shell:Skip shell extension 'dsv' for command environment
[9.980s] INFO:colcon.colcon_core.task.python.build:Building Python package in '/home/nvidia/f1tenth_ws/src/f1tenth_system/teleop_tools/joy_teleop'
[9.985s] INFO:colcon.colcon_core.shell:Skip shell extension 'powershell' for command environment: Not usable outside of PowerShell
[9.985s] DEBUG:colcon.colcon_core.shell:Skip shell extension 'dsv' for command environment
[10.041s] Level 1:colcon.colcon_core.environment:create_environment_scripts_only(vesc_msgs)
[10.045s] Level 1:colcon.colcon_core.environment:checking '/home/nvidia/f1tenth_ws/install/vesc_msgs' for CMake module files
[10.050s] Level 1:colcon.colcon_core.environment:checking '/home/nvidia/f1tenth_ws/install/vesc_msgs' for CMake config files
[10.055s] Level 1:colcon.colcon_core.shell:create_environment_hook('vesc_msgs', 'cmake_prefix_path')
[10.056s] INFO:colcon.colcon_core.shell:Creating environment hook '/home/nvidia/f1tenth_ws/install/vesc_msgs/share/vesc_msgs/hook/cmake_prefix_path.ps1'
[10.064s] INFO:colcon.colcon_core.shell:Creating environment descriptor '/home/nvidia/f1tenth_ws/install/vesc_msgs/share/vesc_msgs/hook/cmake_prefix_path.dsv'
[10.072s] INFO:colcon.colcon_core.shell:Creating environment hook '/home/nvidia/f1tenth_ws/install/vesc_msgs/share/vesc_msgs/hook/cmake_prefix_path.sh'
[10.078s] Level 1:colcon.colcon_core.environment:checking '/home/nvidia/f1tenth_ws/install/vesc_msgs/lib'
[10.078s] Level 1:colcon.colcon_core.shell:create_environment_hook('vesc_msgs', 'ld_library_path_lib')
[10.080s] INFO:colcon.colcon_core.shell:Creating environment hook '/home/nvidia/f1tenth_ws/install/vesc_msgs/share/vesc_msgs/hook/ld_library_path_lib.ps1'
[10.083s] INFO:colcon.colcon_core.shell:Creating environment descriptor '/home/nvidia/f1tenth_ws/install/vesc_msgs/share/vesc_msgs/hook/ld_library_path_lib.dsv'
[10.085s] INFO:colcon.colcon_core.shell:Creating environment hook '/home/nvidia/f1tenth_ws/install/vesc_msgs/share/vesc_msgs/hook/ld_library_path_lib.sh'
[10.088s] Level 1:colcon.colcon_core.environment:checking '/home/nvidia/f1tenth_ws/install/vesc_msgs/bin'
[10.088s] Level 1:colcon.colcon_core.environment:checking '/home/nvidia/f1tenth_ws/install/vesc_msgs/lib/pkgconfig/vesc_msgs.pc'
[10.090s] Level 1:colcon.colcon_core.environment:checking '/home/nvidia/f1tenth_ws/install/vesc_msgs/lib/python3.8/site-packages'
[10.090s] Level 1:colcon.colcon_core.shell:create_environment_hook('vesc_msgs', 'pythonpath')
[10.092s] INFO:colcon.colcon_core.shell:Creating environment hook '/home/nvidia/f1tenth_ws/install/vesc_msgs/share/vesc_msgs/hook/pythonpath.ps1'
[10.094s] INFO:colcon.colcon_core.shell:Creating environment descriptor '/home/nvidia/f1tenth_ws/install/vesc_msgs/share/vesc_msgs/hook/pythonpath.dsv'
[10.098s] INFO:colcon.colcon_core.shell:Creating environment hook '/home/nvidia/f1tenth_ws/install/vesc_msgs/share/vesc_msgs/hook/pythonpath.sh'
[10.101s] Level 1:colcon.colcon_core.environment:checking '/home/nvidia/f1tenth_ws/install/vesc_msgs/bin'
[10.103s] INFO:colcon.colcon_core.shell:Creating package script '/home/nvidia/f1tenth_ws/install/vesc_msgs/share/vesc_msgs/package.ps1'
[10.107s] INFO:colcon.colcon_core.shell:Creating package descriptor '/home/nvidia/f1tenth_ws/install/vesc_msgs/share/vesc_msgs/package.dsv'
[10.113s] INFO:colcon.colcon_core.shell:Creating package script '/home/nvidia/f1tenth_ws/install/vesc_msgs/share/vesc_msgs/package.sh'
[10.116s] INFO:colcon.colcon_core.shell:Creating package script '/home/nvidia/f1tenth_ws/install/vesc_msgs/share/vesc_msgs/package.bash'
[10.120s] INFO:colcon.colcon_core.shell:Creating package script '/home/nvidia/f1tenth_ws/install/vesc_msgs/share/vesc_msgs/package.zsh'
[10.124s] Level 1:colcon.colcon_core.environment:create_file_with_runtime_dependencies(/home/nvidia/f1tenth_ws/install/vesc_msgs/share/colcon-core/packages/vesc_msgs)
[10.129s] INFO:colcon.colcon_ros.task.ament_cmake.build:Building ROS package in '/home/nvidia/f1tenth_ws/src/f1tenth_system/vesc/vesc_ackermann' with build type 'ament_cmake'
[10.130s] INFO:colcon.colcon_cmake.task.cmake.build:Building CMake package in '/home/nvidia/f1tenth_ws/src/f1tenth_system/vesc/vesc_ackermann'
[10.132s] INFO:colcon.colcon_core.shell:Skip shell extension 'powershell' for command environment: Not usable outside of PowerShell
[10.132s] DEBUG:colcon.colcon_core.shell:Skip shell extension 'dsv' for command environment
[10.252s] DEBUG:colcon.colcon_core.event_handler.log_command:Invoking command in '/home/nvidia/f1tenth_ws/build/vesc_ackermann': AMENT_PREFIX_PATH=/home/nvidia/f1tenth_ws/install/vesc_msgs CMAKE_PREFIX_PATH=/home/nvidia/f1tenth_ws/install/vesc_msgs LD_LIBRARY_PATH=/home/nvidia/f1tenth_ws/install/vesc_msgs/lib PYTHONPATH=/home/nvidia/f1tenth_ws/install/vesc_msgs/lib/python3.8/site-packages /usr/bin/cmake --build /home/nvidia/f1tenth_ws/build/vesc_ackermann -- -j6 -l6
[10.263s] Level 1:colcon.colcon_core.environment:checking '/home/nvidia/f1tenth_ws/install/mapping' for CMake module files
[10.268s] DEBUG:colcon.colcon_core.event_handler.log_command:Invoked command in '/home/nvidia/f1tenth_ws/src/mapping' returned '0': PYTHONPATH=/home/nvidia/f1tenth_ws/build/mapping/prefix_override:/usr/lib/python3/dist-packages/colcon_core/task/python/colcon_distutils_commands:/home/nvidia/f1tenth_ws/install/mapping/lib/python3.8/site-packages: /usr/bin/python3 -W ignore:setup.py install is deprecated setup.py egg_info --egg-base ../../build/mapping build --build-base /home/nvidia/f1tenth_ws/build/mapping/build install --record /home/nvidia/f1tenth_ws/build/mapping/install.log --install-scripts $base/lib/mapping --single-version-externally-managed install_data
[10.274s] Level 1:colcon.colcon_core.environment:checking '/home/nvidia/f1tenth_ws/install/mapping' for CMake config files
[10.280s] Level 1:colcon.colcon_core.environment:checking '/home/nvidia/f1tenth_ws/install/mapping/lib'
[10.281s] Level 1:colcon.colcon_core.environment:checking '/home/nvidia/f1tenth_ws/install/mapping/bin'
[10.282s] Level 1:colcon.colcon_core.environment:checking '/home/nvidia/f1tenth_ws/install/mapping/lib/pkgconfig/mapping.pc'
[10.284s] Level 1:colcon.colcon_core.environment:checking '/home/nvidia/f1tenth_ws/install/mapping/lib/python3.8/site-packages'
[10.285s] Level 1:colcon.colcon_core.shell:create_environment_hook('mapping', 'pythonpath')
[10.288s] INFO:colcon.colcon_core.shell:Creating environment hook '/home/nvidia/f1tenth_ws/install/mapping/share/mapping/hook/pythonpath.ps1'
[10.292s] INFO:colcon.colcon_core.shell:Creating environment descriptor '/home/nvidia/f1tenth_ws/install/mapping/share/mapping/hook/pythonpath.dsv'
[10.294s] INFO:colcon.colcon_core.shell:Creating environment hook '/home/nvidia/f1tenth_ws/install/mapping/share/mapping/hook/pythonpath.sh'
[10.298s] Level 1:colcon.colcon_core.environment:checking '/home/nvidia/f1tenth_ws/install/mapping/bin'
[10.299s] Level 1:colcon.colcon_core.environment:create_environment_scripts_only(mapping)
[10.300s] INFO:colcon.colcon_core.shell:Creating package script '/home/nvidia/f1tenth_ws/install/mapping/share/mapping/package.ps1'
[10.304s] INFO:colcon.colcon_core.shell:Creating package descriptor '/home/nvidia/f1tenth_ws/install/mapping/share/mapping/package.dsv'
[10.307s] INFO:colcon.colcon_core.shell:Creating package script '/home/nvidia/f1tenth_ws/install/mapping/share/mapping/package.sh'
[10.309s] INFO:colcon.colcon_core.shell:Creating package script '/home/nvidia/f1tenth_ws/install/mapping/share/mapping/package.bash'
[10.312s] INFO:colcon.colcon_core.shell:Creating package script '/home/nvidia/f1tenth_ws/install/mapping/share/mapping/package.zsh'
[10.316s] Level 1:colcon.colcon_core.environment:create_file_with_runtime_dependencies(/home/nvidia/f1tenth_ws/install/mapping/share/colcon-core/packages/mapping)
[10.324s] INFO:colcon.colcon_ros.task.ament_cmake.build:Building ROS package in '/home/nvidia/f1tenth_ws/src/f1tenth_system/vesc/vesc_driver' with build type 'ament_cmake'
[10.326s] INFO:colcon.colcon_cmake.task.cmake.build:Building CMake package in '/home/nvidia/f1tenth_ws/src/f1tenth_system/vesc/vesc_driver'
[10.327s] INFO:colcon.colcon_core.shell:Skip shell extension 'powershell' for command environment: Not usable outside of PowerShell
[10.331s] DEBUG:colcon.colcon_core.shell:Skip shell extension 'dsv' for command environment
[10.362s] Level 1:colcon.colcon_core.environment:checking '/home/nvidia/f1tenth_ws/install/f1tenth_controllers' for CMake module files
[10.368s] DEBUG:colcon.colcon_core.event_handler.log_command:Invoked command in '/home/nvidia/f1tenth_ws/src/f1tenth_controllers' returned '0': PYTHONPATH=/home/nvidia/f1tenth_ws/build/f1tenth_controllers/prefix_override:/usr/lib/python3/dist-packages/colcon_core/task/python/colcon_distutils_commands:/home/nvidia/f1tenth_ws/install/f1tenth_controllers/lib/python3.8/site-packages: /usr/bin/python3 -W ignore:setup.py install is deprecated setup.py egg_info --egg-base ../../build/f1tenth_controllers build --build-base /home/nvidia/f1tenth_ws/build/f1tenth_controllers/build install --record /home/nvidia/f1tenth_ws/build/f1tenth_controllers/install.log --install-scripts $base/lib/f1tenth_controllers --single-version-externally-managed install_data
[10.373s] Level 1:colcon.colcon_core.environment:checking '/home/nvidia/f1tenth_ws/install/f1tenth_controllers' for CMake config files
[10.379s] Level 1:colcon.colcon_core.environment:checking '/home/nvidia/f1tenth_ws/install/f1tenth_controllers/lib'
[10.380s] Level 1:colcon.colcon_core.environment:checking '/home/nvidia/f1tenth_ws/install/f1tenth_controllers/bin'
[10.381s] Level 1:colcon.colcon_core.environment:checking '/home/nvidia/f1tenth_ws/install/f1tenth_controllers/lib/pkgconfig/f1tenth_controllers.pc'
[10.383s] Level 1:colcon.colcon_core.environment:checking '/home/nvidia/f1tenth_ws/install/f1tenth_controllers/lib/python3.8/site-packages'
[10.383s] Level 1:colcon.colcon_core.shell:create_environment_hook('f1tenth_controllers', 'pythonpath')
[10.385s] INFO:colcon.colcon_core.shell:Creating environment hook '/home/nvidia/f1tenth_ws/install/f1tenth_controllers/share/f1tenth_controllers/hook/pythonpath.ps1'
[10.390s] INFO:colcon.colcon_core.shell:Creating environment descriptor '/home/nvidia/f1tenth_ws/install/f1tenth_controllers/share/f1tenth_controllers/hook/pythonpath.dsv'
[10.394s] INFO:colcon.colcon_core.shell:Creating environment hook '/home/nvidia/f1tenth_ws/install/f1tenth_controllers/share/f1tenth_controllers/hook/pythonpath.sh'
[10.397s] Level 1:colcon.colcon_core.environment:checking '/home/nvidia/f1tenth_ws/install/f1tenth_controllers/bin'
[10.398s] Level 1:colcon.colcon_core.environment:create_environment_scripts_only(f1tenth_controllers)
[10.400s] INFO:colcon.colcon_core.shell:Creating package script '/home/nvidia/f1tenth_ws/install/f1tenth_controllers/share/f1tenth_controllers/package.ps1'
[10.405s] INFO:colcon.colcon_core.shell:Creating package descriptor '/home/nvidia/f1tenth_ws/install/f1tenth_controllers/share/f1tenth_controllers/package.dsv'
[10.408s] INFO:colcon.colcon_core.shell:Creating package script '/home/nvidia/f1tenth_ws/install/f1tenth_controllers/share/f1tenth_controllers/package.sh'
[10.413s] INFO:colcon.colcon_core.shell:Creating package script '/home/nvidia/f1tenth_ws/install/f1tenth_controllers/share/f1tenth_controllers/package.bash'
[10.418s] INFO:colcon.colcon_core.shell:Creating package script '/home/nvidia/f1tenth_ws/install/f1tenth_controllers/share/f1tenth_controllers/package.zsh'
[10.422s] Level 1:colcon.colcon_core.environment:create_file_with_runtime_dependencies(/home/nvidia/f1tenth_ws/install/f1tenth_controllers/share/colcon-core/packages/f1tenth_controllers)
[10.427s] Level 1:colcon.colcon_core.environment:checking '/home/nvidia/f1tenth_ws/install/key_teleop' for CMake module files
[10.434s] DEBUG:colcon.colcon_core.event_handler.log_command:Invoked command in '/home/nvidia/f1tenth_ws/src/f1tenth_system/teleop_tools/key_teleop' returned '0': PYTHONPATH=/home/nvidia/f1tenth_ws/build/key_teleop/prefix_override:/usr/lib/python3/dist-packages/colcon_core/task/python/colcon_distutils_commands:/home/nvidia/f1tenth_ws/install/key_teleop/lib/python3.8/site-packages: /usr/bin/python3 -W ignore:setup.py install is deprecated setup.py egg_info --egg-base ../../../../build/key_teleop build --build-base /home/nvidia/f1tenth_ws/build/key_teleop/build install --record /home/nvidia/f1tenth_ws/build/key_teleop/install.log --install-scripts $base/lib/key_teleop --single-version-externally-managed install_data
[10.435s] Level 1:colcon.colcon_core.environment:checking '/home/nvidia/f1tenth_ws/install/key_teleop' for CMake config files
[10.440s] Level 1:colcon.colcon_core.environment:checking '/home/nvidia/f1tenth_ws/install/key_teleop/lib'
[10.441s] Level 1:colcon.colcon_core.environment:checking '/home/nvidia/f1tenth_ws/install/key_teleop/bin'
[10.441s] Level 1:colcon.colcon_core.environment:checking '/home/nvidia/f1tenth_ws/install/key_teleop/lib/pkgconfig/key_teleop.pc'
[10.442s] Level 1:colcon.colcon_core.environment:checking '/home/nvidia/f1tenth_ws/install/key_teleop/lib/python3.8/site-packages'
[10.443s] Level 1:colcon.colcon_core.shell:create_environment_hook('key_teleop', 'pythonpath')
[10.444s] INFO:colcon.colcon_core.shell:Creating environment hook '/home/nvidia/f1tenth_ws/install/key_teleop/share/key_teleop/hook/pythonpath.ps1'
[10.447s] INFO:colcon.colcon_core.shell:Creating environment descriptor '/home/nvidia/f1tenth_ws/install/key_teleop/share/key_teleop/hook/pythonpath.dsv'
[10.450s] INFO:colcon.colcon_core.shell:Creating environment hook '/home/nvidia/f1tenth_ws/install/key_teleop/share/key_teleop/hook/pythonpath.sh'
[10.454s] Level 1:colcon.colcon_core.environment:checking '/home/nvidia/f1tenth_ws/install/key_teleop/bin'
[10.454s] Level 1:colcon.colcon_core.environment:create_environment_scripts_only(key_teleop)
[10.456s] INFO:colcon.colcon_core.shell:Creating package script '/home/nvidia/f1tenth_ws/install/key_teleop/share/key_teleop/package.ps1'
[10.460s] INFO:colcon.colcon_core.shell:Creating package descriptor '/home/nvidia/f1tenth_ws/install/key_teleop/share/key_teleop/package.dsv'
[10.463s] INFO:colcon.colcon_core.shell:Creating package script '/home/nvidia/f1tenth_ws/install/key_teleop/share/key_teleop/package.sh'
[10.466s] INFO:colcon.colcon_core.shell:Creating package script '/home/nvidia/f1tenth_ws/install/key_teleop/share/key_teleop/package.bash'
[10.469s] INFO:colcon.colcon_core.shell:Creating package script '/home/nvidia/f1tenth_ws/install/key_teleop/share/key_teleop/package.zsh'
[10.473s] Level 1:colcon.colcon_core.environment:create_file_with_runtime_dependencies(/home/nvidia/f1tenth_ws/install/key_teleop/share/colcon-core/packages/key_teleop)
[10.480s] INFO:colcon.colcon_ros.task.ament_python.build:Building ROS package in '/home/nvidia/f1tenth_ws/src/new_map_saver' with build type 'ament_python'
[10.481s] Level 1:colcon.colcon_core.shell:create_environment_hook('new_map_saver', 'ament_prefix_path')
[10.483s] INFO:colcon.colcon_core.shell:Creating environment hook '/home/nvidia/f1tenth_ws/install/new_map_saver/share/new_map_saver/hook/ament_prefix_path.ps1'
[10.487s] INFO:colcon.colcon_core.shell:Creating environment descriptor '/home/nvidia/f1tenth_ws/install/new_map_saver/share/new_map_saver/hook/ament_prefix_path.dsv'
[10.492s] INFO:colcon.colcon_core.shell:Creating environment hook '/home/nvidia/f1tenth_ws/install/new_map_saver/share/new_map_saver/hook/ament_prefix_path.sh'
[10.497s] INFO:colcon.colcon_core.shell:Skip shell extension 'powershell' for command environment: Not usable outside of PowerShell
[10.497s] DEBUG:colcon.colcon_core.shell:Skip shell extension 'dsv' for command environment
[10.528s] INFO:colcon.colcon_ros.task.ament_python.build:Building ROS package in '/home/nvidia/f1tenth_ws/src/phasespace' with build type 'ament_python'
[10.537s] Level 1:colcon.colcon_core.shell:create_environment_hook('phasespace', 'ament_prefix_path')
[10.542s] INFO:colcon.colcon_core.shell:Creating environment hook '/home/nvidia/f1tenth_ws/install/phasespace/share/phasespace/hook/ament_prefix_path.ps1'
[10.552s] INFO:colcon.colcon_core.shell:Creating environment descriptor '/home/nvidia/f1tenth_ws/install/phasespace/share/phasespace/hook/ament_prefix_path.dsv'
[10.555s] INFO:colcon.colcon_core.shell:Creating environment hook '/home/nvidia/f1tenth_ws/install/phasespace/share/phasespace/hook/ament_prefix_path.sh'
[10.559s] INFO:colcon.colcon_core.shell:Skip shell extension 'powershell' for command environment: Not usable outside of PowerShell
[10.559s] DEBUG:colcon.colcon_core.shell:Skip shell extension 'dsv' for command environment
[10.640s] DEBUG:colcon.colcon_core.event_handler.log_command:Invoking command in '/home/nvidia/f1tenth_ws/build/vesc_driver': AMENT_PREFIX_PATH=/home/nvidia/f1tenth_ws/install/vesc_msgs CMAKE_PREFIX_PATH=/home/nvidia/f1tenth_ws/install/vesc_msgs LD_LIBRARY_PATH=/home/nvidia/f1tenth_ws/install/vesc_msgs/lib PYTHONPATH=/home/nvidia/f1tenth_ws/install/vesc_msgs/lib/python3.8/site-packages /usr/bin/cmake --build /home/nvidia/f1tenth_ws/build/vesc_driver -- -j6 -l6
[11.860s] INFO:colcon.colcon_core.task.python.build:Building Python package in '/home/nvidia/f1tenth_ws/src/new_map_saver'
[11.863s] INFO:colcon.colcon_core.shell:Skip shell extension 'powershell' for command environment: Not usable outside of PowerShell
[11.863s] DEBUG:colcon.colcon_core.shell:Skip shell extension 'dsv' for command environment
[12.942s] INFO:colcon.colcon_core.task.python.build:Building Python package in '/home/nvidia/f1tenth_ws/src/phasespace'
[12.946s] INFO:colcon.colcon_core.shell:Skip shell extension 'powershell' for command environment: Not usable outside of PowerShell
[12.948s] DEBUG:colcon.colcon_core.shell:Skip shell extension 'dsv' for command environment
[12.988s] DEBUG:colcon.colcon_core.event_handler.log_command:Invoked command in '/home/nvidia/f1tenth_ws/build/vesc_ackermann' returned '0': AMENT_PREFIX_PATH=/home/nvidia/f1tenth_ws/install/vesc_msgs CMAKE_PREFIX_PATH=/home/nvidia/f1tenth_ws/install/vesc_msgs LD_LIBRARY_PATH=/home/nvidia/f1tenth_ws/install/vesc_msgs/lib PYTHONPATH=/home/nvidia/f1tenth_ws/install/vesc_msgs/lib/python3.8/site-packages /usr/bin/cmake --build /home/nvidia/f1tenth_ws/build/vesc_ackermann -- -j6 -l6
[13.008s] DEBUG:colcon.colcon_core.event_handler.log_command:Invoked command in '/home/nvidia/f1tenth_ws/build/vesc_driver' returned '0': AMENT_PREFIX_PATH=/home/nvidia/f1tenth_ws/install/vesc_msgs CMAKE_PREFIX_PATH=/home/nvidia/f1tenth_ws/install/vesc_msgs LD_LIBRARY_PATH=/home/nvidia/f1tenth_ws/install/vesc_msgs/lib PYTHONPATH=/home/nvidia/f1tenth_ws/install/vesc_msgs/lib/python3.8/site-packages /usr/bin/cmake --build /home/nvidia/f1tenth_ws/build/vesc_driver -- -j6 -l6
[13.062s] DEBUG:colcon.colcon_core.event_handler.log_command:Invoking command in '/home/nvidia/f1tenth_ws/src/f1tenth_system/teleop_tools/mouse_teleop': PYTHONPATH=/home/nvidia/f1tenth_ws/build/mouse_teleop/prefix_override:/usr/lib/python3/dist-packages/colcon_core/task/python/colcon_distutils_commands:/home/nvidia/f1tenth_ws/install/mouse_teleop/lib/python3.8/site-packages: /usr/bin/python3 -W ignore:setup.py install is deprecated setup.py egg_info --egg-base ../../../../build/mouse_teleop build --build-base /home/nvidia/f1tenth_ws/build/mouse_teleop/build install --record /home/nvidia/f1tenth_ws/build/mouse_teleop/install.log --install-scripts $base/lib/mouse_teleop --single-version-externally-managed install_data
[13.074s] DEBUG:colcon.colcon_core.event_handler.log_command:Invoking command in '/home/nvidia/f1tenth_ws/src/f1tenth_system/teleop_tools/joy_teleop': AMENT_PREFIX_PATH=/home/nvidia/f1tenth_ws/install/teleop_tools_msgs CMAKE_PREFIX_PATH=/home/nvidia/f1tenth_ws/install/teleop_tools_msgs LD_LIBRARY_PATH=/home/nvidia/f1tenth_ws/install/teleop_tools_msgs/lib PYTHONPATH=/home/nvidia/f1tenth_ws/build/joy_teleop/prefix_override:/usr/lib/python3/dist-packages/colcon_core/task/python/colcon_distutils_commands:/home/nvidia/f1tenth_ws/install/joy_teleop/lib/python3.8/site-packages:/home/nvidia/f1tenth_ws/install/teleop_tools_msgs/lib/python3.8/site-packages /usr/bin/python3 -W ignore:setup.py install is deprecated setup.py egg_info --egg-base ../../../../build/joy_teleop build --build-base /home/nvidia/f1tenth_ws/build/joy_teleop/build install --record /home/nvidia/f1tenth_ws/build/joy_teleop/install.log --install-scripts $base/lib/joy_teleop --single-version-externally-managed install_data
[13.204s] DEBUG:colcon.colcon_core.event_handler.log_command:Invoking command in '/home/nvidia/f1tenth_ws/build/vesc_ackermann': AMENT_PREFIX_PATH=/home/nvidia/f1tenth_ws/install/vesc_msgs CMAKE_PREFIX_PATH=/home/nvidia/f1tenth_ws/install/vesc_msgs LD_LIBRARY_PATH=/home/nvidia/f1tenth_ws/install/vesc_msgs/lib PYTHONPATH=/home/nvidia/f1tenth_ws/install/vesc_msgs/lib/python3.8/site-packages /usr/bin/cmake --install /home/nvidia/f1tenth_ws/build/vesc_ackermann
[13.267s] DEBUG:colcon.colcon_core.event_handler.log_command:Invoking command in '/home/nvidia/f1tenth_ws/build/vesc_driver': AMENT_PREFIX_PATH=/home/nvidia/f1tenth_ws/install/vesc_msgs CMAKE_PREFIX_PATH=/home/nvidia/f1tenth_ws/install/vesc_msgs LD_LIBRARY_PATH=/home/nvidia/f1tenth_ws/install/vesc_msgs/lib PYTHONPATH=/home/nvidia/f1tenth_ws/install/vesc_msgs/lib/python3.8/site-packages /usr/bin/cmake --install /home/nvidia/f1tenth_ws/build/vesc_driver
[13.341s] Level 1:colcon.colcon_core.environment:create_environment_scripts_only(vesc_ackermann)
[13.345s] Level 1:colcon.colcon_core.environment:checking '/home/nvidia/f1tenth_ws/install/vesc_ackermann' for CMake module files
[13.352s] DEBUG:colcon.colcon_core.event_handler.log_command:Invoked command in '/home/nvidia/f1tenth_ws/build/vesc_ackermann' returned '0': AMENT_PREFIX_PATH=/home/nvidia/f1tenth_ws/install/vesc_msgs CMAKE_PREFIX_PATH=/home/nvidia/f1tenth_ws/install/vesc_msgs LD_LIBRARY_PATH=/home/nvidia/f1tenth_ws/install/vesc_msgs/lib PYTHONPATH=/home/nvidia/f1tenth_ws/install/vesc_msgs/lib/python3.8/site-packages /usr/bin/cmake --install /home/nvidia/f1tenth_ws/build/vesc_ackermann
[13.364s] Level 1:colcon.colcon_core.environment:checking '/home/nvidia/f1tenth_ws/install/vesc_ackermann' for CMake config files
[13.374s] Level 1:colcon.colcon_core.shell:create_environment_hook('vesc_ackermann', 'cmake_prefix_path')
[13.377s] INFO:colcon.colcon_core.shell:Creating environment hook '/home/nvidia/f1tenth_ws/install/vesc_ackermann/share/vesc_ackermann/hook/cmake_prefix_path.ps1'
[13.390s] INFO:colcon.colcon_core.shell:Creating environment descriptor '/home/nvidia/f1tenth_ws/install/vesc_ackermann/share/vesc_ackermann/hook/cmake_prefix_path.dsv'
[13.401s] INFO:colcon.colcon_core.shell:Creating environment hook '/home/nvidia/f1tenth_ws/install/vesc_ackermann/share/vesc_ackermann/hook/cmake_prefix_path.sh'
[13.410s] Level 1:colcon.colcon_core.environment:checking '/home/nvidia/f1tenth_ws/install/vesc_ackermann/lib'
[13.413s] Level 1:colcon.colcon_core.shell:create_environment_hook('vesc_ackermann', 'ld_library_path_lib')
[13.417s] INFO:colcon.colcon_core.shell:Creating environment hook '/home/nvidia/f1tenth_ws/install/vesc_ackermann/share/vesc_ackermann/hook/ld_library_path_lib.ps1'
[13.422s] INFO:colcon.colcon_core.shell:Creating environment descriptor '/home/nvidia/f1tenth_ws/install/vesc_ackermann/share/vesc_ackermann/hook/ld_library_path_lib.dsv'
[13.426s] INFO:colcon.colcon_core.shell:Creating environment hook '/home/nvidia/f1tenth_ws/install/vesc_ackermann/share/vesc_ackermann/hook/ld_library_path_lib.sh'
[13.433s] Level 1:colcon.colcon_core.environment:checking '/home/nvidia/f1tenth_ws/install/vesc_ackermann/bin'
[13.434s] Level 1:colcon.colcon_core.environment:checking '/home/nvidia/f1tenth_ws/install/vesc_ackermann/lib/pkgconfig/vesc_ackermann.pc'
[13.438s] Level 1:colcon.colcon_core.environment:checking '/home/nvidia/f1tenth_ws/install/vesc_ackermann/lib/python3.8/site-packages'
[13.440s] Level 1:colcon.colcon_core.environment:checking '/home/nvidia/f1tenth_ws/install/vesc_ackermann/bin'
[13.443s] INFO:colcon.colcon_core.shell:Creating package script '/home/nvidia/f1tenth_ws/install/vesc_ackermann/share/vesc_ackermann/package.ps1'
[13.448s] INFO:colcon.colcon_core.shell:Creating package descriptor '/home/nvidia/f1tenth_ws/install/vesc_ackermann/share/vesc_ackermann/package.dsv'
[13.452s] INFO:colcon.colcon_core.shell:Creating package script '/home/nvidia/f1tenth_ws/install/vesc_ackermann/share/vesc_ackermann/package.sh'
[13.460s] INFO:colcon.colcon_core.shell:Creating package script '/home/nvidia/f1tenth_ws/install/vesc_ackermann/share/vesc_ackermann/package.bash'
[13.463s] INFO:colcon.colcon_core.shell:Creating package script '/home/nvidia/f1tenth_ws/install/vesc_ackermann/share/vesc_ackermann/package.zsh'
[13.466s] Level 1:colcon.colcon_core.environment:create_file_with_runtime_dependencies(/home/nvidia/f1tenth_ws/install/vesc_ackermann/share/colcon-core/packages/vesc_ackermann)
[13.506s] Level 1:colcon.colcon_core.environment:create_environment_scripts_only(vesc_driver)
[13.515s] Level 1:colcon.colcon_core.environment:checking '/home/nvidia/f1tenth_ws/install/vesc_driver' for CMake module files
[13.521s] DEBUG:colcon.colcon_core.event_handler.log_command:Invoked command in '/home/nvidia/f1tenth_ws/build/vesc_driver' returned '0': AMENT_PREFIX_PATH=/home/nvidia/f1tenth_ws/install/vesc_msgs CMAKE_PREFIX_PATH=/home/nvidia/f1tenth_ws/install/vesc_msgs LD_LIBRARY_PATH=/home/nvidia/f1tenth_ws/install/vesc_msgs/lib PYTHONPATH=/home/nvidia/f1tenth_ws/install/vesc_msgs/lib/python3.8/site-packages /usr/bin/cmake --install /home/nvidia/f1tenth_ws/build/vesc_driver
[13.524s] Level 1:colcon.colcon_core.environment:checking '/home/nvidia/f1tenth_ws/install/vesc_driver' for CMake config files
[13.527s] Level 1:colcon.colcon_core.shell:create_environment_hook('vesc_driver', 'cmake_prefix_path')
[13.530s] INFO:colcon.colcon_core.shell:Creating environment hook '/home/nvidia/f1tenth_ws/install/vesc_driver/share/vesc_driver/hook/cmake_prefix_path.ps1'
[13.537s] INFO:colcon.colcon_core.shell:Creating environment descriptor '/home/nvidia/f1tenth_ws/install/vesc_driver/share/vesc_driver/hook/cmake_prefix_path.dsv'
[13.540s] INFO:colcon.colcon_core.shell:Creating environment hook '/home/nvidia/f1tenth_ws/install/vesc_driver/share/vesc_driver/hook/cmake_prefix_path.sh'
[13.544s] Level 1:colcon.colcon_core.environment:checking '/home/nvidia/f1tenth_ws/install/vesc_driver/lib'
[13.545s] Level 1:colcon.colcon_core.shell:create_environment_hook('vesc_driver', 'ld_library_path_lib')
[13.546s] INFO:colcon.colcon_core.shell:Creating environment hook '/home/nvidia/f1tenth_ws/install/vesc_driver/share/vesc_driver/hook/ld_library_path_lib.ps1'
[13.645s] INFO:colcon.colcon_core.shell:Creating environment descriptor '/home/nvidia/f1tenth_ws/install/vesc_driver/share/vesc_driver/hook/ld_library_path_lib.dsv'
[13.648s] INFO:colcon.colcon_core.shell:Creating environment hook '/home/nvidia/f1tenth_ws/install/vesc_driver/share/vesc_driver/hook/ld_library_path_lib.sh'
[13.654s] Level 1:colcon.colcon_core.environment:checking '/home/nvidia/f1tenth_ws/install/vesc_driver/bin'
[13.654s] Level 1:colcon.colcon_core.environment:checking '/home/nvidia/f1tenth_ws/install/vesc_driver/lib/pkgconfig/vesc_driver.pc'
[13.657s] Level 1:colcon.colcon_core.environment:checking '/home/nvidia/f1tenth_ws/install/vesc_driver/lib/python3.8/site-packages'
[13.658s] Level 1:colcon.colcon_core.environment:checking '/home/nvidia/f1tenth_ws/install/vesc_driver/bin'
[13.661s] INFO:colcon.colcon_core.shell:Creating package script '/home/nvidia/f1tenth_ws/install/vesc_driver/share/vesc_driver/package.ps1'
[13.666s] INFO:colcon.colcon_core.shell:Creating package descriptor '/home/nvidia/f1tenth_ws/install/vesc_driver/share/vesc_driver/package.dsv'
[13.672s] INFO:colcon.colcon_core.shell:Creating package script '/home/nvidia/f1tenth_ws/install/vesc_driver/share/vesc_driver/package.sh'
[13.675s] INFO:colcon.colcon_core.shell:Creating package script '/home/nvidia/f1tenth_ws/install/vesc_driver/share/vesc_driver/package.bash'
[13.678s] INFO:colcon.colcon_core.shell:Creating package script '/home/nvidia/f1tenth_ws/install/vesc_driver/share/vesc_driver/package.zsh'
[13.682s] Level 1:colcon.colcon_core.environment:create_file_with_runtime_dependencies(/home/nvidia/f1tenth_ws/install/vesc_driver/share/colcon-core/packages/vesc_driver)
[13.752s] Level 1:colcon.colcon_core.environment:create_environment_scripts_only(vesc_ackermann)
[13.758s] Level 1:colcon.colcon_core.environment:checking '/home/nvidia/f1tenth_ws/install/vesc_ackermann' for CMake module files
[13.762s] Level 1:colcon.colcon_core.environment:checking '/home/nvidia/f1tenth_ws/install/vesc_ackermann' for CMake config files
[13.766s] Level 1:colcon.colcon_core.shell:create_environment_hook('vesc_ackermann', 'cmake_prefix_path')
[13.767s] INFO:colcon.colcon_core.shell:Creating environment hook '/home/nvidia/f1tenth_ws/install/vesc_ackermann/share/vesc_ackermann/hook/cmake_prefix_path.ps1'
[13.777s] INFO:colcon.colcon_core.shell:Creating environment descriptor '/home/nvidia/f1tenth_ws/install/vesc_ackermann/share/vesc_ackermann/hook/cmake_prefix_path.dsv'
[13.782s] INFO:colcon.colcon_core.shell:Creating environment hook '/home/nvidia/f1tenth_ws/install/vesc_ackermann/share/vesc_ackermann/hook/cmake_prefix_path.sh'
[13.786s] Level 1:colcon.colcon_core.environment:checking '/home/nvidia/f1tenth_ws/install/vesc_ackermann/lib'
[13.787s] Level 1:colcon.colcon_core.shell:create_environment_hook('vesc_ackermann', 'ld_library_path_lib')
[13.788s] INFO:colcon.colcon_core.shell:Creating environment hook '/home/nvidia/f1tenth_ws/install/vesc_ackermann/share/vesc_ackermann/hook/ld_library_path_lib.ps1'
[13.795s] INFO:colcon.colcon_core.shell:Creating environment descriptor '/home/nvidia/f1tenth_ws/install/vesc_ackermann/share/vesc_ackermann/hook/ld_library_path_lib.dsv'
[13.798s] INFO:colcon.colcon_core.shell:Creating environment hook '/home/nvidia/f1tenth_ws/install/vesc_ackermann/share/vesc_ackermann/hook/ld_library_path_lib.sh'
[13.800s] Level 1:colcon.colcon_core.environment:checking '/home/nvidia/f1tenth_ws/install/vesc_ackermann/bin'
[13.801s] Level 1:colcon.colcon_core.environment:checking '/home/nvidia/f1tenth_ws/install/vesc_ackermann/lib/pkgconfig/vesc_ackermann.pc'
[13.802s] Level 1:colcon.colcon_core.environment:checking '/home/nvidia/f1tenth_ws/install/vesc_ackermann/lib/python3.8/site-packages'
[13.803s] Level 1:colcon.colcon_core.environment:checking '/home/nvidia/f1tenth_ws/install/vesc_ackermann/bin'
[13.805s] INFO:colcon.colcon_core.shell:Creating package script '/home/nvidia/f1tenth_ws/install/vesc_ackermann/share/vesc_ackermann/package.ps1'
[13.814s] INFO:colcon.colcon_core.shell:Creating package descriptor '/home/nvidia/f1tenth_ws/install/vesc_ackermann/share/vesc_ackermann/package.dsv'
[13.819s] INFO:colcon.colcon_core.shell:Creating package script '/home/nvidia/f1tenth_ws/install/vesc_ackermann/share/vesc_ackermann/package.sh'
[13.824s] INFO:colcon.colcon_core.shell:Creating package script '/home/nvidia/f1tenth_ws/install/vesc_ackermann/share/vesc_ackermann/package.bash'
[13.827s] INFO:colcon.colcon_core.shell:Creating package script '/home/nvidia/f1tenth_ws/install/vesc_ackermann/share/vesc_ackermann/package.zsh'
[13.834s] Level 1:colcon.colcon_core.environment:create_file_with_runtime_dependencies(/home/nvidia/f1tenth_ws/install/vesc_ackermann/share/colcon-core/packages/vesc_ackermann)
[13.964s] Level 1:colcon.colcon_core.environment:create_environment_scripts_only(vesc_driver)
[13.965s] Level 1:colcon.colcon_core.environment:checking '/home/nvidia/f1tenth_ws/install/vesc_driver' for CMake module files
[13.970s] Level 1:colcon.colcon_core.environment:checking '/home/nvidia/f1tenth_ws/install/vesc_driver' for CMake config files
[13.976s] Level 1:colcon.colcon_core.shell:create_environment_hook('vesc_driver', 'cmake_prefix_path')
[13.977s] INFO:colcon.colcon_core.shell:Creating environment hook '/home/nvidia/f1tenth_ws/install/vesc_driver/share/vesc_driver/hook/cmake_prefix_path.ps1'
[13.980s] INFO:colcon.colcon_core.shell:Creating environment descriptor '/home/nvidia/f1tenth_ws/install/vesc_driver/share/vesc_driver/hook/cmake_prefix_path.dsv'
[13.983s] INFO:colcon.colcon_core.shell:Creating environment hook '/home/nvidia/f1tenth_ws/install/vesc_driver/share/vesc_driver/hook/cmake_prefix_path.sh'
[13.987s] Level 1:colcon.colcon_core.environment:checking '/home/nvidia/f1tenth_ws/install/vesc_driver/lib'
[13.988s] Level 1:colcon.colcon_core.shell:create_environment_hook('vesc_driver', 'ld_library_path_lib')
[13.992s] INFO:colcon.colcon_core.shell:Creating environment hook '/home/nvidia/f1tenth_ws/install/vesc_driver/share/vesc_driver/hook/ld_library_path_lib.ps1'
[13.994s] INFO:colcon.colcon_core.shell:Creating environment descriptor '/home/nvidia/f1tenth_ws/install/vesc_driver/share/vesc_driver/hook/ld_library_path_lib.dsv'
[13.997s] INFO:colcon.colcon_core.shell:Creating environment hook '/home/nvidia/f1tenth_ws/install/vesc_driver/share/vesc_driver/hook/ld_library_path_lib.sh'
[14.000s] Level 1:colcon.colcon_core.environment:checking '/home/nvidia/f1tenth_ws/install/vesc_driver/bin'
[14.000s] Level 1:colcon.colcon_core.environment:checking '/home/nvidia/f1tenth_ws/install/vesc_driver/lib/pkgconfig/vesc_driver.pc'
[14.001s] Level 1:colcon.colcon_core.environment:checking '/home/nvidia/f1tenth_ws/install/vesc_driver/lib/python3.8/site-packages'
[14.002s] Level 1:colcon.colcon_core.environment:checking '/home/nvidia/f1tenth_ws/install/vesc_driver/bin'
[14.004s] INFO:colcon.colcon_core.shell:Creating package script '/home/nvidia/f1tenth_ws/install/vesc_driver/share/vesc_driver/package.ps1'
[14.008s] INFO:colcon.colcon_core.shell:Creating package descriptor '/home/nvidia/f1tenth_ws/install/vesc_driver/share/vesc_driver/package.dsv'
[14.014s] INFO:colcon.colcon_core.shell:Creating package script '/home/nvidia/f1tenth_ws/install/vesc_driver/share/vesc_driver/package.sh'
[14.018s] INFO:colcon.colcon_core.shell:Creating package script '/home/nvidia/f1tenth_ws/install/vesc_driver/share/vesc_driver/package.bash'
[14.022s] INFO:colcon.colcon_core.shell:Creating package script '/home/nvidia/f1tenth_ws/install/vesc_driver/share/vesc_driver/package.zsh'
[14.026s] Level 1:colcon.colcon_core.environment:create_file_with_runtime_dependencies(/home/nvidia/f1tenth_ws/install/vesc_driver/share/colcon-core/packages/vesc_driver)
[14.029s] INFO:colcon.colcon_ros.task.ament_cmake.build:Building ROS package in '/home/nvidia/f1tenth_ws/src/f1tenth_system/vesc/vesc' with build type 'ament_cmake'
[14.032s] INFO:colcon.colcon_cmake.task.cmake.build:Building CMake package in '/home/nvidia/f1tenth_ws/src/f1tenth_system/vesc/vesc'
[14.034s] INFO:colcon.colcon_core.shell:Skip shell extension 'powershell' for command environment: Not usable outside of PowerShell
[14.034s] DEBUG:colcon.colcon_core.shell:Skip shell extension 'dsv' for command environment
[14.163s] DEBUG:colcon.colcon_core.event_handler.log_command:Invoking command in '/home/nvidia/f1tenth_ws/build/vesc': AMENT_PREFIX_PATH=/home/nvidia/f1tenth_ws/install/vesc_driver:/home/nvidia/f1tenth_ws/install/vesc_ackermann:/home/nvidia/f1tenth_ws/install/vesc_msgs CMAKE_PREFIX_PATH=/home/nvidia/f1tenth_ws/install/vesc_driver:/home/nvidia/f1tenth_ws/install/vesc_ackermann:/home/nvidia/f1tenth_ws/install/vesc_msgs LD_LIBRARY_PATH=/home/nvidia/f1tenth_ws/install/vesc_driver/lib:/home/nvidia/f1tenth_ws/install/vesc_ackermann/lib:/home/nvidia/f1tenth_ws/install/vesc_msgs/lib PYTHONPATH=/home/nvidia/f1tenth_ws/install/vesc_msgs/lib/python3.8/site-packages /usr/bin/cmake --build /home/nvidia/f1tenth_ws/build/vesc -- -j6 -l6
[14.433s] DEBUG:colcon.colcon_core.event_handler.log_command:Invoked command in '/home/nvidia/f1tenth_ws/build/vesc' returned '0': AMENT_PREFIX_PATH=/home/nvidia/f1tenth_ws/install/vesc_driver:/home/nvidia/f1tenth_ws/install/vesc_ackermann:/home/nvidia/f1tenth_ws/install/vesc_msgs CMAKE_PREFIX_PATH=/home/nvidia/f1tenth_ws/install/vesc_driver:/home/nvidia/f1tenth_ws/install/vesc_ackermann:/home/nvidia/f1tenth_ws/install/vesc_msgs LD_LIBRARY_PATH=/home/nvidia/f1tenth_ws/install/vesc_driver/lib:/home/nvidia/f1tenth_ws/install/vesc_ackermann/lib:/home/nvidia/f1tenth_ws/install/vesc_msgs/lib PYTHONPATH=/home/nvidia/f1tenth_ws/install/vesc_msgs/lib/python3.8/site-packages /usr/bin/cmake --build /home/nvidia/f1tenth_ws/build/vesc -- -j6 -l6
[14.601s] DEBUG:colcon.colcon_core.event_handler.log_command:Invoking command in '/home/nvidia/f1tenth_ws/build/vesc': AMENT_PREFIX_PATH=/home/nvidia/f1tenth_ws/install/vesc_driver:/home/nvidia/f1tenth_ws/install/vesc_ackermann:/home/nvidia/f1tenth_ws/install/vesc_msgs CMAKE_PREFIX_PATH=/home/nvidia/f1tenth_ws/install/vesc_driver:/home/nvidia/f1tenth_ws/install/vesc_ackermann:/home/nvidia/f1tenth_ws/install/vesc_msgs LD_LIBRARY_PATH=/home/nvidia/f1tenth_ws/install/vesc_driver/lib:/home/nvidia/f1tenth_ws/install/vesc_ackermann/lib:/home/nvidia/f1tenth_ws/install/vesc_msgs/lib PYTHONPATH=/home/nvidia/f1tenth_ws/install/vesc_msgs/lib/python3.8/site-packages /usr/bin/cmake --install /home/nvidia/f1tenth_ws/build/vesc
[14.671s] Level 1:colcon.colcon_core.environment:create_environment_scripts_only(vesc)
[14.674s] Level 1:colcon.colcon_core.environment:checking '/home/nvidia/f1tenth_ws/install/vesc' for CMake module files
[14.678s] Level 1:colcon.colcon_core.environment:checking '/home/nvidia/f1tenth_ws/install/vesc' for CMake config files
[14.682s] Level 1:colcon.colcon_core.shell:create_environment_hook('vesc', 'cmake_prefix_path')
[14.684s] INFO:colcon.colcon_core.shell:Creating environment hook '/home/nvidia/f1tenth_ws/install/vesc/share/vesc/hook/cmake_prefix_path.ps1'
[14.686s] DEBUG:colcon.colcon_core.event_handler.log_command:Invoked command in '/home/nvidia/f1tenth_ws/build/vesc' returned '0': AMENT_PREFIX_PATH=/home/nvidia/f1tenth_ws/install/vesc_driver:/home/nvidia/f1tenth_ws/install/vesc_ackermann:/home/nvidia/f1tenth_ws/install/vesc_msgs CMAKE_PREFIX_PATH=/home/nvidia/f1tenth_ws/install/vesc_driver:/home/nvidia/f1tenth_ws/install/vesc_ackermann:/home/nvidia/f1tenth_ws/install/vesc_msgs LD_LIBRARY_PATH=/home/nvidia/f1tenth_ws/install/vesc_driver/lib:/home/nvidia/f1tenth_ws/install/vesc_ackermann/lib:/home/nvidia/f1tenth_ws/install/vesc_msgs/lib PYTHONPATH=/home/nvidia/f1tenth_ws/install/vesc_msgs/lib/python3.8/site-packages /usr/bin/cmake --install /home/nvidia/f1tenth_ws/build/vesc
[14.694s] INFO:colcon.colcon_core.shell:Creating environment descriptor '/home/nvidia/f1tenth_ws/install/vesc/share/vesc/hook/cmake_prefix_path.dsv'
[14.699s] INFO:colcon.colcon_core.shell:Creating environment hook '/home/nvidia/f1tenth_ws/install/vesc/share/vesc/hook/cmake_prefix_path.sh'
[14.703s] Level 1:colcon.colcon_core.environment:checking '/home/nvidia/f1tenth_ws/install/vesc/bin'
[14.703s] Level 1:colcon.colcon_core.environment:checking '/home/nvidia/f1tenth_ws/install/vesc/lib/pkgconfig/vesc.pc'
[14.705s] Level 1:colcon.colcon_core.environment:checking '/home/nvidia/f1tenth_ws/install/vesc/lib/python3.8/site-packages'
[14.706s] Level 1:colcon.colcon_core.environment:checking '/home/nvidia/f1tenth_ws/install/vesc/bin'
[14.708s] INFO:colcon.colcon_core.shell:Creating package script '/home/nvidia/f1tenth_ws/install/vesc/share/vesc/package.ps1'
[14.711s] INFO:colcon.colcon_core.shell:Creating package descriptor '/home/nvidia/f1tenth_ws/install/vesc/share/vesc/package.dsv'
[14.714s] INFO:colcon.colcon_core.shell:Creating package script '/home/nvidia/f1tenth_ws/install/vesc/share/vesc/package.sh'
[14.718s] INFO:colcon.colcon_core.shell:Creating package script '/home/nvidia/f1tenth_ws/install/vesc/share/vesc/package.bash'
[14.721s] INFO:colcon.colcon_core.shell:Creating package script '/home/nvidia/f1tenth_ws/install/vesc/share/vesc/package.zsh'
[14.723s] Level 1:colcon.colcon_core.environment:create_file_with_runtime_dependencies(/home/nvidia/f1tenth_ws/install/vesc/share/colcon-core/packages/vesc)
[14.868s] Level 1:colcon.colcon_core.environment:checking '/home/nvidia/f1tenth_ws/install/mouse_teleop' for CMake module files
[14.872s] DEBUG:colcon.colcon_core.event_handler.log_command:Invoked command in '/home/nvidia/f1tenth_ws/src/f1tenth_system/teleop_tools/mouse_teleop' returned '0': PYTHONPATH=/home/nvidia/f1tenth_ws/build/mouse_teleop/prefix_override:/usr/lib/python3/dist-packages/colcon_core/task/python/colcon_distutils_commands:/home/nvidia/f1tenth_ws/install/mouse_teleop/lib/python3.8/site-packages: /usr/bin/python3 -W ignore:setup.py install is deprecated setup.py egg_info --egg-base ../../../../build/mouse_teleop build --build-base /home/nvidia/f1tenth_ws/build/mouse_teleop/build install --record /home/nvidia/f1tenth_ws/build/mouse_teleop/install.log --install-scripts $base/lib/mouse_teleop --single-version-externally-managed install_data
[14.878s] Level 1:colcon.colcon_core.environment:checking '/home/nvidia/f1tenth_ws/install/mouse_teleop' for CMake config files
[14.883s] Level 1:colcon.colcon_core.environment:checking '/home/nvidia/f1tenth_ws/install/mouse_teleop/lib'
[14.884s] Level 1:colcon.colcon_core.environment:checking '/home/nvidia/f1tenth_ws/install/mouse_teleop/bin'
[14.884s] Level 1:colcon.colcon_core.environment:checking '/home/nvidia/f1tenth_ws/install/mouse_teleop/lib/pkgconfig/mouse_teleop.pc'
[14.886s] Level 1:colcon.colcon_core.environment:checking '/home/nvidia/f1tenth_ws/install/mouse_teleop/lib/python3.8/site-packages'
[14.886s] Level 1:colcon.colcon_core.shell:create_environment_hook('mouse_teleop', 'pythonpath')
[14.888s] INFO:colcon.colcon_core.shell:Creating environment hook '/home/nvidia/f1tenth_ws/install/mouse_teleop/share/mouse_teleop/hook/pythonpath.ps1'
[14.894s] INFO:colcon.colcon_core.shell:Creating environment descriptor '/home/nvidia/f1tenth_ws/install/mouse_teleop/share/mouse_teleop/hook/pythonpath.dsv'
[14.900s] INFO:colcon.colcon_core.shell:Creating environment hook '/home/nvidia/f1tenth_ws/install/mouse_teleop/share/mouse_teleop/hook/pythonpath.sh'
[14.904s] Level 1:colcon.colcon_core.environment:checking '/home/nvidia/f1tenth_ws/install/mouse_teleop/bin'
[14.905s] Level 1:colcon.colcon_core.environment:create_environment_scripts_only(mouse_teleop)
[14.906s] INFO:colcon.colcon_core.shell:Creating package script '/home/nvidia/f1tenth_ws/install/mouse_teleop/share/mouse_teleop/package.ps1'
[14.910s] INFO:colcon.colcon_core.shell:Creating package descriptor '/home/nvidia/f1tenth_ws/install/mouse_teleop/share/mouse_teleop/package.dsv'
[14.914s] INFO:colcon.colcon_core.shell:Creating package script '/home/nvidia/f1tenth_ws/install/mouse_teleop/share/mouse_teleop/package.sh'
[14.918s] INFO:colcon.colcon_core.shell:Creating package script '/home/nvidia/f1tenth_ws/install/mouse_teleop/share/mouse_teleop/package.bash'
[14.920s] INFO:colcon.colcon_core.shell:Creating package script '/home/nvidia/f1tenth_ws/install/mouse_teleop/share/mouse_teleop/package.zsh'
[14.923s] Level 1:colcon.colcon_core.environment:create_file_with_runtime_dependencies(/home/nvidia/f1tenth_ws/install/mouse_teleop/share/colcon-core/packages/mouse_teleop)
[14.938s] Level 1:colcon.colcon_core.environment:create_environment_scripts_only(vesc)
[14.939s] Level 1:colcon.colcon_core.environment:checking '/home/nvidia/f1tenth_ws/install/vesc' for CMake module files
[14.942s] Level 1:colcon.colcon_core.environment:checking '/home/nvidia/f1tenth_ws/install/vesc' for CMake config files
[14.945s] Level 1:colcon.colcon_core.shell:create_environment_hook('vesc', 'cmake_prefix_path')
[14.946s] INFO:colcon.colcon_core.shell:Creating environment hook '/home/nvidia/f1tenth_ws/install/vesc/share/vesc/hook/cmake_prefix_path.ps1'
[14.952s] INFO:colcon.colcon_core.shell:Creating environment descriptor '/home/nvidia/f1tenth_ws/install/vesc/share/vesc/hook/cmake_prefix_path.dsv'
[14.954s] INFO:colcon.colcon_core.shell:Creating environment hook '/home/nvidia/f1tenth_ws/install/vesc/share/vesc/hook/cmake_prefix_path.sh'
[14.959s] Level 1:colcon.colcon_core.environment:checking '/home/nvidia/f1tenth_ws/install/vesc/bin'
[14.960s] Level 1:colcon.colcon_core.environment:checking '/home/nvidia/f1tenth_ws/install/vesc/lib/pkgconfig/vesc.pc'
[14.961s] Level 1:colcon.colcon_core.environment:checking '/home/nvidia/f1tenth_ws/install/vesc/lib/python3.8/site-packages'
[14.962s] Level 1:colcon.colcon_core.environment:checking '/home/nvidia/f1tenth_ws/install/vesc/bin'
[14.963s] INFO:colcon.colcon_core.shell:Creating package script '/home/nvidia/f1tenth_ws/install/vesc/share/vesc/package.ps1'
[14.967s] INFO:colcon.colcon_core.shell:Creating package descriptor '/home/nvidia/f1tenth_ws/install/vesc/share/vesc/package.dsv'
[14.971s] INFO:colcon.colcon_core.shell:Creating package script '/home/nvidia/f1tenth_ws/install/vesc/share/vesc/package.sh'
[14.977s] INFO:colcon.colcon_core.shell:Creating package script '/home/nvidia/f1tenth_ws/install/vesc/share/vesc/package.bash'
[14.980s] INFO:colcon.colcon_core.shell:Creating package script '/home/nvidia/f1tenth_ws/install/vesc/share/vesc/package.zsh'
[14.982s] Level 1:colcon.colcon_core.environment:create_file_with_runtime_dependencies(/home/nvidia/f1tenth_ws/install/vesc/share/colcon-core/packages/vesc)
[15.051s] Level 1:colcon.colcon_core.environment:checking '/home/nvidia/f1tenth_ws/install/joy_teleop' for CMake module files
[15.054s] DEBUG:colcon.colcon_core.event_handler.log_command:Invoked command in '/home/nvidia/f1tenth_ws/src/f1tenth_system/teleop_tools/joy_teleop' returned '0': AMENT_PREFIX_PATH=/home/nvidia/f1tenth_ws/install/teleop_tools_msgs CMAKE_PREFIX_PATH=/home/nvidia/f1tenth_ws/install/teleop_tools_msgs LD_LIBRARY_PATH=/home/nvidia/f1tenth_ws/install/teleop_tools_msgs/lib PYTHONPATH=/home/nvidia/f1tenth_ws/build/joy_teleop/prefix_override:/usr/lib/python3/dist-packages/colcon_core/task/python/colcon_distutils_commands:/home/nvidia/f1tenth_ws/install/joy_teleop/lib/python3.8/site-packages:/home/nvidia/f1tenth_ws/install/teleop_tools_msgs/lib/python3.8/site-packages /usr/bin/python3 -W ignore:setup.py install is deprecated setup.py egg_info --egg-base ../../../../build/joy_teleop build --build-base /home/nvidia/f1tenth_ws/build/joy_teleop/build install --record /home/nvidia/f1tenth_ws/build/joy_teleop/install.log --install-scripts $base/lib/joy_teleop --single-version-externally-managed install_data
[15.057s] Level 1:colcon.colcon_core.environment:checking '/home/nvidia/f1tenth_ws/install/joy_teleop' for CMake config files
[15.060s] Level 1:colcon.colcon_core.environment:checking '/home/nvidia/f1tenth_ws/install/joy_teleop/lib'
[15.061s] Level 1:colcon.colcon_core.environment:checking '/home/nvidia/f1tenth_ws/install/joy_teleop/bin'
[15.061s] Level 1:colcon.colcon_core.environment:checking '/home/nvidia/f1tenth_ws/install/joy_teleop/lib/pkgconfig/joy_teleop.pc'
[15.062s] Level 1:colcon.colcon_core.environment:checking '/home/nvidia/f1tenth_ws/install/joy_teleop/lib/python3.8/site-packages'
[15.062s] Level 1:colcon.colcon_core.shell:create_environment_hook('joy_teleop', 'pythonpath')
[15.064s] INFO:colcon.colcon_core.shell:Creating environment hook '/home/nvidia/f1tenth_ws/install/joy_teleop/share/joy_teleop/hook/pythonpath.ps1'
[15.066s] INFO:colcon.colcon_core.shell:Creating environment descriptor '/home/nvidia/f1tenth_ws/install/joy_teleop/share/joy_teleop/hook/pythonpath.dsv'
[15.068s] INFO:colcon.colcon_core.shell:Creating environment hook '/home/nvidia/f1tenth_ws/install/joy_teleop/share/joy_teleop/hook/pythonpath.sh'
[15.073s] Level 1:colcon.colcon_core.environment:checking '/home/nvidia/f1tenth_ws/install/joy_teleop/bin'
[15.073s] Level 1:colcon.colcon_core.environment:create_environment_scripts_only(joy_teleop)
[15.075s] INFO:colcon.colcon_core.shell:Creating package script '/home/nvidia/f1tenth_ws/install/joy_teleop/share/joy_teleop/package.ps1'
[15.078s] INFO:colcon.colcon_core.shell:Creating package descriptor '/home/nvidia/f1tenth_ws/install/joy_teleop/share/joy_teleop/package.dsv'
[15.081s] INFO:colcon.colcon_core.shell:Creating package script '/home/nvidia/f1tenth_ws/install/joy_teleop/share/joy_teleop/package.sh'
[15.083s] INFO:colcon.colcon_core.shell:Creating package script '/home/nvidia/f1tenth_ws/install/joy_teleop/share/joy_teleop/package.bash'
[15.085s] INFO:colcon.colcon_core.shell:Creating package script '/home/nvidia/f1tenth_ws/install/joy_teleop/share/joy_teleop/package.zsh'
[15.087s] Level 1:colcon.colcon_core.environment:create_file_with_runtime_dependencies(/home/nvidia/f1tenth_ws/install/joy_teleop/share/colcon-core/packages/joy_teleop)
[15.089s] INFO:colcon.colcon_ros.task.ament_cmake.build:Building ROS package in '/home/nvidia/f1tenth_ws/src/f1tenth_system/teleop_tools/teleop_tools' with build type 'ament_cmake'
[15.090s] INFO:colcon.colcon_cmake.task.cmake.build:Building CMake package in '/home/nvidia/f1tenth_ws/src/f1tenth_system/teleop_tools/teleop_tools'
[15.091s] INFO:colcon.colcon_core.shell:Skip shell extension 'powershell' for command environment: Not usable outside of PowerShell
[15.092s] DEBUG:colcon.colcon_core.shell:Skip shell extension 'dsv' for command environment
[15.116s] INFO:colcon.colcon_ros.task.ament_python.build:Building ROS package in '/home/nvidia/f1tenth_ws/src/f1tenth_system/f1tenth_stack' with build type 'ament_python'
[15.120s] Level 1:colcon.colcon_core.shell:create_environment_hook('f1tenth_stack', 'ament_prefix_path')
[15.124s] INFO:colcon.colcon_core.shell:Creating environment hook '/home/nvidia/f1tenth_ws/install/f1tenth_stack/share/f1tenth_stack/hook/ament_prefix_path.ps1'
[15.132s] INFO:colcon.colcon_core.shell:Creating environment descriptor '/home/nvidia/f1tenth_ws/install/f1tenth_stack/share/f1tenth_stack/hook/ament_prefix_path.dsv'
[15.135s] INFO:colcon.colcon_core.shell:Creating environment hook '/home/nvidia/f1tenth_ws/install/f1tenth_stack/share/f1tenth_stack/hook/ament_prefix_path.sh'
[15.140s] INFO:colcon.colcon_core.shell:Skip shell extension 'powershell' for command environment: Not usable outside of PowerShell
[15.140s] DEBUG:colcon.colcon_core.shell:Skip shell extension 'dsv' for command environment
[15.215s] DEBUG:colcon.colcon_core.event_handler.log_command:Invoking command in '/home/nvidia/f1tenth_ws/build/teleop_tools': AMENT_PREFIX_PATH=/home/nvidia/f1tenth_ws/install/joy_teleop:/home/nvidia/f1tenth_ws/install/teleop_tools_msgs:/home/nvidia/f1tenth_ws/install/key_teleop CMAKE_PREFIX_PATH=/home/nvidia/f1tenth_ws/install/teleop_tools_msgs LD_LIBRARY_PATH=/home/nvidia/f1tenth_ws/install/teleop_tools_msgs/lib PYTHONPATH=/home/nvidia/f1tenth_ws/install/joy_teleop/lib/python3.8/site-packages:/home/nvidia/f1tenth_ws/install/teleop_tools_msgs/lib/python3.8/site-packages:/home/nvidia/f1tenth_ws/install/key_teleop/lib/python3.8/site-packages /usr/bin/cmake --build /home/nvidia/f1tenth_ws/build/teleop_tools -- -j6 -l6
[16.356s] INFO:colcon.colcon_core.task.python.build:Building Python package in '/home/nvidia/f1tenth_ws/src/f1tenth_system/f1tenth_stack'
[16.360s] INFO:colcon.colcon_core.shell:Skip shell extension 'powershell' for command environment: Not usable outside of PowerShell
[16.361s] DEBUG:colcon.colcon_core.shell:Skip shell extension 'dsv' for command environment
[16.401s] DEBUG:colcon.colcon_core.event_handler.log_command:Invoked command in '/home/nvidia/f1tenth_ws/build/teleop_tools' returned '0': AMENT_PREFIX_PATH=/home/nvidia/f1tenth_ws/install/joy_teleop:/home/nvidia/f1tenth_ws/install/teleop_tools_msgs:/home/nvidia/f1tenth_ws/install/key_teleop CMAKE_PREFIX_PATH=/home/nvidia/f1tenth_ws/install/teleop_tools_msgs LD_LIBRARY_PATH=/home/nvidia/f1tenth_ws/install/teleop_tools_msgs/lib PYTHONPATH=/home/nvidia/f1tenth_ws/install/joy_teleop/lib/python3.8/site-packages:/home/nvidia/f1tenth_ws/install/teleop_tools_msgs/lib/python3.8/site-packages:/home/nvidia/f1tenth_ws/install/key_teleop/lib/python3.8/site-packages /usr/bin/cmake --build /home/nvidia/f1tenth_ws/build/teleop_tools -- -j6 -l6
[16.452s] DEBUG:colcon.colcon_core.event_handler.log_command:Invoking command in '/home/nvidia/f1tenth_ws/src/new_map_saver': PYTHONPATH=/home/nvidia/f1tenth_ws/build/new_map_saver/prefix_override:/usr/lib/python3/dist-packages/colcon_core/task/python/colcon_distutils_commands:/home/nvidia/f1tenth_ws/install/new_map_saver/lib/python3.8/site-packages: /usr/bin/python3 -W ignore:setup.py install is deprecated setup.py egg_info --egg-base ../../build/new_map_saver build --build-base /home/nvidia/f1tenth_ws/build/new_map_saver/build install --record /home/nvidia/f1tenth_ws/build/new_map_saver/install.log --install-scripts $base/lib/new_map_saver --single-version-externally-managed install_data
[16.499s] DEBUG:colcon.colcon_core.event_handler.log_command:Invoking command in '/home/nvidia/f1tenth_ws/src/phasespace': PYTHONPATH=/home/nvidia/f1tenth_ws/build/phasespace/prefix_override:/usr/lib/python3/dist-packages/colcon_core/task/python/colcon_distutils_commands:/home/nvidia/f1tenth_ws/install/phasespace/lib/python3.8/site-packages: /usr/bin/python3 -W ignore:setup.py install is deprecated setup.py egg_info --egg-base ../../build/phasespace build --build-base /home/nvidia/f1tenth_ws/build/phasespace/build install --record /home/nvidia/f1tenth_ws/build/phasespace/install.log --install-scripts $base/lib/phasespace --single-version-externally-managed install_data
[16.565s] DEBUG:colcon.colcon_core.event_handler.log_command:Invoking command in '/home/nvidia/f1tenth_ws/build/teleop_tools': AMENT_PREFIX_PATH=/home/nvidia/f1tenth_ws/install/joy_teleop:/home/nvidia/f1tenth_ws/install/teleop_tools_msgs:/home/nvidia/f1tenth_ws/install/key_teleop CMAKE_PREFIX_PATH=/home/nvidia/f1tenth_ws/install/teleop_tools_msgs LD_LIBRARY_PATH=/home/nvidia/f1tenth_ws/install/teleop_tools_msgs/lib PYTHONPATH=/home/nvidia/f1tenth_ws/install/joy_teleop/lib/python3.8/site-packages:/home/nvidia/f1tenth_ws/install/teleop_tools_msgs/lib/python3.8/site-packages:/home/nvidia/f1tenth_ws/install/key_teleop/lib/python3.8/site-packages /usr/bin/cmake --install /home/nvidia/f1tenth_ws/build/teleop_tools
[16.620s] Level 1:colcon.colcon_core.environment:create_environment_scripts_only(teleop_tools)
[16.623s] Level 1:colcon.colcon_core.environment:checking '/home/nvidia/f1tenth_ws/install/teleop_tools' for CMake module files
[16.627s] DEBUG:colcon.colcon_core.event_handler.log_command:Invoked command in '/home/nvidia/f1tenth_ws/build/teleop_tools' returned '0': AMENT_PREFIX_PATH=/home/nvidia/f1tenth_ws/install/joy_teleop:/home/nvidia/f1tenth_ws/install/teleop_tools_msgs:/home/nvidia/f1tenth_ws/install/key_teleop CMAKE_PREFIX_PATH=/home/nvidia/f1tenth_ws/install/teleop_tools_msgs LD_LIBRARY_PATH=/home/nvidia/f1tenth_ws/install/teleop_tools_msgs/lib PYTHONPATH=/home/nvidia/f1tenth_ws/install/joy_teleop/lib/python3.8/site-packages:/home/nvidia/f1tenth_ws/install/teleop_tools_msgs/lib/python3.8/site-packages:/home/nvidia/f1tenth_ws/install/key_teleop/lib/python3.8/site-packages /usr/bin/cmake --install /home/nvidia/f1tenth_ws/build/teleop_tools
[16.629s] Level 1:colcon.colcon_core.environment:checking '/home/nvidia/f1tenth_ws/install/teleop_tools' for CMake config files
[16.631s] Level 1:colcon.colcon_core.shell:create_environment_hook('teleop_tools', 'cmake_prefix_path')
[16.633s] INFO:colcon.colcon_core.shell:Creating environment hook '/home/nvidia/f1tenth_ws/install/teleop_tools/share/teleop_tools/hook/cmake_prefix_path.ps1'
[16.638s] INFO:colcon.colcon_core.shell:Creating environment descriptor '/home/nvidia/f1tenth_ws/install/teleop_tools/share/teleop_tools/hook/cmake_prefix_path.dsv'
[16.640s] INFO:colcon.colcon_core.shell:Creating environment hook '/home/nvidia/f1tenth_ws/install/teleop_tools/share/teleop_tools/hook/cmake_prefix_path.sh'
[16.644s] Level 1:colcon.colcon_core.environment:checking '/home/nvidia/f1tenth_ws/install/teleop_tools/bin'
[16.645s] Level 1:colcon.colcon_core.environment:checking '/home/nvidia/f1tenth_ws/install/teleop_tools/lib/pkgconfig/teleop_tools.pc'
[16.646s] Level 1:colcon.colcon_core.environment:checking '/home/nvidia/f1tenth_ws/install/teleop_tools/lib/python3.8/site-packages'
[16.647s] Level 1:colcon.colcon_core.environment:checking '/home/nvidia/f1tenth_ws/install/teleop_tools/bin'
[16.649s] INFO:colcon.colcon_core.shell:Creating package script '/home/nvidia/f1tenth_ws/install/teleop_tools/share/teleop_tools/package.ps1'
[16.652s] INFO:colcon.colcon_core.shell:Creating package descriptor '/home/nvidia/f1tenth_ws/install/teleop_tools/share/teleop_tools/package.dsv'
[16.654s] INFO:colcon.colcon_core.shell:Creating package script '/home/nvidia/f1tenth_ws/install/teleop_tools/share/teleop_tools/package.sh'
[16.657s] INFO:colcon.colcon_core.shell:Creating package script '/home/nvidia/f1tenth_ws/install/teleop_tools/share/teleop_tools/package.bash'
[16.659s] INFO:colcon.colcon_core.shell:Creating package script '/home/nvidia/f1tenth_ws/install/teleop_tools/share/teleop_tools/package.zsh'
[16.662s] Level 1:colcon.colcon_core.environment:create_file_with_runtime_dependencies(/home/nvidia/f1tenth_ws/install/teleop_tools/share/colcon-core/packages/teleop_tools)
[16.788s] Level 1:colcon.colcon_core.environment:create_environment_scripts_only(teleop_tools)
[16.791s] Level 1:colcon.colcon_core.environment:checking '/home/nvidia/f1tenth_ws/install/teleop_tools' for CMake module files
[16.795s] Level 1:colcon.colcon_core.environment:checking '/home/nvidia/f1tenth_ws/install/teleop_tools' for CMake config files
[16.798s] Level 1:colcon.colcon_core.shell:create_environment_hook('teleop_tools', 'cmake_prefix_path')
[16.799s] INFO:colcon.colcon_core.shell:Creating environment hook '/home/nvidia/f1tenth_ws/install/teleop_tools/share/teleop_tools/hook/cmake_prefix_path.ps1'
[16.804s] INFO:colcon.colcon_core.shell:Creating environment descriptor '/home/nvidia/f1tenth_ws/install/teleop_tools/share/teleop_tools/hook/cmake_prefix_path.dsv'
[16.806s] INFO:colcon.colcon_core.shell:Creating environment hook '/home/nvidia/f1tenth_ws/install/teleop_tools/share/teleop_tools/hook/cmake_prefix_path.sh'
[16.812s] Level 1:colcon.colcon_core.environment:checking '/home/nvidia/f1tenth_ws/install/teleop_tools/bin'
[16.812s] Level 1:colcon.colcon_core.environment:checking '/home/nvidia/f1tenth_ws/install/teleop_tools/lib/pkgconfig/teleop_tools.pc'
[16.814s] Level 1:colcon.colcon_core.environment:checking '/home/nvidia/f1tenth_ws/install/teleop_tools/lib/python3.8/site-packages'
[16.815s] Level 1:colcon.colcon_core.environment:checking '/home/nvidia/f1tenth_ws/install/teleop_tools/bin'
[16.817s] INFO:colcon.colcon_core.shell:Creating package script '/home/nvidia/f1tenth_ws/install/teleop_tools/share/teleop_tools/package.ps1'
[16.820s] INFO:colcon.colcon_core.shell:Creating package descriptor '/home/nvidia/f1tenth_ws/install/teleop_tools/share/teleop_tools/package.dsv'
[16.823s] INFO:colcon.colcon_core.shell:Creating package script '/home/nvidia/f1tenth_ws/install/teleop_tools/share/teleop_tools/package.sh'
[16.826s] INFO:colcon.colcon_core.shell:Creating package script '/home/nvidia/f1tenth_ws/install/teleop_tools/share/teleop_tools/package.bash'
[16.829s] INFO:colcon.colcon_core.shell:Creating package script '/home/nvidia/f1tenth_ws/install/teleop_tools/share/teleop_tools/package.zsh'
[16.832s] Level 1:colcon.colcon_core.environment:create_file_with_runtime_dependencies(/home/nvidia/f1tenth_ws/install/teleop_tools/share/colcon-core/packages/teleop_tools)
[18.004s] Level 1:colcon.colcon_core.environment:checking '/home/nvidia/f1tenth_ws/install/new_map_saver' for CMake module files
[18.007s] DEBUG:colcon.colcon_core.event_handler.log_command:Invoked command in '/home/nvidia/f1tenth_ws/src/new_map_saver' returned '0': PYTHONPATH=/home/nvidia/f1tenth_ws/build/new_map_saver/prefix_override:/usr/lib/python3/dist-packages/colcon_core/task/python/colcon_distutils_commands:/home/nvidia/f1tenth_ws/install/new_map_saver/lib/python3.8/site-packages: /usr/bin/python3 -W ignore:setup.py install is deprecated setup.py egg_info --egg-base ../../build/new_map_saver build --build-base /home/nvidia/f1tenth_ws/build/new_map_saver/build install --record /home/nvidia/f1tenth_ws/build/new_map_saver/install.log --install-scripts $base/lib/new_map_saver --single-version-externally-managed install_data
[18.009s] Level 1:colcon.colcon_core.environment:checking '/home/nvidia/f1tenth_ws/install/new_map_saver' for CMake config files
[18.013s] Level 1:colcon.colcon_core.environment:checking '/home/nvidia/f1tenth_ws/install/new_map_saver/lib'
[18.014s] Level 1:colcon.colcon_core.environment:checking '/home/nvidia/f1tenth_ws/install/new_map_saver/bin'
[18.014s] Level 1:colcon.colcon_core.environment:checking '/home/nvidia/f1tenth_ws/install/new_map_saver/lib/pkgconfig/new_map_saver.pc'
[18.015s] Level 1:colcon.colcon_core.environment:checking '/home/nvidia/f1tenth_ws/install/new_map_saver/lib/python3.8/site-packages'
[18.015s] Level 1:colcon.colcon_core.shell:create_environment_hook('new_map_saver', 'pythonpath')
[18.017s] INFO:colcon.colcon_core.shell:Creating environment hook '/home/nvidia/f1tenth_ws/install/new_map_saver/share/new_map_saver/hook/pythonpath.ps1'
[18.019s] INFO:colcon.colcon_core.shell:Creating environment descriptor '/home/nvidia/f1tenth_ws/install/new_map_saver/share/new_map_saver/hook/pythonpath.dsv'
[18.021s] INFO:colcon.colcon_core.shell:Creating environment hook '/home/nvidia/f1tenth_ws/install/new_map_saver/share/new_map_saver/hook/pythonpath.sh'
[18.024s] Level 1:colcon.colcon_core.environment:checking '/home/nvidia/f1tenth_ws/install/new_map_saver/bin'
[18.024s] Level 1:colcon.colcon_core.environment:create_environment_scripts_only(new_map_saver)
[18.026s] INFO:colcon.colcon_core.shell:Creating package script '/home/nvidia/f1tenth_ws/install/new_map_saver/share/new_map_saver/package.ps1'
[18.029s] INFO:colcon.colcon_core.shell:Creating package descriptor '/home/nvidia/f1tenth_ws/install/new_map_saver/share/new_map_saver/package.dsv'
[18.031s] INFO:colcon.colcon_core.shell:Creating package script '/home/nvidia/f1tenth_ws/install/new_map_saver/share/new_map_saver/package.sh'
[18.034s] INFO:colcon.colcon_core.shell:Creating package script '/home/nvidia/f1tenth_ws/install/new_map_saver/share/new_map_saver/package.bash'
[18.036s] INFO:colcon.colcon_core.shell:Creating package script '/home/nvidia/f1tenth_ws/install/new_map_saver/share/new_map_saver/package.zsh'
[18.045s] Level 1:colcon.colcon_core.environment:create_file_with_runtime_dependencies(/home/nvidia/f1tenth_ws/install/new_map_saver/share/colcon-core/packages/new_map_saver)
[18.169s] Level 1:colcon.colcon_core.environment:checking '/home/nvidia/f1tenth_ws/install/phasespace' for CMake module files
[18.172s] DEBUG:colcon.colcon_core.event_handler.log_command:Invoked command in '/home/nvidia/f1tenth_ws/src/phasespace' returned '0': PYTHONPATH=/home/nvidia/f1tenth_ws/build/phasespace/prefix_override:/usr/lib/python3/dist-packages/colcon_core/task/python/colcon_distutils_commands:/home/nvidia/f1tenth_ws/install/phasespace/lib/python3.8/site-packages: /usr/bin/python3 -W ignore:setup.py install is deprecated setup.py egg_info --egg-base ../../build/phasespace build --build-base /home/nvidia/f1tenth_ws/build/phasespace/build install --record /home/nvidia/f1tenth_ws/build/phasespace/install.log --install-scripts $base/lib/phasespace --single-version-externally-managed install_data
[18.174s] Level 1:colcon.colcon_core.environment:checking '/home/nvidia/f1tenth_ws/install/phasespace' for CMake config files
[18.178s] Level 1:colcon.colcon_core.environment:checking '/home/nvidia/f1tenth_ws/install/phasespace/lib'
[18.179s] Level 1:colcon.colcon_core.environment:checking '/home/nvidia/f1tenth_ws/install/phasespace/bin'
[18.179s] Level 1:colcon.colcon_core.environment:checking '/home/nvidia/f1tenth_ws/install/phasespace/lib/pkgconfig/phasespace.pc'
[18.180s] Level 1:colcon.colcon_core.environment:checking '/home/nvidia/f1tenth_ws/install/phasespace/lib/python3.8/site-packages'
[18.180s] Level 1:colcon.colcon_core.shell:create_environment_hook('phasespace', 'pythonpath')
[18.181s] INFO:colcon.colcon_core.shell:Creating environment hook '/home/nvidia/f1tenth_ws/install/phasespace/share/phasespace/hook/pythonpath.ps1'
[18.183s] INFO:colcon.colcon_core.shell:Creating environment descriptor '/home/nvidia/f1tenth_ws/install/phasespace/share/phasespace/hook/pythonpath.dsv'
[18.185s] INFO:colcon.colcon_core.shell:Creating environment hook '/home/nvidia/f1tenth_ws/install/phasespace/share/phasespace/hook/pythonpath.sh'
[18.188s] Level 1:colcon.colcon_core.environment:checking '/home/nvidia/f1tenth_ws/install/phasespace/bin'
[18.188s] Level 1:colcon.colcon_core.environment:create_environment_scripts_only(phasespace)
[18.190s] INFO:colcon.colcon_core.shell:Creating package script '/home/nvidia/f1tenth_ws/install/phasespace/share/phasespace/package.ps1'
[18.195s] INFO:colcon.colcon_core.shell:Creating package descriptor '/home/nvidia/f1tenth_ws/install/phasespace/share/phasespace/package.dsv'
[18.198s] INFO:colcon.colcon_core.shell:Creating package script '/home/nvidia/f1tenth_ws/install/phasespace/share/phasespace/package.sh'
[18.200s] INFO:colcon.colcon_core.shell:Creating package script '/home/nvidia/f1tenth_ws/install/phasespace/share/phasespace/package.bash'
[18.202s] INFO:colcon.colcon_core.shell:Creating package script '/home/nvidia/f1tenth_ws/install/phasespace/share/phasespace/package.zsh'
[18.204s] Level 1:colcon.colcon_core.environment:create_file_with_runtime_dependencies(/home/nvidia/f1tenth_ws/install/phasespace/share/colcon-core/packages/phasespace)
[18.534s] DEBUG:colcon.colcon_core.event_handler.log_command:Invoking command in '/home/nvidia/f1tenth_ws/src/f1tenth_system/f1tenth_stack': AMENT_PREFIX_PATH=/home/nvidia/f1tenth_ws/install/vesc:/home/nvidia/f1tenth_ws/install/vesc_driver:/home/nvidia/f1tenth_ws/install/vesc_ackermann:/home/nvidia/f1tenth_ws/install/joy_teleop:/home/nvidia/f1tenth_ws/install/vesc_msgs:/home/nvidia/f1tenth_ws/install/teleop_tools_msgs:/home/nvidia/f1tenth_ws/install/ackermann_mux CMAKE_PREFIX_PATH=/home/nvidia/f1tenth_ws/install/vesc:/home/nvidia/f1tenth_ws/install/vesc_driver:/home/nvidia/f1tenth_ws/install/vesc_ackermann:/home/nvidia/f1tenth_ws/install/vesc_msgs:/home/nvidia/f1tenth_ws/install/teleop_tools_msgs:/home/nvidia/f1tenth_ws/install/ackermann_mux LD_LIBRARY_PATH=/home/nvidia/f1tenth_ws/install/vesc_driver/lib:/home/nvidia/f1tenth_ws/install/vesc_ackermann/lib:/home/nvidia/f1tenth_ws/install/vesc_msgs/lib:/home/nvidia/f1tenth_ws/install/teleop_tools_msgs/lib PYTHONPATH=/home/nvidia/f1tenth_ws/build/f1tenth_stack/prefix_override:/usr/lib/python3/dist-packages/colcon_core/task/python/colcon_distutils_commands:/home/nvidia/f1tenth_ws/install/f1tenth_stack/lib/python3.8/site-packages:/home/nvidia/f1tenth_ws/install/joy_teleop/lib/python3.8/site-packages:/home/nvidia/f1tenth_ws/install/vesc_msgs/lib/python3.8/site-packages:/home/nvidia/f1tenth_ws/install/teleop_tools_msgs/lib/python3.8/site-packages /usr/bin/python3 -W ignore:setup.py install is deprecated setup.py egg_info --egg-base ../../../build/f1tenth_stack build --build-base /home/nvidia/f1tenth_ws/build/f1tenth_stack/build install --record /home/nvidia/f1tenth_ws/build/f1tenth_stack/install.log --install-scripts $base/lib/f1tenth_stack --single-version-externally-managed install_data
[19.963s] Level 1:colcon.colcon_core.environment:checking '/home/nvidia/f1tenth_ws/install/f1tenth_stack' for CMake module files
[19.967s] DEBUG:colcon.colcon_core.event_handler.log_command:Invoked command in '/home/nvidia/f1tenth_ws/src/f1tenth_system/f1tenth_stack' returned '0': AMENT_PREFIX_PATH=/home/nvidia/f1tenth_ws/install/vesc:/home/nvidia/f1tenth_ws/install/vesc_driver:/home/nvidia/f1tenth_ws/install/vesc_ackermann:/home/nvidia/f1tenth_ws/install/joy_teleop:/home/nvidia/f1tenth_ws/install/vesc_msgs:/home/nvidia/f1tenth_ws/install/teleop_tools_msgs:/home/nvidia/f1tenth_ws/install/ackermann_mux CMAKE_PREFIX_PATH=/home/nvidia/f1tenth_ws/install/vesc:/home/nvidia/f1tenth_ws/install/vesc_driver:/home/nvidia/f1tenth_ws/install/vesc_ackermann:/home/nvidia/f1tenth_ws/install/vesc_msgs:/home/nvidia/f1tenth_ws/install/teleop_tools_msgs:/home/nvidia/f1tenth_ws/install/ackermann_mux LD_LIBRARY_PATH=/home/nvidia/f1tenth_ws/install/vesc_driver/lib:/home/nvidia/f1tenth_ws/install/vesc_ackermann/lib:/home/nvidia/f1tenth_ws/install/vesc_msgs/lib:/home/nvidia/f1tenth_ws/install/teleop_tools_msgs/lib PYTHONPATH=/home/nvidia/f1tenth_ws/build/f1tenth_stack/prefix_override:/usr/lib/python3/dist-packages/colcon_core/task/python/colcon_distutils_commands:/home/nvidia/f1tenth_ws/install/f1tenth_stack/lib/python3.8/site-packages:/home/nvidia/f1tenth_ws/install/joy_teleop/lib/python3.8/site-packages:/home/nvidia/f1tenth_ws/install/vesc_msgs/lib/python3.8/site-packages:/home/nvidia/f1tenth_ws/install/teleop_tools_msgs/lib/python3.8/site-packages /usr/bin/python3 -W ignore:setup.py install is deprecated setup.py egg_info --egg-base ../../../build/f1tenth_stack build --build-base /home/nvidia/f1tenth_ws/build/f1tenth_stack/build install --record /home/nvidia/f1tenth_ws/build/f1tenth_stack/install.log --install-scripts $base/lib/f1tenth_stack --single-version-externally-managed install_data
[19.970s] Level 1:colcon.colcon_core.environment:checking '/home/nvidia/f1tenth_ws/install/f1tenth_stack' for CMake config files
[19.975s] Level 1:colcon.colcon_core.environment:checking '/home/nvidia/f1tenth_ws/install/f1tenth_stack/lib'
[19.976s] Level 1:colcon.colcon_core.environment:checking '/home/nvidia/f1tenth_ws/install/f1tenth_stack/bin'
[19.977s] Level 1:colcon.colcon_core.environment:checking '/home/nvidia/f1tenth_ws/install/f1tenth_stack/lib/pkgconfig/f1tenth_stack.pc'
[19.978s] Level 1:colcon.colcon_core.environment:checking '/home/nvidia/f1tenth_ws/install/f1tenth_stack/lib/python3.8/site-packages'
[19.979s] Level 1:colcon.colcon_core.shell:create_environment_hook('f1tenth_stack', 'pythonpath')
[19.980s] INFO:colcon.colcon_core.shell:Creating environment hook '/home/nvidia/f1tenth_ws/install/f1tenth_stack/share/f1tenth_stack/hook/pythonpath.ps1'
[19.984s] INFO:colcon.colcon_core.shell:Creating environment descriptor '/home/nvidia/f1tenth_ws/install/f1tenth_stack/share/f1tenth_stack/hook/pythonpath.dsv'
[19.986s] INFO:colcon.colcon_core.shell:Creating environment hook '/home/nvidia/f1tenth_ws/install/f1tenth_stack/share/f1tenth_stack/hook/pythonpath.sh'
[19.989s] Level 1:colcon.colcon_core.environment:checking '/home/nvidia/f1tenth_ws/install/f1tenth_stack/bin'
[19.990s] Level 1:colcon.colcon_core.environment:create_environment_scripts_only(f1tenth_stack)
[19.992s] INFO:colcon.colcon_core.shell:Creating package script '/home/nvidia/f1tenth_ws/install/f1tenth_stack/share/f1tenth_stack/package.ps1'
[19.995s] INFO:colcon.colcon_core.shell:Creating package descriptor '/home/nvidia/f1tenth_ws/install/f1tenth_stack/share/f1tenth_stack/package.dsv'
[19.997s] INFO:colcon.colcon_core.shell:Creating package script '/home/nvidia/f1tenth_ws/install/f1tenth_stack/share/f1tenth_stack/package.sh'
[20.000s] INFO:colcon.colcon_core.shell:Creating package script '/home/nvidia/f1tenth_ws/install/f1tenth_stack/share/f1tenth_stack/package.bash'
[20.002s] INFO:colcon.colcon_core.shell:Creating package script '/home/nvidia/f1tenth_ws/install/f1tenth_stack/share/f1tenth_stack/package.zsh'
[20.003s] Level 1:colcon.colcon_core.environment:create_file_with_runtime_dependencies(/home/nvidia/f1tenth_ws/install/f1tenth_stack/share/colcon-core/packages/f1tenth_stack)
[20.006s] DEBUG:colcon.colcon_parallel_executor.executor.parallel:closing loop
[20.009s] DEBUG:colcon.colcon_parallel_executor.executor.parallel:loop closed
[20.009s] DEBUG:colcon.colcon_parallel_executor.executor.parallel:run_until_complete finished with '0'
[20.009s] DEBUG:colcon.colcon_core.event_reactor:joining thread
[20.043s] INFO:colcon.colcon_core.plugin_system:Skipping extension 'colcon_notification.desktop_notification.terminal_notifier': Not used on non-Darwin systems
[20.043s] INFO:colcon.colcon_core.plugin_system:Skipping extension 'colcon_notification.desktop_notification.win32': Not used on non-Windows systems
[20.044s] INFO:colcon.colcon_notification.desktop_notification:Sending desktop notification using 'notify2'
[20.044s] DEBUG:colcon.colcon_notification.desktop_notification.notify2:Failed to initialize notify2: org.freedesktop.DBus.Error.NotSupported: Unable to autolaunch a dbus-daemon without a $DISPLAY for X11
[20.045s] DEBUG:colcon.colcon_core.event_reactor:joined thread
[20.046s] INFO:colcon.colcon_core.shell:Creating prefix script '/home/nvidia/f1tenth_ws/install/local_setup.ps1'
[20.051s] INFO:colcon.colcon_core.shell:Creating prefix util module '/home/nvidia/f1tenth_ws/install/_local_setup_util_ps1.py'
[20.058s] INFO:colcon.colcon_core.shell:Creating prefix chain script '/home/nvidia/f1tenth_ws/install/setup.ps1'
[20.062s] INFO:colcon.colcon_core.shell:Creating prefix script '/home/nvidia/f1tenth_ws/install/local_setup.sh'
[20.064s] INFO:colcon.colcon_core.shell:Creating prefix util module '/home/nvidia/f1tenth_ws/install/_local_setup_util_sh.py'
[20.068s] INFO:colcon.colcon_core.shell:Creating prefix chain script '/home/nvidia/f1tenth_ws/install/setup.sh'
[20.074s] INFO:colcon.colcon_core.shell:Creating prefix script '/home/nvidia/f1tenth_ws/install/local_setup.bash'
[20.077s] INFO:colcon.colcon_core.shell:Creating prefix chain script '/home/nvidia/f1tenth_ws/install/setup.bash'
[20.081s] INFO:colcon.colcon_core.shell:Creating prefix script '/home/nvidia/f1tenth_ws/install/local_setup.zsh'
[20.083s] INFO:colcon.colcon_core.shell:Creating prefix chain script '/home/nvidia/f1tenth_ws/install/setup.zsh'
