[0.000000] (-) TimerEvent: {}
[0.001181] (ackermann_mux) JobQueued: {'identifier': 'ackermann_mux', 'dependencies': OrderedDict()}
[0.001384] (f1tenth_controllers) JobQueued: {'identifier': 'f1tenth_controllers', 'dependencies': OrderedDict()}
[0.003909] (key_teleop) JobQueued: {'identifier': 'key_teleop', 'dependencies': OrderedDict()}
[0.004687] (mapping) JobQueued: {'identifier': 'mapping', 'dependencies': OrderedDict()}
[0.005407] (mouse_teleop) JobQueued: {'identifier': 'mouse_teleop', 'dependencies': OrderedDict()}
[0.005933] (new_map_saver) JobQueued: {'identifier': 'new_map_saver', 'dependencies': OrderedDict()}
[0.006118] (phasespace) JobQueued: {'identifier': 'phasespace', 'dependencies': OrderedDict()}
[0.006251] (pure_pursuit) JobQueued: {'identifier': 'pure_pursuit', 'dependencies': OrderedDict()}
[0.006378] (teleop_tools_msgs) JobQueued: {'identifier': 'teleop_tools_msgs', 'dependencies': OrderedDict()}
[0.006491] (vesc_msgs) JobQueued: {'identifier': 'vesc_msgs', 'dependencies': OrderedDict()}
[0.006601] (joy_teleop) JobQueued: {'identifier': 'joy_teleop', 'dependencies': OrderedDict([('teleop_tools_msgs', '/home/nvidia/f1tenth_ws/install/teleop_tools_msgs')])}
[0.006763] (vesc_ackermann) JobQueued: {'identifier': 'vesc_ackermann', 'dependencies': OrderedDict([('vesc_msgs', '/home/nvidia/f1tenth_ws/install/vesc_msgs')])}
[0.006884] (vesc_driver) JobQueued: {'identifier': 'vesc_driver', 'dependencies': OrderedDict([('vesc_msgs', '/home/nvidia/f1tenth_ws/install/vesc_msgs')])}
[0.007003] (teleop_tools) JobQueued: {'identifier': 'teleop_tools', 'dependencies': OrderedDict([('key_teleop', '/home/nvidia/f1tenth_ws/install/key_teleop'), ('teleop_tools_msgs', '/home/nvidia/f1tenth_ws/install/teleop_tools_msgs'), ('joy_teleop', '/home/nvidia/f1tenth_ws/install/joy_teleop')])}
[0.007161] (vesc) JobQueued: {'identifier': 'vesc', 'dependencies': OrderedDict([('vesc_msgs', '/home/nvidia/f1tenth_ws/install/vesc_msgs'), ('vesc_ackermann', '/home/nvidia/f1tenth_ws/install/vesc_ackermann'), ('vesc_driver', '/home/nvidia/f1tenth_ws/install/vesc_driver')])}
[0.007335] (f1tenth_stack) JobQueued: {'identifier': 'f1tenth_stack', 'dependencies': OrderedDict([('ackermann_mux', '/home/nvidia/f1tenth_ws/install/ackermann_mux'), ('teleop_tools_msgs', '/home/nvidia/f1tenth_ws/install/teleop_tools_msgs'), ('vesc_msgs', '/home/nvidia/f1tenth_ws/install/vesc_msgs'), ('joy_teleop', '/home/nvidia/f1tenth_ws/install/joy_teleop'), ('vesc_ackermann', '/home/nvidia/f1tenth_ws/install/vesc_ackermann'), ('vesc_driver', '/home/nvidia/f1tenth_ws/install/vesc_driver'), ('vesc', '/home/nvidia/f1tenth_ws/install/vesc')])}
[0.007583] (vesc_msgs) JobStarted: {'identifier': 'vesc_msgs'}
[0.045983] (teleop_tools_msgs) JobStarted: {'identifier': 'teleop_tools_msgs'}
[0.071965] (ackermann_mux) JobStarted: {'identifier': 'ackermann_mux'}
[0.099658] (-) TimerEvent: {}
[0.112765] (key_teleop) JobStarted: {'identifier': 'key_teleop'}
[0.157098] (f1tenth_controllers) JobStarted: {'identifier': 'f1tenth_controllers'}
[0.196652] (mapping) JobStarted: {'identifier': 'mapping'}
[0.200992] (-) TimerEvent: {}
[0.261985] (vesc_msgs) JobProgress: {'identifier': 'vesc_msgs', 'progress': 'cmake'}
[0.268885] (vesc_msgs) JobProgress: {'identifier': 'vesc_msgs', 'progress': 'build'}
[0.274129] (vesc_msgs) Command: {'cmd': ['/usr/bin/cmake', '--build', '/home/nvidia/f1tenth_ws/build/vesc_msgs', '--', '-j6', '-l6'], 'cwd': '/home/nvidia/f1tenth_ws/build/vesc_msgs', 'env': OrderedDict([('SUDO_GID', '1000'), ('MAIL', '/var/mail/root'), ('USER', 'root'), ('HOME', '/root'), ('COLORTERM', 'truecolor'), ('SUDO_UID', '1000'), ('LOGNAME', 'root'), ('TERM', 'xterm-256color'), ('PATH', '/usr/local/sbin:/usr/local/bin:/usr/sbin:/usr/bin:/sbin:/bin:/snap/bin'), ('DISPLAY', ':1'), ('LANG', 'en_US.UTF-8'), ('XAUTHORITY', '/run/user/1000/gdm/Xauthority'), ('LS_COLORS', 'rs=0:di=01;34:ln=01;36:mh=00:pi=40;33:so=01;35:do=01;35:bd=40;33;01:cd=40;33;01:or=40;31;01:mi=00:su=37;41:sg=30;43:ca=30;41:tw=30;42:ow=34;42:st=37;44:ex=01;32:*.tar=01;31:*.tgz=01;31:*.arc=01;31:*.arj=01;31:*.taz=01;31:*.lha=01;31:*.lz4=01;31:*.lzh=01;31:*.lzma=01;31:*.tlz=01;31:*.txz=01;31:*.tzo=01;31:*.t7z=01;31:*.zip=01;31:*.z=01;31:*.dz=01;31:*.gz=01;31:*.lrz=01;31:*.lz=01;31:*.lzo=01;31:*.xz=01;31:*.zst=01;31:*.tzst=01;31:*.bz2=01;31:*.bz=01;31:*.tbz=01;31:*.tbz2=01;31:*.tz=01;31:*.deb=01;31:*.rpm=01;31:*.jar=01;31:*.war=01;31:*.ear=01;31:*.sar=01;31:*.rar=01;31:*.alz=01;31:*.ace=01;31:*.zoo=01;31:*.cpio=01;31:*.7z=01;31:*.rz=01;31:*.cab=01;31:*.wim=01;31:*.swm=01;31:*.dwm=01;31:*.esd=01;31:*.jpg=01;35:*.jpeg=01;35:*.mjpg=01;35:*.mjpeg=01;35:*.gif=01;35:*.bmp=01;35:*.pbm=01;35:*.pgm=01;35:*.ppm=01;35:*.tga=01;35:*.xbm=01;35:*.xpm=01;35:*.tif=01;35:*.tiff=01;35:*.png=01;35:*.svg=01;35:*.svgz=01;35:*.mng=01;35:*.pcx=01;35:*.mov=01;35:*.mpg=01;35:*.mpeg=01;35:*.m2v=01;35:*.mkv=01;35:*.webm=01;35:*.ogm=01;35:*.mp4=01;35:*.m4v=01;35:*.mp4v=01;35:*.vob=01;35:*.qt=01;35:*.nuv=01;35:*.wmv=01;35:*.asf=01;35:*.rm=01;35:*.rmvb=01;35:*.flc=01;35:*.avi=01;35:*.fli=01;35:*.flv=01;35:*.gl=01;35:*.dl=01;35:*.xcf=01;35:*.xwd=01;35:*.yuv=01;35:*.cgm=01;35:*.emf=01;35:*.ogv=01;35:*.ogx=01;35:*.aac=00;36:*.au=00;36:*.flac=00;36:*.m4a=00;36:*.mid=00;36:*.midi=00;36:*.mka=00;36:*.mp3=00;36:*.mpc=00;36:*.ogg=00;36:*.ra=00;36:*.wav=00;36:*.oga=00;36:*.opus=00;36:*.spx=00;36:*.xspf=00;36:'), ('SUDO_COMMAND', '/usr/bin/colcon build'), ('SHELL', '/bin/bash'), ('SUDO_USER', 'nvidia'), ('LC_ALL', 'en_US.UTF-8'), ('PWD', '/home/nvidia/f1tenth_ws/build/vesc_msgs'), ('COLCON', '1')]), 'shell': False}
[0.302914] (-) TimerEvent: {}
[0.306090] (teleop_tools_msgs) JobProgress: {'identifier': 'teleop_tools_msgs', 'progress': 'cmake'}
[0.310560] (teleop_tools_msgs) JobProgress: {'identifier': 'teleop_tools_msgs', 'progress': 'build'}
[0.319313] (teleop_tools_msgs) Command: {'cmd': ['/usr/bin/cmake', '--build', '/home/nvidia/f1tenth_ws/build/teleop_tools_msgs', '--', '-j6', '-l6'], 'cwd': '/home/nvidia/f1tenth_ws/build/teleop_tools_msgs', 'env': OrderedDict([('SUDO_GID', '1000'), ('MAIL', '/var/mail/root'), ('USER', 'root'), ('HOME', '/root'), ('COLORTERM', 'truecolor'), ('SUDO_UID', '1000'), ('LOGNAME', 'root'), ('TERM', 'xterm-256color'), ('PATH', '/usr/local/sbin:/usr/local/bin:/usr/sbin:/usr/bin:/sbin:/bin:/snap/bin'), ('DISPLAY', ':1'), ('LANG', 'en_US.UTF-8'), ('XAUTHORITY', '/run/user/1000/gdm/Xauthority'), ('LS_COLORS', 'rs=0:di=01;34:ln=01;36:mh=00:pi=40;33:so=01;35:do=01;35:bd=40;33;01:cd=40;33;01:or=40;31;01:mi=00:su=37;41:sg=30;43:ca=30;41:tw=30;42:ow=34;42:st=37;44:ex=01;32:*.tar=01;31:*.tgz=01;31:*.arc=01;31:*.arj=01;31:*.taz=01;31:*.lha=01;31:*.lz4=01;31:*.lzh=01;31:*.lzma=01;31:*.tlz=01;31:*.txz=01;31:*.tzo=01;31:*.t7z=01;31:*.zip=01;31:*.z=01;31:*.dz=01;31:*.gz=01;31:*.lrz=01;31:*.lz=01;31:*.lzo=01;31:*.xz=01;31:*.zst=01;31:*.tzst=01;31:*.bz2=01;31:*.bz=01;31:*.tbz=01;31:*.tbz2=01;31:*.tz=01;31:*.deb=01;31:*.rpm=01;31:*.jar=01;31:*.war=01;31:*.ear=01;31:*.sar=01;31:*.rar=01;31:*.alz=01;31:*.ace=01;31:*.zoo=01;31:*.cpio=01;31:*.7z=01;31:*.rz=01;31:*.cab=01;31:*.wim=01;31:*.swm=01;31:*.dwm=01;31:*.esd=01;31:*.jpg=01;35:*.jpeg=01;35:*.mjpg=01;35:*.mjpeg=01;35:*.gif=01;35:*.bmp=01;35:*.pbm=01;35:*.pgm=01;35:*.ppm=01;35:*.tga=01;35:*.xbm=01;35:*.xpm=01;35:*.tif=01;35:*.tiff=01;35:*.png=01;35:*.svg=01;35:*.svgz=01;35:*.mng=01;35:*.pcx=01;35:*.mov=01;35:*.mpg=01;35:*.mpeg=01;35:*.m2v=01;35:*.mkv=01;35:*.webm=01;35:*.ogm=01;35:*.mp4=01;35:*.m4v=01;35:*.mp4v=01;35:*.vob=01;35:*.qt=01;35:*.nuv=01;35:*.wmv=01;35:*.asf=01;35:*.rm=01;35:*.rmvb=01;35:*.flc=01;35:*.avi=01;35:*.fli=01;35:*.flv=01;35:*.gl=01;35:*.dl=01;35:*.xcf=01;35:*.xwd=01;35:*.yuv=01;35:*.cgm=01;35:*.emf=01;35:*.ogv=01;35:*.ogx=01;35:*.aac=00;36:*.au=00;36:*.flac=00;36:*.m4a=00;36:*.mid=00;36:*.midi=00;36:*.mka=00;36:*.mp3=00;36:*.mpc=00;36:*.ogg=00;36:*.ra=00;36:*.wav=00;36:*.oga=00;36:*.opus=00;36:*.spx=00;36:*.xspf=00;36:'), ('SUDO_COMMAND', '/usr/bin/colcon build'), ('SHELL', '/bin/bash'), ('SUDO_USER', 'nvidia'), ('LC_ALL', 'en_US.UTF-8'), ('PWD', '/home/nvidia/f1tenth_ws/build/teleop_tools_msgs'), ('COLCON', '1')]), 'shell': False}
[0.337103] (ackermann_mux) JobProgress: {'identifier': 'ackermann_mux', 'progress': 'cmake'}
[0.342929] (ackermann_mux) JobProgress: {'identifier': 'ackermann_mux', 'progress': 'build'}
[0.345863] (ackermann_mux) Command: {'cmd': ['/usr/bin/cmake', '--build', '/home/nvidia/f1tenth_ws/build/ackermann_mux', '--', '-j6', '-l6'], 'cwd': '/home/nvidia/f1tenth_ws/build/ackermann_mux', 'env': OrderedDict([('SUDO_GID', '1000'), ('MAIL', '/var/mail/root'), ('USER', 'root'), ('HOME', '/root'), ('COLORTERM', 'truecolor'), ('SUDO_UID', '1000'), ('LOGNAME', 'root'), ('TERM', 'xterm-256color'), ('PATH', '/usr/local/sbin:/usr/local/bin:/usr/sbin:/usr/bin:/sbin:/bin:/snap/bin'), ('DISPLAY', ':1'), ('LANG', 'en_US.UTF-8'), ('XAUTHORITY', '/run/user/1000/gdm/Xauthority'), ('LS_COLORS', 'rs=0:di=01;34:ln=01;36:mh=00:pi=40;33:so=01;35:do=01;35:bd=40;33;01:cd=40;33;01:or=40;31;01:mi=00:su=37;41:sg=30;43:ca=30;41:tw=30;42:ow=34;42:st=37;44:ex=01;32:*.tar=01;31:*.tgz=01;31:*.arc=01;31:*.arj=01;31:*.taz=01;31:*.lha=01;31:*.lz4=01;31:*.lzh=01;31:*.lzma=01;31:*.tlz=01;31:*.txz=01;31:*.tzo=01;31:*.t7z=01;31:*.zip=01;31:*.z=01;31:*.dz=01;31:*.gz=01;31:*.lrz=01;31:*.lz=01;31:*.lzo=01;31:*.xz=01;31:*.zst=01;31:*.tzst=01;31:*.bz2=01;31:*.bz=01;31:*.tbz=01;31:*.tbz2=01;31:*.tz=01;31:*.deb=01;31:*.rpm=01;31:*.jar=01;31:*.war=01;31:*.ear=01;31:*.sar=01;31:*.rar=01;31:*.alz=01;31:*.ace=01;31:*.zoo=01;31:*.cpio=01;31:*.7z=01;31:*.rz=01;31:*.cab=01;31:*.wim=01;31:*.swm=01;31:*.dwm=01;31:*.esd=01;31:*.jpg=01;35:*.jpeg=01;35:*.mjpg=01;35:*.mjpeg=01;35:*.gif=01;35:*.bmp=01;35:*.pbm=01;35:*.pgm=01;35:*.ppm=01;35:*.tga=01;35:*.xbm=01;35:*.xpm=01;35:*.tif=01;35:*.tiff=01;35:*.png=01;35:*.svg=01;35:*.svgz=01;35:*.mng=01;35:*.pcx=01;35:*.mov=01;35:*.mpg=01;35:*.mpeg=01;35:*.m2v=01;35:*.mkv=01;35:*.webm=01;35:*.ogm=01;35:*.mp4=01;35:*.m4v=01;35:*.mp4v=01;35:*.vob=01;35:*.qt=01;35:*.nuv=01;35:*.wmv=01;35:*.asf=01;35:*.rm=01;35:*.rmvb=01;35:*.flc=01;35:*.avi=01;35:*.fli=01;35:*.flv=01;35:*.gl=01;35:*.dl=01;35:*.xcf=01;35:*.xwd=01;35:*.yuv=01;35:*.cgm=01;35:*.emf=01;35:*.ogv=01;35:*.ogx=01;35:*.aac=00;36:*.au=00;36:*.flac=00;36:*.m4a=00;36:*.mid=00;36:*.midi=00;36:*.mka=00;36:*.mp3=00;36:*.mpc=00;36:*.ogg=00;36:*.ra=00;36:*.wav=00;36:*.oga=00;36:*.opus=00;36:*.spx=00;36:*.xspf=00;36:'), ('SUDO_COMMAND', '/usr/bin/colcon build'), ('SHELL', '/bin/bash'), ('SUDO_USER', 'nvidia'), ('LC_ALL', 'en_US.UTF-8'), ('PWD', '/home/nvidia/f1tenth_ws/build/ackermann_mux'), ('COLCON', '1')]), 'shell': False}
[0.404029] (-) TimerEvent: {}
[0.508301] (-) TimerEvent: {}
[0.609355] (-) TimerEvent: {}
[0.710431] (-) TimerEvent: {}
[0.811468] (-) TimerEvent: {}
[0.912567] (-) TimerEvent: {}
[1.013676] (-) TimerEvent: {}
[1.115993] (-) TimerEvent: {}
[1.217087] (-) TimerEvent: {}
[1.318201] (-) TimerEvent: {}
[1.419266] (-) TimerEvent: {}
[1.520432] (-) TimerEvent: {}
[1.621586] (-) TimerEvent: {}
[1.722712] (-) TimerEvent: {}
[1.823807] (-) TimerEvent: {}
[1.924931] (-) TimerEvent: {}
[2.026857] (-) TimerEvent: {}
[2.129664] (-) TimerEvent: {}
[2.231193] (-) TimerEvent: {}
[2.332263] (-) TimerEvent: {}
[2.433321] (-) TimerEvent: {}
[2.534474] (-) TimerEvent: {}
[2.635522] (-) TimerEvent: {}
[2.736615] (-) TimerEvent: {}
[2.837735] (-) TimerEvent: {}
[2.939401] (-) TimerEvent: {}
[3.040769] (-) TimerEvent: {}
[3.142002] (-) TimerEvent: {}
[3.244151] (-) TimerEvent: {}
[3.347364] (-) TimerEvent: {}
[3.448442] (-) TimerEvent: {}
[3.549465] (-) TimerEvent: {}
[3.650670] (-) TimerEvent: {}
[3.751797] (-) TimerEvent: {}
[3.853082] (-) TimerEvent: {}
[3.954236] (-) TimerEvent: {}
[4.055789] (-) TimerEvent: {}
[4.157561] (-) TimerEvent: {}
[4.259188] (-) TimerEvent: {}
[4.319023] (vesc_msgs) StdoutLine: {'line': b'[  1%] Built target vesc_msgs__cpp\n'}
[4.322795] (vesc_msgs) StdoutLine: {'line': b'[ 12%] Built target vesc_msgs__rosidl_generator_c\n'}
[4.326390] (vesc_msgs) StdoutLine: {'line': b'[ 23%] Built target vesc_msgs__rosidl_typesupport_introspection_c\n'}
[4.327769] (vesc_msgs) StdoutLine: {'line': b'[ 34%] Built target vesc_msgs__rosidl_typesupport_fastrtps_cpp\n'}
[4.329830] (vesc_msgs) StdoutLine: {'line': b'[ 45%] Built target vesc_msgs__rosidl_typesupport_introspection_cpp\n'}
[4.331604] (vesc_msgs) StdoutLine: {'line': b'[ 65%] Built target vesc_msgs__rosidl_typesupport_c\n'}
[4.332129] (vesc_msgs) StdoutLine: {'line': b'[ 67%] Built target vesc_msgs__rosidl_typesupport_cpp\n'}
[4.333379] (vesc_msgs) StdoutLine: {'line': b'[ 78%] Built target vesc_msgs__rosidl_typesupport_fastrtps_c\n'}
[4.335904] (vesc_msgs) StdoutLine: {'line': b'[ 78%] Built target vesc_msgs\n'}
[4.336413] (vesc_msgs) StdoutLine: {'line': b'[ 80%] Built target vesc_msgs__py\n'}
[4.337749] (vesc_msgs) StdoutLine: {'line': b'[ 89%] Built target vesc_msgs__python\n'}
[4.338340] (vesc_msgs) StdoutLine: {'line': b'[ 92%] Built target vesc_msgs__rosidl_typesupport_introspection_c__pyext\n'}
[4.339042] (vesc_msgs) StdoutLine: {'line': b'[ 96%] Built target vesc_msgs__rosidl_typesupport_c__pyext\n'}
[4.339466] (vesc_msgs) StdoutLine: {'line': b'[100%] Built target vesc_msgs__rosidl_typesupport_fastrtps_c__pyext\n'}
[4.339865] (teleop_tools_msgs) StdoutLine: {'line': b'[  3%] Built target teleop_tools_msgs__cpp\n'}
[4.340437] (teleop_tools_msgs) StdoutLine: {'line': b'[ 12%] Built target teleop_tools_msgs__rosidl_generator_c\n'}
[4.340832] (teleop_tools_msgs) StdoutLine: {'line': b'[ 22%] Built target teleop_tools_msgs__rosidl_typesupport_introspection_cpp\n'}
[4.341210] (teleop_tools_msgs) StdoutLine: {'line': b'[ 32%] Built target teleop_tools_msgs__rosidl_typesupport_cpp\n'}
[4.341601] (teleop_tools_msgs) StdoutLine: {'line': b'[ 41%] Built target teleop_tools_msgs__rosidl_typesupport_c\n'}
[4.341949] (teleop_tools_msgs) StdoutLine: {'line': b'[ 51%] Built target teleop_tools_msgs__rosidl_typesupport_introspection_c\n'}
[4.342602] (teleop_tools_msgs) StdoutLine: {'line': b'[ 61%] Built target teleop_tools_msgs__rosidl_typesupport_fastrtps_cpp\n'}
[4.343326] (teleop_tools_msgs) StdoutLine: {'line': b'[ 70%] Built target teleop_tools_msgs__rosidl_typesupport_fastrtps_c\n'}
[4.345370] (teleop_tools_msgs) StdoutLine: {'line': b'[ 70%] Built target teleop_tools_msgs\n'}
[4.345816] (teleop_tools_msgs) StdoutLine: {'line': b'[ 74%] Built target teleop_tools_msgs__py\n'}
[4.346613] (teleop_tools_msgs) StdoutLine: {'line': b'[ 80%] Built target teleop_tools_msgs__python\n'}
[4.347078] (teleop_tools_msgs) StdoutLine: {'line': b'[ 87%] Built target teleop_tools_msgs__rosidl_typesupport_c__pyext\n'}
[4.355467] (teleop_tools_msgs) StdoutLine: {'line': b'[ 93%] Built target teleop_tools_msgs__rosidl_typesupport_fastrtps_c__pyext\n'}
[4.359614] (-) TimerEvent: {}
[4.363416] (teleop_tools_msgs) StdoutLine: {'line': b'[100%] Built target teleop_tools_msgs__rosidl_typesupport_introspection_c__pyext\n'}
[4.364902] (ackermann_mux) StdoutLine: {'line': b'[100%] Built target ackermann_mux\n'}
[4.374643] (teleop_tools_msgs) CommandEnded: {'returncode': 0}
[4.381927] (vesc_msgs) CommandEnded: {'returncode': 0}
[4.391021] (ackermann_mux) CommandEnded: {'returncode': 0}
[4.461830] (-) TimerEvent: {}
[4.565009] (-) TimerEvent: {}
[4.613989] (ackermann_mux) JobProgress: {'identifier': 'ackermann_mux', 'progress': 'install'}
[4.665830] (-) TimerEvent: {}
[4.702773] (ackermann_mux) Command: {'cmd': ['/usr/bin/cmake', '--install', '/home/nvidia/f1tenth_ws/build/ackermann_mux'], 'cwd': '/home/nvidia/f1tenth_ws/build/ackermann_mux', 'env': OrderedDict([('SUDO_GID', '1000'), ('MAIL', '/var/mail/root'), ('USER', 'root'), ('HOME', '/root'), ('COLORTERM', 'truecolor'), ('SUDO_UID', '1000'), ('LOGNAME', 'root'), ('TERM', 'xterm-256color'), ('PATH', '/usr/local/sbin:/usr/local/bin:/usr/sbin:/usr/bin:/sbin:/bin:/snap/bin'), ('DISPLAY', ':1'), ('LANG', 'en_US.UTF-8'), ('XAUTHORITY', '/run/user/1000/gdm/Xauthority'), ('LS_COLORS', 'rs=0:di=01;34:ln=01;36:mh=00:pi=40;33:so=01;35:do=01;35:bd=40;33;01:cd=40;33;01:or=40;31;01:mi=00:su=37;41:sg=30;43:ca=30;41:tw=30;42:ow=34;42:st=37;44:ex=01;32:*.tar=01;31:*.tgz=01;31:*.arc=01;31:*.arj=01;31:*.taz=01;31:*.lha=01;31:*.lz4=01;31:*.lzh=01;31:*.lzma=01;31:*.tlz=01;31:*.txz=01;31:*.tzo=01;31:*.t7z=01;31:*.zip=01;31:*.z=01;31:*.dz=01;31:*.gz=01;31:*.lrz=01;31:*.lz=01;31:*.lzo=01;31:*.xz=01;31:*.zst=01;31:*.tzst=01;31:*.bz2=01;31:*.bz=01;31:*.tbz=01;31:*.tbz2=01;31:*.tz=01;31:*.deb=01;31:*.rpm=01;31:*.jar=01;31:*.war=01;31:*.ear=01;31:*.sar=01;31:*.rar=01;31:*.alz=01;31:*.ace=01;31:*.zoo=01;31:*.cpio=01;31:*.7z=01;31:*.rz=01;31:*.cab=01;31:*.wim=01;31:*.swm=01;31:*.dwm=01;31:*.esd=01;31:*.jpg=01;35:*.jpeg=01;35:*.mjpg=01;35:*.mjpeg=01;35:*.gif=01;35:*.bmp=01;35:*.pbm=01;35:*.pgm=01;35:*.ppm=01;35:*.tga=01;35:*.xbm=01;35:*.xpm=01;35:*.tif=01;35:*.tiff=01;35:*.png=01;35:*.svg=01;35:*.svgz=01;35:*.mng=01;35:*.pcx=01;35:*.mov=01;35:*.mpg=01;35:*.mpeg=01;35:*.m2v=01;35:*.mkv=01;35:*.webm=01;35:*.ogm=01;35:*.mp4=01;35:*.m4v=01;35:*.mp4v=01;35:*.vob=01;35:*.qt=01;35:*.nuv=01;35:*.wmv=01;35:*.asf=01;35:*.rm=01;35:*.rmvb=01;35:*.flc=01;35:*.avi=01;35:*.fli=01;35:*.flv=01;35:*.gl=01;35:*.dl=01;35:*.xcf=01;35:*.xwd=01;35:*.yuv=01;35:*.cgm=01;35:*.emf=01;35:*.ogv=01;35:*.ogx=01;35:*.aac=00;36:*.au=00;36:*.flac=00;36:*.m4a=00;36:*.mid=00;36:*.midi=00;36:*.mka=00;36:*.mp3=00;36:*.mpc=00;36:*.ogg=00;36:*.ra=00;36:*.wav=00;36:*.oga=00;36:*.opus=00;36:*.spx=00;36:*.xspf=00;36:'), ('SUDO_COMMAND', '/usr/bin/colcon build'), ('SHELL', '/bin/bash'), ('SUDO_USER', 'nvidia'), ('LC_ALL', 'en_US.UTF-8'), ('PWD', '/home/nvidia/f1tenth_ws/build/ackermann_mux'), ('COLCON', '1')]), 'shell': False}
[4.753292] (teleop_tools_msgs) JobProgress: {'identifier': 'teleop_tools_msgs', 'progress': 'install'}
[4.764582] (teleop_tools_msgs) Command: {'cmd': ['/usr/bin/cmake', '--install', '/home/nvidia/f1tenth_ws/build/teleop_tools_msgs'], 'cwd': '/home/nvidia/f1tenth_ws/build/teleop_tools_msgs', 'env': OrderedDict([('SUDO_GID', '1000'), ('MAIL', '/var/mail/root'), ('USER', 'root'), ('HOME', '/root'), ('COLORTERM', 'truecolor'), ('SUDO_UID', '1000'), ('LOGNAME', 'root'), ('TERM', 'xterm-256color'), ('PATH', '/usr/local/sbin:/usr/local/bin:/usr/sbin:/usr/bin:/sbin:/bin:/snap/bin'), ('DISPLAY', ':1'), ('LANG', 'en_US.UTF-8'), ('XAUTHORITY', '/run/user/1000/gdm/Xauthority'), ('LS_COLORS', 'rs=0:di=01;34:ln=01;36:mh=00:pi=40;33:so=01;35:do=01;35:bd=40;33;01:cd=40;33;01:or=40;31;01:mi=00:su=37;41:sg=30;43:ca=30;41:tw=30;42:ow=34;42:st=37;44:ex=01;32:*.tar=01;31:*.tgz=01;31:*.arc=01;31:*.arj=01;31:*.taz=01;31:*.lha=01;31:*.lz4=01;31:*.lzh=01;31:*.lzma=01;31:*.tlz=01;31:*.txz=01;31:*.tzo=01;31:*.t7z=01;31:*.zip=01;31:*.z=01;31:*.dz=01;31:*.gz=01;31:*.lrz=01;31:*.lz=01;31:*.lzo=01;31:*.xz=01;31:*.zst=01;31:*.tzst=01;31:*.bz2=01;31:*.bz=01;31:*.tbz=01;31:*.tbz2=01;31:*.tz=01;31:*.deb=01;31:*.rpm=01;31:*.jar=01;31:*.war=01;31:*.ear=01;31:*.sar=01;31:*.rar=01;31:*.alz=01;31:*.ace=01;31:*.zoo=01;31:*.cpio=01;31:*.7z=01;31:*.rz=01;31:*.cab=01;31:*.wim=01;31:*.swm=01;31:*.dwm=01;31:*.esd=01;31:*.jpg=01;35:*.jpeg=01;35:*.mjpg=01;35:*.mjpeg=01;35:*.gif=01;35:*.bmp=01;35:*.pbm=01;35:*.pgm=01;35:*.ppm=01;35:*.tga=01;35:*.xbm=01;35:*.xpm=01;35:*.tif=01;35:*.tiff=01;35:*.png=01;35:*.svg=01;35:*.svgz=01;35:*.mng=01;35:*.pcx=01;35:*.mov=01;35:*.mpg=01;35:*.mpeg=01;35:*.m2v=01;35:*.mkv=01;35:*.webm=01;35:*.ogm=01;35:*.mp4=01;35:*.m4v=01;35:*.mp4v=01;35:*.vob=01;35:*.qt=01;35:*.nuv=01;35:*.wmv=01;35:*.asf=01;35:*.rm=01;35:*.rmvb=01;35:*.flc=01;35:*.avi=01;35:*.fli=01;35:*.flv=01;35:*.gl=01;35:*.dl=01;35:*.xcf=01;35:*.xwd=01;35:*.yuv=01;35:*.cgm=01;35:*.emf=01;35:*.ogv=01;35:*.ogx=01;35:*.aac=00;36:*.au=00;36:*.flac=00;36:*.m4a=00;36:*.mid=00;36:*.midi=00;36:*.mka=00;36:*.mp3=00;36:*.mpc=00;36:*.ogg=00;36:*.ra=00;36:*.wav=00;36:*.oga=00;36:*.opus=00;36:*.spx=00;36:*.xspf=00;36:'), ('SUDO_COMMAND', '/usr/bin/colcon build'), ('SHELL', '/bin/bash'), ('SUDO_USER', 'nvidia'), ('LC_ALL', 'en_US.UTF-8'), ('PWD', '/home/nvidia/f1tenth_ws/build/teleop_tools_msgs'), ('COLCON', '1')]), 'shell': False}
[4.775145] (-) TimerEvent: {}
[4.783205] (ackermann_mux) StdoutLine: {'line': b'-- Install configuration: ""\n'}
[4.786740] (ackermann_mux) StdoutLine: {'line': b'-- Up-to-date: /home/nvidia/f1tenth_ws/install/ackermann_mux/lib/ackermann_mux/ackermann_mux\n'}
[4.793888] (ackermann_mux) StdoutLine: {'line': b'-- Up-to-date: /home/nvidia/f1tenth_ws/install/ackermann_mux/share/ackermann_mux/launch\n'}
[4.794875] (ackermann_mux) StdoutLine: {'line': b'-- Up-to-date: /home/nvidia/f1tenth_ws/install/ackermann_mux/share/ackermann_mux/launch/ackermann_mux_launch.py\n'}
[4.795346] (ackermann_mux) StdoutLine: {'line': b'-- Up-to-date: /home/nvidia/f1tenth_ws/install/ackermann_mux/share/ackermann_mux/config\n'}
[4.795748] (ackermann_mux) StdoutLine: {'line': b'-- Up-to-date: /home/nvidia/f1tenth_ws/install/ackermann_mux/share/ackermann_mux/config/ackermann_mux_topics.yaml\n'}
[4.796150] (ackermann_mux) StdoutLine: {'line': b'-- Up-to-date: /home/nvidia/f1tenth_ws/install/ackermann_mux/share/ackermann_mux/config/joystick.yaml\n'}
[4.796527] (ackermann_mux) StdoutLine: {'line': b'-- Up-to-date: /home/nvidia/f1tenth_ws/install/ackermann_mux/share/ackermann_mux/config/ackermann_mux_locks.yaml\n'}
[4.796887] (ackermann_mux) StdoutLine: {'line': b'-- Up-to-date: /home/nvidia/f1tenth_ws/install/ackermann_mux/include\n'}
[4.800182] (ackermann_mux) StdoutLine: {'line': b'-- Up-to-date: /home/nvidia/f1tenth_ws/install/ackermann_mux/include/ackermann_mux\n'}
[4.803236] (ackermann_mux) StdoutLine: {'line': b'-- Up-to-date: /home/nvidia/f1tenth_ws/install/ackermann_mux/include/ackermann_mux/ackermann_mux_diagnostics.hpp\n'}
[4.804997] (ackermann_mux) StdoutLine: {'line': b'-- Up-to-date: /home/nvidia/f1tenth_ws/install/ackermann_mux/include/ackermann_mux/params_helpers.hpp\n'}
[4.805463] (ackermann_mux) StdoutLine: {'line': b'-- Up-to-date: /home/nvidia/f1tenth_ws/install/ackermann_mux/include/ackermann_mux/ackermann_mux_diagnostics_status.hpp\n'}
[4.819960] (ackermann_mux) StdoutLine: {'line': b'-- Up-to-date: /home/nvidia/f1tenth_ws/install/ackermann_mux/include/ackermann_mux/ackermann_mux.hpp\n'}
[4.823784] (ackermann_mux) StdoutLine: {'line': b'-- Up-to-date: /home/nvidia/f1tenth_ws/install/ackermann_mux/include/ackermann_mux/topic_handle.hpp\n'}
[4.824716] (ackermann_mux) StdoutLine: {'line': b'-- Up-to-date: /home/nvidia/f1tenth_ws/install/ackermann_mux/include/ackermann_mux/utils.hpp\n'}
[4.835401] (ackermann_mux) StdoutLine: {'line': b'-- Up-to-date: /home/nvidia/f1tenth_ws/install/ackermann_mux/share/ament_index/resource_index/package_run_dependencies/ackermann_mux\n'}
[4.835876] (ackermann_mux) StdoutLine: {'line': b'-- Up-to-date: /home/nvidia/f1tenth_ws/install/ackermann_mux/share/ament_index/resource_index/parent_prefix_path/ackermann_mux\n'}
[4.836263] (ackermann_mux) StdoutLine: {'line': b'-- Up-to-date: /home/nvidia/f1tenth_ws/install/ackermann_mux/share/ackermann_mux/environment/ament_prefix_path.sh\n'}
[4.836656] (ackermann_mux) StdoutLine: {'line': b'-- Up-to-date: /home/nvidia/f1tenth_ws/install/ackermann_mux/share/ackermann_mux/environment/ament_prefix_path.dsv\n'}
[4.837016] (ackermann_mux) StdoutLine: {'line': b'-- Up-to-date: /home/nvidia/f1tenth_ws/install/ackermann_mux/share/ackermann_mux/environment/path.sh\n'}
[4.837365] (ackermann_mux) StdoutLine: {'line': b'-- Up-to-date: /home/nvidia/f1tenth_ws/install/ackermann_mux/share/ackermann_mux/environment/path.dsv\n'}
[4.837752] (ackermann_mux) StdoutLine: {'line': b'-- Up-to-date: /home/nvidia/f1tenth_ws/install/ackermann_mux/share/ackermann_mux/local_setup.bash\n'}
[4.838292] (ackermann_mux) StdoutLine: {'line': b'-- Up-to-date: /home/nvidia/f1tenth_ws/install/ackermann_mux/share/ackermann_mux/local_setup.sh\n'}
[4.838717] (ackermann_mux) StdoutLine: {'line': b'-- Up-to-date: /home/nvidia/f1tenth_ws/install/ackermann_mux/share/ackermann_mux/local_setup.zsh\n'}
[4.839108] (ackermann_mux) StdoutLine: {'line': b'-- Up-to-date: /home/nvidia/f1tenth_ws/install/ackermann_mux/share/ackermann_mux/local_setup.dsv\n'}
[4.839477] (ackermann_mux) StdoutLine: {'line': b'-- Installing: /home/nvidia/f1tenth_ws/install/ackermann_mux/share/ackermann_mux/package.dsv\n'}
[4.840163] (ackermann_mux) StdoutLine: {'line': b'-- Up-to-date: /home/nvidia/f1tenth_ws/install/ackermann_mux/share/ament_index/resource_index/packages/ackermann_mux\n'}
[4.840623] (ackermann_mux) StdoutLine: {'line': b'-- Up-to-date: /home/nvidia/f1tenth_ws/install/ackermann_mux/share/ackermann_mux/cmake/ament_cmake_export_include_directories-extras.cmake\n'}
[4.841078] (ackermann_mux) StdoutLine: {'line': b'-- Up-to-date: /home/nvidia/f1tenth_ws/install/ackermann_mux/share/ackermann_mux/cmake/ament_cmake_export_dependencies-extras.cmake\n'}
[4.841450] (ackermann_mux) StdoutLine: {'line': b'-- Up-to-date: /home/nvidia/f1tenth_ws/install/ackermann_mux/share/ackermann_mux/cmake/ackermann_muxConfig.cmake\n'}
[4.841831] (ackermann_mux) StdoutLine: {'line': b'-- Up-to-date: /home/nvidia/f1tenth_ws/install/ackermann_mux/share/ackermann_mux/cmake/ackermann_muxConfig-version.cmake\n'}
[4.842579] (ackermann_mux) StdoutLine: {'line': b'-- Up-to-date: /home/nvidia/f1tenth_ws/install/ackermann_mux/share/ackermann_mux/package.xml\n'}
[4.844173] (ackermann_mux) CommandEnded: {'returncode': 0}
[4.860265] (teleop_tools_msgs) StdoutLine: {'line': b'-- Install configuration: ""\n'}
[4.861362] (teleop_tools_msgs) StdoutLine: {'line': b'-- Up-to-date: /home/nvidia/f1tenth_ws/install/teleop_tools_msgs/share/ament_index/resource_index/rosidl_interfaces/teleop_tools_msgs\n'}
[4.861859] (teleop_tools_msgs) StdoutLine: {'line': b'-- Up-to-date: /home/nvidia/f1tenth_ws/install/teleop_tools_msgs/include/teleop_tools_msgs\n'}
[4.862872] (teleop_tools_msgs) StdoutLine: {'line': b'-- Up-to-date: /home/nvidia/f1tenth_ws/install/teleop_tools_msgs/include/teleop_tools_msgs/action\n'}
[4.863337] (teleop_tools_msgs) StdoutLine: {'line': b'-- Up-to-date: /home/nvidia/f1tenth_ws/install/teleop_tools_msgs/include/teleop_tools_msgs/action/increment.h\n'}
[4.863727] (teleop_tools_msgs) StdoutLine: {'line': b'-- Up-to-date: /home/nvidia/f1tenth_ws/install/teleop_tools_msgs/include/teleop_tools_msgs/action/detail\n'}
[4.864118] (teleop_tools_msgs) StdoutLine: {'line': b'-- Up-to-date: /home/nvidia/f1tenth_ws/install/teleop_tools_msgs/include/teleop_tools_msgs/action/detail/increment__type_support.h\n'}
[4.864474] (teleop_tools_msgs) StdoutLine: {'line': b'-- Up-to-date: /home/nvidia/f1tenth_ws/install/teleop_tools_msgs/include/teleop_tools_msgs/action/detail/increment__functions.c\n'}
[4.864833] (teleop_tools_msgs) StdoutLine: {'line': b'-- Up-to-date: /home/nvidia/f1tenth_ws/install/teleop_tools_msgs/include/teleop_tools_msgs/action/detail/increment__struct.h\n'}
[4.866014] (teleop_tools_msgs) StdoutLine: {'line': b'-- Up-to-date: /home/nvidia/f1tenth_ws/install/teleop_tools_msgs/include/teleop_tools_msgs/action/detail/increment__functions.h\n'}
[4.867196] (teleop_tools_msgs) StdoutLine: {'line': b'-- Up-to-date: /home/nvidia/f1tenth_ws/install/teleop_tools_msgs/include/teleop_tools_msgs/msg\n'}
[4.867955] (teleop_tools_msgs) StdoutLine: {'line': b'-- Up-to-date: /home/nvidia/f1tenth_ws/install/teleop_tools_msgs/include/teleop_tools_msgs/msg/rosidl_generator_c__visibility_control.h\n'}
[4.868388] (teleop_tools_msgs) StdoutLine: {'line': b'-- Up-to-date: /home/nvidia/f1tenth_ws/install/teleop_tools_msgs/share/teleop_tools_msgs/environment/library_path.sh\n'}
[4.868753] (teleop_tools_msgs) StdoutLine: {'line': b'-- Up-to-date: /home/nvidia/f1tenth_ws/install/teleop_tools_msgs/share/teleop_tools_msgs/environment/library_path.dsv\n'}
[4.869105] (teleop_tools_msgs) StdoutLine: {'line': b'-- Up-to-date: /home/nvidia/f1tenth_ws/install/teleop_tools_msgs/lib/libteleop_tools_msgs__rosidl_generator_c.so\n'}
[4.869826] (teleop_tools_msgs) StdoutLine: {'line': b'-- Up-to-date: /home/nvidia/f1tenth_ws/install/teleop_tools_msgs/include/teleop_tools_msgs\n'}
[4.873013] (teleop_tools_msgs) StdoutLine: {'line': b'-- Up-to-date: /home/nvidia/f1tenth_ws/install/teleop_tools_msgs/include/teleop_tools_msgs/action\n'}
[4.873696] (teleop_tools_msgs) StdoutLine: {'line': b'-- Up-to-date: /home/nvidia/f1tenth_ws/install/teleop_tools_msgs/include/teleop_tools_msgs/action/detail\n'}
[4.877703] (-) TimerEvent: {}
[4.879283] (teleop_tools_msgs) StdoutLine: {'line': b'-- Up-to-date: /home/nvidia/f1tenth_ws/install/teleop_tools_msgs/include/teleop_tools_msgs/action/detail/increment__rosidl_typesupport_fastrtps_c.h\n'}
[4.879852] (teleop_tools_msgs) StdoutLine: {'line': b'-- Up-to-date: /home/nvidia/f1tenth_ws/install/teleop_tools_msgs/include/teleop_tools_msgs/msg\n'}
[4.880336] (teleop_tools_msgs) StdoutLine: {'line': b'-- Up-to-date: /home/nvidia/f1tenth_ws/install/teleop_tools_msgs/include/teleop_tools_msgs/msg/rosidl_typesupport_fastrtps_c__visibility_control.h\n'}
[4.880719] (teleop_tools_msgs) StdoutLine: {'line': b'-- Up-to-date: /home/nvidia/f1tenth_ws/install/teleop_tools_msgs/lib/libteleop_tools_msgs__rosidl_typesupport_fastrtps_c.so\n'}
[4.881193] (teleop_tools_msgs) StdoutLine: {'line': b'-- Up-to-date: /home/nvidia/f1tenth_ws/install/teleop_tools_msgs/include/teleop_tools_msgs\n'}
[4.881592] (teleop_tools_msgs) StdoutLine: {'line': b'-- Up-to-date: /home/nvidia/f1tenth_ws/install/teleop_tools_msgs/include/teleop_tools_msgs/action\n'}
[4.881948] (teleop_tools_msgs) StdoutLine: {'line': b'-- Up-to-date: /home/nvidia/f1tenth_ws/install/teleop_tools_msgs/include/teleop_tools_msgs/action/detail\n'}
[4.886301] (teleop_tools_msgs) StdoutLine: {'line': b'-- Up-to-date: /home/nvidia/f1tenth_ws/install/teleop_tools_msgs/include/teleop_tools_msgs/action/detail/increment__rosidl_typesupport_fastrtps_cpp.hpp\n'}
[4.887963] (teleop_tools_msgs) StdoutLine: {'line': b'-- Up-to-date: /home/nvidia/f1tenth_ws/install/teleop_tools_msgs/include/teleop_tools_msgs/action/detail/dds_fastrtps\n'}
[4.895672] (teleop_tools_msgs) StdoutLine: {'line': b'-- Up-to-date: /home/nvidia/f1tenth_ws/install/teleop_tools_msgs/include/teleop_tools_msgs/msg\n'}
[4.896766] (teleop_tools_msgs) StdoutLine: {'line': b'-- Up-to-date: /home/nvidia/f1tenth_ws/install/teleop_tools_msgs/include/teleop_tools_msgs/msg/rosidl_typesupport_fastrtps_cpp__visibility_control.h\n'}
[4.903150] (teleop_tools_msgs) StdoutLine: {'line': b'-- Up-to-date: /home/nvidia/f1tenth_ws/install/teleop_tools_msgs/lib/libteleop_tools_msgs__rosidl_typesupport_fastrtps_cpp.so\n'}
[4.903581] (teleop_tools_msgs) StdoutLine: {'line': b'-- Up-to-date: /home/nvidia/f1tenth_ws/install/teleop_tools_msgs/include/teleop_tools_msgs\n'}
[4.904082] (teleop_tools_msgs) StdoutLine: {'line': b'-- Up-to-date: /home/nvidia/f1tenth_ws/install/teleop_tools_msgs/include/teleop_tools_msgs/action\n'}
[4.904701] (teleop_tools_msgs) StdoutLine: {'line': b'-- Up-to-date: /home/nvidia/f1tenth_ws/install/teleop_tools_msgs/include/teleop_tools_msgs/action/detail\n'}
[4.905073] (teleop_tools_msgs) StdoutLine: {'line': b'-- Up-to-date: /home/nvidia/f1tenth_ws/install/teleop_tools_msgs/include/teleop_tools_msgs/action/detail/increment__rosidl_typesupport_introspection_c.h\n'}
[4.905440] (teleop_tools_msgs) StdoutLine: {'line': b'-- Up-to-date: /home/nvidia/f1tenth_ws/install/teleop_tools_msgs/include/teleop_tools_msgs/action/detail/increment__type_support.c\n'}
[4.905786] (teleop_tools_msgs) StdoutLine: {'line': b'-- Up-to-date: /home/nvidia/f1tenth_ws/install/teleop_tools_msgs/include/teleop_tools_msgs/msg\n'}
[4.909178] (teleop_tools_msgs) StdoutLine: {'line': b'-- Up-to-date: /home/nvidia/f1tenth_ws/install/teleop_tools_msgs/include/teleop_tools_msgs/msg/rosidl_typesupport_introspection_c__visibility_control.h\n'}
[4.910886] (teleop_tools_msgs) StdoutLine: {'line': b'-- Up-to-date: /home/nvidia/f1tenth_ws/install/teleop_tools_msgs/lib/libteleop_tools_msgs__rosidl_typesupport_introspection_c.so\n'}
[4.911759] (teleop_tools_msgs) StdoutLine: {'line': b'-- Up-to-date: /home/nvidia/f1tenth_ws/install/teleop_tools_msgs/lib/libteleop_tools_msgs__rosidl_typesupport_c.so\n'}
[4.923449] (teleop_tools_msgs) StdoutLine: {'line': b'-- Up-to-date: /home/nvidia/f1tenth_ws/install/teleop_tools_msgs/include/teleop_tools_msgs\n'}
[4.923967] (teleop_tools_msgs) StdoutLine: {'line': b'-- Up-to-date: /home/nvidia/f1tenth_ws/install/teleop_tools_msgs/include/teleop_tools_msgs/action\n'}
[4.924382] (teleop_tools_msgs) StdoutLine: {'line': b'-- Up-to-date: /home/nvidia/f1tenth_ws/install/teleop_tools_msgs/include/teleop_tools_msgs/action/detail\n'}
[4.924769] (teleop_tools_msgs) StdoutLine: {'line': b'-- Up-to-date: /home/nvidia/f1tenth_ws/install/teleop_tools_msgs/include/teleop_tools_msgs/action/detail/increment__type_support.hpp\n'}
[4.925185] (teleop_tools_msgs) StdoutLine: {'line': b'-- Up-to-date: /home/nvidia/f1tenth_ws/install/teleop_tools_msgs/include/teleop_tools_msgs/action/detail/increment__traits.hpp\n'}
[4.925571] (teleop_tools_msgs) StdoutLine: {'line': b'-- Up-to-date: /home/nvidia/f1tenth_ws/install/teleop_tools_msgs/include/teleop_tools_msgs/action/detail/increment__struct.hpp\n'}
[4.925941] (teleop_tools_msgs) StdoutLine: {'line': b'-- Up-to-date: /home/nvidia/f1tenth_ws/install/teleop_tools_msgs/include/teleop_tools_msgs/action/detail/increment__builder.hpp\n'}
[4.926853] (teleop_tools_msgs) StdoutLine: {'line': b'-- Up-to-date: /home/nvidia/f1tenth_ws/install/teleop_tools_msgs/include/teleop_tools_msgs/action/increment.hpp\n'}
[4.927298] (teleop_tools_msgs) StdoutLine: {'line': b'-- Up-to-date: /home/nvidia/f1tenth_ws/install/teleop_tools_msgs/include/teleop_tools_msgs/msg\n'}
[4.927692] (teleop_tools_msgs) StdoutLine: {'line': b'-- Up-to-date: /home/nvidia/f1tenth_ws/install/teleop_tools_msgs/include/teleop_tools_msgs/msg/rosidl_generator_cpp__visibility_control.hpp\n'}
[4.928053] (teleop_tools_msgs) StdoutLine: {'line': b'-- Up-to-date: /home/nvidia/f1tenth_ws/install/teleop_tools_msgs/include/teleop_tools_msgs\n'}
[4.928406] (teleop_tools_msgs) StdoutLine: {'line': b'-- Up-to-date: /home/nvidia/f1tenth_ws/install/teleop_tools_msgs/include/teleop_tools_msgs/action\n'}
[4.928802] (teleop_tools_msgs) StdoutLine: {'line': b'-- Up-to-date: /home/nvidia/f1tenth_ws/install/teleop_tools_msgs/include/teleop_tools_msgs/action/detail\n'}
[4.929168] (teleop_tools_msgs) StdoutLine: {'line': b'-- Up-to-date: /home/nvidia/f1tenth_ws/install/teleop_tools_msgs/include/teleop_tools_msgs/action/detail/increment__type_support.cpp\n'}
[4.929535] (teleop_tools_msgs) StdoutLine: {'line': b'-- Up-to-date: /home/nvidia/f1tenth_ws/install/teleop_tools_msgs/include/teleop_tools_msgs/action/detail/increment__rosidl_typesupport_introspection_cpp.hpp\n'}
[4.929897] (teleop_tools_msgs) StdoutLine: {'line': b'-- Up-to-date: /home/nvidia/f1tenth_ws/install/teleop_tools_msgs/lib/libteleop_tools_msgs__rosidl_typesupport_introspection_cpp.so\n'}
[4.931223] (teleop_tools_msgs) StdoutLine: {'line': b'-- Up-to-date: /home/nvidia/f1tenth_ws/install/teleop_tools_msgs/lib/libteleop_tools_msgs__rosidl_typesupport_cpp.so\n'}
[4.931666] (teleop_tools_msgs) StdoutLine: {'line': b'-- Up-to-date: /home/nvidia/f1tenth_ws/install/teleop_tools_msgs/share/teleop_tools_msgs/environment/pythonpath.sh\n'}
[4.932056] (teleop_tools_msgs) StdoutLine: {'line': b'-- Up-to-date: /home/nvidia/f1tenth_ws/install/teleop_tools_msgs/share/teleop_tools_msgs/environment/pythonpath.dsv\n'}
[4.932426] (teleop_tools_msgs) StdoutLine: {'line': b'-- Up-to-date: /home/nvidia/f1tenth_ws/install/teleop_tools_msgs/lib/python3.8/site-packages/teleop_tools_msgs/__init__.py\n'}
[4.981962] (-) TimerEvent: {}
[5.087483] (-) TimerEvent: {}
[5.164271] (teleop_tools_msgs) StdoutLine: {'line': b'-- Up-to-date: /home/nvidia/f1tenth_ws/install/teleop_tools_msgs/lib/python3.8/site-packages/teleop_tools_msgs/action\n'}
[5.166197] (teleop_tools_msgs) StdoutLine: {'line': b'-- Up-to-date: /home/nvidia/f1tenth_ws/install/teleop_tools_msgs/lib/python3.8/site-packages/teleop_tools_msgs/action/_increment_s.c\n'}
[5.166684] (teleop_tools_msgs) StdoutLine: {'line': b'-- Up-to-date: /home/nvidia/f1tenth_ws/install/teleop_tools_msgs/lib/python3.8/site-packages/teleop_tools_msgs/action/__init__.py\n'}
[5.168316] (teleop_tools_msgs) StdoutLine: {'line': b'-- Up-to-date: /home/nvidia/f1tenth_ws/install/teleop_tools_msgs/lib/python3.8/site-packages/teleop_tools_msgs/action/_increment.py\n'}
[5.168839] (teleop_tools_msgs) StdoutLine: {'line': b'-- Up-to-date: /home/nvidia/f1tenth_ws/install/teleop_tools_msgs/lib/python3.8/site-packages/teleop_tools_msgs/teleop_tools_msgs_s__rosidl_typesupport_fastrtps_c.cpython-38-aarch64-linux-gnu.so\n'}
[5.172162] (teleop_tools_msgs) StdoutLine: {'line': b'-- Up-to-date: /home/nvidia/f1tenth_ws/install/teleop_tools_msgs/lib/python3.8/site-packages/teleop_tools_msgs/teleop_tools_msgs_s__rosidl_typesupport_introspection_c.cpython-38-aarch64-linux-gnu.so\n'}
[5.176075] (teleop_tools_msgs) StdoutLine: {'line': b'-- Up-to-date: /home/nvidia/f1tenth_ws/install/teleop_tools_msgs/lib/python3.8/site-packages/teleop_tools_msgs/teleop_tools_msgs_s__rosidl_typesupport_c.cpython-38-aarch64-linux-gnu.so\n'}
[5.181506] (teleop_tools_msgs) StdoutLine: {'line': b'-- Up-to-date: /home/nvidia/f1tenth_ws/install/teleop_tools_msgs/lib/libteleop_tools_msgs__python.so\n'}
[5.183562] (teleop_tools_msgs) StdoutLine: {'line': b'-- Up-to-date: /home/nvidia/f1tenth_ws/install/teleop_tools_msgs/share/teleop_tools_msgs/action/Increment.idl\n'}
[5.186654] (teleop_tools_msgs) StdoutLine: {'line': b'-- Up-to-date: /home/nvidia/f1tenth_ws/install/teleop_tools_msgs/share/teleop_tools_msgs/action/Increment.action\n'}
[5.187454] (teleop_tools_msgs) StdoutLine: {'line': b'-- Up-to-date: /home/nvidia/f1tenth_ws/install/teleop_tools_msgs/share/ament_index/resource_index/package_run_dependencies/teleop_tools_msgs\n'}
[5.187892] (-) TimerEvent: {}
[5.188788] (teleop_tools_msgs) StdoutLine: {'line': b'-- Up-to-date: /home/nvidia/f1tenth_ws/install/teleop_tools_msgs/share/ament_index/resource_index/parent_prefix_path/teleop_tools_msgs\n'}
[5.189248] (teleop_tools_msgs) StdoutLine: {'line': b'-- Up-to-date: /home/nvidia/f1tenth_ws/install/teleop_tools_msgs/share/teleop_tools_msgs/environment/ament_prefix_path.sh\n'}
[5.190779] (teleop_tools_msgs) StdoutLine: {'line': b'-- Up-to-date: /home/nvidia/f1tenth_ws/install/teleop_tools_msgs/share/teleop_tools_msgs/environment/ament_prefix_path.dsv\n'}
[5.191700] (teleop_tools_msgs) StdoutLine: {'line': b'-- Up-to-date: /home/nvidia/f1tenth_ws/install/teleop_tools_msgs/share/teleop_tools_msgs/environment/path.sh\n'}
[5.192399] (teleop_tools_msgs) StdoutLine: {'line': b'-- Up-to-date: /home/nvidia/f1tenth_ws/install/teleop_tools_msgs/share/teleop_tools_msgs/environment/path.dsv\n'}
[5.193231] (teleop_tools_msgs) StdoutLine: {'line': b'-- Up-to-date: /home/nvidia/f1tenth_ws/install/teleop_tools_msgs/share/teleop_tools_msgs/local_setup.bash\n'}
[5.194099] (teleop_tools_msgs) StdoutLine: {'line': b'-- Up-to-date: /home/nvidia/f1tenth_ws/install/teleop_tools_msgs/share/teleop_tools_msgs/local_setup.sh\n'}
[5.194603] (teleop_tools_msgs) StdoutLine: {'line': b'-- Up-to-date: /home/nvidia/f1tenth_ws/install/teleop_tools_msgs/share/teleop_tools_msgs/local_setup.zsh\n'}
[5.194996] (teleop_tools_msgs) StdoutLine: {'line': b'-- Up-to-date: /home/nvidia/f1tenth_ws/install/teleop_tools_msgs/share/teleop_tools_msgs/local_setup.dsv\n'}
[5.195505] (teleop_tools_msgs) StdoutLine: {'line': b'-- Installing: /home/nvidia/f1tenth_ws/install/teleop_tools_msgs/share/teleop_tools_msgs/package.dsv\n'}
[5.200147] (teleop_tools_msgs) StdoutLine: {'line': b'-- Up-to-date: /home/nvidia/f1tenth_ws/install/teleop_tools_msgs/share/ament_index/resource_index/packages/teleop_tools_msgs\n'}
[5.205291] (teleop_tools_msgs) StdoutLine: {'line': b'-- Up-to-date: /home/nvidia/f1tenth_ws/install/teleop_tools_msgs/share/teleop_tools_msgs/cmake/teleop_tools_msgs__rosidl_generator_cExport.cmake\n'}
[5.206258] (teleop_tools_msgs) StdoutLine: {'line': b'-- Up-to-date: /home/nvidia/f1tenth_ws/install/teleop_tools_msgs/share/teleop_tools_msgs/cmake/teleop_tools_msgs__rosidl_generator_cExport-noconfig.cmake\n'}
[5.207080] (teleop_tools_msgs) StdoutLine: {'line': b'-- Up-to-date: /home/nvidia/f1tenth_ws/install/teleop_tools_msgs/share/teleop_tools_msgs/cmake/teleop_tools_msgs__rosidl_typesupport_introspection_cExport.cmake\n'}
[5.207588] (teleop_tools_msgs) StdoutLine: {'line': b'-- Up-to-date: /home/nvidia/f1tenth_ws/install/teleop_tools_msgs/share/teleop_tools_msgs/cmake/teleop_tools_msgs__rosidl_typesupport_introspection_cExport-noconfig.cmake\n'}
[5.208240] (teleop_tools_msgs) StdoutLine: {'line': b'-- Up-to-date: /home/nvidia/f1tenth_ws/install/teleop_tools_msgs/share/teleop_tools_msgs/cmake/teleop_tools_msgs__rosidl_typesupport_cExport.cmake\n'}
[5.209171] (teleop_tools_msgs) StdoutLine: {'line': b'-- Up-to-date: /home/nvidia/f1tenth_ws/install/teleop_tools_msgs/share/teleop_tools_msgs/cmake/teleop_tools_msgs__rosidl_typesupport_cExport-noconfig.cmake\n'}
[5.209918] (teleop_tools_msgs) StdoutLine: {'line': b'-- Up-to-date: /home/nvidia/f1tenth_ws/install/teleop_tools_msgs/share/teleop_tools_msgs/cmake/teleop_tools_msgs__rosidl_generator_cppExport.cmake\n'}
[5.211177] (teleop_tools_msgs) StdoutLine: {'line': b'-- Up-to-date: /home/nvidia/f1tenth_ws/install/teleop_tools_msgs/share/teleop_tools_msgs/cmake/teleop_tools_msgs__rosidl_typesupport_introspection_cppExport.cmake\n'}
[5.211792] (teleop_tools_msgs) StdoutLine: {'line': b'-- Up-to-date: /home/nvidia/f1tenth_ws/install/teleop_tools_msgs/share/teleop_tools_msgs/cmake/teleop_tools_msgs__rosidl_typesupport_introspection_cppExport-noconfig.cmake\n'}
[5.213585] (teleop_tools_msgs) StdoutLine: {'line': b'-- Up-to-date: /home/nvidia/f1tenth_ws/install/teleop_tools_msgs/share/teleop_tools_msgs/cmake/teleop_tools_msgs__rosidl_typesupport_cppExport.cmake\n'}
[5.214416] (teleop_tools_msgs) StdoutLine: {'line': b'-- Up-to-date: /home/nvidia/f1tenth_ws/install/teleop_tools_msgs/share/teleop_tools_msgs/cmake/teleop_tools_msgs__rosidl_typesupport_cppExport-noconfig.cmake\n'}
[5.215105] (teleop_tools_msgs) StdoutLine: {'line': b'-- Up-to-date: /home/nvidia/f1tenth_ws/install/teleop_tools_msgs/share/teleop_tools_msgs/cmake/rosidl_cmake-extras.cmake\n'}
[5.215581] (teleop_tools_msgs) StdoutLine: {'line': b'-- Up-to-date: /home/nvidia/f1tenth_ws/install/teleop_tools_msgs/share/teleop_tools_msgs/cmake/ament_cmake_export_dependencies-extras.cmake\n'}
[5.216434] (teleop_tools_msgs) StdoutLine: {'line': b'-- Up-to-date: /home/nvidia/f1tenth_ws/install/teleop_tools_msgs/share/teleop_tools_msgs/cmake/ament_cmake_export_libraries-extras.cmake\n'}
[5.217864] (teleop_tools_msgs) StdoutLine: {'line': b'-- Up-to-date: /home/nvidia/f1tenth_ws/install/teleop_tools_msgs/share/teleop_tools_msgs/cmake/ament_cmake_export_targets-extras.cmake\n'}
[5.220894] (teleop_tools_msgs) StdoutLine: {'line': b'-- Up-to-date: /home/nvidia/f1tenth_ws/install/teleop_tools_msgs/share/teleop_tools_msgs/cmake/ament_cmake_export_include_directories-extras.cmake\n'}
[5.221776] (teleop_tools_msgs) StdoutLine: {'line': b'-- Up-to-date: /home/nvidia/f1tenth_ws/install/teleop_tools_msgs/share/teleop_tools_msgs/cmake/rosidl_cmake_export_typesupport_libraries-extras.cmake\n'}
[5.223412] (teleop_tools_msgs) StdoutLine: {'line': b'-- Up-to-date: /home/nvidia/f1tenth_ws/install/teleop_tools_msgs/share/teleop_tools_msgs/cmake/rosidl_cmake_export_typesupport_targets-extras.cmake\n'}
[5.224134] (teleop_tools_msgs) StdoutLine: {'line': b'-- Up-to-date: /home/nvidia/f1tenth_ws/install/teleop_tools_msgs/share/teleop_tools_msgs/cmake/teleop_tools_msgsConfig.cmake\n'}
[5.224856] (teleop_tools_msgs) StdoutLine: {'line': b'-- Up-to-date: /home/nvidia/f1tenth_ws/install/teleop_tools_msgs/share/teleop_tools_msgs/cmake/teleop_tools_msgsConfig-version.cmake\n'}
[5.225472] (teleop_tools_msgs) StdoutLine: {'line': b'-- Up-to-date: /home/nvidia/f1tenth_ws/install/teleop_tools_msgs/share/teleop_tools_msgs/package.xml\n'}
[5.252688] (teleop_tools_msgs) CommandEnded: {'returncode': 0}
[5.288420] (-) TimerEvent: {}
[5.374855] (vesc_msgs) JobProgress: {'identifier': 'vesc_msgs', 'progress': 'install'}
[5.387010] (vesc_msgs) Command: {'cmd': ['/usr/bin/cmake', '--install', '/home/nvidia/f1tenth_ws/build/vesc_msgs'], 'cwd': '/home/nvidia/f1tenth_ws/build/vesc_msgs', 'env': OrderedDict([('SUDO_GID', '1000'), ('MAIL', '/var/mail/root'), ('USER', 'root'), ('HOME', '/root'), ('COLORTERM', 'truecolor'), ('SUDO_UID', '1000'), ('LOGNAME', 'root'), ('TERM', 'xterm-256color'), ('PATH', '/usr/local/sbin:/usr/local/bin:/usr/sbin:/usr/bin:/sbin:/bin:/snap/bin'), ('DISPLAY', ':1'), ('LANG', 'en_US.UTF-8'), ('XAUTHORITY', '/run/user/1000/gdm/Xauthority'), ('LS_COLORS', 'rs=0:di=01;34:ln=01;36:mh=00:pi=40;33:so=01;35:do=01;35:bd=40;33;01:cd=40;33;01:or=40;31;01:mi=00:su=37;41:sg=30;43:ca=30;41:tw=30;42:ow=34;42:st=37;44:ex=01;32:*.tar=01;31:*.tgz=01;31:*.arc=01;31:*.arj=01;31:*.taz=01;31:*.lha=01;31:*.lz4=01;31:*.lzh=01;31:*.lzma=01;31:*.tlz=01;31:*.txz=01;31:*.tzo=01;31:*.t7z=01;31:*.zip=01;31:*.z=01;31:*.dz=01;31:*.gz=01;31:*.lrz=01;31:*.lz=01;31:*.lzo=01;31:*.xz=01;31:*.zst=01;31:*.tzst=01;31:*.bz2=01;31:*.bz=01;31:*.tbz=01;31:*.tbz2=01;31:*.tz=01;31:*.deb=01;31:*.rpm=01;31:*.jar=01;31:*.war=01;31:*.ear=01;31:*.sar=01;31:*.rar=01;31:*.alz=01;31:*.ace=01;31:*.zoo=01;31:*.cpio=01;31:*.7z=01;31:*.rz=01;31:*.cab=01;31:*.wim=01;31:*.swm=01;31:*.dwm=01;31:*.esd=01;31:*.jpg=01;35:*.jpeg=01;35:*.mjpg=01;35:*.mjpeg=01;35:*.gif=01;35:*.bmp=01;35:*.pbm=01;35:*.pgm=01;35:*.ppm=01;35:*.tga=01;35:*.xbm=01;35:*.xpm=01;35:*.tif=01;35:*.tiff=01;35:*.png=01;35:*.svg=01;35:*.svgz=01;35:*.mng=01;35:*.pcx=01;35:*.mov=01;35:*.mpg=01;35:*.mpeg=01;35:*.m2v=01;35:*.mkv=01;35:*.webm=01;35:*.ogm=01;35:*.mp4=01;35:*.m4v=01;35:*.mp4v=01;35:*.vob=01;35:*.qt=01;35:*.nuv=01;35:*.wmv=01;35:*.asf=01;35:*.rm=01;35:*.rmvb=01;35:*.flc=01;35:*.avi=01;35:*.fli=01;35:*.flv=01;35:*.gl=01;35:*.dl=01;35:*.xcf=01;35:*.xwd=01;35:*.yuv=01;35:*.cgm=01;35:*.emf=01;35:*.ogv=01;35:*.ogx=01;35:*.aac=00;36:*.au=00;36:*.flac=00;36:*.m4a=00;36:*.mid=00;36:*.midi=00;36:*.mka=00;36:*.mp3=00;36:*.mpc=00;36:*.ogg=00;36:*.ra=00;36:*.wav=00;36:*.oga=00;36:*.opus=00;36:*.spx=00;36:*.xspf=00;36:'), ('SUDO_COMMAND', '/usr/bin/colcon build'), ('SHELL', '/bin/bash'), ('SUDO_USER', 'nvidia'), ('LC_ALL', 'en_US.UTF-8'), ('PWD', '/home/nvidia/f1tenth_ws/build/vesc_msgs'), ('COLCON', '1')]), 'shell': False}
[5.394901] (-) TimerEvent: {}
[5.473986] (ackermann_mux) JobEnded: {'identifier': 'ackermann_mux', 'rc': 0}
[5.483720] (mouse_teleop) JobStarted: {'identifier': 'mouse_teleop'}
[5.484303] (vesc_msgs) StdoutLine: {'line': b'-- Install configuration: ""\n'}
[5.484993] (vesc_msgs) StdoutLine: {'line': b'-- Up-to-date: /home/nvidia/f1tenth_ws/install/vesc_msgs/share/ament_index/resource_index/rosidl_interfaces/vesc_msgs\n'}
[5.485403] (vesc_msgs) StdoutLine: {'line': b'-- Up-to-date: /home/nvidia/f1tenth_ws/install/vesc_msgs/include/vesc_msgs\n'}
[5.485803] (vesc_msgs) StdoutLine: {'line': b'-- Up-to-date: /home/nvidia/f1tenth_ws/install/vesc_msgs/include/vesc_msgs/msg\n'}
[5.486313] (vesc_msgs) StdoutLine: {'line': b'-- Up-to-date: /home/nvidia/f1tenth_ws/install/vesc_msgs/include/vesc_msgs/msg/vesc_imu.h\n'}
[5.486810] (vesc_msgs) StdoutLine: {'line': b'-- Up-to-date: /home/nvidia/f1tenth_ws/install/vesc_msgs/include/vesc_msgs/msg/vesc_state_stamped.h\n'}
[5.487975] (vesc_msgs) StdoutLine: {'line': b'-- Up-to-date: /home/nvidia/f1tenth_ws/install/vesc_msgs/include/vesc_msgs/msg/detail\n'}
[5.488647] (vesc_msgs) StdoutLine: {'line': b'-- Up-to-date: /home/nvidia/f1tenth_ws/install/vesc_msgs/include/vesc_msgs/msg/detail/vesc_imu_stamped__functions.c\n'}
[5.489059] (vesc_msgs) StdoutLine: {'line': b'-- Up-to-date: /home/nvidia/f1tenth_ws/install/vesc_msgs/include/vesc_msgs/msg/detail/vesc_state__functions.c\n'}
[5.489464] (vesc_msgs) StdoutLine: {'line': b'-- Up-to-date: /home/nvidia/f1tenth_ws/install/vesc_msgs/include/vesc_msgs/msg/detail/vesc_imu__type_support.h\n'}
[5.489851] (vesc_msgs) StdoutLine: {'line': b'-- Up-to-date: /home/nvidia/f1tenth_ws/install/vesc_msgs/include/vesc_msgs/msg/detail/vesc_imu_stamped__functions.h\n'}
[5.490359] (vesc_msgs) StdoutLine: {'line': b'-- Up-to-date: /home/nvidia/f1tenth_ws/install/vesc_msgs/include/vesc_msgs/msg/detail/vesc_state__struct.h\n'}
[5.490817] (vesc_msgs) StdoutLine: {'line': b'-- Up-to-date: /home/nvidia/f1tenth_ws/install/vesc_msgs/include/vesc_msgs/msg/detail/vesc_imu__functions.h\n'}
[5.491186] (vesc_msgs) StdoutLine: {'line': b'-- Up-to-date: /home/nvidia/f1tenth_ws/install/vesc_msgs/include/vesc_msgs/msg/detail/vesc_state__functions.h\n'}
[5.491568] (vesc_msgs) StdoutLine: {'line': b'-- Up-to-date: /home/nvidia/f1tenth_ws/install/vesc_msgs/include/vesc_msgs/msg/detail/vesc_state_stamped__functions.h\n'}
[5.492857] (vesc_msgs) StdoutLine: {'line': b'-- Up-to-date: /home/nvidia/f1tenth_ws/install/vesc_msgs/include/vesc_msgs/msg/detail/vesc_imu_stamped__type_support.h\n'}
[5.493265] (vesc_msgs) StdoutLine: {'line': b'-- Up-to-date: /home/nvidia/f1tenth_ws/install/vesc_msgs/include/vesc_msgs/msg/detail/vesc_imu__struct.h\n'}
[5.493727] (vesc_msgs) StdoutLine: {'line': b'-- Up-to-date: /home/nvidia/f1tenth_ws/install/vesc_msgs/include/vesc_msgs/msg/detail/vesc_state_stamped__type_support.h\n'}
[5.496571] (-) TimerEvent: {}
[5.498183] (vesc_msgs) StdoutLine: {'line': b'-- Up-to-date: /home/nvidia/f1tenth_ws/install/vesc_msgs/include/vesc_msgs/msg/detail/vesc_imu_stamped__struct.h\n'}
[5.498720] (vesc_msgs) StdoutLine: {'line': b'-- Up-to-date: /home/nvidia/f1tenth_ws/install/vesc_msgs/include/vesc_msgs/msg/detail/vesc_state__type_support.h\n'}
[5.500271] (vesc_msgs) StdoutLine: {'line': b'-- Up-to-date: /home/nvidia/f1tenth_ws/install/vesc_msgs/include/vesc_msgs/msg/detail/vesc_state_stamped__struct.h\n'}
[5.500667] (vesc_msgs) StdoutLine: {'line': b'-- Up-to-date: /home/nvidia/f1tenth_ws/install/vesc_msgs/include/vesc_msgs/msg/detail/vesc_state_stamped__functions.c\n'}
[5.512652] (vesc_msgs) StdoutLine: {'line': b'-- Up-to-date: /home/nvidia/f1tenth_ws/install/vesc_msgs/include/vesc_msgs/msg/detail/vesc_imu__functions.c\n'}
[5.513297] (vesc_msgs) StdoutLine: {'line': b'-- Up-to-date: /home/nvidia/f1tenth_ws/install/vesc_msgs/include/vesc_msgs/msg/vesc_state.h\n'}
[5.513787] (vesc_msgs) StdoutLine: {'line': b'-- Up-to-date: /home/nvidia/f1tenth_ws/install/vesc_msgs/include/vesc_msgs/msg/rosidl_generator_c__visibility_control.h\n'}
[5.517232] (vesc_msgs) StdoutLine: {'line': b'-- Up-to-date: /home/nvidia/f1tenth_ws/install/vesc_msgs/include/vesc_msgs/msg/vesc_imu_stamped.h\n'}
[5.519084] (vesc_msgs) StdoutLine: {'line': b'-- Up-to-date: /home/nvidia/f1tenth_ws/install/vesc_msgs/share/vesc_msgs/environment/library_path.sh\n'}
[5.519519] (vesc_msgs) StdoutLine: {'line': b'-- Up-to-date: /home/nvidia/f1tenth_ws/install/vesc_msgs/share/vesc_msgs/environment/library_path.dsv\n'}
[5.520103] (vesc_msgs) StdoutLine: {'line': b'-- Up-to-date: /home/nvidia/f1tenth_ws/install/vesc_msgs/lib/libvesc_msgs__rosidl_generator_c.so\n'}
[5.520811] (vesc_msgs) StdoutLine: {'line': b'-- Up-to-date: /home/nvidia/f1tenth_ws/install/vesc_msgs/include/vesc_msgs\n'}
[5.521280] (vesc_msgs) StdoutLine: {'line': b'-- Up-to-date: /home/nvidia/f1tenth_ws/install/vesc_msgs/include/vesc_msgs/msg\n'}
[5.521929] (vesc_msgs) StdoutLine: {'line': b'-- Up-to-date: /home/nvidia/f1tenth_ws/install/vesc_msgs/include/vesc_msgs/msg/detail\n'}
[5.531931] (vesc_msgs) StdoutLine: {'line': b'-- Up-to-date: /home/nvidia/f1tenth_ws/install/vesc_msgs/include/vesc_msgs/msg/detail/vesc_imu__rosidl_typesupport_fastrtps_c.h\n'}
[5.552677] (vesc_msgs) StdoutLine: {'line': b'-- Up-to-date: /home/nvidia/f1tenth_ws/install/vesc_msgs/include/vesc_msgs/msg/detail/vesc_state_stamped__rosidl_typesupport_fastrtps_c.h\n'}
[5.553511] (vesc_msgs) StdoutLine: {'line': b'-- Up-to-date: /home/nvidia/f1tenth_ws/install/vesc_msgs/include/vesc_msgs/msg/detail/vesc_imu_stamped__rosidl_typesupport_fastrtps_c.h\n'}
[5.554295] (vesc_msgs) StdoutLine: {'line': b'-- Up-to-date: /home/nvidia/f1tenth_ws/install/vesc_msgs/include/vesc_msgs/msg/detail/vesc_state__rosidl_typesupport_fastrtps_c.h\n'}
[5.556463] (vesc_msgs) StdoutLine: {'line': b'-- Up-to-date: /home/nvidia/f1tenth_ws/install/vesc_msgs/include/vesc_msgs/msg/rosidl_typesupport_fastrtps_c__visibility_control.h\n'}
[5.562236] (vesc_msgs) StdoutLine: {'line': b'-- Up-to-date: /home/nvidia/f1tenth_ws/install/vesc_msgs/lib/libvesc_msgs__rosidl_typesupport_fastrtps_c.so\n'}
[5.562966] (vesc_msgs) StdoutLine: {'line': b'-- Up-to-date: /home/nvidia/f1tenth_ws/install/vesc_msgs/include/vesc_msgs\n'}
[5.579401] (vesc_msgs) StdoutLine: {'line': b'-- Up-to-date: /home/nvidia/f1tenth_ws/install/vesc_msgs/include/vesc_msgs/msg\n'}
[5.580384] (vesc_msgs) StdoutLine: {'line': b'-- Up-to-date: /home/nvidia/f1tenth_ws/install/vesc_msgs/include/vesc_msgs/msg/rosidl_typesupport_fastrtps_cpp__visibility_control.h\n'}
[5.591351] (vesc_msgs) StdoutLine: {'line': b'-- Up-to-date: /home/nvidia/f1tenth_ws/install/vesc_msgs/include/vesc_msgs/msg/detail\n'}
[5.591931] (vesc_msgs) StdoutLine: {'line': b'-- Up-to-date: /home/nvidia/f1tenth_ws/install/vesc_msgs/include/vesc_msgs/msg/detail/vesc_imu__rosidl_typesupport_fastrtps_cpp.hpp\n'}
[5.592414] (vesc_msgs) StdoutLine: {'line': b'-- Up-to-date: /home/nvidia/f1tenth_ws/install/vesc_msgs/include/vesc_msgs/msg/detail/vesc_imu_stamped__rosidl_typesupport_fastrtps_cpp.hpp\n'}
[5.592841] (vesc_msgs) StdoutLine: {'line': b'-- Up-to-date: /home/nvidia/f1tenth_ws/install/vesc_msgs/include/vesc_msgs/msg/detail/vesc_state__rosidl_typesupport_fastrtps_cpp.hpp\n'}
[5.593267] (vesc_msgs) StdoutLine: {'line': b'-- Up-to-date: /home/nvidia/f1tenth_ws/install/vesc_msgs/include/vesc_msgs/msg/detail/dds_fastrtps\n'}
[5.593664] (vesc_msgs) StdoutLine: {'line': b'-- Up-to-date: /home/nvidia/f1tenth_ws/install/vesc_msgs/include/vesc_msgs/msg/detail/vesc_state_stamped__rosidl_typesupport_fastrtps_cpp.hpp\n'}
[5.594194] (vesc_msgs) StdoutLine: {'line': b'-- Up-to-date: /home/nvidia/f1tenth_ws/install/vesc_msgs/lib/libvesc_msgs__rosidl_typesupport_fastrtps_cpp.so\n'}
[5.595759] (vesc_msgs) StdoutLine: {'line': b'-- Up-to-date: /home/nvidia/f1tenth_ws/install/vesc_msgs/include/vesc_msgs\n'}
[5.596895] (-) TimerEvent: {}
[5.612562] (vesc_msgs) StdoutLine: {'line': b'-- Up-to-date: /home/nvidia/f1tenth_ws/install/vesc_msgs/include/vesc_msgs/msg\n'}
[5.613276] (vesc_msgs) StdoutLine: {'line': b'-- Up-to-date: /home/nvidia/f1tenth_ws/install/vesc_msgs/include/vesc_msgs/msg/detail\n'}
[5.613724] (vesc_msgs) StdoutLine: {'line': b'-- Up-to-date: /home/nvidia/f1tenth_ws/install/vesc_msgs/include/vesc_msgs/msg/detail/vesc_state__rosidl_typesupport_introspection_c.h\n'}
[5.614212] (vesc_msgs) StdoutLine: {'line': b'-- Up-to-date: /home/nvidia/f1tenth_ws/install/vesc_msgs/include/vesc_msgs/msg/detail/vesc_imu__rosidl_typesupport_introspection_c.h\n'}
[5.616198] (vesc_msgs) StdoutLine: {'line': b'-- Up-to-date: /home/nvidia/f1tenth_ws/install/vesc_msgs/include/vesc_msgs/msg/detail/vesc_imu_stamped__type_support.c\n'}
[5.629609] (vesc_msgs) StdoutLine: {'line': b'-- Up-to-date: /home/nvidia/f1tenth_ws/install/vesc_msgs/include/vesc_msgs/msg/detail/vesc_state__type_support.c\n'}
[5.631283] (vesc_msgs) StdoutLine: {'line': b'-- Up-to-date: /home/nvidia/f1tenth_ws/install/vesc_msgs/include/vesc_msgs/msg/detail/vesc_imu_stamped__rosidl_typesupport_introspection_c.h\n'}
[5.631809] (vesc_msgs) StdoutLine: {'line': b'-- Up-to-date: /home/nvidia/f1tenth_ws/install/vesc_msgs/include/vesc_msgs/msg/detail/vesc_imu__type_support.c\n'}
[5.632247] (vesc_msgs) StdoutLine: {'line': b'-- Up-to-date: /home/nvidia/f1tenth_ws/install/vesc_msgs/include/vesc_msgs/msg/detail/vesc_state_stamped__rosidl_typesupport_introspection_c.h\n'}
[5.632717] (vesc_msgs) StdoutLine: {'line': b'-- Up-to-date: /home/nvidia/f1tenth_ws/install/vesc_msgs/include/vesc_msgs/msg/detail/vesc_state_stamped__type_support.c\n'}
[5.633185] (vesc_msgs) StdoutLine: {'line': b'-- Up-to-date: /home/nvidia/f1tenth_ws/install/vesc_msgs/include/vesc_msgs/msg/rosidl_typesupport_introspection_c__visibility_control.h\n'}
[5.633634] (vesc_msgs) StdoutLine: {'line': b'-- Up-to-date: /home/nvidia/f1tenth_ws/install/vesc_msgs/lib/libvesc_msgs__rosidl_typesupport_introspection_c.so\n'}
[5.634009] (vesc_msgs) StdoutLine: {'line': b'-- Up-to-date: /home/nvidia/f1tenth_ws/install/vesc_msgs/lib/libvesc_msgs__rosidl_typesupport_c.so\n'}
[5.641239] (vesc_msgs) StdoutLine: {'line': b'-- Up-to-date: /home/nvidia/f1tenth_ws/install/vesc_msgs/include/vesc_msgs\n'}
[5.641699] (vesc_msgs) StdoutLine: {'line': b'-- Up-to-date: /home/nvidia/f1tenth_ws/install/vesc_msgs/include/vesc_msgs/msg\n'}
[5.642737] (vesc_msgs) StdoutLine: {'line': b'-- Up-to-date: /home/nvidia/f1tenth_ws/install/vesc_msgs/include/vesc_msgs/msg/vesc_imu.hpp\n'}
[5.643563] (vesc_msgs) StdoutLine: {'line': b'-- Up-to-date: /home/nvidia/f1tenth_ws/install/vesc_msgs/include/vesc_msgs/msg/detail\n'}
[5.644043] (vesc_msgs) StdoutLine: {'line': b'-- Up-to-date: /home/nvidia/f1tenth_ws/install/vesc_msgs/include/vesc_msgs/msg/detail/vesc_imu__struct.hpp\n'}
[5.644443] (vesc_msgs) StdoutLine: {'line': b'-- Up-to-date: /home/nvidia/f1tenth_ws/install/vesc_msgs/include/vesc_msgs/msg/detail/vesc_imu__builder.hpp\n'}
[5.644877] (vesc_msgs) StdoutLine: {'line': b'-- Up-to-date: /home/nvidia/f1tenth_ws/install/vesc_msgs/include/vesc_msgs/msg/detail/vesc_state_stamped__type_support.hpp\n'}
[5.645872] (vesc_msgs) StdoutLine: {'line': b'-- Up-to-date: /home/nvidia/f1tenth_ws/install/vesc_msgs/include/vesc_msgs/msg/detail/vesc_imu__traits.hpp\n'}
[5.646524] (vesc_msgs) StdoutLine: {'line': b'-- Up-to-date: /home/nvidia/f1tenth_ws/install/vesc_msgs/include/vesc_msgs/msg/detail/vesc_imu_stamped__traits.hpp\n'}
[5.646931] (vesc_msgs) StdoutLine: {'line': b'-- Up-to-date: /home/nvidia/f1tenth_ws/install/vesc_msgs/include/vesc_msgs/msg/detail/vesc_state_stamped__traits.hpp\n'}
[5.647369] (vesc_msgs) StdoutLine: {'line': b'-- Up-to-date: /home/nvidia/f1tenth_ws/install/vesc_msgs/include/vesc_msgs/msg/detail/vesc_imu_stamped__type_support.hpp\n'}
[5.647788] (vesc_msgs) StdoutLine: {'line': b'-- Up-to-date: /home/nvidia/f1tenth_ws/install/vesc_msgs/include/vesc_msgs/msg/detail/vesc_state_stamped__builder.hpp\n'}
[5.649260] (vesc_msgs) StdoutLine: {'line': b'-- Up-to-date: /home/nvidia/f1tenth_ws/install/vesc_msgs/include/vesc_msgs/msg/detail/vesc_imu_stamped__struct.hpp\n'}
[5.649847] (vesc_msgs) StdoutLine: {'line': b'-- Up-to-date: /home/nvidia/f1tenth_ws/install/vesc_msgs/include/vesc_msgs/msg/detail/vesc_state_stamped__struct.hpp\n'}
[5.650355] (vesc_msgs) StdoutLine: {'line': b'-- Up-to-date: /home/nvidia/f1tenth_ws/install/vesc_msgs/include/vesc_msgs/msg/detail/vesc_state__struct.hpp\n'}
[5.650817] (vesc_msgs) StdoutLine: {'line': b'-- Up-to-date: /home/nvidia/f1tenth_ws/install/vesc_msgs/include/vesc_msgs/msg/detail/vesc_imu_stamped__builder.hpp\n'}
[5.651199] (vesc_msgs) StdoutLine: {'line': b'-- Up-to-date: /home/nvidia/f1tenth_ws/install/vesc_msgs/include/vesc_msgs/msg/detail/vesc_state__type_support.hpp\n'}
[5.651797] (vesc_msgs) StdoutLine: {'line': b'-- Up-to-date: /home/nvidia/f1tenth_ws/install/vesc_msgs/include/vesc_msgs/msg/detail/vesc_state__builder.hpp\n'}
[5.652243] (vesc_msgs) StdoutLine: {'line': b'-- Up-to-date: /home/nvidia/f1tenth_ws/install/vesc_msgs/include/vesc_msgs/msg/detail/vesc_imu__type_support.hpp\n'}
[5.652628] (vesc_msgs) StdoutLine: {'line': b'-- Up-to-date: /home/nvidia/f1tenth_ws/install/vesc_msgs/include/vesc_msgs/msg/detail/vesc_state__traits.hpp\n'}
[5.652994] (vesc_msgs) StdoutLine: {'line': b'-- Up-to-date: /home/nvidia/f1tenth_ws/install/vesc_msgs/include/vesc_msgs/msg/rosidl_generator_cpp__visibility_control.hpp\n'}
[5.653355] (vesc_msgs) StdoutLine: {'line': b'-- Up-to-date: /home/nvidia/f1tenth_ws/install/vesc_msgs/include/vesc_msgs/msg/vesc_state_stamped.hpp\n'}
[5.653740] (vesc_msgs) StdoutLine: {'line': b'-- Up-to-date: /home/nvidia/f1tenth_ws/install/vesc_msgs/include/vesc_msgs/msg/vesc_imu_stamped.hpp\n'}
[5.656760] (vesc_msgs) StdoutLine: {'line': b'-- Up-to-date: /home/nvidia/f1tenth_ws/install/vesc_msgs/include/vesc_msgs/msg/vesc_state.hpp\n'}
[5.657337] (vesc_msgs) StdoutLine: {'line': b'-- Up-to-date: /home/nvidia/f1tenth_ws/install/vesc_msgs/include/vesc_msgs\n'}
[5.657858] (vesc_msgs) StdoutLine: {'line': b'-- Up-to-date: /home/nvidia/f1tenth_ws/install/vesc_msgs/include/vesc_msgs/msg\n'}
[5.658355] (vesc_msgs) StdoutLine: {'line': b'-- Up-to-date: /home/nvidia/f1tenth_ws/install/vesc_msgs/include/vesc_msgs/msg/detail\n'}
[5.658775] (vesc_msgs) StdoutLine: {'line': b'-- Up-to-date: /home/nvidia/f1tenth_ws/install/vesc_msgs/include/vesc_msgs/msg/detail/vesc_imu_stamped__type_support.cpp\n'}
[5.659174] (vesc_msgs) StdoutLine: {'line': b'-- Up-to-date: /home/nvidia/f1tenth_ws/install/vesc_msgs/include/vesc_msgs/msg/detail/vesc_state__rosidl_typesupport_introspection_cpp.hpp\n'}
[5.659600] (vesc_msgs) StdoutLine: {'line': b'-- Up-to-date: /home/nvidia/f1tenth_ws/install/vesc_msgs/include/vesc_msgs/msg/detail/vesc_imu_stamped__rosidl_typesupport_introspection_cpp.hpp\n'}
[5.660010] (vesc_msgs) StdoutLine: {'line': b'-- Up-to-date: /home/nvidia/f1tenth_ws/install/vesc_msgs/include/vesc_msgs/msg/detail/vesc_state__type_support.cpp\n'}
[5.660432] (vesc_msgs) StdoutLine: {'line': b'-- Up-to-date: /home/nvidia/f1tenth_ws/install/vesc_msgs/include/vesc_msgs/msg/detail/vesc_imu__rosidl_typesupport_introspection_cpp.hpp\n'}
[5.660878] (vesc_msgs) StdoutLine: {'line': b'-- Up-to-date: /home/nvidia/f1tenth_ws/install/vesc_msgs/include/vesc_msgs/msg/detail/vesc_state_stamped__type_support.cpp\n'}
[5.663150] (vesc_msgs) StdoutLine: {'line': b'-- Up-to-date: /home/nvidia/f1tenth_ws/install/vesc_msgs/include/vesc_msgs/msg/detail/vesc_state_stamped__rosidl_typesupport_introspection_cpp.hpp\n'}
[5.663756] (vesc_msgs) StdoutLine: {'line': b'-- Up-to-date: /home/nvidia/f1tenth_ws/install/vesc_msgs/include/vesc_msgs/msg/detail/vesc_imu__type_support.cpp\n'}
[5.664179] (vesc_msgs) StdoutLine: {'line': b'-- Up-to-date: /home/nvidia/f1tenth_ws/install/vesc_msgs/lib/libvesc_msgs__rosidl_typesupport_introspection_cpp.so\n'}
[5.664551] (vesc_msgs) StdoutLine: {'line': b'-- Up-to-date: /home/nvidia/f1tenth_ws/install/vesc_msgs/lib/libvesc_msgs__rosidl_typesupport_cpp.so\n'}
[5.664923] (vesc_msgs) StdoutLine: {'line': b'-- Up-to-date: /home/nvidia/f1tenth_ws/install/vesc_msgs/share/vesc_msgs/environment/pythonpath.sh\n'}
[5.665311] (vesc_msgs) StdoutLine: {'line': b'-- Up-to-date: /home/nvidia/f1tenth_ws/install/vesc_msgs/share/vesc_msgs/environment/pythonpath.dsv\n'}
[5.665676] (vesc_msgs) StdoutLine: {'line': b'-- Up-to-date: /home/nvidia/f1tenth_ws/install/vesc_msgs/lib/python3.8/site-packages/vesc_msgs/__init__.py\n'}
[5.697731] (-) TimerEvent: {}
[5.799744] (-) TimerEvent: {}
[5.842699] (vesc_msgs) StdoutLine: {'line': b'-- Up-to-date: /home/nvidia/f1tenth_ws/install/vesc_msgs/lib/python3.8/site-packages/vesc_msgs/msg\n'}
[5.844190] (vesc_msgs) StdoutLine: {'line': b'-- Up-to-date: /home/nvidia/f1tenth_ws/install/vesc_msgs/lib/python3.8/site-packages/vesc_msgs/msg/_vesc_state_stamped.py\n'}
[5.846691] (vesc_msgs) StdoutLine: {'line': b'-- Up-to-date: /home/nvidia/f1tenth_ws/install/vesc_msgs/lib/python3.8/site-packages/vesc_msgs/msg/_vesc_state_s.c\n'}
[5.847275] (vesc_msgs) StdoutLine: {'line': b'-- Up-to-date: /home/nvidia/f1tenth_ws/install/vesc_msgs/lib/python3.8/site-packages/vesc_msgs/msg/__init__.py\n'}
[5.847846] (vesc_msgs) StdoutLine: {'line': b'-- Up-to-date: /home/nvidia/f1tenth_ws/install/vesc_msgs/lib/python3.8/site-packages/vesc_msgs/msg/_vesc_state_stamped_s.c\n'}
[5.848442] (vesc_msgs) StdoutLine: {'line': b'-- Up-to-date: /home/nvidia/f1tenth_ws/install/vesc_msgs/lib/python3.8/site-packages/vesc_msgs/msg/_vesc_imu.py\n'}
[5.848929] (vesc_msgs) StdoutLine: {'line': b'-- Up-to-date: /home/nvidia/f1tenth_ws/install/vesc_msgs/lib/python3.8/site-packages/vesc_msgs/msg/_vesc_imu_stamped.py\n'}
[5.849711] (vesc_msgs) StdoutLine: {'line': b'-- Up-to-date: /home/nvidia/f1tenth_ws/install/vesc_msgs/lib/python3.8/site-packages/vesc_msgs/msg/_vesc_state.py\n'}
[5.852431] (vesc_msgs) StdoutLine: {'line': b'-- Up-to-date: /home/nvidia/f1tenth_ws/install/vesc_msgs/lib/python3.8/site-packages/vesc_msgs/msg/_vesc_imu_stamped_s.c\n'}
[5.852932] (vesc_msgs) StdoutLine: {'line': b'-- Up-to-date: /home/nvidia/f1tenth_ws/install/vesc_msgs/lib/python3.8/site-packages/vesc_msgs/msg/_vesc_imu_s.c\n'}
[5.853312] (vesc_msgs) StdoutLine: {'line': b'-- Up-to-date: /home/nvidia/f1tenth_ws/install/vesc_msgs/lib/python3.8/site-packages/vesc_msgs/vesc_msgs_s__rosidl_typesupport_fastrtps_c.cpython-38-aarch64-linux-gnu.so\n'}
[5.855140] (vesc_msgs) StdoutLine: {'line': b'-- Up-to-date: /home/nvidia/f1tenth_ws/install/vesc_msgs/lib/python3.8/site-packages/vesc_msgs/vesc_msgs_s__rosidl_typesupport_introspection_c.cpython-38-aarch64-linux-gnu.so\n'}
[5.867458] (vesc_msgs) StdoutLine: {'line': b'-- Up-to-date: /home/nvidia/f1tenth_ws/install/vesc_msgs/lib/python3.8/site-packages/vesc_msgs/vesc_msgs_s__rosidl_typesupport_c.cpython-38-aarch64-linux-gnu.so\n'}
[5.870884] (vesc_msgs) StdoutLine: {'line': b'-- Up-to-date: /home/nvidia/f1tenth_ws/install/vesc_msgs/lib/libvesc_msgs__python.so\n'}
[5.873886] (vesc_msgs) StdoutLine: {'line': b'-- Up-to-date: /home/nvidia/f1tenth_ws/install/vesc_msgs/share/vesc_msgs/msg/VescState.idl\n'}
[5.875197] (vesc_msgs) StdoutLine: {'line': b'-- Up-to-date: /home/nvidia/f1tenth_ws/install/vesc_msgs/share/vesc_msgs/msg/VescStateStamped.idl\n'}
[5.876311] (vesc_msgs) StdoutLine: {'line': b'-- Up-to-date: /home/nvidia/f1tenth_ws/install/vesc_msgs/share/vesc_msgs/msg/VescImu.idl\n'}
[5.876816] (vesc_msgs) StdoutLine: {'line': b'-- Up-to-date: /home/nvidia/f1tenth_ws/install/vesc_msgs/share/vesc_msgs/msg/VescImuStamped.idl\n'}
[5.878578] (vesc_msgs) StdoutLine: {'line': b'-- Up-to-date: /home/nvidia/f1tenth_ws/install/vesc_msgs/share/vesc_msgs/msg/VescState.msg\n'}
[5.879395] (vesc_msgs) StdoutLine: {'line': b'-- Up-to-date: /home/nvidia/f1tenth_ws/install/vesc_msgs/share/vesc_msgs/msg/VescStateStamped.msg\n'}
[5.880058] (vesc_msgs) StdoutLine: {'line': b'-- Up-to-date: /home/nvidia/f1tenth_ws/install/vesc_msgs/share/vesc_msgs/msg/VescImu.msg\n'}
[5.880756] (vesc_msgs) StdoutLine: {'line': b'-- Up-to-date: /home/nvidia/f1tenth_ws/install/vesc_msgs/share/vesc_msgs/msg/VescImuStamped.msg\n'}
[5.882239] (vesc_msgs) StdoutLine: {'line': b'-- Up-to-date: /home/nvidia/f1tenth_ws/install/vesc_msgs/share/ament_index/resource_index/package_run_dependencies/vesc_msgs\n'}
[5.883097] (vesc_msgs) StdoutLine: {'line': b'-- Up-to-date: /home/nvidia/f1tenth_ws/install/vesc_msgs/share/ament_index/resource_index/parent_prefix_path/vesc_msgs\n'}
[5.883548] (vesc_msgs) StdoutLine: {'line': b'-- Up-to-date: /home/nvidia/f1tenth_ws/install/vesc_msgs/share/vesc_msgs/environment/ament_prefix_path.sh\n'}
[5.885278] (vesc_msgs) StdoutLine: {'line': b'-- Up-to-date: /home/nvidia/f1tenth_ws/install/vesc_msgs/share/vesc_msgs/environment/ament_prefix_path.dsv\n'}
[5.897251] (vesc_msgs) StdoutLine: {'line': b'-- Up-to-date: /home/nvidia/f1tenth_ws/install/vesc_msgs/share/vesc_msgs/environment/path.sh\n'}
[5.897814] (vesc_msgs) StdoutLine: {'line': b'-- Up-to-date: /home/nvidia/f1tenth_ws/install/vesc_msgs/share/vesc_msgs/environment/path.dsv\n'}
[5.898381] (vesc_msgs) StdoutLine: {'line': b'-- Up-to-date: /home/nvidia/f1tenth_ws/install/vesc_msgs/share/vesc_msgs/local_setup.bash\n'}
[5.898878] (vesc_msgs) StdoutLine: {'line': b'-- Up-to-date: /home/nvidia/f1tenth_ws/install/vesc_msgs/share/vesc_msgs/local_setup.sh\n'}
[5.899316] (vesc_msgs) StdoutLine: {'line': b'-- Up-to-date: /home/nvidia/f1tenth_ws/install/vesc_msgs/share/vesc_msgs/local_setup.zsh\n'}
[5.899771] (-) TimerEvent: {}
[5.901269] (vesc_msgs) StdoutLine: {'line': b'-- Up-to-date: /home/nvidia/f1tenth_ws/install/vesc_msgs/share/vesc_msgs/local_setup.dsv\n'}
[5.902687] (vesc_msgs) StdoutLine: {'line': b'-- Installing: /home/nvidia/f1tenth_ws/install/vesc_msgs/share/vesc_msgs/package.dsv\n'}
[5.903287] (vesc_msgs) StdoutLine: {'line': b'-- Up-to-date: /home/nvidia/f1tenth_ws/install/vesc_msgs/share/ament_index/resource_index/packages/vesc_msgs\n'}
[5.903736] (vesc_msgs) StdoutLine: {'line': b'-- Up-to-date: /home/nvidia/f1tenth_ws/install/vesc_msgs/share/vesc_msgs/cmake/vesc_msgs__rosidl_generator_cExport.cmake\n'}
[5.904181] (vesc_msgs) StdoutLine: {'line': b'-- Up-to-date: /home/nvidia/f1tenth_ws/install/vesc_msgs/share/vesc_msgs/cmake/vesc_msgs__rosidl_generator_cExport-noconfig.cmake\n'}
[5.904623] (vesc_msgs) StdoutLine: {'line': b'-- Up-to-date: /home/nvidia/f1tenth_ws/install/vesc_msgs/share/vesc_msgs/cmake/vesc_msgs__rosidl_typesupport_introspection_cExport.cmake\n'}
[5.909476] (vesc_msgs) StdoutLine: {'line': b'-- Up-to-date: /home/nvidia/f1tenth_ws/install/vesc_msgs/share/vesc_msgs/cmake/vesc_msgs__rosidl_typesupport_introspection_cExport-noconfig.cmake\n'}
[5.910154] (vesc_msgs) StdoutLine: {'line': b'-- Up-to-date: /home/nvidia/f1tenth_ws/install/vesc_msgs/share/vesc_msgs/cmake/vesc_msgs__rosidl_typesupport_cExport.cmake\n'}
[5.911781] (vesc_msgs) StdoutLine: {'line': b'-- Up-to-date: /home/nvidia/f1tenth_ws/install/vesc_msgs/share/vesc_msgs/cmake/vesc_msgs__rosidl_typesupport_cExport-noconfig.cmake\n'}
[5.912243] (vesc_msgs) StdoutLine: {'line': b'-- Up-to-date: /home/nvidia/f1tenth_ws/install/vesc_msgs/share/vesc_msgs/cmake/vesc_msgs__rosidl_generator_cppExport.cmake\n'}
[5.913880] (vesc_msgs) StdoutLine: {'line': b'-- Up-to-date: /home/nvidia/f1tenth_ws/install/vesc_msgs/share/vesc_msgs/cmake/vesc_msgs__rosidl_typesupport_introspection_cppExport.cmake\n'}
[5.914418] (vesc_msgs) StdoutLine: {'line': b'-- Up-to-date: /home/nvidia/f1tenth_ws/install/vesc_msgs/share/vesc_msgs/cmake/vesc_msgs__rosidl_typesupport_introspection_cppExport-noconfig.cmake\n'}
[5.915480] (vesc_msgs) StdoutLine: {'line': b'-- Up-to-date: /home/nvidia/f1tenth_ws/install/vesc_msgs/share/vesc_msgs/cmake/vesc_msgs__rosidl_typesupport_cppExport.cmake\n'}
[5.915971] (vesc_msgs) StdoutLine: {'line': b'-- Up-to-date: /home/nvidia/f1tenth_ws/install/vesc_msgs/share/vesc_msgs/cmake/vesc_msgs__rosidl_typesupport_cppExport-noconfig.cmake\n'}
[5.916383] (vesc_msgs) StdoutLine: {'line': b'-- Up-to-date: /home/nvidia/f1tenth_ws/install/vesc_msgs/share/vesc_msgs/cmake/rosidl_cmake-extras.cmake\n'}
[5.923242] (vesc_msgs) StdoutLine: {'line': b'-- Up-to-date: /home/nvidia/f1tenth_ws/install/vesc_msgs/share/vesc_msgs/cmake/ament_cmake_export_dependencies-extras.cmake\n'}
[5.924596] (vesc_msgs) StdoutLine: {'line': b'-- Up-to-date: /home/nvidia/f1tenth_ws/install/vesc_msgs/share/vesc_msgs/cmake/ament_cmake_export_libraries-extras.cmake\n'}
[5.925049] (vesc_msgs) StdoutLine: {'line': b'-- Up-to-date: /home/nvidia/f1tenth_ws/install/vesc_msgs/share/vesc_msgs/cmake/ament_cmake_export_targets-extras.cmake\n'}
[5.925442] (vesc_msgs) StdoutLine: {'line': b'-- Up-to-date: /home/nvidia/f1tenth_ws/install/vesc_msgs/share/vesc_msgs/cmake/ament_cmake_export_include_directories-extras.cmake\n'}
[5.925808] (vesc_msgs) StdoutLine: {'line': b'-- Up-to-date: /home/nvidia/f1tenth_ws/install/vesc_msgs/share/vesc_msgs/cmake/rosidl_cmake_export_typesupport_libraries-extras.cmake\n'}
[5.926304] (vesc_msgs) StdoutLine: {'line': b'-- Up-to-date: /home/nvidia/f1tenth_ws/install/vesc_msgs/share/vesc_msgs/cmake/rosidl_cmake_export_typesupport_targets-extras.cmake\n'}
[5.926715] (vesc_msgs) StdoutLine: {'line': b'-- Up-to-date: /home/nvidia/f1tenth_ws/install/vesc_msgs/share/vesc_msgs/cmake/vesc_msgsConfig.cmake\n'}
[5.927327] (vesc_msgs) StdoutLine: {'line': b'-- Up-to-date: /home/nvidia/f1tenth_ws/install/vesc_msgs/share/vesc_msgs/cmake/vesc_msgsConfig-version.cmake\n'}
[5.927759] (vesc_msgs) StdoutLine: {'line': b'-- Up-to-date: /home/nvidia/f1tenth_ws/install/vesc_msgs/share/vesc_msgs/package.xml\n'}
[6.003028] (-) TimerEvent: {}
[6.107767] (-) TimerEvent: {}
[6.209502] (-) TimerEvent: {}
[6.310821] (-) TimerEvent: {}
[6.412019] (-) TimerEvent: {}
[6.513075] (-) TimerEvent: {}
[6.614668] (-) TimerEvent: {}
[6.716080] (-) TimerEvent: {}
[6.817111] (-) TimerEvent: {}
[6.918431] (-) TimerEvent: {}
[7.029941] (-) TimerEvent: {}
[7.100738] (teleop_tools_msgs) JobEnded: {'identifier': 'teleop_tools_msgs', 'rc': 0}
[7.120321] (f1tenth_controllers) Command: {'cmd': ['/usr/bin/python3', '-W', 'ignore:setup.py install is deprecated', 'setup.py', 'egg_info', '--egg-base', '../../build/f1tenth_controllers', 'build', '--build-base', '/home/nvidia/f1tenth_ws/build/f1tenth_controllers/build', 'install', '--record', '/home/nvidia/f1tenth_ws/build/f1tenth_controllers/install.log', '--install-scripts', '$base/lib/f1tenth_controllers', '--single-version-externally-managed', 'install_data'], 'cwd': '/home/nvidia/f1tenth_ws/src/f1tenth_controllers', 'env': {'SUDO_GID': '1000', 'MAIL': '/var/mail/root', 'USER': 'root', 'HOME': '/root', 'COLORTERM': 'truecolor', 'SUDO_UID': '1000', 'LOGNAME': 'root', 'TERM': 'xterm-256color', 'PATH': '/usr/local/sbin:/usr/local/bin:/usr/sbin:/usr/bin:/sbin:/bin:/snap/bin', 'DISPLAY': ':1', 'LANG': 'en_US.UTF-8', 'XAUTHORITY': '/run/user/1000/gdm/Xauthority', 'LS_COLORS': 'rs=0:di=01;34:ln=01;36:mh=00:pi=40;33:so=01;35:do=01;35:bd=40;33;01:cd=40;33;01:or=40;31;01:mi=00:su=37;41:sg=30;43:ca=30;41:tw=30;42:ow=34;42:st=37;44:ex=01;32:*.tar=01;31:*.tgz=01;31:*.arc=01;31:*.arj=01;31:*.taz=01;31:*.lha=01;31:*.lz4=01;31:*.lzh=01;31:*.lzma=01;31:*.tlz=01;31:*.txz=01;31:*.tzo=01;31:*.t7z=01;31:*.zip=01;31:*.z=01;31:*.dz=01;31:*.gz=01;31:*.lrz=01;31:*.lz=01;31:*.lzo=01;31:*.xz=01;31:*.zst=01;31:*.tzst=01;31:*.bz2=01;31:*.bz=01;31:*.tbz=01;31:*.tbz2=01;31:*.tz=01;31:*.deb=01;31:*.rpm=01;31:*.jar=01;31:*.war=01;31:*.ear=01;31:*.sar=01;31:*.rar=01;31:*.alz=01;31:*.ace=01;31:*.zoo=01;31:*.cpio=01;31:*.7z=01;31:*.rz=01;31:*.cab=01;31:*.wim=01;31:*.swm=01;31:*.dwm=01;31:*.esd=01;31:*.jpg=01;35:*.jpeg=01;35:*.mjpg=01;35:*.mjpeg=01;35:*.gif=01;35:*.bmp=01;35:*.pbm=01;35:*.pgm=01;35:*.ppm=01;35:*.tga=01;35:*.xbm=01;35:*.xpm=01;35:*.tif=01;35:*.tiff=01;35:*.png=01;35:*.svg=01;35:*.svgz=01;35:*.mng=01;35:*.pcx=01;35:*.mov=01;35:*.mpg=01;35:*.mpeg=01;35:*.m2v=01;35:*.mkv=01;35:*.webm=01;35:*.ogm=01;35:*.mp4=01;35:*.m4v=01;35:*.mp4v=01;35:*.vob=01;35:*.qt=01;35:*.nuv=01;35:*.wmv=01;35:*.asf=01;35:*.rm=01;35:*.rmvb=01;35:*.flc=01;35:*.avi=01;35:*.fli=01;35:*.flv=01;35:*.gl=01;35:*.dl=01;35:*.xcf=01;35:*.xwd=01;35:*.yuv=01;35:*.cgm=01;35:*.emf=01;35:*.ogv=01;35:*.ogx=01;35:*.aac=00;36:*.au=00;36:*.flac=00;36:*.m4a=00;36:*.mid=00;36:*.midi=00;36:*.mka=00;36:*.mp3=00;36:*.mpc=00;36:*.ogg=00;36:*.ra=00;36:*.wav=00;36:*.oga=00;36:*.opus=00;36:*.spx=00;36:*.xspf=00;36:', 'SUDO_COMMAND': '/usr/bin/colcon build', 'SHELL': '/bin/bash', 'SUDO_USER': 'nvidia', 'LC_ALL': 'en_US.UTF-8', 'PWD': '/home/nvidia/f1tenth_ws/build/f1tenth_controllers', 'COLCON': '1', 'PYTHONPATH': '/home/nvidia/f1tenth_ws/build/f1tenth_controllers/prefix_override:/usr/lib/python3/dist-packages/colcon_core/task/python/colcon_distutils_commands:/home/nvidia/f1tenth_ws/install/f1tenth_controllers/lib/python3.8/site-packages:'}, 'shell': False}
[7.147851] (-) TimerEvent: {}
[7.204584] (joy_teleop) JobStarted: {'identifier': 'joy_teleop'}
[7.262363] (-) TimerEvent: {}
[7.291472] (vesc_msgs) CommandEnded: {'returncode': 0}
[7.361038] (-) TimerEvent: {}
[7.452009] (key_teleop) Command: {'cmd': ['/usr/bin/python3', '-W', 'ignore:setup.py install is deprecated', 'setup.py', 'egg_info', '--egg-base', '../../../../build/key_teleop', 'build', '--build-base', '/home/nvidia/f1tenth_ws/build/key_teleop/build', 'install', '--record', '/home/nvidia/f1tenth_ws/build/key_teleop/install.log', '--install-scripts', '$base/lib/key_teleop', '--single-version-externally-managed', 'install_data'], 'cwd': '/home/nvidia/f1tenth_ws/src/f1tenth_system/teleop_tools/key_teleop', 'env': {'SUDO_GID': '1000', 'MAIL': '/var/mail/root', 'USER': 'root', 'HOME': '/root', 'COLORTERM': 'truecolor', 'SUDO_UID': '1000', 'LOGNAME': 'root', 'TERM': 'xterm-256color', 'PATH': '/usr/local/sbin:/usr/local/bin:/usr/sbin:/usr/bin:/sbin:/bin:/snap/bin', 'DISPLAY': ':1', 'LANG': 'en_US.UTF-8', 'XAUTHORITY': '/run/user/1000/gdm/Xauthority', 'LS_COLORS': 'rs=0:di=01;34:ln=01;36:mh=00:pi=40;33:so=01;35:do=01;35:bd=40;33;01:cd=40;33;01:or=40;31;01:mi=00:su=37;41:sg=30;43:ca=30;41:tw=30;42:ow=34;42:st=37;44:ex=01;32:*.tar=01;31:*.tgz=01;31:*.arc=01;31:*.arj=01;31:*.taz=01;31:*.lha=01;31:*.lz4=01;31:*.lzh=01;31:*.lzma=01;31:*.tlz=01;31:*.txz=01;31:*.tzo=01;31:*.t7z=01;31:*.zip=01;31:*.z=01;31:*.dz=01;31:*.gz=01;31:*.lrz=01;31:*.lz=01;31:*.lzo=01;31:*.xz=01;31:*.zst=01;31:*.tzst=01;31:*.bz2=01;31:*.bz=01;31:*.tbz=01;31:*.tbz2=01;31:*.tz=01;31:*.deb=01;31:*.rpm=01;31:*.jar=01;31:*.war=01;31:*.ear=01;31:*.sar=01;31:*.rar=01;31:*.alz=01;31:*.ace=01;31:*.zoo=01;31:*.cpio=01;31:*.7z=01;31:*.rz=01;31:*.cab=01;31:*.wim=01;31:*.swm=01;31:*.dwm=01;31:*.esd=01;31:*.jpg=01;35:*.jpeg=01;35:*.mjpg=01;35:*.mjpeg=01;35:*.gif=01;35:*.bmp=01;35:*.pbm=01;35:*.pgm=01;35:*.ppm=01;35:*.tga=01;35:*.xbm=01;35:*.xpm=01;35:*.tif=01;35:*.tiff=01;35:*.png=01;35:*.svg=01;35:*.svgz=01;35:*.mng=01;35:*.pcx=01;35:*.mov=01;35:*.mpg=01;35:*.mpeg=01;35:*.m2v=01;35:*.mkv=01;35:*.webm=01;35:*.ogm=01;35:*.mp4=01;35:*.m4v=01;35:*.mp4v=01;35:*.vob=01;35:*.qt=01;35:*.nuv=01;35:*.wmv=01;35:*.asf=01;35:*.rm=01;35:*.rmvb=01;35:*.flc=01;35:*.avi=01;35:*.fli=01;35:*.flv=01;35:*.gl=01;35:*.dl=01;35:*.xcf=01;35:*.xwd=01;35:*.yuv=01;35:*.cgm=01;35:*.emf=01;35:*.ogv=01;35:*.ogx=01;35:*.aac=00;36:*.au=00;36:*.flac=00;36:*.m4a=00;36:*.mid=00;36:*.midi=00;36:*.mka=00;36:*.mp3=00;36:*.mpc=00;36:*.ogg=00;36:*.ra=00;36:*.wav=00;36:*.oga=00;36:*.opus=00;36:*.spx=00;36:*.xspf=00;36:', 'SUDO_COMMAND': '/usr/bin/colcon build', 'SHELL': '/bin/bash', 'SUDO_USER': 'nvidia', 'LC_ALL': 'en_US.UTF-8', 'PWD': '/home/nvidia/f1tenth_ws/build/key_teleop', 'COLCON': '1', 'PYTHONPATH': '/home/nvidia/f1tenth_ws/build/key_teleop/prefix_override:/usr/lib/python3/dist-packages/colcon_core/task/python/colcon_distutils_commands:/home/nvidia/f1tenth_ws/install/key_teleop/lib/python3.8/site-packages:'}, 'shell': False}
[7.471006] (-) TimerEvent: {}
[7.582369] (-) TimerEvent: {}
[7.685217] (-) TimerEvent: {}
[7.787002] (-) TimerEvent: {}
[7.888052] (-) TimerEvent: {}
[7.989298] (-) TimerEvent: {}
[8.090447] (-) TimerEvent: {}
[8.191528] (-) TimerEvent: {}
[8.293400] (-) TimerEvent: {}
[8.394479] (-) TimerEvent: {}
[8.413552] (f1tenth_controllers) StdoutLine: {'line': b'running egg_info\n'}
[8.420993] (f1tenth_controllers) StdoutLine: {'line': b'writing ../../build/f1tenth_controllers/f1tenth_controllers.egg-info/PKG-INFO\n'}
[8.424495] (f1tenth_controllers) StdoutLine: {'line': b'writing dependency_links to ../../build/f1tenth_controllers/f1tenth_controllers.egg-info/dependency_links.txt\n'}
[8.426396] (f1tenth_controllers) StdoutLine: {'line': b'writing entry points to ../../build/f1tenth_controllers/f1tenth_controllers.egg-info/entry_points.txt\n'}
[8.428301] (f1tenth_controllers) StdoutLine: {'line': b'writing requirements to ../../build/f1tenth_controllers/f1tenth_controllers.egg-info/requires.txt\n'}
[8.429967] (f1tenth_controllers) StdoutLine: {'line': b'writing top-level names to ../../build/f1tenth_controllers/f1tenth_controllers.egg-info/top_level.txt\n'}
[8.494727] (-) TimerEvent: {}
[8.595809] (-) TimerEvent: {}
[8.637066] (f1tenth_controllers) StdoutLine: {'line': b"reading manifest file '../../build/f1tenth_controllers/f1tenth_controllers.egg-info/SOURCES.txt'\n"}
[8.643145] (f1tenth_controllers) StdoutLine: {'line': b"writing manifest file '../../build/f1tenth_controllers/f1tenth_controllers.egg-info/SOURCES.txt'\n"}
[8.644743] (f1tenth_controllers) StdoutLine: {'line': b'running build\n'}
[8.645603] (f1tenth_controllers) StdoutLine: {'line': b'running build_py\n'}
[8.648280] (f1tenth_controllers) StdoutLine: {'line': b'running install\n'}
[8.652901] (f1tenth_controllers) StdoutLine: {'line': b'running install_lib\n'}
[8.663908] (f1tenth_controllers) StdoutLine: {'line': b'running install_data\n'}
[8.665659] (f1tenth_controllers) StdoutLine: {'line': b'running install_egg_info\n'}
[8.677024] (f1tenth_controllers) StdoutLine: {'line': b"removing '/home/nvidia/f1tenth_ws/install/f1tenth_controllers/lib/python3.8/site-packages/f1tenth_controllers-0.0.0-py3.8.egg-info' (and everything under it)\n"}
[8.680291] (f1tenth_controllers) StdoutLine: {'line': b'Copying ../../build/f1tenth_controllers/f1tenth_controllers.egg-info to /home/nvidia/f1tenth_ws/install/f1tenth_controllers/lib/python3.8/site-packages/f1tenth_controllers-0.0.0-py3.8.egg-info\n'}
[8.688875] (key_teleop) StdoutLine: {'line': b'running egg_info\n'}
[8.690525] (f1tenth_controllers) StdoutLine: {'line': b'running install_scripts\n'}
[8.692951] (key_teleop) StdoutLine: {'line': b'writing ../../../../build/key_teleop/key_teleop.egg-info/PKG-INFO\n'}
[8.694310] (key_teleop) StdoutLine: {'line': b'writing dependency_links to ../../../../build/key_teleop/key_teleop.egg-info/dependency_links.txt\n'}
[8.695280] (key_teleop) StdoutLine: {'line': b'writing entry points to ../../../../build/key_teleop/key_teleop.egg-info/entry_points.txt\n'}
[8.696001] (key_teleop) StdoutLine: {'line': b'writing requirements to ../../../../build/key_teleop/key_teleop.egg-info/requires.txt\n'}
[8.696584] (-) TimerEvent: {}
[8.697207] (key_teleop) StdoutLine: {'line': b'writing top-level names to ../../../../build/key_teleop/key_teleop.egg-info/top_level.txt\n'}
[8.785095] (f1tenth_controllers) StdoutLine: {'line': b'Installing follow_the_gap_node script to /home/nvidia/f1tenth_ws/install/f1tenth_controllers/lib/f1tenth_controllers\n'}
[8.787433] (f1tenth_controllers) StdoutLine: {'line': b"writing list of installed files to '/home/nvidia/f1tenth_ws/build/f1tenth_controllers/install.log'\n"}
[8.796825] (-) TimerEvent: {}
[8.898135] (-) TimerEvent: {}
[8.926978] (key_teleop) StdoutLine: {'line': b"reading manifest file '../../../../build/key_teleop/key_teleop.egg-info/SOURCES.txt'\n"}
[8.932438] (key_teleop) StdoutLine: {'line': b"writing manifest file '../../../../build/key_teleop/key_teleop.egg-info/SOURCES.txt'\n"}
[8.933191] (key_teleop) StdoutLine: {'line': b'running build\n'}
[8.933654] (key_teleop) StdoutLine: {'line': b'running build_py\n'}
[8.934235] (key_teleop) StdoutLine: {'line': b'running install\n'}
[8.938464] (key_teleop) StdoutLine: {'line': b'running install_lib\n'}
[8.949263] (key_teleop) StdoutLine: {'line': b'running install_data\n'}
[8.952656] (key_teleop) StdoutLine: {'line': b'running install_egg_info\n'}
[8.958337] (key_teleop) StdoutLine: {'line': b"removing '/home/nvidia/f1tenth_ws/install/key_teleop/lib/python3.8/site-packages/key_teleop-0.3.0-py3.8.egg-info' (and everything under it)\n"}
[8.964017] (key_teleop) StdoutLine: {'line': b'Copying ../../../../build/key_teleop/key_teleop.egg-info to /home/nvidia/f1tenth_ws/install/key_teleop/lib/python3.8/site-packages/key_teleop-0.3.0-py3.8.egg-info\n'}
[8.970911] (mapping) Command: {'cmd': ['/usr/bin/python3', '-W', 'ignore:setup.py install is deprecated', 'setup.py', 'egg_info', '--egg-base', '../../build/mapping', 'build', '--build-base', '/home/nvidia/f1tenth_ws/build/mapping/build', 'install', '--record', '/home/nvidia/f1tenth_ws/build/mapping/install.log', '--install-scripts', '$base/lib/mapping', '--single-version-externally-managed', 'install_data'], 'cwd': '/home/nvidia/f1tenth_ws/src/mapping', 'env': {'SUDO_GID': '1000', 'MAIL': '/var/mail/root', 'USER': 'root', 'HOME': '/root', 'COLORTERM': 'truecolor', 'SUDO_UID': '1000', 'LOGNAME': 'root', 'TERM': 'xterm-256color', 'PATH': '/usr/local/sbin:/usr/local/bin:/usr/sbin:/usr/bin:/sbin:/bin:/snap/bin', 'DISPLAY': ':1', 'LANG': 'en_US.UTF-8', 'XAUTHORITY': '/run/user/1000/gdm/Xauthority', 'LS_COLORS': 'rs=0:di=01;34:ln=01;36:mh=00:pi=40;33:so=01;35:do=01;35:bd=40;33;01:cd=40;33;01:or=40;31;01:mi=00:su=37;41:sg=30;43:ca=30;41:tw=30;42:ow=34;42:st=37;44:ex=01;32:*.tar=01;31:*.tgz=01;31:*.arc=01;31:*.arj=01;31:*.taz=01;31:*.lha=01;31:*.lz4=01;31:*.lzh=01;31:*.lzma=01;31:*.tlz=01;31:*.txz=01;31:*.tzo=01;31:*.t7z=01;31:*.zip=01;31:*.z=01;31:*.dz=01;31:*.gz=01;31:*.lrz=01;31:*.lz=01;31:*.lzo=01;31:*.xz=01;31:*.zst=01;31:*.tzst=01;31:*.bz2=01;31:*.bz=01;31:*.tbz=01;31:*.tbz2=01;31:*.tz=01;31:*.deb=01;31:*.rpm=01;31:*.jar=01;31:*.war=01;31:*.ear=01;31:*.sar=01;31:*.rar=01;31:*.alz=01;31:*.ace=01;31:*.zoo=01;31:*.cpio=01;31:*.7z=01;31:*.rz=01;31:*.cab=01;31:*.wim=01;31:*.swm=01;31:*.dwm=01;31:*.esd=01;31:*.jpg=01;35:*.jpeg=01;35:*.mjpg=01;35:*.mjpeg=01;35:*.gif=01;35:*.bmp=01;35:*.pbm=01;35:*.pgm=01;35:*.ppm=01;35:*.tga=01;35:*.xbm=01;35:*.xpm=01;35:*.tif=01;35:*.tiff=01;35:*.png=01;35:*.svg=01;35:*.svgz=01;35:*.mng=01;35:*.pcx=01;35:*.mov=01;35:*.mpg=01;35:*.mpeg=01;35:*.m2v=01;35:*.mkv=01;35:*.webm=01;35:*.ogm=01;35:*.mp4=01;35:*.m4v=01;35:*.mp4v=01;35:*.vob=01;35:*.qt=01;35:*.nuv=01;35:*.wmv=01;35:*.asf=01;35:*.rm=01;35:*.rmvb=01;35:*.flc=01;35:*.avi=01;35:*.fli=01;35:*.flv=01;35:*.gl=01;35:*.dl=01;35:*.xcf=01;35:*.xwd=01;35:*.yuv=01;35:*.cgm=01;35:*.emf=01;35:*.ogv=01;35:*.ogx=01;35:*.aac=00;36:*.au=00;36:*.flac=00;36:*.m4a=00;36:*.mid=00;36:*.midi=00;36:*.mka=00;36:*.mp3=00;36:*.mpc=00;36:*.ogg=00;36:*.ra=00;36:*.wav=00;36:*.oga=00;36:*.opus=00;36:*.spx=00;36:*.xspf=00;36:', 'SUDO_COMMAND': '/usr/bin/colcon build', 'SHELL': '/bin/bash', 'SUDO_USER': 'nvidia', 'LC_ALL': 'en_US.UTF-8', 'PWD': '/home/nvidia/f1tenth_ws/build/mapping', 'COLCON': '1', 'PYTHONPATH': '/home/nvidia/f1tenth_ws/build/mapping/prefix_override:/usr/lib/python3/dist-packages/colcon_core/task/python/colcon_distutils_commands:/home/nvidia/f1tenth_ws/install/mapping/lib/python3.8/site-packages:'}, 'shell': False}
[8.998453] (-) TimerEvent: {}
[9.001706] (key_teleop) StdoutLine: {'line': b'running install_scripts\n'}
[9.020548] (f1tenth_controllers) CommandEnded: {'returncode': 0}
[9.064503] (f1tenth_controllers) JobEnded: {'identifier': 'f1tenth_controllers', 'rc': 0}
[9.070409] (key_teleop) StdoutLine: {'line': b'Installing key_teleop script to /home/nvidia/f1tenth_ws/install/key_teleop/lib/key_teleop\n'}
[9.073389] (key_teleop) StdoutLine: {'line': b"writing list of installed files to '/home/nvidia/f1tenth_ws/build/key_teleop/install.log'\n"}
[9.099460] (-) TimerEvent: {}
[9.150426] (vesc_msgs) JobEnded: {'identifier': 'vesc_msgs', 'rc': 0}
[9.165515] (vesc_ackermann) JobStarted: {'identifier': 'vesc_ackermann'}
[9.190282] (vesc_driver) JobStarted: {'identifier': 'vesc_driver'}
[9.201444] (-) TimerEvent: {}
[9.277360] (key_teleop) CommandEnded: {'returncode': 0}
[9.302122] (-) TimerEvent: {}
[9.354020] (key_teleop) JobEnded: {'identifier': 'key_teleop', 'rc': 0}
[9.359980] (new_map_saver) JobStarted: {'identifier': 'new_map_saver'}
[9.403225] (-) TimerEvent: {}
[9.422781] (vesc_ackermann) JobProgress: {'identifier': 'vesc_ackermann', 'progress': 'cmake'}
[9.430156] (vesc_ackermann) JobProgress: {'identifier': 'vesc_ackermann', 'progress': 'build'}
[9.430613] (vesc_ackermann) Command: {'cmd': ['/usr/bin/cmake', '--build', '/home/nvidia/f1tenth_ws/build/vesc_ackermann', '--', '-j6', '-l6'], 'cwd': '/home/nvidia/f1tenth_ws/build/vesc_ackermann', 'env': OrderedDict([('SUDO_GID', '1000'), ('MAIL', '/var/mail/root'), ('USER', 'root'), ('LD_LIBRARY_PATH', '/home/nvidia/f1tenth_ws/install/vesc_msgs/lib'), ('HOME', '/root'), ('COLORTERM', 'truecolor'), ('SUDO_UID', '1000'), ('LOGNAME', 'root'), ('TERM', 'xterm-256color'), ('PATH', '/usr/local/sbin:/usr/local/bin:/usr/sbin:/usr/bin:/sbin:/bin:/snap/bin'), ('DISPLAY', ':1'), ('LANG', 'en_US.UTF-8'), ('XAUTHORITY', '/run/user/1000/gdm/Xauthority'), ('LS_COLORS', 'rs=0:di=01;34:ln=01;36:mh=00:pi=40;33:so=01;35:do=01;35:bd=40;33;01:cd=40;33;01:or=40;31;01:mi=00:su=37;41:sg=30;43:ca=30;41:tw=30;42:ow=34;42:st=37;44:ex=01;32:*.tar=01;31:*.tgz=01;31:*.arc=01;31:*.arj=01;31:*.taz=01;31:*.lha=01;31:*.lz4=01;31:*.lzh=01;31:*.lzma=01;31:*.tlz=01;31:*.txz=01;31:*.tzo=01;31:*.t7z=01;31:*.zip=01;31:*.z=01;31:*.dz=01;31:*.gz=01;31:*.lrz=01;31:*.lz=01;31:*.lzo=01;31:*.xz=01;31:*.zst=01;31:*.tzst=01;31:*.bz2=01;31:*.bz=01;31:*.tbz=01;31:*.tbz2=01;31:*.tz=01;31:*.deb=01;31:*.rpm=01;31:*.jar=01;31:*.war=01;31:*.ear=01;31:*.sar=01;31:*.rar=01;31:*.alz=01;31:*.ace=01;31:*.zoo=01;31:*.cpio=01;31:*.7z=01;31:*.rz=01;31:*.cab=01;31:*.wim=01;31:*.swm=01;31:*.dwm=01;31:*.esd=01;31:*.jpg=01;35:*.jpeg=01;35:*.mjpg=01;35:*.mjpeg=01;35:*.gif=01;35:*.bmp=01;35:*.pbm=01;35:*.pgm=01;35:*.ppm=01;35:*.tga=01;35:*.xbm=01;35:*.xpm=01;35:*.tif=01;35:*.tiff=01;35:*.png=01;35:*.svg=01;35:*.svgz=01;35:*.mng=01;35:*.pcx=01;35:*.mov=01;35:*.mpg=01;35:*.mpeg=01;35:*.m2v=01;35:*.mkv=01;35:*.webm=01;35:*.ogm=01;35:*.mp4=01;35:*.m4v=01;35:*.mp4v=01;35:*.vob=01;35:*.qt=01;35:*.nuv=01;35:*.wmv=01;35:*.asf=01;35:*.rm=01;35:*.rmvb=01;35:*.flc=01;35:*.avi=01;35:*.fli=01;35:*.flv=01;35:*.gl=01;35:*.dl=01;35:*.xcf=01;35:*.xwd=01;35:*.yuv=01;35:*.cgm=01;35:*.emf=01;35:*.ogv=01;35:*.ogx=01;35:*.aac=00;36:*.au=00;36:*.flac=00;36:*.m4a=00;36:*.mid=00;36:*.midi=00;36:*.mka=00;36:*.mp3=00;36:*.mpc=00;36:*.ogg=00;36:*.ra=00;36:*.wav=00;36:*.oga=00;36:*.opus=00;36:*.spx=00;36:*.xspf=00;36:'), ('SUDO_COMMAND', '/usr/bin/colcon build'), ('AMENT_PREFIX_PATH', '/home/nvidia/f1tenth_ws/install/vesc_msgs'), ('SHELL', '/bin/bash'), ('SUDO_USER', 'nvidia'), ('LC_ALL', 'en_US.UTF-8'), ('PWD', '/home/nvidia/f1tenth_ws/build/vesc_ackermann'), ('PYTHONPATH', '/home/nvidia/f1tenth_ws/install/vesc_msgs/lib/python3.8/site-packages'), ('COLCON', '1'), ('CMAKE_PREFIX_PATH', '/home/nvidia/f1tenth_ws/install/vesc_msgs')]), 'shell': False}
[9.473581] (vesc_driver) JobProgress: {'identifier': 'vesc_driver', 'progress': 'cmake'}
[9.481199] (vesc_driver) JobProgress: {'identifier': 'vesc_driver', 'progress': 'build'}
[9.484606] (vesc_driver) Command: {'cmd': ['/usr/bin/cmake', '--build', '/home/nvidia/f1tenth_ws/build/vesc_driver', '--', '-j6', '-l6'], 'cwd': '/home/nvidia/f1tenth_ws/build/vesc_driver', 'env': OrderedDict([('SUDO_GID', '1000'), ('MAIL', '/var/mail/root'), ('USER', 'root'), ('LD_LIBRARY_PATH', '/home/nvidia/f1tenth_ws/install/vesc_msgs/lib'), ('HOME', '/root'), ('COLORTERM', 'truecolor'), ('SUDO_UID', '1000'), ('LOGNAME', 'root'), ('TERM', 'xterm-256color'), ('PATH', '/usr/local/sbin:/usr/local/bin:/usr/sbin:/usr/bin:/sbin:/bin:/snap/bin'), ('DISPLAY', ':1'), ('LANG', 'en_US.UTF-8'), ('XAUTHORITY', '/run/user/1000/gdm/Xauthority'), ('LS_COLORS', 'rs=0:di=01;34:ln=01;36:mh=00:pi=40;33:so=01;35:do=01;35:bd=40;33;01:cd=40;33;01:or=40;31;01:mi=00:su=37;41:sg=30;43:ca=30;41:tw=30;42:ow=34;42:st=37;44:ex=01;32:*.tar=01;31:*.tgz=01;31:*.arc=01;31:*.arj=01;31:*.taz=01;31:*.lha=01;31:*.lz4=01;31:*.lzh=01;31:*.lzma=01;31:*.tlz=01;31:*.txz=01;31:*.tzo=01;31:*.t7z=01;31:*.zip=01;31:*.z=01;31:*.dz=01;31:*.gz=01;31:*.lrz=01;31:*.lz=01;31:*.lzo=01;31:*.xz=01;31:*.zst=01;31:*.tzst=01;31:*.bz2=01;31:*.bz=01;31:*.tbz=01;31:*.tbz2=01;31:*.tz=01;31:*.deb=01;31:*.rpm=01;31:*.jar=01;31:*.war=01;31:*.ear=01;31:*.sar=01;31:*.rar=01;31:*.alz=01;31:*.ace=01;31:*.zoo=01;31:*.cpio=01;31:*.7z=01;31:*.rz=01;31:*.cab=01;31:*.wim=01;31:*.swm=01;31:*.dwm=01;31:*.esd=01;31:*.jpg=01;35:*.jpeg=01;35:*.mjpg=01;35:*.mjpeg=01;35:*.gif=01;35:*.bmp=01;35:*.pbm=01;35:*.pgm=01;35:*.ppm=01;35:*.tga=01;35:*.xbm=01;35:*.xpm=01;35:*.tif=01;35:*.tiff=01;35:*.png=01;35:*.svg=01;35:*.svgz=01;35:*.mng=01;35:*.pcx=01;35:*.mov=01;35:*.mpg=01;35:*.mpeg=01;35:*.m2v=01;35:*.mkv=01;35:*.webm=01;35:*.ogm=01;35:*.mp4=01;35:*.m4v=01;35:*.mp4v=01;35:*.vob=01;35:*.qt=01;35:*.nuv=01;35:*.wmv=01;35:*.asf=01;35:*.rm=01;35:*.rmvb=01;35:*.flc=01;35:*.avi=01;35:*.fli=01;35:*.flv=01;35:*.gl=01;35:*.dl=01;35:*.xcf=01;35:*.xwd=01;35:*.yuv=01;35:*.cgm=01;35:*.emf=01;35:*.ogv=01;35:*.ogx=01;35:*.aac=00;36:*.au=00;36:*.flac=00;36:*.m4a=00;36:*.mid=00;36:*.midi=00;36:*.mka=00;36:*.mp3=00;36:*.mpc=00;36:*.ogg=00;36:*.ra=00;36:*.wav=00;36:*.oga=00;36:*.opus=00;36:*.spx=00;36:*.xspf=00;36:'), ('SUDO_COMMAND', '/usr/bin/colcon build'), ('AMENT_PREFIX_PATH', '/home/nvidia/f1tenth_ws/install/vesc_msgs'), ('SHELL', '/bin/bash'), ('SUDO_USER', 'nvidia'), ('LC_ALL', 'en_US.UTF-8'), ('PWD', '/home/nvidia/f1tenth_ws/build/vesc_driver'), ('PYTHONPATH', '/home/nvidia/f1tenth_ws/install/vesc_msgs/lib/python3.8/site-packages'), ('COLCON', '1'), ('CMAKE_PREFIX_PATH', '/home/nvidia/f1tenth_ws/install/vesc_msgs')]), 'shell': False}
[9.505207] (-) TimerEvent: {}
[9.607662] (-) TimerEvent: {}
[9.710636] (-) TimerEvent: {}
[9.811859] (-) TimerEvent: {}
[9.913758] (-) TimerEvent: {}
[10.014898] (-) TimerEvent: {}
[10.086269] (vesc_ackermann) StdoutLine: {'line': b'[ 28%] Built target vesc_to_odom_node\n'}
[10.108937] (vesc_driver) StdoutLine: {'line': b'[ 50%] Built target vesc_driver\n'}
[10.115259] (-) TimerEvent: {}
[10.131929] (vesc_ackermann) StdoutLine: {'line': b'[ 57%] Built target ackermann_to_vesc_node\n'}
[10.166477] (vesc_ackermann) StdoutLine: {'line': b'[100%] Built target vesc_ackermann\n'}
[10.193811] (vesc_driver) StdoutLine: {'line': b'[ 70%] Built target vesc_driver_node\n'}
[10.215485] (-) TimerEvent: {}
[10.293728] (vesc_driver) StdoutLine: {'line': b'[100%] Built target vesc_device_namer\n'}
[10.315699] (-) TimerEvent: {}
[10.416689] (-) TimerEvent: {}
[10.517733] (-) TimerEvent: {}
[10.537366] (mapping) StdoutLine: {'line': b'running egg_info\n'}
[10.542207] (mapping) StdoutLine: {'line': b'writing ../../build/mapping/mapping.egg-info/PKG-INFO\n'}
[10.544745] (mapping) StdoutLine: {'line': b'writing dependency_links to ../../build/mapping/mapping.egg-info/dependency_links.txt\n'}
[10.546776] (mapping) StdoutLine: {'line': b'writing entry points to ../../build/mapping/mapping.egg-info/entry_points.txt\n'}
[10.550288] (mapping) StdoutLine: {'line': b'writing requirements to ../../build/mapping/mapping.egg-info/requires.txt\n'}
[10.550922] (mapping) StdoutLine: {'line': b'writing top-level names to ../../build/mapping/mapping.egg-info/top_level.txt\n'}
[10.617953] (-) TimerEvent: {}
[10.719151] (-) TimerEvent: {}
[10.748809] (mapping) StdoutLine: {'line': b"reading manifest file '../../build/mapping/mapping.egg-info/SOURCES.txt'\n"}
[10.755229] (mapping) StdoutLine: {'line': b"writing manifest file '../../build/mapping/mapping.egg-info/SOURCES.txt'\n"}
[10.755926] (mapping) StdoutLine: {'line': b'running build\n'}
[10.756865] (mapping) StdoutLine: {'line': b'running build_py\n'}
[10.759725] (mapping) StdoutLine: {'line': b'running install\n'}
[10.765663] (mapping) StdoutLine: {'line': b'running install_lib\n'}
[10.774224] (mapping) StdoutLine: {'line': b'running install_data\n'}
[10.775941] (mapping) StdoutLine: {'line': b'running install_egg_info\n'}
[10.785668] (mapping) StdoutLine: {'line': b"removing '/home/nvidia/f1tenth_ws/install/mapping/lib/python3.8/site-packages/mapping-0.0.0-py3.8.egg-info' (and everything under it)\n"}
[10.789578] (mapping) StdoutLine: {'line': b'Copying ../../build/mapping/mapping.egg-info to /home/nvidia/f1tenth_ws/install/mapping/lib/python3.8/site-packages/mapping-0.0.0-py3.8.egg-info\n'}
[10.796636] (mapping) StdoutLine: {'line': b'running install_scripts\n'}
[10.819475] (-) TimerEvent: {}
[10.888414] (mapping) StdoutLine: {'line': b'Installing local_gradient_node script to /home/nvidia/f1tenth_ws/install/mapping/lib/mapping\n'}
[10.890501] (mapping) StdoutLine: {'line': b'Installing local_mapping_node script to /home/nvidia/f1tenth_ws/install/mapping/lib/mapping\n'}
[10.893204] (mapping) StdoutLine: {'line': b"writing list of installed files to '/home/nvidia/f1tenth_ws/build/mapping/install.log'\n"}
[10.919717] (-) TimerEvent: {}
[11.020867] (-) TimerEvent: {}
[11.072491] (vesc_ackermann) CommandEnded: {'returncode': 0}
[11.094517] (vesc_driver) CommandEnded: {'returncode': 0}
[11.122694] (-) TimerEvent: {}
[11.133401] (mapping) CommandEnded: {'returncode': 0}
[11.186410] (mapping) JobEnded: {'identifier': 'mapping', 'rc': 0}
[11.209180] (mouse_teleop) Command: {'cmd': ['/usr/bin/python3', '-W', 'ignore:setup.py install is deprecated', 'setup.py', 'egg_info', '--egg-base', '../../../../build/mouse_teleop', 'build', '--build-base', '/home/nvidia/f1tenth_ws/build/mouse_teleop/build', 'install', '--record', '/home/nvidia/f1tenth_ws/build/mouse_teleop/install.log', '--install-scripts', '$base/lib/mouse_teleop', '--single-version-externally-managed', 'install_data'], 'cwd': '/home/nvidia/f1tenth_ws/src/f1tenth_system/teleop_tools/mouse_teleop', 'env': {'SUDO_GID': '1000', 'MAIL': '/var/mail/root', 'USER': 'root', 'HOME': '/root', 'COLORTERM': 'truecolor', 'SUDO_UID': '1000', 'LOGNAME': 'root', 'TERM': 'xterm-256color', 'PATH': '/usr/local/sbin:/usr/local/bin:/usr/sbin:/usr/bin:/sbin:/bin:/snap/bin', 'DISPLAY': ':1', 'LANG': 'en_US.UTF-8', 'XAUTHORITY': '/run/user/1000/gdm/Xauthority', 'LS_COLORS': 'rs=0:di=01;34:ln=01;36:mh=00:pi=40;33:so=01;35:do=01;35:bd=40;33;01:cd=40;33;01:or=40;31;01:mi=00:su=37;41:sg=30;43:ca=30;41:tw=30;42:ow=34;42:st=37;44:ex=01;32:*.tar=01;31:*.tgz=01;31:*.arc=01;31:*.arj=01;31:*.taz=01;31:*.lha=01;31:*.lz4=01;31:*.lzh=01;31:*.lzma=01;31:*.tlz=01;31:*.txz=01;31:*.tzo=01;31:*.t7z=01;31:*.zip=01;31:*.z=01;31:*.dz=01;31:*.gz=01;31:*.lrz=01;31:*.lz=01;31:*.lzo=01;31:*.xz=01;31:*.zst=01;31:*.tzst=01;31:*.bz2=01;31:*.bz=01;31:*.tbz=01;31:*.tbz2=01;31:*.tz=01;31:*.deb=01;31:*.rpm=01;31:*.jar=01;31:*.war=01;31:*.ear=01;31:*.sar=01;31:*.rar=01;31:*.alz=01;31:*.ace=01;31:*.zoo=01;31:*.cpio=01;31:*.7z=01;31:*.rz=01;31:*.cab=01;31:*.wim=01;31:*.swm=01;31:*.dwm=01;31:*.esd=01;31:*.jpg=01;35:*.jpeg=01;35:*.mjpg=01;35:*.mjpeg=01;35:*.gif=01;35:*.bmp=01;35:*.pbm=01;35:*.pgm=01;35:*.ppm=01;35:*.tga=01;35:*.xbm=01;35:*.xpm=01;35:*.tif=01;35:*.tiff=01;35:*.png=01;35:*.svg=01;35:*.svgz=01;35:*.mng=01;35:*.pcx=01;35:*.mov=01;35:*.mpg=01;35:*.mpeg=01;35:*.m2v=01;35:*.mkv=01;35:*.webm=01;35:*.ogm=01;35:*.mp4=01;35:*.m4v=01;35:*.mp4v=01;35:*.vob=01;35:*.qt=01;35:*.nuv=01;35:*.wmv=01;35:*.asf=01;35:*.rm=01;35:*.rmvb=01;35:*.flc=01;35:*.avi=01;35:*.fli=01;35:*.flv=01;35:*.gl=01;35:*.dl=01;35:*.xcf=01;35:*.xwd=01;35:*.yuv=01;35:*.cgm=01;35:*.emf=01;35:*.ogv=01;35:*.ogx=01;35:*.aac=00;36:*.au=00;36:*.flac=00;36:*.m4a=00;36:*.mid=00;36:*.midi=00;36:*.mka=00;36:*.mp3=00;36:*.mpc=00;36:*.ogg=00;36:*.ra=00;36:*.wav=00;36:*.oga=00;36:*.opus=00;36:*.spx=00;36:*.xspf=00;36:', 'SUDO_COMMAND': '/usr/bin/colcon build', 'SHELL': '/bin/bash', 'SUDO_USER': 'nvidia', 'LC_ALL': 'en_US.UTF-8', 'PWD': '/home/nvidia/f1tenth_ws/build/mouse_teleop', 'COLCON': '1', 'PYTHONPATH': '/home/nvidia/f1tenth_ws/build/mouse_teleop/prefix_override:/usr/lib/python3/dist-packages/colcon_core/task/python/colcon_distutils_commands:/home/nvidia/f1tenth_ws/install/mouse_teleop/lib/python3.8/site-packages:'}, 'shell': False}
[11.254307] (-) TimerEvent: {}
[11.257121] (phasespace) JobStarted: {'identifier': 'phasespace'}
[11.353804] (vesc_ackermann) JobProgress: {'identifier': 'vesc_ackermann', 'progress': 'install'}
[11.366859] (-) TimerEvent: {}
[11.370870] (vesc_ackermann) Command: {'cmd': ['/usr/bin/cmake', '--install', '/home/nvidia/f1tenth_ws/build/vesc_ackermann'], 'cwd': '/home/nvidia/f1tenth_ws/build/vesc_ackermann', 'env': OrderedDict([('SUDO_GID', '1000'), ('MAIL', '/var/mail/root'), ('USER', 'root'), ('LD_LIBRARY_PATH', '/home/nvidia/f1tenth_ws/install/vesc_msgs/lib'), ('HOME', '/root'), ('COLORTERM', 'truecolor'), ('SUDO_UID', '1000'), ('LOGNAME', 'root'), ('TERM', 'xterm-256color'), ('PATH', '/usr/local/sbin:/usr/local/bin:/usr/sbin:/usr/bin:/sbin:/bin:/snap/bin'), ('DISPLAY', ':1'), ('LANG', 'en_US.UTF-8'), ('XAUTHORITY', '/run/user/1000/gdm/Xauthority'), ('LS_COLORS', 'rs=0:di=01;34:ln=01;36:mh=00:pi=40;33:so=01;35:do=01;35:bd=40;33;01:cd=40;33;01:or=40;31;01:mi=00:su=37;41:sg=30;43:ca=30;41:tw=30;42:ow=34;42:st=37;44:ex=01;32:*.tar=01;31:*.tgz=01;31:*.arc=01;31:*.arj=01;31:*.taz=01;31:*.lha=01;31:*.lz4=01;31:*.lzh=01;31:*.lzma=01;31:*.tlz=01;31:*.txz=01;31:*.tzo=01;31:*.t7z=01;31:*.zip=01;31:*.z=01;31:*.dz=01;31:*.gz=01;31:*.lrz=01;31:*.lz=01;31:*.lzo=01;31:*.xz=01;31:*.zst=01;31:*.tzst=01;31:*.bz2=01;31:*.bz=01;31:*.tbz=01;31:*.tbz2=01;31:*.tz=01;31:*.deb=01;31:*.rpm=01;31:*.jar=01;31:*.war=01;31:*.ear=01;31:*.sar=01;31:*.rar=01;31:*.alz=01;31:*.ace=01;31:*.zoo=01;31:*.cpio=01;31:*.7z=01;31:*.rz=01;31:*.cab=01;31:*.wim=01;31:*.swm=01;31:*.dwm=01;31:*.esd=01;31:*.jpg=01;35:*.jpeg=01;35:*.mjpg=01;35:*.mjpeg=01;35:*.gif=01;35:*.bmp=01;35:*.pbm=01;35:*.pgm=01;35:*.ppm=01;35:*.tga=01;35:*.xbm=01;35:*.xpm=01;35:*.tif=01;35:*.tiff=01;35:*.png=01;35:*.svg=01;35:*.svgz=01;35:*.mng=01;35:*.pcx=01;35:*.mov=01;35:*.mpg=01;35:*.mpeg=01;35:*.m2v=01;35:*.mkv=01;35:*.webm=01;35:*.ogm=01;35:*.mp4=01;35:*.m4v=01;35:*.mp4v=01;35:*.vob=01;35:*.qt=01;35:*.nuv=01;35:*.wmv=01;35:*.asf=01;35:*.rm=01;35:*.rmvb=01;35:*.flc=01;35:*.avi=01;35:*.fli=01;35:*.flv=01;35:*.gl=01;35:*.dl=01;35:*.xcf=01;35:*.xwd=01;35:*.yuv=01;35:*.cgm=01;35:*.emf=01;35:*.ogv=01;35:*.ogx=01;35:*.aac=00;36:*.au=00;36:*.flac=00;36:*.m4a=00;36:*.mid=00;36:*.midi=00;36:*.mka=00;36:*.mp3=00;36:*.mpc=00;36:*.ogg=00;36:*.ra=00;36:*.wav=00;36:*.oga=00;36:*.opus=00;36:*.spx=00;36:*.xspf=00;36:'), ('SUDO_COMMAND', '/usr/bin/colcon build'), ('AMENT_PREFIX_PATH', '/home/nvidia/f1tenth_ws/install/vesc_msgs'), ('SHELL', '/bin/bash'), ('SUDO_USER', 'nvidia'), ('LC_ALL', 'en_US.UTF-8'), ('PWD', '/home/nvidia/f1tenth_ws/build/vesc_ackermann'), ('PYTHONPATH', '/home/nvidia/f1tenth_ws/install/vesc_msgs/lib/python3.8/site-packages'), ('COLCON', '1'), ('CMAKE_PREFIX_PATH', '/home/nvidia/f1tenth_ws/install/vesc_msgs')]), 'shell': False}
[11.455874] (vesc_ackermann) StdoutLine: {'line': b'-- Install configuration: ""\n'}
[11.461394] (vesc_ackermann) StdoutLine: {'line': b'-- Up-to-date: /home/nvidia/f1tenth_ws/install/vesc_ackermann/lib/vesc_ackermann/ackermann_to_vesc_node\n'}
[11.463375] (vesc_ackermann) StdoutLine: {'line': b'-- Up-to-date: /home/nvidia/f1tenth_ws/install/vesc_ackermann/lib/vesc_ackermann/vesc_to_odom_node\n'}
[11.465156] (vesc_ackermann) StdoutLine: {'line': b'-- Up-to-date: /home/nvidia/f1tenth_ws/install/vesc_ackermann/include\n'}
[11.466497] (vesc_ackermann) StdoutLine: {'line': b'-- Up-to-date: /home/nvidia/f1tenth_ws/install/vesc_ackermann/include/vesc_ackermann\n'}
[11.467440] (-) TimerEvent: {}
[11.471796] (vesc_ackermann) StdoutLine: {'line': b'-- Up-to-date: /home/nvidia/f1tenth_ws/install/vesc_ackermann/include/vesc_ackermann/vesc_to_odom.hpp\n'}
[11.476167] (vesc_ackermann) StdoutLine: {'line': b'-- Up-to-date: /home/nvidia/f1tenth_ws/install/vesc_ackermann/include/vesc_ackermann/ackermann_to_vesc.hpp\n'}
[11.476617] (vesc_ackermann) StdoutLine: {'line': b'-- Up-to-date: /home/nvidia/f1tenth_ws/install/vesc_ackermann/share/vesc_ackermann/environment/library_path.sh\n'}
[11.477253] (vesc_ackermann) StdoutLine: {'line': b'-- Up-to-date: /home/nvidia/f1tenth_ws/install/vesc_ackermann/share/vesc_ackermann/environment/library_path.dsv\n'}
[11.477705] (vesc_ackermann) StdoutLine: {'line': b'-- Up-to-date: /home/nvidia/f1tenth_ws/install/vesc_ackermann/lib/libvesc_ackermann.so\n'}
[11.478254] (vesc_ackermann) StdoutLine: {'line': b'-- Up-to-date: /home/nvidia/f1tenth_ws/install/vesc_ackermann/share/vesc_ackermann/launch\n'}
[11.478728] (vesc_ackermann) StdoutLine: {'line': b'-- Up-to-date: /home/nvidia/f1tenth_ws/install/vesc_ackermann/share/vesc_ackermann/launch/ackermann_to_vesc_node.launch.xml\n'}
[11.480210] (vesc_ackermann) StdoutLine: {'line': b'-- Up-to-date: /home/nvidia/f1tenth_ws/install/vesc_ackermann/share/vesc_ackermann/launch/vesc_to_odom_node.launch.xml\n'}
[11.480653] (vesc_ackermann) StdoutLine: {'line': b'-- Up-to-date: /home/nvidia/f1tenth_ws/install/vesc_ackermann/share/ament_index/resource_index/package_run_dependencies/vesc_ackermann\n'}
[11.488662] (vesc_ackermann) StdoutLine: {'line': b'-- Up-to-date: /home/nvidia/f1tenth_ws/install/vesc_ackermann/share/ament_index/resource_index/parent_prefix_path/vesc_ackermann\n'}
[11.489295] (vesc_ackermann) StdoutLine: {'line': b'-- Up-to-date: /home/nvidia/f1tenth_ws/install/vesc_ackermann/share/vesc_ackermann/environment/ament_prefix_path.sh\n'}
[11.489678] (vesc_ackermann) StdoutLine: {'line': b'-- Up-to-date: /home/nvidia/f1tenth_ws/install/vesc_ackermann/share/vesc_ackermann/environment/ament_prefix_path.dsv\n'}
[11.490609] (vesc_ackermann) StdoutLine: {'line': b'-- Up-to-date: /home/nvidia/f1tenth_ws/install/vesc_ackermann/share/vesc_ackermann/environment/path.sh\n'}
[11.492090] (vesc_ackermann) StdoutLine: {'line': b'-- Up-to-date: /home/nvidia/f1tenth_ws/install/vesc_ackermann/share/vesc_ackermann/environment/path.dsv\n'}
[11.493011] (vesc_ackermann) StdoutLine: {'line': b'-- Up-to-date: /home/nvidia/f1tenth_ws/install/vesc_ackermann/share/vesc_ackermann/local_setup.bash\n'}
[11.493517] (vesc_ackermann) StdoutLine: {'line': b'-- Up-to-date: /home/nvidia/f1tenth_ws/install/vesc_ackermann/share/vesc_ackermann/local_setup.sh\n'}
[11.493974] (vesc_ackermann) StdoutLine: {'line': b'-- Up-to-date: /home/nvidia/f1tenth_ws/install/vesc_ackermann/share/vesc_ackermann/local_setup.zsh\n'}
[11.496861] (vesc_ackermann) StdoutLine: {'line': b'-- Up-to-date: /home/nvidia/f1tenth_ws/install/vesc_ackermann/share/vesc_ackermann/local_setup.dsv\n'}
[11.497288] (vesc_ackermann) StdoutLine: {'line': b'-- Installing: /home/nvidia/f1tenth_ws/install/vesc_ackermann/share/vesc_ackermann/package.dsv\n'}
[11.497674] (vesc_ackermann) StdoutLine: {'line': b'-- Up-to-date: /home/nvidia/f1tenth_ws/install/vesc_ackermann/share/ament_index/resource_index/packages/vesc_ackermann\n'}
[11.498330] (vesc_ackermann) StdoutLine: {'line': b'-- Up-to-date: /home/nvidia/f1tenth_ws/install/vesc_ackermann/share/ament_index/resource_index/rclcpp_components/vesc_ackermann\n'}
[11.498751] (vesc_ackermann) StdoutLine: {'line': b'-- Up-to-date: /home/nvidia/f1tenth_ws/install/vesc_ackermann/share/vesc_ackermann/cmake/ament_cmake_export_dependencies-extras.cmake\n'}
[11.500298] (vesc_ackermann) StdoutLine: {'line': b'-- Up-to-date: /home/nvidia/f1tenth_ws/install/vesc_ackermann/share/vesc_ackermann/cmake/ament_cmake_export_include_directories-extras.cmake\n'}
[11.500756] (vesc_ackermann) StdoutLine: {'line': b'-- Up-to-date: /home/nvidia/f1tenth_ws/install/vesc_ackermann/share/vesc_ackermann/cmake/ament_cmake_export_libraries-extras.cmake\n'}
[11.502777] (vesc_ackermann) StdoutLine: {'line': b'-- Up-to-date: /home/nvidia/f1tenth_ws/install/vesc_ackermann/share/vesc_ackermann/cmake/vesc_ackermannConfig.cmake\n'}
[11.503395] (vesc_ackermann) StdoutLine: {'line': b'-- Up-to-date: /home/nvidia/f1tenth_ws/install/vesc_ackermann/share/vesc_ackermann/cmake/vesc_ackermannConfig-version.cmake\n'}
[11.503884] (vesc_ackermann) StdoutLine: {'line': b'-- Up-to-date: /home/nvidia/f1tenth_ws/install/vesc_ackermann/share/vesc_ackermann/package.xml\n'}
[11.567675] (-) TimerEvent: {}
[11.668704] (-) TimerEvent: {}
[11.769675] (-) TimerEvent: {}
[11.870796] (-) TimerEvent: {}
[11.971745] (-) TimerEvent: {}
[12.072771] (-) TimerEvent: {}
[12.173787] (-) TimerEvent: {}
[12.274842] (-) TimerEvent: {}
[12.375950] (-) TimerEvent: {}
[12.466947] (mouse_teleop) StdoutLine: {'line': b'running egg_info\n'}
[12.470939] (mouse_teleop) StdoutLine: {'line': b'writing ../../../../build/mouse_teleop/mouse_teleop.egg-info/PKG-INFO\n'}
[12.472333] (mouse_teleop) StdoutLine: {'line': b'writing dependency_links to ../../../../build/mouse_teleop/mouse_teleop.egg-info/dependency_links.txt\n'}
[12.473336] (mouse_teleop) StdoutLine: {'line': b'writing entry points to ../../../../build/mouse_teleop/mouse_teleop.egg-info/entry_points.txt\n'}
[12.474627] (mouse_teleop) StdoutLine: {'line': b'writing requirements to ../../../../build/mouse_teleop/mouse_teleop.egg-info/requires.txt\n'}
[12.475450] (mouse_teleop) StdoutLine: {'line': b'writing top-level names to ../../../../build/mouse_teleop/mouse_teleop.egg-info/top_level.txt\n'}
[12.476898] (-) TimerEvent: {}
[12.579611] (-) TimerEvent: {}
[12.675222] (mouse_teleop) StdoutLine: {'line': b"reading manifest file '../../../../build/mouse_teleop/mouse_teleop.egg-info/SOURCES.txt'\n"}
[12.679940] (-) TimerEvent: {}
[12.683234] (mouse_teleop) StdoutLine: {'line': b"writing manifest file '../../../../build/mouse_teleop/mouse_teleop.egg-info/SOURCES.txt'\n"}
[12.684569] (mouse_teleop) StdoutLine: {'line': b'running build\n'}
[12.685098] (mouse_teleop) StdoutLine: {'line': b'running build_py\n'}
[12.685581] (mouse_teleop) StdoutLine: {'line': b'running install\n'}
[12.688487] (mouse_teleop) StdoutLine: {'line': b'running install_lib\n'}
[12.696133] (mouse_teleop) StdoutLine: {'line': b'running install_data\n'}
[12.701984] (mouse_teleop) StdoutLine: {'line': b'running install_egg_info\n'}
[12.706545] (mouse_teleop) StdoutLine: {'line': b"removing '/home/nvidia/f1tenth_ws/install/mouse_teleop/lib/python3.8/site-packages/mouse_teleop-0.3.0-py3.8.egg-info' (and everything under it)\n"}
[12.708605] (mouse_teleop) StdoutLine: {'line': b'Copying ../../../../build/mouse_teleop/mouse_teleop.egg-info to /home/nvidia/f1tenth_ws/install/mouse_teleop/lib/python3.8/site-packages/mouse_teleop-0.3.0-py3.8.egg-info\n'}
[12.790444] (-) TimerEvent: {}
[12.796979] (mouse_teleop) StdoutLine: {'line': b'running install_scripts\n'}
[12.815516] (mouse_teleop) StdoutLine: {'line': b'Installing mouse_teleop script to /home/nvidia/f1tenth_ws/install/mouse_teleop/lib/mouse_teleop\n'}
[12.823265] (mouse_teleop) StdoutLine: {'line': b"writing list of installed files to '/home/nvidia/f1tenth_ws/build/mouse_teleop/install.log'\n"}
[12.835973] (vesc_driver) JobProgress: {'identifier': 'vesc_driver', 'progress': 'install'}
[12.838665] (vesc_driver) Command: {'cmd': ['/usr/bin/cmake', '--install', '/home/nvidia/f1tenth_ws/build/vesc_driver'], 'cwd': '/home/nvidia/f1tenth_ws/build/vesc_driver', 'env': OrderedDict([('SUDO_GID', '1000'), ('MAIL', '/var/mail/root'), ('USER', 'root'), ('LD_LIBRARY_PATH', '/home/nvidia/f1tenth_ws/install/vesc_msgs/lib'), ('HOME', '/root'), ('COLORTERM', 'truecolor'), ('SUDO_UID', '1000'), ('LOGNAME', 'root'), ('TERM', 'xterm-256color'), ('PATH', '/usr/local/sbin:/usr/local/bin:/usr/sbin:/usr/bin:/sbin:/bin:/snap/bin'), ('DISPLAY', ':1'), ('LANG', 'en_US.UTF-8'), ('XAUTHORITY', '/run/user/1000/gdm/Xauthority'), ('LS_COLORS', 'rs=0:di=01;34:ln=01;36:mh=00:pi=40;33:so=01;35:do=01;35:bd=40;33;01:cd=40;33;01:or=40;31;01:mi=00:su=37;41:sg=30;43:ca=30;41:tw=30;42:ow=34;42:st=37;44:ex=01;32:*.tar=01;31:*.tgz=01;31:*.arc=01;31:*.arj=01;31:*.taz=01;31:*.lha=01;31:*.lz4=01;31:*.lzh=01;31:*.lzma=01;31:*.tlz=01;31:*.txz=01;31:*.tzo=01;31:*.t7z=01;31:*.zip=01;31:*.z=01;31:*.dz=01;31:*.gz=01;31:*.lrz=01;31:*.lz=01;31:*.lzo=01;31:*.xz=01;31:*.zst=01;31:*.tzst=01;31:*.bz2=01;31:*.bz=01;31:*.tbz=01;31:*.tbz2=01;31:*.tz=01;31:*.deb=01;31:*.rpm=01;31:*.jar=01;31:*.war=01;31:*.ear=01;31:*.sar=01;31:*.rar=01;31:*.alz=01;31:*.ace=01;31:*.zoo=01;31:*.cpio=01;31:*.7z=01;31:*.rz=01;31:*.cab=01;31:*.wim=01;31:*.swm=01;31:*.dwm=01;31:*.esd=01;31:*.jpg=01;35:*.jpeg=01;35:*.mjpg=01;35:*.mjpeg=01;35:*.gif=01;35:*.bmp=01;35:*.pbm=01;35:*.pgm=01;35:*.ppm=01;35:*.tga=01;35:*.xbm=01;35:*.xpm=01;35:*.tif=01;35:*.tiff=01;35:*.png=01;35:*.svg=01;35:*.svgz=01;35:*.mng=01;35:*.pcx=01;35:*.mov=01;35:*.mpg=01;35:*.mpeg=01;35:*.m2v=01;35:*.mkv=01;35:*.webm=01;35:*.ogm=01;35:*.mp4=01;35:*.m4v=01;35:*.mp4v=01;35:*.vob=01;35:*.qt=01;35:*.nuv=01;35:*.wmv=01;35:*.asf=01;35:*.rm=01;35:*.rmvb=01;35:*.flc=01;35:*.avi=01;35:*.fli=01;35:*.flv=01;35:*.gl=01;35:*.dl=01;35:*.xcf=01;35:*.xwd=01;35:*.yuv=01;35:*.cgm=01;35:*.emf=01;35:*.ogv=01;35:*.ogx=01;35:*.aac=00;36:*.au=00;36:*.flac=00;36:*.m4a=00;36:*.mid=00;36:*.midi=00;36:*.mka=00;36:*.mp3=00;36:*.mpc=00;36:*.ogg=00;36:*.ra=00;36:*.wav=00;36:*.oga=00;36:*.opus=00;36:*.spx=00;36:*.xspf=00;36:'), ('SUDO_COMMAND', '/usr/bin/colcon build'), ('AMENT_PREFIX_PATH', '/home/nvidia/f1tenth_ws/install/vesc_msgs'), ('SHELL', '/bin/bash'), ('SUDO_USER', 'nvidia'), ('LC_ALL', 'en_US.UTF-8'), ('PWD', '/home/nvidia/f1tenth_ws/build/vesc_driver'), ('PYTHONPATH', '/home/nvidia/f1tenth_ws/install/vesc_msgs/lib/python3.8/site-packages'), ('COLCON', '1'), ('CMAKE_PREFIX_PATH', '/home/nvidia/f1tenth_ws/install/vesc_msgs')]), 'shell': False}
[12.873359] (vesc_ackermann) CommandEnded: {'returncode': 0}
[12.890689] (-) TimerEvent: {}
[12.976736] (vesc_driver) StdoutLine: {'line': b'-- Install configuration: ""\n'}
[12.980101] (vesc_driver) StdoutLine: {'line': b'-- Up-to-date: /home/nvidia/f1tenth_ws/install/vesc_driver/lib/vesc_driver/vesc_driver_node\n'}
[12.981838] (vesc_driver) StdoutLine: {'line': b'-- Up-to-date: /home/nvidia/f1tenth_ws/install/vesc_driver/include\n'}
[12.982692] (vesc_driver) StdoutLine: {'line': b'-- Up-to-date: /home/nvidia/f1tenth_ws/install/vesc_driver/include/vesc_driver\n'}
[12.983495] (vesc_driver) StdoutLine: {'line': b'-- Up-to-date: /home/nvidia/f1tenth_ws/install/vesc_driver/include/vesc_driver/vesc_interface.hpp\n'}
[12.986213] (vesc_driver) StdoutLine: {'line': b'-- Up-to-date: /home/nvidia/f1tenth_ws/install/vesc_driver/include/vesc_driver/vesc_driver.hpp\n'}
[13.005877] (-) TimerEvent: {}
[13.008876] (vesc_driver) StdoutLine: {'line': b'-- Up-to-date: /home/nvidia/f1tenth_ws/install/vesc_driver/include/vesc_driver/vesc_packet.hpp\n'}
[13.014259] (vesc_driver) StdoutLine: {'line': b'-- Up-to-date: /home/nvidia/f1tenth_ws/install/vesc_driver/include/vesc_driver/vesc_packet_factory.hpp\n'}
[13.028668] (vesc_driver) StdoutLine: {'line': b'-- Up-to-date: /home/nvidia/f1tenth_ws/install/vesc_driver/include/vesc_driver/datatypes.hpp\n'}
[13.031445] (vesc_driver) StdoutLine: {'line': b'-- Up-to-date: /home/nvidia/f1tenth_ws/install/vesc_driver/include/vesc_driver/crc.hpp\n'}
[13.034472] (vesc_driver) StdoutLine: {'line': b'-- Up-to-date: /home/nvidia/f1tenth_ws/install/vesc_driver/include/vesc_driver/vesc_device_uuid_lookup.hpp\n'}
[13.035849] (vesc_driver) StdoutLine: {'line': b'-- Up-to-date: /home/nvidia/f1tenth_ws/install/vesc_driver/share/vesc_driver/environment/library_path.sh\n'}
[13.041377] (vesc_driver) StdoutLine: {'line': b'-- Up-to-date: /home/nvidia/f1tenth_ws/install/vesc_driver/share/vesc_driver/environment/library_path.dsv\n'}
[13.043267] (vesc_driver) StdoutLine: {'line': b'-- Up-to-date: /home/nvidia/f1tenth_ws/install/vesc_driver/lib/libvesc_driver.so\n'}
[13.043796] (vesc_driver) StdoutLine: {'line': b'-- Up-to-date: /home/nvidia/f1tenth_ws/install/vesc_driver/lib/vesc_driver/vesc_device_namer\n'}
[13.044917] (vesc_driver) StdoutLine: {'line': b'-- Up-to-date: /home/nvidia/f1tenth_ws/install/vesc_driver/share/vesc_driver/launch\n'}
[13.045827] (vesc_driver) StdoutLine: {'line': b'-- Up-to-date: /home/nvidia/f1tenth_ws/install/vesc_driver/share/vesc_driver/launch/vesc_driver_node.launch.py\n'}
[13.064447] (vesc_driver) StdoutLine: {'line': b'-- Up-to-date: /home/nvidia/f1tenth_ws/install/vesc_driver/share/vesc_driver/params\n'}
[13.067562] (vesc_driver) StdoutLine: {'line': b'-- Up-to-date: /home/nvidia/f1tenth_ws/install/vesc_driver/share/vesc_driver/params/vesc_config.yaml\n'}
[13.068124] (vesc_driver) StdoutLine: {'line': b'-- Up-to-date: /home/nvidia/f1tenth_ws/install/vesc_driver/share/ament_index/resource_index/package_run_dependencies/vesc_driver\n'}
[13.068611] (vesc_driver) StdoutLine: {'line': b'-- Up-to-date: /home/nvidia/f1tenth_ws/install/vesc_driver/share/ament_index/resource_index/parent_prefix_path/vesc_driver\n'}
[13.069066] (vesc_driver) StdoutLine: {'line': b'-- Up-to-date: /home/nvidia/f1tenth_ws/install/vesc_driver/share/vesc_driver/environment/ament_prefix_path.sh\n'}
[13.084457] (vesc_driver) StdoutLine: {'line': b'-- Up-to-date: /home/nvidia/f1tenth_ws/install/vesc_driver/share/vesc_driver/environment/ament_prefix_path.dsv\n'}
[13.099951] (vesc_driver) StdoutLine: {'line': b'-- Up-to-date: /home/nvidia/f1tenth_ws/install/vesc_driver/share/vesc_driver/environment/path.sh\n'}
[13.101032] (vesc_driver) StdoutLine: {'line': b'-- Up-to-date: /home/nvidia/f1tenth_ws/install/vesc_driver/share/vesc_driver/environment/path.dsv\n'}
[13.101578] (vesc_driver) StdoutLine: {'line': b'-- Up-to-date: /home/nvidia/f1tenth_ws/install/vesc_driver/share/vesc_driver/local_setup.bash\n'}
[13.102018] (vesc_driver) StdoutLine: {'line': b'-- Up-to-date: /home/nvidia/f1tenth_ws/install/vesc_driver/share/vesc_driver/local_setup.sh\n'}
[13.106478] (-) TimerEvent: {}
[13.107653] (vesc_driver) StdoutLine: {'line': b'-- Up-to-date: /home/nvidia/f1tenth_ws/install/vesc_driver/share/vesc_driver/local_setup.zsh\n'}
[13.108221] (vesc_driver) StdoutLine: {'line': b'-- Up-to-date: /home/nvidia/f1tenth_ws/install/vesc_driver/share/vesc_driver/local_setup.dsv\n'}
[13.108709] (vesc_driver) StdoutLine: {'line': b'-- Installing: /home/nvidia/f1tenth_ws/install/vesc_driver/share/vesc_driver/package.dsv\n'}
[13.110191] (vesc_driver) StdoutLine: {'line': b'-- Up-to-date: /home/nvidia/f1tenth_ws/install/vesc_driver/share/ament_index/resource_index/packages/vesc_driver\n'}
[13.110768] (vesc_driver) StdoutLine: {'line': b'-- Up-to-date: /home/nvidia/f1tenth_ws/install/vesc_driver/share/ament_index/resource_index/rclcpp_components/vesc_driver\n'}
[13.111243] (vesc_driver) StdoutLine: {'line': b'-- Up-to-date: /home/nvidia/f1tenth_ws/install/vesc_driver/share/vesc_driver/cmake/ament_cmake_export_dependencies-extras.cmake\n'}
[13.111668] (vesc_driver) StdoutLine: {'line': b'-- Up-to-date: /home/nvidia/f1tenth_ws/install/vesc_driver/share/vesc_driver/cmake/ament_cmake_export_include_directories-extras.cmake\n'}
[13.112040] (vesc_driver) StdoutLine: {'line': b'-- Up-to-date: /home/nvidia/f1tenth_ws/install/vesc_driver/share/vesc_driver/cmake/ament_cmake_export_libraries-extras.cmake\n'}
[13.112432] (vesc_driver) StdoutLine: {'line': b'-- Up-to-date: /home/nvidia/f1tenth_ws/install/vesc_driver/share/vesc_driver/cmake/vesc_driverConfig.cmake\n'}
[13.112832] (vesc_driver) StdoutLine: {'line': b'-- Up-to-date: /home/nvidia/f1tenth_ws/install/vesc_driver/share/vesc_driver/cmake/vesc_driverConfig-version.cmake\n'}
[13.114001] (vesc_driver) StdoutLine: {'line': b'-- Up-to-date: /home/nvidia/f1tenth_ws/install/vesc_driver/share/vesc_driver/package.xml\n'}
[13.124451] (joy_teleop) Command: {'cmd': ['/usr/bin/python3', '-W', 'ignore:setup.py install is deprecated', 'setup.py', 'egg_info', '--egg-base', '../../../../build/joy_teleop', 'build', '--build-base', '/home/nvidia/f1tenth_ws/build/joy_teleop/build', 'install', '--record', '/home/nvidia/f1tenth_ws/build/joy_teleop/install.log', '--install-scripts', '$base/lib/joy_teleop', '--single-version-externally-managed', 'install_data'], 'cwd': '/home/nvidia/f1tenth_ws/src/f1tenth_system/teleop_tools/joy_teleop', 'env': {'SUDO_GID': '1000', 'MAIL': '/var/mail/root', 'USER': 'root', 'LD_LIBRARY_PATH': '/home/nvidia/f1tenth_ws/install/teleop_tools_msgs/lib', 'HOME': '/root', 'COLORTERM': 'truecolor', 'SUDO_UID': '1000', 'LOGNAME': 'root', 'TERM': 'xterm-256color', 'PATH': '/usr/local/sbin:/usr/local/bin:/usr/sbin:/usr/bin:/sbin:/bin:/snap/bin', 'DISPLAY': ':1', 'LANG': 'en_US.UTF-8', 'XAUTHORITY': '/run/user/1000/gdm/Xauthority', 'LS_COLORS': 'rs=0:di=01;34:ln=01;36:mh=00:pi=40;33:so=01;35:do=01;35:bd=40;33;01:cd=40;33;01:or=40;31;01:mi=00:su=37;41:sg=30;43:ca=30;41:tw=30;42:ow=34;42:st=37;44:ex=01;32:*.tar=01;31:*.tgz=01;31:*.arc=01;31:*.arj=01;31:*.taz=01;31:*.lha=01;31:*.lz4=01;31:*.lzh=01;31:*.lzma=01;31:*.tlz=01;31:*.txz=01;31:*.tzo=01;31:*.t7z=01;31:*.zip=01;31:*.z=01;31:*.dz=01;31:*.gz=01;31:*.lrz=01;31:*.lz=01;31:*.lzo=01;31:*.xz=01;31:*.zst=01;31:*.tzst=01;31:*.bz2=01;31:*.bz=01;31:*.tbz=01;31:*.tbz2=01;31:*.tz=01;31:*.deb=01;31:*.rpm=01;31:*.jar=01;31:*.war=01;31:*.ear=01;31:*.sar=01;31:*.rar=01;31:*.alz=01;31:*.ace=01;31:*.zoo=01;31:*.cpio=01;31:*.7z=01;31:*.rz=01;31:*.cab=01;31:*.wim=01;31:*.swm=01;31:*.dwm=01;31:*.esd=01;31:*.jpg=01;35:*.jpeg=01;35:*.mjpg=01;35:*.mjpeg=01;35:*.gif=01;35:*.bmp=01;35:*.pbm=01;35:*.pgm=01;35:*.ppm=01;35:*.tga=01;35:*.xbm=01;35:*.xpm=01;35:*.tif=01;35:*.tiff=01;35:*.png=01;35:*.svg=01;35:*.svgz=01;35:*.mng=01;35:*.pcx=01;35:*.mov=01;35:*.mpg=01;35:*.mpeg=01;35:*.m2v=01;35:*.mkv=01;35:*.webm=01;35:*.ogm=01;35:*.mp4=01;35:*.m4v=01;35:*.mp4v=01;35:*.vob=01;35:*.qt=01;35:*.nuv=01;35:*.wmv=01;35:*.asf=01;35:*.rm=01;35:*.rmvb=01;35:*.flc=01;35:*.avi=01;35:*.fli=01;35:*.flv=01;35:*.gl=01;35:*.dl=01;35:*.xcf=01;35:*.xwd=01;35:*.yuv=01;35:*.cgm=01;35:*.emf=01;35:*.ogv=01;35:*.ogx=01;35:*.aac=00;36:*.au=00;36:*.flac=00;36:*.m4a=00;36:*.mid=00;36:*.midi=00;36:*.mka=00;36:*.mp3=00;36:*.mpc=00;36:*.ogg=00;36:*.ra=00;36:*.wav=00;36:*.oga=00;36:*.opus=00;36:*.spx=00;36:*.xspf=00;36:', 'SUDO_COMMAND': '/usr/bin/colcon build', 'AMENT_PREFIX_PATH': '/home/nvidia/f1tenth_ws/install/teleop_tools_msgs', 'SHELL': '/bin/bash', 'SUDO_USER': 'nvidia', 'LC_ALL': 'en_US.UTF-8', 'PWD': '/home/nvidia/f1tenth_ws/build/joy_teleop', 'PYTHONPATH': '/home/nvidia/f1tenth_ws/build/joy_teleop/prefix_override:/usr/lib/python3/dist-packages/colcon_core/task/python/colcon_distutils_commands:/home/nvidia/f1tenth_ws/install/joy_teleop/lib/python3.8/site-packages:/home/nvidia/f1tenth_ws/install/teleop_tools_msgs/lib/python3.8/site-packages', 'COLCON': '1', 'CMAKE_PREFIX_PATH': '/home/nvidia/f1tenth_ws/install/teleop_tools_msgs'}, 'shell': False}
[13.134195] (mouse_teleop) CommandEnded: {'returncode': 0}
[13.181045] (mouse_teleop) JobEnded: {'identifier': 'mouse_teleop', 'rc': 0}
[13.183398] (vesc_driver) CommandEnded: {'returncode': 0}
[13.206837] (-) TimerEvent: {}
[13.291685] (pure_pursuit) JobStarted: {'identifier': 'pure_pursuit'}
[13.311327] (-) TimerEvent: {}
[13.420491] (-) TimerEvent: {}
[13.450225] (vesc_ackermann) JobEnded: {'identifier': 'vesc_ackermann', 'rc': 0}
[13.466642] (pure_pursuit) JobProgress: {'identifier': 'pure_pursuit', 'progress': 'cmake'}
[13.481491] (pure_pursuit) Command: {'cmd': ['/usr/bin/cmake', '/home/nvidia/f1tenth_ws/src/pure_pursuit', '-DCMAKE_INSTALL_PREFIX=/home/nvidia/f1tenth_ws/install/pure_pursuit'], 'cwd': '/home/nvidia/f1tenth_ws/build/pure_pursuit', 'env': OrderedDict([('SUDO_GID', '1000'), ('MAIL', '/var/mail/root'), ('USER', 'root'), ('HOME', '/root'), ('COLORTERM', 'truecolor'), ('SUDO_UID', '1000'), ('LOGNAME', 'root'), ('TERM', 'xterm-256color'), ('PATH', '/usr/local/sbin:/usr/local/bin:/usr/sbin:/usr/bin:/sbin:/bin:/snap/bin'), ('DISPLAY', ':1'), ('LANG', 'en_US.UTF-8'), ('XAUTHORITY', '/run/user/1000/gdm/Xauthority'), ('LS_COLORS', 'rs=0:di=01;34:ln=01;36:mh=00:pi=40;33:so=01;35:do=01;35:bd=40;33;01:cd=40;33;01:or=40;31;01:mi=00:su=37;41:sg=30;43:ca=30;41:tw=30;42:ow=34;42:st=37;44:ex=01;32:*.tar=01;31:*.tgz=01;31:*.arc=01;31:*.arj=01;31:*.taz=01;31:*.lha=01;31:*.lz4=01;31:*.lzh=01;31:*.lzma=01;31:*.tlz=01;31:*.txz=01;31:*.tzo=01;31:*.t7z=01;31:*.zip=01;31:*.z=01;31:*.dz=01;31:*.gz=01;31:*.lrz=01;31:*.lz=01;31:*.lzo=01;31:*.xz=01;31:*.zst=01;31:*.tzst=01;31:*.bz2=01;31:*.bz=01;31:*.tbz=01;31:*.tbz2=01;31:*.tz=01;31:*.deb=01;31:*.rpm=01;31:*.jar=01;31:*.war=01;31:*.ear=01;31:*.sar=01;31:*.rar=01;31:*.alz=01;31:*.ace=01;31:*.zoo=01;31:*.cpio=01;31:*.7z=01;31:*.rz=01;31:*.cab=01;31:*.wim=01;31:*.swm=01;31:*.dwm=01;31:*.esd=01;31:*.jpg=01;35:*.jpeg=01;35:*.mjpg=01;35:*.mjpeg=01;35:*.gif=01;35:*.bmp=01;35:*.pbm=01;35:*.pgm=01;35:*.ppm=01;35:*.tga=01;35:*.xbm=01;35:*.xpm=01;35:*.tif=01;35:*.tiff=01;35:*.png=01;35:*.svg=01;35:*.svgz=01;35:*.mng=01;35:*.pcx=01;35:*.mov=01;35:*.mpg=01;35:*.mpeg=01;35:*.m2v=01;35:*.mkv=01;35:*.webm=01;35:*.ogm=01;35:*.mp4=01;35:*.m4v=01;35:*.mp4v=01;35:*.vob=01;35:*.qt=01;35:*.nuv=01;35:*.wmv=01;35:*.asf=01;35:*.rm=01;35:*.rmvb=01;35:*.flc=01;35:*.avi=01;35:*.fli=01;35:*.flv=01;35:*.gl=01;35:*.dl=01;35:*.xcf=01;35:*.xwd=01;35:*.yuv=01;35:*.cgm=01;35:*.emf=01;35:*.ogv=01;35:*.ogx=01;35:*.aac=00;36:*.au=00;36:*.flac=00;36:*.m4a=00;36:*.mid=00;36:*.midi=00;36:*.mka=00;36:*.mp3=00;36:*.mpc=00;36:*.ogg=00;36:*.ra=00;36:*.wav=00;36:*.oga=00;36:*.opus=00;36:*.spx=00;36:*.xspf=00;36:'), ('SUDO_COMMAND', '/usr/bin/colcon build'), ('SHELL', '/bin/bash'), ('SUDO_USER', 'nvidia'), ('LC_ALL', 'en_US.UTF-8'), ('PWD', '/home/nvidia/f1tenth_ws/build/pure_pursuit'), ('COLCON', '1')]), 'shell': False}
[13.522274] (-) TimerEvent: {}
[13.539758] (new_map_saver) Command: {'cmd': ['/usr/bin/python3', '-W', 'ignore:setup.py install is deprecated', 'setup.py', 'egg_info', '--egg-base', '../../build/new_map_saver', 'build', '--build-base', '/home/nvidia/f1tenth_ws/build/new_map_saver/build', 'install', '--record', '/home/nvidia/f1tenth_ws/build/new_map_saver/install.log', '--install-scripts', '$base/lib/new_map_saver', '--single-version-externally-managed', 'install_data'], 'cwd': '/home/nvidia/f1tenth_ws/src/new_map_saver', 'env': {'SUDO_GID': '1000', 'MAIL': '/var/mail/root', 'USER': 'root', 'HOME': '/root', 'COLORTERM': 'truecolor', 'SUDO_UID': '1000', 'LOGNAME': 'root', 'TERM': 'xterm-256color', 'PATH': '/usr/local/sbin:/usr/local/bin:/usr/sbin:/usr/bin:/sbin:/bin:/snap/bin', 'DISPLAY': ':1', 'LANG': 'en_US.UTF-8', 'XAUTHORITY': '/run/user/1000/gdm/Xauthority', 'LS_COLORS': 'rs=0:di=01;34:ln=01;36:mh=00:pi=40;33:so=01;35:do=01;35:bd=40;33;01:cd=40;33;01:or=40;31;01:mi=00:su=37;41:sg=30;43:ca=30;41:tw=30;42:ow=34;42:st=37;44:ex=01;32:*.tar=01;31:*.tgz=01;31:*.arc=01;31:*.arj=01;31:*.taz=01;31:*.lha=01;31:*.lz4=01;31:*.lzh=01;31:*.lzma=01;31:*.tlz=01;31:*.txz=01;31:*.tzo=01;31:*.t7z=01;31:*.zip=01;31:*.z=01;31:*.dz=01;31:*.gz=01;31:*.lrz=01;31:*.lz=01;31:*.lzo=01;31:*.xz=01;31:*.zst=01;31:*.tzst=01;31:*.bz2=01;31:*.bz=01;31:*.tbz=01;31:*.tbz2=01;31:*.tz=01;31:*.deb=01;31:*.rpm=01;31:*.jar=01;31:*.war=01;31:*.ear=01;31:*.sar=01;31:*.rar=01;31:*.alz=01;31:*.ace=01;31:*.zoo=01;31:*.cpio=01;31:*.7z=01;31:*.rz=01;31:*.cab=01;31:*.wim=01;31:*.swm=01;31:*.dwm=01;31:*.esd=01;31:*.jpg=01;35:*.jpeg=01;35:*.mjpg=01;35:*.mjpeg=01;35:*.gif=01;35:*.bmp=01;35:*.pbm=01;35:*.pgm=01;35:*.ppm=01;35:*.tga=01;35:*.xbm=01;35:*.xpm=01;35:*.tif=01;35:*.tiff=01;35:*.png=01;35:*.svg=01;35:*.svgz=01;35:*.mng=01;35:*.pcx=01;35:*.mov=01;35:*.mpg=01;35:*.mpeg=01;35:*.m2v=01;35:*.mkv=01;35:*.webm=01;35:*.ogm=01;35:*.mp4=01;35:*.m4v=01;35:*.mp4v=01;35:*.vob=01;35:*.qt=01;35:*.nuv=01;35:*.wmv=01;35:*.asf=01;35:*.rm=01;35:*.rmvb=01;35:*.flc=01;35:*.avi=01;35:*.fli=01;35:*.flv=01;35:*.gl=01;35:*.dl=01;35:*.xcf=01;35:*.xwd=01;35:*.yuv=01;35:*.cgm=01;35:*.emf=01;35:*.ogv=01;35:*.ogx=01;35:*.aac=00;36:*.au=00;36:*.flac=00;36:*.m4a=00;36:*.mid=00;36:*.midi=00;36:*.mka=00;36:*.mp3=00;36:*.mpc=00;36:*.ogg=00;36:*.ra=00;36:*.wav=00;36:*.oga=00;36:*.opus=00;36:*.spx=00;36:*.xspf=00;36:', 'SUDO_COMMAND': '/usr/bin/colcon build', 'SHELL': '/bin/bash', 'SUDO_USER': 'nvidia', 'LC_ALL': 'en_US.UTF-8', 'PWD': '/home/nvidia/f1tenth_ws/build/new_map_saver', 'COLCON': '1', 'PYTHONPATH': '/home/nvidia/f1tenth_ws/build/new_map_saver/prefix_override:/usr/lib/python3/dist-packages/colcon_core/task/python/colcon_distutils_commands:/home/nvidia/f1tenth_ws/install/new_map_saver/lib/python3.8/site-packages:'}, 'shell': False}
[13.625656] (-) TimerEvent: {}
[13.641888] (pure_pursuit) StderrLine: {'line': b'CMake Error at CMakeLists.txt:29 (find_package):\n'}
[13.643002] (pure_pursuit) StderrLine: {'line': b'  By not providing "Findament_cmake.cmake" in CMAKE_MODULE_PATH this project\n'}
[13.644554] (pure_pursuit) StderrLine: {'line': b'  has asked CMake to find a package configuration file provided by\n'}
[13.644988] (pure_pursuit) StderrLine: {'line': b'  "ament_cmake", but CMake did not find one.\n'}
[13.645409] (pure_pursuit) StderrLine: {'line': b'\n'}
[13.645783] (pure_pursuit) StderrLine: {'line': b'  Could not find a package configuration file provided by "ament_cmake" with\n'}
[13.646401] (pure_pursuit) StderrLine: {'line': b'  any of the following names:\n'}
[13.646808] (pure_pursuit) StderrLine: {'line': b'\n'}
[13.647171] (pure_pursuit) StderrLine: {'line': b'    ament_cmakeConfig.cmake\n'}
[13.647558] (pure_pursuit) StderrLine: {'line': b'    ament_cmake-config.cmake\n'}
[13.647928] (pure_pursuit) StderrLine: {'line': b'\n'}
[13.648327] (pure_pursuit) StderrLine: {'line': b'  Add the installation prefix of "ament_cmake" to CMAKE_PREFIX_PATH or set\n'}
[13.648702] (pure_pursuit) StderrLine: {'line': b'  "ament_cmake_DIR" to a directory containing one of the above files.  If\n'}
[13.649069] (pure_pursuit) StderrLine: {'line': b'  "ament_cmake" provides a separate development package or SDK, be sure it\n'}
[13.649447] (pure_pursuit) StderrLine: {'line': b'  has been installed.\n'}
[13.650208] (pure_pursuit) StderrLine: {'line': b'\n'}
[13.650692] (pure_pursuit) StderrLine: {'line': b'\n'}
[13.651125] (pure_pursuit) StdoutLine: {'line': b'-- Configuring incomplete, errors occurred!\n'}
[13.652655] (pure_pursuit) StdoutLine: {'line': b'See also "/home/nvidia/f1tenth_ws/build/pure_pursuit/CMakeFiles/CMakeOutput.log".\n'}
[13.664974] (vesc_driver) JobEnded: {'identifier': 'vesc_driver', 'rc': 0}
[13.676143] (vesc) JobStarted: {'identifier': 'vesc'}
[13.720100] (pure_pursuit) CommandEnded: {'returncode': 1}
[13.727080] (-) TimerEvent: {}
[13.825428] (vesc) JobProgress: {'identifier': 'vesc', 'progress': 'cmake'}
[13.828749] (-) TimerEvent: {}
[13.832716] (vesc) JobProgress: {'identifier': 'vesc', 'progress': 'build'}
[13.847640] (vesc) Command: {'cmd': ['/usr/bin/cmake', '--build', '/home/nvidia/f1tenth_ws/build/vesc', '--', '-j6', '-l6'], 'cwd': '/home/nvidia/f1tenth_ws/build/vesc', 'env': OrderedDict([('SUDO_GID', '1000'), ('MAIL', '/var/mail/root'), ('USER', 'root'), ('LD_LIBRARY_PATH', '/home/nvidia/f1tenth_ws/install/vesc_driver/lib:/home/nvidia/f1tenth_ws/install/vesc_ackermann/lib:/home/nvidia/f1tenth_ws/install/vesc_msgs/lib'), ('HOME', '/root'), ('COLORTERM', 'truecolor'), ('SUDO_UID', '1000'), ('LOGNAME', 'root'), ('TERM', 'xterm-256color'), ('PATH', '/usr/local/sbin:/usr/local/bin:/usr/sbin:/usr/bin:/sbin:/bin:/snap/bin'), ('DISPLAY', ':1'), ('LANG', 'en_US.UTF-8'), ('XAUTHORITY', '/run/user/1000/gdm/Xauthority'), ('LS_COLORS', 'rs=0:di=01;34:ln=01;36:mh=00:pi=40;33:so=01;35:do=01;35:bd=40;33;01:cd=40;33;01:or=40;31;01:mi=00:su=37;41:sg=30;43:ca=30;41:tw=30;42:ow=34;42:st=37;44:ex=01;32:*.tar=01;31:*.tgz=01;31:*.arc=01;31:*.arj=01;31:*.taz=01;31:*.lha=01;31:*.lz4=01;31:*.lzh=01;31:*.lzma=01;31:*.tlz=01;31:*.txz=01;31:*.tzo=01;31:*.t7z=01;31:*.zip=01;31:*.z=01;31:*.dz=01;31:*.gz=01;31:*.lrz=01;31:*.lz=01;31:*.lzo=01;31:*.xz=01;31:*.zst=01;31:*.tzst=01;31:*.bz2=01;31:*.bz=01;31:*.tbz=01;31:*.tbz2=01;31:*.tz=01;31:*.deb=01;31:*.rpm=01;31:*.jar=01;31:*.war=01;31:*.ear=01;31:*.sar=01;31:*.rar=01;31:*.alz=01;31:*.ace=01;31:*.zoo=01;31:*.cpio=01;31:*.7z=01;31:*.rz=01;31:*.cab=01;31:*.wim=01;31:*.swm=01;31:*.dwm=01;31:*.esd=01;31:*.jpg=01;35:*.jpeg=01;35:*.mjpg=01;35:*.mjpeg=01;35:*.gif=01;35:*.bmp=01;35:*.pbm=01;35:*.pgm=01;35:*.ppm=01;35:*.tga=01;35:*.xbm=01;35:*.xpm=01;35:*.tif=01;35:*.tiff=01;35:*.png=01;35:*.svg=01;35:*.svgz=01;35:*.mng=01;35:*.pcx=01;35:*.mov=01;35:*.mpg=01;35:*.mpeg=01;35:*.m2v=01;35:*.mkv=01;35:*.webm=01;35:*.ogm=01;35:*.mp4=01;35:*.m4v=01;35:*.mp4v=01;35:*.vob=01;35:*.qt=01;35:*.nuv=01;35:*.wmv=01;35:*.asf=01;35:*.rm=01;35:*.rmvb=01;35:*.flc=01;35:*.avi=01;35:*.fli=01;35:*.flv=01;35:*.gl=01;35:*.dl=01;35:*.xcf=01;35:*.xwd=01;35:*.yuv=01;35:*.cgm=01;35:*.emf=01;35:*.ogv=01;35:*.ogx=01;35:*.aac=00;36:*.au=00;36:*.flac=00;36:*.m4a=00;36:*.mid=00;36:*.midi=00;36:*.mka=00;36:*.mp3=00;36:*.mpc=00;36:*.ogg=00;36:*.ra=00;36:*.wav=00;36:*.oga=00;36:*.opus=00;36:*.spx=00;36:*.xspf=00;36:'), ('SUDO_COMMAND', '/usr/bin/colcon build'), ('AMENT_PREFIX_PATH', '/home/nvidia/f1tenth_ws/install/vesc_driver:/home/nvidia/f1tenth_ws/install/vesc_ackermann:/home/nvidia/f1tenth_ws/install/vesc_msgs'), ('SHELL', '/bin/bash'), ('SUDO_USER', 'nvidia'), ('LC_ALL', 'en_US.UTF-8'), ('PWD', '/home/nvidia/f1tenth_ws/build/vesc'), ('PYTHONPATH', '/home/nvidia/f1tenth_ws/install/vesc_msgs/lib/python3.8/site-packages'), ('COLCON', '1'), ('CMAKE_PREFIX_PATH', '/home/nvidia/f1tenth_ws/install/vesc_driver:/home/nvidia/f1tenth_ws/install/vesc_ackermann:/home/nvidia/f1tenth_ws/install/vesc_msgs')]), 'shell': False}
[13.919304] (pure_pursuit) JobEnded: {'identifier': 'pure_pursuit', 'rc': 1}
[13.929533] (-) TimerEvent: {}
[14.030878] (-) TimerEvent: {}
[14.122467] (vesc) JobEnded: {'identifier': 'vesc', 'rc': 'SIGINT'}
[14.131220] (-) TimerEvent: {}
[14.232745] (-) TimerEvent: {}
[14.271305] (joy_teleop) StdoutLine: {'line': b'running egg_info\n'}
[14.277772] (joy_teleop) StdoutLine: {'line': b'writing ../../../../build/joy_teleop/joy_teleop.egg-info/PKG-INFO\n'}
[14.279275] (joy_teleop) StdoutLine: {'line': b'writing dependency_links to ../../../../build/joy_teleop/joy_teleop.egg-info/dependency_links.txt\n'}
[14.280385] (joy_teleop) StdoutLine: {'line': b'writing entry points to ../../../../build/joy_teleop/joy_teleop.egg-info/entry_points.txt\n'}
[14.283218] (joy_teleop) StdoutLine: {'line': b'writing requirements to ../../../../build/joy_teleop/joy_teleop.egg-info/requires.txt\n'}
[14.283684] (joy_teleop) StdoutLine: {'line': b'writing top-level names to ../../../../build/joy_teleop/joy_teleop.egg-info/top_level.txt\n'}
[14.332964] (-) TimerEvent: {}
[14.433976] (-) TimerEvent: {}
[14.468393] (joy_teleop) StdoutLine: {'line': b"reading manifest file '../../../../build/joy_teleop/joy_teleop.egg-info/SOURCES.txt'\n"}
[14.475175] (joy_teleop) StdoutLine: {'line': b"writing manifest file '../../../../build/joy_teleop/joy_teleop.egg-info/SOURCES.txt'\n"}
[14.477050] (joy_teleop) StdoutLine: {'line': b'running build\n'}
[14.477959] (joy_teleop) StdoutLine: {'line': b'running build_py\n'}
[14.479704] (joy_teleop) StdoutLine: {'line': b'running install\n'}
[14.483860] (joy_teleop) StdoutLine: {'line': b'running install_lib\n'}
[14.491784] (joy_teleop) StdoutLine: {'line': b'running install_data\n'}
[14.493232] (joy_teleop) StdoutLine: {'line': b'running install_egg_info\n'}
[14.502527] (joy_teleop) StdoutLine: {'line': b"removing '/home/nvidia/f1tenth_ws/install/joy_teleop/lib/python3.8/site-packages/joy_teleop-0.3.0-py3.8.egg-info' (and everything under it)\n"}
[14.505087] (joy_teleop) StdoutLine: {'line': b'Copying ../../../../build/joy_teleop/joy_teleop.egg-info to /home/nvidia/f1tenth_ws/install/joy_teleop/lib/python3.8/site-packages/joy_teleop-0.3.0-py3.8.egg-info\n'}
[14.511561] (joy_teleop) StdoutLine: {'line': b'running install_scripts\n'}
[14.534306] (-) TimerEvent: {}
[14.597949] (joy_teleop) StdoutLine: {'line': b'Installing incrementer_server script to /home/nvidia/f1tenth_ws/install/joy_teleop/lib/joy_teleop\n'}
[14.600233] (joy_teleop) StdoutLine: {'line': b'Installing joy_teleop script to /home/nvidia/f1tenth_ws/install/joy_teleop/lib/joy_teleop\n'}
[14.601280] (joy_teleop) StdoutLine: {'line': b"writing list of installed files to '/home/nvidia/f1tenth_ws/build/joy_teleop/install.log'\n"}
[14.634613] (-) TimerEvent: {}
[14.715502] (joy_teleop) JobEnded: {'identifier': 'joy_teleop', 'rc': 'SIGINT'}
[14.734823] (-) TimerEvent: {}
[14.791814] (new_map_saver) StdoutLine: {'line': b'running egg_info\n'}
[14.795648] (new_map_saver) StdoutLine: {'line': b'writing ../../build/new_map_saver/new_map_saver.egg-info/PKG-INFO\n'}
[14.796924] (new_map_saver) StdoutLine: {'line': b'writing dependency_links to ../../build/new_map_saver/new_map_saver.egg-info/dependency_links.txt\n'}
[14.797707] (new_map_saver) StdoutLine: {'line': b'writing entry points to ../../build/new_map_saver/new_map_saver.egg-info/entry_points.txt\n'}
[14.798835] (new_map_saver) StdoutLine: {'line': b'writing requirements to ../../build/new_map_saver/new_map_saver.egg-info/requires.txt\n'}
[14.799519] (new_map_saver) StdoutLine: {'line': b'writing top-level names to ../../build/new_map_saver/new_map_saver.egg-info/top_level.txt\n'}
[14.835030] (-) TimerEvent: {}
[14.936268] (-) TimerEvent: {}
[14.980005] (new_map_saver) StdoutLine: {'line': b"reading manifest file '../../build/new_map_saver/new_map_saver.egg-info/SOURCES.txt'\n"}
[14.984565] (new_map_saver) StdoutLine: {'line': b"writing manifest file '../../build/new_map_saver/new_map_saver.egg-info/SOURCES.txt'\n"}
[14.985476] (new_map_saver) StdoutLine: {'line': b'running build\n'}
[14.986012] (new_map_saver) StdoutLine: {'line': b'running build_py\n'}
[14.986666] (new_map_saver) StdoutLine: {'line': b'running install\n'}
[14.990173] (new_map_saver) StdoutLine: {'line': b'running install_lib\n'}
[14.996634] (new_map_saver) StdoutLine: {'line': b'running install_data\n'}
[14.997805] (new_map_saver) StdoutLine: {'line': b'running install_egg_info\n'}
[15.005360] (new_map_saver) StdoutLine: {'line': b"removing '/home/nvidia/f1tenth_ws/install/new_map_saver/lib/python3.8/site-packages/new_map_saver-0.0.0-py3.8.egg-info' (and everything under it)\n"}
[15.007763] (new_map_saver) StdoutLine: {'line': b'Copying ../../build/new_map_saver/new_map_saver.egg-info to /home/nvidia/f1tenth_ws/install/new_map_saver/lib/python3.8/site-packages/new_map_saver-0.0.0-py3.8.egg-info\n'}
[15.014825] (new_map_saver) StdoutLine: {'line': b'running install_scripts\n'}
[15.036475] (-) TimerEvent: {}
[15.098402] (new_map_saver) StdoutLine: {'line': b"writing list of installed files to '/home/nvidia/f1tenth_ws/build/new_map_saver/install.log'\n"}
[15.136732] (-) TimerEvent: {}
[15.204138] (new_map_saver) JobEnded: {'identifier': 'new_map_saver', 'rc': 'SIGINT'}
[15.236993] (-) TimerEvent: {}
[15.337833] (-) TimerEvent: {}
[15.438976] (-) TimerEvent: {}
[15.513219] (phasespace) JobEnded: {'identifier': 'phasespace', 'rc': 'SIGINT'}
[15.526667] (teleop_tools) JobSkipped: {'identifier': 'teleop_tools'}
[15.527115] (f1tenth_stack) JobSkipped: {'identifier': 'f1tenth_stack'}
[15.527292] (-) EventReactorShutdown: {}
