[1.119s] DEBUG:colcon:Command line arguments: ['/usr/bin/colcon', 'build']
[1.119s] DEBUG:colcon:Parsed command line arguments: Namespace(allow_overriding=[], ament_cmake_args=None, base_paths=['.'], build_base='build', catkin_cmake_args=None, catkin_skip_building_tests=False, cmake_args=None, cmake_clean_cache=False, cmake_clean_first=False, cmake_force_configure=False, cmake_target=None, cmake_target_skip_unavailable=False, continue_on_error=False, event_handlers=None, executor='parallel', ignore_user_meta=False, install_base='install', log_base=None, log_level=None, main=<bound method BuildVerb.main of <colcon_core.verb.build.BuildVerb object at 0xffffa2840850>>, merge_install=False, metas=['./colcon.meta'], mixin=None, mixin_files=None, mixin_verb=('build',), packages_above=None, packages_above_and_dependencies=None, packages_above_depth=None, packages_end=None, packages_ignore=None, packages_ignore_regex=None, packages_select=None, packages_select_build_failed=False, packages_select_by_dep=None, packages_select_regex=None, packages_select_test_failures=False, packages_skip=None, packages_skip_build_finished=False, packages_skip_by_dep=None, packages_skip_regex=None, packages_skip_test_passed=False, packages_skip_up_to=None, packages_start=None, packages_up_to=None, packages_up_to_regex=None, parallel_workers=6, paths=None, symlink_install=False, test_result_base=None, verb_extension=<colcon_core.verb.build.BuildVerb object at 0xffffa2840850>, verb_name='build', verb_parser=<colcon_mixin.mixin.mixin_argument.MixinArgumentDecorator object at 0xffffa2763a60>)
[1.950s] Level 1:colcon.colcon_core.package_discovery:discover_packages(colcon_meta) check parameters
[1.951s] Level 1:colcon.colcon_core.package_discovery:discover_packages(recursive) check parameters
[1.951s] Level 1:colcon.colcon_core.package_discovery:discover_packages(ignore) check parameters
[1.951s] Level 1:colcon.colcon_core.package_discovery:discover_packages(path) check parameters
[1.951s] Level 1:colcon.colcon_core.package_discovery:discover_packages(colcon_meta) discover
[1.951s] Level 1:colcon.colcon_core.package_discovery:discover_packages(recursive) discover
[1.952s] INFO:colcon.colcon_core.package_discovery:Crawling recursively for packages in '/home/nvidia/f1tenth_ws'
[1.952s] Level 1:colcon.colcon_core.package_identification:_identify(.) by extensions ['ignore', 'ignore_ament_install']
[1.953s] Level 1:colcon.colcon_core.package_identification:_identify(.) by extension 'ignore'
[1.953s] Level 1:colcon.colcon_core.package_identification:_identify(.) by extension 'ignore_ament_install'
[1.954s] Level 1:colcon.colcon_core.package_identification:_identify(.) by extensions ['colcon_pkg']
[1.954s] Level 1:colcon.colcon_core.package_identification:_identify(.) by extension 'colcon_pkg'
[1.954s] Level 1:colcon.colcon_core.package_identification:_identify(.) by extensions ['colcon_meta']
[1.954s] Level 1:colcon.colcon_core.package_identification:_identify(.) by extension 'colcon_meta'
[1.954s] Level 1:colcon.colcon_core.package_identification:_identify(.) by extensions ['ros']
[1.955s] Level 1:colcon.colcon_core.package_identification:_identify(.) by extension 'ros'
[2.013s] Level 1:colcon.colcon_core.package_identification:_identify(.) by extensions ['cmake', 'python']
[2.014s] Level 1:colcon.colcon_core.package_identification:_identify(.) by extension 'cmake'
[2.014s] Level 1:colcon.colcon_core.package_identification:_identify(.) by extension 'python'
[2.014s] Level 1:colcon.colcon_core.package_identification:_identify(.) by extensions ['python_setup_py']
[2.014s] Level 1:colcon.colcon_core.package_identification:_identify(.) by extension 'python_setup_py'
[2.015s] Level 1:colcon.colcon_core.package_identification:_identify(build) by extensions ['ignore', 'ignore_ament_install']
[2.016s] Level 1:colcon.colcon_core.package_identification:_identify(build) by extension 'ignore'
[2.016s] Level 1:colcon.colcon_core.package_identification:_identify(build) ignored
[2.017s] Level 1:colcon.colcon_core.package_identification:_identify(install) by extensions ['ignore', 'ignore_ament_install']
[2.017s] Level 1:colcon.colcon_core.package_identification:_identify(install) by extension 'ignore'
[2.017s] Level 1:colcon.colcon_core.package_identification:_identify(install) ignored
[2.018s] Level 1:colcon.colcon_core.package_identification:_identify(log) by extensions ['ignore', 'ignore_ament_install']
[2.019s] Level 1:colcon.colcon_core.package_identification:_identify(log) by extension 'ignore'
[2.019s] Level 1:colcon.colcon_core.package_identification:_identify(log) ignored
[2.019s] Level 1:colcon.colcon_core.package_identification:_identify(maps) by extensions ['ignore', 'ignore_ament_install']
[2.020s] Level 1:colcon.colcon_core.package_identification:_identify(maps) by extension 'ignore'
[2.020s] Level 1:colcon.colcon_core.package_identification:_identify(maps) by extension 'ignore_ament_install'
[2.020s] Level 1:colcon.colcon_core.package_identification:_identify(maps) by extensions ['colcon_pkg']
[2.021s] Level 1:colcon.colcon_core.package_identification:_identify(maps) by extension 'colcon_pkg'
[2.021s] Level 1:colcon.colcon_core.package_identification:_identify(maps) by extensions ['colcon_meta']
[2.021s] Level 1:colcon.colcon_core.package_identification:_identify(maps) by extension 'colcon_meta'
[2.021s] Level 1:colcon.colcon_core.package_identification:_identify(maps) by extensions ['ros']
[2.022s] Level 1:colcon.colcon_core.package_identification:_identify(maps) by extension 'ros'
[2.022s] Level 1:colcon.colcon_core.package_identification:_identify(maps) by extensions ['cmake', 'python']
[2.022s] Level 1:colcon.colcon_core.package_identification:_identify(maps) by extension 'cmake'
[2.022s] Level 1:colcon.colcon_core.package_identification:_identify(maps) by extension 'python'
[2.023s] Level 1:colcon.colcon_core.package_identification:_identify(maps) by extensions ['python_setup_py']
[2.023s] Level 1:colcon.colcon_core.package_identification:_identify(maps) by extension 'python_setup_py'
[2.023s] Level 1:colcon.colcon_core.package_identification:_identify(scripts) by extensions ['ignore', 'ignore_ament_install']
[2.024s] Level 1:colcon.colcon_core.package_identification:_identify(scripts) by extension 'ignore'
[2.024s] Level 1:colcon.colcon_core.package_identification:_identify(scripts) by extension 'ignore_ament_install'
[2.024s] Level 1:colcon.colcon_core.package_identification:_identify(scripts) by extensions ['colcon_pkg']
[2.024s] Level 1:colcon.colcon_core.package_identification:_identify(scripts) by extension 'colcon_pkg'
[2.025s] Level 1:colcon.colcon_core.package_identification:_identify(scripts) by extensions ['colcon_meta']
[2.025s] Level 1:colcon.colcon_core.package_identification:_identify(scripts) by extension 'colcon_meta'
[2.025s] Level 1:colcon.colcon_core.package_identification:_identify(scripts) by extensions ['ros']
[2.025s] Level 1:colcon.colcon_core.package_identification:_identify(scripts) by extension 'ros'
[2.026s] Level 1:colcon.colcon_core.package_identification:_identify(scripts) by extensions ['cmake', 'python']
[2.026s] Level 1:colcon.colcon_core.package_identification:_identify(scripts) by extension 'cmake'
[2.026s] Level 1:colcon.colcon_core.package_identification:_identify(scripts) by extension 'python'
[2.026s] Level 1:colcon.colcon_core.package_identification:_identify(scripts) by extensions ['python_setup_py']
[2.027s] Level 1:colcon.colcon_core.package_identification:_identify(scripts) by extension 'python_setup_py'
[2.027s] Level 1:colcon.colcon_core.package_identification:_identify(src) by extensions ['ignore', 'ignore_ament_install']
[2.028s] Level 1:colcon.colcon_core.package_identification:_identify(src) by extension 'ignore'
[2.028s] Level 1:colcon.colcon_core.package_identification:_identify(src) by extension 'ignore_ament_install'
[2.028s] Level 1:colcon.colcon_core.package_identification:_identify(src) by extensions ['colcon_pkg']
[2.028s] Level 1:colcon.colcon_core.package_identification:_identify(src) by extension 'colcon_pkg'
[2.028s] Level 1:colcon.colcon_core.package_identification:_identify(src) by extensions ['colcon_meta']
[2.029s] Level 1:colcon.colcon_core.package_identification:_identify(src) by extension 'colcon_meta'
[2.029s] Level 1:colcon.colcon_core.package_identification:_identify(src) by extensions ['ros']
[2.029s] Level 1:colcon.colcon_core.package_identification:_identify(src) by extension 'ros'
[2.030s] Level 1:colcon.colcon_core.package_identification:_identify(src) by extensions ['cmake', 'python']
[2.030s] Level 1:colcon.colcon_core.package_identification:_identify(src) by extension 'cmake'
[2.030s] Level 1:colcon.colcon_core.package_identification:_identify(src) by extension 'python'
[2.030s] Level 1:colcon.colcon_core.package_identification:_identify(src) by extensions ['python_setup_py']
[2.030s] Level 1:colcon.colcon_core.package_identification:_identify(src) by extension 'python_setup_py'
[2.031s] Level 1:colcon.colcon_core.package_identification:_identify(src/f1tenth_controllers) by extensions ['ignore', 'ignore_ament_install']
[2.031s] Level 1:colcon.colcon_core.package_identification:_identify(src/f1tenth_controllers) by extension 'ignore'
[2.031s] Level 1:colcon.colcon_core.package_identification:_identify(src/f1tenth_controllers) by extension 'ignore_ament_install'
[2.032s] Level 1:colcon.colcon_core.package_identification:_identify(src/f1tenth_controllers) by extensions ['colcon_pkg']
[2.032s] Level 1:colcon.colcon_core.package_identification:_identify(src/f1tenth_controllers) by extension 'colcon_pkg'
[2.032s] Level 1:colcon.colcon_core.package_identification:_identify(src/f1tenth_controllers) by extensions ['colcon_meta']
[2.032s] Level 1:colcon.colcon_core.package_identification:_identify(src/f1tenth_controllers) by extension 'colcon_meta'
[2.033s] Level 1:colcon.colcon_core.package_identification:_identify(src/f1tenth_controllers) by extensions ['ros']
[2.033s] Level 1:colcon.colcon_core.package_identification:_identify(src/f1tenth_controllers) by extension 'ros'
[2.044s] DEBUG:colcon.colcon_core.package_identification:Package 'src/f1tenth_controllers' with type 'ros.ament_python' and name 'f1tenth_controllers'
[2.045s] Level 1:colcon.colcon_core.package_identification:_identify(src/f1tenth_system) by extensions ['ignore', 'ignore_ament_install']
[2.046s] Level 1:colcon.colcon_core.package_identification:_identify(src/f1tenth_system) by extension 'ignore'
[2.046s] Level 1:colcon.colcon_core.package_identification:_identify(src/f1tenth_system) by extension 'ignore_ament_install'
[2.046s] Level 1:colcon.colcon_core.package_identification:_identify(src/f1tenth_system) by extensions ['colcon_pkg']
[2.046s] Level 1:colcon.colcon_core.package_identification:_identify(src/f1tenth_system) by extension 'colcon_pkg'
[2.047s] Level 1:colcon.colcon_core.package_identification:_identify(src/f1tenth_system) by extensions ['colcon_meta']
[2.047s] Level 1:colcon.colcon_core.package_identification:_identify(src/f1tenth_system) by extension 'colcon_meta'
[2.047s] Level 1:colcon.colcon_core.package_identification:_identify(src/f1tenth_system) by extensions ['ros']
[2.047s] Level 1:colcon.colcon_core.package_identification:_identify(src/f1tenth_system) by extension 'ros'
[2.048s] Level 1:colcon.colcon_core.package_identification:_identify(src/f1tenth_system) by extensions ['cmake', 'python']
[2.048s] Level 1:colcon.colcon_core.package_identification:_identify(src/f1tenth_system) by extension 'cmake'
[2.048s] Level 1:colcon.colcon_core.package_identification:_identify(src/f1tenth_system) by extension 'python'
[2.048s] Level 1:colcon.colcon_core.package_identification:_identify(src/f1tenth_system) by extensions ['python_setup_py']
[2.049s] Level 1:colcon.colcon_core.package_identification:_identify(src/f1tenth_system) by extension 'python_setup_py'
[2.049s] Level 1:colcon.colcon_core.package_identification:_identify(src/f1tenth_system/ackermann_mux) by extensions ['ignore', 'ignore_ament_install']
[2.050s] Level 1:colcon.colcon_core.package_identification:_identify(src/f1tenth_system/ackermann_mux) by extension 'ignore'
[2.050s] Level 1:colcon.colcon_core.package_identification:_identify(src/f1tenth_system/ackermann_mux) by extension 'ignore_ament_install'
[2.050s] Level 1:colcon.colcon_core.package_identification:_identify(src/f1tenth_system/ackermann_mux) by extensions ['colcon_pkg']
[2.050s] Level 1:colcon.colcon_core.package_identification:_identify(src/f1tenth_system/ackermann_mux) by extension 'colcon_pkg'
[2.051s] Level 1:colcon.colcon_core.package_identification:_identify(src/f1tenth_system/ackermann_mux) by extensions ['colcon_meta']
[2.051s] Level 1:colcon.colcon_core.package_identification:_identify(src/f1tenth_system/ackermann_mux) by extension 'colcon_meta'
[2.051s] Level 1:colcon.colcon_core.package_identification:_identify(src/f1tenth_system/ackermann_mux) by extensions ['ros']
[2.051s] Level 1:colcon.colcon_core.package_identification:_identify(src/f1tenth_system/ackermann_mux) by extension 'ros'
[2.058s] DEBUG:colcon.colcon_core.package_identification:Package 'src/f1tenth_system/ackermann_mux' with type 'ros.ament_cmake' and name 'ackermann_mux'
[2.059s] Level 1:colcon.colcon_core.package_identification:_identify(src/f1tenth_system/f1tenth_stack) by extensions ['ignore', 'ignore_ament_install']
[2.059s] Level 1:colcon.colcon_core.package_identification:_identify(src/f1tenth_system/f1tenth_stack) by extension 'ignore'
[2.060s] Level 1:colcon.colcon_core.package_identification:_identify(src/f1tenth_system/f1tenth_stack) by extension 'ignore_ament_install'
[2.060s] Level 1:colcon.colcon_core.package_identification:_identify(src/f1tenth_system/f1tenth_stack) by extensions ['colcon_pkg']
[2.060s] Level 1:colcon.colcon_core.package_identification:_identify(src/f1tenth_system/f1tenth_stack) by extension 'colcon_pkg'
[2.060s] Level 1:colcon.colcon_core.package_identification:_identify(src/f1tenth_system/f1tenth_stack) by extensions ['colcon_meta']
[2.061s] Level 1:colcon.colcon_core.package_identification:_identify(src/f1tenth_system/f1tenth_stack) by extension 'colcon_meta'
[2.061s] Level 1:colcon.colcon_core.package_identification:_identify(src/f1tenth_system/f1tenth_stack) by extensions ['ros']
[2.061s] Level 1:colcon.colcon_core.package_identification:_identify(src/f1tenth_system/f1tenth_stack) by extension 'ros'
[2.070s] DEBUG:colcon.colcon_core.package_identification:Package 'src/f1tenth_system/f1tenth_stack' with type 'ros.ament_python' and name 'f1tenth_stack'
[2.071s] Level 1:colcon.colcon_core.package_identification:_identify(src/f1tenth_system/scripts) by extensions ['ignore', 'ignore_ament_install']
[2.072s] Level 1:colcon.colcon_core.package_identification:_identify(src/f1tenth_system/scripts) by extension 'ignore'
[2.072s] Level 1:colcon.colcon_core.package_identification:_identify(src/f1tenth_system/scripts) by extension 'ignore_ament_install'
[2.073s] Level 1:colcon.colcon_core.package_identification:_identify(src/f1tenth_system/scripts) by extensions ['colcon_pkg']
[2.073s] Level 1:colcon.colcon_core.package_identification:_identify(src/f1tenth_system/scripts) by extension 'colcon_pkg'
[2.073s] Level 1:colcon.colcon_core.package_identification:_identify(src/f1tenth_system/scripts) by extensions ['colcon_meta']
[2.073s] Level 1:colcon.colcon_core.package_identification:_identify(src/f1tenth_system/scripts) by extension 'colcon_meta'
[2.074s] Level 1:colcon.colcon_core.package_identification:_identify(src/f1tenth_system/scripts) by extensions ['ros']
[2.074s] Level 1:colcon.colcon_core.package_identification:_identify(src/f1tenth_system/scripts) by extension 'ros'
[2.075s] Level 1:colcon.colcon_core.package_identification:_identify(src/f1tenth_system/scripts) by extensions ['cmake', 'python']
[2.075s] Level 1:colcon.colcon_core.package_identification:_identify(src/f1tenth_system/scripts) by extension 'cmake'
[2.075s] Level 1:colcon.colcon_core.package_identification:_identify(src/f1tenth_system/scripts) by extension 'python'
[2.075s] Level 1:colcon.colcon_core.package_identification:_identify(src/f1tenth_system/scripts) by extensions ['python_setup_py']
[2.076s] Level 1:colcon.colcon_core.package_identification:_identify(src/f1tenth_system/scripts) by extension 'python_setup_py'
[2.076s] Level 1:colcon.colcon_core.package_identification:_identify(src/f1tenth_system/teleop_tools) by extensions ['ignore', 'ignore_ament_install']
[2.077s] Level 1:colcon.colcon_core.package_identification:_identify(src/f1tenth_system/teleop_tools) by extension 'ignore'
[2.077s] Level 1:colcon.colcon_core.package_identification:_identify(src/f1tenth_system/teleop_tools) by extension 'ignore_ament_install'
[2.078s] Level 1:colcon.colcon_core.package_identification:_identify(src/f1tenth_system/teleop_tools) by extensions ['colcon_pkg']
[2.078s] Level 1:colcon.colcon_core.package_identification:_identify(src/f1tenth_system/teleop_tools) by extension 'colcon_pkg'
[2.078s] Level 1:colcon.colcon_core.package_identification:_identify(src/f1tenth_system/teleop_tools) by extensions ['colcon_meta']
[2.078s] Level 1:colcon.colcon_core.package_identification:_identify(src/f1tenth_system/teleop_tools) by extension 'colcon_meta'
[2.079s] Level 1:colcon.colcon_core.package_identification:_identify(src/f1tenth_system/teleop_tools) by extensions ['ros']
[2.079s] Level 1:colcon.colcon_core.package_identification:_identify(src/f1tenth_system/teleop_tools) by extension 'ros'
[2.079s] Level 1:colcon.colcon_core.package_identification:_identify(src/f1tenth_system/teleop_tools) by extensions ['cmake', 'python']
[2.079s] Level 1:colcon.colcon_core.package_identification:_identify(src/f1tenth_system/teleop_tools) by extension 'cmake'
[2.080s] Level 1:colcon.colcon_core.package_identification:_identify(src/f1tenth_system/teleop_tools) by extension 'python'
[2.080s] Level 1:colcon.colcon_core.package_identification:_identify(src/f1tenth_system/teleop_tools) by extensions ['python_setup_py']
[2.080s] Level 1:colcon.colcon_core.package_identification:_identify(src/f1tenth_system/teleop_tools) by extension 'python_setup_py'
[2.081s] Level 1:colcon.colcon_core.package_identification:_identify(src/f1tenth_system/teleop_tools/joy_teleop) by extensions ['ignore', 'ignore_ament_install']
[2.082s] Level 1:colcon.colcon_core.package_identification:_identify(src/f1tenth_system/teleop_tools/joy_teleop) by extension 'ignore'
[2.082s] Level 1:colcon.colcon_core.package_identification:_identify(src/f1tenth_system/teleop_tools/joy_teleop) by extension 'ignore_ament_install'
[2.082s] Level 1:colcon.colcon_core.package_identification:_identify(src/f1tenth_system/teleop_tools/joy_teleop) by extensions ['colcon_pkg']
[2.082s] Level 1:colcon.colcon_core.package_identification:_identify(src/f1tenth_system/teleop_tools/joy_teleop) by extension 'colcon_pkg'
[2.083s] Level 1:colcon.colcon_core.package_identification:_identify(src/f1tenth_system/teleop_tools/joy_teleop) by extensions ['colcon_meta']
[2.083s] Level 1:colcon.colcon_core.package_identification:_identify(src/f1tenth_system/teleop_tools/joy_teleop) by extension 'colcon_meta'
[2.083s] Level 1:colcon.colcon_core.package_identification:_identify(src/f1tenth_system/teleop_tools/joy_teleop) by extensions ['ros']
[2.084s] Level 1:colcon.colcon_core.package_identification:_identify(src/f1tenth_system/teleop_tools/joy_teleop) by extension 'ros'
[2.089s] DEBUG:colcon.colcon_core.package_identification:Package 'src/f1tenth_system/teleop_tools/joy_teleop' with type 'ros.ament_python' and name 'joy_teleop'
[2.090s] Level 1:colcon.colcon_core.package_identification:_identify(src/f1tenth_system/teleop_tools/key_teleop) by extensions ['ignore', 'ignore_ament_install']
[2.090s] Level 1:colcon.colcon_core.package_identification:_identify(src/f1tenth_system/teleop_tools/key_teleop) by extension 'ignore'
[2.090s] Level 1:colcon.colcon_core.package_identification:_identify(src/f1tenth_system/teleop_tools/key_teleop) by extension 'ignore_ament_install'
[2.091s] Level 1:colcon.colcon_core.package_identification:_identify(src/f1tenth_system/teleop_tools/key_teleop) by extensions ['colcon_pkg']
[2.091s] Level 1:colcon.colcon_core.package_identification:_identify(src/f1tenth_system/teleop_tools/key_teleop) by extension 'colcon_pkg'
[2.091s] Level 1:colcon.colcon_core.package_identification:_identify(src/f1tenth_system/teleop_tools/key_teleop) by extensions ['colcon_meta']
[2.092s] Level 1:colcon.colcon_core.package_identification:_identify(src/f1tenth_system/teleop_tools/key_teleop) by extension 'colcon_meta'
[2.092s] Level 1:colcon.colcon_core.package_identification:_identify(src/f1tenth_system/teleop_tools/key_teleop) by extensions ['ros']
[2.092s] Level 1:colcon.colcon_core.package_identification:_identify(src/f1tenth_system/teleop_tools/key_teleop) by extension 'ros'
[2.096s] DEBUG:colcon.colcon_core.package_identification:Package 'src/f1tenth_system/teleop_tools/key_teleop' with type 'ros.ament_python' and name 'key_teleop'
[2.097s] Level 1:colcon.colcon_core.package_identification:_identify(src/f1tenth_system/teleop_tools/mouse_teleop) by extensions ['ignore', 'ignore_ament_install']
[2.098s] Level 1:colcon.colcon_core.package_identification:_identify(src/f1tenth_system/teleop_tools/mouse_teleop) by extension 'ignore'
[2.098s] Level 1:colcon.colcon_core.package_identification:_identify(src/f1tenth_system/teleop_tools/mouse_teleop) by extension 'ignore_ament_install'
[2.098s] Level 1:colcon.colcon_core.package_identification:_identify(src/f1tenth_system/teleop_tools/mouse_teleop) by extensions ['colcon_pkg']
[2.098s] Level 1:colcon.colcon_core.package_identification:_identify(src/f1tenth_system/teleop_tools/mouse_teleop) by extension 'colcon_pkg'
[2.099s] Level 1:colcon.colcon_core.package_identification:_identify(src/f1tenth_system/teleop_tools/mouse_teleop) by extensions ['colcon_meta']
[2.099s] Level 1:colcon.colcon_core.package_identification:_identify(src/f1tenth_system/teleop_tools/mouse_teleop) by extension 'colcon_meta'
[2.099s] Level 1:colcon.colcon_core.package_identification:_identify(src/f1tenth_system/teleop_tools/mouse_teleop) by extensions ['ros']
[2.100s] Level 1:colcon.colcon_core.package_identification:_identify(src/f1tenth_system/teleop_tools/mouse_teleop) by extension 'ros'
[2.104s] DEBUG:colcon.colcon_core.package_identification:Package 'src/f1tenth_system/teleop_tools/mouse_teleop' with type 'ros.ament_python' and name 'mouse_teleop'
[2.104s] Level 1:colcon.colcon_core.package_identification:_identify(src/f1tenth_system/teleop_tools/teleop_tools) by extensions ['ignore', 'ignore_ament_install']
[2.105s] Level 1:colcon.colcon_core.package_identification:_identify(src/f1tenth_system/teleop_tools/teleop_tools) by extension 'ignore'
[2.105s] Level 1:colcon.colcon_core.package_identification:_identify(src/f1tenth_system/teleop_tools/teleop_tools) by extension 'ignore_ament_install'
[2.106s] Level 1:colcon.colcon_core.package_identification:_identify(src/f1tenth_system/teleop_tools/teleop_tools) by extensions ['colcon_pkg']
[2.106s] Level 1:colcon.colcon_core.package_identification:_identify(src/f1tenth_system/teleop_tools/teleop_tools) by extension 'colcon_pkg'
[2.106s] Level 1:colcon.colcon_core.package_identification:_identify(src/f1tenth_system/teleop_tools/teleop_tools) by extensions ['colcon_meta']
[2.107s] Level 1:colcon.colcon_core.package_identification:_identify(src/f1tenth_system/teleop_tools/teleop_tools) by extension 'colcon_meta'
[2.107s] Level 1:colcon.colcon_core.package_identification:_identify(src/f1tenth_system/teleop_tools/teleop_tools) by extensions ['ros']
[2.107s] Level 1:colcon.colcon_core.package_identification:_identify(src/f1tenth_system/teleop_tools/teleop_tools) by extension 'ros'
[2.111s] DEBUG:colcon.colcon_core.package_identification:Package 'src/f1tenth_system/teleop_tools/teleop_tools' with type 'ros.ament_cmake' and name 'teleop_tools'
[2.112s] Level 1:colcon.colcon_core.package_identification:_identify(src/f1tenth_system/teleop_tools/teleop_tools_msgs) by extensions ['ignore', 'ignore_ament_install']
[2.112s] Level 1:colcon.colcon_core.package_identification:_identify(src/f1tenth_system/teleop_tools/teleop_tools_msgs) by extension 'ignore'
[2.113s] Level 1:colcon.colcon_core.package_identification:_identify(src/f1tenth_system/teleop_tools/teleop_tools_msgs) by extension 'ignore_ament_install'
[2.113s] Level 1:colcon.colcon_core.package_identification:_identify(src/f1tenth_system/teleop_tools/teleop_tools_msgs) by extensions ['colcon_pkg']
[2.114s] Level 1:colcon.colcon_core.package_identification:_identify(src/f1tenth_system/teleop_tools/teleop_tools_msgs) by extension 'colcon_pkg'
[2.114s] Level 1:colcon.colcon_core.package_identification:_identify(src/f1tenth_system/teleop_tools/teleop_tools_msgs) by extensions ['colcon_meta']
[2.114s] Level 1:colcon.colcon_core.package_identification:_identify(src/f1tenth_system/teleop_tools/teleop_tools_msgs) by extension 'colcon_meta'
[2.115s] Level 1:colcon.colcon_core.package_identification:_identify(src/f1tenth_system/teleop_tools/teleop_tools_msgs) by extensions ['ros']
[2.115s] Level 1:colcon.colcon_core.package_identification:_identify(src/f1tenth_system/teleop_tools/teleop_tools_msgs) by extension 'ros'
[2.119s] DEBUG:colcon.colcon_core.package_identification:Package 'src/f1tenth_system/teleop_tools/teleop_tools_msgs' with type 'ros.ament_cmake' and name 'teleop_tools_msgs'
[2.120s] Level 1:colcon.colcon_core.package_identification:_identify(src/f1tenth_system/vesc) by extensions ['ignore', 'ignore_ament_install']
[2.121s] Level 1:colcon.colcon_core.package_identification:_identify(src/f1tenth_system/vesc) by extension 'ignore'
[2.121s] Level 1:colcon.colcon_core.package_identification:_identify(src/f1tenth_system/vesc) by extension 'ignore_ament_install'
[2.122s] Level 1:colcon.colcon_core.package_identification:_identify(src/f1tenth_system/vesc) by extensions ['colcon_pkg']
[2.122s] Level 1:colcon.colcon_core.package_identification:_identify(src/f1tenth_system/vesc) by extension 'colcon_pkg'
[2.122s] Level 1:colcon.colcon_core.package_identification:_identify(src/f1tenth_system/vesc) by extensions ['colcon_meta']
[2.122s] Level 1:colcon.colcon_core.package_identification:_identify(src/f1tenth_system/vesc) by extension 'colcon_meta'
[2.123s] Level 1:colcon.colcon_core.package_identification:_identify(src/f1tenth_system/vesc) by extensions ['ros']
[2.123s] Level 1:colcon.colcon_core.package_identification:_identify(src/f1tenth_system/vesc) by extension 'ros'
[2.124s] Level 1:colcon.colcon_core.package_identification:_identify(src/f1tenth_system/vesc) by extensions ['cmake', 'python']
[2.124s] Level 1:colcon.colcon_core.package_identification:_identify(src/f1tenth_system/vesc) by extension 'cmake'
[2.124s] Level 1:colcon.colcon_core.package_identification:_identify(src/f1tenth_system/vesc) by extension 'python'
[2.124s] Level 1:colcon.colcon_core.package_identification:_identify(src/f1tenth_system/vesc) by extensions ['python_setup_py']
[2.125s] Level 1:colcon.colcon_core.package_identification:_identify(src/f1tenth_system/vesc) by extension 'python_setup_py'
[2.125s] Level 1:colcon.colcon_core.package_identification:_identify(src/f1tenth_system/vesc/vesc) by extensions ['ignore', 'ignore_ament_install']
[2.126s] Level 1:colcon.colcon_core.package_identification:_identify(src/f1tenth_system/vesc/vesc) by extension 'ignore'
[2.126s] Level 1:colcon.colcon_core.package_identification:_identify(src/f1tenth_system/vesc/vesc) by extension 'ignore_ament_install'
[2.127s] Level 1:colcon.colcon_core.package_identification:_identify(src/f1tenth_system/vesc/vesc) by extensions ['colcon_pkg']
[2.127s] Level 1:colcon.colcon_core.package_identification:_identify(src/f1tenth_system/vesc/vesc) by extension 'colcon_pkg'
[2.127s] Level 1:colcon.colcon_core.package_identification:_identify(src/f1tenth_system/vesc/vesc) by extensions ['colcon_meta']
[2.127s] Level 1:colcon.colcon_core.package_identification:_identify(src/f1tenth_system/vesc/vesc) by extension 'colcon_meta'
[2.128s] Level 1:colcon.colcon_core.package_identification:_identify(src/f1tenth_system/vesc/vesc) by extensions ['ros']
[2.128s] Level 1:colcon.colcon_core.package_identification:_identify(src/f1tenth_system/vesc/vesc) by extension 'ros'
[2.132s] DEBUG:colcon.colcon_core.package_identification:Package 'src/f1tenth_system/vesc/vesc' with type 'ros.ament_cmake' and name 'vesc'
[2.133s] Level 1:colcon.colcon_core.package_identification:_identify(src/f1tenth_system/vesc/vesc_ackermann) by extensions ['ignore', 'ignore_ament_install']
[2.133s] Level 1:colcon.colcon_core.package_identification:_identify(src/f1tenth_system/vesc/vesc_ackermann) by extension 'ignore'
[2.134s] Level 1:colcon.colcon_core.package_identification:_identify(src/f1tenth_system/vesc/vesc_ackermann) by extension 'ignore_ament_install'
[2.134s] Level 1:colcon.colcon_core.package_identification:_identify(src/f1tenth_system/vesc/vesc_ackermann) by extensions ['colcon_pkg']
[2.134s] Level 1:colcon.colcon_core.package_identification:_identify(src/f1tenth_system/vesc/vesc_ackermann) by extension 'colcon_pkg'
[2.135s] Level 1:colcon.colcon_core.package_identification:_identify(src/f1tenth_system/vesc/vesc_ackermann) by extensions ['colcon_meta']
[2.135s] Level 1:colcon.colcon_core.package_identification:_identify(src/f1tenth_system/vesc/vesc_ackermann) by extension 'colcon_meta'
[2.135s] Level 1:colcon.colcon_core.package_identification:_identify(src/f1tenth_system/vesc/vesc_ackermann) by extensions ['ros']
[2.135s] Level 1:colcon.colcon_core.package_identification:_identify(src/f1tenth_system/vesc/vesc_ackermann) by extension 'ros'
[2.143s] DEBUG:colcon.colcon_core.package_identification:Package 'src/f1tenth_system/vesc/vesc_ackermann' with type 'ros.ament_cmake' and name 'vesc_ackermann'
[2.144s] Level 1:colcon.colcon_core.package_identification:_identify(src/f1tenth_system/vesc/vesc_driver) by extensions ['ignore', 'ignore_ament_install']
[2.145s] Level 1:colcon.colcon_core.package_identification:_identify(src/f1tenth_system/vesc/vesc_driver) by extension 'ignore'
[2.145s] Level 1:colcon.colcon_core.package_identification:_identify(src/f1tenth_system/vesc/vesc_driver) by extension 'ignore_ament_install'
[2.146s] Level 1:colcon.colcon_core.package_identification:_identify(src/f1tenth_system/vesc/vesc_driver) by extensions ['colcon_pkg']
[2.146s] Level 1:colcon.colcon_core.package_identification:_identify(src/f1tenth_system/vesc/vesc_driver) by extension 'colcon_pkg'
[2.146s] Level 1:colcon.colcon_core.package_identification:_identify(src/f1tenth_system/vesc/vesc_driver) by extensions ['colcon_meta']
[2.146s] Level 1:colcon.colcon_core.package_identification:_identify(src/f1tenth_system/vesc/vesc_driver) by extension 'colcon_meta'
[2.147s] Level 1:colcon.colcon_core.package_identification:_identify(src/f1tenth_system/vesc/vesc_driver) by extensions ['ros']
[2.147s] Level 1:colcon.colcon_core.package_identification:_identify(src/f1tenth_system/vesc/vesc_driver) by extension 'ros'
[2.155s] DEBUG:colcon.colcon_core.package_identification:Package 'src/f1tenth_system/vesc/vesc_driver' with type 'ros.ament_cmake' and name 'vesc_driver'
[2.156s] Level 1:colcon.colcon_core.package_identification:_identify(src/f1tenth_system/vesc/vesc_msgs) by extensions ['ignore', 'ignore_ament_install']
[2.156s] Level 1:colcon.colcon_core.package_identification:_identify(src/f1tenth_system/vesc/vesc_msgs) by extension 'ignore'
[2.157s] Level 1:colcon.colcon_core.package_identification:_identify(src/f1tenth_system/vesc/vesc_msgs) by extension 'ignore_ament_install'
[2.157s] Level 1:colcon.colcon_core.package_identification:_identify(src/f1tenth_system/vesc/vesc_msgs) by extensions ['colcon_pkg']
[2.158s] Level 1:colcon.colcon_core.package_identification:_identify(src/f1tenth_system/vesc/vesc_msgs) by extension 'colcon_pkg'
[2.159s] Level 1:colcon.colcon_core.package_identification:_identify(src/f1tenth_system/vesc/vesc_msgs) by extensions ['colcon_meta']
[2.159s] Level 1:colcon.colcon_core.package_identification:_identify(src/f1tenth_system/vesc/vesc_msgs) by extension 'colcon_meta'
[2.159s] Level 1:colcon.colcon_core.package_identification:_identify(src/f1tenth_system/vesc/vesc_msgs) by extensions ['ros']
[2.160s] Level 1:colcon.colcon_core.package_identification:_identify(src/f1tenth_system/vesc/vesc_msgs) by extension 'ros'
[2.170s] DEBUG:colcon.colcon_core.package_identification:Package 'src/f1tenth_system/vesc/vesc_msgs' with type 'ros.ament_cmake' and name 'vesc_msgs'
[2.171s] Level 1:colcon.colcon_core.package_identification:_identify(src/mapping) by extensions ['ignore', 'ignore_ament_install']
[2.172s] Level 1:colcon.colcon_core.package_identification:_identify(src/mapping) by extension 'ignore'
[2.172s] Level 1:colcon.colcon_core.package_identification:_identify(src/mapping) by extension 'ignore_ament_install'
[2.172s] Level 1:colcon.colcon_core.package_identification:_identify(src/mapping) by extensions ['colcon_pkg']
[2.173s] Level 1:colcon.colcon_core.package_identification:_identify(src/mapping) by extension 'colcon_pkg'
[2.173s] Level 1:colcon.colcon_core.package_identification:_identify(src/mapping) by extensions ['colcon_meta']
[2.173s] Level 1:colcon.colcon_core.package_identification:_identify(src/mapping) by extension 'colcon_meta'
[2.173s] Level 1:colcon.colcon_core.package_identification:_identify(src/mapping) by extensions ['ros']
[2.174s] Level 1:colcon.colcon_core.package_identification:_identify(src/mapping) by extension 'ros'
[2.177s] DEBUG:colcon.colcon_core.package_identification:Package 'src/mapping' with type 'ros.ament_python' and name 'mapping'
[2.177s] Level 1:colcon.colcon_core.package_identification:_identify(src/new_map_saver) by extensions ['ignore', 'ignore_ament_install']
[2.178s] Level 1:colcon.colcon_core.package_identification:_identify(src/new_map_saver) by extension 'ignore'
[2.178s] Level 1:colcon.colcon_core.package_identification:_identify(src/new_map_saver) by extension 'ignore_ament_install'
[2.179s] Level 1:colcon.colcon_core.package_identification:_identify(src/new_map_saver) by extensions ['colcon_pkg']
[2.179s] Level 1:colcon.colcon_core.package_identification:_identify(src/new_map_saver) by extension 'colcon_pkg'
[2.179s] Level 1:colcon.colcon_core.package_identification:_identify(src/new_map_saver) by extensions ['colcon_meta']
[2.179s] Level 1:colcon.colcon_core.package_identification:_identify(src/new_map_saver) by extension 'colcon_meta'
[2.180s] Level 1:colcon.colcon_core.package_identification:_identify(src/new_map_saver) by extensions ['ros']
[2.180s] Level 1:colcon.colcon_core.package_identification:_identify(src/new_map_saver) by extension 'ros'
[2.183s] DEBUG:colcon.colcon_core.package_identification:Package 'src/new_map_saver' with type 'ros.ament_python' and name 'new_map_saver'
[2.183s] Level 1:colcon.colcon_core.package_identification:_identify(src/phasespace) by extensions ['ignore', 'ignore_ament_install']
[2.184s] Level 1:colcon.colcon_core.package_identification:_identify(src/phasespace) by extension 'ignore'
[2.184s] Level 1:colcon.colcon_core.package_identification:_identify(src/phasespace) by extension 'ignore_ament_install'
[2.184s] Level 1:colcon.colcon_core.package_identification:_identify(src/phasespace) by extensions ['colcon_pkg']
[2.185s] Level 1:colcon.colcon_core.package_identification:_identify(src/phasespace) by extension 'colcon_pkg'
[2.185s] Level 1:colcon.colcon_core.package_identification:_identify(src/phasespace) by extensions ['colcon_meta']
[2.185s] Level 1:colcon.colcon_core.package_identification:_identify(src/phasespace) by extension 'colcon_meta'
[2.185s] Level 1:colcon.colcon_core.package_identification:_identify(src/phasespace) by extensions ['ros']
[2.186s] Level 1:colcon.colcon_core.package_identification:_identify(src/phasespace) by extension 'ros'
[2.188s] DEBUG:colcon.colcon_core.package_identification:Package 'src/phasespace' with type 'ros.ament_python' and name 'phasespace'
[2.188s] Level 1:colcon.colcon_core.package_identification:_identify(src/pure_pursuit) by extensions ['ignore', 'ignore_ament_install']
[2.189s] Level 1:colcon.colcon_core.package_identification:_identify(src/pure_pursuit) by extension 'ignore'
[2.189s] Level 1:colcon.colcon_core.package_identification:_identify(src/pure_pursuit) by extension 'ignore_ament_install'
[2.190s] Level 1:colcon.colcon_core.package_identification:_identify(src/pure_pursuit) by extensions ['colcon_pkg']
[2.190s] Level 1:colcon.colcon_core.package_identification:_identify(src/pure_pursuit) by extension 'colcon_pkg'
[2.190s] Level 1:colcon.colcon_core.package_identification:_identify(src/pure_pursuit) by extensions ['colcon_meta']
[2.190s] Level 1:colcon.colcon_core.package_identification:_identify(src/pure_pursuit) by extension 'colcon_meta'
[2.190s] Level 1:colcon.colcon_core.package_identification:_identify(src/pure_pursuit) by extensions ['ros']
[2.191s] Level 1:colcon.colcon_core.package_identification:_identify(src/pure_pursuit) by extension 'ros'
[2.196s] DEBUG:colcon.colcon_core.package_identification:Package 'src/pure_pursuit' with type 'ros.ament_cmake' and name 'pure_pursuit'
[2.196s] Level 1:colcon.colcon_core.package_discovery:discover_packages(recursive) using defaults
[2.197s] Level 1:colcon.colcon_core.package_discovery:discover_packages(ignore) discover
[2.197s] Level 1:colcon.colcon_core.package_discovery:discover_packages(ignore) using defaults
[2.197s] Level 1:colcon.colcon_core.package_discovery:discover_packages(path) discover
[2.197s] Level 1:colcon.colcon_core.package_discovery:discover_packages(path) using defaults
[2.299s] Level 1:colcon.colcon_core.package_discovery:discover_packages(prefix_path) check parameters
[2.300s] Level 1:colcon.colcon_core.package_discovery:discover_packages(prefix_path) discover
[2.316s] DEBUG:colcon.colcon_installed_package_information.package_discovery:Found 18 installed packages in //home/nvidia/f1tenth_ws/install
[2.327s] DEBUG:colcon.colcon_installed_package_information.package_discovery:Found 316 installed packages in /opt/ros/foxy
[2.339s] Level 1:colcon.colcon_core.package_discovery:discover_packages(prefix_path) using defaults
[2.745s] Level 5:colcon.colcon_core.verb:set package 'ackermann_mux' build argument 'cmake_args' from command line to 'None'
[2.746s] Level 5:colcon.colcon_core.verb:set package 'ackermann_mux' build argument 'cmake_target' from command line to 'None'
[2.746s] Level 5:colcon.colcon_core.verb:set package 'ackermann_mux' build argument 'cmake_target_skip_unavailable' from command line to 'False'
[2.746s] Level 5:colcon.colcon_core.verb:set package 'ackermann_mux' build argument 'cmake_clean_cache' from command line to 'False'
[2.746s] Level 5:colcon.colcon_core.verb:set package 'ackermann_mux' build argument 'cmake_clean_first' from command line to 'False'
[2.746s] Level 5:colcon.colcon_core.verb:set package 'ackermann_mux' build argument 'cmake_force_configure' from command line to 'False'
[2.746s] Level 5:colcon.colcon_core.verb:set package 'ackermann_mux' build argument 'ament_cmake_args' from command line to 'None'
[2.747s] Level 5:colcon.colcon_core.verb:set package 'ackermann_mux' build argument 'catkin_cmake_args' from command line to 'None'
[2.747s] Level 5:colcon.colcon_core.verb:set package 'ackermann_mux' build argument 'catkin_skip_building_tests' from command line to 'False'
[2.747s] DEBUG:colcon.colcon_core.verb:Building package 'ackermann_mux' with the following arguments: {'ament_cmake_args': None, 'build_base': '/home/nvidia/f1tenth_ws/build/ackermann_mux', 'catkin_cmake_args': None, 'catkin_skip_building_tests': False, 'cmake_args': None, 'cmake_clean_cache': False, 'cmake_clean_first': False, 'cmake_force_configure': False, 'cmake_target': None, 'cmake_target_skip_unavailable': False, 'install_base': '/home/nvidia/f1tenth_ws/install/ackermann_mux', 'merge_install': False, 'path': '/home/nvidia/f1tenth_ws/src/f1tenth_system/ackermann_mux', 'symlink_install': False, 'test_result_base': None}
[2.749s] Level 5:colcon.colcon_core.verb:set package 'f1tenth_controllers' build argument 'cmake_args' from command line to 'None'
[2.749s] Level 5:colcon.colcon_core.verb:set package 'f1tenth_controllers' build argument 'cmake_target' from command line to 'None'
[2.749s] Level 5:colcon.colcon_core.verb:set package 'f1tenth_controllers' build argument 'cmake_target_skip_unavailable' from command line to 'False'
[2.749s] Level 5:colcon.colcon_core.verb:set package 'f1tenth_controllers' build argument 'cmake_clean_cache' from command line to 'False'
[2.750s] Level 5:colcon.colcon_core.verb:set package 'f1tenth_controllers' build argument 'cmake_clean_first' from command line to 'False'
[2.750s] Level 5:colcon.colcon_core.verb:set package 'f1tenth_controllers' build argument 'cmake_force_configure' from command line to 'False'
[2.750s] Level 5:colcon.colcon_core.verb:set package 'f1tenth_controllers' build argument 'ament_cmake_args' from command line to 'None'
[2.750s] Level 5:colcon.colcon_core.verb:set package 'f1tenth_controllers' build argument 'catkin_cmake_args' from command line to 'None'
[2.750s] Level 5:colcon.colcon_core.verb:set package 'f1tenth_controllers' build argument 'catkin_skip_building_tests' from command line to 'False'
[2.750s] DEBUG:colcon.colcon_core.verb:Building package 'f1tenth_controllers' with the following arguments: {'ament_cmake_args': None, 'build_base': '/home/nvidia/f1tenth_ws/build/f1tenth_controllers', 'catkin_cmake_args': None, 'catkin_skip_building_tests': False, 'cmake_args': None, 'cmake_clean_cache': False, 'cmake_clean_first': False, 'cmake_force_configure': False, 'cmake_target': None, 'cmake_target_skip_unavailable': False, 'install_base': '/home/nvidia/f1tenth_ws/install/f1tenth_controllers', 'merge_install': False, 'path': '/home/nvidia/f1tenth_ws/src/f1tenth_controllers', 'symlink_install': False, 'test_result_base': None}
[2.752s] Level 5:colcon.colcon_core.verb:set package 'key_teleop' build argument 'cmake_args' from command line to 'None'
[2.752s] Level 5:colcon.colcon_core.verb:set package 'key_teleop' build argument 'cmake_target' from command line to 'None'
[2.753s] Level 5:colcon.colcon_core.verb:set package 'key_teleop' build argument 'cmake_target_skip_unavailable' from command line to 'False'
[2.753s] Level 5:colcon.colcon_core.verb:set package 'key_teleop' build argument 'cmake_clean_cache' from command line to 'False'
[2.753s] Level 5:colcon.colcon_core.verb:set package 'key_teleop' build argument 'cmake_clean_first' from command line to 'False'
[2.753s] Level 5:colcon.colcon_core.verb:set package 'key_teleop' build argument 'cmake_force_configure' from command line to 'False'
[2.753s] Level 5:colcon.colcon_core.verb:set package 'key_teleop' build argument 'ament_cmake_args' from command line to 'None'
[2.753s] Level 5:colcon.colcon_core.verb:set package 'key_teleop' build argument 'catkin_cmake_args' from command line to 'None'
[2.754s] Level 5:colcon.colcon_core.verb:set package 'key_teleop' build argument 'catkin_skip_building_tests' from command line to 'False'
[2.754s] DEBUG:colcon.colcon_core.verb:Building package 'key_teleop' with the following arguments: {'ament_cmake_args': None, 'build_base': '/home/nvidia/f1tenth_ws/build/key_teleop', 'catkin_cmake_args': None, 'catkin_skip_building_tests': False, 'cmake_args': None, 'cmake_clean_cache': False, 'cmake_clean_first': False, 'cmake_force_configure': False, 'cmake_target': None, 'cmake_target_skip_unavailable': False, 'install_base': '/home/nvidia/f1tenth_ws/install/key_teleop', 'merge_install': False, 'path': '/home/nvidia/f1tenth_ws/src/f1tenth_system/teleop_tools/key_teleop', 'symlink_install': False, 'test_result_base': None}
[2.756s] Level 5:colcon.colcon_core.verb:set package 'mapping' build argument 'cmake_args' from command line to 'None'
[2.756s] Level 5:colcon.colcon_core.verb:set package 'mapping' build argument 'cmake_target' from command line to 'None'
[2.756s] Level 5:colcon.colcon_core.verb:set package 'mapping' build argument 'cmake_target_skip_unavailable' from command line to 'False'
[2.756s] Level 5:colcon.colcon_core.verb:set package 'mapping' build argument 'cmake_clean_cache' from command line to 'False'
[2.756s] Level 5:colcon.colcon_core.verb:set package 'mapping' build argument 'cmake_clean_first' from command line to 'False'
[2.756s] Level 5:colcon.colcon_core.verb:set package 'mapping' build argument 'cmake_force_configure' from command line to 'False'
[2.756s] Level 5:colcon.colcon_core.verb:set package 'mapping' build argument 'ament_cmake_args' from command line to 'None'
[2.757s] Level 5:colcon.colcon_core.verb:set package 'mapping' build argument 'catkin_cmake_args' from command line to 'None'
[2.757s] Level 5:colcon.colcon_core.verb:set package 'mapping' build argument 'catkin_skip_building_tests' from command line to 'False'
[2.757s] DEBUG:colcon.colcon_core.verb:Building package 'mapping' with the following arguments: {'ament_cmake_args': None, 'build_base': '/home/nvidia/f1tenth_ws/build/mapping', 'catkin_cmake_args': None, 'catkin_skip_building_tests': False, 'cmake_args': None, 'cmake_clean_cache': False, 'cmake_clean_first': False, 'cmake_force_configure': False, 'cmake_target': None, 'cmake_target_skip_unavailable': False, 'install_base': '/home/nvidia/f1tenth_ws/install/mapping', 'merge_install': False, 'path': '/home/nvidia/f1tenth_ws/src/mapping', 'symlink_install': False, 'test_result_base': None}
[2.759s] Level 5:colcon.colcon_core.verb:set package 'mouse_teleop' build argument 'cmake_args' from command line to 'None'
[2.759s] Level 5:colcon.colcon_core.verb:set package 'mouse_teleop' build argument 'cmake_target' from command line to 'None'
[2.759s] Level 5:colcon.colcon_core.verb:set package 'mouse_teleop' build argument 'cmake_target_skip_unavailable' from command line to 'False'
[2.759s] Level 5:colcon.colcon_core.verb:set package 'mouse_teleop' build argument 'cmake_clean_cache' from command line to 'False'
[2.760s] Level 5:colcon.colcon_core.verb:set package 'mouse_teleop' build argument 'cmake_clean_first' from command line to 'False'
[2.760s] Level 5:colcon.colcon_core.verb:set package 'mouse_teleop' build argument 'cmake_force_configure' from command line to 'False'
[2.760s] Level 5:colcon.colcon_core.verb:set package 'mouse_teleop' build argument 'ament_cmake_args' from command line to 'None'
[2.760s] Level 5:colcon.colcon_core.verb:set package 'mouse_teleop' build argument 'catkin_cmake_args' from command line to 'None'
[2.760s] Level 5:colcon.colcon_core.verb:set package 'mouse_teleop' build argument 'catkin_skip_building_tests' from command line to 'False'
[2.760s] DEBUG:colcon.colcon_core.verb:Building package 'mouse_teleop' with the following arguments: {'ament_cmake_args': None, 'build_base': '/home/nvidia/f1tenth_ws/build/mouse_teleop', 'catkin_cmake_args': None, 'catkin_skip_building_tests': False, 'cmake_args': None, 'cmake_clean_cache': False, 'cmake_clean_first': False, 'cmake_force_configure': False, 'cmake_target': None, 'cmake_target_skip_unavailable': False, 'install_base': '/home/nvidia/f1tenth_ws/install/mouse_teleop', 'merge_install': False, 'path': '/home/nvidia/f1tenth_ws/src/f1tenth_system/teleop_tools/mouse_teleop', 'symlink_install': False, 'test_result_base': None}
[2.762s] Level 5:colcon.colcon_core.verb:set package 'new_map_saver' build argument 'cmake_args' from command line to 'None'
[2.762s] Level 5:colcon.colcon_core.verb:set package 'new_map_saver' build argument 'cmake_target' from command line to 'None'
[2.763s] Level 5:colcon.colcon_core.verb:set package 'new_map_saver' build argument 'cmake_target_skip_unavailable' from command line to 'False'
[2.763s] Level 5:colcon.colcon_core.verb:set package 'new_map_saver' build argument 'cmake_clean_cache' from command line to 'False'
[2.763s] Level 5:colcon.colcon_core.verb:set package 'new_map_saver' build argument 'cmake_clean_first' from command line to 'False'
[2.763s] Level 5:colcon.colcon_core.verb:set package 'new_map_saver' build argument 'cmake_force_configure' from command line to 'False'
[2.763s] Level 5:colcon.colcon_core.verb:set package 'new_map_saver' build argument 'ament_cmake_args' from command line to 'None'
[2.763s] Level 5:colcon.colcon_core.verb:set package 'new_map_saver' build argument 'catkin_cmake_args' from command line to 'None'
[2.763s] Level 5:colcon.colcon_core.verb:set package 'new_map_saver' build argument 'catkin_skip_building_tests' from command line to 'False'
[2.764s] DEBUG:colcon.colcon_core.verb:Building package 'new_map_saver' with the following arguments: {'ament_cmake_args': None, 'build_base': '/home/nvidia/f1tenth_ws/build/new_map_saver', 'catkin_cmake_args': None, 'catkin_skip_building_tests': False, 'cmake_args': None, 'cmake_clean_cache': False, 'cmake_clean_first': False, 'cmake_force_configure': False, 'cmake_target': None, 'cmake_target_skip_unavailable': False, 'install_base': '/home/nvidia/f1tenth_ws/install/new_map_saver', 'merge_install': False, 'path': '/home/nvidia/f1tenth_ws/src/new_map_saver', 'symlink_install': False, 'test_result_base': None}
[2.766s] Level 5:colcon.colcon_core.verb:set package 'phasespace' build argument 'cmake_args' from command line to 'None'
[2.766s] Level 5:colcon.colcon_core.verb:set package 'phasespace' build argument 'cmake_target' from command line to 'None'
[2.766s] Level 5:colcon.colcon_core.verb:set package 'phasespace' build argument 'cmake_target_skip_unavailable' from command line to 'False'
[2.766s] Level 5:colcon.colcon_core.verb:set package 'phasespace' build argument 'cmake_clean_cache' from command line to 'False'
[2.766s] Level 5:colcon.colcon_core.verb:set package 'phasespace' build argument 'cmake_clean_first' from command line to 'False'
[2.766s] Level 5:colcon.colcon_core.verb:set package 'phasespace' build argument 'cmake_force_configure' from command line to 'False'
[2.767s] Level 5:colcon.colcon_core.verb:set package 'phasespace' build argument 'ament_cmake_args' from command line to 'None'
[2.767s] Level 5:colcon.colcon_core.verb:set package 'phasespace' build argument 'catkin_cmake_args' from command line to 'None'
[2.767s] Level 5:colcon.colcon_core.verb:set package 'phasespace' build argument 'catkin_skip_building_tests' from command line to 'False'
[2.767s] DEBUG:colcon.colcon_core.verb:Building package 'phasespace' with the following arguments: {'ament_cmake_args': None, 'build_base': '/home/nvidia/f1tenth_ws/build/phasespace', 'catkin_cmake_args': None, 'catkin_skip_building_tests': False, 'cmake_args': None, 'cmake_clean_cache': False, 'cmake_clean_first': False, 'cmake_force_configure': False, 'cmake_target': None, 'cmake_target_skip_unavailable': False, 'install_base': '/home/nvidia/f1tenth_ws/install/phasespace', 'merge_install': False, 'path': '/home/nvidia/f1tenth_ws/src/phasespace', 'symlink_install': False, 'test_result_base': None}
[2.769s] Level 5:colcon.colcon_core.verb:set package 'pure_pursuit' build argument 'cmake_args' from command line to 'None'
[2.769s] Level 5:colcon.colcon_core.verb:set package 'pure_pursuit' build argument 'cmake_target' from command line to 'None'
[2.769s] Level 5:colcon.colcon_core.verb:set package 'pure_pursuit' build argument 'cmake_target_skip_unavailable' from command line to 'False'
[2.770s] Level 5:colcon.colcon_core.verb:set package 'pure_pursuit' build argument 'cmake_clean_cache' from command line to 'False'
[2.770s] Level 5:colcon.colcon_core.verb:set package 'pure_pursuit' build argument 'cmake_clean_first' from command line to 'False'
[2.770s] Level 5:colcon.colcon_core.verb:set package 'pure_pursuit' build argument 'cmake_force_configure' from command line to 'False'
[2.770s] Level 5:colcon.colcon_core.verb:set package 'pure_pursuit' build argument 'ament_cmake_args' from command line to 'None'
[2.770s] Level 5:colcon.colcon_core.verb:set package 'pure_pursuit' build argument 'catkin_cmake_args' from command line to 'None'
[2.770s] Level 5:colcon.colcon_core.verb:set package 'pure_pursuit' build argument 'catkin_skip_building_tests' from command line to 'False'
[2.771s] DEBUG:colcon.colcon_core.verb:Building package 'pure_pursuit' with the following arguments: {'ament_cmake_args': None, 'build_base': '/home/nvidia/f1tenth_ws/build/pure_pursuit', 'catkin_cmake_args': None, 'catkin_skip_building_tests': False, 'cmake_args': None, 'cmake_clean_cache': False, 'cmake_clean_first': False, 'cmake_force_configure': False, 'cmake_target': None, 'cmake_target_skip_unavailable': False, 'install_base': '/home/nvidia/f1tenth_ws/install/pure_pursuit', 'merge_install': False, 'path': '/home/nvidia/f1tenth_ws/src/pure_pursuit', 'symlink_install': False, 'test_result_base': None}
[2.772s] Level 5:colcon.colcon_core.verb:set package 'teleop_tools_msgs' build argument 'cmake_args' from command line to 'None'
[2.773s] Level 5:colcon.colcon_core.verb:set package 'teleop_tools_msgs' build argument 'cmake_target' from command line to 'None'
[2.773s] Level 5:colcon.colcon_core.verb:set package 'teleop_tools_msgs' build argument 'cmake_target_skip_unavailable' from command line to 'False'
[2.773s] Level 5:colcon.colcon_core.verb:set package 'teleop_tools_msgs' build argument 'cmake_clean_cache' from command line to 'False'
[2.773s] Level 5:colcon.colcon_core.verb:set package 'teleop_tools_msgs' build argument 'cmake_clean_first' from command line to 'False'
[2.773s] Level 5:colcon.colcon_core.verb:set package 'teleop_tools_msgs' build argument 'cmake_force_configure' from command line to 'False'
[2.773s] Level 5:colcon.colcon_core.verb:set package 'teleop_tools_msgs' build argument 'ament_cmake_args' from command line to 'None'
[2.774s] Level 5:colcon.colcon_core.verb:set package 'teleop_tools_msgs' build argument 'catkin_cmake_args' from command line to 'None'
[2.774s] Level 5:colcon.colcon_core.verb:set package 'teleop_tools_msgs' build argument 'catkin_skip_building_tests' from command line to 'False'
[2.774s] DEBUG:colcon.colcon_core.verb:Building package 'teleop_tools_msgs' with the following arguments: {'ament_cmake_args': None, 'build_base': '/home/nvidia/f1tenth_ws/build/teleop_tools_msgs', 'catkin_cmake_args': None, 'catkin_skip_building_tests': False, 'cmake_args': None, 'cmake_clean_cache': False, 'cmake_clean_first': False, 'cmake_force_configure': False, 'cmake_target': None, 'cmake_target_skip_unavailable': False, 'install_base': '/home/nvidia/f1tenth_ws/install/teleop_tools_msgs', 'merge_install': False, 'path': '/home/nvidia/f1tenth_ws/src/f1tenth_system/teleop_tools/teleop_tools_msgs', 'symlink_install': False, 'test_result_base': None}
[2.776s] Level 5:colcon.colcon_core.verb:set package 'vesc_msgs' build argument 'cmake_args' from command line to 'None'
[2.776s] Level 5:colcon.colcon_core.verb:set package 'vesc_msgs' build argument 'cmake_target' from command line to 'None'
[2.776s] Level 5:colcon.colcon_core.verb:set package 'vesc_msgs' build argument 'cmake_target_skip_unavailable' from command line to 'False'
[2.776s] Level 5:colcon.colcon_core.verb:set package 'vesc_msgs' build argument 'cmake_clean_cache' from command line to 'False'
[2.776s] Level 5:colcon.colcon_core.verb:set package 'vesc_msgs' build argument 'cmake_clean_first' from command line to 'False'
[2.776s] Level 5:colcon.colcon_core.verb:set package 'vesc_msgs' build argument 'cmake_force_configure' from command line to 'False'
[2.777s] Level 5:colcon.colcon_core.verb:set package 'vesc_msgs' build argument 'ament_cmake_args' from command line to 'None'
[2.777s] Level 5:colcon.colcon_core.verb:set package 'vesc_msgs' build argument 'catkin_cmake_args' from command line to 'None'
[2.777s] Level 5:colcon.colcon_core.verb:set package 'vesc_msgs' build argument 'catkin_skip_building_tests' from command line to 'False'
[2.777s] DEBUG:colcon.colcon_core.verb:Building package 'vesc_msgs' with the following arguments: {'ament_cmake_args': None, 'build_base': '/home/nvidia/f1tenth_ws/build/vesc_msgs', 'catkin_cmake_args': None, 'catkin_skip_building_tests': False, 'cmake_args': None, 'cmake_clean_cache': False, 'cmake_clean_first': False, 'cmake_force_configure': False, 'cmake_target': None, 'cmake_target_skip_unavailable': False, 'install_base': '/home/nvidia/f1tenth_ws/install/vesc_msgs', 'merge_install': False, 'path': '/home/nvidia/f1tenth_ws/src/f1tenth_system/vesc/vesc_msgs', 'symlink_install': False, 'test_result_base': None}
[2.779s] Level 5:colcon.colcon_core.verb:set package 'joy_teleop' build argument 'cmake_args' from command line to 'None'
[2.779s] Level 5:colcon.colcon_core.verb:set package 'joy_teleop' build argument 'cmake_target' from command line to 'None'
[2.779s] Level 5:colcon.colcon_core.verb:set package 'joy_teleop' build argument 'cmake_target_skip_unavailable' from command line to 'False'
[2.779s] Level 5:colcon.colcon_core.verb:set package 'joy_teleop' build argument 'cmake_clean_cache' from command line to 'False'
[2.779s] Level 5:colcon.colcon_core.verb:set package 'joy_teleop' build argument 'cmake_clean_first' from command line to 'False'
[2.780s] Level 5:colcon.colcon_core.verb:set package 'joy_teleop' build argument 'cmake_force_configure' from command line to 'False'
[2.780s] Level 5:colcon.colcon_core.verb:set package 'joy_teleop' build argument 'ament_cmake_args' from command line to 'None'
[2.780s] Level 5:colcon.colcon_core.verb:set package 'joy_teleop' build argument 'catkin_cmake_args' from command line to 'None'
[2.780s] Level 5:colcon.colcon_core.verb:set package 'joy_teleop' build argument 'catkin_skip_building_tests' from command line to 'False'
[2.780s] DEBUG:colcon.colcon_core.verb:Building package 'joy_teleop' with the following arguments: {'ament_cmake_args': None, 'build_base': '/home/nvidia/f1tenth_ws/build/joy_teleop', 'catkin_cmake_args': None, 'catkin_skip_building_tests': False, 'cmake_args': None, 'cmake_clean_cache': False, 'cmake_clean_first': False, 'cmake_force_configure': False, 'cmake_target': None, 'cmake_target_skip_unavailable': False, 'install_base': '/home/nvidia/f1tenth_ws/install/joy_teleop', 'merge_install': False, 'path': '/home/nvidia/f1tenth_ws/src/f1tenth_system/teleop_tools/joy_teleop', 'symlink_install': False, 'test_result_base': None}
[2.782s] Level 5:colcon.colcon_core.verb:set package 'vesc_ackermann' build argument 'cmake_args' from command line to 'None'
[2.782s] Level 5:colcon.colcon_core.verb:set package 'vesc_ackermann' build argument 'cmake_target' from command line to 'None'
[2.783s] Level 5:colcon.colcon_core.verb:set package 'vesc_ackermann' build argument 'cmake_target_skip_unavailable' from command line to 'False'
[2.783s] Level 5:colcon.colcon_core.verb:set package 'vesc_ackermann' build argument 'cmake_clean_cache' from command line to 'False'
[2.783s] Level 5:colcon.colcon_core.verb:set package 'vesc_ackermann' build argument 'cmake_clean_first' from command line to 'False'
[2.783s] Level 5:colcon.colcon_core.verb:set package 'vesc_ackermann' build argument 'cmake_force_configure' from command line to 'False'
[2.783s] Level 5:colcon.colcon_core.verb:set package 'vesc_ackermann' build argument 'ament_cmake_args' from command line to 'None'
[2.783s] Level 5:colcon.colcon_core.verb:set package 'vesc_ackermann' build argument 'catkin_cmake_args' from command line to 'None'
[2.783s] Level 5:colcon.colcon_core.verb:set package 'vesc_ackermann' build argument 'catkin_skip_building_tests' from command line to 'False'
[2.784s] DEBUG:colcon.colcon_core.verb:Building package 'vesc_ackermann' with the following arguments: {'ament_cmake_args': None, 'build_base': '/home/nvidia/f1tenth_ws/build/vesc_ackermann', 'catkin_cmake_args': None, 'catkin_skip_building_tests': False, 'cmake_args': None, 'cmake_clean_cache': False, 'cmake_clean_first': False, 'cmake_force_configure': False, 'cmake_target': None, 'cmake_target_skip_unavailable': False, 'install_base': '/home/nvidia/f1tenth_ws/install/vesc_ackermann', 'merge_install': False, 'path': '/home/nvidia/f1tenth_ws/src/f1tenth_system/vesc/vesc_ackermann', 'symlink_install': False, 'test_result_base': None}
[2.786s] Level 5:colcon.colcon_core.verb:set package 'vesc_driver' build argument 'cmake_args' from command line to 'None'
[2.786s] Level 5:colcon.colcon_core.verb:set package 'vesc_driver' build argument 'cmake_target' from command line to 'None'
[2.786s] Level 5:colcon.colcon_core.verb:set package 'vesc_driver' build argument 'cmake_target_skip_unavailable' from command line to 'False'
[2.786s] Level 5:colcon.colcon_core.verb:set package 'vesc_driver' build argument 'cmake_clean_cache' from command line to 'False'
[2.786s] Level 5:colcon.colcon_core.verb:set package 'vesc_driver' build argument 'cmake_clean_first' from command line to 'False'
[2.786s] Level 5:colcon.colcon_core.verb:set package 'vesc_driver' build argument 'cmake_force_configure' from command line to 'False'
[2.786s] Level 5:colcon.colcon_core.verb:set package 'vesc_driver' build argument 'ament_cmake_args' from command line to 'None'
[2.787s] Level 5:colcon.colcon_core.verb:set package 'vesc_driver' build argument 'catkin_cmake_args' from command line to 'None'
[2.787s] Level 5:colcon.colcon_core.verb:set package 'vesc_driver' build argument 'catkin_skip_building_tests' from command line to 'False'
[2.787s] DEBUG:colcon.colcon_core.verb:Building package 'vesc_driver' with the following arguments: {'ament_cmake_args': None, 'build_base': '/home/nvidia/f1tenth_ws/build/vesc_driver', 'catkin_cmake_args': None, 'catkin_skip_building_tests': False, 'cmake_args': None, 'cmake_clean_cache': False, 'cmake_clean_first': False, 'cmake_force_configure': False, 'cmake_target': None, 'cmake_target_skip_unavailable': False, 'install_base': '/home/nvidia/f1tenth_ws/install/vesc_driver', 'merge_install': False, 'path': '/home/nvidia/f1tenth_ws/src/f1tenth_system/vesc/vesc_driver', 'symlink_install': False, 'test_result_base': None}
[2.789s] Level 5:colcon.colcon_core.verb:set package 'teleop_tools' build argument 'cmake_args' from command line to 'None'
[2.789s] Level 5:colcon.colcon_core.verb:set package 'teleop_tools' build argument 'cmake_target' from command line to 'None'
[2.789s] Level 5:colcon.colcon_core.verb:set package 'teleop_tools' build argument 'cmake_target_skip_unavailable' from command line to 'False'
[2.789s] Level 5:colcon.colcon_core.verb:set package 'teleop_tools' build argument 'cmake_clean_cache' from command line to 'False'
[2.789s] Level 5:colcon.colcon_core.verb:set package 'teleop_tools' build argument 'cmake_clean_first' from command line to 'False'
[2.790s] Level 5:colcon.colcon_core.verb:set package 'teleop_tools' build argument 'cmake_force_configure' from command line to 'False'
[2.790s] Level 5:colcon.colcon_core.verb:set package 'teleop_tools' build argument 'ament_cmake_args' from command line to 'None'
[2.790s] Level 5:colcon.colcon_core.verb:set package 'teleop_tools' build argument 'catkin_cmake_args' from command line to 'None'
[2.790s] Level 5:colcon.colcon_core.verb:set package 'teleop_tools' build argument 'catkin_skip_building_tests' from command line to 'False'
[2.790s] DEBUG:colcon.colcon_core.verb:Building package 'teleop_tools' with the following arguments: {'ament_cmake_args': None, 'build_base': '/home/nvidia/f1tenth_ws/build/teleop_tools', 'catkin_cmake_args': None, 'catkin_skip_building_tests': False, 'cmake_args': None, 'cmake_clean_cache': False, 'cmake_clean_first': False, 'cmake_force_configure': False, 'cmake_target': None, 'cmake_target_skip_unavailable': False, 'install_base': '/home/nvidia/f1tenth_ws/install/teleop_tools', 'merge_install': False, 'path': '/home/nvidia/f1tenth_ws/src/f1tenth_system/teleop_tools/teleop_tools', 'symlink_install': False, 'test_result_base': None}
[2.792s] Level 5:colcon.colcon_core.verb:set package 'vesc' build argument 'cmake_args' from command line to 'None'
[2.792s] Level 5:colcon.colcon_core.verb:set package 'vesc' build argument 'cmake_target' from command line to 'None'
[2.792s] Level 5:colcon.colcon_core.verb:set package 'vesc' build argument 'cmake_target_skip_unavailable' from command line to 'False'
[2.792s] Level 5:colcon.colcon_core.verb:set package 'vesc' build argument 'cmake_clean_cache' from command line to 'False'
[2.793s] Level 5:colcon.colcon_core.verb:set package 'vesc' build argument 'cmake_clean_first' from command line to 'False'
[2.793s] Level 5:colcon.colcon_core.verb:set package 'vesc' build argument 'cmake_force_configure' from command line to 'False'
[2.793s] Level 5:colcon.colcon_core.verb:set package 'vesc' build argument 'ament_cmake_args' from command line to 'None'
[2.793s] Level 5:colcon.colcon_core.verb:set package 'vesc' build argument 'catkin_cmake_args' from command line to 'None'
[2.793s] Level 5:colcon.colcon_core.verb:set package 'vesc' build argument 'catkin_skip_building_tests' from command line to 'False'
[2.793s] DEBUG:colcon.colcon_core.verb:Building package 'vesc' with the following arguments: {'ament_cmake_args': None, 'build_base': '/home/nvidia/f1tenth_ws/build/vesc', 'catkin_cmake_args': None, 'catkin_skip_building_tests': False, 'cmake_args': None, 'cmake_clean_cache': False, 'cmake_clean_first': False, 'cmake_force_configure': False, 'cmake_target': None, 'cmake_target_skip_unavailable': False, 'install_base': '/home/nvidia/f1tenth_ws/install/vesc', 'merge_install': False, 'path': '/home/nvidia/f1tenth_ws/src/f1tenth_system/vesc/vesc', 'symlink_install': False, 'test_result_base': None}
[2.795s] Level 5:colcon.colcon_core.verb:set package 'f1tenth_stack' build argument 'cmake_args' from command line to 'None'
[2.795s] Level 5:colcon.colcon_core.verb:set package 'f1tenth_stack' build argument 'cmake_target' from command line to 'None'
[2.796s] Level 5:colcon.colcon_core.verb:set package 'f1tenth_stack' build argument 'cmake_target_skip_unavailable' from command line to 'False'
[2.796s] Level 5:colcon.colcon_core.verb:set package 'f1tenth_stack' build argument 'cmake_clean_cache' from command line to 'False'
[2.796s] Level 5:colcon.colcon_core.verb:set package 'f1tenth_stack' build argument 'cmake_clean_first' from command line to 'False'
[2.796s] Level 5:colcon.colcon_core.verb:set package 'f1tenth_stack' build argument 'cmake_force_configure' from command line to 'False'
[2.796s] Level 5:colcon.colcon_core.verb:set package 'f1tenth_stack' build argument 'ament_cmake_args' from command line to 'None'
[2.796s] Level 5:colcon.colcon_core.verb:set package 'f1tenth_stack' build argument 'catkin_cmake_args' from command line to 'None'
[2.796s] Level 5:colcon.colcon_core.verb:set package 'f1tenth_stack' build argument 'catkin_skip_building_tests' from command line to 'False'
[2.797s] DEBUG:colcon.colcon_core.verb:Building package 'f1tenth_stack' with the following arguments: {'ament_cmake_args': None, 'build_base': '/home/nvidia/f1tenth_ws/build/f1tenth_stack', 'catkin_cmake_args': None, 'catkin_skip_building_tests': False, 'cmake_args': None, 'cmake_clean_cache': False, 'cmake_clean_first': False, 'cmake_force_configure': False, 'cmake_target': None, 'cmake_target_skip_unavailable': False, 'install_base': '/home/nvidia/f1tenth_ws/install/f1tenth_stack', 'merge_install': False, 'path': '/home/nvidia/f1tenth_ws/src/f1tenth_system/f1tenth_stack', 'symlink_install': False, 'test_result_base': None}
[2.797s] INFO:colcon.colcon_core.executor:Executing jobs using 'parallel' executor
[2.802s] DEBUG:colcon.colcon_parallel_executor.executor.parallel:run_until_complete
[2.804s] INFO:colcon.colcon_ros.task.ament_cmake.build:Building ROS package in '/home/nvidia/f1tenth_ws/src/f1tenth_system/vesc/vesc_msgs' with build type 'ament_cmake'
[2.805s] INFO:colcon.colcon_cmake.task.cmake.build:Building CMake package in '/home/nvidia/f1tenth_ws/src/f1tenth_system/vesc/vesc_msgs'
[2.820s] INFO:colcon.colcon_core.plugin_system:Skipping extension 'colcon_core.shell.bat': Not used on non-Windows systems
[2.821s] INFO:colcon.colcon_core.shell:Skip shell extension 'powershell' for command environment: Not usable outside of PowerShell
[2.822s] DEBUG:colcon.colcon_core.shell:Skip shell extension 'dsv' for command environment
[2.863s] INFO:colcon.colcon_ros.task.ament_cmake.build:Building ROS package in '/home/nvidia/f1tenth_ws/src/f1tenth_system/teleop_tools/teleop_tools_msgs' with build type 'ament_cmake'
[2.867s] INFO:colcon.colcon_cmake.task.cmake.build:Building CMake package in '/home/nvidia/f1tenth_ws/src/f1tenth_system/teleop_tools/teleop_tools_msgs'
[2.874s] INFO:colcon.colcon_core.shell:Skip shell extension 'powershell' for command environment: Not usable outside of PowerShell
[2.875s] DEBUG:colcon.colcon_core.shell:Skip shell extension 'dsv' for command environment
[2.923s] INFO:colcon.colcon_ros.task.ament_cmake.build:Building ROS package in '/home/nvidia/f1tenth_ws/src/f1tenth_system/ackermann_mux' with build type 'ament_cmake'
[2.926s] INFO:colcon.colcon_cmake.task.cmake.build:Building CMake package in '/home/nvidia/f1tenth_ws/src/f1tenth_system/ackermann_mux'
[2.931s] INFO:colcon.colcon_core.shell:Skip shell extension 'powershell' for command environment: Not usable outside of PowerShell
[2.932s] DEBUG:colcon.colcon_core.shell:Skip shell extension 'dsv' for command environment
[2.977s] INFO:colcon.colcon_ros.task.ament_python.build:Building ROS package in '/home/nvidia/f1tenth_ws/src/f1tenth_system/teleop_tools/key_teleop' with build type 'ament_python'
[2.984s] Level 1:colcon.colcon_core.shell:create_environment_hook('key_teleop', 'ament_prefix_path')
[2.988s] INFO:colcon.colcon_core.shell:Creating environment hook '/home/nvidia/f1tenth_ws/install/key_teleop/share/key_teleop/hook/ament_prefix_path.ps1'
[2.995s] INFO:colcon.colcon_core.shell:Creating environment descriptor '/home/nvidia/f1tenth_ws/install/key_teleop/share/key_teleop/hook/ament_prefix_path.dsv'
[2.998s] INFO:colcon.colcon_core.shell:Creating environment hook '/home/nvidia/f1tenth_ws/install/key_teleop/share/key_teleop/hook/ament_prefix_path.sh'
[3.005s] INFO:colcon.colcon_core.shell:Skip shell extension 'powershell' for command environment: Not usable outside of PowerShell
[3.005s] DEBUG:colcon.colcon_core.shell:Skip shell extension 'dsv' for command environment
[3.049s] INFO:colcon.colcon_ros.task.ament_python.build:Building ROS package in '/home/nvidia/f1tenth_ws/src/f1tenth_controllers' with build type 'ament_python'
[3.054s] Level 1:colcon.colcon_core.shell:create_environment_hook('f1tenth_controllers', 'ament_prefix_path')
[3.059s] INFO:colcon.colcon_core.shell:Creating environment hook '/home/nvidia/f1tenth_ws/install/f1tenth_controllers/share/f1tenth_controllers/hook/ament_prefix_path.ps1'
[3.064s] INFO:colcon.colcon_core.shell:Creating environment descriptor '/home/nvidia/f1tenth_ws/install/f1tenth_controllers/share/f1tenth_controllers/hook/ament_prefix_path.dsv'
[3.066s] INFO:colcon.colcon_core.shell:Creating environment hook '/home/nvidia/f1tenth_ws/install/f1tenth_controllers/share/f1tenth_controllers/hook/ament_prefix_path.sh'
[3.070s] INFO:colcon.colcon_core.shell:Skip shell extension 'powershell' for command environment: Not usable outside of PowerShell
[3.070s] DEBUG:colcon.colcon_core.shell:Skip shell extension 'dsv' for command environment
[3.110s] INFO:colcon.colcon_ros.task.ament_python.build:Building ROS package in '/home/nvidia/f1tenth_ws/src/mapping' with build type 'ament_python'
[3.113s] Level 1:colcon.colcon_core.shell:create_environment_hook('mapping', 'ament_prefix_path')
[3.117s] INFO:colcon.colcon_core.shell:Creating environment hook '/home/nvidia/f1tenth_ws/install/mapping/share/mapping/hook/ament_prefix_path.ps1'
[3.123s] INFO:colcon.colcon_core.shell:Creating environment descriptor '/home/nvidia/f1tenth_ws/install/mapping/share/mapping/hook/ament_prefix_path.dsv'
[3.125s] INFO:colcon.colcon_core.shell:Creating environment hook '/home/nvidia/f1tenth_ws/install/mapping/share/mapping/hook/ament_prefix_path.sh'
[3.129s] INFO:colcon.colcon_core.shell:Skip shell extension 'powershell' for command environment: Not usable outside of PowerShell
[3.130s] DEBUG:colcon.colcon_core.shell:Skip shell extension 'dsv' for command environment
[3.213s] DEBUG:colcon.colcon_core.event_handler.log_command:Invoking command in '/home/nvidia/f1tenth_ws/build/vesc_msgs': CMAKE_PREFIX_PATH=${CMAKE_PREFIX_PATH}://home/nvidia/f1tenth_ws/install/f1tenth_stack://home/nvidia/f1tenth_ws/install/joy_teleop://home/nvidia/f1tenth_ws/install/phasespace://home/nvidia/f1tenth_ws/install/particle_filter://home/nvidia/f1tenth_ws/install/new_map_saver://home/nvidia/f1tenth_ws/install/mouse_teleop://home/nvidia/f1tenth_ws/install/mapping://home/nvidia/f1tenth_ws/install/key_teleop://home/nvidia/f1tenth_ws/install/f1tenth_controllers:/opt/ros/foxy /usr/bin/cmake --build /home/nvidia/f1tenth_ws/build/vesc_msgs -- -j6 -l6
[3.278s] DEBUG:colcon.colcon_core.event_handler.log_command:Invoking command in '/home/nvidia/f1tenth_ws/build/teleop_tools_msgs': CMAKE_PREFIX_PATH=${CMAKE_PREFIX_PATH}://home/nvidia/f1tenth_ws/install/f1tenth_stack://home/nvidia/f1tenth_ws/install/joy_teleop://home/nvidia/f1tenth_ws/install/phasespace://home/nvidia/f1tenth_ws/install/particle_filter://home/nvidia/f1tenth_ws/install/new_map_saver://home/nvidia/f1tenth_ws/install/mouse_teleop://home/nvidia/f1tenth_ws/install/mapping://home/nvidia/f1tenth_ws/install/key_teleop://home/nvidia/f1tenth_ws/install/f1tenth_controllers:/opt/ros/foxy /usr/bin/cmake --build /home/nvidia/f1tenth_ws/build/teleop_tools_msgs -- -j6 -l6
[3.305s] DEBUG:colcon.colcon_core.event_handler.log_command:Invoking command in '/home/nvidia/f1tenth_ws/build/ackermann_mux': CMAKE_PREFIX_PATH=${CMAKE_PREFIX_PATH}://home/nvidia/f1tenth_ws/install/f1tenth_stack://home/nvidia/f1tenth_ws/install/joy_teleop://home/nvidia/f1tenth_ws/install/phasespace://home/nvidia/f1tenth_ws/install/particle_filter://home/nvidia/f1tenth_ws/install/new_map_saver://home/nvidia/f1tenth_ws/install/mouse_teleop://home/nvidia/f1tenth_ws/install/mapping://home/nvidia/f1tenth_ws/install/key_teleop://home/nvidia/f1tenth_ws/install/f1tenth_controllers:/opt/ros/foxy /usr/bin/cmake --build /home/nvidia/f1tenth_ws/build/ackermann_mux -- -j6 -l6
[5.140s] INFO:colcon.colcon_core.task.python.build:Building Python package in '/home/nvidia/f1tenth_ws/src/f1tenth_system/teleop_tools/key_teleop'
[5.145s] INFO:colcon.colcon_core.shell:Skip shell extension 'powershell' for command environment: Not usable outside of PowerShell
[5.147s] DEBUG:colcon.colcon_core.shell:Skip shell extension 'dsv' for command environment
[6.582s] INFO:colcon.colcon_core.task.python.build:Building Python package in '/home/nvidia/f1tenth_ws/src/f1tenth_controllers'
[6.586s] INFO:colcon.colcon_core.shell:Skip shell extension 'powershell' for command environment: Not usable outside of PowerShell
[6.586s] DEBUG:colcon.colcon_core.shell:Skip shell extension 'dsv' for command environment
[7.938s] INFO:colcon.colcon_core.task.python.build:Building Python package in '/home/nvidia/f1tenth_ws/src/mapping'
[7.943s] INFO:colcon.colcon_core.shell:Skip shell extension 'powershell' for command environment: Not usable outside of PowerShell
[7.944s] DEBUG:colcon.colcon_core.shell:Skip shell extension 'dsv' for command environment
[8.083s] DEBUG:colcon.colcon_core.event_handler.log_command:Invoked command in '/home/nvidia/f1tenth_ws/build/vesc_msgs' returned '0': CMAKE_PREFIX_PATH=${CMAKE_PREFIX_PATH}://home/nvidia/f1tenth_ws/install/f1tenth_stack://home/nvidia/f1tenth_ws/install/joy_teleop://home/nvidia/f1tenth_ws/install/phasespace://home/nvidia/f1tenth_ws/install/particle_filter://home/nvidia/f1tenth_ws/install/new_map_saver://home/nvidia/f1tenth_ws/install/mouse_teleop://home/nvidia/f1tenth_ws/install/mapping://home/nvidia/f1tenth_ws/install/key_teleop://home/nvidia/f1tenth_ws/install/f1tenth_controllers:/opt/ros/foxy /usr/bin/cmake --build /home/nvidia/f1tenth_ws/build/vesc_msgs -- -j6 -l6
[8.087s] DEBUG:colcon.colcon_core.event_handler.log_command:Invoked command in '/home/nvidia/f1tenth_ws/build/teleop_tools_msgs' returned '0': CMAKE_PREFIX_PATH=${CMAKE_PREFIX_PATH}://home/nvidia/f1tenth_ws/install/f1tenth_stack://home/nvidia/f1tenth_ws/install/joy_teleop://home/nvidia/f1tenth_ws/install/phasespace://home/nvidia/f1tenth_ws/install/particle_filter://home/nvidia/f1tenth_ws/install/new_map_saver://home/nvidia/f1tenth_ws/install/mouse_teleop://home/nvidia/f1tenth_ws/install/mapping://home/nvidia/f1tenth_ws/install/key_teleop://home/nvidia/f1tenth_ws/install/f1tenth_controllers:/opt/ros/foxy /usr/bin/cmake --build /home/nvidia/f1tenth_ws/build/teleop_tools_msgs -- -j6 -l6
[8.088s] DEBUG:colcon.colcon_core.event_handler.log_command:Invoked command in '/home/nvidia/f1tenth_ws/build/ackermann_mux' returned '0': CMAKE_PREFIX_PATH=${CMAKE_PREFIX_PATH}://home/nvidia/f1tenth_ws/install/f1tenth_stack://home/nvidia/f1tenth_ws/install/joy_teleop://home/nvidia/f1tenth_ws/install/phasespace://home/nvidia/f1tenth_ws/install/particle_filter://home/nvidia/f1tenth_ws/install/new_map_saver://home/nvidia/f1tenth_ws/install/mouse_teleop://home/nvidia/f1tenth_ws/install/mapping://home/nvidia/f1tenth_ws/install/key_teleop://home/nvidia/f1tenth_ws/install/f1tenth_controllers:/opt/ros/foxy /usr/bin/cmake --build /home/nvidia/f1tenth_ws/build/ackermann_mux -- -j6 -l6
[8.528s] DEBUG:colcon.colcon_core.event_handler.log_command:Invoking command in '/home/nvidia/f1tenth_ws/build/ackermann_mux': CMAKE_PREFIX_PATH=${CMAKE_PREFIX_PATH}://home/nvidia/f1tenth_ws/install/f1tenth_stack://home/nvidia/f1tenth_ws/install/joy_teleop://home/nvidia/f1tenth_ws/install/phasespace://home/nvidia/f1tenth_ws/install/particle_filter://home/nvidia/f1tenth_ws/install/new_map_saver://home/nvidia/f1tenth_ws/install/mouse_teleop://home/nvidia/f1tenth_ws/install/mapping://home/nvidia/f1tenth_ws/install/key_teleop://home/nvidia/f1tenth_ws/install/f1tenth_controllers:/opt/ros/foxy /usr/bin/cmake --install /home/nvidia/f1tenth_ws/build/ackermann_mux
[8.678s] Level 1:colcon.colcon_core.environment:create_environment_scripts_only(ackermann_mux)
[8.698s] DEBUG:colcon.colcon_core.event_handler.log_command:Invoked command in '/home/nvidia/f1tenth_ws/build/ackermann_mux' returned '0': CMAKE_PREFIX_PATH=${CMAKE_PREFIX_PATH}://home/nvidia/f1tenth_ws/install/f1tenth_stack://home/nvidia/f1tenth_ws/install/joy_teleop://home/nvidia/f1tenth_ws/install/phasespace://home/nvidia/f1tenth_ws/install/particle_filter://home/nvidia/f1tenth_ws/install/new_map_saver://home/nvidia/f1tenth_ws/install/mouse_teleop://home/nvidia/f1tenth_ws/install/mapping://home/nvidia/f1tenth_ws/install/key_teleop://home/nvidia/f1tenth_ws/install/f1tenth_controllers:/opt/ros/foxy /usr/bin/cmake --install /home/nvidia/f1tenth_ws/build/ackermann_mux
[8.713s] Level 1:colcon.colcon_core.environment:checking '/home/nvidia/f1tenth_ws/install/ackermann_mux' for CMake module files
[8.720s] Level 1:colcon.colcon_core.environment:checking '/home/nvidia/f1tenth_ws/install/ackermann_mux' for CMake config files
[8.728s] Level 1:colcon.colcon_core.shell:create_environment_hook('ackermann_mux', 'cmake_prefix_path')
[8.730s] INFO:colcon.colcon_core.shell:Creating environment hook '/home/nvidia/f1tenth_ws/install/ackermann_mux/share/ackermann_mux/hook/cmake_prefix_path.ps1'
[8.734s] INFO:colcon.colcon_core.shell:Creating environment descriptor '/home/nvidia/f1tenth_ws/install/ackermann_mux/share/ackermann_mux/hook/cmake_prefix_path.dsv'
[8.736s] INFO:colcon.colcon_core.shell:Creating environment hook '/home/nvidia/f1tenth_ws/install/ackermann_mux/share/ackermann_mux/hook/cmake_prefix_path.sh'
[8.744s] Level 1:colcon.colcon_core.environment:checking '/home/nvidia/f1tenth_ws/install/ackermann_mux/lib'
[8.745s] Level 1:colcon.colcon_core.environment:checking '/home/nvidia/f1tenth_ws/install/ackermann_mux/bin'
[8.746s] Level 1:colcon.colcon_core.environment:checking '/home/nvidia/f1tenth_ws/install/ackermann_mux/lib/pkgconfig/ackermann_mux.pc'
[8.748s] Level 1:colcon.colcon_core.environment:checking '/home/nvidia/f1tenth_ws/install/ackermann_mux/lib/python3.8/site-packages'
[8.749s] Level 1:colcon.colcon_core.environment:checking '/home/nvidia/f1tenth_ws/install/ackermann_mux/bin'
[8.751s] INFO:colcon.colcon_core.shell:Creating package script '/home/nvidia/f1tenth_ws/install/ackermann_mux/share/ackermann_mux/package.ps1'
[8.757s] INFO:colcon.colcon_core.shell:Creating package descriptor '/home/nvidia/f1tenth_ws/install/ackermann_mux/share/ackermann_mux/package.dsv'
[8.760s] INFO:colcon.colcon_core.shell:Creating package script '/home/nvidia/f1tenth_ws/install/ackermann_mux/share/ackermann_mux/package.sh'
[8.765s] INFO:colcon.colcon_core.shell:Creating package script '/home/nvidia/f1tenth_ws/install/ackermann_mux/share/ackermann_mux/package.bash'
[8.769s] INFO:colcon.colcon_core.shell:Creating package script '/home/nvidia/f1tenth_ws/install/ackermann_mux/share/ackermann_mux/package.zsh'
[8.773s] Level 1:colcon.colcon_core.environment:create_file_with_runtime_dependencies(/home/nvidia/f1tenth_ws/install/ackermann_mux/share/colcon-core/packages/ackermann_mux)
[8.862s] DEBUG:colcon.colcon_core.event_handler.log_command:Invoking command in '/home/nvidia/f1tenth_ws/build/teleop_tools_msgs': CMAKE_PREFIX_PATH=${CMAKE_PREFIX_PATH}://home/nvidia/f1tenth_ws/install/f1tenth_stack://home/nvidia/f1tenth_ws/install/joy_teleop://home/nvidia/f1tenth_ws/install/phasespace://home/nvidia/f1tenth_ws/install/particle_filter://home/nvidia/f1tenth_ws/install/new_map_saver://home/nvidia/f1tenth_ws/install/mouse_teleop://home/nvidia/f1tenth_ws/install/mapping://home/nvidia/f1tenth_ws/install/key_teleop://home/nvidia/f1tenth_ws/install/f1tenth_controllers:/opt/ros/foxy /usr/bin/cmake --install /home/nvidia/f1tenth_ws/build/teleop_tools_msgs
[9.268s] Level 1:colcon.colcon_core.environment:create_environment_scripts_only(ackermann_mux)
[9.274s] Level 1:colcon.colcon_core.environment:checking '/home/nvidia/f1tenth_ws/install/ackermann_mux' for CMake module files
[9.295s] Level 1:colcon.colcon_core.environment:checking '/home/nvidia/f1tenth_ws/install/ackermann_mux' for CMake config files
[9.305s] Level 1:colcon.colcon_core.shell:create_environment_hook('ackermann_mux', 'cmake_prefix_path')
[9.315s] INFO:colcon.colcon_core.shell:Creating environment hook '/home/nvidia/f1tenth_ws/install/ackermann_mux/share/ackermann_mux/hook/cmake_prefix_path.ps1'
[9.319s] INFO:colcon.colcon_core.shell:Creating environment descriptor '/home/nvidia/f1tenth_ws/install/ackermann_mux/share/ackermann_mux/hook/cmake_prefix_path.dsv'
[9.321s] INFO:colcon.colcon_core.shell:Creating environment hook '/home/nvidia/f1tenth_ws/install/ackermann_mux/share/ackermann_mux/hook/cmake_prefix_path.sh'
[9.326s] Level 1:colcon.colcon_core.environment:checking '/home/nvidia/f1tenth_ws/install/ackermann_mux/lib'
[9.327s] Level 1:colcon.colcon_core.environment:checking '/home/nvidia/f1tenth_ws/install/ackermann_mux/bin'
[9.327s] Level 1:colcon.colcon_core.environment:checking '/home/nvidia/f1tenth_ws/install/ackermann_mux/lib/pkgconfig/ackermann_mux.pc'
[9.329s] Level 1:colcon.colcon_core.environment:checking '/home/nvidia/f1tenth_ws/install/ackermann_mux/lib/python3.8/site-packages'
[9.330s] Level 1:colcon.colcon_core.environment:checking '/home/nvidia/f1tenth_ws/install/ackermann_mux/bin'
[9.333s] INFO:colcon.colcon_core.shell:Creating package script '/home/nvidia/f1tenth_ws/install/ackermann_mux/share/ackermann_mux/package.ps1'
[9.336s] INFO:colcon.colcon_core.shell:Creating package descriptor '/home/nvidia/f1tenth_ws/install/ackermann_mux/share/ackermann_mux/package.dsv'
[9.339s] INFO:colcon.colcon_core.shell:Creating package script '/home/nvidia/f1tenth_ws/install/ackermann_mux/share/ackermann_mux/package.sh'
[9.343s] INFO:colcon.colcon_core.shell:Creating package script '/home/nvidia/f1tenth_ws/install/ackermann_mux/share/ackermann_mux/package.bash'
[9.345s] INFO:colcon.colcon_core.shell:Creating package script '/home/nvidia/f1tenth_ws/install/ackermann_mux/share/ackermann_mux/package.zsh'
[9.348s] Level 1:colcon.colcon_core.environment:create_file_with_runtime_dependencies(/home/nvidia/f1tenth_ws/install/ackermann_mux/share/colcon-core/packages/ackermann_mux)
[9.355s] INFO:colcon.colcon_ros.task.ament_python.build:Building ROS package in '/home/nvidia/f1tenth_ws/src/f1tenth_system/teleop_tools/mouse_teleop' with build type 'ament_python'
[9.356s] Level 1:colcon.colcon_core.shell:create_environment_hook('mouse_teleop', 'ament_prefix_path')
[9.358s] INFO:colcon.colcon_core.shell:Creating environment hook '/home/nvidia/f1tenth_ws/install/mouse_teleop/share/mouse_teleop/hook/ament_prefix_path.ps1'
[9.360s] INFO:colcon.colcon_core.shell:Creating environment descriptor '/home/nvidia/f1tenth_ws/install/mouse_teleop/share/mouse_teleop/hook/ament_prefix_path.dsv'
[9.362s] INFO:colcon.colcon_core.shell:Creating environment hook '/home/nvidia/f1tenth_ws/install/mouse_teleop/share/mouse_teleop/hook/ament_prefix_path.sh'
[9.366s] INFO:colcon.colcon_core.shell:Skip shell extension 'powershell' for command environment: Not usable outside of PowerShell
[9.367s] DEBUG:colcon.colcon_core.shell:Skip shell extension 'dsv' for command environment
[9.427s] Level 1:colcon.colcon_core.environment:create_environment_scripts_only(teleop_tools_msgs)
[9.432s] DEBUG:colcon.colcon_core.event_handler.log_command:Invoked command in '/home/nvidia/f1tenth_ws/build/teleop_tools_msgs' returned '0': CMAKE_PREFIX_PATH=${CMAKE_PREFIX_PATH}://home/nvidia/f1tenth_ws/install/f1tenth_stack://home/nvidia/f1tenth_ws/install/joy_teleop://home/nvidia/f1tenth_ws/install/phasespace://home/nvidia/f1tenth_ws/install/particle_filter://home/nvidia/f1tenth_ws/install/new_map_saver://home/nvidia/f1tenth_ws/install/mouse_teleop://home/nvidia/f1tenth_ws/install/mapping://home/nvidia/f1tenth_ws/install/key_teleop://home/nvidia/f1tenth_ws/install/f1tenth_controllers:/opt/ros/foxy /usr/bin/cmake --install /home/nvidia/f1tenth_ws/build/teleop_tools_msgs
[9.436s] Level 1:colcon.colcon_core.environment:checking '/home/nvidia/f1tenth_ws/install/teleop_tools_msgs' for CMake module files
[9.445s] Level 1:colcon.colcon_core.environment:checking '/home/nvidia/f1tenth_ws/install/teleop_tools_msgs' for CMake config files
[9.448s] Level 1:colcon.colcon_core.shell:create_environment_hook('teleop_tools_msgs', 'cmake_prefix_path')
[9.450s] INFO:colcon.colcon_core.shell:Creating environment hook '/home/nvidia/f1tenth_ws/install/teleop_tools_msgs/share/teleop_tools_msgs/hook/cmake_prefix_path.ps1'
[9.454s] INFO:colcon.colcon_core.shell:Creating environment descriptor '/home/nvidia/f1tenth_ws/install/teleop_tools_msgs/share/teleop_tools_msgs/hook/cmake_prefix_path.dsv'
[9.456s] INFO:colcon.colcon_core.shell:Creating environment hook '/home/nvidia/f1tenth_ws/install/teleop_tools_msgs/share/teleop_tools_msgs/hook/cmake_prefix_path.sh'
[9.460s] Level 1:colcon.colcon_core.environment:checking '/home/nvidia/f1tenth_ws/install/teleop_tools_msgs/lib'
[9.460s] Level 1:colcon.colcon_core.shell:create_environment_hook('teleop_tools_msgs', 'ld_library_path_lib')
[9.462s] INFO:colcon.colcon_core.shell:Creating environment hook '/home/nvidia/f1tenth_ws/install/teleop_tools_msgs/share/teleop_tools_msgs/hook/ld_library_path_lib.ps1'
[9.465s] INFO:colcon.colcon_core.shell:Creating environment descriptor '/home/nvidia/f1tenth_ws/install/teleop_tools_msgs/share/teleop_tools_msgs/hook/ld_library_path_lib.dsv'
[9.467s] INFO:colcon.colcon_core.shell:Creating environment hook '/home/nvidia/f1tenth_ws/install/teleop_tools_msgs/share/teleop_tools_msgs/hook/ld_library_path_lib.sh'
[9.469s] Level 1:colcon.colcon_core.environment:checking '/home/nvidia/f1tenth_ws/install/teleop_tools_msgs/bin'
[9.469s] Level 1:colcon.colcon_core.environment:checking '/home/nvidia/f1tenth_ws/install/teleop_tools_msgs/lib/pkgconfig/teleop_tools_msgs.pc'
[9.471s] Level 1:colcon.colcon_core.environment:checking '/home/nvidia/f1tenth_ws/install/teleop_tools_msgs/lib/python3.8/site-packages'
[9.471s] Level 1:colcon.colcon_core.shell:create_environment_hook('teleop_tools_msgs', 'pythonpath')
[9.473s] INFO:colcon.colcon_core.shell:Creating environment hook '/home/nvidia/f1tenth_ws/install/teleop_tools_msgs/share/teleop_tools_msgs/hook/pythonpath.ps1'
[9.475s] INFO:colcon.colcon_core.shell:Creating environment descriptor '/home/nvidia/f1tenth_ws/install/teleop_tools_msgs/share/teleop_tools_msgs/hook/pythonpath.dsv'
[9.477s] INFO:colcon.colcon_core.shell:Creating environment hook '/home/nvidia/f1tenth_ws/install/teleop_tools_msgs/share/teleop_tools_msgs/hook/pythonpath.sh'
[9.482s] Level 1:colcon.colcon_core.environment:checking '/home/nvidia/f1tenth_ws/install/teleop_tools_msgs/bin'
[9.484s] INFO:colcon.colcon_core.shell:Creating package script '/home/nvidia/f1tenth_ws/install/teleop_tools_msgs/share/teleop_tools_msgs/package.ps1'
[9.489s] INFO:colcon.colcon_core.shell:Creating package descriptor '/home/nvidia/f1tenth_ws/install/teleop_tools_msgs/share/teleop_tools_msgs/package.dsv'
[9.492s] INFO:colcon.colcon_core.shell:Creating package script '/home/nvidia/f1tenth_ws/install/teleop_tools_msgs/share/teleop_tools_msgs/package.sh'
[9.496s] INFO:colcon.colcon_core.shell:Creating package script '/home/nvidia/f1tenth_ws/install/teleop_tools_msgs/share/teleop_tools_msgs/package.bash'
[9.500s] INFO:colcon.colcon_core.shell:Creating package script '/home/nvidia/f1tenth_ws/install/teleop_tools_msgs/share/teleop_tools_msgs/package.zsh'
[9.504s] Level 1:colcon.colcon_core.environment:create_file_with_runtime_dependencies(/home/nvidia/f1tenth_ws/install/teleop_tools_msgs/share/colcon-core/packages/teleop_tools_msgs)
[11.200s] INFO:colcon.colcon_core.task.python.build:Building Python package in '/home/nvidia/f1tenth_ws/src/f1tenth_system/teleop_tools/mouse_teleop'
[11.206s] INFO:colcon.colcon_core.shell:Skip shell extension 'powershell' for command environment: Not usable outside of PowerShell
[11.207s] DEBUG:colcon.colcon_core.shell:Skip shell extension 'dsv' for command environment
[11.280s] DEBUG:colcon.colcon_core.event_handler.log_command:Invoking command in '/home/nvidia/f1tenth_ws/build/vesc_msgs': CMAKE_PREFIX_PATH=${CMAKE_PREFIX_PATH}://home/nvidia/f1tenth_ws/install/f1tenth_stack://home/nvidia/f1tenth_ws/install/joy_teleop://home/nvidia/f1tenth_ws/install/phasespace://home/nvidia/f1tenth_ws/install/particle_filter://home/nvidia/f1tenth_ws/install/new_map_saver://home/nvidia/f1tenth_ws/install/mouse_teleop://home/nvidia/f1tenth_ws/install/mapping://home/nvidia/f1tenth_ws/install/key_teleop://home/nvidia/f1tenth_ws/install/f1tenth_controllers:/opt/ros/foxy /usr/bin/cmake --install /home/nvidia/f1tenth_ws/build/vesc_msgs
[11.289s] Level 1:colcon.colcon_core.environment:create_environment_scripts_only(teleop_tools_msgs)
[11.291s] Level 1:colcon.colcon_core.environment:checking '/home/nvidia/f1tenth_ws/install/teleop_tools_msgs' for CMake module files
[11.297s] Level 1:colcon.colcon_core.environment:checking '/home/nvidia/f1tenth_ws/install/teleop_tools_msgs' for CMake config files
[11.300s] Level 1:colcon.colcon_core.shell:create_environment_hook('teleop_tools_msgs', 'cmake_prefix_path')
[11.302s] INFO:colcon.colcon_core.shell:Creating environment hook '/home/nvidia/f1tenth_ws/install/teleop_tools_msgs/share/teleop_tools_msgs/hook/cmake_prefix_path.ps1'
[11.306s] INFO:colcon.colcon_core.shell:Creating environment descriptor '/home/nvidia/f1tenth_ws/install/teleop_tools_msgs/share/teleop_tools_msgs/hook/cmake_prefix_path.dsv'
[11.308s] INFO:colcon.colcon_core.shell:Creating environment hook '/home/nvidia/f1tenth_ws/install/teleop_tools_msgs/share/teleop_tools_msgs/hook/cmake_prefix_path.sh'
[11.311s] Level 1:colcon.colcon_core.environment:checking '/home/nvidia/f1tenth_ws/install/teleop_tools_msgs/lib'
[11.312s] Level 1:colcon.colcon_core.shell:create_environment_hook('teleop_tools_msgs', 'ld_library_path_lib')
[11.313s] INFO:colcon.colcon_core.shell:Creating environment hook '/home/nvidia/f1tenth_ws/install/teleop_tools_msgs/share/teleop_tools_msgs/hook/ld_library_path_lib.ps1'
[11.316s] INFO:colcon.colcon_core.shell:Creating environment descriptor '/home/nvidia/f1tenth_ws/install/teleop_tools_msgs/share/teleop_tools_msgs/hook/ld_library_path_lib.dsv'
[11.318s] INFO:colcon.colcon_core.shell:Creating environment hook '/home/nvidia/f1tenth_ws/install/teleop_tools_msgs/share/teleop_tools_msgs/hook/ld_library_path_lib.sh'
[11.321s] Level 1:colcon.colcon_core.environment:checking '/home/nvidia/f1tenth_ws/install/teleop_tools_msgs/bin'
[11.321s] Level 1:colcon.colcon_core.environment:checking '/home/nvidia/f1tenth_ws/install/teleop_tools_msgs/lib/pkgconfig/teleop_tools_msgs.pc'
[11.323s] Level 1:colcon.colcon_core.environment:checking '/home/nvidia/f1tenth_ws/install/teleop_tools_msgs/lib/python3.8/site-packages'
[11.323s] Level 1:colcon.colcon_core.shell:create_environment_hook('teleop_tools_msgs', 'pythonpath')
[11.325s] INFO:colcon.colcon_core.shell:Creating environment hook '/home/nvidia/f1tenth_ws/install/teleop_tools_msgs/share/teleop_tools_msgs/hook/pythonpath.ps1'
[11.327s] INFO:colcon.colcon_core.shell:Creating environment descriptor '/home/nvidia/f1tenth_ws/install/teleop_tools_msgs/share/teleop_tools_msgs/hook/pythonpath.dsv'
[11.329s] INFO:colcon.colcon_core.shell:Creating environment hook '/home/nvidia/f1tenth_ws/install/teleop_tools_msgs/share/teleop_tools_msgs/hook/pythonpath.sh'
[11.331s] Level 1:colcon.colcon_core.environment:checking '/home/nvidia/f1tenth_ws/install/teleop_tools_msgs/bin'
[11.334s] INFO:colcon.colcon_core.shell:Creating package script '/home/nvidia/f1tenth_ws/install/teleop_tools_msgs/share/teleop_tools_msgs/package.ps1'
[11.337s] INFO:colcon.colcon_core.shell:Creating package descriptor '/home/nvidia/f1tenth_ws/install/teleop_tools_msgs/share/teleop_tools_msgs/package.dsv'
[11.341s] INFO:colcon.colcon_core.shell:Creating package script '/home/nvidia/f1tenth_ws/install/teleop_tools_msgs/share/teleop_tools_msgs/package.sh'
[11.344s] INFO:colcon.colcon_core.shell:Creating package script '/home/nvidia/f1tenth_ws/install/teleop_tools_msgs/share/teleop_tools_msgs/package.bash'
[11.346s] INFO:colcon.colcon_core.shell:Creating package script '/home/nvidia/f1tenth_ws/install/teleop_tools_msgs/share/teleop_tools_msgs/package.zsh'
[11.349s] Level 1:colcon.colcon_core.environment:create_file_with_runtime_dependencies(/home/nvidia/f1tenth_ws/install/teleop_tools_msgs/share/colcon-core/packages/teleop_tools_msgs)
[11.379s] DEBUG:colcon.colcon_core.event_handler.log_command:Invoking command in '/home/nvidia/f1tenth_ws/src/f1tenth_system/teleop_tools/key_teleop': PYTHONPATH=/home/nvidia/f1tenth_ws/build/key_teleop/prefix_override:/usr/lib/python3/dist-packages/colcon_core/task/python/colcon_distutils_commands:/home/nvidia/f1tenth_ws/install/key_teleop/lib/python3.8/site-packages:${PYTHONPATH} /usr/bin/python3 -W ignore:setup.py install is deprecated setup.py egg_info --egg-base ../../../../build/key_teleop build --build-base /home/nvidia/f1tenth_ws/build/key_teleop/build install --record /home/nvidia/f1tenth_ws/build/key_teleop/install.log --install-scripts $base/lib/key_teleop --single-version-externally-managed install_data
[11.399s] DEBUG:colcon.colcon_core.event_handler.log_command:Invoking command in '/home/nvidia/f1tenth_ws/src/mapping': PYTHONPATH=/home/nvidia/f1tenth_ws/build/mapping/prefix_override:/usr/lib/python3/dist-packages/colcon_core/task/python/colcon_distutils_commands:/home/nvidia/f1tenth_ws/install/mapping/lib/python3.8/site-packages:${PYTHONPATH} /usr/bin/python3 -W ignore:setup.py install is deprecated setup.py egg_info --egg-base ../../build/mapping build --build-base /home/nvidia/f1tenth_ws/build/mapping/build install --record /home/nvidia/f1tenth_ws/build/mapping/install.log --install-scripts $base/lib/mapping --single-version-externally-managed install_data
[11.430s] DEBUG:colcon.colcon_core.event_handler.log_command:Invoking command in '/home/nvidia/f1tenth_ws/src/f1tenth_controllers': PYTHONPATH=/home/nvidia/f1tenth_ws/build/f1tenth_controllers/prefix_override:/usr/lib/python3/dist-packages/colcon_core/task/python/colcon_distutils_commands:/home/nvidia/f1tenth_ws/install/f1tenth_controllers/lib/python3.8/site-packages:${PYTHONPATH} /usr/bin/python3 -W ignore:setup.py install is deprecated setup.py egg_info --egg-base ../../build/f1tenth_controllers build --build-base /home/nvidia/f1tenth_ws/build/f1tenth_controllers/build install --record /home/nvidia/f1tenth_ws/build/f1tenth_controllers/install.log --install-scripts $base/lib/f1tenth_controllers --single-version-externally-managed install_data
[11.469s] INFO:colcon.colcon_ros.task.ament_python.build:Building ROS package in '/home/nvidia/f1tenth_ws/src/f1tenth_system/teleop_tools/joy_teleop' with build type 'ament_python'
[11.500s] Level 1:colcon.colcon_core.shell:create_environment_hook('joy_teleop', 'ament_prefix_path')
[11.505s] INFO:colcon.colcon_core.shell:Creating environment hook '/home/nvidia/f1tenth_ws/install/joy_teleop/share/joy_teleop/hook/ament_prefix_path.ps1'
[11.510s] INFO:colcon.colcon_core.shell:Creating environment descriptor '/home/nvidia/f1tenth_ws/install/joy_teleop/share/joy_teleop/hook/ament_prefix_path.dsv'
[11.524s] INFO:colcon.colcon_core.shell:Creating environment hook '/home/nvidia/f1tenth_ws/install/joy_teleop/share/joy_teleop/hook/ament_prefix_path.sh'
[11.531s] INFO:colcon.colcon_core.shell:Skip shell extension 'powershell' for command environment: Not usable outside of PowerShell
[11.532s] DEBUG:colcon.colcon_core.shell:Skip shell extension 'dsv' for command environment
[13.633s] INFO:colcon.colcon_core.task.python.build:Building Python package in '/home/nvidia/f1tenth_ws/src/f1tenth_system/teleop_tools/joy_teleop'
[13.638s] INFO:colcon.colcon_core.shell:Skip shell extension 'powershell' for command environment: Not usable outside of PowerShell
[13.640s] DEBUG:colcon.colcon_core.shell:Skip shell extension 'dsv' for command environment
[13.703s] Level 1:colcon.colcon_core.environment:create_environment_scripts_only(vesc_msgs)
[13.710s] Level 1:colcon.colcon_core.environment:checking '/home/nvidia/f1tenth_ws/install/vesc_msgs' for CMake module files
[13.714s] DEBUG:colcon.colcon_core.event_handler.log_command:Invoked command in '/home/nvidia/f1tenth_ws/build/vesc_msgs' returned '0': CMAKE_PREFIX_PATH=${CMAKE_PREFIX_PATH}://home/nvidia/f1tenth_ws/install/f1tenth_stack://home/nvidia/f1tenth_ws/install/joy_teleop://home/nvidia/f1tenth_ws/install/phasespace://home/nvidia/f1tenth_ws/install/particle_filter://home/nvidia/f1tenth_ws/install/new_map_saver://home/nvidia/f1tenth_ws/install/mouse_teleop://home/nvidia/f1tenth_ws/install/mapping://home/nvidia/f1tenth_ws/install/key_teleop://home/nvidia/f1tenth_ws/install/f1tenth_controllers:/opt/ros/foxy /usr/bin/cmake --install /home/nvidia/f1tenth_ws/build/vesc_msgs
[13.720s] Level 1:colcon.colcon_core.environment:checking '/home/nvidia/f1tenth_ws/install/vesc_msgs' for CMake config files
[13.725s] Level 1:colcon.colcon_core.shell:create_environment_hook('vesc_msgs', 'cmake_prefix_path')
[13.727s] INFO:colcon.colcon_core.shell:Creating environment hook '/home/nvidia/f1tenth_ws/install/vesc_msgs/share/vesc_msgs/hook/cmake_prefix_path.ps1'
[13.731s] INFO:colcon.colcon_core.shell:Creating environment descriptor '/home/nvidia/f1tenth_ws/install/vesc_msgs/share/vesc_msgs/hook/cmake_prefix_path.dsv'
[13.733s] INFO:colcon.colcon_core.shell:Creating environment hook '/home/nvidia/f1tenth_ws/install/vesc_msgs/share/vesc_msgs/hook/cmake_prefix_path.sh'
[13.737s] Level 1:colcon.colcon_core.environment:checking '/home/nvidia/f1tenth_ws/install/vesc_msgs/lib'
[13.737s] Level 1:colcon.colcon_core.shell:create_environment_hook('vesc_msgs', 'ld_library_path_lib')
[13.738s] INFO:colcon.colcon_core.shell:Creating environment hook '/home/nvidia/f1tenth_ws/install/vesc_msgs/share/vesc_msgs/hook/ld_library_path_lib.ps1'
[13.741s] INFO:colcon.colcon_core.shell:Creating environment descriptor '/home/nvidia/f1tenth_ws/install/vesc_msgs/share/vesc_msgs/hook/ld_library_path_lib.dsv'
[13.743s] INFO:colcon.colcon_core.shell:Creating environment hook '/home/nvidia/f1tenth_ws/install/vesc_msgs/share/vesc_msgs/hook/ld_library_path_lib.sh'
[13.745s] Level 1:colcon.colcon_core.environment:checking '/home/nvidia/f1tenth_ws/install/vesc_msgs/bin'
[13.746s] Level 1:colcon.colcon_core.environment:checking '/home/nvidia/f1tenth_ws/install/vesc_msgs/lib/pkgconfig/vesc_msgs.pc'
[13.748s] Level 1:colcon.colcon_core.environment:checking '/home/nvidia/f1tenth_ws/install/vesc_msgs/lib/python3.8/site-packages'
[13.748s] Level 1:colcon.colcon_core.shell:create_environment_hook('vesc_msgs', 'pythonpath')
[13.749s] INFO:colcon.colcon_core.shell:Creating environment hook '/home/nvidia/f1tenth_ws/install/vesc_msgs/share/vesc_msgs/hook/pythonpath.ps1'
[13.752s] INFO:colcon.colcon_core.shell:Creating environment descriptor '/home/nvidia/f1tenth_ws/install/vesc_msgs/share/vesc_msgs/hook/pythonpath.dsv'
[13.754s] INFO:colcon.colcon_core.shell:Creating environment hook '/home/nvidia/f1tenth_ws/install/vesc_msgs/share/vesc_msgs/hook/pythonpath.sh'
[13.756s] Level 1:colcon.colcon_core.environment:checking '/home/nvidia/f1tenth_ws/install/vesc_msgs/bin'
[13.758s] INFO:colcon.colcon_core.shell:Creating package script '/home/nvidia/f1tenth_ws/install/vesc_msgs/share/vesc_msgs/package.ps1'
[13.762s] INFO:colcon.colcon_core.shell:Creating package descriptor '/home/nvidia/f1tenth_ws/install/vesc_msgs/share/vesc_msgs/package.dsv'
[13.764s] INFO:colcon.colcon_core.shell:Creating package script '/home/nvidia/f1tenth_ws/install/vesc_msgs/share/vesc_msgs/package.sh'
[13.768s] INFO:colcon.colcon_core.shell:Creating package script '/home/nvidia/f1tenth_ws/install/vesc_msgs/share/vesc_msgs/package.bash'
[13.770s] INFO:colcon.colcon_core.shell:Creating package script '/home/nvidia/f1tenth_ws/install/vesc_msgs/share/vesc_msgs/package.zsh'
[13.772s] Level 1:colcon.colcon_core.environment:create_file_with_runtime_dependencies(/home/nvidia/f1tenth_ws/install/vesc_msgs/share/colcon-core/packages/vesc_msgs)
[13.797s] DEBUG:colcon.colcon_core.event_handler.log_command:Invoked command in '/home/nvidia/f1tenth_ws/src/f1tenth_controllers' returned '1': PYTHONPATH=/home/nvidia/f1tenth_ws/build/f1tenth_controllers/prefix_override:/usr/lib/python3/dist-packages/colcon_core/task/python/colcon_distutils_commands:/home/nvidia/f1tenth_ws/install/f1tenth_controllers/lib/python3.8/site-packages:${PYTHONPATH} /usr/bin/python3 -W ignore:setup.py install is deprecated setup.py egg_info --egg-base ../../build/f1tenth_controllers build --build-base /home/nvidia/f1tenth_ws/build/f1tenth_controllers/build install --record /home/nvidia/f1tenth_ws/build/f1tenth_controllers/install.log --install-scripts $base/lib/f1tenth_controllers --single-version-externally-managed install_data
[13.813s] DEBUG:colcon.colcon_core.event_handler.log_command:Invoked command in '/home/nvidia/f1tenth_ws/src/mapping' returned '1': PYTHONPATH=/home/nvidia/f1tenth_ws/build/mapping/prefix_override:/usr/lib/python3/dist-packages/colcon_core/task/python/colcon_distutils_commands:/home/nvidia/f1tenth_ws/install/mapping/lib/python3.8/site-packages:${PYTHONPATH} /usr/bin/python3 -W ignore:setup.py install is deprecated setup.py egg_info --egg-base ../../build/mapping build --build-base /home/nvidia/f1tenth_ws/build/mapping/build install --record /home/nvidia/f1tenth_ws/build/mapping/install.log --install-scripts $base/lib/mapping --single-version-externally-managed install_data
[14.285s] DEBUG:colcon.colcon_parallel_executor.executor.parallel:closing loop
[14.287s] DEBUG:colcon.colcon_parallel_executor.executor.parallel:loop closed
[14.287s] DEBUG:colcon.colcon_parallel_executor.executor.parallel:run_until_complete finished with '1'
[14.288s] DEBUG:colcon.colcon_core.event_reactor:joining thread
[14.334s] INFO:colcon.colcon_core.plugin_system:Skipping extension 'colcon_notification.desktop_notification.terminal_notifier': Not used on non-Darwin systems
[14.335s] INFO:colcon.colcon_core.plugin_system:Skipping extension 'colcon_notification.desktop_notification.win32': Not used on non-Windows systems
[14.335s] INFO:colcon.colcon_notification.desktop_notification:Sending desktop notification using 'notify2'
[14.450s] DEBUG:colcon.colcon_core.event_reactor:joined thread
[14.453s] INFO:colcon.colcon_core.shell:Creating prefix script '/home/nvidia/f1tenth_ws/install/local_setup.ps1'
[14.463s] INFO:colcon.colcon_core.shell:Creating prefix util module '/home/nvidia/f1tenth_ws/install/_local_setup_util_ps1.py'
[14.470s] INFO:colcon.colcon_core.shell:Creating prefix chain script '/home/nvidia/f1tenth_ws/install/setup.ps1'
[14.484s] INFO:colcon.colcon_core.shell:Creating prefix script '/home/nvidia/f1tenth_ws/install/local_setup.sh'
[14.487s] INFO:colcon.colcon_core.shell:Creating prefix util module '/home/nvidia/f1tenth_ws/install/_local_setup_util_sh.py'
[14.491s] INFO:colcon.colcon_core.shell:Creating prefix chain script '/home/nvidia/f1tenth_ws/install/setup.sh'
[14.504s] INFO:colcon.colcon_core.shell:Creating prefix script '/home/nvidia/f1tenth_ws/install/local_setup.bash'
[14.509s] INFO:colcon.colcon_core.shell:Creating prefix chain script '/home/nvidia/f1tenth_ws/install/setup.bash'
[14.522s] INFO:colcon.colcon_core.shell:Creating prefix script '/home/nvidia/f1tenth_ws/install/local_setup.zsh'
[14.525s] INFO:colcon.colcon_core.shell:Creating prefix chain script '/home/nvidia/f1tenth_ws/install/setup.zsh'
