[1.078s] DEBUG:colcon:Command line arguments: ['/usr/bin/colcon', 'build']
[1.078s] DEBUG:colcon:Parsed command line arguments: Namespace(allow_overriding=[], ament_cmake_args=None, base_paths=['.'], build_base='build', catkin_cmake_args=None, catkin_skip_building_tests=False, cmake_args=None, cmake_clean_cache=False, cmake_clean_first=False, cmake_force_configure=False, cmake_target=None, cmake_target_skip_unavailable=False, continue_on_error=False, event_handlers=None, executor='parallel', ignore_user_meta=False, install_base='install', log_base=None, log_level=None, main=<bound method BuildVerb.main of <colcon_core.verb.build.BuildVerb object at 0xffff94311fd0>>, merge_install=False, metas=['./colcon.meta'], mixin=None, mixin_files=None, mixin_verb=('build',), packages_above=None, packages_above_and_dependencies=None, packages_above_depth=None, packages_end=None, packages_ignore=None, packages_ignore_regex=None, packages_select=None, packages_select_build_failed=False, packages_select_by_dep=None, packages_select_regex=None, packages_select_test_failures=False, packages_skip=None, packages_skip_build_finished=False, packages_skip_by_dep=None, packages_skip_regex=None, packages_skip_test_passed=False, packages_skip_up_to=None, packages_start=None, packages_up_to=None, packages_up_to_regex=None, parallel_workers=6, paths=None, symlink_install=False, test_result_base=None, verb_extension=<colcon_core.verb.build.BuildVerb object at 0xffff94311fd0>, verb_name='build', verb_parser=<colcon_mixin.mixin.mixin_argument.MixinArgumentDecorator object at 0xffff9425d2b0>)
[1.819s] Level 1:colcon.colcon_core.package_discovery:discover_packages(colcon_meta) check parameters
[1.820s] Level 1:colcon.colcon_core.package_discovery:discover_packages(recursive) check parameters
[1.820s] Level 1:colcon.colcon_core.package_discovery:discover_packages(ignore) check parameters
[1.820s] Level 1:colcon.colcon_core.package_discovery:discover_packages(path) check parameters
[1.820s] Level 1:colcon.colcon_core.package_discovery:discover_packages(colcon_meta) discover
[1.821s] Level 1:colcon.colcon_core.package_discovery:discover_packages(recursive) discover
[1.822s] INFO:colcon.colcon_core.package_discovery:Crawling recursively for packages in '/home/nvidia/f1tenth_ws'
[1.822s] Level 1:colcon.colcon_core.package_identification:_identify(.) by extensions ['ignore', 'ignore_ament_install']
[1.823s] Level 1:colcon.colcon_core.package_identification:_identify(.) by extension 'ignore'
[1.823s] Level 1:colcon.colcon_core.package_identification:_identify(.) by extension 'ignore_ament_install'
[1.824s] Level 1:colcon.colcon_core.package_identification:_identify(.) by extensions ['colcon_pkg']
[1.824s] Level 1:colcon.colcon_core.package_identification:_identify(.) by extension 'colcon_pkg'
[1.824s] Level 1:colcon.colcon_core.package_identification:_identify(.) by extensions ['colcon_meta']
[1.824s] Level 1:colcon.colcon_core.package_identification:_identify(.) by extension 'colcon_meta'
[1.825s] Level 1:colcon.colcon_core.package_identification:_identify(.) by extensions ['ros']
[1.825s] Level 1:colcon.colcon_core.package_identification:_identify(.) by extension 'ros'
[1.890s] Level 1:colcon.colcon_core.package_identification:_identify(.) by extensions ['cmake', 'python']
[1.890s] Level 1:colcon.colcon_core.package_identification:_identify(.) by extension 'cmake'
[1.890s] Level 1:colcon.colcon_core.package_identification:_identify(.) by extension 'python'
[1.891s] Level 1:colcon.colcon_core.package_identification:_identify(.) by extensions ['python_setup_py']
[1.891s] Level 1:colcon.colcon_core.package_identification:_identify(.) by extension 'python_setup_py'
[1.892s] Level 1:colcon.colcon_core.package_identification:_identify(build) by extensions ['ignore', 'ignore_ament_install']
[1.892s] Level 1:colcon.colcon_core.package_identification:_identify(build) by extension 'ignore'
[1.893s] Level 1:colcon.colcon_core.package_identification:_identify(build) ignored
[1.893s] Level 1:colcon.colcon_core.package_identification:_identify(install) by extensions ['ignore', 'ignore_ament_install']
[1.894s] Level 1:colcon.colcon_core.package_identification:_identify(install) by extension 'ignore'
[1.894s] Level 1:colcon.colcon_core.package_identification:_identify(install) ignored
[1.895s] Level 1:colcon.colcon_core.package_identification:_identify(log) by extensions ['ignore', 'ignore_ament_install']
[1.895s] Level 1:colcon.colcon_core.package_identification:_identify(log) by extension 'ignore'
[1.896s] Level 1:colcon.colcon_core.package_identification:_identify(log) ignored
[1.896s] Level 1:colcon.colcon_core.package_identification:_identify(maps) by extensions ['ignore', 'ignore_ament_install']
[1.897s] Level 1:colcon.colcon_core.package_identification:_identify(maps) by extension 'ignore'
[1.897s] Level 1:colcon.colcon_core.package_identification:_identify(maps) by extension 'ignore_ament_install'
[1.897s] Level 1:colcon.colcon_core.package_identification:_identify(maps) by extensions ['colcon_pkg']
[1.897s] Level 1:colcon.colcon_core.package_identification:_identify(maps) by extension 'colcon_pkg'
[1.898s] Level 1:colcon.colcon_core.package_identification:_identify(maps) by extensions ['colcon_meta']
[1.898s] Level 1:colcon.colcon_core.package_identification:_identify(maps) by extension 'colcon_meta'
[1.898s] Level 1:colcon.colcon_core.package_identification:_identify(maps) by extensions ['ros']
[1.898s] Level 1:colcon.colcon_core.package_identification:_identify(maps) by extension 'ros'
[1.899s] Level 1:colcon.colcon_core.package_identification:_identify(maps) by extensions ['cmake', 'python']
[1.899s] Level 1:colcon.colcon_core.package_identification:_identify(maps) by extension 'cmake'
[1.899s] Level 1:colcon.colcon_core.package_identification:_identify(maps) by extension 'python'
[1.900s] Level 1:colcon.colcon_core.package_identification:_identify(maps) by extensions ['python_setup_py']
[1.900s] Level 1:colcon.colcon_core.package_identification:_identify(maps) by extension 'python_setup_py'
[1.900s] Level 1:colcon.colcon_core.package_identification:_identify(scripts) by extensions ['ignore', 'ignore_ament_install']
[1.901s] Level 1:colcon.colcon_core.package_identification:_identify(scripts) by extension 'ignore'
[1.901s] Level 1:colcon.colcon_core.package_identification:_identify(scripts) by extension 'ignore_ament_install'
[1.901s] Level 1:colcon.colcon_core.package_identification:_identify(scripts) by extensions ['colcon_pkg']
[1.901s] Level 1:colcon.colcon_core.package_identification:_identify(scripts) by extension 'colcon_pkg'
[1.902s] Level 1:colcon.colcon_core.package_identification:_identify(scripts) by extensions ['colcon_meta']
[1.902s] Level 1:colcon.colcon_core.package_identification:_identify(scripts) by extension 'colcon_meta'
[1.902s] Level 1:colcon.colcon_core.package_identification:_identify(scripts) by extensions ['ros']
[1.902s] Level 1:colcon.colcon_core.package_identification:_identify(scripts) by extension 'ros'
[1.903s] Level 1:colcon.colcon_core.package_identification:_identify(scripts) by extensions ['cmake', 'python']
[1.903s] Level 1:colcon.colcon_core.package_identification:_identify(scripts) by extension 'cmake'
[1.903s] Level 1:colcon.colcon_core.package_identification:_identify(scripts) by extension 'python'
[1.904s] Level 1:colcon.colcon_core.package_identification:_identify(scripts) by extensions ['python_setup_py']
[1.904s] Level 1:colcon.colcon_core.package_identification:_identify(scripts) by extension 'python_setup_py'
[1.904s] Level 1:colcon.colcon_core.package_identification:_identify(src) by extensions ['ignore', 'ignore_ament_install']
[1.905s] Level 1:colcon.colcon_core.package_identification:_identify(src) by extension 'ignore'
[1.905s] Level 1:colcon.colcon_core.package_identification:_identify(src) by extension 'ignore_ament_install'
[1.906s] Level 1:colcon.colcon_core.package_identification:_identify(src) by extensions ['colcon_pkg']
[1.906s] Level 1:colcon.colcon_core.package_identification:_identify(src) by extension 'colcon_pkg'
[1.906s] Level 1:colcon.colcon_core.package_identification:_identify(src) by extensions ['colcon_meta']
[1.906s] Level 1:colcon.colcon_core.package_identification:_identify(src) by extension 'colcon_meta'
[1.906s] Level 1:colcon.colcon_core.package_identification:_identify(src) by extensions ['ros']
[1.907s] Level 1:colcon.colcon_core.package_identification:_identify(src) by extension 'ros'
[1.907s] Level 1:colcon.colcon_core.package_identification:_identify(src) by extensions ['cmake', 'python']
[1.907s] Level 1:colcon.colcon_core.package_identification:_identify(src) by extension 'cmake'
[1.908s] Level 1:colcon.colcon_core.package_identification:_identify(src) by extension 'python'
[1.908s] Level 1:colcon.colcon_core.package_identification:_identify(src) by extensions ['python_setup_py']
[1.908s] Level 1:colcon.colcon_core.package_identification:_identify(src) by extension 'python_setup_py'
[1.909s] Level 1:colcon.colcon_core.package_identification:_identify(src/f1tenth_controllers) by extensions ['ignore', 'ignore_ament_install']
[1.909s] Level 1:colcon.colcon_core.package_identification:_identify(src/f1tenth_controllers) by extension 'ignore'
[1.909s] Level 1:colcon.colcon_core.package_identification:_identify(src/f1tenth_controllers) by extension 'ignore_ament_install'
[1.909s] Level 1:colcon.colcon_core.package_identification:_identify(src/f1tenth_controllers) by extensions ['colcon_pkg']
[1.910s] Level 1:colcon.colcon_core.package_identification:_identify(src/f1tenth_controllers) by extension 'colcon_pkg'
[1.910s] Level 1:colcon.colcon_core.package_identification:_identify(src/f1tenth_controllers) by extensions ['colcon_meta']
[1.910s] Level 1:colcon.colcon_core.package_identification:_identify(src/f1tenth_controllers) by extension 'colcon_meta'
[1.910s] Level 1:colcon.colcon_core.package_identification:_identify(src/f1tenth_controllers) by extensions ['ros']
[1.911s] Level 1:colcon.colcon_core.package_identification:_identify(src/f1tenth_controllers) by extension 'ros'
[1.925s] DEBUG:colcon.colcon_core.package_identification:Package 'src/f1tenth_controllers' with type 'ros.ament_python' and name 'f1tenth_controllers'
[1.926s] Level 1:colcon.colcon_core.package_identification:_identify(src/f1tenth_system) by extensions ['ignore', 'ignore_ament_install']
[1.926s] Level 1:colcon.colcon_core.package_identification:_identify(src/f1tenth_system) by extension 'ignore'
[1.927s] Level 1:colcon.colcon_core.package_identification:_identify(src/f1tenth_system) by extension 'ignore_ament_install'
[1.927s] Level 1:colcon.colcon_core.package_identification:_identify(src/f1tenth_system) by extensions ['colcon_pkg']
[1.927s] Level 1:colcon.colcon_core.package_identification:_identify(src/f1tenth_system) by extension 'colcon_pkg'
[1.928s] Level 1:colcon.colcon_core.package_identification:_identify(src/f1tenth_system) by extensions ['colcon_meta']
[1.928s] Level 1:colcon.colcon_core.package_identification:_identify(src/f1tenth_system) by extension 'colcon_meta'
[1.928s] Level 1:colcon.colcon_core.package_identification:_identify(src/f1tenth_system) by extensions ['ros']
[1.928s] Level 1:colcon.colcon_core.package_identification:_identify(src/f1tenth_system) by extension 'ros'
[1.929s] Level 1:colcon.colcon_core.package_identification:_identify(src/f1tenth_system) by extensions ['cmake', 'python']
[1.929s] Level 1:colcon.colcon_core.package_identification:_identify(src/f1tenth_system) by extension 'cmake'
[1.929s] Level 1:colcon.colcon_core.package_identification:_identify(src/f1tenth_system) by extension 'python'
[1.930s] Level 1:colcon.colcon_core.package_identification:_identify(src/f1tenth_system) by extensions ['python_setup_py']
[1.930s] Level 1:colcon.colcon_core.package_identification:_identify(src/f1tenth_system) by extension 'python_setup_py'
[1.931s] Level 1:colcon.colcon_core.package_identification:_identify(src/f1tenth_system/ackermann_mux) by extensions ['ignore', 'ignore_ament_install']
[1.931s] Level 1:colcon.colcon_core.package_identification:_identify(src/f1tenth_system/ackermann_mux) by extension 'ignore'
[1.931s] Level 1:colcon.colcon_core.package_identification:_identify(src/f1tenth_system/ackermann_mux) by extension 'ignore_ament_install'
[1.932s] Level 1:colcon.colcon_core.package_identification:_identify(src/f1tenth_system/ackermann_mux) by extensions ['colcon_pkg']
[1.932s] Level 1:colcon.colcon_core.package_identification:_identify(src/f1tenth_system/ackermann_mux) by extension 'colcon_pkg'
[1.932s] Level 1:colcon.colcon_core.package_identification:_identify(src/f1tenth_system/ackermann_mux) by extensions ['colcon_meta']
[1.932s] Level 1:colcon.colcon_core.package_identification:_identify(src/f1tenth_system/ackermann_mux) by extension 'colcon_meta'
[1.933s] Level 1:colcon.colcon_core.package_identification:_identify(src/f1tenth_system/ackermann_mux) by extensions ['ros']
[1.933s] Level 1:colcon.colcon_core.package_identification:_identify(src/f1tenth_system/ackermann_mux) by extension 'ros'
[1.938s] DEBUG:colcon.colcon_core.package_identification:Package 'src/f1tenth_system/ackermann_mux' with type 'ros.ament_cmake' and name 'ackermann_mux'
[1.939s] Level 1:colcon.colcon_core.package_identification:_identify(src/f1tenth_system/f1tenth_stack) by extensions ['ignore', 'ignore_ament_install']
[1.939s] Level 1:colcon.colcon_core.package_identification:_identify(src/f1tenth_system/f1tenth_stack) by extension 'ignore'
[1.940s] Level 1:colcon.colcon_core.package_identification:_identify(src/f1tenth_system/f1tenth_stack) by extension 'ignore_ament_install'
[1.940s] Level 1:colcon.colcon_core.package_identification:_identify(src/f1tenth_system/f1tenth_stack) by extensions ['colcon_pkg']
[1.940s] Level 1:colcon.colcon_core.package_identification:_identify(src/f1tenth_system/f1tenth_stack) by extension 'colcon_pkg'
[1.941s] Level 1:colcon.colcon_core.package_identification:_identify(src/f1tenth_system/f1tenth_stack) by extensions ['colcon_meta']
[1.941s] Level 1:colcon.colcon_core.package_identification:_identify(src/f1tenth_system/f1tenth_stack) by extension 'colcon_meta'
[1.941s] Level 1:colcon.colcon_core.package_identification:_identify(src/f1tenth_system/f1tenth_stack) by extensions ['ros']
[1.941s] Level 1:colcon.colcon_core.package_identification:_identify(src/f1tenth_system/f1tenth_stack) by extension 'ros'
[1.947s] DEBUG:colcon.colcon_core.package_identification:Package 'src/f1tenth_system/f1tenth_stack' with type 'ros.ament_python' and name 'f1tenth_stack'
[1.948s] Level 1:colcon.colcon_core.package_identification:_identify(src/f1tenth_system/scripts) by extensions ['ignore', 'ignore_ament_install']
[1.948s] Level 1:colcon.colcon_core.package_identification:_identify(src/f1tenth_system/scripts) by extension 'ignore'
[1.948s] Level 1:colcon.colcon_core.package_identification:_identify(src/f1tenth_system/scripts) by extension 'ignore_ament_install'
[1.949s] Level 1:colcon.colcon_core.package_identification:_identify(src/f1tenth_system/scripts) by extensions ['colcon_pkg']
[1.949s] Level 1:colcon.colcon_core.package_identification:_identify(src/f1tenth_system/scripts) by extension 'colcon_pkg'
[1.949s] Level 1:colcon.colcon_core.package_identification:_identify(src/f1tenth_system/scripts) by extensions ['colcon_meta']
[1.950s] Level 1:colcon.colcon_core.package_identification:_identify(src/f1tenth_system/scripts) by extension 'colcon_meta'
[1.950s] Level 1:colcon.colcon_core.package_identification:_identify(src/f1tenth_system/scripts) by extensions ['ros']
[1.950s] Level 1:colcon.colcon_core.package_identification:_identify(src/f1tenth_system/scripts) by extension 'ros'
[1.951s] Level 1:colcon.colcon_core.package_identification:_identify(src/f1tenth_system/scripts) by extensions ['cmake', 'python']
[1.951s] Level 1:colcon.colcon_core.package_identification:_identify(src/f1tenth_system/scripts) by extension 'cmake'
[1.951s] Level 1:colcon.colcon_core.package_identification:_identify(src/f1tenth_system/scripts) by extension 'python'
[1.951s] Level 1:colcon.colcon_core.package_identification:_identify(src/f1tenth_system/scripts) by extensions ['python_setup_py']
[1.951s] Level 1:colcon.colcon_core.package_identification:_identify(src/f1tenth_system/scripts) by extension 'python_setup_py'
[1.952s] Level 1:colcon.colcon_core.package_identification:_identify(src/f1tenth_system/teleop_tools) by extensions ['ignore', 'ignore_ament_install']
[1.953s] Level 1:colcon.colcon_core.package_identification:_identify(src/f1tenth_system/teleop_tools) by extension 'ignore'
[1.953s] Level 1:colcon.colcon_core.package_identification:_identify(src/f1tenth_system/teleop_tools) by extension 'ignore_ament_install'
[1.953s] Level 1:colcon.colcon_core.package_identification:_identify(src/f1tenth_system/teleop_tools) by extensions ['colcon_pkg']
[1.953s] Level 1:colcon.colcon_core.package_identification:_identify(src/f1tenth_system/teleop_tools) by extension 'colcon_pkg'
[1.954s] Level 1:colcon.colcon_core.package_identification:_identify(src/f1tenth_system/teleop_tools) by extensions ['colcon_meta']
[1.954s] Level 1:colcon.colcon_core.package_identification:_identify(src/f1tenth_system/teleop_tools) by extension 'colcon_meta'
[1.954s] Level 1:colcon.colcon_core.package_identification:_identify(src/f1tenth_system/teleop_tools) by extensions ['ros']
[1.954s] Level 1:colcon.colcon_core.package_identification:_identify(src/f1tenth_system/teleop_tools) by extension 'ros'
[1.955s] Level 1:colcon.colcon_core.package_identification:_identify(src/f1tenth_system/teleop_tools) by extensions ['cmake', 'python']
[1.955s] Level 1:colcon.colcon_core.package_identification:_identify(src/f1tenth_system/teleop_tools) by extension 'cmake'
[1.955s] Level 1:colcon.colcon_core.package_identification:_identify(src/f1tenth_system/teleop_tools) by extension 'python'
[1.955s] Level 1:colcon.colcon_core.package_identification:_identify(src/f1tenth_system/teleop_tools) by extensions ['python_setup_py']
[1.956s] Level 1:colcon.colcon_core.package_identification:_identify(src/f1tenth_system/teleop_tools) by extension 'python_setup_py'
[1.956s] Level 1:colcon.colcon_core.package_identification:_identify(src/f1tenth_system/teleop_tools/joy_teleop) by extensions ['ignore', 'ignore_ament_install']
[1.957s] Level 1:colcon.colcon_core.package_identification:_identify(src/f1tenth_system/teleop_tools/joy_teleop) by extension 'ignore'
[1.957s] Level 1:colcon.colcon_core.package_identification:_identify(src/f1tenth_system/teleop_tools/joy_teleop) by extension 'ignore_ament_install'
[1.957s] Level 1:colcon.colcon_core.package_identification:_identify(src/f1tenth_system/teleop_tools/joy_teleop) by extensions ['colcon_pkg']
[1.957s] Level 1:colcon.colcon_core.package_identification:_identify(src/f1tenth_system/teleop_tools/joy_teleop) by extension 'colcon_pkg'
[1.958s] Level 1:colcon.colcon_core.package_identification:_identify(src/f1tenth_system/teleop_tools/joy_teleop) by extensions ['colcon_meta']
[1.958s] Level 1:colcon.colcon_core.package_identification:_identify(src/f1tenth_system/teleop_tools/joy_teleop) by extension 'colcon_meta'
[1.958s] Level 1:colcon.colcon_core.package_identification:_identify(src/f1tenth_system/teleop_tools/joy_teleop) by extensions ['ros']
[1.958s] Level 1:colcon.colcon_core.package_identification:_identify(src/f1tenth_system/teleop_tools/joy_teleop) by extension 'ros'
[1.963s] DEBUG:colcon.colcon_core.package_identification:Package 'src/f1tenth_system/teleop_tools/joy_teleop' with type 'ros.ament_python' and name 'joy_teleop'
[1.963s] Level 1:colcon.colcon_core.package_identification:_identify(src/f1tenth_system/teleop_tools/key_teleop) by extensions ['ignore', 'ignore_ament_install']
[1.964s] Level 1:colcon.colcon_core.package_identification:_identify(src/f1tenth_system/teleop_tools/key_teleop) by extension 'ignore'
[1.964s] Level 1:colcon.colcon_core.package_identification:_identify(src/f1tenth_system/teleop_tools/key_teleop) by extension 'ignore_ament_install'
[1.964s] Level 1:colcon.colcon_core.package_identification:_identify(src/f1tenth_system/teleop_tools/key_teleop) by extensions ['colcon_pkg']
[1.965s] Level 1:colcon.colcon_core.package_identification:_identify(src/f1tenth_system/teleop_tools/key_teleop) by extension 'colcon_pkg'
[1.965s] Level 1:colcon.colcon_core.package_identification:_identify(src/f1tenth_system/teleop_tools/key_teleop) by extensions ['colcon_meta']
[1.965s] Level 1:colcon.colcon_core.package_identification:_identify(src/f1tenth_system/teleop_tools/key_teleop) by extension 'colcon_meta'
[1.965s] Level 1:colcon.colcon_core.package_identification:_identify(src/f1tenth_system/teleop_tools/key_teleop) by extensions ['ros']
[1.966s] Level 1:colcon.colcon_core.package_identification:_identify(src/f1tenth_system/teleop_tools/key_teleop) by extension 'ros'
[1.971s] DEBUG:colcon.colcon_core.package_identification:Package 'src/f1tenth_system/teleop_tools/key_teleop' with type 'ros.ament_python' and name 'key_teleop'
[1.972s] Level 1:colcon.colcon_core.package_identification:_identify(src/f1tenth_system/teleop_tools/mouse_teleop) by extensions ['ignore', 'ignore_ament_install']
[1.972s] Level 1:colcon.colcon_core.package_identification:_identify(src/f1tenth_system/teleop_tools/mouse_teleop) by extension 'ignore'
[1.972s] Level 1:colcon.colcon_core.package_identification:_identify(src/f1tenth_system/teleop_tools/mouse_teleop) by extension 'ignore_ament_install'
[1.973s] Level 1:colcon.colcon_core.package_identification:_identify(src/f1tenth_system/teleop_tools/mouse_teleop) by extensions ['colcon_pkg']
[1.973s] Level 1:colcon.colcon_core.package_identification:_identify(src/f1tenth_system/teleop_tools/mouse_teleop) by extension 'colcon_pkg'
[1.973s] Level 1:colcon.colcon_core.package_identification:_identify(src/f1tenth_system/teleop_tools/mouse_teleop) by extensions ['colcon_meta']
[1.973s] Level 1:colcon.colcon_core.package_identification:_identify(src/f1tenth_system/teleop_tools/mouse_teleop) by extension 'colcon_meta'
[1.974s] Level 1:colcon.colcon_core.package_identification:_identify(src/f1tenth_system/teleop_tools/mouse_teleop) by extensions ['ros']
[1.974s] Level 1:colcon.colcon_core.package_identification:_identify(src/f1tenth_system/teleop_tools/mouse_teleop) by extension 'ros'
[1.977s] DEBUG:colcon.colcon_core.package_identification:Package 'src/f1tenth_system/teleop_tools/mouse_teleop' with type 'ros.ament_python' and name 'mouse_teleop'
[1.978s] Level 1:colcon.colcon_core.package_identification:_identify(src/f1tenth_system/teleop_tools/teleop_tools) by extensions ['ignore', 'ignore_ament_install']
[1.979s] Level 1:colcon.colcon_core.package_identification:_identify(src/f1tenth_system/teleop_tools/teleop_tools) by extension 'ignore'
[1.979s] Level 1:colcon.colcon_core.package_identification:_identify(src/f1tenth_system/teleop_tools/teleop_tools) by extension 'ignore_ament_install'
[1.980s] Level 1:colcon.colcon_core.package_identification:_identify(src/f1tenth_system/teleop_tools/teleop_tools) by extensions ['colcon_pkg']
[1.980s] Level 1:colcon.colcon_core.package_identification:_identify(src/f1tenth_system/teleop_tools/teleop_tools) by extension 'colcon_pkg'
[1.980s] Level 1:colcon.colcon_core.package_identification:_identify(src/f1tenth_system/teleop_tools/teleop_tools) by extensions ['colcon_meta']
[1.980s] Level 1:colcon.colcon_core.package_identification:_identify(src/f1tenth_system/teleop_tools/teleop_tools) by extension 'colcon_meta'
[1.981s] Level 1:colcon.colcon_core.package_identification:_identify(src/f1tenth_system/teleop_tools/teleop_tools) by extensions ['ros']
[1.981s] Level 1:colcon.colcon_core.package_identification:_identify(src/f1tenth_system/teleop_tools/teleop_tools) by extension 'ros'
[1.984s] DEBUG:colcon.colcon_core.package_identification:Package 'src/f1tenth_system/teleop_tools/teleop_tools' with type 'ros.ament_cmake' and name 'teleop_tools'
[1.985s] Level 1:colcon.colcon_core.package_identification:_identify(src/f1tenth_system/teleop_tools/teleop_tools_msgs) by extensions ['ignore', 'ignore_ament_install']
[1.985s] Level 1:colcon.colcon_core.package_identification:_identify(src/f1tenth_system/teleop_tools/teleop_tools_msgs) by extension 'ignore'
[1.986s] Level 1:colcon.colcon_core.package_identification:_identify(src/f1tenth_system/teleop_tools/teleop_tools_msgs) by extension 'ignore_ament_install'
[1.986s] Level 1:colcon.colcon_core.package_identification:_identify(src/f1tenth_system/teleop_tools/teleop_tools_msgs) by extensions ['colcon_pkg']
[1.986s] Level 1:colcon.colcon_core.package_identification:_identify(src/f1tenth_system/teleop_tools/teleop_tools_msgs) by extension 'colcon_pkg'
[1.987s] Level 1:colcon.colcon_core.package_identification:_identify(src/f1tenth_system/teleop_tools/teleop_tools_msgs) by extensions ['colcon_meta']
[1.987s] Level 1:colcon.colcon_core.package_identification:_identify(src/f1tenth_system/teleop_tools/teleop_tools_msgs) by extension 'colcon_meta'
[1.987s] Level 1:colcon.colcon_core.package_identification:_identify(src/f1tenth_system/teleop_tools/teleop_tools_msgs) by extensions ['ros']
[1.988s] Level 1:colcon.colcon_core.package_identification:_identify(src/f1tenth_system/teleop_tools/teleop_tools_msgs) by extension 'ros'
[1.991s] DEBUG:colcon.colcon_core.package_identification:Package 'src/f1tenth_system/teleop_tools/teleop_tools_msgs' with type 'ros.ament_cmake' and name 'teleop_tools_msgs'
[1.992s] Level 1:colcon.colcon_core.package_identification:_identify(src/f1tenth_system/vesc) by extensions ['ignore', 'ignore_ament_install']
[1.992s] Level 1:colcon.colcon_core.package_identification:_identify(src/f1tenth_system/vesc) by extension 'ignore'
[1.992s] Level 1:colcon.colcon_core.package_identification:_identify(src/f1tenth_system/vesc) by extension 'ignore_ament_install'
[1.993s] Level 1:colcon.colcon_core.package_identification:_identify(src/f1tenth_system/vesc) by extensions ['colcon_pkg']
[1.993s] Level 1:colcon.colcon_core.package_identification:_identify(src/f1tenth_system/vesc) by extension 'colcon_pkg'
[1.993s] Level 1:colcon.colcon_core.package_identification:_identify(src/f1tenth_system/vesc) by extensions ['colcon_meta']
[1.993s] Level 1:colcon.colcon_core.package_identification:_identify(src/f1tenth_system/vesc) by extension 'colcon_meta'
[1.994s] Level 1:colcon.colcon_core.package_identification:_identify(src/f1tenth_system/vesc) by extensions ['ros']
[1.994s] Level 1:colcon.colcon_core.package_identification:_identify(src/f1tenth_system/vesc) by extension 'ros'
[1.994s] Level 1:colcon.colcon_core.package_identification:_identify(src/f1tenth_system/vesc) by extensions ['cmake', 'python']
[1.995s] Level 1:colcon.colcon_core.package_identification:_identify(src/f1tenth_system/vesc) by extension 'cmake'
[1.995s] Level 1:colcon.colcon_core.package_identification:_identify(src/f1tenth_system/vesc) by extension 'python'
[1.995s] Level 1:colcon.colcon_core.package_identification:_identify(src/f1tenth_system/vesc) by extensions ['python_setup_py']
[1.995s] Level 1:colcon.colcon_core.package_identification:_identify(src/f1tenth_system/vesc) by extension 'python_setup_py'
[1.996s] Level 1:colcon.colcon_core.package_identification:_identify(src/f1tenth_system/vesc/vesc) by extensions ['ignore', 'ignore_ament_install']
[1.996s] Level 1:colcon.colcon_core.package_identification:_identify(src/f1tenth_system/vesc/vesc) by extension 'ignore'
[1.997s] Level 1:colcon.colcon_core.package_identification:_identify(src/f1tenth_system/vesc/vesc) by extension 'ignore_ament_install'
[1.997s] Level 1:colcon.colcon_core.package_identification:_identify(src/f1tenth_system/vesc/vesc) by extensions ['colcon_pkg']
[1.997s] Level 1:colcon.colcon_core.package_identification:_identify(src/f1tenth_system/vesc/vesc) by extension 'colcon_pkg'
[1.997s] Level 1:colcon.colcon_core.package_identification:_identify(src/f1tenth_system/vesc/vesc) by extensions ['colcon_meta']
[1.998s] Level 1:colcon.colcon_core.package_identification:_identify(src/f1tenth_system/vesc/vesc) by extension 'colcon_meta'
[1.998s] Level 1:colcon.colcon_core.package_identification:_identify(src/f1tenth_system/vesc/vesc) by extensions ['ros']
[1.998s] Level 1:colcon.colcon_core.package_identification:_identify(src/f1tenth_system/vesc/vesc) by extension 'ros'
[2.002s] DEBUG:colcon.colcon_core.package_identification:Package 'src/f1tenth_system/vesc/vesc' with type 'ros.ament_cmake' and name 'vesc'
[2.003s] Level 1:colcon.colcon_core.package_identification:_identify(src/f1tenth_system/vesc/vesc_ackermann) by extensions ['ignore', 'ignore_ament_install']
[2.003s] Level 1:colcon.colcon_core.package_identification:_identify(src/f1tenth_system/vesc/vesc_ackermann) by extension 'ignore'
[2.004s] Level 1:colcon.colcon_core.package_identification:_identify(src/f1tenth_system/vesc/vesc_ackermann) by extension 'ignore_ament_install'
[2.004s] Level 1:colcon.colcon_core.package_identification:_identify(src/f1tenth_system/vesc/vesc_ackermann) by extensions ['colcon_pkg']
[2.004s] Level 1:colcon.colcon_core.package_identification:_identify(src/f1tenth_system/vesc/vesc_ackermann) by extension 'colcon_pkg'
[2.004s] Level 1:colcon.colcon_core.package_identification:_identify(src/f1tenth_system/vesc/vesc_ackermann) by extensions ['colcon_meta']
[2.005s] Level 1:colcon.colcon_core.package_identification:_identify(src/f1tenth_system/vesc/vesc_ackermann) by extension 'colcon_meta'
[2.005s] Level 1:colcon.colcon_core.package_identification:_identify(src/f1tenth_system/vesc/vesc_ackermann) by extensions ['ros']
[2.005s] Level 1:colcon.colcon_core.package_identification:_identify(src/f1tenth_system/vesc/vesc_ackermann) by extension 'ros'
[2.012s] DEBUG:colcon.colcon_core.package_identification:Package 'src/f1tenth_system/vesc/vesc_ackermann' with type 'ros.ament_cmake' and name 'vesc_ackermann'
[2.013s] Level 1:colcon.colcon_core.package_identification:_identify(src/f1tenth_system/vesc/vesc_driver) by extensions ['ignore', 'ignore_ament_install']
[2.013s] Level 1:colcon.colcon_core.package_identification:_identify(src/f1tenth_system/vesc/vesc_driver) by extension 'ignore'
[2.013s] Level 1:colcon.colcon_core.package_identification:_identify(src/f1tenth_system/vesc/vesc_driver) by extension 'ignore_ament_install'
[2.014s] Level 1:colcon.colcon_core.package_identification:_identify(src/f1tenth_system/vesc/vesc_driver) by extensions ['colcon_pkg']
[2.014s] Level 1:colcon.colcon_core.package_identification:_identify(src/f1tenth_system/vesc/vesc_driver) by extension 'colcon_pkg'
[2.014s] Level 1:colcon.colcon_core.package_identification:_identify(src/f1tenth_system/vesc/vesc_driver) by extensions ['colcon_meta']
[2.014s] Level 1:colcon.colcon_core.package_identification:_identify(src/f1tenth_system/vesc/vesc_driver) by extension 'colcon_meta'
[2.015s] Level 1:colcon.colcon_core.package_identification:_identify(src/f1tenth_system/vesc/vesc_driver) by extensions ['ros']
[2.015s] Level 1:colcon.colcon_core.package_identification:_identify(src/f1tenth_system/vesc/vesc_driver) by extension 'ros'
[2.021s] DEBUG:colcon.colcon_core.package_identification:Package 'src/f1tenth_system/vesc/vesc_driver' with type 'ros.ament_cmake' and name 'vesc_driver'
[2.022s] Level 1:colcon.colcon_core.package_identification:_identify(src/f1tenth_system/vesc/vesc_msgs) by extensions ['ignore', 'ignore_ament_install']
[2.022s] Level 1:colcon.colcon_core.package_identification:_identify(src/f1tenth_system/vesc/vesc_msgs) by extension 'ignore'
[2.022s] Level 1:colcon.colcon_core.package_identification:_identify(src/f1tenth_system/vesc/vesc_msgs) by extension 'ignore_ament_install'
[2.023s] Level 1:colcon.colcon_core.package_identification:_identify(src/f1tenth_system/vesc/vesc_msgs) by extensions ['colcon_pkg']
[2.023s] Level 1:colcon.colcon_core.package_identification:_identify(src/f1tenth_system/vesc/vesc_msgs) by extension 'colcon_pkg'
[2.023s] Level 1:colcon.colcon_core.package_identification:_identify(src/f1tenth_system/vesc/vesc_msgs) by extensions ['colcon_meta']
[2.023s] Level 1:colcon.colcon_core.package_identification:_identify(src/f1tenth_system/vesc/vesc_msgs) by extension 'colcon_meta'
[2.024s] Level 1:colcon.colcon_core.package_identification:_identify(src/f1tenth_system/vesc/vesc_msgs) by extensions ['ros']
[2.024s] Level 1:colcon.colcon_core.package_identification:_identify(src/f1tenth_system/vesc/vesc_msgs) by extension 'ros'
[2.029s] DEBUG:colcon.colcon_core.package_identification:Package 'src/f1tenth_system/vesc/vesc_msgs' with type 'ros.ament_cmake' and name 'vesc_msgs'
[2.029s] Level 1:colcon.colcon_core.package_identification:_identify(src/mapping) by extensions ['ignore', 'ignore_ament_install']
[2.030s] Level 1:colcon.colcon_core.package_identification:_identify(src/mapping) by extension 'ignore'
[2.030s] Level 1:colcon.colcon_core.package_identification:_identify(src/mapping) by extension 'ignore_ament_install'
[2.030s] Level 1:colcon.colcon_core.package_identification:_identify(src/mapping) by extensions ['colcon_pkg']
[2.030s] Level 1:colcon.colcon_core.package_identification:_identify(src/mapping) by extension 'colcon_pkg'
[2.031s] Level 1:colcon.colcon_core.package_identification:_identify(src/mapping) by extensions ['colcon_meta']
[2.031s] Level 1:colcon.colcon_core.package_identification:_identify(src/mapping) by extension 'colcon_meta'
[2.031s] Level 1:colcon.colcon_core.package_identification:_identify(src/mapping) by extensions ['ros']
[2.031s] Level 1:colcon.colcon_core.package_identification:_identify(src/mapping) by extension 'ros'
[2.034s] DEBUG:colcon.colcon_core.package_identification:Package 'src/mapping' with type 'ros.ament_python' and name 'mapping'
[2.035s] Level 1:colcon.colcon_core.package_identification:_identify(src/new_map_saver) by extensions ['ignore', 'ignore_ament_install']
[2.035s] Level 1:colcon.colcon_core.package_identification:_identify(src/new_map_saver) by extension 'ignore'
[2.035s] Level 1:colcon.colcon_core.package_identification:_identify(src/new_map_saver) by extension 'ignore_ament_install'
[2.036s] Level 1:colcon.colcon_core.package_identification:_identify(src/new_map_saver) by extensions ['colcon_pkg']
[2.036s] Level 1:colcon.colcon_core.package_identification:_identify(src/new_map_saver) by extension 'colcon_pkg'
[2.036s] Level 1:colcon.colcon_core.package_identification:_identify(src/new_map_saver) by extensions ['colcon_meta']
[2.036s] Level 1:colcon.colcon_core.package_identification:_identify(src/new_map_saver) by extension 'colcon_meta'
[2.036s] Level 1:colcon.colcon_core.package_identification:_identify(src/new_map_saver) by extensions ['ros']
[2.037s] Level 1:colcon.colcon_core.package_identification:_identify(src/new_map_saver) by extension 'ros'
[2.039s] DEBUG:colcon.colcon_core.package_identification:Package 'src/new_map_saver' with type 'ros.ament_python' and name 'new_map_saver'
[2.040s] Level 1:colcon.colcon_core.package_identification:_identify(src/phasespace) by extensions ['ignore', 'ignore_ament_install']
[2.040s] Level 1:colcon.colcon_core.package_identification:_identify(src/phasespace) by extension 'ignore'
[2.041s] Level 1:colcon.colcon_core.package_identification:_identify(src/phasespace) by extension 'ignore_ament_install'
[2.041s] Level 1:colcon.colcon_core.package_identification:_identify(src/phasespace) by extensions ['colcon_pkg']
[2.041s] Level 1:colcon.colcon_core.package_identification:_identify(src/phasespace) by extension 'colcon_pkg'
[2.041s] Level 1:colcon.colcon_core.package_identification:_identify(src/phasespace) by extensions ['colcon_meta']
[2.041s] Level 1:colcon.colcon_core.package_identification:_identify(src/phasespace) by extension 'colcon_meta'
[2.042s] Level 1:colcon.colcon_core.package_identification:_identify(src/phasespace) by extensions ['ros']
[2.042s] Level 1:colcon.colcon_core.package_identification:_identify(src/phasespace) by extension 'ros'
[2.045s] DEBUG:colcon.colcon_core.package_identification:Package 'src/phasespace' with type 'ros.ament_python' and name 'phasespace'
[2.045s] Level 1:colcon.colcon_core.package_identification:_identify(src/pure_pursuit) by extensions ['ignore', 'ignore_ament_install']
[2.046s] Level 1:colcon.colcon_core.package_identification:_identify(src/pure_pursuit) by extension 'ignore'
[2.046s] Level 1:colcon.colcon_core.package_identification:_identify(src/pure_pursuit) by extension 'ignore_ament_install'
[2.046s] Level 1:colcon.colcon_core.package_identification:_identify(src/pure_pursuit) by extensions ['colcon_pkg']
[2.047s] Level 1:colcon.colcon_core.package_identification:_identify(src/pure_pursuit) by extension 'colcon_pkg'
[2.047s] Level 1:colcon.colcon_core.package_identification:_identify(src/pure_pursuit) by extensions ['colcon_meta']
[2.047s] Level 1:colcon.colcon_core.package_identification:_identify(src/pure_pursuit) by extension 'colcon_meta'
[2.047s] Level 1:colcon.colcon_core.package_identification:_identify(src/pure_pursuit) by extensions ['ros']
[2.048s] Level 1:colcon.colcon_core.package_identification:_identify(src/pure_pursuit) by extension 'ros'
[2.054s] DEBUG:colcon.colcon_core.package_identification:Package 'src/pure_pursuit' with type 'ros.ament_cmake' and name 'pure_pursuit'
[2.054s] Level 1:colcon.colcon_core.package_discovery:discover_packages(recursive) using defaults
[2.055s] Level 1:colcon.colcon_core.package_discovery:discover_packages(ignore) discover
[2.055s] Level 1:colcon.colcon_core.package_discovery:discover_packages(ignore) using defaults
[2.055s] Level 1:colcon.colcon_core.package_discovery:discover_packages(path) discover
[2.055s] Level 1:colcon.colcon_core.package_discovery:discover_packages(path) using defaults
[2.170s] Level 1:colcon.colcon_core.package_discovery:discover_packages(prefix_path) check parameters
[2.170s] Level 1:colcon.colcon_core.package_discovery:discover_packages(prefix_path) discover
[2.177s] Level 1:colcon.colcon_core.package_discovery:discover_packages(prefix_path) using defaults
[2.184s] Level 5:colcon.colcon_core.verb:set package 'ackermann_mux' build argument 'cmake_args' from command line to 'None'
[2.184s] Level 5:colcon.colcon_core.verb:set package 'ackermann_mux' build argument 'cmake_target' from command line to 'None'
[2.184s] Level 5:colcon.colcon_core.verb:set package 'ackermann_mux' build argument 'cmake_target_skip_unavailable' from command line to 'False'
[2.184s] Level 5:colcon.colcon_core.verb:set package 'ackermann_mux' build argument 'cmake_clean_cache' from command line to 'False'
[2.185s] Level 5:colcon.colcon_core.verb:set package 'ackermann_mux' build argument 'cmake_clean_first' from command line to 'False'
[2.185s] Level 5:colcon.colcon_core.verb:set package 'ackermann_mux' build argument 'cmake_force_configure' from command line to 'False'
[2.185s] Level 5:colcon.colcon_core.verb:set package 'ackermann_mux' build argument 'ament_cmake_args' from command line to 'None'
[2.185s] Level 5:colcon.colcon_core.verb:set package 'ackermann_mux' build argument 'catkin_cmake_args' from command line to 'None'
[2.185s] Level 5:colcon.colcon_core.verb:set package 'ackermann_mux' build argument 'catkin_skip_building_tests' from command line to 'False'
[2.185s] DEBUG:colcon.colcon_core.verb:Building package 'ackermann_mux' with the following arguments: {'ament_cmake_args': None, 'build_base': '/home/nvidia/f1tenth_ws/build/ackermann_mux', 'catkin_cmake_args': None, 'catkin_skip_building_tests': False, 'cmake_args': None, 'cmake_clean_cache': False, 'cmake_clean_first': False, 'cmake_force_configure': False, 'cmake_target': None, 'cmake_target_skip_unavailable': False, 'install_base': '/home/nvidia/f1tenth_ws/install/ackermann_mux', 'merge_install': False, 'path': '/home/nvidia/f1tenth_ws/src/f1tenth_system/ackermann_mux', 'symlink_install': False, 'test_result_base': None}
[2.187s] Level 5:colcon.colcon_core.verb:set package 'f1tenth_controllers' build argument 'cmake_args' from command line to 'None'
[2.188s] Level 5:colcon.colcon_core.verb:set package 'f1tenth_controllers' build argument 'cmake_target' from command line to 'None'
[2.188s] Level 5:colcon.colcon_core.verb:set package 'f1tenth_controllers' build argument 'cmake_target_skip_unavailable' from command line to 'False'
[2.188s] Level 5:colcon.colcon_core.verb:set package 'f1tenth_controllers' build argument 'cmake_clean_cache' from command line to 'False'
[2.188s] Level 5:colcon.colcon_core.verb:set package 'f1tenth_controllers' build argument 'cmake_clean_first' from command line to 'False'
[2.188s] Level 5:colcon.colcon_core.verb:set package 'f1tenth_controllers' build argument 'cmake_force_configure' from command line to 'False'
[2.188s] Level 5:colcon.colcon_core.verb:set package 'f1tenth_controllers' build argument 'ament_cmake_args' from command line to 'None'
[2.188s] Level 5:colcon.colcon_core.verb:set package 'f1tenth_controllers' build argument 'catkin_cmake_args' from command line to 'None'
[2.189s] Level 5:colcon.colcon_core.verb:set package 'f1tenth_controllers' build argument 'catkin_skip_building_tests' from command line to 'False'
[2.189s] DEBUG:colcon.colcon_core.verb:Building package 'f1tenth_controllers' with the following arguments: {'ament_cmake_args': None, 'build_base': '/home/nvidia/f1tenth_ws/build/f1tenth_controllers', 'catkin_cmake_args': None, 'catkin_skip_building_tests': False, 'cmake_args': None, 'cmake_clean_cache': False, 'cmake_clean_first': False, 'cmake_force_configure': False, 'cmake_target': None, 'cmake_target_skip_unavailable': False, 'install_base': '/home/nvidia/f1tenth_ws/install/f1tenth_controllers', 'merge_install': False, 'path': '/home/nvidia/f1tenth_ws/src/f1tenth_controllers', 'symlink_install': False, 'test_result_base': None}
[2.191s] Level 5:colcon.colcon_core.verb:set package 'key_teleop' build argument 'cmake_args' from command line to 'None'
[2.191s] Level 5:colcon.colcon_core.verb:set package 'key_teleop' build argument 'cmake_target' from command line to 'None'
[2.191s] Level 5:colcon.colcon_core.verb:set package 'key_teleop' build argument 'cmake_target_skip_unavailable' from command line to 'False'
[2.191s] Level 5:colcon.colcon_core.verb:set package 'key_teleop' build argument 'cmake_clean_cache' from command line to 'False'
[2.191s] Level 5:colcon.colcon_core.verb:set package 'key_teleop' build argument 'cmake_clean_first' from command line to 'False'
[2.192s] Level 5:colcon.colcon_core.verb:set package 'key_teleop' build argument 'cmake_force_configure' from command line to 'False'
[2.192s] Level 5:colcon.colcon_core.verb:set package 'key_teleop' build argument 'ament_cmake_args' from command line to 'None'
[2.192s] Level 5:colcon.colcon_core.verb:set package 'key_teleop' build argument 'catkin_cmake_args' from command line to 'None'
[2.192s] Level 5:colcon.colcon_core.verb:set package 'key_teleop' build argument 'catkin_skip_building_tests' from command line to 'False'
[2.192s] DEBUG:colcon.colcon_core.verb:Building package 'key_teleop' with the following arguments: {'ament_cmake_args': None, 'build_base': '/home/nvidia/f1tenth_ws/build/key_teleop', 'catkin_cmake_args': None, 'catkin_skip_building_tests': False, 'cmake_args': None, 'cmake_clean_cache': False, 'cmake_clean_first': False, 'cmake_force_configure': False, 'cmake_target': None, 'cmake_target_skip_unavailable': False, 'install_base': '/home/nvidia/f1tenth_ws/install/key_teleop', 'merge_install': False, 'path': '/home/nvidia/f1tenth_ws/src/f1tenth_system/teleop_tools/key_teleop', 'symlink_install': False, 'test_result_base': None}
[2.194s] Level 5:colcon.colcon_core.verb:set package 'mapping' build argument 'cmake_args' from command line to 'None'
[2.194s] Level 5:colcon.colcon_core.verb:set package 'mapping' build argument 'cmake_target' from command line to 'None'
[2.194s] Level 5:colcon.colcon_core.verb:set package 'mapping' build argument 'cmake_target_skip_unavailable' from command line to 'False'
[2.195s] Level 5:colcon.colcon_core.verb:set package 'mapping' build argument 'cmake_clean_cache' from command line to 'False'
[2.195s] Level 5:colcon.colcon_core.verb:set package 'mapping' build argument 'cmake_clean_first' from command line to 'False'
[2.195s] Level 5:colcon.colcon_core.verb:set package 'mapping' build argument 'cmake_force_configure' from command line to 'False'
[2.195s] Level 5:colcon.colcon_core.verb:set package 'mapping' build argument 'ament_cmake_args' from command line to 'None'
[2.195s] Level 5:colcon.colcon_core.verb:set package 'mapping' build argument 'catkin_cmake_args' from command line to 'None'
[2.195s] Level 5:colcon.colcon_core.verb:set package 'mapping' build argument 'catkin_skip_building_tests' from command line to 'False'
[2.196s] DEBUG:colcon.colcon_core.verb:Building package 'mapping' with the following arguments: {'ament_cmake_args': None, 'build_base': '/home/nvidia/f1tenth_ws/build/mapping', 'catkin_cmake_args': None, 'catkin_skip_building_tests': False, 'cmake_args': None, 'cmake_clean_cache': False, 'cmake_clean_first': False, 'cmake_force_configure': False, 'cmake_target': None, 'cmake_target_skip_unavailable': False, 'install_base': '/home/nvidia/f1tenth_ws/install/mapping', 'merge_install': False, 'path': '/home/nvidia/f1tenth_ws/src/mapping', 'symlink_install': False, 'test_result_base': None}
[2.197s] Level 5:colcon.colcon_core.verb:set package 'mouse_teleop' build argument 'cmake_args' from command line to 'None'
[2.198s] Level 5:colcon.colcon_core.verb:set package 'mouse_teleop' build argument 'cmake_target' from command line to 'None'
[2.198s] Level 5:colcon.colcon_core.verb:set package 'mouse_teleop' build argument 'cmake_target_skip_unavailable' from command line to 'False'
[2.198s] Level 5:colcon.colcon_core.verb:set package 'mouse_teleop' build argument 'cmake_clean_cache' from command line to 'False'
[2.198s] Level 5:colcon.colcon_core.verb:set package 'mouse_teleop' build argument 'cmake_clean_first' from command line to 'False'
[2.198s] Level 5:colcon.colcon_core.verb:set package 'mouse_teleop' build argument 'cmake_force_configure' from command line to 'False'
[2.198s] Level 5:colcon.colcon_core.verb:set package 'mouse_teleop' build argument 'ament_cmake_args' from command line to 'None'
[2.198s] Level 5:colcon.colcon_core.verb:set package 'mouse_teleop' build argument 'catkin_cmake_args' from command line to 'None'
[2.199s] Level 5:colcon.colcon_core.verb:set package 'mouse_teleop' build argument 'catkin_skip_building_tests' from command line to 'False'
[2.199s] DEBUG:colcon.colcon_core.verb:Building package 'mouse_teleop' with the following arguments: {'ament_cmake_args': None, 'build_base': '/home/nvidia/f1tenth_ws/build/mouse_teleop', 'catkin_cmake_args': None, 'catkin_skip_building_tests': False, 'cmake_args': None, 'cmake_clean_cache': False, 'cmake_clean_first': False, 'cmake_force_configure': False, 'cmake_target': None, 'cmake_target_skip_unavailable': False, 'install_base': '/home/nvidia/f1tenth_ws/install/mouse_teleop', 'merge_install': False, 'path': '/home/nvidia/f1tenth_ws/src/f1tenth_system/teleop_tools/mouse_teleop', 'symlink_install': False, 'test_result_base': None}
[2.201s] Level 5:colcon.colcon_core.verb:set package 'new_map_saver' build argument 'cmake_args' from command line to 'None'
[2.201s] Level 5:colcon.colcon_core.verb:set package 'new_map_saver' build argument 'cmake_target' from command line to 'None'
[2.201s] Level 5:colcon.colcon_core.verb:set package 'new_map_saver' build argument 'cmake_target_skip_unavailable' from command line to 'False'
[2.201s] Level 5:colcon.colcon_core.verb:set package 'new_map_saver' build argument 'cmake_clean_cache' from command line to 'False'
[2.201s] Level 5:colcon.colcon_core.verb:set package 'new_map_saver' build argument 'cmake_clean_first' from command line to 'False'
[2.201s] Level 5:colcon.colcon_core.verb:set package 'new_map_saver' build argument 'cmake_force_configure' from command line to 'False'
[2.202s] Level 5:colcon.colcon_core.verb:set package 'new_map_saver' build argument 'ament_cmake_args' from command line to 'None'
[2.202s] Level 5:colcon.colcon_core.verb:set package 'new_map_saver' build argument 'catkin_cmake_args' from command line to 'None'
[2.202s] Level 5:colcon.colcon_core.verb:set package 'new_map_saver' build argument 'catkin_skip_building_tests' from command line to 'False'
[2.202s] DEBUG:colcon.colcon_core.verb:Building package 'new_map_saver' with the following arguments: {'ament_cmake_args': None, 'build_base': '/home/nvidia/f1tenth_ws/build/new_map_saver', 'catkin_cmake_args': None, 'catkin_skip_building_tests': False, 'cmake_args': None, 'cmake_clean_cache': False, 'cmake_clean_first': False, 'cmake_force_configure': False, 'cmake_target': None, 'cmake_target_skip_unavailable': False, 'install_base': '/home/nvidia/f1tenth_ws/install/new_map_saver', 'merge_install': False, 'path': '/home/nvidia/f1tenth_ws/src/new_map_saver', 'symlink_install': False, 'test_result_base': None}
[2.204s] Level 5:colcon.colcon_core.verb:set package 'phasespace' build argument 'cmake_args' from command line to 'None'
[2.204s] Level 5:colcon.colcon_core.verb:set package 'phasespace' build argument 'cmake_target' from command line to 'None'
[2.205s] Level 5:colcon.colcon_core.verb:set package 'phasespace' build argument 'cmake_target_skip_unavailable' from command line to 'False'
[2.205s] Level 5:colcon.colcon_core.verb:set package 'phasespace' build argument 'cmake_clean_cache' from command line to 'False'
[2.205s] Level 5:colcon.colcon_core.verb:set package 'phasespace' build argument 'cmake_clean_first' from command line to 'False'
[2.205s] Level 5:colcon.colcon_core.verb:set package 'phasespace' build argument 'cmake_force_configure' from command line to 'False'
[2.205s] Level 5:colcon.colcon_core.verb:set package 'phasespace' build argument 'ament_cmake_args' from command line to 'None'
[2.205s] Level 5:colcon.colcon_core.verb:set package 'phasespace' build argument 'catkin_cmake_args' from command line to 'None'
[2.205s] Level 5:colcon.colcon_core.verb:set package 'phasespace' build argument 'catkin_skip_building_tests' from command line to 'False'
[2.206s] DEBUG:colcon.colcon_core.verb:Building package 'phasespace' with the following arguments: {'ament_cmake_args': None, 'build_base': '/home/nvidia/f1tenth_ws/build/phasespace', 'catkin_cmake_args': None, 'catkin_skip_building_tests': False, 'cmake_args': None, 'cmake_clean_cache': False, 'cmake_clean_first': False, 'cmake_force_configure': False, 'cmake_target': None, 'cmake_target_skip_unavailable': False, 'install_base': '/home/nvidia/f1tenth_ws/install/phasespace', 'merge_install': False, 'path': '/home/nvidia/f1tenth_ws/src/phasespace', 'symlink_install': False, 'test_result_base': None}
[2.208s] Level 5:colcon.colcon_core.verb:set package 'pure_pursuit' build argument 'cmake_args' from command line to 'None'
[2.208s] Level 5:colcon.colcon_core.verb:set package 'pure_pursuit' build argument 'cmake_target' from command line to 'None'
[2.208s] Level 5:colcon.colcon_core.verb:set package 'pure_pursuit' build argument 'cmake_target_skip_unavailable' from command line to 'False'
[2.208s] Level 5:colcon.colcon_core.verb:set package 'pure_pursuit' build argument 'cmake_clean_cache' from command line to 'False'
[2.208s] Level 5:colcon.colcon_core.verb:set package 'pure_pursuit' build argument 'cmake_clean_first' from command line to 'False'
[2.209s] Level 5:colcon.colcon_core.verb:set package 'pure_pursuit' build argument 'cmake_force_configure' from command line to 'False'
[2.209s] Level 5:colcon.colcon_core.verb:set package 'pure_pursuit' build argument 'ament_cmake_args' from command line to 'None'
[2.209s] Level 5:colcon.colcon_core.verb:set package 'pure_pursuit' build argument 'catkin_cmake_args' from command line to 'None'
[2.209s] Level 5:colcon.colcon_core.verb:set package 'pure_pursuit' build argument 'catkin_skip_building_tests' from command line to 'False'
[2.209s] DEBUG:colcon.colcon_core.verb:Building package 'pure_pursuit' with the following arguments: {'ament_cmake_args': None, 'build_base': '/home/nvidia/f1tenth_ws/build/pure_pursuit', 'catkin_cmake_args': None, 'catkin_skip_building_tests': False, 'cmake_args': None, 'cmake_clean_cache': False, 'cmake_clean_first': False, 'cmake_force_configure': False, 'cmake_target': None, 'cmake_target_skip_unavailable': False, 'install_base': '/home/nvidia/f1tenth_ws/install/pure_pursuit', 'merge_install': False, 'path': '/home/nvidia/f1tenth_ws/src/pure_pursuit', 'symlink_install': False, 'test_result_base': None}
[2.211s] Level 5:colcon.colcon_core.verb:set package 'teleop_tools_msgs' build argument 'cmake_args' from command line to 'None'
[2.212s] Level 5:colcon.colcon_core.verb:set package 'teleop_tools_msgs' build argument 'cmake_target' from command line to 'None'
[2.212s] Level 5:colcon.colcon_core.verb:set package 'teleop_tools_msgs' build argument 'cmake_target_skip_unavailable' from command line to 'False'
[2.212s] Level 5:colcon.colcon_core.verb:set package 'teleop_tools_msgs' build argument 'cmake_clean_cache' from command line to 'False'
[2.212s] Level 5:colcon.colcon_core.verb:set package 'teleop_tools_msgs' build argument 'cmake_clean_first' from command line to 'False'
[2.212s] Level 5:colcon.colcon_core.verb:set package 'teleop_tools_msgs' build argument 'cmake_force_configure' from command line to 'False'
[2.212s] Level 5:colcon.colcon_core.verb:set package 'teleop_tools_msgs' build argument 'ament_cmake_args' from command line to 'None'
[2.213s] Level 5:colcon.colcon_core.verb:set package 'teleop_tools_msgs' build argument 'catkin_cmake_args' from command line to 'None'
[2.213s] Level 5:colcon.colcon_core.verb:set package 'teleop_tools_msgs' build argument 'catkin_skip_building_tests' from command line to 'False'
[2.213s] DEBUG:colcon.colcon_core.verb:Building package 'teleop_tools_msgs' with the following arguments: {'ament_cmake_args': None, 'build_base': '/home/nvidia/f1tenth_ws/build/teleop_tools_msgs', 'catkin_cmake_args': None, 'catkin_skip_building_tests': False, 'cmake_args': None, 'cmake_clean_cache': False, 'cmake_clean_first': False, 'cmake_force_configure': False, 'cmake_target': None, 'cmake_target_skip_unavailable': False, 'install_base': '/home/nvidia/f1tenth_ws/install/teleop_tools_msgs', 'merge_install': False, 'path': '/home/nvidia/f1tenth_ws/src/f1tenth_system/teleop_tools/teleop_tools_msgs', 'symlink_install': False, 'test_result_base': None}
[2.215s] Level 5:colcon.colcon_core.verb:set package 'vesc_msgs' build argument 'cmake_args' from command line to 'None'
[2.215s] Level 5:colcon.colcon_core.verb:set package 'vesc_msgs' build argument 'cmake_target' from command line to 'None'
[2.215s] Level 5:colcon.colcon_core.verb:set package 'vesc_msgs' build argument 'cmake_target_skip_unavailable' from command line to 'False'
[2.216s] Level 5:colcon.colcon_core.verb:set package 'vesc_msgs' build argument 'cmake_clean_cache' from command line to 'False'
[2.216s] Level 5:colcon.colcon_core.verb:set package 'vesc_msgs' build argument 'cmake_clean_first' from command line to 'False'
[2.216s] Level 5:colcon.colcon_core.verb:set package 'vesc_msgs' build argument 'cmake_force_configure' from command line to 'False'
[2.216s] Level 5:colcon.colcon_core.verb:set package 'vesc_msgs' build argument 'ament_cmake_args' from command line to 'None'
[2.216s] Level 5:colcon.colcon_core.verb:set package 'vesc_msgs' build argument 'catkin_cmake_args' from command line to 'None'
[2.216s] Level 5:colcon.colcon_core.verb:set package 'vesc_msgs' build argument 'catkin_skip_building_tests' from command line to 'False'
[2.216s] DEBUG:colcon.colcon_core.verb:Building package 'vesc_msgs' with the following arguments: {'ament_cmake_args': None, 'build_base': '/home/nvidia/f1tenth_ws/build/vesc_msgs', 'catkin_cmake_args': None, 'catkin_skip_building_tests': False, 'cmake_args': None, 'cmake_clean_cache': False, 'cmake_clean_first': False, 'cmake_force_configure': False, 'cmake_target': None, 'cmake_target_skip_unavailable': False, 'install_base': '/home/nvidia/f1tenth_ws/install/vesc_msgs', 'merge_install': False, 'path': '/home/nvidia/f1tenth_ws/src/f1tenth_system/vesc/vesc_msgs', 'symlink_install': False, 'test_result_base': None}
[2.219s] Level 5:colcon.colcon_core.verb:set package 'joy_teleop' build argument 'cmake_args' from command line to 'None'
[2.219s] Level 5:colcon.colcon_core.verb:set package 'joy_teleop' build argument 'cmake_target' from command line to 'None'
[2.219s] Level 5:colcon.colcon_core.verb:set package 'joy_teleop' build argument 'cmake_target_skip_unavailable' from command line to 'False'
[2.219s] Level 5:colcon.colcon_core.verb:set package 'joy_teleop' build argument 'cmake_clean_cache' from command line to 'False'
[2.220s] Level 5:colcon.colcon_core.verb:set package 'joy_teleop' build argument 'cmake_clean_first' from command line to 'False'
[2.220s] Level 5:colcon.colcon_core.verb:set package 'joy_teleop' build argument 'cmake_force_configure' from command line to 'False'
[2.220s] Level 5:colcon.colcon_core.verb:set package 'joy_teleop' build argument 'ament_cmake_args' from command line to 'None'
[2.220s] Level 5:colcon.colcon_core.verb:set package 'joy_teleop' build argument 'catkin_cmake_args' from command line to 'None'
[2.220s] Level 5:colcon.colcon_core.verb:set package 'joy_teleop' build argument 'catkin_skip_building_tests' from command line to 'False'
[2.221s] DEBUG:colcon.colcon_core.verb:Building package 'joy_teleop' with the following arguments: {'ament_cmake_args': None, 'build_base': '/home/nvidia/f1tenth_ws/build/joy_teleop', 'catkin_cmake_args': None, 'catkin_skip_building_tests': False, 'cmake_args': None, 'cmake_clean_cache': False, 'cmake_clean_first': False, 'cmake_force_configure': False, 'cmake_target': None, 'cmake_target_skip_unavailable': False, 'install_base': '/home/nvidia/f1tenth_ws/install/joy_teleop', 'merge_install': False, 'path': '/home/nvidia/f1tenth_ws/src/f1tenth_system/teleop_tools/joy_teleop', 'symlink_install': False, 'test_result_base': None}
[2.223s] Level 5:colcon.colcon_core.verb:set package 'vesc_ackermann' build argument 'cmake_args' from command line to 'None'
[2.223s] Level 5:colcon.colcon_core.verb:set package 'vesc_ackermann' build argument 'cmake_target' from command line to 'None'
[2.223s] Level 5:colcon.colcon_core.verb:set package 'vesc_ackermann' build argument 'cmake_target_skip_unavailable' from command line to 'False'
[2.224s] Level 5:colcon.colcon_core.verb:set package 'vesc_ackermann' build argument 'cmake_clean_cache' from command line to 'False'
[2.224s] Level 5:colcon.colcon_core.verb:set package 'vesc_ackermann' build argument 'cmake_clean_first' from command line to 'False'
[2.224s] Level 5:colcon.colcon_core.verb:set package 'vesc_ackermann' build argument 'cmake_force_configure' from command line to 'False'
[2.224s] Level 5:colcon.colcon_core.verb:set package 'vesc_ackermann' build argument 'ament_cmake_args' from command line to 'None'
[2.224s] Level 5:colcon.colcon_core.verb:set package 'vesc_ackermann' build argument 'catkin_cmake_args' from command line to 'None'
[2.224s] Level 5:colcon.colcon_core.verb:set package 'vesc_ackermann' build argument 'catkin_skip_building_tests' from command line to 'False'
[2.225s] DEBUG:colcon.colcon_core.verb:Building package 'vesc_ackermann' with the following arguments: {'ament_cmake_args': None, 'build_base': '/home/nvidia/f1tenth_ws/build/vesc_ackermann', 'catkin_cmake_args': None, 'catkin_skip_building_tests': False, 'cmake_args': None, 'cmake_clean_cache': False, 'cmake_clean_first': False, 'cmake_force_configure': False, 'cmake_target': None, 'cmake_target_skip_unavailable': False, 'install_base': '/home/nvidia/f1tenth_ws/install/vesc_ackermann', 'merge_install': False, 'path': '/home/nvidia/f1tenth_ws/src/f1tenth_system/vesc/vesc_ackermann', 'symlink_install': False, 'test_result_base': None}
[2.227s] Level 5:colcon.colcon_core.verb:set package 'vesc_driver' build argument 'cmake_args' from command line to 'None'
[2.227s] Level 5:colcon.colcon_core.verb:set package 'vesc_driver' build argument 'cmake_target' from command line to 'None'
[2.227s] Level 5:colcon.colcon_core.verb:set package 'vesc_driver' build argument 'cmake_target_skip_unavailable' from command line to 'False'
[2.227s] Level 5:colcon.colcon_core.verb:set package 'vesc_driver' build argument 'cmake_clean_cache' from command line to 'False'
[2.228s] Level 5:colcon.colcon_core.verb:set package 'vesc_driver' build argument 'cmake_clean_first' from command line to 'False'
[2.228s] Level 5:colcon.colcon_core.verb:set package 'vesc_driver' build argument 'cmake_force_configure' from command line to 'False'
[2.228s] Level 5:colcon.colcon_core.verb:set package 'vesc_driver' build argument 'ament_cmake_args' from command line to 'None'
[2.228s] Level 5:colcon.colcon_core.verb:set package 'vesc_driver' build argument 'catkin_cmake_args' from command line to 'None'
[2.228s] Level 5:colcon.colcon_core.verb:set package 'vesc_driver' build argument 'catkin_skip_building_tests' from command line to 'False'
[2.228s] DEBUG:colcon.colcon_core.verb:Building package 'vesc_driver' with the following arguments: {'ament_cmake_args': None, 'build_base': '/home/nvidia/f1tenth_ws/build/vesc_driver', 'catkin_cmake_args': None, 'catkin_skip_building_tests': False, 'cmake_args': None, 'cmake_clean_cache': False, 'cmake_clean_first': False, 'cmake_force_configure': False, 'cmake_target': None, 'cmake_target_skip_unavailable': False, 'install_base': '/home/nvidia/f1tenth_ws/install/vesc_driver', 'merge_install': False, 'path': '/home/nvidia/f1tenth_ws/src/f1tenth_system/vesc/vesc_driver', 'symlink_install': False, 'test_result_base': None}
[2.231s] Level 5:colcon.colcon_core.verb:set package 'teleop_tools' build argument 'cmake_args' from command line to 'None'
[2.231s] Level 5:colcon.colcon_core.verb:set package 'teleop_tools' build argument 'cmake_target' from command line to 'None'
[2.231s] Level 5:colcon.colcon_core.verb:set package 'teleop_tools' build argument 'cmake_target_skip_unavailable' from command line to 'False'
[2.231s] Level 5:colcon.colcon_core.verb:set package 'teleop_tools' build argument 'cmake_clean_cache' from command line to 'False'
[2.231s] Level 5:colcon.colcon_core.verb:set package 'teleop_tools' build argument 'cmake_clean_first' from command line to 'False'
[2.231s] Level 5:colcon.colcon_core.verb:set package 'teleop_tools' build argument 'cmake_force_configure' from command line to 'False'
[2.232s] Level 5:colcon.colcon_core.verb:set package 'teleop_tools' build argument 'ament_cmake_args' from command line to 'None'
[2.232s] Level 5:colcon.colcon_core.verb:set package 'teleop_tools' build argument 'catkin_cmake_args' from command line to 'None'
[2.232s] Level 5:colcon.colcon_core.verb:set package 'teleop_tools' build argument 'catkin_skip_building_tests' from command line to 'False'
[2.232s] DEBUG:colcon.colcon_core.verb:Building package 'teleop_tools' with the following arguments: {'ament_cmake_args': None, 'build_base': '/home/nvidia/f1tenth_ws/build/teleop_tools', 'catkin_cmake_args': None, 'catkin_skip_building_tests': False, 'cmake_args': None, 'cmake_clean_cache': False, 'cmake_clean_first': False, 'cmake_force_configure': False, 'cmake_target': None, 'cmake_target_skip_unavailable': False, 'install_base': '/home/nvidia/f1tenth_ws/install/teleop_tools', 'merge_install': False, 'path': '/home/nvidia/f1tenth_ws/src/f1tenth_system/teleop_tools/teleop_tools', 'symlink_install': False, 'test_result_base': None}
[2.234s] Level 5:colcon.colcon_core.verb:set package 'vesc' build argument 'cmake_args' from command line to 'None'
[2.234s] Level 5:colcon.colcon_core.verb:set package 'vesc' build argument 'cmake_target' from command line to 'None'
[2.235s] Level 5:colcon.colcon_core.verb:set package 'vesc' build argument 'cmake_target_skip_unavailable' from command line to 'False'
[2.235s] Level 5:colcon.colcon_core.verb:set package 'vesc' build argument 'cmake_clean_cache' from command line to 'False'
[2.235s] Level 5:colcon.colcon_core.verb:set package 'vesc' build argument 'cmake_clean_first' from command line to 'False'
[2.235s] Level 5:colcon.colcon_core.verb:set package 'vesc' build argument 'cmake_force_configure' from command line to 'False'
[2.235s] Level 5:colcon.colcon_core.verb:set package 'vesc' build argument 'ament_cmake_args' from command line to 'None'
[2.235s] Level 5:colcon.colcon_core.verb:set package 'vesc' build argument 'catkin_cmake_args' from command line to 'None'
[2.236s] Level 5:colcon.colcon_core.verb:set package 'vesc' build argument 'catkin_skip_building_tests' from command line to 'False'
[2.236s] DEBUG:colcon.colcon_core.verb:Building package 'vesc' with the following arguments: {'ament_cmake_args': None, 'build_base': '/home/nvidia/f1tenth_ws/build/vesc', 'catkin_cmake_args': None, 'catkin_skip_building_tests': False, 'cmake_args': None, 'cmake_clean_cache': False, 'cmake_clean_first': False, 'cmake_force_configure': False, 'cmake_target': None, 'cmake_target_skip_unavailable': False, 'install_base': '/home/nvidia/f1tenth_ws/install/vesc', 'merge_install': False, 'path': '/home/nvidia/f1tenth_ws/src/f1tenth_system/vesc/vesc', 'symlink_install': False, 'test_result_base': None}
[2.238s] Level 5:colcon.colcon_core.verb:set package 'f1tenth_stack' build argument 'cmake_args' from command line to 'None'
[2.238s] Level 5:colcon.colcon_core.verb:set package 'f1tenth_stack' build argument 'cmake_target' from command line to 'None'
[2.238s] Level 5:colcon.colcon_core.verb:set package 'f1tenth_stack' build argument 'cmake_target_skip_unavailable' from command line to 'False'
[2.238s] Level 5:colcon.colcon_core.verb:set package 'f1tenth_stack' build argument 'cmake_clean_cache' from command line to 'False'
[2.239s] Level 5:colcon.colcon_core.verb:set package 'f1tenth_stack' build argument 'cmake_clean_first' from command line to 'False'
[2.239s] Level 5:colcon.colcon_core.verb:set package 'f1tenth_stack' build argument 'cmake_force_configure' from command line to 'False'
[2.239s] Level 5:colcon.colcon_core.verb:set package 'f1tenth_stack' build argument 'ament_cmake_args' from command line to 'None'
[2.239s] Level 5:colcon.colcon_core.verb:set package 'f1tenth_stack' build argument 'catkin_cmake_args' from command line to 'None'
[2.239s] Level 5:colcon.colcon_core.verb:set package 'f1tenth_stack' build argument 'catkin_skip_building_tests' from command line to 'False'
[2.240s] DEBUG:colcon.colcon_core.verb:Building package 'f1tenth_stack' with the following arguments: {'ament_cmake_args': None, 'build_base': '/home/nvidia/f1tenth_ws/build/f1tenth_stack', 'catkin_cmake_args': None, 'catkin_skip_building_tests': False, 'cmake_args': None, 'cmake_clean_cache': False, 'cmake_clean_first': False, 'cmake_force_configure': False, 'cmake_target': None, 'cmake_target_skip_unavailable': False, 'install_base': '/home/nvidia/f1tenth_ws/install/f1tenth_stack', 'merge_install': False, 'path': '/home/nvidia/f1tenth_ws/src/f1tenth_system/f1tenth_stack', 'symlink_install': False, 'test_result_base': None}
[2.240s] INFO:colcon.colcon_core.executor:Executing jobs using 'parallel' executor
[2.246s] DEBUG:colcon.colcon_parallel_executor.executor.parallel:run_until_complete
[2.248s] INFO:colcon.colcon_ros.task.ament_cmake.build:Building ROS package in '/home/nvidia/f1tenth_ws/src/f1tenth_system/vesc/vesc_msgs' with build type 'ament_cmake'
[2.248s] INFO:colcon.colcon_cmake.task.cmake.build:Building CMake package in '/home/nvidia/f1tenth_ws/src/f1tenth_system/vesc/vesc_msgs'
[2.265s] INFO:colcon.colcon_core.plugin_system:Skipping extension 'colcon_core.shell.bat': Not used on non-Windows systems
[2.267s] INFO:colcon.colcon_core.shell:Skip shell extension 'powershell' for command environment: Not usable outside of PowerShell
[2.267s] DEBUG:colcon.colcon_core.shell:Skip shell extension 'dsv' for command environment
[2.287s] INFO:colcon.colcon_ros.task.ament_cmake.build:Building ROS package in '/home/nvidia/f1tenth_ws/src/f1tenth_system/teleop_tools/teleop_tools_msgs' with build type 'ament_cmake'
[2.291s] INFO:colcon.colcon_cmake.task.cmake.build:Building CMake package in '/home/nvidia/f1tenth_ws/src/f1tenth_system/teleop_tools/teleop_tools_msgs'
[2.294s] INFO:colcon.colcon_core.shell:Skip shell extension 'powershell' for command environment: Not usable outside of PowerShell
[2.296s] DEBUG:colcon.colcon_core.shell:Skip shell extension 'dsv' for command environment
[2.318s] INFO:colcon.colcon_ros.task.ament_cmake.build:Building ROS package in '/home/nvidia/f1tenth_ws/src/f1tenth_system/ackermann_mux' with build type 'ament_cmake'
[2.321s] INFO:colcon.colcon_cmake.task.cmake.build:Building CMake package in '/home/nvidia/f1tenth_ws/src/f1tenth_system/ackermann_mux'
[2.325s] INFO:colcon.colcon_core.shell:Skip shell extension 'powershell' for command environment: Not usable outside of PowerShell
[2.326s] DEBUG:colcon.colcon_core.shell:Skip shell extension 'dsv' for command environment
[2.353s] INFO:colcon.colcon_ros.task.ament_python.build:Building ROS package in '/home/nvidia/f1tenth_ws/src/f1tenth_system/teleop_tools/key_teleop' with build type 'ament_python'
[2.357s] Level 1:colcon.colcon_core.shell:create_environment_hook('key_teleop', 'ament_prefix_path')
[2.361s] INFO:colcon.colcon_core.shell:Creating environment hook '/home/nvidia/f1tenth_ws/install/key_teleop/share/key_teleop/hook/ament_prefix_path.ps1'
[2.370s] INFO:colcon.colcon_core.shell:Creating environment descriptor '/home/nvidia/f1tenth_ws/install/key_teleop/share/key_teleop/hook/ament_prefix_path.dsv'
[2.374s] INFO:colcon.colcon_core.shell:Creating environment hook '/home/nvidia/f1tenth_ws/install/key_teleop/share/key_teleop/hook/ament_prefix_path.sh'
[2.382s] INFO:colcon.colcon_core.shell:Skip shell extension 'powershell' for command environment: Not usable outside of PowerShell
[2.382s] DEBUG:colcon.colcon_core.shell:Skip shell extension 'dsv' for command environment
[2.401s] INFO:colcon.colcon_ros.task.ament_python.build:Building ROS package in '/home/nvidia/f1tenth_ws/src/f1tenth_controllers' with build type 'ament_python'
[2.405s] Level 1:colcon.colcon_core.shell:create_environment_hook('f1tenth_controllers', 'ament_prefix_path')
[2.411s] INFO:colcon.colcon_core.shell:Creating environment hook '/home/nvidia/f1tenth_ws/install/f1tenth_controllers/share/f1tenth_controllers/hook/ament_prefix_path.ps1'
[2.415s] INFO:colcon.colcon_core.shell:Creating environment descriptor '/home/nvidia/f1tenth_ws/install/f1tenth_controllers/share/f1tenth_controllers/hook/ament_prefix_path.dsv'
[2.417s] INFO:colcon.colcon_core.shell:Creating environment hook '/home/nvidia/f1tenth_ws/install/f1tenth_controllers/share/f1tenth_controllers/hook/ament_prefix_path.sh'
[2.421s] INFO:colcon.colcon_core.shell:Skip shell extension 'powershell' for command environment: Not usable outside of PowerShell
[2.421s] DEBUG:colcon.colcon_core.shell:Skip shell extension 'dsv' for command environment
[2.440s] INFO:colcon.colcon_ros.task.ament_python.build:Building ROS package in '/home/nvidia/f1tenth_ws/src/mapping' with build type 'ament_python'
[2.444s] Level 1:colcon.colcon_core.shell:create_environment_hook('mapping', 'ament_prefix_path')
[2.448s] INFO:colcon.colcon_core.shell:Creating environment hook '/home/nvidia/f1tenth_ws/install/mapping/share/mapping/hook/ament_prefix_path.ps1'
[2.458s] INFO:colcon.colcon_core.shell:Creating environment descriptor '/home/nvidia/f1tenth_ws/install/mapping/share/mapping/hook/ament_prefix_path.dsv'
[2.460s] INFO:colcon.colcon_core.shell:Creating environment hook '/home/nvidia/f1tenth_ws/install/mapping/share/mapping/hook/ament_prefix_path.sh'
[2.464s] INFO:colcon.colcon_core.shell:Skip shell extension 'powershell' for command environment: Not usable outside of PowerShell
[2.465s] DEBUG:colcon.colcon_core.shell:Skip shell extension 'dsv' for command environment
[2.548s] DEBUG:colcon.colcon_core.event_handler.log_command:Invoking command in '/home/nvidia/f1tenth_ws/build/vesc_msgs': /usr/bin/cmake --build /home/nvidia/f1tenth_ws/build/vesc_msgs -- -j6 -l6
[2.567s] DEBUG:colcon.colcon_core.event_handler.log_command:Invoking command in '/home/nvidia/f1tenth_ws/build/teleop_tools_msgs': /usr/bin/cmake --build /home/nvidia/f1tenth_ws/build/teleop_tools_msgs -- -j6 -l6
[2.618s] DEBUG:colcon.colcon_core.event_handler.log_command:Invoking command in '/home/nvidia/f1tenth_ws/build/ackermann_mux': /usr/bin/cmake --build /home/nvidia/f1tenth_ws/build/ackermann_mux -- -j6 -l6
[4.125s] INFO:colcon.colcon_core.task.python.build:Building Python package in '/home/nvidia/f1tenth_ws/src/f1tenth_system/teleop_tools/key_teleop'
[4.130s] INFO:colcon.colcon_core.shell:Skip shell extension 'powershell' for command environment: Not usable outside of PowerShell
[4.131s] DEBUG:colcon.colcon_core.shell:Skip shell extension 'dsv' for command environment
[5.409s] INFO:colcon.colcon_core.task.python.build:Building Python package in '/home/nvidia/f1tenth_ws/src/f1tenth_controllers'
[5.414s] INFO:colcon.colcon_core.shell:Skip shell extension 'powershell' for command environment: Not usable outside of PowerShell
[5.414s] DEBUG:colcon.colcon_core.shell:Skip shell extension 'dsv' for command environment
[6.618s] INFO:colcon.colcon_core.task.python.build:Building Python package in '/home/nvidia/f1tenth_ws/src/mapping'
[6.624s] INFO:colcon.colcon_core.shell:Skip shell extension 'powershell' for command environment: Not usable outside of PowerShell
[6.625s] DEBUG:colcon.colcon_core.shell:Skip shell extension 'dsv' for command environment
[6.692s] DEBUG:colcon.colcon_core.event_handler.log_command:Invoked command in '/home/nvidia/f1tenth_ws/build/vesc_msgs' returned '0': /usr/bin/cmake --build /home/nvidia/f1tenth_ws/build/vesc_msgs -- -j6 -l6
[6.711s] DEBUG:colcon.colcon_core.event_handler.log_command:Invoked command in '/home/nvidia/f1tenth_ws/build/teleop_tools_msgs' returned '0': /usr/bin/cmake --build /home/nvidia/f1tenth_ws/build/teleop_tools_msgs -- -j6 -l6
[6.735s] DEBUG:colcon.colcon_core.event_handler.log_command:Invoked command in '/home/nvidia/f1tenth_ws/build/ackermann_mux' returned '0': /usr/bin/cmake --build /home/nvidia/f1tenth_ws/build/ackermann_mux -- -j6 -l6
[7.056s] DEBUG:colcon.colcon_core.event_handler.log_command:Invoking command in '/home/nvidia/f1tenth_ws/build/ackermann_mux': /usr/bin/cmake --install /home/nvidia/f1tenth_ws/build/ackermann_mux
[7.180s] Level 1:colcon.colcon_core.environment:create_environment_scripts_only(ackermann_mux)
[7.183s] DEBUG:colcon.colcon_core.event_handler.log_command:Invoked command in '/home/nvidia/f1tenth_ws/build/ackermann_mux' returned '0': /usr/bin/cmake --install /home/nvidia/f1tenth_ws/build/ackermann_mux
[7.217s] Level 1:colcon.colcon_core.environment:checking '/home/nvidia/f1tenth_ws/install/ackermann_mux' for CMake module files
[7.222s] Level 1:colcon.colcon_core.environment:checking '/home/nvidia/f1tenth_ws/install/ackermann_mux' for CMake config files
[7.226s] Level 1:colcon.colcon_core.shell:create_environment_hook('ackermann_mux', 'cmake_prefix_path')
[7.228s] INFO:colcon.colcon_core.shell:Creating environment hook '/home/nvidia/f1tenth_ws/install/ackermann_mux/share/ackermann_mux/hook/cmake_prefix_path.ps1'
[7.232s] INFO:colcon.colcon_core.shell:Creating environment descriptor '/home/nvidia/f1tenth_ws/install/ackermann_mux/share/ackermann_mux/hook/cmake_prefix_path.dsv'
[7.237s] INFO:colcon.colcon_core.shell:Creating environment hook '/home/nvidia/f1tenth_ws/install/ackermann_mux/share/ackermann_mux/hook/cmake_prefix_path.sh'
[7.247s] Level 1:colcon.colcon_core.environment:checking '/home/nvidia/f1tenth_ws/install/ackermann_mux/lib'
[7.249s] Level 1:colcon.colcon_core.environment:checking '/home/nvidia/f1tenth_ws/install/ackermann_mux/bin'
[7.249s] Level 1:colcon.colcon_core.environment:checking '/home/nvidia/f1tenth_ws/install/ackermann_mux/lib/pkgconfig/ackermann_mux.pc'
[7.251s] Level 1:colcon.colcon_core.environment:checking '/home/nvidia/f1tenth_ws/install/ackermann_mux/lib/python3.8/site-packages'
[7.252s] Level 1:colcon.colcon_core.environment:checking '/home/nvidia/f1tenth_ws/install/ackermann_mux/bin'
[7.254s] INFO:colcon.colcon_core.shell:Creating package script '/home/nvidia/f1tenth_ws/install/ackermann_mux/share/ackermann_mux/package.ps1'
[7.271s] INFO:colcon.colcon_core.shell:Creating package descriptor '/home/nvidia/f1tenth_ws/install/ackermann_mux/share/ackermann_mux/package.dsv'
[7.275s] INFO:colcon.colcon_core.shell:Creating package script '/home/nvidia/f1tenth_ws/install/ackermann_mux/share/ackermann_mux/package.sh'
[7.283s] INFO:colcon.colcon_core.shell:Creating package script '/home/nvidia/f1tenth_ws/install/ackermann_mux/share/ackermann_mux/package.bash'
[7.290s] INFO:colcon.colcon_core.shell:Creating package script '/home/nvidia/f1tenth_ws/install/ackermann_mux/share/ackermann_mux/package.zsh'
[7.296s] Level 1:colcon.colcon_core.environment:create_file_with_runtime_dependencies(/home/nvidia/f1tenth_ws/install/ackermann_mux/share/colcon-core/packages/ackermann_mux)
[7.333s] DEBUG:colcon.colcon_core.event_handler.log_command:Invoking command in '/home/nvidia/f1tenth_ws/build/teleop_tools_msgs': /usr/bin/cmake --install /home/nvidia/f1tenth_ws/build/teleop_tools_msgs
[7.622s] DEBUG:colcon.colcon_core.event_handler.log_command:Invoking command in '/home/nvidia/f1tenth_ws/build/vesc_msgs': /usr/bin/cmake --install /home/nvidia/f1tenth_ws/build/vesc_msgs
[7.656s] Level 1:colcon.colcon_core.environment:create_environment_scripts_only(ackermann_mux)
[7.666s] Level 1:colcon.colcon_core.environment:checking '/home/nvidia/f1tenth_ws/install/ackermann_mux' for CMake module files
[7.672s] Level 1:colcon.colcon_core.environment:checking '/home/nvidia/f1tenth_ws/install/ackermann_mux' for CMake config files
[7.675s] Level 1:colcon.colcon_core.shell:create_environment_hook('ackermann_mux', 'cmake_prefix_path')
[7.677s] INFO:colcon.colcon_core.shell:Creating environment hook '/home/nvidia/f1tenth_ws/install/ackermann_mux/share/ackermann_mux/hook/cmake_prefix_path.ps1'
[7.691s] INFO:colcon.colcon_core.shell:Creating environment descriptor '/home/nvidia/f1tenth_ws/install/ackermann_mux/share/ackermann_mux/hook/cmake_prefix_path.dsv'
[7.693s] INFO:colcon.colcon_core.shell:Creating environment hook '/home/nvidia/f1tenth_ws/install/ackermann_mux/share/ackermann_mux/hook/cmake_prefix_path.sh'
[7.714s] Level 1:colcon.colcon_core.environment:checking '/home/nvidia/f1tenth_ws/install/ackermann_mux/lib'
[7.714s] Level 1:colcon.colcon_core.environment:checking '/home/nvidia/f1tenth_ws/install/ackermann_mux/bin'
[7.715s] Level 1:colcon.colcon_core.environment:checking '/home/nvidia/f1tenth_ws/install/ackermann_mux/lib/pkgconfig/ackermann_mux.pc'
[7.716s] Level 1:colcon.colcon_core.environment:checking '/home/nvidia/f1tenth_ws/install/ackermann_mux/lib/python3.8/site-packages'
[7.717s] Level 1:colcon.colcon_core.environment:checking '/home/nvidia/f1tenth_ws/install/ackermann_mux/bin'
[7.719s] INFO:colcon.colcon_core.shell:Creating package script '/home/nvidia/f1tenth_ws/install/ackermann_mux/share/ackermann_mux/package.ps1'
[7.722s] INFO:colcon.colcon_core.shell:Creating package descriptor '/home/nvidia/f1tenth_ws/install/ackermann_mux/share/ackermann_mux/package.dsv'
[7.731s] INFO:colcon.colcon_core.shell:Creating package script '/home/nvidia/f1tenth_ws/install/ackermann_mux/share/ackermann_mux/package.sh'
[7.734s] INFO:colcon.colcon_core.shell:Creating package script '/home/nvidia/f1tenth_ws/install/ackermann_mux/share/ackermann_mux/package.bash'
[7.737s] INFO:colcon.colcon_core.shell:Creating package script '/home/nvidia/f1tenth_ws/install/ackermann_mux/share/ackermann_mux/package.zsh'
[7.758s] Level 1:colcon.colcon_core.environment:create_file_with_runtime_dependencies(/home/nvidia/f1tenth_ws/install/ackermann_mux/share/colcon-core/packages/ackermann_mux)
[7.766s] INFO:colcon.colcon_ros.task.ament_python.build:Building ROS package in '/home/nvidia/f1tenth_ws/src/f1tenth_system/teleop_tools/mouse_teleop' with build type 'ament_python'
[7.776s] Level 1:colcon.colcon_core.shell:create_environment_hook('mouse_teleop', 'ament_prefix_path')
[7.780s] INFO:colcon.colcon_core.shell:Creating environment hook '/home/nvidia/f1tenth_ws/install/mouse_teleop/share/mouse_teleop/hook/ament_prefix_path.ps1'
[7.786s] INFO:colcon.colcon_core.shell:Creating environment descriptor '/home/nvidia/f1tenth_ws/install/mouse_teleop/share/mouse_teleop/hook/ament_prefix_path.dsv'
[7.792s] INFO:colcon.colcon_core.shell:Creating environment hook '/home/nvidia/f1tenth_ws/install/mouse_teleop/share/mouse_teleop/hook/ament_prefix_path.sh'
[7.796s] INFO:colcon.colcon_core.shell:Skip shell extension 'powershell' for command environment: Not usable outside of PowerShell
[7.798s] DEBUG:colcon.colcon_core.shell:Skip shell extension 'dsv' for command environment
[9.339s] INFO:colcon.colcon_core.task.python.build:Building Python package in '/home/nvidia/f1tenth_ws/src/f1tenth_system/teleop_tools/mouse_teleop'
[9.345s] INFO:colcon.colcon_core.shell:Skip shell extension 'powershell' for command environment: Not usable outside of PowerShell
[9.345s] DEBUG:colcon.colcon_core.shell:Skip shell extension 'dsv' for command environment
[9.387s] Level 1:colcon.colcon_core.environment:create_environment_scripts_only(teleop_tools_msgs)
[9.391s] DEBUG:colcon.colcon_core.event_handler.log_command:Invoked command in '/home/nvidia/f1tenth_ws/build/teleop_tools_msgs' returned '0': /usr/bin/cmake --install /home/nvidia/f1tenth_ws/build/teleop_tools_msgs
[9.395s] Level 1:colcon.colcon_core.environment:checking '/home/nvidia/f1tenth_ws/install/teleop_tools_msgs' for CMake module files
[9.402s] Level 1:colcon.colcon_core.environment:checking '/home/nvidia/f1tenth_ws/install/teleop_tools_msgs' for CMake config files
[9.407s] Level 1:colcon.colcon_core.shell:create_environment_hook('teleop_tools_msgs', 'cmake_prefix_path')
[9.409s] INFO:colcon.colcon_core.shell:Creating environment hook '/home/nvidia/f1tenth_ws/install/teleop_tools_msgs/share/teleop_tools_msgs/hook/cmake_prefix_path.ps1'
[9.414s] INFO:colcon.colcon_core.shell:Creating environment descriptor '/home/nvidia/f1tenth_ws/install/teleop_tools_msgs/share/teleop_tools_msgs/hook/cmake_prefix_path.dsv'
[9.416s] INFO:colcon.colcon_core.shell:Creating environment hook '/home/nvidia/f1tenth_ws/install/teleop_tools_msgs/share/teleop_tools_msgs/hook/cmake_prefix_path.sh'
[9.420s] Level 1:colcon.colcon_core.environment:checking '/home/nvidia/f1tenth_ws/install/teleop_tools_msgs/lib'
[9.421s] Level 1:colcon.colcon_core.shell:create_environment_hook('teleop_tools_msgs', 'ld_library_path_lib')
[9.422s] INFO:colcon.colcon_core.shell:Creating environment hook '/home/nvidia/f1tenth_ws/install/teleop_tools_msgs/share/teleop_tools_msgs/hook/ld_library_path_lib.ps1'
[9.424s] INFO:colcon.colcon_core.shell:Creating environment descriptor '/home/nvidia/f1tenth_ws/install/teleop_tools_msgs/share/teleop_tools_msgs/hook/ld_library_path_lib.dsv'
[9.426s] INFO:colcon.colcon_core.shell:Creating environment hook '/home/nvidia/f1tenth_ws/install/teleop_tools_msgs/share/teleop_tools_msgs/hook/ld_library_path_lib.sh'
[9.428s] Level 1:colcon.colcon_core.environment:checking '/home/nvidia/f1tenth_ws/install/teleop_tools_msgs/bin'
[9.429s] Level 1:colcon.colcon_core.environment:checking '/home/nvidia/f1tenth_ws/install/teleop_tools_msgs/lib/pkgconfig/teleop_tools_msgs.pc'
[9.430s] Level 1:colcon.colcon_core.environment:checking '/home/nvidia/f1tenth_ws/install/teleop_tools_msgs/lib/python3.8/site-packages'
[9.430s] Level 1:colcon.colcon_core.shell:create_environment_hook('teleop_tools_msgs', 'pythonpath')
[9.432s] INFO:colcon.colcon_core.shell:Creating environment hook '/home/nvidia/f1tenth_ws/install/teleop_tools_msgs/share/teleop_tools_msgs/hook/pythonpath.ps1'
[9.434s] INFO:colcon.colcon_core.shell:Creating environment descriptor '/home/nvidia/f1tenth_ws/install/teleop_tools_msgs/share/teleop_tools_msgs/hook/pythonpath.dsv'
[9.436s] INFO:colcon.colcon_core.shell:Creating environment hook '/home/nvidia/f1tenth_ws/install/teleop_tools_msgs/share/teleop_tools_msgs/hook/pythonpath.sh'
[9.438s] Level 1:colcon.colcon_core.environment:checking '/home/nvidia/f1tenth_ws/install/teleop_tools_msgs/bin'
[9.440s] INFO:colcon.colcon_core.shell:Creating package script '/home/nvidia/f1tenth_ws/install/teleop_tools_msgs/share/teleop_tools_msgs/package.ps1'
[9.444s] INFO:colcon.colcon_core.shell:Creating package descriptor '/home/nvidia/f1tenth_ws/install/teleop_tools_msgs/share/teleop_tools_msgs/package.dsv'
[9.447s] INFO:colcon.colcon_core.shell:Creating package script '/home/nvidia/f1tenth_ws/install/teleop_tools_msgs/share/teleop_tools_msgs/package.sh'
[9.450s] INFO:colcon.colcon_core.shell:Creating package script '/home/nvidia/f1tenth_ws/install/teleop_tools_msgs/share/teleop_tools_msgs/package.bash'
[9.452s] INFO:colcon.colcon_core.shell:Creating package script '/home/nvidia/f1tenth_ws/install/teleop_tools_msgs/share/teleop_tools_msgs/package.zsh'
[9.454s] Level 1:colcon.colcon_core.environment:create_file_with_runtime_dependencies(/home/nvidia/f1tenth_ws/install/teleop_tools_msgs/share/colcon-core/packages/teleop_tools_msgs)
[9.479s] Level 1:colcon.colcon_core.environment:create_environment_scripts_only(vesc_msgs)
[9.485s] Level 1:colcon.colcon_core.environment:checking '/home/nvidia/f1tenth_ws/install/vesc_msgs' for CMake module files
[9.489s] DEBUG:colcon.colcon_core.event_handler.log_command:Invoked command in '/home/nvidia/f1tenth_ws/build/vesc_msgs' returned '0': /usr/bin/cmake --install /home/nvidia/f1tenth_ws/build/vesc_msgs
[9.494s] Level 1:colcon.colcon_core.environment:checking '/home/nvidia/f1tenth_ws/install/vesc_msgs' for CMake config files
[9.499s] Level 1:colcon.colcon_core.shell:create_environment_hook('vesc_msgs', 'cmake_prefix_path')
[9.501s] INFO:colcon.colcon_core.shell:Creating environment hook '/home/nvidia/f1tenth_ws/install/vesc_msgs/share/vesc_msgs/hook/cmake_prefix_path.ps1'
[9.509s] INFO:colcon.colcon_core.shell:Creating environment descriptor '/home/nvidia/f1tenth_ws/install/vesc_msgs/share/vesc_msgs/hook/cmake_prefix_path.dsv'
[9.511s] INFO:colcon.colcon_core.shell:Creating environment hook '/home/nvidia/f1tenth_ws/install/vesc_msgs/share/vesc_msgs/hook/cmake_prefix_path.sh'
[9.516s] Level 1:colcon.colcon_core.environment:checking '/home/nvidia/f1tenth_ws/install/vesc_msgs/lib'
[9.517s] Level 1:colcon.colcon_core.shell:create_environment_hook('vesc_msgs', 'ld_library_path_lib')
[9.520s] INFO:colcon.colcon_core.shell:Creating environment hook '/home/nvidia/f1tenth_ws/install/vesc_msgs/share/vesc_msgs/hook/ld_library_path_lib.ps1'
[9.523s] INFO:colcon.colcon_core.shell:Creating environment descriptor '/home/nvidia/f1tenth_ws/install/vesc_msgs/share/vesc_msgs/hook/ld_library_path_lib.dsv'
[9.526s] INFO:colcon.colcon_core.shell:Creating environment hook '/home/nvidia/f1tenth_ws/install/vesc_msgs/share/vesc_msgs/hook/ld_library_path_lib.sh'
[9.529s] Level 1:colcon.colcon_core.environment:checking '/home/nvidia/f1tenth_ws/install/vesc_msgs/bin'
[9.530s] Level 1:colcon.colcon_core.environment:checking '/home/nvidia/f1tenth_ws/install/vesc_msgs/lib/pkgconfig/vesc_msgs.pc'
[9.531s] Level 1:colcon.colcon_core.environment:checking '/home/nvidia/f1tenth_ws/install/vesc_msgs/lib/python3.8/site-packages'
[9.532s] Level 1:colcon.colcon_core.shell:create_environment_hook('vesc_msgs', 'pythonpath')
[9.533s] INFO:colcon.colcon_core.shell:Creating environment hook '/home/nvidia/f1tenth_ws/install/vesc_msgs/share/vesc_msgs/hook/pythonpath.ps1'
[9.536s] INFO:colcon.colcon_core.shell:Creating environment descriptor '/home/nvidia/f1tenth_ws/install/vesc_msgs/share/vesc_msgs/hook/pythonpath.dsv'
[9.538s] INFO:colcon.colcon_core.shell:Creating environment hook '/home/nvidia/f1tenth_ws/install/vesc_msgs/share/vesc_msgs/hook/pythonpath.sh'
[9.542s] Level 1:colcon.colcon_core.environment:checking '/home/nvidia/f1tenth_ws/install/vesc_msgs/bin'
[9.545s] INFO:colcon.colcon_core.shell:Creating package script '/home/nvidia/f1tenth_ws/install/vesc_msgs/share/vesc_msgs/package.ps1'
[9.551s] INFO:colcon.colcon_core.shell:Creating package descriptor '/home/nvidia/f1tenth_ws/install/vesc_msgs/share/vesc_msgs/package.dsv'
[9.555s] INFO:colcon.colcon_core.shell:Creating package script '/home/nvidia/f1tenth_ws/install/vesc_msgs/share/vesc_msgs/package.sh'
[9.561s] INFO:colcon.colcon_core.shell:Creating package script '/home/nvidia/f1tenth_ws/install/vesc_msgs/share/vesc_msgs/package.bash'
[9.563s] INFO:colcon.colcon_core.shell:Creating package script '/home/nvidia/f1tenth_ws/install/vesc_msgs/share/vesc_msgs/package.zsh'
[9.566s] Level 1:colcon.colcon_core.environment:create_file_with_runtime_dependencies(/home/nvidia/f1tenth_ws/install/vesc_msgs/share/colcon-core/packages/vesc_msgs)
[9.684s] DEBUG:colcon.colcon_core.event_handler.log_command:Invoking command in '/home/nvidia/f1tenth_ws/src/f1tenth_system/teleop_tools/key_teleop': PYTHONPATH=/home/nvidia/f1tenth_ws/build/key_teleop/prefix_override:/usr/lib/python3/dist-packages/colcon_core/task/python/colcon_distutils_commands:/home/nvidia/f1tenth_ws/install/key_teleop/lib/python3.8/site-packages: /usr/bin/python3 -W ignore:setup.py install is deprecated setup.py egg_info --egg-base ../../../../build/key_teleop build --build-base /home/nvidia/f1tenth_ws/build/key_teleop/build install --record /home/nvidia/f1tenth_ws/build/key_teleop/install.log --install-scripts $base/lib/key_teleop --single-version-externally-managed install_data
[9.699s] DEBUG:colcon.colcon_core.event_handler.log_command:Invoking command in '/home/nvidia/f1tenth_ws/src/mapping': PYTHONPATH=/home/nvidia/f1tenth_ws/build/mapping/prefix_override:/usr/lib/python3/dist-packages/colcon_core/task/python/colcon_distutils_commands:/home/nvidia/f1tenth_ws/install/mapping/lib/python3.8/site-packages: /usr/bin/python3 -W ignore:setup.py install is deprecated setup.py egg_info --egg-base ../../build/mapping build --build-base /home/nvidia/f1tenth_ws/build/mapping/build install --record /home/nvidia/f1tenth_ws/build/mapping/install.log --install-scripts $base/lib/mapping --single-version-externally-managed install_data
[9.726s] DEBUG:colcon.colcon_core.event_handler.log_command:Invoking command in '/home/nvidia/f1tenth_ws/src/f1tenth_controllers': PYTHONPATH=/home/nvidia/f1tenth_ws/build/f1tenth_controllers/prefix_override:/usr/lib/python3/dist-packages/colcon_core/task/python/colcon_distutils_commands:/home/nvidia/f1tenth_ws/install/f1tenth_controllers/lib/python3.8/site-packages: /usr/bin/python3 -W ignore:setup.py install is deprecated setup.py egg_info --egg-base ../../build/f1tenth_controllers build --build-base /home/nvidia/f1tenth_ws/build/f1tenth_controllers/build install --record /home/nvidia/f1tenth_ws/build/f1tenth_controllers/install.log --install-scripts $base/lib/f1tenth_controllers --single-version-externally-managed install_data
[9.903s] Level 1:colcon.colcon_core.environment:create_environment_scripts_only(teleop_tools_msgs)
[9.906s] Level 1:colcon.colcon_core.environment:checking '/home/nvidia/f1tenth_ws/install/teleop_tools_msgs' for CMake module files
[9.923s] Level 1:colcon.colcon_core.environment:checking '/home/nvidia/f1tenth_ws/install/teleop_tools_msgs' for CMake config files
[9.926s] Level 1:colcon.colcon_core.shell:create_environment_hook('teleop_tools_msgs', 'cmake_prefix_path')
[9.928s] INFO:colcon.colcon_core.shell:Creating environment hook '/home/nvidia/f1tenth_ws/install/teleop_tools_msgs/share/teleop_tools_msgs/hook/cmake_prefix_path.ps1'
[9.944s] INFO:colcon.colcon_core.shell:Creating environment descriptor '/home/nvidia/f1tenth_ws/install/teleop_tools_msgs/share/teleop_tools_msgs/hook/cmake_prefix_path.dsv'
[9.947s] INFO:colcon.colcon_core.shell:Creating environment hook '/home/nvidia/f1tenth_ws/install/teleop_tools_msgs/share/teleop_tools_msgs/hook/cmake_prefix_path.sh'
[9.950s] Level 1:colcon.colcon_core.environment:checking '/home/nvidia/f1tenth_ws/install/teleop_tools_msgs/lib'
[9.951s] Level 1:colcon.colcon_core.shell:create_environment_hook('teleop_tools_msgs', 'ld_library_path_lib')
[9.952s] INFO:colcon.colcon_core.shell:Creating environment hook '/home/nvidia/f1tenth_ws/install/teleop_tools_msgs/share/teleop_tools_msgs/hook/ld_library_path_lib.ps1'
[9.955s] INFO:colcon.colcon_core.shell:Creating environment descriptor '/home/nvidia/f1tenth_ws/install/teleop_tools_msgs/share/teleop_tools_msgs/hook/ld_library_path_lib.dsv'
[9.969s] INFO:colcon.colcon_core.shell:Creating environment hook '/home/nvidia/f1tenth_ws/install/teleop_tools_msgs/share/teleop_tools_msgs/hook/ld_library_path_lib.sh'
[9.972s] Level 1:colcon.colcon_core.environment:checking '/home/nvidia/f1tenth_ws/install/teleop_tools_msgs/bin'
[9.972s] Level 1:colcon.colcon_core.environment:checking '/home/nvidia/f1tenth_ws/install/teleop_tools_msgs/lib/pkgconfig/teleop_tools_msgs.pc'
[9.974s] Level 1:colcon.colcon_core.environment:checking '/home/nvidia/f1tenth_ws/install/teleop_tools_msgs/lib/python3.8/site-packages'
[9.974s] Level 1:colcon.colcon_core.shell:create_environment_hook('teleop_tools_msgs', 'pythonpath')
[9.976s] INFO:colcon.colcon_core.shell:Creating environment hook '/home/nvidia/f1tenth_ws/install/teleop_tools_msgs/share/teleop_tools_msgs/hook/pythonpath.ps1'
[9.978s] INFO:colcon.colcon_core.shell:Creating environment descriptor '/home/nvidia/f1tenth_ws/install/teleop_tools_msgs/share/teleop_tools_msgs/hook/pythonpath.dsv'
[9.994s] INFO:colcon.colcon_core.shell:Creating environment hook '/home/nvidia/f1tenth_ws/install/teleop_tools_msgs/share/teleop_tools_msgs/hook/pythonpath.sh'
[9.997s] Level 1:colcon.colcon_core.environment:checking '/home/nvidia/f1tenth_ws/install/teleop_tools_msgs/bin'
[10.000s] INFO:colcon.colcon_core.shell:Creating package script '/home/nvidia/f1tenth_ws/install/teleop_tools_msgs/share/teleop_tools_msgs/package.ps1'
[10.005s] INFO:colcon.colcon_core.shell:Creating package descriptor '/home/nvidia/f1tenth_ws/install/teleop_tools_msgs/share/teleop_tools_msgs/package.dsv'
[10.009s] INFO:colcon.colcon_core.shell:Creating package script '/home/nvidia/f1tenth_ws/install/teleop_tools_msgs/share/teleop_tools_msgs/package.sh'
[10.012s] INFO:colcon.colcon_core.shell:Creating package script '/home/nvidia/f1tenth_ws/install/teleop_tools_msgs/share/teleop_tools_msgs/package.bash'
[10.014s] INFO:colcon.colcon_core.shell:Creating package script '/home/nvidia/f1tenth_ws/install/teleop_tools_msgs/share/teleop_tools_msgs/package.zsh'
[10.031s] Level 1:colcon.colcon_core.environment:create_file_with_runtime_dependencies(/home/nvidia/f1tenth_ws/install/teleop_tools_msgs/share/colcon-core/packages/teleop_tools_msgs)
[10.049s] INFO:colcon.colcon_ros.task.ament_python.build:Building ROS package in '/home/nvidia/f1tenth_ws/src/f1tenth_system/teleop_tools/joy_teleop' with build type 'ament_python'
[10.051s] Level 1:colcon.colcon_core.shell:create_environment_hook('joy_teleop', 'ament_prefix_path')
[10.052s] INFO:colcon.colcon_core.shell:Creating environment hook '/home/nvidia/f1tenth_ws/install/joy_teleop/share/joy_teleop/hook/ament_prefix_path.ps1'
[10.055s] INFO:colcon.colcon_core.shell:Creating environment descriptor '/home/nvidia/f1tenth_ws/install/joy_teleop/share/joy_teleop/hook/ament_prefix_path.dsv'
[10.058s] INFO:colcon.colcon_core.shell:Creating environment hook '/home/nvidia/f1tenth_ws/install/joy_teleop/share/joy_teleop/hook/ament_prefix_path.sh'
[10.061s] INFO:colcon.colcon_core.shell:Skip shell extension 'powershell' for command environment: Not usable outside of PowerShell
[10.062s] DEBUG:colcon.colcon_core.shell:Skip shell extension 'dsv' for command environment
[11.866s] INFO:colcon.colcon_core.task.python.build:Building Python package in '/home/nvidia/f1tenth_ws/src/f1tenth_system/teleop_tools/joy_teleop'
[11.871s] INFO:colcon.colcon_core.shell:Skip shell extension 'powershell' for command environment: Not usable outside of PowerShell
[11.871s] DEBUG:colcon.colcon_core.shell:Skip shell extension 'dsv' for command environment
[11.910s] Level 1:colcon.colcon_core.environment:checking '/home/nvidia/f1tenth_ws/install/mapping' for CMake module files
[11.915s] DEBUG:colcon.colcon_core.event_handler.log_command:Invoked command in '/home/nvidia/f1tenth_ws/src/mapping' returned '0': PYTHONPATH=/home/nvidia/f1tenth_ws/build/mapping/prefix_override:/usr/lib/python3/dist-packages/colcon_core/task/python/colcon_distutils_commands:/home/nvidia/f1tenth_ws/install/mapping/lib/python3.8/site-packages: /usr/bin/python3 -W ignore:setup.py install is deprecated setup.py egg_info --egg-base ../../build/mapping build --build-base /home/nvidia/f1tenth_ws/build/mapping/build install --record /home/nvidia/f1tenth_ws/build/mapping/install.log --install-scripts $base/lib/mapping --single-version-externally-managed install_data
[11.922s] Level 1:colcon.colcon_core.environment:checking '/home/nvidia/f1tenth_ws/install/mapping' for CMake config files
[11.926s] Level 1:colcon.colcon_core.environment:checking '/home/nvidia/f1tenth_ws/install/mapping/lib'
[11.927s] Level 1:colcon.colcon_core.environment:checking '/home/nvidia/f1tenth_ws/install/mapping/bin'
[11.928s] Level 1:colcon.colcon_core.environment:checking '/home/nvidia/f1tenth_ws/install/mapping/lib/pkgconfig/mapping.pc'
[11.929s] Level 1:colcon.colcon_core.environment:checking '/home/nvidia/f1tenth_ws/install/mapping/lib/python3.8/site-packages'
[11.930s] Level 1:colcon.colcon_core.shell:create_environment_hook('mapping', 'pythonpath')
[11.931s] INFO:colcon.colcon_core.shell:Creating environment hook '/home/nvidia/f1tenth_ws/install/mapping/share/mapping/hook/pythonpath.ps1'
[11.935s] INFO:colcon.colcon_core.shell:Creating environment descriptor '/home/nvidia/f1tenth_ws/install/mapping/share/mapping/hook/pythonpath.dsv'
[11.937s] INFO:colcon.colcon_core.shell:Creating environment hook '/home/nvidia/f1tenth_ws/install/mapping/share/mapping/hook/pythonpath.sh'
[11.940s] Level 1:colcon.colcon_core.environment:checking '/home/nvidia/f1tenth_ws/install/mapping/bin'
[11.940s] Level 1:colcon.colcon_core.environment:create_environment_scripts_only(mapping)
[11.942s] INFO:colcon.colcon_core.shell:Creating package script '/home/nvidia/f1tenth_ws/install/mapping/share/mapping/package.ps1'
[11.945s] INFO:colcon.colcon_core.shell:Creating package descriptor '/home/nvidia/f1tenth_ws/install/mapping/share/mapping/package.dsv'
[11.948s] INFO:colcon.colcon_core.shell:Creating package script '/home/nvidia/f1tenth_ws/install/mapping/share/mapping/package.sh'
[11.951s] INFO:colcon.colcon_core.shell:Creating package script '/home/nvidia/f1tenth_ws/install/mapping/share/mapping/package.bash'
[11.953s] INFO:colcon.colcon_core.shell:Creating package script '/home/nvidia/f1tenth_ws/install/mapping/share/mapping/package.zsh'
[11.955s] Level 1:colcon.colcon_core.environment:create_file_with_runtime_dependencies(/home/nvidia/f1tenth_ws/install/mapping/share/colcon-core/packages/mapping)
[11.958s] Level 1:colcon.colcon_core.environment:checking '/home/nvidia/f1tenth_ws/install/f1tenth_controllers' for CMake module files
[11.966s] DEBUG:colcon.colcon_core.event_handler.log_command:Invoked command in '/home/nvidia/f1tenth_ws/src/f1tenth_controllers' returned '0': PYTHONPATH=/home/nvidia/f1tenth_ws/build/f1tenth_controllers/prefix_override:/usr/lib/python3/dist-packages/colcon_core/task/python/colcon_distutils_commands:/home/nvidia/f1tenth_ws/install/f1tenth_controllers/lib/python3.8/site-packages: /usr/bin/python3 -W ignore:setup.py install is deprecated setup.py egg_info --egg-base ../../build/f1tenth_controllers build --build-base /home/nvidia/f1tenth_ws/build/f1tenth_controllers/build install --record /home/nvidia/f1tenth_ws/build/f1tenth_controllers/install.log --install-scripts $base/lib/f1tenth_controllers --single-version-externally-managed install_data
[11.967s] Level 1:colcon.colcon_core.environment:checking '/home/nvidia/f1tenth_ws/install/f1tenth_controllers' for CMake config files
[11.971s] Level 1:colcon.colcon_core.environment:checking '/home/nvidia/f1tenth_ws/install/f1tenth_controllers/lib'
[11.972s] Level 1:colcon.colcon_core.environment:checking '/home/nvidia/f1tenth_ws/install/f1tenth_controllers/bin'
[11.972s] Level 1:colcon.colcon_core.environment:checking '/home/nvidia/f1tenth_ws/install/f1tenth_controllers/lib/pkgconfig/f1tenth_controllers.pc'
[11.973s] Level 1:colcon.colcon_core.environment:checking '/home/nvidia/f1tenth_ws/install/f1tenth_controllers/lib/python3.8/site-packages'
[11.973s] Level 1:colcon.colcon_core.shell:create_environment_hook('f1tenth_controllers', 'pythonpath')
[11.974s] INFO:colcon.colcon_core.shell:Creating environment hook '/home/nvidia/f1tenth_ws/install/f1tenth_controllers/share/f1tenth_controllers/hook/pythonpath.ps1'
[11.978s] INFO:colcon.colcon_core.shell:Creating environment descriptor '/home/nvidia/f1tenth_ws/install/f1tenth_controllers/share/f1tenth_controllers/hook/pythonpath.dsv'
[11.981s] INFO:colcon.colcon_core.shell:Creating environment hook '/home/nvidia/f1tenth_ws/install/f1tenth_controllers/share/f1tenth_controllers/hook/pythonpath.sh'
[11.985s] Level 1:colcon.colcon_core.environment:checking '/home/nvidia/f1tenth_ws/install/f1tenth_controllers/bin'
[11.986s] Level 1:colcon.colcon_core.environment:create_environment_scripts_only(f1tenth_controllers)
[11.988s] INFO:colcon.colcon_core.shell:Creating package script '/home/nvidia/f1tenth_ws/install/f1tenth_controllers/share/f1tenth_controllers/package.ps1'
[11.990s] INFO:colcon.colcon_core.shell:Creating package descriptor '/home/nvidia/f1tenth_ws/install/f1tenth_controllers/share/f1tenth_controllers/package.dsv'
[11.993s] INFO:colcon.colcon_core.shell:Creating package script '/home/nvidia/f1tenth_ws/install/f1tenth_controllers/share/f1tenth_controllers/package.sh'
[11.995s] INFO:colcon.colcon_core.shell:Creating package script '/home/nvidia/f1tenth_ws/install/f1tenth_controllers/share/f1tenth_controllers/package.bash'
[11.997s] INFO:colcon.colcon_core.shell:Creating package script '/home/nvidia/f1tenth_ws/install/f1tenth_controllers/share/f1tenth_controllers/package.zsh'
[11.999s] Level 1:colcon.colcon_core.environment:create_file_with_runtime_dependencies(/home/nvidia/f1tenth_ws/install/f1tenth_controllers/share/colcon-core/packages/f1tenth_controllers)
[12.001s] Level 1:colcon.colcon_core.environment:checking '/home/nvidia/f1tenth_ws/install/key_teleop' for CMake module files
[12.008s] DEBUG:colcon.colcon_core.event_handler.log_command:Invoked command in '/home/nvidia/f1tenth_ws/src/f1tenth_system/teleop_tools/key_teleop' returned '0': PYTHONPATH=/home/nvidia/f1tenth_ws/build/key_teleop/prefix_override:/usr/lib/python3/dist-packages/colcon_core/task/python/colcon_distutils_commands:/home/nvidia/f1tenth_ws/install/key_teleop/lib/python3.8/site-packages: /usr/bin/python3 -W ignore:setup.py install is deprecated setup.py egg_info --egg-base ../../../../build/key_teleop build --build-base /home/nvidia/f1tenth_ws/build/key_teleop/build install --record /home/nvidia/f1tenth_ws/build/key_teleop/install.log --install-scripts $base/lib/key_teleop --single-version-externally-managed install_data
[12.008s] Level 1:colcon.colcon_core.environment:checking '/home/nvidia/f1tenth_ws/install/key_teleop' for CMake config files
[12.013s] Level 1:colcon.colcon_core.environment:checking '/home/nvidia/f1tenth_ws/install/key_teleop/lib'
[12.013s] Level 1:colcon.colcon_core.environment:checking '/home/nvidia/f1tenth_ws/install/key_teleop/bin'
[12.014s] Level 1:colcon.colcon_core.environment:checking '/home/nvidia/f1tenth_ws/install/key_teleop/lib/pkgconfig/key_teleop.pc'
[12.015s] Level 1:colcon.colcon_core.environment:checking '/home/nvidia/f1tenth_ws/install/key_teleop/lib/python3.8/site-packages'
[12.015s] Level 1:colcon.colcon_core.shell:create_environment_hook('key_teleop', 'pythonpath')
[12.017s] INFO:colcon.colcon_core.shell:Creating environment hook '/home/nvidia/f1tenth_ws/install/key_teleop/share/key_teleop/hook/pythonpath.ps1'
[12.021s] INFO:colcon.colcon_core.shell:Creating environment descriptor '/home/nvidia/f1tenth_ws/install/key_teleop/share/key_teleop/hook/pythonpath.dsv'
[12.025s] INFO:colcon.colcon_core.shell:Creating environment hook '/home/nvidia/f1tenth_ws/install/key_teleop/share/key_teleop/hook/pythonpath.sh'
[12.029s] Level 1:colcon.colcon_core.environment:checking '/home/nvidia/f1tenth_ws/install/key_teleop/bin'
[12.029s] Level 1:colcon.colcon_core.environment:create_environment_scripts_only(key_teleop)
[12.031s] INFO:colcon.colcon_core.shell:Creating package script '/home/nvidia/f1tenth_ws/install/key_teleop/share/key_teleop/package.ps1'
[12.034s] INFO:colcon.colcon_core.shell:Creating package descriptor '/home/nvidia/f1tenth_ws/install/key_teleop/share/key_teleop/package.dsv'
[12.037s] INFO:colcon.colcon_core.shell:Creating package script '/home/nvidia/f1tenth_ws/install/key_teleop/share/key_teleop/package.sh'
[12.040s] INFO:colcon.colcon_core.shell:Creating package script '/home/nvidia/f1tenth_ws/install/key_teleop/share/key_teleop/package.bash'
[12.042s] INFO:colcon.colcon_core.shell:Creating package script '/home/nvidia/f1tenth_ws/install/key_teleop/share/key_teleop/package.zsh'
[12.045s] Level 1:colcon.colcon_core.environment:create_file_with_runtime_dependencies(/home/nvidia/f1tenth_ws/install/key_teleop/share/colcon-core/packages/key_teleop)
[12.051s] Level 1:colcon.colcon_core.environment:create_environment_scripts_only(vesc_msgs)
[12.054s] Level 1:colcon.colcon_core.environment:checking '/home/nvidia/f1tenth_ws/install/vesc_msgs' for CMake module files
[12.060s] Level 1:colcon.colcon_core.environment:checking '/home/nvidia/f1tenth_ws/install/vesc_msgs' for CMake config files
[12.065s] Level 1:colcon.colcon_core.shell:create_environment_hook('vesc_msgs', 'cmake_prefix_path')
[12.067s] INFO:colcon.colcon_core.shell:Creating environment hook '/home/nvidia/f1tenth_ws/install/vesc_msgs/share/vesc_msgs/hook/cmake_prefix_path.ps1'
[12.070s] INFO:colcon.colcon_core.shell:Creating environment descriptor '/home/nvidia/f1tenth_ws/install/vesc_msgs/share/vesc_msgs/hook/cmake_prefix_path.dsv'
[12.074s] INFO:colcon.colcon_core.shell:Creating environment hook '/home/nvidia/f1tenth_ws/install/vesc_msgs/share/vesc_msgs/hook/cmake_prefix_path.sh'
[12.077s] Level 1:colcon.colcon_core.environment:checking '/home/nvidia/f1tenth_ws/install/vesc_msgs/lib'
[12.078s] Level 1:colcon.colcon_core.shell:create_environment_hook('vesc_msgs', 'ld_library_path_lib')
[12.080s] INFO:colcon.colcon_core.shell:Creating environment hook '/home/nvidia/f1tenth_ws/install/vesc_msgs/share/vesc_msgs/hook/ld_library_path_lib.ps1'
[12.082s] INFO:colcon.colcon_core.shell:Creating environment descriptor '/home/nvidia/f1tenth_ws/install/vesc_msgs/share/vesc_msgs/hook/ld_library_path_lib.dsv'
[12.085s] INFO:colcon.colcon_core.shell:Creating environment hook '/home/nvidia/f1tenth_ws/install/vesc_msgs/share/vesc_msgs/hook/ld_library_path_lib.sh'
[12.087s] Level 1:colcon.colcon_core.environment:checking '/home/nvidia/f1tenth_ws/install/vesc_msgs/bin'
[12.088s] Level 1:colcon.colcon_core.environment:checking '/home/nvidia/f1tenth_ws/install/vesc_msgs/lib/pkgconfig/vesc_msgs.pc'
[12.089s] Level 1:colcon.colcon_core.environment:checking '/home/nvidia/f1tenth_ws/install/vesc_msgs/lib/python3.8/site-packages'
[12.089s] Level 1:colcon.colcon_core.shell:create_environment_hook('vesc_msgs', 'pythonpath')
[12.090s] INFO:colcon.colcon_core.shell:Creating environment hook '/home/nvidia/f1tenth_ws/install/vesc_msgs/share/vesc_msgs/hook/pythonpath.ps1'
[12.093s] INFO:colcon.colcon_core.shell:Creating environment descriptor '/home/nvidia/f1tenth_ws/install/vesc_msgs/share/vesc_msgs/hook/pythonpath.dsv'
[12.095s] INFO:colcon.colcon_core.shell:Creating environment hook '/home/nvidia/f1tenth_ws/install/vesc_msgs/share/vesc_msgs/hook/pythonpath.sh'
[12.097s] Level 1:colcon.colcon_core.environment:checking '/home/nvidia/f1tenth_ws/install/vesc_msgs/bin'
[12.099s] INFO:colcon.colcon_core.shell:Creating package script '/home/nvidia/f1tenth_ws/install/vesc_msgs/share/vesc_msgs/package.ps1'
[12.103s] INFO:colcon.colcon_core.shell:Creating package descriptor '/home/nvidia/f1tenth_ws/install/vesc_msgs/share/vesc_msgs/package.dsv'
[12.106s] INFO:colcon.colcon_core.shell:Creating package script '/home/nvidia/f1tenth_ws/install/vesc_msgs/share/vesc_msgs/package.sh'
[12.109s] INFO:colcon.colcon_core.shell:Creating package script '/home/nvidia/f1tenth_ws/install/vesc_msgs/share/vesc_msgs/package.bash'
[12.112s] INFO:colcon.colcon_core.shell:Creating package script '/home/nvidia/f1tenth_ws/install/vesc_msgs/share/vesc_msgs/package.zsh'
[12.114s] Level 1:colcon.colcon_core.environment:create_file_with_runtime_dependencies(/home/nvidia/f1tenth_ws/install/vesc_msgs/share/colcon-core/packages/vesc_msgs)
[12.116s] INFO:colcon.colcon_ros.task.ament_python.build:Building ROS package in '/home/nvidia/f1tenth_ws/src/new_map_saver' with build type 'ament_python'
[12.117s] Level 1:colcon.colcon_core.shell:create_environment_hook('new_map_saver', 'ament_prefix_path')
[12.119s] INFO:colcon.colcon_core.shell:Creating environment hook '/home/nvidia/f1tenth_ws/install/new_map_saver/share/new_map_saver/hook/ament_prefix_path.ps1'
[12.124s] INFO:colcon.colcon_core.shell:Creating environment descriptor '/home/nvidia/f1tenth_ws/install/new_map_saver/share/new_map_saver/hook/ament_prefix_path.dsv'
[12.128s] INFO:colcon.colcon_core.shell:Creating environment hook '/home/nvidia/f1tenth_ws/install/new_map_saver/share/new_map_saver/hook/ament_prefix_path.sh'
[12.131s] INFO:colcon.colcon_core.shell:Skip shell extension 'powershell' for command environment: Not usable outside of PowerShell
[12.132s] DEBUG:colcon.colcon_core.shell:Skip shell extension 'dsv' for command environment
[12.150s] INFO:colcon.colcon_ros.task.ament_python.build:Building ROS package in '/home/nvidia/f1tenth_ws/src/phasespace' with build type 'ament_python'
[12.154s] Level 1:colcon.colcon_core.shell:create_environment_hook('phasespace', 'ament_prefix_path')
[12.159s] INFO:colcon.colcon_core.shell:Creating environment hook '/home/nvidia/f1tenth_ws/install/phasespace/share/phasespace/hook/ament_prefix_path.ps1'
[12.167s] INFO:colcon.colcon_core.shell:Creating environment descriptor '/home/nvidia/f1tenth_ws/install/phasespace/share/phasespace/hook/ament_prefix_path.dsv'
[12.170s] INFO:colcon.colcon_core.shell:Creating environment hook '/home/nvidia/f1tenth_ws/install/phasespace/share/phasespace/hook/ament_prefix_path.sh'
[12.174s] INFO:colcon.colcon_core.shell:Skip shell extension 'powershell' for command environment: Not usable outside of PowerShell
[12.174s] DEBUG:colcon.colcon_core.shell:Skip shell extension 'dsv' for command environment
[12.193s] INFO:colcon.colcon_ros.task.ament_cmake.build:Building ROS package in '/home/nvidia/f1tenth_ws/src/pure_pursuit' with build type 'ament_cmake'
[12.200s] INFO:colcon.colcon_cmake.task.cmake.build:Building CMake package in '/home/nvidia/f1tenth_ws/src/pure_pursuit'
[12.204s] INFO:colcon.colcon_core.shell:Skip shell extension 'powershell' for command environment: Not usable outside of PowerShell
[12.205s] DEBUG:colcon.colcon_core.shell:Skip shell extension 'dsv' for command environment
[12.238s] INFO:colcon.colcon_ros.task.ament_cmake.build:Building ROS package in '/home/nvidia/f1tenth_ws/src/f1tenth_system/vesc/vesc_ackermann' with build type 'ament_cmake'
[12.241s] INFO:colcon.colcon_cmake.task.cmake.build:Building CMake package in '/home/nvidia/f1tenth_ws/src/f1tenth_system/vesc/vesc_ackermann'
[12.244s] INFO:colcon.colcon_core.shell:Skip shell extension 'powershell' for command environment: Not usable outside of PowerShell
[12.246s] DEBUG:colcon.colcon_core.shell:Skip shell extension 'dsv' for command environment
[12.344s] DEBUG:colcon.colcon_core.event_handler.log_command:Invoking command in '/home/nvidia/f1tenth_ws/src/f1tenth_system/teleop_tools/mouse_teleop': PYTHONPATH=/home/nvidia/f1tenth_ws/build/mouse_teleop/prefix_override:/usr/lib/python3/dist-packages/colcon_core/task/python/colcon_distutils_commands:/home/nvidia/f1tenth_ws/install/mouse_teleop/lib/python3.8/site-packages: /usr/bin/python3 -W ignore:setup.py install is deprecated setup.py egg_info --egg-base ../../../../build/mouse_teleop build --build-base /home/nvidia/f1tenth_ws/build/mouse_teleop/build install --record /home/nvidia/f1tenth_ws/build/mouse_teleop/install.log --install-scripts $base/lib/mouse_teleop --single-version-externally-managed install_data
[13.623s] INFO:colcon.colcon_core.task.python.build:Building Python package in '/home/nvidia/f1tenth_ws/src/new_map_saver'
[13.628s] INFO:colcon.colcon_core.shell:Skip shell extension 'powershell' for command environment: Not usable outside of PowerShell
[13.628s] DEBUG:colcon.colcon_core.shell:Skip shell extension 'dsv' for command environment
[14.897s] INFO:colcon.colcon_core.task.python.build:Building Python package in '/home/nvidia/f1tenth_ws/src/phasespace'
[14.901s] INFO:colcon.colcon_core.shell:Skip shell extension 'powershell' for command environment: Not usable outside of PowerShell
[14.902s] DEBUG:colcon.colcon_core.shell:Skip shell extension 'dsv' for command environment
[14.950s] DEBUG:colcon.colcon_core.event_handler.log_command:Invoking command in '/home/nvidia/f1tenth_ws/build/pure_pursuit': /usr/bin/cmake /home/nvidia/f1tenth_ws/src/pure_pursuit -DCMAKE_INSTALL_PREFIX=/home/nvidia/f1tenth_ws/install/pure_pursuit
[15.007s] DEBUG:colcon.colcon_core.event_handler.log_command:Invoking command in '/home/nvidia/f1tenth_ws/build/vesc_ackermann': AMENT_PREFIX_PATH=/home/nvidia/f1tenth_ws/install/vesc_msgs CMAKE_PREFIX_PATH=/home/nvidia/f1tenth_ws/install/vesc_msgs LD_LIBRARY_PATH=/home/nvidia/f1tenth_ws/install/vesc_msgs/lib PYTHONPATH=/home/nvidia/f1tenth_ws/install/vesc_msgs/lib/python3.8/site-packages /usr/bin/cmake --build /home/nvidia/f1tenth_ws/build/vesc_ackermann -- -j6 -l6
[15.009s] Level 1:colcon.colcon_core.environment:checking '/home/nvidia/f1tenth_ws/install/mouse_teleop' for CMake module files
[15.014s] DEBUG:colcon.colcon_core.event_handler.log_command:Invoked command in '/home/nvidia/f1tenth_ws/src/f1tenth_system/teleop_tools/mouse_teleop' returned '0': PYTHONPATH=/home/nvidia/f1tenth_ws/build/mouse_teleop/prefix_override:/usr/lib/python3/dist-packages/colcon_core/task/python/colcon_distutils_commands:/home/nvidia/f1tenth_ws/install/mouse_teleop/lib/python3.8/site-packages: /usr/bin/python3 -W ignore:setup.py install is deprecated setup.py egg_info --egg-base ../../../../build/mouse_teleop build --build-base /home/nvidia/f1tenth_ws/build/mouse_teleop/build install --record /home/nvidia/f1tenth_ws/build/mouse_teleop/install.log --install-scripts $base/lib/mouse_teleop --single-version-externally-managed install_data
[15.020s] Level 1:colcon.colcon_core.environment:checking '/home/nvidia/f1tenth_ws/install/mouse_teleop' for CMake config files
[15.025s] Level 1:colcon.colcon_core.environment:checking '/home/nvidia/f1tenth_ws/install/mouse_teleop/lib'
[15.026s] Level 1:colcon.colcon_core.environment:checking '/home/nvidia/f1tenth_ws/install/mouse_teleop/bin'
[15.026s] Level 1:colcon.colcon_core.environment:checking '/home/nvidia/f1tenth_ws/install/mouse_teleop/lib/pkgconfig/mouse_teleop.pc'
[15.028s] Level 1:colcon.colcon_core.environment:checking '/home/nvidia/f1tenth_ws/install/mouse_teleop/lib/python3.8/site-packages'
[15.029s] Level 1:colcon.colcon_core.shell:create_environment_hook('mouse_teleop', 'pythonpath')
[15.030s] INFO:colcon.colcon_core.shell:Creating environment hook '/home/nvidia/f1tenth_ws/install/mouse_teleop/share/mouse_teleop/hook/pythonpath.ps1'
[15.034s] INFO:colcon.colcon_core.shell:Creating environment descriptor '/home/nvidia/f1tenth_ws/install/mouse_teleop/share/mouse_teleop/hook/pythonpath.dsv'
[15.038s] INFO:colcon.colcon_core.shell:Creating environment hook '/home/nvidia/f1tenth_ws/install/mouse_teleop/share/mouse_teleop/hook/pythonpath.sh'
[15.043s] Level 1:colcon.colcon_core.environment:checking '/home/nvidia/f1tenth_ws/install/mouse_teleop/bin'
[15.043s] Level 1:colcon.colcon_core.environment:create_environment_scripts_only(mouse_teleop)
[15.045s] INFO:colcon.colcon_core.shell:Creating package script '/home/nvidia/f1tenth_ws/install/mouse_teleop/share/mouse_teleop/package.ps1'
[15.049s] INFO:colcon.colcon_core.shell:Creating package descriptor '/home/nvidia/f1tenth_ws/install/mouse_teleop/share/mouse_teleop/package.dsv'
[15.051s] INFO:colcon.colcon_core.shell:Creating package script '/home/nvidia/f1tenth_ws/install/mouse_teleop/share/mouse_teleop/package.sh'
[15.054s] INFO:colcon.colcon_core.shell:Creating package script '/home/nvidia/f1tenth_ws/install/mouse_teleop/share/mouse_teleop/package.bash'
[15.057s] INFO:colcon.colcon_core.shell:Creating package script '/home/nvidia/f1tenth_ws/install/mouse_teleop/share/mouse_teleop/package.zsh'
[15.060s] Level 1:colcon.colcon_core.environment:create_file_with_runtime_dependencies(/home/nvidia/f1tenth_ws/install/mouse_teleop/share/colcon-core/packages/mouse_teleop)
[15.089s] INFO:colcon.colcon_ros.task.ament_cmake.build:Building ROS package in '/home/nvidia/f1tenth_ws/src/f1tenth_system/vesc/vesc_driver' with build type 'ament_cmake'
[15.092s] INFO:colcon.colcon_cmake.task.cmake.build:Building CMake package in '/home/nvidia/f1tenth_ws/src/f1tenth_system/vesc/vesc_driver'
[15.096s] INFO:colcon.colcon_core.shell:Skip shell extension 'powershell' for command environment: Not usable outside of PowerShell
[15.097s] DEBUG:colcon.colcon_core.shell:Skip shell extension 'dsv' for command environment
[15.106s] DEBUG:colcon.colcon_core.event_handler.log_command:Invoking command in '/home/nvidia/f1tenth_ws/src/f1tenth_system/teleop_tools/joy_teleop': AMENT_PREFIX_PATH=/home/nvidia/f1tenth_ws/install/teleop_tools_msgs CMAKE_PREFIX_PATH=/home/nvidia/f1tenth_ws/install/teleop_tools_msgs LD_LIBRARY_PATH=/home/nvidia/f1tenth_ws/install/teleop_tools_msgs/lib PYTHONPATH=/home/nvidia/f1tenth_ws/build/joy_teleop/prefix_override:/usr/lib/python3/dist-packages/colcon_core/task/python/colcon_distutils_commands:/home/nvidia/f1tenth_ws/install/joy_teleop/lib/python3.8/site-packages:/home/nvidia/f1tenth_ws/install/teleop_tools_msgs/lib/python3.8/site-packages /usr/bin/python3 -W ignore:setup.py install is deprecated setup.py egg_info --egg-base ../../../../build/joy_teleop build --build-base /home/nvidia/f1tenth_ws/build/joy_teleop/build install --record /home/nvidia/f1tenth_ws/build/joy_teleop/install.log --install-scripts $base/lib/joy_teleop --single-version-externally-managed install_data
[15.412s] DEBUG:colcon.colcon_core.event_handler.log_command:Invoking command in '/home/nvidia/f1tenth_ws/build/vesc_driver': AMENT_PREFIX_PATH=/home/nvidia/f1tenth_ws/install/vesc_msgs CMAKE_PREFIX_PATH=/home/nvidia/f1tenth_ws/install/vesc_msgs LD_LIBRARY_PATH=/home/nvidia/f1tenth_ws/install/vesc_msgs/lib PYTHONPATH=/home/nvidia/f1tenth_ws/install/vesc_msgs/lib/python3.8/site-packages /usr/bin/cmake --build /home/nvidia/f1tenth_ws/build/vesc_driver -- -j6 -l6
[15.926s] DEBUG:colcon.colcon_core.event_handler.log_command:Invoked command in '/home/nvidia/f1tenth_ws/build/vesc_ackermann' returned '0': AMENT_PREFIX_PATH=/home/nvidia/f1tenth_ws/install/vesc_msgs CMAKE_PREFIX_PATH=/home/nvidia/f1tenth_ws/install/vesc_msgs LD_LIBRARY_PATH=/home/nvidia/f1tenth_ws/install/vesc_msgs/lib PYTHONPATH=/home/nvidia/f1tenth_ws/install/vesc_msgs/lib/python3.8/site-packages /usr/bin/cmake --build /home/nvidia/f1tenth_ws/build/vesc_ackermann -- -j6 -l6
[16.250s] DEBUG:colcon.colcon_core.event_handler.log_command:Invoking command in '/home/nvidia/f1tenth_ws/build/vesc_ackermann': AMENT_PREFIX_PATH=/home/nvidia/f1tenth_ws/install/vesc_msgs CMAKE_PREFIX_PATH=/home/nvidia/f1tenth_ws/install/vesc_msgs LD_LIBRARY_PATH=/home/nvidia/f1tenth_ws/install/vesc_msgs/lib PYTHONPATH=/home/nvidia/f1tenth_ws/install/vesc_msgs/lib/python3.8/site-packages /usr/bin/cmake --install /home/nvidia/f1tenth_ws/build/vesc_ackermann
[16.382s] Level 1:colcon.colcon_core.environment:create_environment_scripts_only(vesc_ackermann)
[16.387s] Level 1:colcon.colcon_core.environment:checking '/home/nvidia/f1tenth_ws/install/vesc_ackermann' for CMake module files
[16.399s] Level 1:colcon.colcon_core.environment:checking '/home/nvidia/f1tenth_ws/install/vesc_ackermann' for CMake config files
[16.393s] DEBUG:colcon.colcon_core.event_handler.log_command:Invoked command in '/home/nvidia/f1tenth_ws/build/vesc_ackermann' returned '0': AMENT_PREFIX_PATH=/home/nvidia/f1tenth_ws/install/vesc_msgs CMAKE_PREFIX_PATH=/home/nvidia/f1tenth_ws/install/vesc_msgs LD_LIBRARY_PATH=/home/nvidia/f1tenth_ws/install/vesc_msgs/lib PYTHONPATH=/home/nvidia/f1tenth_ws/install/vesc_msgs/lib/python3.8/site-packages /usr/bin/cmake --install /home/nvidia/f1tenth_ws/build/vesc_ackermann
[16.403s] Level 1:colcon.colcon_core.shell:create_environment_hook('vesc_ackermann', 'cmake_prefix_path')
[16.411s] INFO:colcon.colcon_core.shell:Creating environment hook '/home/nvidia/f1tenth_ws/install/vesc_ackermann/share/vesc_ackermann/hook/cmake_prefix_path.ps1'
[16.415s] INFO:colcon.colcon_core.shell:Creating environment descriptor '/home/nvidia/f1tenth_ws/install/vesc_ackermann/share/vesc_ackermann/hook/cmake_prefix_path.dsv'
[16.418s] INFO:colcon.colcon_core.shell:Creating environment hook '/home/nvidia/f1tenth_ws/install/vesc_ackermann/share/vesc_ackermann/hook/cmake_prefix_path.sh'
[16.435s] Level 1:colcon.colcon_core.environment:checking '/home/nvidia/f1tenth_ws/install/vesc_ackermann/lib'
[16.435s] Level 1:colcon.colcon_core.shell:create_environment_hook('vesc_ackermann', 'ld_library_path_lib')
[16.437s] INFO:colcon.colcon_core.shell:Creating environment hook '/home/nvidia/f1tenth_ws/install/vesc_ackermann/share/vesc_ackermann/hook/ld_library_path_lib.ps1'
[16.449s] INFO:colcon.colcon_core.shell:Creating environment descriptor '/home/nvidia/f1tenth_ws/install/vesc_ackermann/share/vesc_ackermann/hook/ld_library_path_lib.dsv'
[16.460s] INFO:colcon.colcon_core.shell:Creating environment hook '/home/nvidia/f1tenth_ws/install/vesc_ackermann/share/vesc_ackermann/hook/ld_library_path_lib.sh'
[16.463s] Level 1:colcon.colcon_core.environment:checking '/home/nvidia/f1tenth_ws/install/vesc_ackermann/bin'
[16.463s] Level 1:colcon.colcon_core.environment:checking '/home/nvidia/f1tenth_ws/install/vesc_ackermann/lib/pkgconfig/vesc_ackermann.pc'
[16.466s] Level 1:colcon.colcon_core.environment:checking '/home/nvidia/f1tenth_ws/install/vesc_ackermann/lib/python3.8/site-packages'
[16.467s] Level 1:colcon.colcon_core.environment:checking '/home/nvidia/f1tenth_ws/install/vesc_ackermann/bin'
[16.471s] INFO:colcon.colcon_core.shell:Creating package script '/home/nvidia/f1tenth_ws/install/vesc_ackermann/share/vesc_ackermann/package.ps1'
[16.474s] INFO:colcon.colcon_core.shell:Creating package descriptor '/home/nvidia/f1tenth_ws/install/vesc_ackermann/share/vesc_ackermann/package.dsv'
[16.489s] INFO:colcon.colcon_core.shell:Creating package script '/home/nvidia/f1tenth_ws/install/vesc_ackermann/share/vesc_ackermann/package.sh'
[16.494s] INFO:colcon.colcon_core.shell:Creating package script '/home/nvidia/f1tenth_ws/install/vesc_ackermann/share/vesc_ackermann/package.bash'
[16.497s] INFO:colcon.colcon_core.shell:Creating package script '/home/nvidia/f1tenth_ws/install/vesc_ackermann/share/vesc_ackermann/package.zsh'
[16.516s] Level 1:colcon.colcon_core.environment:create_file_with_runtime_dependencies(/home/nvidia/f1tenth_ws/install/vesc_ackermann/share/colcon-core/packages/vesc_ackermann)
[16.567s] DEBUG:colcon.colcon_core.event_handler.log_command:Invoked command in '/home/nvidia/f1tenth_ws/build/vesc_driver' returned '0': AMENT_PREFIX_PATH=/home/nvidia/f1tenth_ws/install/vesc_msgs CMAKE_PREFIX_PATH=/home/nvidia/f1tenth_ws/install/vesc_msgs LD_LIBRARY_PATH=/home/nvidia/f1tenth_ws/install/vesc_msgs/lib PYTHONPATH=/home/nvidia/f1tenth_ws/install/vesc_msgs/lib/python3.8/site-packages /usr/bin/cmake --build /home/nvidia/f1tenth_ws/build/vesc_driver -- -j6 -l6
[16.872s] Level 1:colcon.colcon_core.environment:create_environment_scripts_only(vesc_ackermann)
[16.875s] Level 1:colcon.colcon_core.environment:checking '/home/nvidia/f1tenth_ws/install/vesc_ackermann' for CMake module files
[16.881s] Level 1:colcon.colcon_core.environment:checking '/home/nvidia/f1tenth_ws/install/vesc_ackermann' for CMake config files
[16.889s] Level 1:colcon.colcon_core.shell:create_environment_hook('vesc_ackermann', 'cmake_prefix_path')
[16.891s] INFO:colcon.colcon_core.shell:Creating environment hook '/home/nvidia/f1tenth_ws/install/vesc_ackermann/share/vesc_ackermann/hook/cmake_prefix_path.ps1'
[16.908s] INFO:colcon.colcon_core.shell:Creating environment descriptor '/home/nvidia/f1tenth_ws/install/vesc_ackermann/share/vesc_ackermann/hook/cmake_prefix_path.dsv'
[16.920s] INFO:colcon.colcon_core.shell:Creating environment hook '/home/nvidia/f1tenth_ws/install/vesc_ackermann/share/vesc_ackermann/hook/cmake_prefix_path.sh'
[16.927s] Level 1:colcon.colcon_core.environment:checking '/home/nvidia/f1tenth_ws/install/vesc_ackermann/lib'
[16.928s] Level 1:colcon.colcon_core.shell:create_environment_hook('vesc_ackermann', 'ld_library_path_lib')
[16.930s] INFO:colcon.colcon_core.shell:Creating environment hook '/home/nvidia/f1tenth_ws/install/vesc_ackermann/share/vesc_ackermann/hook/ld_library_path_lib.ps1'
[16.937s] INFO:colcon.colcon_core.shell:Creating environment descriptor '/home/nvidia/f1tenth_ws/install/vesc_ackermann/share/vesc_ackermann/hook/ld_library_path_lib.dsv'
[16.940s] INFO:colcon.colcon_core.shell:Creating environment hook '/home/nvidia/f1tenth_ws/install/vesc_ackermann/share/vesc_ackermann/hook/ld_library_path_lib.sh'
[16.951s] Level 1:colcon.colcon_core.environment:checking '/home/nvidia/f1tenth_ws/install/vesc_ackermann/bin'
[16.952s] Level 1:colcon.colcon_core.environment:checking '/home/nvidia/f1tenth_ws/install/vesc_ackermann/lib/pkgconfig/vesc_ackermann.pc'
[16.954s] Level 1:colcon.colcon_core.environment:checking '/home/nvidia/f1tenth_ws/install/vesc_ackermann/lib/python3.8/site-packages'
[16.956s] Level 1:colcon.colcon_core.environment:checking '/home/nvidia/f1tenth_ws/install/vesc_ackermann/bin'
[16.961s] INFO:colcon.colcon_core.shell:Creating package script '/home/nvidia/f1tenth_ws/install/vesc_ackermann/share/vesc_ackermann/package.ps1'
[16.968s] INFO:colcon.colcon_core.shell:Creating package descriptor '/home/nvidia/f1tenth_ws/install/vesc_ackermann/share/vesc_ackermann/package.dsv'
[16.972s] INFO:colcon.colcon_core.shell:Creating package script '/home/nvidia/f1tenth_ws/install/vesc_ackermann/share/vesc_ackermann/package.sh'
[16.976s] INFO:colcon.colcon_core.shell:Creating package script '/home/nvidia/f1tenth_ws/install/vesc_ackermann/share/vesc_ackermann/package.bash'
[16.980s] INFO:colcon.colcon_core.shell:Creating package script '/home/nvidia/f1tenth_ws/install/vesc_ackermann/share/vesc_ackermann/package.zsh'
[16.983s] Level 1:colcon.colcon_core.environment:create_file_with_runtime_dependencies(/home/nvidia/f1tenth_ws/install/vesc_ackermann/share/colcon-core/packages/vesc_ackermann)
[17.029s] DEBUG:colcon.colcon_core.event_handler.log_command:Invoking command in '/home/nvidia/f1tenth_ws/build/vesc_driver': AMENT_PREFIX_PATH=/home/nvidia/f1tenth_ws/install/vesc_msgs CMAKE_PREFIX_PATH=/home/nvidia/f1tenth_ws/install/vesc_msgs LD_LIBRARY_PATH=/home/nvidia/f1tenth_ws/install/vesc_msgs/lib PYTHONPATH=/home/nvidia/f1tenth_ws/install/vesc_msgs/lib/python3.8/site-packages /usr/bin/cmake --install /home/nvidia/f1tenth_ws/build/vesc_driver
[17.204s] Level 1:colcon.colcon_core.environment:checking '/home/nvidia/f1tenth_ws/install/joy_teleop' for CMake module files
[17.212s] Level 1:colcon.colcon_core.environment:checking '/home/nvidia/f1tenth_ws/install/joy_teleop' for CMake config files
[17.216s] DEBUG:colcon.colcon_core.event_handler.log_command:Invoked command in '/home/nvidia/f1tenth_ws/src/f1tenth_system/teleop_tools/joy_teleop' returned '0': AMENT_PREFIX_PATH=/home/nvidia/f1tenth_ws/install/teleop_tools_msgs CMAKE_PREFIX_PATH=/home/nvidia/f1tenth_ws/install/teleop_tools_msgs LD_LIBRARY_PATH=/home/nvidia/f1tenth_ws/install/teleop_tools_msgs/lib PYTHONPATH=/home/nvidia/f1tenth_ws/build/joy_teleop/prefix_override:/usr/lib/python3/dist-packages/colcon_core/task/python/colcon_distutils_commands:/home/nvidia/f1tenth_ws/install/joy_teleop/lib/python3.8/site-packages:/home/nvidia/f1tenth_ws/install/teleop_tools_msgs/lib/python3.8/site-packages /usr/bin/python3 -W ignore:setup.py install is deprecated setup.py egg_info --egg-base ../../../../build/joy_teleop build --build-base /home/nvidia/f1tenth_ws/build/joy_teleop/build install --record /home/nvidia/f1tenth_ws/build/joy_teleop/install.log --install-scripts $base/lib/joy_teleop --single-version-externally-managed install_data
[17.224s] Level 1:colcon.colcon_core.environment:checking '/home/nvidia/f1tenth_ws/install/joy_teleop/lib'
[17.225s] Level 1:colcon.colcon_core.environment:checking '/home/nvidia/f1tenth_ws/install/joy_teleop/bin'
[17.226s] Level 1:colcon.colcon_core.environment:checking '/home/nvidia/f1tenth_ws/install/joy_teleop/lib/pkgconfig/joy_teleop.pc'
[17.228s] Level 1:colcon.colcon_core.environment:checking '/home/nvidia/f1tenth_ws/install/joy_teleop/lib/python3.8/site-packages'
[17.230s] Level 1:colcon.colcon_core.shell:create_environment_hook('joy_teleop', 'pythonpath')
[17.231s] INFO:colcon.colcon_core.shell:Creating environment hook '/home/nvidia/f1tenth_ws/install/joy_teleop/share/joy_teleop/hook/pythonpath.ps1'
[17.236s] INFO:colcon.colcon_core.shell:Creating environment descriptor '/home/nvidia/f1tenth_ws/install/joy_teleop/share/joy_teleop/hook/pythonpath.dsv'
[17.239s] INFO:colcon.colcon_core.shell:Creating environment hook '/home/nvidia/f1tenth_ws/install/joy_teleop/share/joy_teleop/hook/pythonpath.sh'
[17.242s] Level 1:colcon.colcon_core.environment:checking '/home/nvidia/f1tenth_ws/install/joy_teleop/bin'
[17.243s] Level 1:colcon.colcon_core.environment:create_environment_scripts_only(joy_teleop)
[17.246s] INFO:colcon.colcon_core.shell:Creating package script '/home/nvidia/f1tenth_ws/install/joy_teleop/share/joy_teleop/package.ps1'
[17.255s] INFO:colcon.colcon_core.shell:Creating package descriptor '/home/nvidia/f1tenth_ws/install/joy_teleop/share/joy_teleop/package.dsv'
[17.259s] INFO:colcon.colcon_core.shell:Creating package script '/home/nvidia/f1tenth_ws/install/joy_teleop/share/joy_teleop/package.sh'
[17.263s] INFO:colcon.colcon_core.shell:Creating package script '/home/nvidia/f1tenth_ws/install/joy_teleop/share/joy_teleop/package.bash'
[17.266s] INFO:colcon.colcon_core.shell:Creating package script '/home/nvidia/f1tenth_ws/install/joy_teleop/share/joy_teleop/package.zsh'
[17.269s] Level 1:colcon.colcon_core.environment:create_file_with_runtime_dependencies(/home/nvidia/f1tenth_ws/install/joy_teleop/share/colcon-core/packages/joy_teleop)
[17.275s] INFO:colcon.colcon_ros.task.ament_cmake.build:Building ROS package in '/home/nvidia/f1tenth_ws/src/f1tenth_system/teleop_tools/teleop_tools' with build type 'ament_cmake'
[17.278s] INFO:colcon.colcon_cmake.task.cmake.build:Building CMake package in '/home/nvidia/f1tenth_ws/src/f1tenth_system/teleop_tools/teleop_tools'
[17.279s] INFO:colcon.colcon_core.shell:Skip shell extension 'powershell' for command environment: Not usable outside of PowerShell
[17.280s] DEBUG:colcon.colcon_core.shell:Skip shell extension 'dsv' for command environment
[17.316s] Level 1:colcon.colcon_core.environment:create_environment_scripts_only(vesc_driver)
[17.326s] DEBUG:colcon.colcon_core.event_handler.log_command:Invoked command in '/home/nvidia/f1tenth_ws/build/vesc_driver' returned '0': AMENT_PREFIX_PATH=/home/nvidia/f1tenth_ws/install/vesc_msgs CMAKE_PREFIX_PATH=/home/nvidia/f1tenth_ws/install/vesc_msgs LD_LIBRARY_PATH=/home/nvidia/f1tenth_ws/install/vesc_msgs/lib PYTHONPATH=/home/nvidia/f1tenth_ws/install/vesc_msgs/lib/python3.8/site-packages /usr/bin/cmake --install /home/nvidia/f1tenth_ws/build/vesc_driver
[17.326s] Level 1:colcon.colcon_core.environment:checking '/home/nvidia/f1tenth_ws/install/vesc_driver' for CMake module files
[17.334s] Level 1:colcon.colcon_core.environment:checking '/home/nvidia/f1tenth_ws/install/vesc_driver' for CMake config files
[17.338s] Level 1:colcon.colcon_core.shell:create_environment_hook('vesc_driver', 'cmake_prefix_path')
[17.340s] INFO:colcon.colcon_core.shell:Creating environment hook '/home/nvidia/f1tenth_ws/install/vesc_driver/share/vesc_driver/hook/cmake_prefix_path.ps1'
[17.344s] INFO:colcon.colcon_core.shell:Creating environment descriptor '/home/nvidia/f1tenth_ws/install/vesc_driver/share/vesc_driver/hook/cmake_prefix_path.dsv'
[17.347s] INFO:colcon.colcon_core.shell:Creating environment hook '/home/nvidia/f1tenth_ws/install/vesc_driver/share/vesc_driver/hook/cmake_prefix_path.sh'
[17.352s] Level 1:colcon.colcon_core.environment:checking '/home/nvidia/f1tenth_ws/install/vesc_driver/lib'
[17.352s] Level 1:colcon.colcon_core.shell:create_environment_hook('vesc_driver', 'ld_library_path_lib')
[17.354s] INFO:colcon.colcon_core.shell:Creating environment hook '/home/nvidia/f1tenth_ws/install/vesc_driver/share/vesc_driver/hook/ld_library_path_lib.ps1'
[17.358s] INFO:colcon.colcon_core.shell:Creating environment descriptor '/home/nvidia/f1tenth_ws/install/vesc_driver/share/vesc_driver/hook/ld_library_path_lib.dsv'
[17.362s] INFO:colcon.colcon_core.shell:Creating environment hook '/home/nvidia/f1tenth_ws/install/vesc_driver/share/vesc_driver/hook/ld_library_path_lib.sh'
[17.365s] Level 1:colcon.colcon_core.environment:checking '/home/nvidia/f1tenth_ws/install/vesc_driver/bin'
[17.365s] Level 1:colcon.colcon_core.environment:checking '/home/nvidia/f1tenth_ws/install/vesc_driver/lib/pkgconfig/vesc_driver.pc'
[17.368s] Level 1:colcon.colcon_core.environment:checking '/home/nvidia/f1tenth_ws/install/vesc_driver/lib/python3.8/site-packages'
[17.370s] Level 1:colcon.colcon_core.environment:checking '/home/nvidia/f1tenth_ws/install/vesc_driver/bin'
[17.373s] INFO:colcon.colcon_core.shell:Creating package script '/home/nvidia/f1tenth_ws/install/vesc_driver/share/vesc_driver/package.ps1'
[17.380s] INFO:colcon.colcon_core.shell:Creating package descriptor '/home/nvidia/f1tenth_ws/install/vesc_driver/share/vesc_driver/package.dsv'
[17.382s] INFO:colcon.colcon_core.shell:Creating package script '/home/nvidia/f1tenth_ws/install/vesc_driver/share/vesc_driver/package.sh'
[17.385s] INFO:colcon.colcon_core.shell:Creating package script '/home/nvidia/f1tenth_ws/install/vesc_driver/share/vesc_driver/package.bash'
[17.388s] INFO:colcon.colcon_core.shell:Creating package script '/home/nvidia/f1tenth_ws/install/vesc_driver/share/vesc_driver/package.zsh'
[17.391s] Level 1:colcon.colcon_core.environment:create_file_with_runtime_dependencies(/home/nvidia/f1tenth_ws/install/vesc_driver/share/colcon-core/packages/vesc_driver)
[17.452s] DEBUG:colcon.colcon_core.event_handler.log_command:Invoking command in '/home/nvidia/f1tenth_ws/build/teleop_tools': AMENT_PREFIX_PATH=/home/nvidia/f1tenth_ws/install/joy_teleop:/home/nvidia/f1tenth_ws/install/teleop_tools_msgs:/home/nvidia/f1tenth_ws/install/key_teleop CMAKE_PREFIX_PATH=/home/nvidia/f1tenth_ws/install/teleop_tools_msgs LD_LIBRARY_PATH=/home/nvidia/f1tenth_ws/install/teleop_tools_msgs/lib PYTHONPATH=/home/nvidia/f1tenth_ws/install/joy_teleop/lib/python3.8/site-packages:/home/nvidia/f1tenth_ws/install/teleop_tools_msgs/lib/python3.8/site-packages:/home/nvidia/f1tenth_ws/install/key_teleop/lib/python3.8/site-packages /usr/bin/cmake --build /home/nvidia/f1tenth_ws/build/teleop_tools -- -j6 -l6
[17.645s] Level 1:colcon.colcon_core.environment:create_environment_scripts_only(vesc_driver)
[17.648s] Level 1:colcon.colcon_core.environment:checking '/home/nvidia/f1tenth_ws/install/vesc_driver' for CMake module files
[17.653s] Level 1:colcon.colcon_core.environment:checking '/home/nvidia/f1tenth_ws/install/vesc_driver' for CMake config files
[17.656s] Level 1:colcon.colcon_core.shell:create_environment_hook('vesc_driver', 'cmake_prefix_path')
[17.657s] INFO:colcon.colcon_core.shell:Creating environment hook '/home/nvidia/f1tenth_ws/install/vesc_driver/share/vesc_driver/hook/cmake_prefix_path.ps1'
[17.661s] INFO:colcon.colcon_core.shell:Creating environment descriptor '/home/nvidia/f1tenth_ws/install/vesc_driver/share/vesc_driver/hook/cmake_prefix_path.dsv'
[17.665s] INFO:colcon.colcon_core.shell:Creating environment hook '/home/nvidia/f1tenth_ws/install/vesc_driver/share/vesc_driver/hook/cmake_prefix_path.sh'
[17.670s] Level 1:colcon.colcon_core.environment:checking '/home/nvidia/f1tenth_ws/install/vesc_driver/lib'
[17.671s] Level 1:colcon.colcon_core.shell:create_environment_hook('vesc_driver', 'ld_library_path_lib')
[17.672s] INFO:colcon.colcon_core.shell:Creating environment hook '/home/nvidia/f1tenth_ws/install/vesc_driver/share/vesc_driver/hook/ld_library_path_lib.ps1'
[17.674s] INFO:colcon.colcon_core.shell:Creating environment descriptor '/home/nvidia/f1tenth_ws/install/vesc_driver/share/vesc_driver/hook/ld_library_path_lib.dsv'
[17.677s] INFO:colcon.colcon_core.shell:Creating environment hook '/home/nvidia/f1tenth_ws/install/vesc_driver/share/vesc_driver/hook/ld_library_path_lib.sh'
[17.679s] Level 1:colcon.colcon_core.environment:checking '/home/nvidia/f1tenth_ws/install/vesc_driver/bin'
[17.679s] Level 1:colcon.colcon_core.environment:checking '/home/nvidia/f1tenth_ws/install/vesc_driver/lib/pkgconfig/vesc_driver.pc'
[17.681s] Level 1:colcon.colcon_core.environment:checking '/home/nvidia/f1tenth_ws/install/vesc_driver/lib/python3.8/site-packages'
[17.682s] Level 1:colcon.colcon_core.environment:checking '/home/nvidia/f1tenth_ws/install/vesc_driver/bin'
[17.684s] INFO:colcon.colcon_core.shell:Creating package script '/home/nvidia/f1tenth_ws/install/vesc_driver/share/vesc_driver/package.ps1'
[17.688s] INFO:colcon.colcon_core.shell:Creating package descriptor '/home/nvidia/f1tenth_ws/install/vesc_driver/share/vesc_driver/package.dsv'
[17.693s] INFO:colcon.colcon_core.shell:Creating package script '/home/nvidia/f1tenth_ws/install/vesc_driver/share/vesc_driver/package.sh'
[17.696s] INFO:colcon.colcon_core.shell:Creating package script '/home/nvidia/f1tenth_ws/install/vesc_driver/share/vesc_driver/package.bash'
[17.699s] INFO:colcon.colcon_core.shell:Creating package script '/home/nvidia/f1tenth_ws/install/vesc_driver/share/vesc_driver/package.zsh'
[17.703s] Level 1:colcon.colcon_core.environment:create_file_with_runtime_dependencies(/home/nvidia/f1tenth_ws/install/vesc_driver/share/colcon-core/packages/vesc_driver)
[17.710s] INFO:colcon.colcon_ros.task.ament_cmake.build:Building ROS package in '/home/nvidia/f1tenth_ws/src/f1tenth_system/vesc/vesc' with build type 'ament_cmake'
[17.711s] INFO:colcon.colcon_cmake.task.cmake.build:Building CMake package in '/home/nvidia/f1tenth_ws/src/f1tenth_system/vesc/vesc'
[17.713s] INFO:colcon.colcon_core.shell:Skip shell extension 'powershell' for command environment: Not usable outside of PowerShell
[17.713s] DEBUG:colcon.colcon_core.shell:Skip shell extension 'dsv' for command environment
[17.768s] DEBUG:colcon.colcon_core.event_handler.log_command:Invoked command in '/home/nvidia/f1tenth_ws/build/teleop_tools' returned '0': AMENT_PREFIX_PATH=/home/nvidia/f1tenth_ws/install/joy_teleop:/home/nvidia/f1tenth_ws/install/teleop_tools_msgs:/home/nvidia/f1tenth_ws/install/key_teleop CMAKE_PREFIX_PATH=/home/nvidia/f1tenth_ws/install/teleop_tools_msgs LD_LIBRARY_PATH=/home/nvidia/f1tenth_ws/install/teleop_tools_msgs/lib PYTHONPATH=/home/nvidia/f1tenth_ws/install/joy_teleop/lib/python3.8/site-packages:/home/nvidia/f1tenth_ws/install/teleop_tools_msgs/lib/python3.8/site-packages:/home/nvidia/f1tenth_ws/install/key_teleop/lib/python3.8/site-packages /usr/bin/cmake --build /home/nvidia/f1tenth_ws/build/teleop_tools -- -j6 -l6
[17.897s] DEBUG:colcon.colcon_core.event_handler.log_command:Invoking command in '/home/nvidia/f1tenth_ws/build/vesc': AMENT_PREFIX_PATH=/home/nvidia/f1tenth_ws/install/vesc_driver:/home/nvidia/f1tenth_ws/install/vesc_ackermann:/home/nvidia/f1tenth_ws/install/vesc_msgs CMAKE_PREFIX_PATH=/home/nvidia/f1tenth_ws/install/vesc_driver:/home/nvidia/f1tenth_ws/install/vesc_ackermann:/home/nvidia/f1tenth_ws/install/vesc_msgs LD_LIBRARY_PATH=/home/nvidia/f1tenth_ws/install/vesc_driver/lib:/home/nvidia/f1tenth_ws/install/vesc_ackermann/lib:/home/nvidia/f1tenth_ws/install/vesc_msgs/lib PYTHONPATH=/home/nvidia/f1tenth_ws/install/vesc_msgs/lib/python3.8/site-packages /usr/bin/cmake --build /home/nvidia/f1tenth_ws/build/vesc -- -j6 -l6
[17.946s] DEBUG:colcon.colcon_core.event_handler.log_command:Invoking command in '/home/nvidia/f1tenth_ws/build/teleop_tools': AMENT_PREFIX_PATH=/home/nvidia/f1tenth_ws/install/joy_teleop:/home/nvidia/f1tenth_ws/install/teleop_tools_msgs:/home/nvidia/f1tenth_ws/install/key_teleop CMAKE_PREFIX_PATH=/home/nvidia/f1tenth_ws/install/teleop_tools_msgs LD_LIBRARY_PATH=/home/nvidia/f1tenth_ws/install/teleop_tools_msgs/lib PYTHONPATH=/home/nvidia/f1tenth_ws/install/joy_teleop/lib/python3.8/site-packages:/home/nvidia/f1tenth_ws/install/teleop_tools_msgs/lib/python3.8/site-packages:/home/nvidia/f1tenth_ws/install/key_teleop/lib/python3.8/site-packages /usr/bin/cmake --install /home/nvidia/f1tenth_ws/build/teleop_tools
[18.082s] DEBUG:colcon.colcon_core.event_handler.log_command:Invoking command in '/home/nvidia/f1tenth_ws/src/phasespace': PYTHONPATH=/home/nvidia/f1tenth_ws/build/phasespace/prefix_override:/usr/lib/python3/dist-packages/colcon_core/task/python/colcon_distutils_commands:/home/nvidia/f1tenth_ws/install/phasespace/lib/python3.8/site-packages: /usr/bin/python3 -W ignore:setup.py install is deprecated setup.py egg_info --egg-base ../../build/phasespace build --build-base /home/nvidia/f1tenth_ws/build/phasespace/build install --record /home/nvidia/f1tenth_ws/build/phasespace/install.log --install-scripts $base/lib/phasespace --single-version-externally-managed install_data
[18.103s] Level 1:colcon.colcon_core.environment:create_environment_scripts_only(teleop_tools)
[18.105s] DEBUG:colcon.colcon_core.event_handler.log_command:Invoked command in '/home/nvidia/f1tenth_ws/build/teleop_tools' returned '0': AMENT_PREFIX_PATH=/home/nvidia/f1tenth_ws/install/joy_teleop:/home/nvidia/f1tenth_ws/install/teleop_tools_msgs:/home/nvidia/f1tenth_ws/install/key_teleop CMAKE_PREFIX_PATH=/home/nvidia/f1tenth_ws/install/teleop_tools_msgs LD_LIBRARY_PATH=/home/nvidia/f1tenth_ws/install/teleop_tools_msgs/lib PYTHONPATH=/home/nvidia/f1tenth_ws/install/joy_teleop/lib/python3.8/site-packages:/home/nvidia/f1tenth_ws/install/teleop_tools_msgs/lib/python3.8/site-packages:/home/nvidia/f1tenth_ws/install/key_teleop/lib/python3.8/site-packages /usr/bin/cmake --install /home/nvidia/f1tenth_ws/build/teleop_tools
[18.109s] Level 1:colcon.colcon_core.environment:checking '/home/nvidia/f1tenth_ws/install/teleop_tools' for CMake module files
[18.114s] Level 1:colcon.colcon_core.environment:checking '/home/nvidia/f1tenth_ws/install/teleop_tools' for CMake config files
[18.118s] Level 1:colcon.colcon_core.shell:create_environment_hook('teleop_tools', 'cmake_prefix_path')
[18.121s] INFO:colcon.colcon_core.shell:Creating environment hook '/home/nvidia/f1tenth_ws/install/teleop_tools/share/teleop_tools/hook/cmake_prefix_path.ps1'
[18.127s] INFO:colcon.colcon_core.shell:Creating environment descriptor '/home/nvidia/f1tenth_ws/install/teleop_tools/share/teleop_tools/hook/cmake_prefix_path.dsv'
[18.130s] INFO:colcon.colcon_core.shell:Creating environment hook '/home/nvidia/f1tenth_ws/install/teleop_tools/share/teleop_tools/hook/cmake_prefix_path.sh'
[18.134s] Level 1:colcon.colcon_core.environment:checking '/home/nvidia/f1tenth_ws/install/teleop_tools/bin'
[18.135s] Level 1:colcon.colcon_core.environment:checking '/home/nvidia/f1tenth_ws/install/teleop_tools/lib/pkgconfig/teleop_tools.pc'
[18.137s] Level 1:colcon.colcon_core.environment:checking '/home/nvidia/f1tenth_ws/install/teleop_tools/lib/python3.8/site-packages'
[18.140s] Level 1:colcon.colcon_core.environment:checking '/home/nvidia/f1tenth_ws/install/teleop_tools/bin'
[18.142s] INFO:colcon.colcon_core.shell:Creating package script '/home/nvidia/f1tenth_ws/install/teleop_tools/share/teleop_tools/package.ps1'
[18.146s] INFO:colcon.colcon_core.shell:Creating package descriptor '/home/nvidia/f1tenth_ws/install/teleop_tools/share/teleop_tools/package.dsv'
[18.149s] INFO:colcon.colcon_core.shell:Creating package script '/home/nvidia/f1tenth_ws/install/teleop_tools/share/teleop_tools/package.sh'
[18.154s] INFO:colcon.colcon_core.shell:Creating package script '/home/nvidia/f1tenth_ws/install/teleop_tools/share/teleop_tools/package.bash'
[18.158s] INFO:colcon.colcon_core.shell:Creating package script '/home/nvidia/f1tenth_ws/install/teleop_tools/share/teleop_tools/package.zsh'
[18.161s] Level 1:colcon.colcon_core.environment:create_file_with_runtime_dependencies(/home/nvidia/f1tenth_ws/install/teleop_tools/share/colcon-core/packages/teleop_tools)
[18.199s] DEBUG:colcon.colcon_core.event_handler.log_command:Invoked command in '/home/nvidia/f1tenth_ws/build/vesc' returned '0': AMENT_PREFIX_PATH=/home/nvidia/f1tenth_ws/install/vesc_driver:/home/nvidia/f1tenth_ws/install/vesc_ackermann:/home/nvidia/f1tenth_ws/install/vesc_msgs CMAKE_PREFIX_PATH=/home/nvidia/f1tenth_ws/install/vesc_driver:/home/nvidia/f1tenth_ws/install/vesc_ackermann:/home/nvidia/f1tenth_ws/install/vesc_msgs LD_LIBRARY_PATH=/home/nvidia/f1tenth_ws/install/vesc_driver/lib:/home/nvidia/f1tenth_ws/install/vesc_ackermann/lib:/home/nvidia/f1tenth_ws/install/vesc_msgs/lib PYTHONPATH=/home/nvidia/f1tenth_ws/install/vesc_msgs/lib/python3.8/site-packages /usr/bin/cmake --build /home/nvidia/f1tenth_ws/build/vesc -- -j6 -l6
[18.288s] DEBUG:colcon.colcon_core.event_handler.log_command:Invoking command in '/home/nvidia/f1tenth_ws/src/new_map_saver': PYTHONPATH=/home/nvidia/f1tenth_ws/build/new_map_saver/prefix_override:/usr/lib/python3/dist-packages/colcon_core/task/python/colcon_distutils_commands:/home/nvidia/f1tenth_ws/install/new_map_saver/lib/python3.8/site-packages: /usr/bin/python3 -W ignore:setup.py install is deprecated setup.py egg_info --egg-base ../../build/new_map_saver build --build-base /home/nvidia/f1tenth_ws/build/new_map_saver/build install --record /home/nvidia/f1tenth_ws/build/new_map_saver/install.log --install-scripts $base/lib/new_map_saver --single-version-externally-managed install_data
[18.326s] Level 1:colcon.colcon_core.environment:create_environment_scripts_only(teleop_tools)
[18.331s] Level 1:colcon.colcon_core.environment:checking '/home/nvidia/f1tenth_ws/install/teleop_tools' for CMake module files
[18.336s] Level 1:colcon.colcon_core.environment:checking '/home/nvidia/f1tenth_ws/install/teleop_tools' for CMake config files
[18.342s] Level 1:colcon.colcon_core.shell:create_environment_hook('teleop_tools', 'cmake_prefix_path')
[18.346s] INFO:colcon.colcon_core.shell:Creating environment hook '/home/nvidia/f1tenth_ws/install/teleop_tools/share/teleop_tools/hook/cmake_prefix_path.ps1'
[18.350s] INFO:colcon.colcon_core.shell:Creating environment descriptor '/home/nvidia/f1tenth_ws/install/teleop_tools/share/teleop_tools/hook/cmake_prefix_path.dsv'
[18.360s] INFO:colcon.colcon_core.shell:Creating environment hook '/home/nvidia/f1tenth_ws/install/teleop_tools/share/teleop_tools/hook/cmake_prefix_path.sh'
[18.365s] Level 1:colcon.colcon_core.environment:checking '/home/nvidia/f1tenth_ws/install/teleop_tools/bin'
[18.366s] Level 1:colcon.colcon_core.environment:checking '/home/nvidia/f1tenth_ws/install/teleop_tools/lib/pkgconfig/teleop_tools.pc'
[18.369s] Level 1:colcon.colcon_core.environment:checking '/home/nvidia/f1tenth_ws/install/teleop_tools/lib/python3.8/site-packages'
[18.373s] Level 1:colcon.colcon_core.environment:checking '/home/nvidia/f1tenth_ws/install/teleop_tools/bin'
[18.374s] INFO:colcon.colcon_core.shell:Creating package script '/home/nvidia/f1tenth_ws/install/teleop_tools/share/teleop_tools/package.ps1'
[18.380s] INFO:colcon.colcon_core.shell:Creating package descriptor '/home/nvidia/f1tenth_ws/install/teleop_tools/share/teleop_tools/package.dsv'
[18.384s] INFO:colcon.colcon_core.shell:Creating package script '/home/nvidia/f1tenth_ws/install/teleop_tools/share/teleop_tools/package.sh'
[18.387s] INFO:colcon.colcon_core.shell:Creating package script '/home/nvidia/f1tenth_ws/install/teleop_tools/share/teleop_tools/package.bash'
[18.391s] INFO:colcon.colcon_core.shell:Creating package script '/home/nvidia/f1tenth_ws/install/teleop_tools/share/teleop_tools/package.zsh'
[18.397s] Level 1:colcon.colcon_core.environment:create_file_with_runtime_dependencies(/home/nvidia/f1tenth_ws/install/teleop_tools/share/colcon-core/packages/teleop_tools)
[18.411s] DEBUG:colcon.colcon_core.event_handler.log_command:Invoking command in '/home/nvidia/f1tenth_ws/build/vesc': AMENT_PREFIX_PATH=/home/nvidia/f1tenth_ws/install/vesc_driver:/home/nvidia/f1tenth_ws/install/vesc_ackermann:/home/nvidia/f1tenth_ws/install/vesc_msgs CMAKE_PREFIX_PATH=/home/nvidia/f1tenth_ws/install/vesc_driver:/home/nvidia/f1tenth_ws/install/vesc_ackermann:/home/nvidia/f1tenth_ws/install/vesc_msgs LD_LIBRARY_PATH=/home/nvidia/f1tenth_ws/install/vesc_driver/lib:/home/nvidia/f1tenth_ws/install/vesc_ackermann/lib:/home/nvidia/f1tenth_ws/install/vesc_msgs/lib PYTHONPATH=/home/nvidia/f1tenth_ws/install/vesc_msgs/lib/python3.8/site-packages /usr/bin/cmake --install /home/nvidia/f1tenth_ws/build/vesc
[18.503s] Level 1:colcon.colcon_core.environment:create_environment_scripts_only(vesc)
[18.507s] Level 1:colcon.colcon_core.environment:checking '/home/nvidia/f1tenth_ws/install/vesc' for CMake module files
[18.512s] DEBUG:colcon.colcon_core.event_handler.log_command:Invoked command in '/home/nvidia/f1tenth_ws/build/vesc' returned '0': AMENT_PREFIX_PATH=/home/nvidia/f1tenth_ws/install/vesc_driver:/home/nvidia/f1tenth_ws/install/vesc_ackermann:/home/nvidia/f1tenth_ws/install/vesc_msgs CMAKE_PREFIX_PATH=/home/nvidia/f1tenth_ws/install/vesc_driver:/home/nvidia/f1tenth_ws/install/vesc_ackermann:/home/nvidia/f1tenth_ws/install/vesc_msgs LD_LIBRARY_PATH=/home/nvidia/f1tenth_ws/install/vesc_driver/lib:/home/nvidia/f1tenth_ws/install/vesc_ackermann/lib:/home/nvidia/f1tenth_ws/install/vesc_msgs/lib PYTHONPATH=/home/nvidia/f1tenth_ws/install/vesc_msgs/lib/python3.8/site-packages /usr/bin/cmake --install /home/nvidia/f1tenth_ws/build/vesc
[18.518s] Level 1:colcon.colcon_core.environment:checking '/home/nvidia/f1tenth_ws/install/vesc' for CMake config files
[18.522s] Level 1:colcon.colcon_core.shell:create_environment_hook('vesc', 'cmake_prefix_path')
[18.527s] INFO:colcon.colcon_core.shell:Creating environment hook '/home/nvidia/f1tenth_ws/install/vesc/share/vesc/hook/cmake_prefix_path.ps1'
[18.534s] INFO:colcon.colcon_core.shell:Creating environment descriptor '/home/nvidia/f1tenth_ws/install/vesc/share/vesc/hook/cmake_prefix_path.dsv'
[18.540s] INFO:colcon.colcon_core.shell:Creating environment hook '/home/nvidia/f1tenth_ws/install/vesc/share/vesc/hook/cmake_prefix_path.sh'
[18.551s] Level 1:colcon.colcon_core.environment:checking '/home/nvidia/f1tenth_ws/install/vesc/bin'
[18.552s] Level 1:colcon.colcon_core.environment:checking '/home/nvidia/f1tenth_ws/install/vesc/lib/pkgconfig/vesc.pc'
[18.555s] Level 1:colcon.colcon_core.environment:checking '/home/nvidia/f1tenth_ws/install/vesc/lib/python3.8/site-packages'
[18.558s] Level 1:colcon.colcon_core.environment:checking '/home/nvidia/f1tenth_ws/install/vesc/bin'
[18.560s] INFO:colcon.colcon_core.shell:Creating package script '/home/nvidia/f1tenth_ws/install/vesc/share/vesc/package.ps1'
[18.563s] INFO:colcon.colcon_core.shell:Creating package descriptor '/home/nvidia/f1tenth_ws/install/vesc/share/vesc/package.dsv'
[18.566s] INFO:colcon.colcon_core.shell:Creating package script '/home/nvidia/f1tenth_ws/install/vesc/share/vesc/package.sh'
[18.569s] INFO:colcon.colcon_core.shell:Creating package script '/home/nvidia/f1tenth_ws/install/vesc/share/vesc/package.bash'
[18.574s] INFO:colcon.colcon_core.shell:Creating package script '/home/nvidia/f1tenth_ws/install/vesc/share/vesc/package.zsh'
[18.581s] Level 1:colcon.colcon_core.environment:create_file_with_runtime_dependencies(/home/nvidia/f1tenth_ws/install/vesc/share/colcon-core/packages/vesc)
[18.753s] Level 1:colcon.colcon_core.environment:create_environment_scripts_only(vesc)
[18.756s] Level 1:colcon.colcon_core.environment:checking '/home/nvidia/f1tenth_ws/install/vesc' for CMake module files
[18.761s] Level 1:colcon.colcon_core.environment:checking '/home/nvidia/f1tenth_ws/install/vesc' for CMake config files
[18.765s] Level 1:colcon.colcon_core.shell:create_environment_hook('vesc', 'cmake_prefix_path')
[18.767s] INFO:colcon.colcon_core.shell:Creating environment hook '/home/nvidia/f1tenth_ws/install/vesc/share/vesc/hook/cmake_prefix_path.ps1'
[18.772s] INFO:colcon.colcon_core.shell:Creating environment descriptor '/home/nvidia/f1tenth_ws/install/vesc/share/vesc/hook/cmake_prefix_path.dsv'
[18.774s] INFO:colcon.colcon_core.shell:Creating environment hook '/home/nvidia/f1tenth_ws/install/vesc/share/vesc/hook/cmake_prefix_path.sh'
[18.783s] Level 1:colcon.colcon_core.environment:checking '/home/nvidia/f1tenth_ws/install/vesc/bin'
[18.784s] Level 1:colcon.colcon_core.environment:checking '/home/nvidia/f1tenth_ws/install/vesc/lib/pkgconfig/vesc.pc'
[18.787s] Level 1:colcon.colcon_core.environment:checking '/home/nvidia/f1tenth_ws/install/vesc/lib/python3.8/site-packages'
[18.788s] Level 1:colcon.colcon_core.environment:checking '/home/nvidia/f1tenth_ws/install/vesc/bin'
[18.790s] INFO:colcon.colcon_core.shell:Creating package script '/home/nvidia/f1tenth_ws/install/vesc/share/vesc/package.ps1'
[18.794s] INFO:colcon.colcon_core.shell:Creating package descriptor '/home/nvidia/f1tenth_ws/install/vesc/share/vesc/package.dsv'
[18.797s] INFO:colcon.colcon_core.shell:Creating package script '/home/nvidia/f1tenth_ws/install/vesc/share/vesc/package.sh'
[18.800s] INFO:colcon.colcon_core.shell:Creating package script '/home/nvidia/f1tenth_ws/install/vesc/share/vesc/package.bash'
[18.803s] INFO:colcon.colcon_core.shell:Creating package script '/home/nvidia/f1tenth_ws/install/vesc/share/vesc/package.zsh'
[18.810s] Level 1:colcon.colcon_core.environment:create_file_with_runtime_dependencies(/home/nvidia/f1tenth_ws/install/vesc/share/colcon-core/packages/vesc)
[18.814s] INFO:colcon.colcon_ros.task.ament_python.build:Building ROS package in '/home/nvidia/f1tenth_ws/src/f1tenth_system/f1tenth_stack' with build type 'ament_python'
[18.815s] Level 1:colcon.colcon_core.shell:create_environment_hook('f1tenth_stack', 'ament_prefix_path')
[18.817s] INFO:colcon.colcon_core.shell:Creating environment hook '/home/nvidia/f1tenth_ws/install/f1tenth_stack/share/f1tenth_stack/hook/ament_prefix_path.ps1'
[18.831s] INFO:colcon.colcon_core.shell:Creating environment descriptor '/home/nvidia/f1tenth_ws/install/f1tenth_stack/share/f1tenth_stack/hook/ament_prefix_path.dsv'
[18.834s] INFO:colcon.colcon_core.shell:Creating environment hook '/home/nvidia/f1tenth_ws/install/f1tenth_stack/share/f1tenth_stack/hook/ament_prefix_path.sh'
[18.847s] INFO:colcon.colcon_core.shell:Skip shell extension 'powershell' for command environment: Not usable outside of PowerShell
[18.848s] DEBUG:colcon.colcon_core.shell:Skip shell extension 'dsv' for command environment
[20.228s] INFO:colcon.colcon_core.task.python.build:Building Python package in '/home/nvidia/f1tenth_ws/src/f1tenth_system/f1tenth_stack'
[20.232s] INFO:colcon.colcon_core.shell:Skip shell extension 'powershell' for command environment: Not usable outside of PowerShell
[20.232s] DEBUG:colcon.colcon_core.shell:Skip shell extension 'dsv' for command environment
[20.275s] DEBUG:colcon.colcon_core.event_handler.log_command:Invoked command in '/home/nvidia/f1tenth_ws/build/pure_pursuit' returned '1': /usr/bin/cmake /home/nvidia/f1tenth_ws/src/pure_pursuit -DCMAKE_INSTALL_PREFIX=/home/nvidia/f1tenth_ws/install/pure_pursuit
[20.302s] DEBUG:colcon.colcon_core.event_handler.log_command:Invoked command in '/home/nvidia/f1tenth_ws/src/new_map_saver' returned '0': PYTHONPATH=/home/nvidia/f1tenth_ws/build/new_map_saver/prefix_override:/usr/lib/python3/dist-packages/colcon_core/task/python/colcon_distutils_commands:/home/nvidia/f1tenth_ws/install/new_map_saver/lib/python3.8/site-packages: /usr/bin/python3 -W ignore:setup.py install is deprecated setup.py egg_info --egg-base ../../build/new_map_saver build --build-base /home/nvidia/f1tenth_ws/build/new_map_saver/build install --record /home/nvidia/f1tenth_ws/build/new_map_saver/install.log --install-scripts $base/lib/new_map_saver --single-version-externally-managed install_data
[20.304s] Level 1:colcon.colcon_core.environment:checking '/home/nvidia/f1tenth_ws/install/new_map_saver' for CMake module files
[20.308s] Level 1:colcon.colcon_core.environment:checking '/home/nvidia/f1tenth_ws/install/new_map_saver' for CMake config files
[20.315s] Level 1:colcon.colcon_core.environment:checking '/home/nvidia/f1tenth_ws/install/new_map_saver/lib'
[20.316s] Level 1:colcon.colcon_core.environment:checking '/home/nvidia/f1tenth_ws/install/new_map_saver/bin'
[20.316s] Level 1:colcon.colcon_core.environment:checking '/home/nvidia/f1tenth_ws/install/new_map_saver/lib/pkgconfig/new_map_saver.pc'
[20.318s] Level 1:colcon.colcon_core.environment:checking '/home/nvidia/f1tenth_ws/install/new_map_saver/lib/python3.8/site-packages'
[20.319s] Level 1:colcon.colcon_core.shell:create_environment_hook('new_map_saver', 'pythonpath')
[20.321s] INFO:colcon.colcon_core.shell:Creating environment hook '/home/nvidia/f1tenth_ws/install/new_map_saver/share/new_map_saver/hook/pythonpath.ps1'
[20.327s] INFO:colcon.colcon_core.shell:Creating environment descriptor '/home/nvidia/f1tenth_ws/install/new_map_saver/share/new_map_saver/hook/pythonpath.dsv'
[20.330s] INFO:colcon.colcon_core.shell:Creating environment hook '/home/nvidia/f1tenth_ws/install/new_map_saver/share/new_map_saver/hook/pythonpath.sh'
[20.333s] Level 1:colcon.colcon_core.environment:checking '/home/nvidia/f1tenth_ws/install/new_map_saver/bin'
[20.333s] Level 1:colcon.colcon_core.environment:create_environment_scripts_only(new_map_saver)
[20.335s] INFO:colcon.colcon_core.shell:Creating package script '/home/nvidia/f1tenth_ws/install/new_map_saver/share/new_map_saver/package.ps1'
[20.341s] INFO:colcon.colcon_core.shell:Creating package descriptor '/home/nvidia/f1tenth_ws/install/new_map_saver/share/new_map_saver/package.dsv'
[20.344s] INFO:colcon.colcon_core.shell:Creating package script '/home/nvidia/f1tenth_ws/install/new_map_saver/share/new_map_saver/package.sh'
[20.347s] INFO:colcon.colcon_core.shell:Creating package script '/home/nvidia/f1tenth_ws/install/new_map_saver/share/new_map_saver/package.bash'
[20.351s] INFO:colcon.colcon_core.shell:Creating package script '/home/nvidia/f1tenth_ws/install/new_map_saver/share/new_map_saver/package.zsh'
[20.360s] Level 1:colcon.colcon_core.environment:create_file_with_runtime_dependencies(/home/nvidia/f1tenth_ws/install/new_map_saver/share/colcon-core/packages/new_map_saver)
[20.362s] Level 1:colcon.colcon_core.environment:checking '/home/nvidia/f1tenth_ws/install/phasespace' for CMake module files
[20.368s] DEBUG:colcon.colcon_core.event_handler.log_command:Invoked command in '/home/nvidia/f1tenth_ws/src/phasespace' returned '0': PYTHONPATH=/home/nvidia/f1tenth_ws/build/phasespace/prefix_override:/usr/lib/python3/dist-packages/colcon_core/task/python/colcon_distutils_commands:/home/nvidia/f1tenth_ws/install/phasespace/lib/python3.8/site-packages: /usr/bin/python3 -W ignore:setup.py install is deprecated setup.py egg_info --egg-base ../../build/phasespace build --build-base /home/nvidia/f1tenth_ws/build/phasespace/build install --record /home/nvidia/f1tenth_ws/build/phasespace/install.log --install-scripts $base/lib/phasespace --single-version-externally-managed install_data
[20.371s] Level 1:colcon.colcon_core.environment:checking '/home/nvidia/f1tenth_ws/install/phasespace' for CMake config files
[20.374s] Level 1:colcon.colcon_core.environment:checking '/home/nvidia/f1tenth_ws/install/phasespace/lib'
[20.375s] Level 1:colcon.colcon_core.environment:checking '/home/nvidia/f1tenth_ws/install/phasespace/bin'
[20.375s] Level 1:colcon.colcon_core.environment:checking '/home/nvidia/f1tenth_ws/install/phasespace/lib/pkgconfig/phasespace.pc'
[20.377s] Level 1:colcon.colcon_core.environment:checking '/home/nvidia/f1tenth_ws/install/phasespace/lib/python3.8/site-packages'
[20.378s] Level 1:colcon.colcon_core.shell:create_environment_hook('phasespace', 'pythonpath')
[20.379s] INFO:colcon.colcon_core.shell:Creating environment hook '/home/nvidia/f1tenth_ws/install/phasespace/share/phasespace/hook/pythonpath.ps1'
[20.382s] INFO:colcon.colcon_core.shell:Creating environment descriptor '/home/nvidia/f1tenth_ws/install/phasespace/share/phasespace/hook/pythonpath.dsv'
[20.385s] INFO:colcon.colcon_core.shell:Creating environment hook '/home/nvidia/f1tenth_ws/install/phasespace/share/phasespace/hook/pythonpath.sh'
[20.389s] Level 1:colcon.colcon_core.environment:checking '/home/nvidia/f1tenth_ws/install/phasespace/bin'
[20.389s] Level 1:colcon.colcon_core.environment:create_environment_scripts_only(phasespace)
[20.390s] INFO:colcon.colcon_core.shell:Creating package script '/home/nvidia/f1tenth_ws/install/phasespace/share/phasespace/package.ps1'
[20.393s] INFO:colcon.colcon_core.shell:Creating package descriptor '/home/nvidia/f1tenth_ws/install/phasespace/share/phasespace/package.dsv'
[20.396s] INFO:colcon.colcon_core.shell:Creating package script '/home/nvidia/f1tenth_ws/install/phasespace/share/phasespace/package.sh'
[20.399s] INFO:colcon.colcon_core.shell:Creating package script '/home/nvidia/f1tenth_ws/install/phasespace/share/phasespace/package.bash'
[20.401s] INFO:colcon.colcon_core.shell:Creating package script '/home/nvidia/f1tenth_ws/install/phasespace/share/phasespace/package.zsh'
[20.403s] Level 1:colcon.colcon_core.environment:create_file_with_runtime_dependencies(/home/nvidia/f1tenth_ws/install/phasespace/share/colcon-core/packages/phasespace)
[20.441s] Level 1:colcon.colcon_core.environment:create_environment_scripts_only(pure_pursuit)
[20.447s] Level 1:colcon.colcon_core.environment:checking '/home/nvidia/f1tenth_ws/install/pure_pursuit' for CMake module files
[20.454s] Level 1:colcon.colcon_core.environment:checking '/home/nvidia/f1tenth_ws/install/pure_pursuit' for CMake config files
[20.457s] Level 1:colcon.colcon_core.environment:checking '/home/nvidia/f1tenth_ws/install/pure_pursuit/bin'
[20.458s] Level 1:colcon.colcon_core.environment:checking '/home/nvidia/f1tenth_ws/install/pure_pursuit/lib/pkgconfig/pure_pursuit.pc'
[20.461s] Level 1:colcon.colcon_core.environment:checking '/home/nvidia/f1tenth_ws/install/pure_pursuit/lib/python3.8/site-packages'
[20.462s] Level 1:colcon.colcon_core.environment:checking '/home/nvidia/f1tenth_ws/install/pure_pursuit/bin'
[20.464s] INFO:colcon.colcon_core.shell:Creating package script '/home/nvidia/f1tenth_ws/install/pure_pursuit/share/pure_pursuit/package.ps1'
[20.469s] INFO:colcon.colcon_core.shell:Creating package descriptor '/home/nvidia/f1tenth_ws/install/pure_pursuit/share/pure_pursuit/package.dsv'
[20.471s] INFO:colcon.colcon_core.shell:Creating package script '/home/nvidia/f1tenth_ws/install/pure_pursuit/share/pure_pursuit/package.sh'
[20.473s] INFO:colcon.colcon_core.shell:Creating package script '/home/nvidia/f1tenth_ws/install/pure_pursuit/share/pure_pursuit/package.bash'
[20.475s] INFO:colcon.colcon_core.shell:Creating package script '/home/nvidia/f1tenth_ws/install/pure_pursuit/share/pure_pursuit/package.zsh'
[20.479s] Level 1:colcon.colcon_core.environment:create_file_with_runtime_dependencies(/home/nvidia/f1tenth_ws/install/pure_pursuit/share/colcon-core/packages/pure_pursuit)
[22.303s] DEBUG:colcon.colcon_parallel_executor.executor.parallel:closing loop
[22.304s] DEBUG:colcon.colcon_parallel_executor.executor.parallel:loop closed
[22.304s] DEBUG:colcon.colcon_parallel_executor.executor.parallel:run_until_complete finished with '1'
[22.306s] DEBUG:colcon.colcon_core.event_reactor:joining thread
[22.351s] INFO:colcon.colcon_core.plugin_system:Skipping extension 'colcon_notification.desktop_notification.terminal_notifier': Not used on non-Darwin systems
[22.352s] INFO:colcon.colcon_core.plugin_system:Skipping extension 'colcon_notification.desktop_notification.win32': Not used on non-Windows systems
[22.352s] INFO:colcon.colcon_notification.desktop_notification:Sending desktop notification using 'notify2'
[23.294s] DEBUG:colcon.colcon_core.event_reactor:joined thread
[23.300s] INFO:colcon.colcon_core.shell:Creating prefix script '/home/nvidia/f1tenth_ws/install/local_setup.ps1'
[23.309s] INFO:colcon.colcon_core.shell:Creating prefix util module '/home/nvidia/f1tenth_ws/install/_local_setup_util_ps1.py'
[23.318s] INFO:colcon.colcon_core.shell:Creating prefix chain script '/home/nvidia/f1tenth_ws/install/setup.ps1'
[23.323s] INFO:colcon.colcon_core.shell:Creating prefix script '/home/nvidia/f1tenth_ws/install/local_setup.sh'
[23.327s] INFO:colcon.colcon_core.shell:Creating prefix util module '/home/nvidia/f1tenth_ws/install/_local_setup_util_sh.py'
[23.330s] INFO:colcon.colcon_core.shell:Creating prefix chain script '/home/nvidia/f1tenth_ws/install/setup.sh'
[23.335s] INFO:colcon.colcon_core.shell:Creating prefix script '/home/nvidia/f1tenth_ws/install/local_setup.bash'
[23.339s] INFO:colcon.colcon_core.shell:Creating prefix chain script '/home/nvidia/f1tenth_ws/install/setup.bash'
[23.345s] INFO:colcon.colcon_core.shell:Creating prefix script '/home/nvidia/f1tenth_ws/install/local_setup.zsh'
[23.348s] INFO:colcon.colcon_core.shell:Creating prefix chain script '/home/nvidia/f1tenth_ws/install/setup.zsh'
