[0.000000] (-) TimerEvent: {}
[0.003679] (ackermann_mux) JobQueued: {'identifier': 'ackermann_mux', 'dependencies': OrderedDict()}
[0.004380] (f1tenth_controllers) JobQueued: {'identifier': 'f1tenth_controllers', 'dependencies': OrderedDict()}
[0.004520] (key_teleop) JobQueued: {'identifier': 'key_teleop', 'dependencies': OrderedDict()}
[0.004770] (mapping) JobQueued: {'identifier': 'mapping', 'dependencies': OrderedDict()}
[0.005240] (mouse_teleop) JobQueued: {'identifier': 'mouse_teleop', 'dependencies': OrderedDict()}
[0.005403] (new_map_saver) JobQueued: {'identifier': 'new_map_saver', 'dependencies': OrderedDict()}
[0.005595] (phasespace) JobQueued: {'identifier': 'phasespace', 'dependencies': OrderedDict()}
[0.005809] (pure_pursuit) JobQueued: {'identifier': 'pure_pursuit', 'dependencies': OrderedDict()}
[0.005992] (teleop_tools_msgs) JobQueued: {'identifier': 'teleop_tools_msgs', 'dependencies': OrderedDict()}
[0.006143] (vesc_msgs) JobQueued: {'identifier': 'vesc_msgs', 'dependencies': OrderedDict()}
[0.006317] (joy_teleop) JobQueued: {'identifier': 'joy_teleop', 'dependencies': OrderedDict([('teleop_tools_msgs', '/home/nvidia/f1tenth_ws/install/teleop_tools_msgs')])}
[0.007318] (vesc_ackermann) JobQueued: {'identifier': 'vesc_ackermann', 'dependencies': OrderedDict([('vesc_msgs', '/home/nvidia/f1tenth_ws/install/vesc_msgs')])}
[0.007853] (vesc_driver) JobQueued: {'identifier': 'vesc_driver', 'dependencies': OrderedDict([('vesc_msgs', '/home/nvidia/f1tenth_ws/install/vesc_msgs')])}
[0.008087] (teleop_tools) JobQueued: {'identifier': 'teleop_tools', 'dependencies': OrderedDict([('key_teleop', '/home/nvidia/f1tenth_ws/install/key_teleop'), ('teleop_tools_msgs', '/home/nvidia/f1tenth_ws/install/teleop_tools_msgs'), ('joy_teleop', '/home/nvidia/f1tenth_ws/install/joy_teleop')])}
[0.008258] (vesc) JobQueued: {'identifier': 'vesc', 'dependencies': OrderedDict([('vesc_msgs', '/home/nvidia/f1tenth_ws/install/vesc_msgs'), ('vesc_ackermann', '/home/nvidia/f1tenth_ws/install/vesc_ackermann'), ('vesc_driver', '/home/nvidia/f1tenth_ws/install/vesc_driver')])}
[0.008420] (f1tenth_stack) JobQueued: {'identifier': 'f1tenth_stack', 'dependencies': OrderedDict([('ackermann_mux', '/home/nvidia/f1tenth_ws/install/ackermann_mux'), ('teleop_tools_msgs', '/home/nvidia/f1tenth_ws/install/teleop_tools_msgs'), ('vesc_msgs', '/home/nvidia/f1tenth_ws/install/vesc_msgs'), ('joy_teleop', '/home/nvidia/f1tenth_ws/install/joy_teleop'), ('vesc_ackermann', '/home/nvidia/f1tenth_ws/install/vesc_ackermann'), ('vesc_driver', '/home/nvidia/f1tenth_ws/install/vesc_driver'), ('vesc', '/home/nvidia/f1tenth_ws/install/vesc')])}
[0.008699] (vesc_msgs) JobStarted: {'identifier': 'vesc_msgs'}
[0.058483] (teleop_tools_msgs) JobStarted: {'identifier': 'teleop_tools_msgs'}
[0.097831] (-) TimerEvent: {}
[0.123674] (ackermann_mux) JobStarted: {'identifier': 'ackermann_mux'}
[0.166154] (key_teleop) JobStarted: {'identifier': 'key_teleop'}
[0.198524] (-) TimerEvent: {}
[0.234427] (f1tenth_controllers) JobStarted: {'identifier': 'f1tenth_controllers'}
[0.291918] (mapping) JobStarted: {'identifier': 'mapping'}
[0.301846] (-) TimerEvent: {}
[0.392317] (vesc_msgs) JobProgress: {'identifier': 'vesc_msgs', 'progress': 'cmake'}
[0.396447] (vesc_msgs) Command: {'cmd': ['/usr/bin/cmake', '/home/nvidia/f1tenth_ws/src/f1tenth_system/vesc/vesc_msgs', '-DCMAKE_INSTALL_PREFIX=/home/nvidia/f1tenth_ws/install/vesc_msgs'], 'cwd': '/home/nvidia/f1tenth_ws/build/vesc_msgs', 'env': OrderedDict([('LESSOPEN', '| /usr/bin/lesspipe %s'), ('USER', 'nvidia'), ('SSH_AGENT_PID', '3963'), ('XDG_SESSION_TYPE', 'x11'), ('SHLVL', '1'), ('LD_LIBRARY_PATH', '//home/nvidia/f1tenth_ws/install/vesc_driver/lib://home/nvidia/f1tenth_ws/install/vesc_ackermann/lib://home/nvidia/f1tenth_ws/install/vesc_msgs/lib://home/nvidia/f1tenth_ws/install/teleop_tools_msgs/lib:/usr/lib/aarch64-linux-gnu/gazebo-11/plugins:/opt/ros/foxy/opt/yaml_cpp_vendor/lib:/opt/ros/foxy/opt/rviz_ogre_vendor/lib:/opt/ros/foxy/lib/aarch64-linux-gnu:/opt/ros/foxy/lib:/usr/local/cuda-11.4/lib64:'), ('HOME', '/home/nvidia'), ('OLDPWD', '/home/nvidia'), ('DESKTOP_SESSION', 'ubuntu'), ('ROS_PYTHON_VERSION', '3'), ('GNOME_SHELL_SESSION_MODE', 'ubuntu'), ('GTK_MODULES', 'gail:atk-bridge'), ('MANAGERPID', '3863'), ('DBUS_SESSION_BUS_ADDRESS', 'unix:path=/run/user/1000/bus'), ('COLORTERM', 'truecolor'), ('TERMINATOR_DBUS_NAME', 'net.tenshu.Terminator23558193cd9818af7fe4d2c2f5bd9d00f'), ('GIO_LAUNCHED_DESKTOP_FILE_PID', '4619'), ('IM_CONFIG_PHASE', '1'), ('COLCON_PREFIX_PATH', '//home/nvidia/f1tenth_ws/install'), ('ROS_DISTRO', 'foxy'), ('LOGNAME', 'nvidia'), ('JOURNAL_STREAM', '8:70019'), ('_', '/usr/bin/colcon'), ('ROS_VERSION', '2'), ('XDG_SESSION_CLASS', 'user'), ('USERNAME', 'nvidia'), ('TERM', 'xterm-256color'), ('GAZEBO_MODEL_PATH', ':/opt/ros/foxy/share/turtlebot3_gazebo/models'), ('GNOME_DESKTOP_SESSION_ID', 'this-is-deprecated'), ('ROS_LOCALHOST_ONLY', '0'), ('WINDOWPATH', '2'), ('PATH', '//home/nvidia/f1tenth_ws/install/range_lib/bin:/opt/ros/foxy/bin:/usr/local/cuda-11.4/bin:/home/nvidia/.local/bin:/usr/local/sbin:/usr/local/bin:/usr/sbin:/usr/bin:/sbin:/bin:/usr/games:/usr/local/games:/snap/bin'), ('SESSION_MANAGER', 'local/ubuntu:@/tmp/.ICE-unix/4000,unix/ubuntu:/tmp/.ICE-unix/4000'), ('INVOCATION_ID', 'f345853a86154e6d9c622f5fbfdc1ac4'), ('XDG_MENU_PREFIX', 'gnome-'), ('XDG_RUNTIME_DIR', '/run/user/1000'), ('DISPLAY', ':1'), ('TERMINATOR_DBUS_PATH', '/net/tenshu/Terminator2'), ('LANG', 'en_US.UTF-8'), ('XDG_CURRENT_DESKTOP', 'ubuntu:GNOME'), ('XMODIFIERS', '@im=ibus'), ('XDG_SESSION_DESKTOP', 'ubuntu'), ('XAUTHORITY', '/run/user/1000/gdm/Xauthority'), ('LS_COLORS', 'rs=0:di=01;34:ln=01;36:mh=00:pi=40;33:so=01;35:do=01;35:bd=40;33;01:cd=40;33;01:or=40;31;01:mi=00:su=37;41:sg=30;43:ca=30;41:tw=30;42:ow=34;42:st=37;44:ex=01;32:*.tar=01;31:*.tgz=01;31:*.arc=01;31:*.arj=01;31:*.taz=01;31:*.lha=01;31:*.lz4=01;31:*.lzh=01;31:*.lzma=01;31:*.tlz=01;31:*.txz=01;31:*.tzo=01;31:*.t7z=01;31:*.zip=01;31:*.z=01;31:*.dz=01;31:*.gz=01;31:*.lrz=01;31:*.lz=01;31:*.lzo=01;31:*.xz=01;31:*.zst=01;31:*.tzst=01;31:*.bz2=01;31:*.bz=01;31:*.tbz=01;31:*.tbz2=01;31:*.tz=01;31:*.deb=01;31:*.rpm=01;31:*.jar=01;31:*.war=01;31:*.ear=01;31:*.sar=01;31:*.rar=01;31:*.alz=01;31:*.ace=01;31:*.zoo=01;31:*.cpio=01;31:*.7z=01;31:*.rz=01;31:*.cab=01;31:*.wim=01;31:*.swm=01;31:*.dwm=01;31:*.esd=01;31:*.jpg=01;35:*.jpeg=01;35:*.mjpg=01;35:*.mjpeg=01;35:*.gif=01;35:*.bmp=01;35:*.pbm=01;35:*.pgm=01;35:*.ppm=01;35:*.tga=01;35:*.xbm=01;35:*.xpm=01;35:*.tif=01;35:*.tiff=01;35:*.png=01;35:*.svg=01;35:*.svgz=01;35:*.mng=01;35:*.pcx=01;35:*.mov=01;35:*.mpg=01;35:*.mpeg=01;35:*.m2v=01;35:*.mkv=01;35:*.webm=01;35:*.ogm=01;35:*.mp4=01;35:*.m4v=01;35:*.mp4v=01;35:*.vob=01;35:*.qt=01;35:*.nuv=01;35:*.wmv=01;35:*.asf=01;35:*.rm=01;35:*.rmvb=01;35:*.flc=01;35:*.avi=01;35:*.fli=01;35:*.flv=01;35:*.gl=01;35:*.dl=01;35:*.xcf=01;35:*.xwd=01;35:*.yuv=01;35:*.cgm=01;35:*.emf=01;35:*.ogv=01;35:*.ogx=01;35:*.aac=00;36:*.au=00;36:*.flac=00;36:*.m4a=00;36:*.mid=00;36:*.midi=00;36:*.mka=00;36:*.mp3=00;36:*.mpc=00;36:*.ogg=00;36:*.ra=00;36:*.wav=00;36:*.oga=00;36:*.opus=00;36:*.spx=00;36:*.xspf=00;36:'), ('SSH_AUTH_SOCK', '/run/user/1000/keyring/ssh'), ('ROS_DOMAIN_ID', '10'), ('AMENT_PREFIX_PATH', '//home/nvidia/f1tenth_ws/install/f1tenth_stack://home/nvidia/f1tenth_ws/install/vesc://home/nvidia/f1tenth_ws/install/vesc_driver://home/nvidia/f1tenth_ws/install/vesc_ackermann://home/nvidia/f1tenth_ws/install/vesc_msgs://home/nvidia/f1tenth_ws/install/teleop_tools://home/nvidia/f1tenth_ws/install/joy_teleop://home/nvidia/f1tenth_ws/install/teleop_tools_msgs://home/nvidia/f1tenth_ws/install/phasespace://home/nvidia/f1tenth_ws/install/particle_filter://home/nvidia/f1tenth_ws/install/new_map_saver://home/nvidia/f1tenth_ws/install/mouse_teleop://home/nvidia/f1tenth_ws/install/mapping://home/nvidia/f1tenth_ws/install/key_teleop://home/nvidia/f1tenth_ws/install/f1tenth_controllers://home/nvidia/f1tenth_ws/install/ackermann_mux:/opt/ros/foxy'), ('SHELL', '/bin/bash'), ('TERMINATOR_UUID', 'urn:uuid:3f2a181a-16ef-4091-b349-7c01a0bf8815'), ('QT_ACCESSIBILITY', '1'), ('GDMSESSION', 'ubuntu'), ('LESSCLOSE', '/usr/bin/lesspipe %s %s'), ('GPG_AGENT_INFO', '/run/user/1000/gnupg/S.gpg-agent:0:1'), ('QT_IM_MODULE', 'ibus'), ('PWD', '/home/nvidia/f1tenth_ws/build/vesc_msgs'), ('TURTLEBOT3_MODEL', 'waffle'), ('LC_ALL', 'en_US.UTF-8'), ('XDG_CONFIG_DIRS', '/etc/xdg/xdg-ubuntu:/etc/xdg'), ('XDG_DATA_DIRS', '/usr/share/ubuntu:/usr/local/share/:/usr/share/:/var/lib/snapd/desktop'), ('PYTHONPATH', '//home/nvidia/f1tenth_ws/install/f1tenth_stack/lib/python3.8/site-packages://home/nvidia/f1tenth_ws/install/vesc_msgs/lib/python3.8/site-packages://home/nvidia/f1tenth_ws/install/joy_teleop/lib/python3.8/site-packages://home/nvidia/f1tenth_ws/install/teleop_tools_msgs/lib/python3.8/site-packages://home/nvidia/f1tenth_ws/install/phasespace/lib/python3.8/site-packages://home/nvidia/f1tenth_ws/install/particle_filter/lib/python3.8/site-packages://home/nvidia/f1tenth_ws/install/new_map_saver/lib/python3.8/site-packages://home/nvidia/f1tenth_ws/install/mouse_teleop/lib/python3.8/site-packages://home/nvidia/f1tenth_ws/install/mapping/lib/python3.8/site-packages://home/nvidia/f1tenth_ws/install/key_teleop/lib/python3.8/site-packages://home/nvidia/f1tenth_ws/install/f1tenth_controllers/lib/python3.8/site-packages:/opt/ros/foxy/lib/python3.8/site-packages'), ('COLCON', '1'), ('VTE_VERSION', '6003'), ('CMAKE_PREFIX_PATH', '//home/nvidia/f1tenth_ws/install/vesc://home/nvidia/f1tenth_ws/install/vesc_driver://home/nvidia/f1tenth_ws/install/vesc_ackermann://home/nvidia/f1tenth_ws/install/vesc_msgs://home/nvidia/f1tenth_ws/install/teleop_tools://home/nvidia/f1tenth_ws/install/teleop_tools_msgs://home/nvidia/f1tenth_ws/install/range_lib://home/nvidia/f1tenth_ws/install/ackermann_mux://home/nvidia/f1tenth_ws/install/f1tenth_stack://home/nvidia/f1tenth_ws/install/joy_teleop://home/nvidia/f1tenth_ws/install/phasespace://home/nvidia/f1tenth_ws/install/particle_filter://home/nvidia/f1tenth_ws/install/new_map_saver://home/nvidia/f1tenth_ws/install/mouse_teleop://home/nvidia/f1tenth_ws/install/mapping://home/nvidia/f1tenth_ws/install/key_teleop://home/nvidia/f1tenth_ws/install/f1tenth_controllers:/opt/ros/foxy')]), 'shell': False}
[0.404211] (-) TimerEvent: {}
[0.437301] (teleop_tools_msgs) JobProgress: {'identifier': 'teleop_tools_msgs', 'progress': 'cmake'}
[0.442201] (teleop_tools_msgs) Command: {'cmd': ['/usr/bin/cmake', '/home/nvidia/f1tenth_ws/src/f1tenth_system/teleop_tools/teleop_tools_msgs', '-DCMAKE_INSTALL_PREFIX=/home/nvidia/f1tenth_ws/install/teleop_tools_msgs'], 'cwd': '/home/nvidia/f1tenth_ws/build/teleop_tools_msgs', 'env': OrderedDict([('LESSOPEN', '| /usr/bin/lesspipe %s'), ('USER', 'nvidia'), ('SSH_AGENT_PID', '3963'), ('XDG_SESSION_TYPE', 'x11'), ('SHLVL', '1'), ('LD_LIBRARY_PATH', '//home/nvidia/f1tenth_ws/install/vesc_driver/lib://home/nvidia/f1tenth_ws/install/vesc_ackermann/lib://home/nvidia/f1tenth_ws/install/vesc_msgs/lib://home/nvidia/f1tenth_ws/install/teleop_tools_msgs/lib:/usr/lib/aarch64-linux-gnu/gazebo-11/plugins:/opt/ros/foxy/opt/yaml_cpp_vendor/lib:/opt/ros/foxy/opt/rviz_ogre_vendor/lib:/opt/ros/foxy/lib/aarch64-linux-gnu:/opt/ros/foxy/lib:/usr/local/cuda-11.4/lib64:'), ('HOME', '/home/nvidia'), ('OLDPWD', '/home/nvidia'), ('DESKTOP_SESSION', 'ubuntu'), ('ROS_PYTHON_VERSION', '3'), ('GNOME_SHELL_SESSION_MODE', 'ubuntu'), ('GTK_MODULES', 'gail:atk-bridge'), ('MANAGERPID', '3863'), ('DBUS_SESSION_BUS_ADDRESS', 'unix:path=/run/user/1000/bus'), ('COLORTERM', 'truecolor'), ('TERMINATOR_DBUS_NAME', 'net.tenshu.Terminator23558193cd9818af7fe4d2c2f5bd9d00f'), ('GIO_LAUNCHED_DESKTOP_FILE_PID', '4619'), ('IM_CONFIG_PHASE', '1'), ('COLCON_PREFIX_PATH', '//home/nvidia/f1tenth_ws/install'), ('ROS_DISTRO', 'foxy'), ('LOGNAME', 'nvidia'), ('JOURNAL_STREAM', '8:70019'), ('_', '/usr/bin/colcon'), ('ROS_VERSION', '2'), ('XDG_SESSION_CLASS', 'user'), ('USERNAME', 'nvidia'), ('TERM', 'xterm-256color'), ('GAZEBO_MODEL_PATH', ':/opt/ros/foxy/share/turtlebot3_gazebo/models'), ('GNOME_DESKTOP_SESSION_ID', 'this-is-deprecated'), ('ROS_LOCALHOST_ONLY', '0'), ('WINDOWPATH', '2'), ('PATH', '//home/nvidia/f1tenth_ws/install/range_lib/bin:/opt/ros/foxy/bin:/usr/local/cuda-11.4/bin:/home/nvidia/.local/bin:/usr/local/sbin:/usr/local/bin:/usr/sbin:/usr/bin:/sbin:/bin:/usr/games:/usr/local/games:/snap/bin'), ('SESSION_MANAGER', 'local/ubuntu:@/tmp/.ICE-unix/4000,unix/ubuntu:/tmp/.ICE-unix/4000'), ('INVOCATION_ID', 'f345853a86154e6d9c622f5fbfdc1ac4'), ('XDG_MENU_PREFIX', 'gnome-'), ('XDG_RUNTIME_DIR', '/run/user/1000'), ('DISPLAY', ':1'), ('TERMINATOR_DBUS_PATH', '/net/tenshu/Terminator2'), ('LANG', 'en_US.UTF-8'), ('XDG_CURRENT_DESKTOP', 'ubuntu:GNOME'), ('XMODIFIERS', '@im=ibus'), ('XDG_SESSION_DESKTOP', 'ubuntu'), ('XAUTHORITY', '/run/user/1000/gdm/Xauthority'), ('LS_COLORS', 'rs=0:di=01;34:ln=01;36:mh=00:pi=40;33:so=01;35:do=01;35:bd=40;33;01:cd=40;33;01:or=40;31;01:mi=00:su=37;41:sg=30;43:ca=30;41:tw=30;42:ow=34;42:st=37;44:ex=01;32:*.tar=01;31:*.tgz=01;31:*.arc=01;31:*.arj=01;31:*.taz=01;31:*.lha=01;31:*.lz4=01;31:*.lzh=01;31:*.lzma=01;31:*.tlz=01;31:*.txz=01;31:*.tzo=01;31:*.t7z=01;31:*.zip=01;31:*.z=01;31:*.dz=01;31:*.gz=01;31:*.lrz=01;31:*.lz=01;31:*.lzo=01;31:*.xz=01;31:*.zst=01;31:*.tzst=01;31:*.bz2=01;31:*.bz=01;31:*.tbz=01;31:*.tbz2=01;31:*.tz=01;31:*.deb=01;31:*.rpm=01;31:*.jar=01;31:*.war=01;31:*.ear=01;31:*.sar=01;31:*.rar=01;31:*.alz=01;31:*.ace=01;31:*.zoo=01;31:*.cpio=01;31:*.7z=01;31:*.rz=01;31:*.cab=01;31:*.wim=01;31:*.swm=01;31:*.dwm=01;31:*.esd=01;31:*.jpg=01;35:*.jpeg=01;35:*.mjpg=01;35:*.mjpeg=01;35:*.gif=01;35:*.bmp=01;35:*.pbm=01;35:*.pgm=01;35:*.ppm=01;35:*.tga=01;35:*.xbm=01;35:*.xpm=01;35:*.tif=01;35:*.tiff=01;35:*.png=01;35:*.svg=01;35:*.svgz=01;35:*.mng=01;35:*.pcx=01;35:*.mov=01;35:*.mpg=01;35:*.mpeg=01;35:*.m2v=01;35:*.mkv=01;35:*.webm=01;35:*.ogm=01;35:*.mp4=01;35:*.m4v=01;35:*.mp4v=01;35:*.vob=01;35:*.qt=01;35:*.nuv=01;35:*.wmv=01;35:*.asf=01;35:*.rm=01;35:*.rmvb=01;35:*.flc=01;35:*.avi=01;35:*.fli=01;35:*.flv=01;35:*.gl=01;35:*.dl=01;35:*.xcf=01;35:*.xwd=01;35:*.yuv=01;35:*.cgm=01;35:*.emf=01;35:*.ogv=01;35:*.ogx=01;35:*.aac=00;36:*.au=00;36:*.flac=00;36:*.m4a=00;36:*.mid=00;36:*.midi=00;36:*.mka=00;36:*.mp3=00;36:*.mpc=00;36:*.ogg=00;36:*.ra=00;36:*.wav=00;36:*.oga=00;36:*.opus=00;36:*.spx=00;36:*.xspf=00;36:'), ('SSH_AUTH_SOCK', '/run/user/1000/keyring/ssh'), ('ROS_DOMAIN_ID', '10'), ('AMENT_PREFIX_PATH', '//home/nvidia/f1tenth_ws/install/f1tenth_stack://home/nvidia/f1tenth_ws/install/vesc://home/nvidia/f1tenth_ws/install/vesc_driver://home/nvidia/f1tenth_ws/install/vesc_ackermann://home/nvidia/f1tenth_ws/install/vesc_msgs://home/nvidia/f1tenth_ws/install/teleop_tools://home/nvidia/f1tenth_ws/install/joy_teleop://home/nvidia/f1tenth_ws/install/teleop_tools_msgs://home/nvidia/f1tenth_ws/install/phasespace://home/nvidia/f1tenth_ws/install/particle_filter://home/nvidia/f1tenth_ws/install/new_map_saver://home/nvidia/f1tenth_ws/install/mouse_teleop://home/nvidia/f1tenth_ws/install/mapping://home/nvidia/f1tenth_ws/install/key_teleop://home/nvidia/f1tenth_ws/install/f1tenth_controllers://home/nvidia/f1tenth_ws/install/ackermann_mux:/opt/ros/foxy'), ('SHELL', '/bin/bash'), ('TERMINATOR_UUID', 'urn:uuid:3f2a181a-16ef-4091-b349-7c01a0bf8815'), ('QT_ACCESSIBILITY', '1'), ('GDMSESSION', 'ubuntu'), ('LESSCLOSE', '/usr/bin/lesspipe %s %s'), ('GPG_AGENT_INFO', '/run/user/1000/gnupg/S.gpg-agent:0:1'), ('QT_IM_MODULE', 'ibus'), ('PWD', '/home/nvidia/f1tenth_ws/build/teleop_tools_msgs'), ('TURTLEBOT3_MODEL', 'waffle'), ('LC_ALL', 'en_US.UTF-8'), ('XDG_CONFIG_DIRS', '/etc/xdg/xdg-ubuntu:/etc/xdg'), ('XDG_DATA_DIRS', '/usr/share/ubuntu:/usr/local/share/:/usr/share/:/var/lib/snapd/desktop'), ('PYTHONPATH', '//home/nvidia/f1tenth_ws/install/f1tenth_stack/lib/python3.8/site-packages://home/nvidia/f1tenth_ws/install/vesc_msgs/lib/python3.8/site-packages://home/nvidia/f1tenth_ws/install/joy_teleop/lib/python3.8/site-packages://home/nvidia/f1tenth_ws/install/teleop_tools_msgs/lib/python3.8/site-packages://home/nvidia/f1tenth_ws/install/phasespace/lib/python3.8/site-packages://home/nvidia/f1tenth_ws/install/particle_filter/lib/python3.8/site-packages://home/nvidia/f1tenth_ws/install/new_map_saver/lib/python3.8/site-packages://home/nvidia/f1tenth_ws/install/mouse_teleop/lib/python3.8/site-packages://home/nvidia/f1tenth_ws/install/mapping/lib/python3.8/site-packages://home/nvidia/f1tenth_ws/install/key_teleop/lib/python3.8/site-packages://home/nvidia/f1tenth_ws/install/f1tenth_controllers/lib/python3.8/site-packages:/opt/ros/foxy/lib/python3.8/site-packages'), ('COLCON', '1'), ('VTE_VERSION', '6003'), ('CMAKE_PREFIX_PATH', '//home/nvidia/f1tenth_ws/install/vesc://home/nvidia/f1tenth_ws/install/vesc_driver://home/nvidia/f1tenth_ws/install/vesc_ackermann://home/nvidia/f1tenth_ws/install/vesc_msgs://home/nvidia/f1tenth_ws/install/teleop_tools://home/nvidia/f1tenth_ws/install/teleop_tools_msgs://home/nvidia/f1tenth_ws/install/range_lib://home/nvidia/f1tenth_ws/install/ackermann_mux://home/nvidia/f1tenth_ws/install/f1tenth_stack://home/nvidia/f1tenth_ws/install/joy_teleop://home/nvidia/f1tenth_ws/install/phasespace://home/nvidia/f1tenth_ws/install/particle_filter://home/nvidia/f1tenth_ws/install/new_map_saver://home/nvidia/f1tenth_ws/install/mouse_teleop://home/nvidia/f1tenth_ws/install/mapping://home/nvidia/f1tenth_ws/install/key_teleop://home/nvidia/f1tenth_ws/install/f1tenth_controllers:/opt/ros/foxy')]), 'shell': False}
[0.471841] (ackermann_mux) JobProgress: {'identifier': 'ackermann_mux', 'progress': 'cmake'}
[0.472012] (ackermann_mux) Command: {'cmd': ['/usr/bin/cmake', '/home/nvidia/f1tenth_ws/src/f1tenth_system/ackermann_mux', '-DCMAKE_INSTALL_PREFIX=/home/nvidia/f1tenth_ws/install/ackermann_mux'], 'cwd': '/home/nvidia/f1tenth_ws/build/ackermann_mux', 'env': OrderedDict([('LESSOPEN', '| /usr/bin/lesspipe %s'), ('USER', 'nvidia'), ('SSH_AGENT_PID', '3963'), ('XDG_SESSION_TYPE', 'x11'), ('SHLVL', '1'), ('LD_LIBRARY_PATH', '//home/nvidia/f1tenth_ws/install/vesc_driver/lib://home/nvidia/f1tenth_ws/install/vesc_ackermann/lib://home/nvidia/f1tenth_ws/install/vesc_msgs/lib://home/nvidia/f1tenth_ws/install/teleop_tools_msgs/lib:/usr/lib/aarch64-linux-gnu/gazebo-11/plugins:/opt/ros/foxy/opt/yaml_cpp_vendor/lib:/opt/ros/foxy/opt/rviz_ogre_vendor/lib:/opt/ros/foxy/lib/aarch64-linux-gnu:/opt/ros/foxy/lib:/usr/local/cuda-11.4/lib64:'), ('HOME', '/home/nvidia'), ('OLDPWD', '/home/nvidia'), ('DESKTOP_SESSION', 'ubuntu'), ('ROS_PYTHON_VERSION', '3'), ('GNOME_SHELL_SESSION_MODE', 'ubuntu'), ('GTK_MODULES', 'gail:atk-bridge'), ('MANAGERPID', '3863'), ('DBUS_SESSION_BUS_ADDRESS', 'unix:path=/run/user/1000/bus'), ('COLORTERM', 'truecolor'), ('TERMINATOR_DBUS_NAME', 'net.tenshu.Terminator23558193cd9818af7fe4d2c2f5bd9d00f'), ('GIO_LAUNCHED_DESKTOP_FILE_PID', '4619'), ('IM_CONFIG_PHASE', '1'), ('COLCON_PREFIX_PATH', '//home/nvidia/f1tenth_ws/install'), ('ROS_DISTRO', 'foxy'), ('LOGNAME', 'nvidia'), ('JOURNAL_STREAM', '8:70019'), ('_', '/usr/bin/colcon'), ('ROS_VERSION', '2'), ('XDG_SESSION_CLASS', 'user'), ('USERNAME', 'nvidia'), ('TERM', 'xterm-256color'), ('GAZEBO_MODEL_PATH', ':/opt/ros/foxy/share/turtlebot3_gazebo/models'), ('GNOME_DESKTOP_SESSION_ID', 'this-is-deprecated'), ('ROS_LOCALHOST_ONLY', '0'), ('WINDOWPATH', '2'), ('PATH', '//home/nvidia/f1tenth_ws/install/range_lib/bin:/opt/ros/foxy/bin:/usr/local/cuda-11.4/bin:/home/nvidia/.local/bin:/usr/local/sbin:/usr/local/bin:/usr/sbin:/usr/bin:/sbin:/bin:/usr/games:/usr/local/games:/snap/bin'), ('SESSION_MANAGER', 'local/ubuntu:@/tmp/.ICE-unix/4000,unix/ubuntu:/tmp/.ICE-unix/4000'), ('INVOCATION_ID', 'f345853a86154e6d9c622f5fbfdc1ac4'), ('XDG_MENU_PREFIX', 'gnome-'), ('XDG_RUNTIME_DIR', '/run/user/1000'), ('DISPLAY', ':1'), ('TERMINATOR_DBUS_PATH', '/net/tenshu/Terminator2'), ('LANG', 'en_US.UTF-8'), ('XDG_CURRENT_DESKTOP', 'ubuntu:GNOME'), ('XMODIFIERS', '@im=ibus'), ('XDG_SESSION_DESKTOP', 'ubuntu'), ('XAUTHORITY', '/run/user/1000/gdm/Xauthority'), ('LS_COLORS', 'rs=0:di=01;34:ln=01;36:mh=00:pi=40;33:so=01;35:do=01;35:bd=40;33;01:cd=40;33;01:or=40;31;01:mi=00:su=37;41:sg=30;43:ca=30;41:tw=30;42:ow=34;42:st=37;44:ex=01;32:*.tar=01;31:*.tgz=01;31:*.arc=01;31:*.arj=01;31:*.taz=01;31:*.lha=01;31:*.lz4=01;31:*.lzh=01;31:*.lzma=01;31:*.tlz=01;31:*.txz=01;31:*.tzo=01;31:*.t7z=01;31:*.zip=01;31:*.z=01;31:*.dz=01;31:*.gz=01;31:*.lrz=01;31:*.lz=01;31:*.lzo=01;31:*.xz=01;31:*.zst=01;31:*.tzst=01;31:*.bz2=01;31:*.bz=01;31:*.tbz=01;31:*.tbz2=01;31:*.tz=01;31:*.deb=01;31:*.rpm=01;31:*.jar=01;31:*.war=01;31:*.ear=01;31:*.sar=01;31:*.rar=01;31:*.alz=01;31:*.ace=01;31:*.zoo=01;31:*.cpio=01;31:*.7z=01;31:*.rz=01;31:*.cab=01;31:*.wim=01;31:*.swm=01;31:*.dwm=01;31:*.esd=01;31:*.jpg=01;35:*.jpeg=01;35:*.mjpg=01;35:*.mjpeg=01;35:*.gif=01;35:*.bmp=01;35:*.pbm=01;35:*.pgm=01;35:*.ppm=01;35:*.tga=01;35:*.xbm=01;35:*.xpm=01;35:*.tif=01;35:*.tiff=01;35:*.png=01;35:*.svg=01;35:*.svgz=01;35:*.mng=01;35:*.pcx=01;35:*.mov=01;35:*.mpg=01;35:*.mpeg=01;35:*.m2v=01;35:*.mkv=01;35:*.webm=01;35:*.ogm=01;35:*.mp4=01;35:*.m4v=01;35:*.mp4v=01;35:*.vob=01;35:*.qt=01;35:*.nuv=01;35:*.wmv=01;35:*.asf=01;35:*.rm=01;35:*.rmvb=01;35:*.flc=01;35:*.avi=01;35:*.fli=01;35:*.flv=01;35:*.gl=01;35:*.dl=01;35:*.xcf=01;35:*.xwd=01;35:*.yuv=01;35:*.cgm=01;35:*.emf=01;35:*.ogv=01;35:*.ogx=01;35:*.aac=00;36:*.au=00;36:*.flac=00;36:*.m4a=00;36:*.mid=00;36:*.midi=00;36:*.mka=00;36:*.mp3=00;36:*.mpc=00;36:*.ogg=00;36:*.ra=00;36:*.wav=00;36:*.oga=00;36:*.opus=00;36:*.spx=00;36:*.xspf=00;36:'), ('SSH_AUTH_SOCK', '/run/user/1000/keyring/ssh'), ('ROS_DOMAIN_ID', '10'), ('AMENT_PREFIX_PATH', '//home/nvidia/f1tenth_ws/install/f1tenth_stack://home/nvidia/f1tenth_ws/install/vesc://home/nvidia/f1tenth_ws/install/vesc_driver://home/nvidia/f1tenth_ws/install/vesc_ackermann://home/nvidia/f1tenth_ws/install/vesc_msgs://home/nvidia/f1tenth_ws/install/teleop_tools://home/nvidia/f1tenth_ws/install/joy_teleop://home/nvidia/f1tenth_ws/install/teleop_tools_msgs://home/nvidia/f1tenth_ws/install/phasespace://home/nvidia/f1tenth_ws/install/particle_filter://home/nvidia/f1tenth_ws/install/new_map_saver://home/nvidia/f1tenth_ws/install/mouse_teleop://home/nvidia/f1tenth_ws/install/mapping://home/nvidia/f1tenth_ws/install/key_teleop://home/nvidia/f1tenth_ws/install/f1tenth_controllers://home/nvidia/f1tenth_ws/install/ackermann_mux:/opt/ros/foxy'), ('SHELL', '/bin/bash'), ('TERMINATOR_UUID', 'urn:uuid:3f2a181a-16ef-4091-b349-7c01a0bf8815'), ('QT_ACCESSIBILITY', '1'), ('GDMSESSION', 'ubuntu'), ('LESSCLOSE', '/usr/bin/lesspipe %s %s'), ('GPG_AGENT_INFO', '/run/user/1000/gnupg/S.gpg-agent:0:1'), ('QT_IM_MODULE', 'ibus'), ('PWD', '/home/nvidia/f1tenth_ws/build/ackermann_mux'), ('TURTLEBOT3_MODEL', 'waffle'), ('LC_ALL', 'en_US.UTF-8'), ('XDG_CONFIG_DIRS', '/etc/xdg/xdg-ubuntu:/etc/xdg'), ('XDG_DATA_DIRS', '/usr/share/ubuntu:/usr/local/share/:/usr/share/:/var/lib/snapd/desktop'), ('PYTHONPATH', '//home/nvidia/f1tenth_ws/install/f1tenth_stack/lib/python3.8/site-packages://home/nvidia/f1tenth_ws/install/vesc_msgs/lib/python3.8/site-packages://home/nvidia/f1tenth_ws/install/joy_teleop/lib/python3.8/site-packages://home/nvidia/f1tenth_ws/install/teleop_tools_msgs/lib/python3.8/site-packages://home/nvidia/f1tenth_ws/install/phasespace/lib/python3.8/site-packages://home/nvidia/f1tenth_ws/install/particle_filter/lib/python3.8/site-packages://home/nvidia/f1tenth_ws/install/new_map_saver/lib/python3.8/site-packages://home/nvidia/f1tenth_ws/install/mouse_teleop/lib/python3.8/site-packages://home/nvidia/f1tenth_ws/install/mapping/lib/python3.8/site-packages://home/nvidia/f1tenth_ws/install/key_teleop/lib/python3.8/site-packages://home/nvidia/f1tenth_ws/install/f1tenth_controllers/lib/python3.8/site-packages:/opt/ros/foxy/lib/python3.8/site-packages'), ('COLCON', '1'), ('VTE_VERSION', '6003'), ('CMAKE_PREFIX_PATH', '//home/nvidia/f1tenth_ws/install/vesc://home/nvidia/f1tenth_ws/install/vesc_driver://home/nvidia/f1tenth_ws/install/vesc_ackermann://home/nvidia/f1tenth_ws/install/vesc_msgs://home/nvidia/f1tenth_ws/install/teleop_tools://home/nvidia/f1tenth_ws/install/teleop_tools_msgs://home/nvidia/f1tenth_ws/install/range_lib://home/nvidia/f1tenth_ws/install/ackermann_mux://home/nvidia/f1tenth_ws/install/f1tenth_stack://home/nvidia/f1tenth_ws/install/joy_teleop://home/nvidia/f1tenth_ws/install/phasespace://home/nvidia/f1tenth_ws/install/particle_filter://home/nvidia/f1tenth_ws/install/new_map_saver://home/nvidia/f1tenth_ws/install/mouse_teleop://home/nvidia/f1tenth_ws/install/mapping://home/nvidia/f1tenth_ws/install/key_teleop://home/nvidia/f1tenth_ws/install/f1tenth_controllers:/opt/ros/foxy')]), 'shell': False}
[0.519862] (-) TimerEvent: {}
[0.624431] (-) TimerEvent: {}
[0.725540] (-) TimerEvent: {}
[0.828501] (-) TimerEvent: {}
[0.929523] (-) TimerEvent: {}
[1.030642] (-) TimerEvent: {}
[1.131808] (-) TimerEvent: {}
[1.234093] (-) TimerEvent: {}
[1.335150] (-) TimerEvent: {}
[1.436278] (-) TimerEvent: {}
[1.538296] (-) TimerEvent: {}
[1.639343] (-) TimerEvent: {}
[1.740490] (-) TimerEvent: {}
[1.841529] (-) TimerEvent: {}
[1.942728] (-) TimerEvent: {}
[2.043923] (-) TimerEvent: {}
[2.147541] (-) TimerEvent: {}
[2.251618] (-) TimerEvent: {}
[2.352704] (-) TimerEvent: {}
[2.453803] (-) TimerEvent: {}
[2.555073] (-) TimerEvent: {}
[2.656244] (-) TimerEvent: {}
[2.757420] (-) TimerEvent: {}
[2.858518] (-) TimerEvent: {}
[2.960868] (-) TimerEvent: {}
[3.062022] (-) TimerEvent: {}
[3.163099] (-) TimerEvent: {}
[3.264241] (-) TimerEvent: {}
[3.365695] (-) TimerEvent: {}
[3.469185] (-) TimerEvent: {}
[3.570423] (-) TimerEvent: {}
[3.671823] (-) TimerEvent: {}
[3.775644] (-) TimerEvent: {}
[3.883388] (-) TimerEvent: {}
[3.986107] (-) TimerEvent: {}
[4.092115] (-) TimerEvent: {}
[4.193290] (-) TimerEvent: {}
[4.294972] (-) TimerEvent: {}
[4.396206] (-) TimerEvent: {}
[4.497356] (-) TimerEvent: {}
[4.598565] (-) TimerEvent: {}
[4.699652] (-) TimerEvent: {}
[4.800748] (-) TimerEvent: {}
[4.901726] (-) TimerEvent: {}
[5.002746] (-) TimerEvent: {}
[5.103970] (-) TimerEvent: {}
[5.206051] (-) TimerEvent: {}
[5.307749] (-) TimerEvent: {}
[5.409488] (-) TimerEvent: {}
[5.503010] (vesc_msgs) StdoutLine: {'line': b'-- The C compiler identification is GNU 9.4.0\n'}
[5.505803] (vesc_msgs) StdoutLine: {'line': b'-- The CXX compiler identification is GNU 9.4.0\n'}
[5.509060] (vesc_msgs) StdoutLine: {'line': b'-- Check for working C compiler: /usr/bin/cc\n'}
[5.511115] (-) TimerEvent: {}
[5.512402] (vesc_msgs) StdoutLine: {'line': b'-- Check for working C compiler: /usr/bin/cc -- works\n'}
[5.512977] (vesc_msgs) StdoutLine: {'line': b'-- Detecting C compiler ABI info\n'}
[5.513487] (vesc_msgs) StdoutLine: {'line': b'-- Detecting C compiler ABI info - done\n'}
[5.514064] (vesc_msgs) StdoutLine: {'line': b'-- Detecting C compile features\n'}
[5.514565] (vesc_msgs) StdoutLine: {'line': b'-- Detecting C compile features - done\n'}
[5.516134] (vesc_msgs) StdoutLine: {'line': b'-- Check for working CXX compiler: /usr/bin/c++\n'}
[5.516691] (vesc_msgs) StdoutLine: {'line': b'-- Check for working CXX compiler: /usr/bin/c++ -- works\n'}
[5.517097] (vesc_msgs) StdoutLine: {'line': b'-- Detecting CXX compiler ABI info\n'}
[5.519442] (vesc_msgs) StdoutLine: {'line': b'-- Detecting CXX compiler ABI info - done\n'}
[5.519975] (vesc_msgs) StdoutLine: {'line': b'-- Detecting CXX compile features\n'}
[5.520586] (vesc_msgs) StdoutLine: {'line': b'-- Detecting CXX compile features - done\n'}
[5.521007] (vesc_msgs) StdoutLine: {'line': b'-- Found ament_cmake_auto: 0.9.12 (/opt/ros/foxy/share/ament_cmake_auto/cmake)\n'}
[5.522333] (vesc_msgs) StdoutLine: {'line': b'-- Found PythonInterp: /usr/bin/python3 (found suitable version "3.8.10", minimum required is "3") \n'}
[5.522902] (vesc_msgs) StdoutLine: {'line': b'-- Using PYTHON_EXECUTABLE: /usr/bin/python3\n'}
[5.529312] (teleop_tools_msgs) StdoutLine: {'line': b'-- The C compiler identification is GNU 9.4.0\n'}
[5.530364] (teleop_tools_msgs) StdoutLine: {'line': b'-- The CXX compiler identification is GNU 9.4.0\n'}
[5.530854] (teleop_tools_msgs) StdoutLine: {'line': b'-- Check for working C compiler: /usr/bin/cc\n'}
[5.531266] (teleop_tools_msgs) StdoutLine: {'line': b'-- Check for working C compiler: /usr/bin/cc -- works\n'}
[5.531711] (teleop_tools_msgs) StdoutLine: {'line': b'-- Detecting C compiler ABI info\n'}
[5.532121] (teleop_tools_msgs) StdoutLine: {'line': b'-- Detecting C compiler ABI info - done\n'}
[5.532510] (teleop_tools_msgs) StdoutLine: {'line': b'-- Detecting C compile features\n'}
[5.532906] (teleop_tools_msgs) StdoutLine: {'line': b'-- Detecting C compile features - done\n'}
[5.533388] (teleop_tools_msgs) StdoutLine: {'line': b'-- Check for working CXX compiler: /usr/bin/c++\n'}
[5.533759] (teleop_tools_msgs) StdoutLine: {'line': b'-- Check for working CXX compiler: /usr/bin/c++ -- works\n'}
[5.536611] (teleop_tools_msgs) StdoutLine: {'line': b'-- Detecting CXX compiler ABI info\n'}
[5.538413] (teleop_tools_msgs) StdoutLine: {'line': b'-- Detecting CXX compiler ABI info - done\n'}
[5.540800] (teleop_tools_msgs) StdoutLine: {'line': b'-- Detecting CXX compile features\n'}
[5.541525] (teleop_tools_msgs) StdoutLine: {'line': b'-- Detecting CXX compile features - done\n'}
[5.542114] (teleop_tools_msgs) StdoutLine: {'line': b'-- Found ament_cmake: 0.9.12 (/opt/ros/foxy/share/ament_cmake/cmake)\n'}
[5.566922] (teleop_tools_msgs) StdoutLine: {'line': b'-- Found PythonInterp: /usr/bin/python3 (found suitable version "3.8.10", minimum required is "3") \n'}
[5.568087] (teleop_tools_msgs) StdoutLine: {'line': b'-- Using PYTHON_EXECUTABLE: /usr/bin/python3\n'}
[5.568569] (ackermann_mux) StdoutLine: {'line': b'-- The C compiler identification is GNU 9.4.0\n'}
[5.571421] (ackermann_mux) StdoutLine: {'line': b'-- The CXX compiler identification is GNU 9.4.0\n'}
[5.571988] (ackermann_mux) StdoutLine: {'line': b'-- Check for working C compiler: /usr/bin/cc\n'}
[5.578939] (ackermann_mux) StdoutLine: {'line': b'-- Check for working C compiler: /usr/bin/cc -- works\n'}
[5.580542] (ackermann_mux) StdoutLine: {'line': b'-- Detecting C compiler ABI info\n'}
[5.581499] (ackermann_mux) StdoutLine: {'line': b'-- Detecting C compiler ABI info - done\n'}
[5.582291] (ackermann_mux) StdoutLine: {'line': b'-- Detecting C compile features\n'}
[5.582762] (ackermann_mux) StdoutLine: {'line': b'-- Detecting C compile features - done\n'}
[5.583197] (ackermann_mux) StdoutLine: {'line': b'-- Check for working CXX compiler: /usr/bin/c++\n'}
[5.583587] (ackermann_mux) StdoutLine: {'line': b'-- Check for working CXX compiler: /usr/bin/c++ -- works\n'}
[5.584025] (ackermann_mux) StdoutLine: {'line': b'-- Detecting CXX compiler ABI info\n'}
[5.584495] (ackermann_mux) StdoutLine: {'line': b'-- Detecting CXX compiler ABI info - done\n'}
[5.584877] (ackermann_mux) StdoutLine: {'line': b'-- Detecting CXX compile features\n'}
[5.586175] (ackermann_mux) StdoutLine: {'line': b'-- Detecting CXX compile features - done\n'}
[5.587604] (ackermann_mux) StdoutLine: {'line': b'-- Found ament_cmake: 0.9.12 (/opt/ros/foxy/share/ament_cmake/cmake)\n'}
[5.588393] (ackermann_mux) StdoutLine: {'line': b'-- Found PythonInterp: /usr/bin/python3 (found suitable version "3.8.10", minimum required is "3") \n'}
[5.588857] (ackermann_mux) StdoutLine: {'line': b'-- Using PYTHON_EXECUTABLE: /usr/bin/python3\n'}
[5.612656] (-) TimerEvent: {}
[5.699049] (teleop_tools_msgs) StdoutLine: {'line': b'-- Found rosidl_default_generators: 1.0.1 (/opt/ros/foxy/share/rosidl_default_generators/cmake)\n'}
[5.712628] (-) TimerEvent: {}
[5.775465] (teleop_tools_msgs) StdoutLine: {'line': b'-- Using all available rosidl_typesupport_c: rosidl_typesupport_fastrtps_c;rosidl_typesupport_introspection_c\n'}
[5.812943] (-) TimerEvent: {}
[5.863072] (ackermann_mux) StdoutLine: {'line': b'-- Found rclcpp: 2.4.3 (/opt/ros/foxy/share/rclcpp/cmake)\n'}
[5.913150] (-) TimerEvent: {}
[5.968212] (teleop_tools_msgs) StdoutLine: {'line': b'-- Found rosidl_adapter: 1.3.1 (/opt/ros/foxy/share/rosidl_adapter/cmake)\n'}
[6.013364] (-) TimerEvent: {}
[6.114416] (-) TimerEvent: {}
[6.215410] (-) TimerEvent: {}
[6.316406] (-) TimerEvent: {}
[6.417354] (-) TimerEvent: {}
[6.480960] (ackermann_mux) StdoutLine: {'line': b'-- Using all available rosidl_typesupport_c: rosidl_typesupport_fastrtps_c;rosidl_typesupport_introspection_c\n'}
[6.517559] (-) TimerEvent: {}
[6.530350] (vesc_msgs) StdoutLine: {'line': b'-- Using all available rosidl_typesupport_c: rosidl_typesupport_fastrtps_c;rosidl_typesupport_introspection_c\n'}
[6.558879] (ackermann_mux) StdoutLine: {'line': b'-- Found rosidl_adapter: 1.3.1 (/opt/ros/foxy/share/rosidl_adapter/cmake)\n'}
[6.597557] (vesc_msgs) StdoutLine: {'line': b'-- Found rosidl_adapter: 1.3.1 (/opt/ros/foxy/share/rosidl_adapter/cmake)\n'}
[6.617782] (-) TimerEvent: {}
[6.718951] (-) TimerEvent: {}
[6.819962] (-) TimerEvent: {}
[6.921015] (-) TimerEvent: {}
[7.022099] (-) TimerEvent: {}
[7.123137] (-) TimerEvent: {}
[7.224194] (-) TimerEvent: {}
[7.325231] (-) TimerEvent: {}
[7.426638] (-) TimerEvent: {}
[7.468896] (teleop_tools_msgs) StdoutLine: {'line': b'-- Found OpenSSL: /usr/lib/aarch64-linux-gnu/libcrypto.so (found version "1.1.1f")  \n'}
[7.510203] (ackermann_mux) StdoutLine: {'line': b'-- Found OpenSSL: /usr/lib/aarch64-linux-gnu/libcrypto.so (found version "1.1.1f")  \n'}
[7.526898] (-) TimerEvent: {}
[7.628217] (-) TimerEvent: {}
[7.662479] (vesc_msgs) StdoutLine: {'line': b'-- Found OpenSSL: /usr/lib/aarch64-linux-gnu/libcrypto.so (found version "1.1.1f")  \n'}
[7.728434] (-) TimerEvent: {}
[7.731963] (ackermann_mux) StdoutLine: {'line': b'-- Found FastRTPS: /opt/ros/foxy/include  \n'}
[7.760959] (teleop_tools_msgs) StdoutLine: {'line': b'-- Found FastRTPS: /opt/ros/foxy/include  \n'}
[7.828643] (-) TimerEvent: {}
[7.929626] (-) TimerEvent: {}
[7.991405] (vesc_msgs) StdoutLine: {'line': b'-- Found FastRTPS: /opt/ros/foxy/include  \n'}
[8.029824] (-) TimerEvent: {}
[8.130884] (-) TimerEvent: {}
[8.231870] (-) TimerEvent: {}
[8.332854] (-) TimerEvent: {}
[8.433850] (-) TimerEvent: {}
[8.434953] (ackermann_mux) StdoutLine: {'line': b'-- Using all available rosidl_typesupport_cpp: rosidl_typesupport_fastrtps_cpp;rosidl_typesupport_introspection_cpp\n'}
[8.534102] (-) TimerEvent: {}
[8.558206] (teleop_tools_msgs) StdoutLine: {'line': b'-- Using all available rosidl_typesupport_cpp: rosidl_typesupport_fastrtps_cpp;rosidl_typesupport_introspection_cpp\n'}
[8.634430] (-) TimerEvent: {}
[8.735475] (-) TimerEvent: {}
[8.754919] (vesc_msgs) StdoutLine: {'line': b'-- Using all available rosidl_typesupport_cpp: rosidl_typesupport_fastrtps_cpp;rosidl_typesupport_introspection_cpp\n'}
[8.835763] (-) TimerEvent: {}
[8.856020] (teleop_tools_msgs) StdoutLine: {'line': b'-- Found ament_lint_auto: 0.9.8 (/opt/ros/foxy/share/ament_lint_auto/cmake)\n'}
[8.935566] (ackermann_mux) StdoutLine: {'line': b'-- Found rmw_implementation_cmake: 1.0.4 (/opt/ros/foxy/share/rmw_implementation_cmake/cmake)\n'}
[8.936398] (-) TimerEvent: {}
[8.952289] (ackermann_mux) StdoutLine: {'line': b"-- Using RMW implementation 'rmw_fastrtps_cpp' as default\n"}
[8.958109] (ackermann_mux) StdoutLine: {'line': b'-- Looking for pthread.h\n'}
[8.971549] (mapping) Command: {'cmd': ['/usr/bin/python3', '-W', 'ignore:setup.py install is deprecated', 'setup.py', 'egg_info', '--egg-base', '../../build/mapping', 'build', '--build-base', '/home/nvidia/f1tenth_ws/build/mapping/build', 'install', '--record', '/home/nvidia/f1tenth_ws/build/mapping/install.log', '--install-scripts', '$base/lib/mapping', '--single-version-externally-managed', 'install_data'], 'cwd': '/home/nvidia/f1tenth_ws/src/mapping', 'env': {'LESSOPEN': '| /usr/bin/lesspipe %s', 'USER': 'nvidia', 'SSH_AGENT_PID': '3963', 'XDG_SESSION_TYPE': 'x11', 'SHLVL': '1', 'LD_LIBRARY_PATH': '//home/nvidia/f1tenth_ws/install/vesc_driver/lib://home/nvidia/f1tenth_ws/install/vesc_ackermann/lib://home/nvidia/f1tenth_ws/install/vesc_msgs/lib://home/nvidia/f1tenth_ws/install/teleop_tools_msgs/lib:/usr/lib/aarch64-linux-gnu/gazebo-11/plugins:/opt/ros/foxy/opt/yaml_cpp_vendor/lib:/opt/ros/foxy/opt/rviz_ogre_vendor/lib:/opt/ros/foxy/lib/aarch64-linux-gnu:/opt/ros/foxy/lib:/usr/local/cuda-11.4/lib64:', 'HOME': '/home/nvidia', 'OLDPWD': '/home/nvidia', 'DESKTOP_SESSION': 'ubuntu', 'ROS_PYTHON_VERSION': '3', 'GNOME_SHELL_SESSION_MODE': 'ubuntu', 'GTK_MODULES': 'gail:atk-bridge', 'MANAGERPID': '3863', 'DBUS_SESSION_BUS_ADDRESS': 'unix:path=/run/user/1000/bus', 'COLORTERM': 'truecolor', 'TERMINATOR_DBUS_NAME': 'net.tenshu.Terminator23558193cd9818af7fe4d2c2f5bd9d00f', 'GIO_LAUNCHED_DESKTOP_FILE_PID': '4619', 'IM_CONFIG_PHASE': '1', 'COLCON_PREFIX_PATH': '//home/nvidia/f1tenth_ws/install', 'ROS_DISTRO': 'foxy', 'LOGNAME': 'nvidia', 'JOURNAL_STREAM': '8:70019', '_': '/usr/bin/colcon', 'ROS_VERSION': '2', 'XDG_SESSION_CLASS': 'user', 'USERNAME': 'nvidia', 'TERM': 'xterm-256color', 'GAZEBO_MODEL_PATH': ':/opt/ros/foxy/share/turtlebot3_gazebo/models', 'GNOME_DESKTOP_SESSION_ID': 'this-is-deprecated', 'ROS_LOCALHOST_ONLY': '0', 'WINDOWPATH': '2', 'PATH': '//home/nvidia/f1tenth_ws/install/range_lib/bin:/opt/ros/foxy/bin:/usr/local/cuda-11.4/bin:/home/nvidia/.local/bin:/usr/local/sbin:/usr/local/bin:/usr/sbin:/usr/bin:/sbin:/bin:/usr/games:/usr/local/games:/snap/bin', 'SESSION_MANAGER': 'local/ubuntu:@/tmp/.ICE-unix/4000,unix/ubuntu:/tmp/.ICE-unix/4000', 'INVOCATION_ID': 'f345853a86154e6d9c622f5fbfdc1ac4', 'XDG_MENU_PREFIX': 'gnome-', 'XDG_RUNTIME_DIR': '/run/user/1000', 'DISPLAY': ':1', 'TERMINATOR_DBUS_PATH': '/net/tenshu/Terminator2', 'LANG': 'en_US.UTF-8', 'XDG_CURRENT_DESKTOP': 'ubuntu:GNOME', 'XMODIFIERS': '@im=ibus', 'XDG_SESSION_DESKTOP': 'ubuntu', 'XAUTHORITY': '/run/user/1000/gdm/Xauthority', 'LS_COLORS': 'rs=0:di=01;34:ln=01;36:mh=00:pi=40;33:so=01;35:do=01;35:bd=40;33;01:cd=40;33;01:or=40;31;01:mi=00:su=37;41:sg=30;43:ca=30;41:tw=30;42:ow=34;42:st=37;44:ex=01;32:*.tar=01;31:*.tgz=01;31:*.arc=01;31:*.arj=01;31:*.taz=01;31:*.lha=01;31:*.lz4=01;31:*.lzh=01;31:*.lzma=01;31:*.tlz=01;31:*.txz=01;31:*.tzo=01;31:*.t7z=01;31:*.zip=01;31:*.z=01;31:*.dz=01;31:*.gz=01;31:*.lrz=01;31:*.lz=01;31:*.lzo=01;31:*.xz=01;31:*.zst=01;31:*.tzst=01;31:*.bz2=01;31:*.bz=01;31:*.tbz=01;31:*.tbz2=01;31:*.tz=01;31:*.deb=01;31:*.rpm=01;31:*.jar=01;31:*.war=01;31:*.ear=01;31:*.sar=01;31:*.rar=01;31:*.alz=01;31:*.ace=01;31:*.zoo=01;31:*.cpio=01;31:*.7z=01;31:*.rz=01;31:*.cab=01;31:*.wim=01;31:*.swm=01;31:*.dwm=01;31:*.esd=01;31:*.jpg=01;35:*.jpeg=01;35:*.mjpg=01;35:*.mjpeg=01;35:*.gif=01;35:*.bmp=01;35:*.pbm=01;35:*.pgm=01;35:*.ppm=01;35:*.tga=01;35:*.xbm=01;35:*.xpm=01;35:*.tif=01;35:*.tiff=01;35:*.png=01;35:*.svg=01;35:*.svgz=01;35:*.mng=01;35:*.pcx=01;35:*.mov=01;35:*.mpg=01;35:*.mpeg=01;35:*.m2v=01;35:*.mkv=01;35:*.webm=01;35:*.ogm=01;35:*.mp4=01;35:*.m4v=01;35:*.mp4v=01;35:*.vob=01;35:*.qt=01;35:*.nuv=01;35:*.wmv=01;35:*.asf=01;35:*.rm=01;35:*.rmvb=01;35:*.flc=01;35:*.avi=01;35:*.fli=01;35:*.flv=01;35:*.gl=01;35:*.dl=01;35:*.xcf=01;35:*.xwd=01;35:*.yuv=01;35:*.cgm=01;35:*.emf=01;35:*.ogv=01;35:*.ogx=01;35:*.aac=00;36:*.au=00;36:*.flac=00;36:*.m4a=00;36:*.mid=00;36:*.midi=00;36:*.mka=00;36:*.mp3=00;36:*.mpc=00;36:*.ogg=00;36:*.ra=00;36:*.wav=00;36:*.oga=00;36:*.opus=00;36:*.spx=00;36:*.xspf=00;36:', 'SSH_AUTH_SOCK': '/run/user/1000/keyring/ssh', 'ROS_DOMAIN_ID': '10', 'AMENT_PREFIX_PATH': '//home/nvidia/f1tenth_ws/install/f1tenth_stack://home/nvidia/f1tenth_ws/install/vesc://home/nvidia/f1tenth_ws/install/vesc_driver://home/nvidia/f1tenth_ws/install/vesc_ackermann://home/nvidia/f1tenth_ws/install/vesc_msgs://home/nvidia/f1tenth_ws/install/teleop_tools://home/nvidia/f1tenth_ws/install/joy_teleop://home/nvidia/f1tenth_ws/install/teleop_tools_msgs://home/nvidia/f1tenth_ws/install/phasespace://home/nvidia/f1tenth_ws/install/particle_filter://home/nvidia/f1tenth_ws/install/new_map_saver://home/nvidia/f1tenth_ws/install/mouse_teleop://home/nvidia/f1tenth_ws/install/mapping://home/nvidia/f1tenth_ws/install/key_teleop://home/nvidia/f1tenth_ws/install/f1tenth_controllers://home/nvidia/f1tenth_ws/install/ackermann_mux:/opt/ros/foxy', 'SHELL': '/bin/bash', 'TERMINATOR_UUID': 'urn:uuid:3f2a181a-16ef-4091-b349-7c01a0bf8815', 'QT_ACCESSIBILITY': '1', 'GDMSESSION': 'ubuntu', 'LESSCLOSE': '/usr/bin/lesspipe %s %s', 'GPG_AGENT_INFO': '/run/user/1000/gnupg/S.gpg-agent:0:1', 'QT_IM_MODULE': 'ibus', 'PWD': '/home/nvidia/f1tenth_ws/build/mapping', 'TURTLEBOT3_MODEL': 'waffle', 'LC_ALL': 'en_US.UTF-8', 'XDG_CONFIG_DIRS': '/etc/xdg/xdg-ubuntu:/etc/xdg', 'XDG_DATA_DIRS': '/usr/share/ubuntu:/usr/local/share/:/usr/share/:/var/lib/snapd/desktop', 'PYTHONPATH': '/home/nvidia/f1tenth_ws/build/mapping/prefix_override:/usr/lib/python3/dist-packages/colcon_core/task/python/colcon_distutils_commands:/home/nvidia/f1tenth_ws/install/mapping/lib/python3.8/site-packages://home/nvidia/f1tenth_ws/install/f1tenth_stack/lib/python3.8/site-packages://home/nvidia/f1tenth_ws/install/vesc_msgs/lib/python3.8/site-packages://home/nvidia/f1tenth_ws/install/joy_teleop/lib/python3.8/site-packages://home/nvidia/f1tenth_ws/install/teleop_tools_msgs/lib/python3.8/site-packages://home/nvidia/f1tenth_ws/install/phasespace/lib/python3.8/site-packages://home/nvidia/f1tenth_ws/install/particle_filter/lib/python3.8/site-packages://home/nvidia/f1tenth_ws/install/new_map_saver/lib/python3.8/site-packages://home/nvidia/f1tenth_ws/install/mouse_teleop/lib/python3.8/site-packages://home/nvidia/f1tenth_ws/install/mapping/lib/python3.8/site-packages://home/nvidia/f1tenth_ws/install/key_teleop/lib/python3.8/site-packages://home/nvidia/f1tenth_ws/install/f1tenth_controllers/lib/python3.8/site-packages:/opt/ros/foxy/lib/python3.8/site-packages', 'COLCON': '1', 'VTE_VERSION': '6003', 'CMAKE_PREFIX_PATH': '//home/nvidia/f1tenth_ws/install/vesc://home/nvidia/f1tenth_ws/install/vesc_driver://home/nvidia/f1tenth_ws/install/vesc_ackermann://home/nvidia/f1tenth_ws/install/vesc_msgs://home/nvidia/f1tenth_ws/install/teleop_tools://home/nvidia/f1tenth_ws/install/teleop_tools_msgs://home/nvidia/f1tenth_ws/install/range_lib://home/nvidia/f1tenth_ws/install/ackermann_mux'}, 'shell': False}
[9.031523] (f1tenth_controllers) Command: {'cmd': ['/usr/bin/python3', '-W', 'ignore:setup.py install is deprecated', 'setup.py', 'egg_info', '--egg-base', '../../build/f1tenth_controllers', 'build', '--build-base', '/home/nvidia/f1tenth_ws/build/f1tenth_controllers/build', 'install', '--record', '/home/nvidia/f1tenth_ws/build/f1tenth_controllers/install.log', '--install-scripts', '$base/lib/f1tenth_controllers', '--single-version-externally-managed', 'install_data'], 'cwd': '/home/nvidia/f1tenth_ws/src/f1tenth_controllers', 'env': {'LESSOPEN': '| /usr/bin/lesspipe %s', 'USER': 'nvidia', 'SSH_AGENT_PID': '3963', 'XDG_SESSION_TYPE': 'x11', 'SHLVL': '1', 'LD_LIBRARY_PATH': '//home/nvidia/f1tenth_ws/install/vesc_driver/lib://home/nvidia/f1tenth_ws/install/vesc_ackermann/lib://home/nvidia/f1tenth_ws/install/vesc_msgs/lib://home/nvidia/f1tenth_ws/install/teleop_tools_msgs/lib:/usr/lib/aarch64-linux-gnu/gazebo-11/plugins:/opt/ros/foxy/opt/yaml_cpp_vendor/lib:/opt/ros/foxy/opt/rviz_ogre_vendor/lib:/opt/ros/foxy/lib/aarch64-linux-gnu:/opt/ros/foxy/lib:/usr/local/cuda-11.4/lib64:', 'HOME': '/home/nvidia', 'OLDPWD': '/home/nvidia', 'DESKTOP_SESSION': 'ubuntu', 'ROS_PYTHON_VERSION': '3', 'GNOME_SHELL_SESSION_MODE': 'ubuntu', 'GTK_MODULES': 'gail:atk-bridge', 'MANAGERPID': '3863', 'DBUS_SESSION_BUS_ADDRESS': 'unix:path=/run/user/1000/bus', 'COLORTERM': 'truecolor', 'TERMINATOR_DBUS_NAME': 'net.tenshu.Terminator23558193cd9818af7fe4d2c2f5bd9d00f', 'GIO_LAUNCHED_DESKTOP_FILE_PID': '4619', 'IM_CONFIG_PHASE': '1', 'COLCON_PREFIX_PATH': '//home/nvidia/f1tenth_ws/install', 'ROS_DISTRO': 'foxy', 'LOGNAME': 'nvidia', 'JOURNAL_STREAM': '8:70019', '_': '/usr/bin/colcon', 'ROS_VERSION': '2', 'XDG_SESSION_CLASS': 'user', 'USERNAME': 'nvidia', 'TERM': 'xterm-256color', 'GAZEBO_MODEL_PATH': ':/opt/ros/foxy/share/turtlebot3_gazebo/models', 'GNOME_DESKTOP_SESSION_ID': 'this-is-deprecated', 'ROS_LOCALHOST_ONLY': '0', 'WINDOWPATH': '2', 'PATH': '//home/nvidia/f1tenth_ws/install/range_lib/bin:/opt/ros/foxy/bin:/usr/local/cuda-11.4/bin:/home/nvidia/.local/bin:/usr/local/sbin:/usr/local/bin:/usr/sbin:/usr/bin:/sbin:/bin:/usr/games:/usr/local/games:/snap/bin', 'SESSION_MANAGER': 'local/ubuntu:@/tmp/.ICE-unix/4000,unix/ubuntu:/tmp/.ICE-unix/4000', 'INVOCATION_ID': 'f345853a86154e6d9c622f5fbfdc1ac4', 'XDG_MENU_PREFIX': 'gnome-', 'XDG_RUNTIME_DIR': '/run/user/1000', 'DISPLAY': ':1', 'TERMINATOR_DBUS_PATH': '/net/tenshu/Terminator2', 'LANG': 'en_US.UTF-8', 'XDG_CURRENT_DESKTOP': 'ubuntu:GNOME', 'XMODIFIERS': '@im=ibus', 'XDG_SESSION_DESKTOP': 'ubuntu', 'XAUTHORITY': '/run/user/1000/gdm/Xauthority', 'LS_COLORS': 'rs=0:di=01;34:ln=01;36:mh=00:pi=40;33:so=01;35:do=01;35:bd=40;33;01:cd=40;33;01:or=40;31;01:mi=00:su=37;41:sg=30;43:ca=30;41:tw=30;42:ow=34;42:st=37;44:ex=01;32:*.tar=01;31:*.tgz=01;31:*.arc=01;31:*.arj=01;31:*.taz=01;31:*.lha=01;31:*.lz4=01;31:*.lzh=01;31:*.lzma=01;31:*.tlz=01;31:*.txz=01;31:*.tzo=01;31:*.t7z=01;31:*.zip=01;31:*.z=01;31:*.dz=01;31:*.gz=01;31:*.lrz=01;31:*.lz=01;31:*.lzo=01;31:*.xz=01;31:*.zst=01;31:*.tzst=01;31:*.bz2=01;31:*.bz=01;31:*.tbz=01;31:*.tbz2=01;31:*.tz=01;31:*.deb=01;31:*.rpm=01;31:*.jar=01;31:*.war=01;31:*.ear=01;31:*.sar=01;31:*.rar=01;31:*.alz=01;31:*.ace=01;31:*.zoo=01;31:*.cpio=01;31:*.7z=01;31:*.rz=01;31:*.cab=01;31:*.wim=01;31:*.swm=01;31:*.dwm=01;31:*.esd=01;31:*.jpg=01;35:*.jpeg=01;35:*.mjpg=01;35:*.mjpeg=01;35:*.gif=01;35:*.bmp=01;35:*.pbm=01;35:*.pgm=01;35:*.ppm=01;35:*.tga=01;35:*.xbm=01;35:*.xpm=01;35:*.tif=01;35:*.tiff=01;35:*.png=01;35:*.svg=01;35:*.svgz=01;35:*.mng=01;35:*.pcx=01;35:*.mov=01;35:*.mpg=01;35:*.mpeg=01;35:*.m2v=01;35:*.mkv=01;35:*.webm=01;35:*.ogm=01;35:*.mp4=01;35:*.m4v=01;35:*.mp4v=01;35:*.vob=01;35:*.qt=01;35:*.nuv=01;35:*.wmv=01;35:*.asf=01;35:*.rm=01;35:*.rmvb=01;35:*.flc=01;35:*.avi=01;35:*.fli=01;35:*.flv=01;35:*.gl=01;35:*.dl=01;35:*.xcf=01;35:*.xwd=01;35:*.yuv=01;35:*.cgm=01;35:*.emf=01;35:*.ogv=01;35:*.ogx=01;35:*.aac=00;36:*.au=00;36:*.flac=00;36:*.m4a=00;36:*.mid=00;36:*.midi=00;36:*.mka=00;36:*.mp3=00;36:*.mpc=00;36:*.ogg=00;36:*.ra=00;36:*.wav=00;36:*.oga=00;36:*.opus=00;36:*.spx=00;36:*.xspf=00;36:', 'SSH_AUTH_SOCK': '/run/user/1000/keyring/ssh', 'ROS_DOMAIN_ID': '10', 'AMENT_PREFIX_PATH': '//home/nvidia/f1tenth_ws/install/f1tenth_stack://home/nvidia/f1tenth_ws/install/vesc://home/nvidia/f1tenth_ws/install/vesc_driver://home/nvidia/f1tenth_ws/install/vesc_ackermann://home/nvidia/f1tenth_ws/install/vesc_msgs://home/nvidia/f1tenth_ws/install/teleop_tools://home/nvidia/f1tenth_ws/install/joy_teleop://home/nvidia/f1tenth_ws/install/teleop_tools_msgs://home/nvidia/f1tenth_ws/install/phasespace://home/nvidia/f1tenth_ws/install/particle_filter://home/nvidia/f1tenth_ws/install/new_map_saver://home/nvidia/f1tenth_ws/install/mouse_teleop://home/nvidia/f1tenth_ws/install/mapping://home/nvidia/f1tenth_ws/install/key_teleop://home/nvidia/f1tenth_ws/install/f1tenth_controllers://home/nvidia/f1tenth_ws/install/ackermann_mux:/opt/ros/foxy', 'SHELL': '/bin/bash', 'TERMINATOR_UUID': 'urn:uuid:3f2a181a-16ef-4091-b349-7c01a0bf8815', 'QT_ACCESSIBILITY': '1', 'GDMSESSION': 'ubuntu', 'LESSCLOSE': '/usr/bin/lesspipe %s %s', 'GPG_AGENT_INFO': '/run/user/1000/gnupg/S.gpg-agent:0:1', 'QT_IM_MODULE': 'ibus', 'PWD': '/home/nvidia/f1tenth_ws/build/f1tenth_controllers', 'TURTLEBOT3_MODEL': 'waffle', 'LC_ALL': 'en_US.UTF-8', 'XDG_CONFIG_DIRS': '/etc/xdg/xdg-ubuntu:/etc/xdg', 'XDG_DATA_DIRS': '/usr/share/ubuntu:/usr/local/share/:/usr/share/:/var/lib/snapd/desktop', 'PYTHONPATH': '/home/nvidia/f1tenth_ws/build/f1tenth_controllers/prefix_override:/usr/lib/python3/dist-packages/colcon_core/task/python/colcon_distutils_commands:/home/nvidia/f1tenth_ws/install/f1tenth_controllers/lib/python3.8/site-packages://home/nvidia/f1tenth_ws/install/f1tenth_stack/lib/python3.8/site-packages://home/nvidia/f1tenth_ws/install/vesc_msgs/lib/python3.8/site-packages://home/nvidia/f1tenth_ws/install/joy_teleop/lib/python3.8/site-packages://home/nvidia/f1tenth_ws/install/teleop_tools_msgs/lib/python3.8/site-packages://home/nvidia/f1tenth_ws/install/phasespace/lib/python3.8/site-packages://home/nvidia/f1tenth_ws/install/particle_filter/lib/python3.8/site-packages://home/nvidia/f1tenth_ws/install/new_map_saver/lib/python3.8/site-packages://home/nvidia/f1tenth_ws/install/mouse_teleop/lib/python3.8/site-packages://home/nvidia/f1tenth_ws/install/mapping/lib/python3.8/site-packages://home/nvidia/f1tenth_ws/install/key_teleop/lib/python3.8/site-packages://home/nvidia/f1tenth_ws/install/f1tenth_controllers/lib/python3.8/site-packages:/opt/ros/foxy/lib/python3.8/site-packages', 'COLCON': '1', 'VTE_VERSION': '6003', 'CMAKE_PREFIX_PATH': '//home/nvidia/f1tenth_ws/install/vesc://home/nvidia/f1tenth_ws/install/vesc_driver://home/nvidia/f1tenth_ws/install/vesc_ackermann://home/nvidia/f1tenth_ws/install/vesc_msgs://home/nvidia/f1tenth_ws/install/teleop_tools://home/nvidia/f1tenth_ws/install/teleop_tools_msgs://home/nvidia/f1tenth_ws/install/range_lib://home/nvidia/f1tenth_ws/install/ackermann_mux'}, 'shell': False}
[9.040749] (-) TimerEvent: {}
[9.104331] (key_teleop) Command: {'cmd': ['/usr/bin/python3', '-W', 'ignore:setup.py install is deprecated', 'setup.py', 'egg_info', '--egg-base', '../../../../build/key_teleop', 'build', '--build-base', '/home/nvidia/f1tenth_ws/build/key_teleop/build', 'install', '--record', '/home/nvidia/f1tenth_ws/build/key_teleop/install.log', '--install-scripts', '$base/lib/key_teleop', '--single-version-externally-managed', 'install_data'], 'cwd': '/home/nvidia/f1tenth_ws/src/f1tenth_system/teleop_tools/key_teleop', 'env': {'LESSOPEN': '| /usr/bin/lesspipe %s', 'USER': 'nvidia', 'SSH_AGENT_PID': '3963', 'XDG_SESSION_TYPE': 'x11', 'SHLVL': '1', 'LD_LIBRARY_PATH': '//home/nvidia/f1tenth_ws/install/vesc_driver/lib://home/nvidia/f1tenth_ws/install/vesc_ackermann/lib://home/nvidia/f1tenth_ws/install/vesc_msgs/lib://home/nvidia/f1tenth_ws/install/teleop_tools_msgs/lib:/usr/lib/aarch64-linux-gnu/gazebo-11/plugins:/opt/ros/foxy/opt/yaml_cpp_vendor/lib:/opt/ros/foxy/opt/rviz_ogre_vendor/lib:/opt/ros/foxy/lib/aarch64-linux-gnu:/opt/ros/foxy/lib:/usr/local/cuda-11.4/lib64:', 'HOME': '/home/nvidia', 'OLDPWD': '/home/nvidia', 'DESKTOP_SESSION': 'ubuntu', 'ROS_PYTHON_VERSION': '3', 'GNOME_SHELL_SESSION_MODE': 'ubuntu', 'GTK_MODULES': 'gail:atk-bridge', 'MANAGERPID': '3863', 'DBUS_SESSION_BUS_ADDRESS': 'unix:path=/run/user/1000/bus', 'COLORTERM': 'truecolor', 'TERMINATOR_DBUS_NAME': 'net.tenshu.Terminator23558193cd9818af7fe4d2c2f5bd9d00f', 'GIO_LAUNCHED_DESKTOP_FILE_PID': '4619', 'IM_CONFIG_PHASE': '1', 'COLCON_PREFIX_PATH': '//home/nvidia/f1tenth_ws/install', 'ROS_DISTRO': 'foxy', 'LOGNAME': 'nvidia', 'JOURNAL_STREAM': '8:70019', '_': '/usr/bin/colcon', 'ROS_VERSION': '2', 'XDG_SESSION_CLASS': 'user', 'USERNAME': 'nvidia', 'TERM': 'xterm-256color', 'GAZEBO_MODEL_PATH': ':/opt/ros/foxy/share/turtlebot3_gazebo/models', 'GNOME_DESKTOP_SESSION_ID': 'this-is-deprecated', 'ROS_LOCALHOST_ONLY': '0', 'WINDOWPATH': '2', 'PATH': '//home/nvidia/f1tenth_ws/install/range_lib/bin:/opt/ros/foxy/bin:/usr/local/cuda-11.4/bin:/home/nvidia/.local/bin:/usr/local/sbin:/usr/local/bin:/usr/sbin:/usr/bin:/sbin:/bin:/usr/games:/usr/local/games:/snap/bin', 'SESSION_MANAGER': 'local/ubuntu:@/tmp/.ICE-unix/4000,unix/ubuntu:/tmp/.ICE-unix/4000', 'INVOCATION_ID': 'f345853a86154e6d9c622f5fbfdc1ac4', 'XDG_MENU_PREFIX': 'gnome-', 'XDG_RUNTIME_DIR': '/run/user/1000', 'DISPLAY': ':1', 'TERMINATOR_DBUS_PATH': '/net/tenshu/Terminator2', 'LANG': 'en_US.UTF-8', 'XDG_CURRENT_DESKTOP': 'ubuntu:GNOME', 'XMODIFIERS': '@im=ibus', 'XDG_SESSION_DESKTOP': 'ubuntu', 'XAUTHORITY': '/run/user/1000/gdm/Xauthority', 'LS_COLORS': 'rs=0:di=01;34:ln=01;36:mh=00:pi=40;33:so=01;35:do=01;35:bd=40;33;01:cd=40;33;01:or=40;31;01:mi=00:su=37;41:sg=30;43:ca=30;41:tw=30;42:ow=34;42:st=37;44:ex=01;32:*.tar=01;31:*.tgz=01;31:*.arc=01;31:*.arj=01;31:*.taz=01;31:*.lha=01;31:*.lz4=01;31:*.lzh=01;31:*.lzma=01;31:*.tlz=01;31:*.txz=01;31:*.tzo=01;31:*.t7z=01;31:*.zip=01;31:*.z=01;31:*.dz=01;31:*.gz=01;31:*.lrz=01;31:*.lz=01;31:*.lzo=01;31:*.xz=01;31:*.zst=01;31:*.tzst=01;31:*.bz2=01;31:*.bz=01;31:*.tbz=01;31:*.tbz2=01;31:*.tz=01;31:*.deb=01;31:*.rpm=01;31:*.jar=01;31:*.war=01;31:*.ear=01;31:*.sar=01;31:*.rar=01;31:*.alz=01;31:*.ace=01;31:*.zoo=01;31:*.cpio=01;31:*.7z=01;31:*.rz=01;31:*.cab=01;31:*.wim=01;31:*.swm=01;31:*.dwm=01;31:*.esd=01;31:*.jpg=01;35:*.jpeg=01;35:*.mjpg=01;35:*.mjpeg=01;35:*.gif=01;35:*.bmp=01;35:*.pbm=01;35:*.pgm=01;35:*.ppm=01;35:*.tga=01;35:*.xbm=01;35:*.xpm=01;35:*.tif=01;35:*.tiff=01;35:*.png=01;35:*.svg=01;35:*.svgz=01;35:*.mng=01;35:*.pcx=01;35:*.mov=01;35:*.mpg=01;35:*.mpeg=01;35:*.m2v=01;35:*.mkv=01;35:*.webm=01;35:*.ogm=01;35:*.mp4=01;35:*.m4v=01;35:*.mp4v=01;35:*.vob=01;35:*.qt=01;35:*.nuv=01;35:*.wmv=01;35:*.asf=01;35:*.rm=01;35:*.rmvb=01;35:*.flc=01;35:*.avi=01;35:*.fli=01;35:*.flv=01;35:*.gl=01;35:*.dl=01;35:*.xcf=01;35:*.xwd=01;35:*.yuv=01;35:*.cgm=01;35:*.emf=01;35:*.ogv=01;35:*.ogx=01;35:*.aac=00;36:*.au=00;36:*.flac=00;36:*.m4a=00;36:*.mid=00;36:*.midi=00;36:*.mka=00;36:*.mp3=00;36:*.mpc=00;36:*.ogg=00;36:*.ra=00;36:*.wav=00;36:*.oga=00;36:*.opus=00;36:*.spx=00;36:*.xspf=00;36:', 'SSH_AUTH_SOCK': '/run/user/1000/keyring/ssh', 'ROS_DOMAIN_ID': '10', 'AMENT_PREFIX_PATH': '//home/nvidia/f1tenth_ws/install/f1tenth_stack://home/nvidia/f1tenth_ws/install/vesc://home/nvidia/f1tenth_ws/install/vesc_driver://home/nvidia/f1tenth_ws/install/vesc_ackermann://home/nvidia/f1tenth_ws/install/vesc_msgs://home/nvidia/f1tenth_ws/install/teleop_tools://home/nvidia/f1tenth_ws/install/joy_teleop://home/nvidia/f1tenth_ws/install/teleop_tools_msgs://home/nvidia/f1tenth_ws/install/phasespace://home/nvidia/f1tenth_ws/install/particle_filter://home/nvidia/f1tenth_ws/install/new_map_saver://home/nvidia/f1tenth_ws/install/mouse_teleop://home/nvidia/f1tenth_ws/install/mapping://home/nvidia/f1tenth_ws/install/key_teleop://home/nvidia/f1tenth_ws/install/f1tenth_controllers://home/nvidia/f1tenth_ws/install/ackermann_mux:/opt/ros/foxy', 'SHELL': '/bin/bash', 'TERMINATOR_UUID': 'urn:uuid:3f2a181a-16ef-4091-b349-7c01a0bf8815', 'QT_ACCESSIBILITY': '1', 'GDMSESSION': 'ubuntu', 'LESSCLOSE': '/usr/bin/lesspipe %s %s', 'GPG_AGENT_INFO': '/run/user/1000/gnupg/S.gpg-agent:0:1', 'QT_IM_MODULE': 'ibus', 'PWD': '/home/nvidia/f1tenth_ws/build/key_teleop', 'TURTLEBOT3_MODEL': 'waffle', 'LC_ALL': 'en_US.UTF-8', 'XDG_CONFIG_DIRS': '/etc/xdg/xdg-ubuntu:/etc/xdg', 'XDG_DATA_DIRS': '/usr/share/ubuntu:/usr/local/share/:/usr/share/:/var/lib/snapd/desktop', 'PYTHONPATH': '/home/nvidia/f1tenth_ws/build/key_teleop/prefix_override:/usr/lib/python3/dist-packages/colcon_core/task/python/colcon_distutils_commands:/home/nvidia/f1tenth_ws/install/key_teleop/lib/python3.8/site-packages://home/nvidia/f1tenth_ws/install/f1tenth_stack/lib/python3.8/site-packages://home/nvidia/f1tenth_ws/install/vesc_msgs/lib/python3.8/site-packages://home/nvidia/f1tenth_ws/install/joy_teleop/lib/python3.8/site-packages://home/nvidia/f1tenth_ws/install/teleop_tools_msgs/lib/python3.8/site-packages://home/nvidia/f1tenth_ws/install/phasespace/lib/python3.8/site-packages://home/nvidia/f1tenth_ws/install/particle_filter/lib/python3.8/site-packages://home/nvidia/f1tenth_ws/install/new_map_saver/lib/python3.8/site-packages://home/nvidia/f1tenth_ws/install/mouse_teleop/lib/python3.8/site-packages://home/nvidia/f1tenth_ws/install/mapping/lib/python3.8/site-packages://home/nvidia/f1tenth_ws/install/key_teleop/lib/python3.8/site-packages://home/nvidia/f1tenth_ws/install/f1tenth_controllers/lib/python3.8/site-packages:/opt/ros/foxy/lib/python3.8/site-packages', 'COLCON': '1', 'VTE_VERSION': '6003', 'CMAKE_PREFIX_PATH': '//home/nvidia/f1tenth_ws/install/vesc://home/nvidia/f1tenth_ws/install/vesc_driver://home/nvidia/f1tenth_ws/install/vesc_ackermann://home/nvidia/f1tenth_ws/install/vesc_msgs://home/nvidia/f1tenth_ws/install/teleop_tools://home/nvidia/f1tenth_ws/install/teleop_tools_msgs://home/nvidia/f1tenth_ws/install/range_lib://home/nvidia/f1tenth_ws/install/ackermann_mux'}, 'shell': False}
[9.142107] (-) TimerEvent: {}
[9.244809] (-) TimerEvent: {}
[9.345828] (-) TimerEvent: {}
[9.447002] (-) TimerEvent: {}
[9.548064] (-) TimerEvent: {}
[9.649051] (-) TimerEvent: {}
[9.750063] (-) TimerEvent: {}
[9.753475] (teleop_tools_msgs) StdoutLine: {'line': b'-- Found PythonInterp: /usr/bin/python3 (found version "3.8.10") \n'}
[9.824207] (ackermann_mux) StdoutLine: {'line': b'-- Looking for pthread.h - found\n'}
[9.825820] (ackermann_mux) StdoutLine: {'line': b'-- Performing Test CMAKE_HAVE_LIBC_PTHREAD\n'}
[9.829210] (vesc_msgs) StdoutLine: {'line': b'-- Found PythonInterp: /usr/bin/python3 (found version "3.8.10") \n'}
[9.850268] (-) TimerEvent: {}
[9.951317] (-) TimerEvent: {}
[10.052330] (-) TimerEvent: {}
[10.153733] (-) TimerEvent: {}
[10.254964] (-) TimerEvent: {}
[10.355942] (-) TimerEvent: {}
[10.456920] (-) TimerEvent: {}
[10.557932] (-) TimerEvent: {}
[10.625799] (ackermann_mux) StdoutLine: {'line': b'-- Performing Test CMAKE_HAVE_LIBC_PTHREAD - Failed\n'}
[10.628745] (ackermann_mux) StdoutLine: {'line': b'-- Looking for pthread_create in pthreads\n'}
[10.658127] (-) TimerEvent: {}
[10.759369] (-) TimerEvent: {}
[10.771024] (mapping) StdoutLine: {'line': b'running egg_info\n'}
[10.775707] (mapping) StdoutLine: {'line': b'creating ../../build/mapping/mapping.egg-info\n'}
[10.776645] (mapping) StdoutLine: {'line': b'writing ../../build/mapping/mapping.egg-info/PKG-INFO\n'}
[10.778268] (mapping) StdoutLine: {'line': b'writing dependency_links to ../../build/mapping/mapping.egg-info/dependency_links.txt\n'}
[10.779091] (mapping) StdoutLine: {'line': b'writing entry points to ../../build/mapping/mapping.egg-info/entry_points.txt\n'}
[10.779759] (mapping) StdoutLine: {'line': b'writing requirements to ../../build/mapping/mapping.egg-info/requires.txt\n'}
[10.780389] (mapping) StdoutLine: {'line': b'writing top-level names to ../../build/mapping/mapping.egg-info/top_level.txt\n'}
[10.800338] (mapping) StdoutLine: {'line': b"writing manifest file '../../build/mapping/mapping.egg-info/SOURCES.txt'\n"}
[10.859685] (-) TimerEvent: {}
[10.960699] (-) TimerEvent: {}
[10.978358] (f1tenth_controllers) StdoutLine: {'line': b'running egg_info\n'}
[10.984076] (f1tenth_controllers) StdoutLine: {'line': b'creating ../../build/f1tenth_controllers/f1tenth_controllers.egg-info\n'}
[10.986253] (f1tenth_controllers) StdoutLine: {'line': b'writing ../../build/f1tenth_controllers/f1tenth_controllers.egg-info/PKG-INFO\n'}
[10.989870] (f1tenth_controllers) StdoutLine: {'line': b'writing dependency_links to ../../build/f1tenth_controllers/f1tenth_controllers.egg-info/dependency_links.txt\n'}
[10.992005] (f1tenth_controllers) StdoutLine: {'line': b'writing entry points to ../../build/f1tenth_controllers/f1tenth_controllers.egg-info/entry_points.txt\n'}
[10.993922] (f1tenth_controllers) StdoutLine: {'line': b'writing requirements to ../../build/f1tenth_controllers/f1tenth_controllers.egg-info/requires.txt\n'}
[10.995459] (f1tenth_controllers) StdoutLine: {'line': b'writing top-level names to ../../build/f1tenth_controllers/f1tenth_controllers.egg-info/top_level.txt\n'}
[11.004798] (f1tenth_controllers) StdoutLine: {'line': b"writing manifest file '../../build/f1tenth_controllers/f1tenth_controllers.egg-info/SOURCES.txt'\n"}
[11.060101] (mapping) StdoutLine: {'line': b"reading manifest file '../../build/mapping/mapping.egg-info/SOURCES.txt'\n"}
[11.062055] (-) TimerEvent: {}
[11.065659] (mapping) StdoutLine: {'line': b"writing manifest file '../../build/mapping/mapping.egg-info/SOURCES.txt'\n"}
[11.066928] (mapping) StdoutLine: {'line': b'running build\n'}
[11.067922] (mapping) StdoutLine: {'line': b'running build_py\n'}
[11.084672] (mapping) StdoutLine: {'line': b'creating /home/nvidia/f1tenth_ws/build/mapping/build\n'}
[11.085713] (mapping) StdoutLine: {'line': b'creating /home/nvidia/f1tenth_ws/build/mapping/build/lib\n'}
[11.086720] (mapping) StdoutLine: {'line': b'creating /home/nvidia/f1tenth_ws/build/mapping/build/lib/mapping\n'}
[11.087286] (mapping) StdoutLine: {'line': b'copying mapping/local_mapping_gradient.py -> /home/nvidia/f1tenth_ws/build/mapping/build/lib/mapping\n'}
[11.089991] (mapping) StdoutLine: {'line': b'copying mapping/local_mapping.py -> /home/nvidia/f1tenth_ws/build/mapping/build/lib/mapping\n'}
[11.096583] (mapping) StdoutLine: {'line': b'copying mapping/__init__.py -> /home/nvidia/f1tenth_ws/build/mapping/build/lib/mapping\n'}
[11.097658] (mapping) StdoutLine: {'line': b'running install\n'}
[11.102133] (mapping) StdoutLine: {'line': b'running install_lib\n'}
[11.112104] (mapping) StdoutLine: {'line': b'creating /home/nvidia/f1tenth_ws/install/mapping/lib/python3.8/site-packages/mapping\n'}
[11.113329] (teleop_tools_msgs) StdoutLine: {'line': b'-- Found ament_cmake_ros: 0.9.2 (/opt/ros/foxy/share/ament_cmake_ros/cmake)\n'}
[11.113976] (mapping) StdoutLine: {'line': b'copying /home/nvidia/f1tenth_ws/build/mapping/build/lib/mapping/local_mapping_gradient.py -> /home/nvidia/f1tenth_ws/install/mapping/lib/python3.8/site-packages/mapping\n'}
[11.114749] (mapping) StdoutLine: {'line': b'copying /home/nvidia/f1tenth_ws/build/mapping/build/lib/mapping/local_mapping.py -> /home/nvidia/f1tenth_ws/install/mapping/lib/python3.8/site-packages/mapping\n'}
[11.115422] (mapping) StdoutLine: {'line': b'copying /home/nvidia/f1tenth_ws/build/mapping/build/lib/mapping/__init__.py -> /home/nvidia/f1tenth_ws/install/mapping/lib/python3.8/site-packages/mapping\n'}
[11.119178] (mapping) StdoutLine: {'line': b'byte-compiling /home/nvidia/f1tenth_ws/install/mapping/lib/python3.8/site-packages/mapping/local_mapping_gradient.py to local_mapping_gradient.cpython-38.pyc\n'}
[11.137183] (mapping) StdoutLine: {'line': b'byte-compiling /home/nvidia/f1tenth_ws/install/mapping/lib/python3.8/site-packages/mapping/local_mapping.py to local_mapping.cpython-38.pyc\n'}
[11.143843] (mapping) StdoutLine: {'line': b'byte-compiling /home/nvidia/f1tenth_ws/install/mapping/lib/python3.8/site-packages/mapping/__init__.py to __init__.cpython-38.pyc\n'}
[11.145028] (mapping) StdoutLine: {'line': b'running install_data\n'}
[11.145870] (mapping) StdoutLine: {'line': b'creating /home/nvidia/f1tenth_ws/install/mapping/share/ament_index\n'}
[11.146645] (mapping) StdoutLine: {'line': b'creating /home/nvidia/f1tenth_ws/install/mapping/share/ament_index/resource_index\n'}
[11.147163] (mapping) StdoutLine: {'line': b'creating /home/nvidia/f1tenth_ws/install/mapping/share/ament_index/resource_index/packages\n'}
[11.147984] (mapping) StdoutLine: {'line': b'copying resource/mapping -> /home/nvidia/f1tenth_ws/install/mapping/share/ament_index/resource_index/packages\n'}
[11.151871] (mapping) StdoutLine: {'line': b'copying package.xml -> /home/nvidia/f1tenth_ws/install/mapping/share/mapping\n'}
[11.152786] (mapping) StdoutLine: {'line': b'running install_egg_info\n'}
[11.162278] (-) TimerEvent: {}
[11.164816] (mapping) StdoutLine: {'line': b'Copying ../../build/mapping/mapping.egg-info to /home/nvidia/f1tenth_ws/install/mapping/lib/python3.8/site-packages/mapping-0.0.0-py3.8.egg-info\n'}
[11.176720] (mapping) StdoutLine: {'line': b'running install_scripts\n'}
[11.257118] (ackermann_mux) StdoutLine: {'line': b'-- Looking for pthread_create in pthreads - not found\n'}
[11.259452] (ackermann_mux) StdoutLine: {'line': b'-- Looking for pthread_create in pthread\n'}
[11.262480] (-) TimerEvent: {}
[11.272023] (f1tenth_controllers) StdoutLine: {'line': b"reading manifest file '../../build/f1tenth_controllers/f1tenth_controllers.egg-info/SOURCES.txt'\n"}
[11.278778] (f1tenth_controllers) StdoutLine: {'line': b"writing manifest file '../../build/f1tenth_controllers/f1tenth_controllers.egg-info/SOURCES.txt'\n"}
[11.279746] (f1tenth_controllers) StdoutLine: {'line': b'running build\n'}
[11.280293] (f1tenth_controllers) StdoutLine: {'line': b'running build_py\n'}
[11.280997] (f1tenth_controllers) StdoutLine: {'line': b'creating /home/nvidia/f1tenth_ws/build/f1tenth_controllers/build\n'}
[11.281484] (f1tenth_controllers) StdoutLine: {'line': b'creating /home/nvidia/f1tenth_ws/build/f1tenth_controllers/build/lib\n'}
[11.282029] (f1tenth_controllers) StdoutLine: {'line': b'creating /home/nvidia/f1tenth_ws/build/f1tenth_controllers/build/lib/f1tenth_controllers\n'}
[11.282701] (f1tenth_controllers) StdoutLine: {'line': b'copying f1tenth_controllers/__init__.py -> /home/nvidia/f1tenth_ws/build/f1tenth_controllers/build/lib/f1tenth_controllers\n'}
[11.283436] (f1tenth_controllers) StdoutLine: {'line': b'copying f1tenth_controllers/follow_the_gap_node.py -> /home/nvidia/f1tenth_ws/build/f1tenth_controllers/build/lib/f1tenth_controllers\n'}
[11.296174] (f1tenth_controllers) StdoutLine: {'line': b'running install\n'}
[11.301574] (f1tenth_controllers) StdoutLine: {'line': b'running install_lib\n'}
[11.307266] (f1tenth_controllers) StdoutLine: {'line': b'creating /home/nvidia/f1tenth_ws/install/f1tenth_controllers/lib/python3.8/site-packages/f1tenth_controllers\n'}
[11.308273] (f1tenth_controllers) StdoutLine: {'line': b'copying /home/nvidia/f1tenth_ws/build/f1tenth_controllers/build/lib/f1tenth_controllers/__init__.py -> /home/nvidia/f1tenth_ws/install/f1tenth_controllers/lib/python3.8/site-packages/f1tenth_controllers\n'}
[11.310243] (f1tenth_controllers) StdoutLine: {'line': b'copying /home/nvidia/f1tenth_ws/build/f1tenth_controllers/build/lib/f1tenth_controllers/follow_the_gap_node.py -> /home/nvidia/f1tenth_ws/install/f1tenth_controllers/lib/python3.8/site-packages/f1tenth_controllers\n'}
[11.313007] (f1tenth_controllers) StdoutLine: {'line': b'byte-compiling /home/nvidia/f1tenth_ws/install/f1tenth_controllers/lib/python3.8/site-packages/f1tenth_controllers/__init__.py to __init__.cpython-38.pyc\n'}
[11.321014] (f1tenth_controllers) StdoutLine: {'line': b'byte-compiling /home/nvidia/f1tenth_ws/install/f1tenth_controllers/lib/python3.8/site-packages/f1tenth_controllers/follow_the_gap_node.py to follow_the_gap_node.cpython-38.pyc\n'}
[11.321987] (mapping) StdoutLine: {'line': b'Installing local_gradient_node script to /home/nvidia/f1tenth_ws/install/mapping/lib/mapping\n'}
[11.322767] (mapping) StdoutLine: {'line': b'Installing local_mapping_node script to /home/nvidia/f1tenth_ws/install/mapping/lib/mapping\n'}
[11.324539] (mapping) StdoutLine: {'line': b"writing list of installed files to '/home/nvidia/f1tenth_ws/build/mapping/install.log'\n"}
[11.333017] (vesc_msgs) StdoutLine: {'line': b'-- Found ament_cmake_ros: 0.9.2 (/opt/ros/foxy/share/ament_cmake_ros/cmake)\n'}
[11.334129] (f1tenth_controllers) StdoutLine: {'line': b'running install_data\n'}
[11.334678] (f1tenth_controllers) StdoutLine: {'line': b'creating /home/nvidia/f1tenth_ws/install/f1tenth_controllers/share/ament_index\n'}
[11.335367] (f1tenth_controllers) StdoutLine: {'line': b'creating /home/nvidia/f1tenth_ws/install/f1tenth_controllers/share/ament_index/resource_index\n'}
[11.335900] (f1tenth_controllers) StdoutLine: {'line': b'creating /home/nvidia/f1tenth_ws/install/f1tenth_controllers/share/ament_index/resource_index/packages\n'}
[11.336334] (f1tenth_controllers) StdoutLine: {'line': b'copying resource/f1tenth_controllers -> /home/nvidia/f1tenth_ws/install/f1tenth_controllers/share/ament_index/resource_index/packages\n'}
[11.336976] (f1tenth_controllers) StdoutLine: {'line': b'copying package.xml -> /home/nvidia/f1tenth_ws/install/f1tenth_controllers/share/f1tenth_controllers\n'}
[11.337415] (f1tenth_controllers) StdoutLine: {'line': b'running install_egg_info\n'}
[11.347169] (f1tenth_controllers) StdoutLine: {'line': b'Copying ../../build/f1tenth_controllers/f1tenth_controllers.egg-info to /home/nvidia/f1tenth_ws/install/f1tenth_controllers/lib/python3.8/site-packages/f1tenth_controllers-0.0.0-py3.8.egg-info\n'}
[11.355617] (f1tenth_controllers) StdoutLine: {'line': b'running install_scripts\n'}
[11.362710] (-) TimerEvent: {}
[11.463787] (-) TimerEvent: {}
[11.485487] (f1tenth_controllers) StdoutLine: {'line': b'Installing follow_the_gap_node script to /home/nvidia/f1tenth_ws/install/f1tenth_controllers/lib/f1tenth_controllers\n'}
[11.487617] (f1tenth_controllers) StdoutLine: {'line': b"writing list of installed files to '/home/nvidia/f1tenth_ws/build/f1tenth_controllers/install.log'\n"}
[11.494086] (key_teleop) StdoutLine: {'line': b'running egg_info\n'}
[11.495110] (key_teleop) StdoutLine: {'line': b'creating ../../../../build/key_teleop/key_teleop.egg-info\n'}
[11.495632] (key_teleop) StdoutLine: {'line': b'writing ../../../../build/key_teleop/key_teleop.egg-info/PKG-INFO\n'}
[11.496159] (key_teleop) StdoutLine: {'line': b'writing dependency_links to ../../../../build/key_teleop/key_teleop.egg-info/dependency_links.txt\n'}
[11.496736] (key_teleop) StdoutLine: {'line': b'writing entry points to ../../../../build/key_teleop/key_teleop.egg-info/entry_points.txt\n'}
[11.497251] (key_teleop) StdoutLine: {'line': b'writing requirements to ../../../../build/key_teleop/key_teleop.egg-info/requires.txt\n'}
[11.497771] (key_teleop) StdoutLine: {'line': b'writing top-level names to ../../../../build/key_teleop/key_teleop.egg-info/top_level.txt\n'}
[11.498402] (key_teleop) StdoutLine: {'line': b"writing manifest file '../../../../build/key_teleop/key_teleop.egg-info/SOURCES.txt'\n"}
[11.498921] (key_teleop) StdoutLine: {'line': b"reading manifest file '../../../../build/key_teleop/key_teleop.egg-info/SOURCES.txt'\n"}
[11.499392] (key_teleop) StdoutLine: {'line': b"writing manifest file '../../../../build/key_teleop/key_teleop.egg-info/SOURCES.txt'\n"}
[11.499913] (key_teleop) StdoutLine: {'line': b'running build\n'}
[11.500343] (key_teleop) StdoutLine: {'line': b'running build_py\n'}
[11.500806] (key_teleop) StdoutLine: {'line': b'creating /home/nvidia/f1tenth_ws/build/key_teleop/build\n'}
[11.501247] (key_teleop) StdoutLine: {'line': b'creating /home/nvidia/f1tenth_ws/build/key_teleop/build/lib\n'}
[11.501673] (key_teleop) StdoutLine: {'line': b'creating /home/nvidia/f1tenth_ws/build/key_teleop/build/lib/key_teleop\n'}
[11.510578] (key_teleop) StdoutLine: {'line': b'copying key_teleop/key_teleop.py -> /home/nvidia/f1tenth_ws/build/key_teleop/build/lib/key_teleop\n'}
[11.511103] (key_teleop) StdoutLine: {'line': b'copying key_teleop/__init__.py -> /home/nvidia/f1tenth_ws/build/key_teleop/build/lib/key_teleop\n'}
[11.511669] (key_teleop) StdoutLine: {'line': b'running install\n'}
[11.512135] (key_teleop) StdoutLine: {'line': b'running install_lib\n'}
[11.512603] (key_teleop) StdoutLine: {'line': b'creating /home/nvidia/f1tenth_ws/install/key_teleop/lib/python3.8/site-packages/key_teleop\n'}
[11.513047] (key_teleop) StdoutLine: {'line': b'copying /home/nvidia/f1tenth_ws/build/key_teleop/build/lib/key_teleop/key_teleop.py -> /home/nvidia/f1tenth_ws/install/key_teleop/lib/python3.8/site-packages/key_teleop\n'}
[11.513477] (key_teleop) StdoutLine: {'line': b'copying /home/nvidia/f1tenth_ws/build/key_teleop/build/lib/key_teleop/__init__.py -> /home/nvidia/f1tenth_ws/install/key_teleop/lib/python3.8/site-packages/key_teleop\n'}
[11.513968] (key_teleop) StdoutLine: {'line': b'byte-compiling /home/nvidia/f1tenth_ws/install/key_teleop/lib/python3.8/site-packages/key_teleop/key_teleop.py to key_teleop.cpython-38.pyc\n'}
[11.514460] (key_teleop) StdoutLine: {'line': b'byte-compiling /home/nvidia/f1tenth_ws/install/key_teleop/lib/python3.8/site-packages/key_teleop/__init__.py to __init__.cpython-38.pyc\n'}
[11.514877] (key_teleop) StdoutLine: {'line': b'running install_data\n'}
[11.515293] (key_teleop) StdoutLine: {'line': b'copying package.xml -> /home/nvidia/f1tenth_ws/install/key_teleop/share/key_teleop\n'}
[11.515700] (key_teleop) StdoutLine: {'line': b'creating /home/nvidia/f1tenth_ws/install/key_teleop/share/key_teleop/config\n'}
[11.516094] (key_teleop) StdoutLine: {'line': b'copying config/key_teleop.yaml -> /home/nvidia/f1tenth_ws/install/key_teleop/share/key_teleop/config\n'}
[11.516525] (key_teleop) StdoutLine: {'line': b'creating /home/nvidia/f1tenth_ws/install/key_teleop/share/ament_index\n'}
[11.516968] (key_teleop) StdoutLine: {'line': b'creating /home/nvidia/f1tenth_ws/install/key_teleop/share/ament_index/resource_index\n'}
[11.517392] (key_teleop) StdoutLine: {'line': b'creating /home/nvidia/f1tenth_ws/install/key_teleop/share/ament_index/resource_index/packages\n'}
[11.517842] (key_teleop) StdoutLine: {'line': b'copying resource/key_teleop -> /home/nvidia/f1tenth_ws/install/key_teleop/share/ament_index/resource_index/packages\n'}
[11.528614] (key_teleop) StdoutLine: {'line': b'running install_egg_info\n'}
[11.529063] (key_teleop) StdoutLine: {'line': b'Copying ../../../../build/key_teleop/key_teleop.egg-info to /home/nvidia/f1tenth_ws/install/key_teleop/lib/python3.8/site-packages/key_teleop-0.3.0-py3.8.egg-info\n'}
[11.530052] (key_teleop) StdoutLine: {'line': b'running install_scripts\n'}
[11.533574] (key_teleop) StdoutLine: {'line': b'Installing key_teleop script to /home/nvidia/f1tenth_ws/install/key_teleop/lib/key_teleop\n'}
[11.535898] (key_teleop) StdoutLine: {'line': b"writing list of installed files to '/home/nvidia/f1tenth_ws/build/key_teleop/install.log'\n"}
[11.536356] (mapping) CommandEnded: {'returncode': 0}
[11.564136] (-) TimerEvent: {}
[11.614281] (mapping) JobEnded: {'identifier': 'mapping', 'rc': 0}
[11.619282] (mouse_teleop) JobStarted: {'identifier': 'mouse_teleop'}
[11.665672] (-) TimerEvent: {}
[11.704763] (key_teleop) CommandEnded: {'returncode': 0}
[11.749774] (key_teleop) JobEnded: {'identifier': 'key_teleop', 'rc': 0}
[11.755808] (new_map_saver) JobStarted: {'identifier': 'new_map_saver'}
[11.766719] (-) TimerEvent: {}
[11.823848] (f1tenth_controllers) CommandEnded: {'returncode': 0}
[11.867305] (-) TimerEvent: {}
[11.883683] (f1tenth_controllers) JobEnded: {'identifier': 'f1tenth_controllers', 'rc': 0}
[11.892872] (phasespace) JobStarted: {'identifier': 'phasespace'}
[11.973755] (-) TimerEvent: {}
[12.044136] (ackermann_mux) StdoutLine: {'line': b'-- Looking for pthread_create in pthread - found\n'}
[12.052780] (ackermann_mux) StdoutLine: {'line': b'-- Found Threads: TRUE  \n'}
[12.074480] (-) TimerEvent: {}
[12.177263] (-) TimerEvent: {}
[12.278429] (-) TimerEvent: {}
[12.286427] (teleop_tools_msgs) StdoutLine: {'line': b'-- Using all available rosidl_typesupport_c: rosidl_typesupport_fastrtps_c;rosidl_typesupport_introspection_c\n'}
[12.378727] (-) TimerEvent: {}
[12.480087] (-) TimerEvent: {}
[12.500419] (teleop_tools_msgs) StdoutLine: {'line': b'-- Using all available rosidl_typesupport_cpp: rosidl_typesupport_fastrtps_cpp;rosidl_typesupport_introspection_cpp\n'}
[12.580299] (-) TimerEvent: {}
[12.681386] (-) TimerEvent: {}
[12.715573] (teleop_tools_msgs) StdoutLine: {'line': b'-- Found PythonInterp: /usr/bin/python3 (found suitable version "3.8.10", minimum required is "3.5") \n'}
[12.730731] (teleop_tools_msgs) StdoutLine: {'line': b'-- Found python_cmake_module: 0.8.1 (/opt/ros/foxy/share/python_cmake_module/cmake)\n'}
[12.781625] (-) TimerEvent: {}
[12.883015] (-) TimerEvent: {}
[12.946828] (teleop_tools_msgs) StdoutLine: {'line': b'-- Found PythonLibs: /usr/lib/aarch64-linux-gnu/libpython3.8.so (found suitable version "3.8.10", minimum required is "3.5") \n'}
[12.948473] (teleop_tools_msgs) StdoutLine: {'line': b'-- Using PYTHON_EXECUTABLE: /usr/bin/python3\n'}
[12.949667] (teleop_tools_msgs) StdoutLine: {'line': b'-- Using PYTHON_INCLUDE_DIRS: /usr/include/python3.8\n'}
[12.950372] (teleop_tools_msgs) StdoutLine: {'line': b'-- Using PYTHON_LIBRARIES: /usr/lib/aarch64-linux-gnu/libpython3.8.so\n'}
[12.983238] (-) TimerEvent: {}
[13.003578] (ackermann_mux) StdoutLine: {'line': b'-- Found ackermann_msgs: 2.0.2 (/opt/ros/foxy/share/ackermann_msgs/cmake)\n'}
[13.057432] (vesc_msgs) StdoutLine: {'line': b'-- Using all available rosidl_typesupport_c: rosidl_typesupport_fastrtps_c;rosidl_typesupport_introspection_c\n'}
[13.083488] (-) TimerEvent: {}
[13.117440] (teleop_tools_msgs) StdoutLine: {'line': b'-- Found PythonExtra: .so  \n'}
[13.183730] (-) TimerEvent: {}
[13.204147] (ackermann_mux) StdoutLine: {'line': b'-- Found diagnostic_updater: 3.1.2 (/opt/ros/foxy/share/diagnostic_updater/cmake)\n'}
[13.283966] (-) TimerEvent: {}
[13.385000] (-) TimerEvent: {}
[13.486701] (-) TimerEvent: {}
[13.559040] (teleop_tools_msgs) StdoutLine: {'line': b"-- Added test 'copyright' to check source files copyright and LICENSE\n"}
[13.576961] (ackermann_mux) StdoutLine: {'line': b'-- Found ament_lint_auto: 0.9.8 (/opt/ros/foxy/share/ament_lint_auto/cmake)\n'}
[13.581730] (teleop_tools_msgs) StdoutLine: {'line': b"-- Added test 'lint_cmake' to check CMake code style\n"}
[13.586970] (-) TimerEvent: {}
[13.593202] (teleop_tools_msgs) StdoutLine: {'line': b"-- Added test 'xmllint' to check XML markup files\n"}
[13.679321] (teleop_tools_msgs) StdoutLine: {'line': b'-- Configuring done\n'}
[13.691005] (-) TimerEvent: {}
[13.795722] (-) TimerEvent: {}
[13.804198] (vesc_msgs) StdoutLine: {'line': b'-- Using all available rosidl_typesupport_cpp: rosidl_typesupport_fastrtps_cpp;rosidl_typesupport_introspection_cpp\n'}
[13.895954] (-) TimerEvent: {}
[13.975586] (vesc_msgs) StdoutLine: {'line': b'-- Found PythonInterp: /usr/bin/python3 (found suitable version "3.8.10", minimum required is "3.5") \n'}
[13.992499] (vesc_msgs) StdoutLine: {'line': b'-- Found python_cmake_module: 0.8.1 (/opt/ros/foxy/share/python_cmake_module/cmake)\n'}
[13.996160] (-) TimerEvent: {}
[14.097249] (-) TimerEvent: {}
[14.128408] (teleop_tools_msgs) StdoutLine: {'line': b'-- Generating done\n'}
[14.151231] (teleop_tools_msgs) StdoutLine: {'line': b'-- Build files have been written to: /home/nvidia/f1tenth_ws/build/teleop_tools_msgs\n'}
[14.181107] (vesc_msgs) StdoutLine: {'line': b'-- Found PythonLibs: /usr/lib/aarch64-linux-gnu/libpython3.8.so (found suitable version "3.8.10", minimum required is "3.5") \n'}
[14.182512] (vesc_msgs) StdoutLine: {'line': b'-- Using PYTHON_EXECUTABLE: /usr/bin/python3\n'}
[14.183053] (vesc_msgs) StdoutLine: {'line': b'-- Using PYTHON_INCLUDE_DIRS: /usr/include/python3.8\n'}
[14.183512] (vesc_msgs) StdoutLine: {'line': b'-- Using PYTHON_LIBRARIES: /usr/lib/aarch64-linux-gnu/libpython3.8.so\n'}
[14.197483] (-) TimerEvent: {}
[14.251417] (ackermann_mux) StdoutLine: {'line': b'-- Found python_cmake_module: 0.8.1 (/opt/ros/foxy/share/python_cmake_module/cmake)\n'}
[14.297723] (-) TimerEvent: {}
[14.316861] (vesc_msgs) StdoutLine: {'line': b'-- Found PythonExtra: .so  \n'}
[14.393311] (ackermann_mux) StdoutLine: {'line': b'-- Found PythonInterp: /usr/bin/python3 (found suitable version "3.8.10", minimum required is "3.5") \n'}
[14.399304] (-) TimerEvent: {}
[14.437117] (ackermann_mux) StdoutLine: {'line': b'-- Found PythonLibs: /usr/lib/aarch64-linux-gnu/libpython3.8.so (found suitable version "3.8.10", minimum required is "3.5") \n'}
[14.439033] (ackermann_mux) StdoutLine: {'line': b'-- Using PYTHON_EXECUTABLE: /usr/bin/python3\n'}
[14.439676] (ackermann_mux) StdoutLine: {'line': b'-- Using PYTHON_INCLUDE_DIRS: /usr/include/python3.8\n'}
[14.440063] (ackermann_mux) StdoutLine: {'line': b'-- Using PYTHON_LIBRARIES: /usr/lib/aarch64-linux-gnu/libpython3.8.so\n'}
[14.501028] (-) TimerEvent: {}
[14.573219] (ackermann_mux) StdoutLine: {'line': b'-- Found PythonExtra: .so  \n'}
[14.601488] (-) TimerEvent: {}
[14.676434] (ackermann_mux) StdoutLine: {'line': b"-- Added test 'xmllint' to check XML markup files\n"}
[14.685682] (ackermann_mux) StdoutLine: {'line': b"-- Added test 'copyright' to check source files copyright and LICENSE\n"}
[14.701693] (-) TimerEvent: {}
[14.710019] (ackermann_mux) StdoutLine: {'line': b"-- Added test 'cppcheck' to perform static code analysis on C / C++ code\n"}
[14.714834] (ackermann_mux) StdoutLine: {'line': b'-- Configured cppcheck include dirs: /home/nvidia/f1tenth_ws/src/f1tenth_system/ackermann_mux/include\n'}
[14.715578] (ackermann_mux) StdoutLine: {'line': b'-- Configured cppcheck exclude dirs and/or files: \n'}
[14.733870] (ackermann_mux) StdoutLine: {'line': b"-- Added test 'cpplint' to check C / C++ code against the Google style\n"}
[14.735151] (ackermann_mux) StdoutLine: {'line': b'-- Configured cpplint exclude dirs and/or files: \n'}
[14.742797] (ackermann_mux) StdoutLine: {'line': b"-- Added test 'flake8' to check Python code syntax and style conventions\n"}
[14.751742] (ackermann_mux) StdoutLine: {'line': b"-- Added test 'lint_cmake' to check CMake code style\n"}
[14.760011] (ackermann_mux) StdoutLine: {'line': b"-- Added test 'pep257' to check Python code against some of the style conventions in PEP 257\n"}
[14.779585] (ackermann_mux) StdoutLine: {'line': b"-- Added test 'uncrustify' to check C / C++ code style\n"}
[14.780332] (ackermann_mux) StdoutLine: {'line': b'-- Configured uncrustify additional arguments: \n'}
[14.801989] (-) TimerEvent: {}
[14.829084] (ackermann_mux) StdoutLine: {'line': b'-- Configuring done\n'}
[14.888837] (vesc_msgs) StdoutLine: {'line': b'-- Found ament_lint_auto: 0.9.8 (/opt/ros/foxy/share/ament_lint_auto/cmake)\n'}
[14.901787] (ackermann_mux) StdoutLine: {'line': b'-- Generating done\n'}
[14.903080] (-) TimerEvent: {}
[14.913550] (ackermann_mux) StdoutLine: {'line': b'-- Build files have been written to: /home/nvidia/f1tenth_ws/build/ackermann_mux\n'}
[15.003400] (-) TimerEvent: {}
[15.065606] (vesc_msgs) StdoutLine: {'line': b"-- Added test 'copyright' to check source files copyright and LICENSE\n"}
[15.082106] (vesc_msgs) StdoutLine: {'line': b"-- Added test 'lint_cmake' to check CMake code style\n"}
[15.092527] (vesc_msgs) StdoutLine: {'line': b"-- Added test 'xmllint' to check XML markup files\n"}
[15.104344] (-) TimerEvent: {}
[15.139994] (vesc_msgs) StdoutLine: {'line': b'-- Configuring done\n'}
[15.205026] (-) TimerEvent: {}
[15.309706] (-) TimerEvent: {}
[15.410814] (-) TimerEvent: {}
[15.513021] (-) TimerEvent: {}
[15.581774] (vesc_msgs) StdoutLine: {'line': b'-- Generating done\n'}
[15.599944] (vesc_msgs) StdoutLine: {'line': b'-- Build files have been written to: /home/nvidia/f1tenth_ws/build/vesc_msgs\n'}
[15.613773] (-) TimerEvent: {}
[15.715173] (-) TimerEvent: {}
[15.816256] (-) TimerEvent: {}
[15.917296] (-) TimerEvent: {}
[16.018476] (-) TimerEvent: {}
[16.119567] (-) TimerEvent: {}
[16.220660] (-) TimerEvent: {}
[16.321766] (-) TimerEvent: {}
[16.423075] (-) TimerEvent: {}
[16.503182] (ackermann_mux) CommandEnded: {'returncode': 0}
[16.509826] (ackermann_mux) JobProgress: {'identifier': 'ackermann_mux', 'progress': 'build'}
[16.515861] (ackermann_mux) Command: {'cmd': ['/usr/bin/cmake', '--build', '/home/nvidia/f1tenth_ws/build/ackermann_mux', '--', '-j6', '-l6'], 'cwd': '/home/nvidia/f1tenth_ws/build/ackermann_mux', 'env': OrderedDict([('LESSOPEN', '| /usr/bin/lesspipe %s'), ('USER', 'nvidia'), ('SSH_AGENT_PID', '3963'), ('XDG_SESSION_TYPE', 'x11'), ('SHLVL', '1'), ('LD_LIBRARY_PATH', '//home/nvidia/f1tenth_ws/install/vesc_driver/lib://home/nvidia/f1tenth_ws/install/vesc_ackermann/lib://home/nvidia/f1tenth_ws/install/vesc_msgs/lib://home/nvidia/f1tenth_ws/install/teleop_tools_msgs/lib:/usr/lib/aarch64-linux-gnu/gazebo-11/plugins:/opt/ros/foxy/opt/yaml_cpp_vendor/lib:/opt/ros/foxy/opt/rviz_ogre_vendor/lib:/opt/ros/foxy/lib/aarch64-linux-gnu:/opt/ros/foxy/lib:/usr/local/cuda-11.4/lib64:'), ('HOME', '/home/nvidia'), ('OLDPWD', '/home/nvidia'), ('DESKTOP_SESSION', 'ubuntu'), ('ROS_PYTHON_VERSION', '3'), ('GNOME_SHELL_SESSION_MODE', 'ubuntu'), ('GTK_MODULES', 'gail:atk-bridge'), ('MANAGERPID', '3863'), ('DBUS_SESSION_BUS_ADDRESS', 'unix:path=/run/user/1000/bus'), ('COLORTERM', 'truecolor'), ('TERMINATOR_DBUS_NAME', 'net.tenshu.Terminator23558193cd9818af7fe4d2c2f5bd9d00f'), ('GIO_LAUNCHED_DESKTOP_FILE_PID', '4619'), ('IM_CONFIG_PHASE', '1'), ('COLCON_PREFIX_PATH', '//home/nvidia/f1tenth_ws/install'), ('ROS_DISTRO', 'foxy'), ('LOGNAME', 'nvidia'), ('JOURNAL_STREAM', '8:70019'), ('_', '/usr/bin/colcon'), ('ROS_VERSION', '2'), ('XDG_SESSION_CLASS', 'user'), ('USERNAME', 'nvidia'), ('TERM', 'xterm-256color'), ('GAZEBO_MODEL_PATH', ':/opt/ros/foxy/share/turtlebot3_gazebo/models'), ('GNOME_DESKTOP_SESSION_ID', 'this-is-deprecated'), ('ROS_LOCALHOST_ONLY', '0'), ('WINDOWPATH', '2'), ('PATH', '//home/nvidia/f1tenth_ws/install/range_lib/bin:/opt/ros/foxy/bin:/usr/local/cuda-11.4/bin:/home/nvidia/.local/bin:/usr/local/sbin:/usr/local/bin:/usr/sbin:/usr/bin:/sbin:/bin:/usr/games:/usr/local/games:/snap/bin'), ('SESSION_MANAGER', 'local/ubuntu:@/tmp/.ICE-unix/4000,unix/ubuntu:/tmp/.ICE-unix/4000'), ('INVOCATION_ID', 'f345853a86154e6d9c622f5fbfdc1ac4'), ('XDG_MENU_PREFIX', 'gnome-'), ('XDG_RUNTIME_DIR', '/run/user/1000'), ('DISPLAY', ':1'), ('TERMINATOR_DBUS_PATH', '/net/tenshu/Terminator2'), ('LANG', 'en_US.UTF-8'), ('XDG_CURRENT_DESKTOP', 'ubuntu:GNOME'), ('XMODIFIERS', '@im=ibus'), ('XDG_SESSION_DESKTOP', 'ubuntu'), ('XAUTHORITY', '/run/user/1000/gdm/Xauthority'), ('LS_COLORS', 'rs=0:di=01;34:ln=01;36:mh=00:pi=40;33:so=01;35:do=01;35:bd=40;33;01:cd=40;33;01:or=40;31;01:mi=00:su=37;41:sg=30;43:ca=30;41:tw=30;42:ow=34;42:st=37;44:ex=01;32:*.tar=01;31:*.tgz=01;31:*.arc=01;31:*.arj=01;31:*.taz=01;31:*.lha=01;31:*.lz4=01;31:*.lzh=01;31:*.lzma=01;31:*.tlz=01;31:*.txz=01;31:*.tzo=01;31:*.t7z=01;31:*.zip=01;31:*.z=01;31:*.dz=01;31:*.gz=01;31:*.lrz=01;31:*.lz=01;31:*.lzo=01;31:*.xz=01;31:*.zst=01;31:*.tzst=01;31:*.bz2=01;31:*.bz=01;31:*.tbz=01;31:*.tbz2=01;31:*.tz=01;31:*.deb=01;31:*.rpm=01;31:*.jar=01;31:*.war=01;31:*.ear=01;31:*.sar=01;31:*.rar=01;31:*.alz=01;31:*.ace=01;31:*.zoo=01;31:*.cpio=01;31:*.7z=01;31:*.rz=01;31:*.cab=01;31:*.wim=01;31:*.swm=01;31:*.dwm=01;31:*.esd=01;31:*.jpg=01;35:*.jpeg=01;35:*.mjpg=01;35:*.mjpeg=01;35:*.gif=01;35:*.bmp=01;35:*.pbm=01;35:*.pgm=01;35:*.ppm=01;35:*.tga=01;35:*.xbm=01;35:*.xpm=01;35:*.tif=01;35:*.tiff=01;35:*.png=01;35:*.svg=01;35:*.svgz=01;35:*.mng=01;35:*.pcx=01;35:*.mov=01;35:*.mpg=01;35:*.mpeg=01;35:*.m2v=01;35:*.mkv=01;35:*.webm=01;35:*.ogm=01;35:*.mp4=01;35:*.m4v=01;35:*.mp4v=01;35:*.vob=01;35:*.qt=01;35:*.nuv=01;35:*.wmv=01;35:*.asf=01;35:*.rm=01;35:*.rmvb=01;35:*.flc=01;35:*.avi=01;35:*.fli=01;35:*.flv=01;35:*.gl=01;35:*.dl=01;35:*.xcf=01;35:*.xwd=01;35:*.yuv=01;35:*.cgm=01;35:*.emf=01;35:*.ogv=01;35:*.ogx=01;35:*.aac=00;36:*.au=00;36:*.flac=00;36:*.m4a=00;36:*.mid=00;36:*.midi=00;36:*.mka=00;36:*.mp3=00;36:*.mpc=00;36:*.ogg=00;36:*.ra=00;36:*.wav=00;36:*.oga=00;36:*.opus=00;36:*.spx=00;36:*.xspf=00;36:'), ('SSH_AUTH_SOCK', '/run/user/1000/keyring/ssh'), ('ROS_DOMAIN_ID', '10'), ('AMENT_PREFIX_PATH', '//home/nvidia/f1tenth_ws/install/f1tenth_stack://home/nvidia/f1tenth_ws/install/vesc://home/nvidia/f1tenth_ws/install/vesc_driver://home/nvidia/f1tenth_ws/install/vesc_ackermann://home/nvidia/f1tenth_ws/install/vesc_msgs://home/nvidia/f1tenth_ws/install/teleop_tools://home/nvidia/f1tenth_ws/install/joy_teleop://home/nvidia/f1tenth_ws/install/teleop_tools_msgs://home/nvidia/f1tenth_ws/install/phasespace://home/nvidia/f1tenth_ws/install/particle_filter://home/nvidia/f1tenth_ws/install/new_map_saver://home/nvidia/f1tenth_ws/install/mouse_teleop://home/nvidia/f1tenth_ws/install/mapping://home/nvidia/f1tenth_ws/install/key_teleop://home/nvidia/f1tenth_ws/install/f1tenth_controllers://home/nvidia/f1tenth_ws/install/ackermann_mux:/opt/ros/foxy'), ('SHELL', '/bin/bash'), ('TERMINATOR_UUID', 'urn:uuid:3f2a181a-16ef-4091-b349-7c01a0bf8815'), ('QT_ACCESSIBILITY', '1'), ('GDMSESSION', 'ubuntu'), ('LESSCLOSE', '/usr/bin/lesspipe %s %s'), ('GPG_AGENT_INFO', '/run/user/1000/gnupg/S.gpg-agent:0:1'), ('QT_IM_MODULE', 'ibus'), ('PWD', '/home/nvidia/f1tenth_ws/build/ackermann_mux'), ('TURTLEBOT3_MODEL', 'waffle'), ('LC_ALL', 'en_US.UTF-8'), ('XDG_CONFIG_DIRS', '/etc/xdg/xdg-ubuntu:/etc/xdg'), ('XDG_DATA_DIRS', '/usr/share/ubuntu:/usr/local/share/:/usr/share/:/var/lib/snapd/desktop'), ('PYTHONPATH', '//home/nvidia/f1tenth_ws/install/f1tenth_stack/lib/python3.8/site-packages://home/nvidia/f1tenth_ws/install/vesc_msgs/lib/python3.8/site-packages://home/nvidia/f1tenth_ws/install/joy_teleop/lib/python3.8/site-packages://home/nvidia/f1tenth_ws/install/teleop_tools_msgs/lib/python3.8/site-packages://home/nvidia/f1tenth_ws/install/phasespace/lib/python3.8/site-packages://home/nvidia/f1tenth_ws/install/particle_filter/lib/python3.8/site-packages://home/nvidia/f1tenth_ws/install/new_map_saver/lib/python3.8/site-packages://home/nvidia/f1tenth_ws/install/mouse_teleop/lib/python3.8/site-packages://home/nvidia/f1tenth_ws/install/mapping/lib/python3.8/site-packages://home/nvidia/f1tenth_ws/install/key_teleop/lib/python3.8/site-packages://home/nvidia/f1tenth_ws/install/f1tenth_controllers/lib/python3.8/site-packages:/opt/ros/foxy/lib/python3.8/site-packages'), ('COLCON', '1'), ('VTE_VERSION', '6003'), ('CMAKE_PREFIX_PATH', '//home/nvidia/f1tenth_ws/install/vesc://home/nvidia/f1tenth_ws/install/vesc_driver://home/nvidia/f1tenth_ws/install/vesc_ackermann://home/nvidia/f1tenth_ws/install/vesc_msgs://home/nvidia/f1tenth_ws/install/teleop_tools://home/nvidia/f1tenth_ws/install/teleop_tools_msgs://home/nvidia/f1tenth_ws/install/range_lib://home/nvidia/f1tenth_ws/install/ackermann_mux://home/nvidia/f1tenth_ws/install/f1tenth_stack://home/nvidia/f1tenth_ws/install/joy_teleop://home/nvidia/f1tenth_ws/install/phasespace://home/nvidia/f1tenth_ws/install/particle_filter://home/nvidia/f1tenth_ws/install/new_map_saver://home/nvidia/f1tenth_ws/install/mouse_teleop://home/nvidia/f1tenth_ws/install/mapping://home/nvidia/f1tenth_ws/install/key_teleop://home/nvidia/f1tenth_ws/install/f1tenth_controllers:/opt/ros/foxy')]), 'shell': False}
[16.534051] (-) TimerEvent: {}
[16.536066] (teleop_tools_msgs) CommandEnded: {'returncode': 0}
[16.539642] (teleop_tools_msgs) JobProgress: {'identifier': 'teleop_tools_msgs', 'progress': 'build'}
[16.542989] (teleop_tools_msgs) Command: {'cmd': ['/usr/bin/cmake', '--build', '/home/nvidia/f1tenth_ws/build/teleop_tools_msgs', '--', '-j6', '-l6'], 'cwd': '/home/nvidia/f1tenth_ws/build/teleop_tools_msgs', 'env': OrderedDict([('LESSOPEN', '| /usr/bin/lesspipe %s'), ('USER', 'nvidia'), ('SSH_AGENT_PID', '3963'), ('XDG_SESSION_TYPE', 'x11'), ('SHLVL', '1'), ('LD_LIBRARY_PATH', '//home/nvidia/f1tenth_ws/install/vesc_driver/lib://home/nvidia/f1tenth_ws/install/vesc_ackermann/lib://home/nvidia/f1tenth_ws/install/vesc_msgs/lib://home/nvidia/f1tenth_ws/install/teleop_tools_msgs/lib:/usr/lib/aarch64-linux-gnu/gazebo-11/plugins:/opt/ros/foxy/opt/yaml_cpp_vendor/lib:/opt/ros/foxy/opt/rviz_ogre_vendor/lib:/opt/ros/foxy/lib/aarch64-linux-gnu:/opt/ros/foxy/lib:/usr/local/cuda-11.4/lib64:'), ('HOME', '/home/nvidia'), ('OLDPWD', '/home/nvidia'), ('DESKTOP_SESSION', 'ubuntu'), ('ROS_PYTHON_VERSION', '3'), ('GNOME_SHELL_SESSION_MODE', 'ubuntu'), ('GTK_MODULES', 'gail:atk-bridge'), ('MANAGERPID', '3863'), ('DBUS_SESSION_BUS_ADDRESS', 'unix:path=/run/user/1000/bus'), ('COLORTERM', 'truecolor'), ('TERMINATOR_DBUS_NAME', 'net.tenshu.Terminator23558193cd9818af7fe4d2c2f5bd9d00f'), ('GIO_LAUNCHED_DESKTOP_FILE_PID', '4619'), ('IM_CONFIG_PHASE', '1'), ('COLCON_PREFIX_PATH', '//home/nvidia/f1tenth_ws/install'), ('ROS_DISTRO', 'foxy'), ('LOGNAME', 'nvidia'), ('JOURNAL_STREAM', '8:70019'), ('_', '/usr/bin/colcon'), ('ROS_VERSION', '2'), ('XDG_SESSION_CLASS', 'user'), ('USERNAME', 'nvidia'), ('TERM', 'xterm-256color'), ('GAZEBO_MODEL_PATH', ':/opt/ros/foxy/share/turtlebot3_gazebo/models'), ('GNOME_DESKTOP_SESSION_ID', 'this-is-deprecated'), ('ROS_LOCALHOST_ONLY', '0'), ('WINDOWPATH', '2'), ('PATH', '//home/nvidia/f1tenth_ws/install/range_lib/bin:/opt/ros/foxy/bin:/usr/local/cuda-11.4/bin:/home/nvidia/.local/bin:/usr/local/sbin:/usr/local/bin:/usr/sbin:/usr/bin:/sbin:/bin:/usr/games:/usr/local/games:/snap/bin'), ('SESSION_MANAGER', 'local/ubuntu:@/tmp/.ICE-unix/4000,unix/ubuntu:/tmp/.ICE-unix/4000'), ('INVOCATION_ID', 'f345853a86154e6d9c622f5fbfdc1ac4'), ('XDG_MENU_PREFIX', 'gnome-'), ('XDG_RUNTIME_DIR', '/run/user/1000'), ('DISPLAY', ':1'), ('TERMINATOR_DBUS_PATH', '/net/tenshu/Terminator2'), ('LANG', 'en_US.UTF-8'), ('XDG_CURRENT_DESKTOP', 'ubuntu:GNOME'), ('XMODIFIERS', '@im=ibus'), ('XDG_SESSION_DESKTOP', 'ubuntu'), ('XAUTHORITY', '/run/user/1000/gdm/Xauthority'), ('LS_COLORS', 'rs=0:di=01;34:ln=01;36:mh=00:pi=40;33:so=01;35:do=01;35:bd=40;33;01:cd=40;33;01:or=40;31;01:mi=00:su=37;41:sg=30;43:ca=30;41:tw=30;42:ow=34;42:st=37;44:ex=01;32:*.tar=01;31:*.tgz=01;31:*.arc=01;31:*.arj=01;31:*.taz=01;31:*.lha=01;31:*.lz4=01;31:*.lzh=01;31:*.lzma=01;31:*.tlz=01;31:*.txz=01;31:*.tzo=01;31:*.t7z=01;31:*.zip=01;31:*.z=01;31:*.dz=01;31:*.gz=01;31:*.lrz=01;31:*.lz=01;31:*.lzo=01;31:*.xz=01;31:*.zst=01;31:*.tzst=01;31:*.bz2=01;31:*.bz=01;31:*.tbz=01;31:*.tbz2=01;31:*.tz=01;31:*.deb=01;31:*.rpm=01;31:*.jar=01;31:*.war=01;31:*.ear=01;31:*.sar=01;31:*.rar=01;31:*.alz=01;31:*.ace=01;31:*.zoo=01;31:*.cpio=01;31:*.7z=01;31:*.rz=01;31:*.cab=01;31:*.wim=01;31:*.swm=01;31:*.dwm=01;31:*.esd=01;31:*.jpg=01;35:*.jpeg=01;35:*.mjpg=01;35:*.mjpeg=01;35:*.gif=01;35:*.bmp=01;35:*.pbm=01;35:*.pgm=01;35:*.ppm=01;35:*.tga=01;35:*.xbm=01;35:*.xpm=01;35:*.tif=01;35:*.tiff=01;35:*.png=01;35:*.svg=01;35:*.svgz=01;35:*.mng=01;35:*.pcx=01;35:*.mov=01;35:*.mpg=01;35:*.mpeg=01;35:*.m2v=01;35:*.mkv=01;35:*.webm=01;35:*.ogm=01;35:*.mp4=01;35:*.m4v=01;35:*.mp4v=01;35:*.vob=01;35:*.qt=01;35:*.nuv=01;35:*.wmv=01;35:*.asf=01;35:*.rm=01;35:*.rmvb=01;35:*.flc=01;35:*.avi=01;35:*.fli=01;35:*.flv=01;35:*.gl=01;35:*.dl=01;35:*.xcf=01;35:*.xwd=01;35:*.yuv=01;35:*.cgm=01;35:*.emf=01;35:*.ogv=01;35:*.ogx=01;35:*.aac=00;36:*.au=00;36:*.flac=00;36:*.m4a=00;36:*.mid=00;36:*.midi=00;36:*.mka=00;36:*.mp3=00;36:*.mpc=00;36:*.ogg=00;36:*.ra=00;36:*.wav=00;36:*.oga=00;36:*.opus=00;36:*.spx=00;36:*.xspf=00;36:'), ('SSH_AUTH_SOCK', '/run/user/1000/keyring/ssh'), ('ROS_DOMAIN_ID', '10'), ('AMENT_PREFIX_PATH', '//home/nvidia/f1tenth_ws/install/f1tenth_stack://home/nvidia/f1tenth_ws/install/vesc://home/nvidia/f1tenth_ws/install/vesc_driver://home/nvidia/f1tenth_ws/install/vesc_ackermann://home/nvidia/f1tenth_ws/install/vesc_msgs://home/nvidia/f1tenth_ws/install/teleop_tools://home/nvidia/f1tenth_ws/install/joy_teleop://home/nvidia/f1tenth_ws/install/teleop_tools_msgs://home/nvidia/f1tenth_ws/install/phasespace://home/nvidia/f1tenth_ws/install/particle_filter://home/nvidia/f1tenth_ws/install/new_map_saver://home/nvidia/f1tenth_ws/install/mouse_teleop://home/nvidia/f1tenth_ws/install/mapping://home/nvidia/f1tenth_ws/install/key_teleop://home/nvidia/f1tenth_ws/install/f1tenth_controllers://home/nvidia/f1tenth_ws/install/ackermann_mux:/opt/ros/foxy'), ('SHELL', '/bin/bash'), ('TERMINATOR_UUID', 'urn:uuid:3f2a181a-16ef-4091-b349-7c01a0bf8815'), ('QT_ACCESSIBILITY', '1'), ('GDMSESSION', 'ubuntu'), ('LESSCLOSE', '/usr/bin/lesspipe %s %s'), ('GPG_AGENT_INFO', '/run/user/1000/gnupg/S.gpg-agent:0:1'), ('QT_IM_MODULE', 'ibus'), ('PWD', '/home/nvidia/f1tenth_ws/build/teleop_tools_msgs'), ('TURTLEBOT3_MODEL', 'waffle'), ('LC_ALL', 'en_US.UTF-8'), ('XDG_CONFIG_DIRS', '/etc/xdg/xdg-ubuntu:/etc/xdg'), ('XDG_DATA_DIRS', '/usr/share/ubuntu:/usr/local/share/:/usr/share/:/var/lib/snapd/desktop'), ('PYTHONPATH', '//home/nvidia/f1tenth_ws/install/f1tenth_stack/lib/python3.8/site-packages://home/nvidia/f1tenth_ws/install/vesc_msgs/lib/python3.8/site-packages://home/nvidia/f1tenth_ws/install/joy_teleop/lib/python3.8/site-packages://home/nvidia/f1tenth_ws/install/teleop_tools_msgs/lib/python3.8/site-packages://home/nvidia/f1tenth_ws/install/phasespace/lib/python3.8/site-packages://home/nvidia/f1tenth_ws/install/particle_filter/lib/python3.8/site-packages://home/nvidia/f1tenth_ws/install/new_map_saver/lib/python3.8/site-packages://home/nvidia/f1tenth_ws/install/mouse_teleop/lib/python3.8/site-packages://home/nvidia/f1tenth_ws/install/mapping/lib/python3.8/site-packages://home/nvidia/f1tenth_ws/install/key_teleop/lib/python3.8/site-packages://home/nvidia/f1tenth_ws/install/f1tenth_controllers/lib/python3.8/site-packages:/opt/ros/foxy/lib/python3.8/site-packages'), ('COLCON', '1'), ('VTE_VERSION', '6003'), ('CMAKE_PREFIX_PATH', '//home/nvidia/f1tenth_ws/install/vesc://home/nvidia/f1tenth_ws/install/vesc_driver://home/nvidia/f1tenth_ws/install/vesc_ackermann://home/nvidia/f1tenth_ws/install/vesc_msgs://home/nvidia/f1tenth_ws/install/teleop_tools://home/nvidia/f1tenth_ws/install/teleop_tools_msgs://home/nvidia/f1tenth_ws/install/range_lib://home/nvidia/f1tenth_ws/install/ackermann_mux://home/nvidia/f1tenth_ws/install/f1tenth_stack://home/nvidia/f1tenth_ws/install/joy_teleop://home/nvidia/f1tenth_ws/install/phasespace://home/nvidia/f1tenth_ws/install/particle_filter://home/nvidia/f1tenth_ws/install/new_map_saver://home/nvidia/f1tenth_ws/install/mouse_teleop://home/nvidia/f1tenth_ws/install/mapping://home/nvidia/f1tenth_ws/install/key_teleop://home/nvidia/f1tenth_ws/install/f1tenth_controllers:/opt/ros/foxy')]), 'shell': False}
[16.616933] (vesc_msgs) CommandEnded: {'returncode': 0}
[16.652605] (-) TimerEvent: {}
[16.656834] (vesc_msgs) JobProgress: {'identifier': 'vesc_msgs', 'progress': 'build'}
[16.657135] (vesc_msgs) Command: {'cmd': ['/usr/bin/cmake', '--build', '/home/nvidia/f1tenth_ws/build/vesc_msgs', '--', '-j6', '-l6'], 'cwd': '/home/nvidia/f1tenth_ws/build/vesc_msgs', 'env': OrderedDict([('LESSOPEN', '| /usr/bin/lesspipe %s'), ('USER', 'nvidia'), ('SSH_AGENT_PID', '3963'), ('XDG_SESSION_TYPE', 'x11'), ('SHLVL', '1'), ('LD_LIBRARY_PATH', '//home/nvidia/f1tenth_ws/install/vesc_driver/lib://home/nvidia/f1tenth_ws/install/vesc_ackermann/lib://home/nvidia/f1tenth_ws/install/vesc_msgs/lib://home/nvidia/f1tenth_ws/install/teleop_tools_msgs/lib:/usr/lib/aarch64-linux-gnu/gazebo-11/plugins:/opt/ros/foxy/opt/yaml_cpp_vendor/lib:/opt/ros/foxy/opt/rviz_ogre_vendor/lib:/opt/ros/foxy/lib/aarch64-linux-gnu:/opt/ros/foxy/lib:/usr/local/cuda-11.4/lib64:'), ('HOME', '/home/nvidia'), ('OLDPWD', '/home/nvidia'), ('DESKTOP_SESSION', 'ubuntu'), ('ROS_PYTHON_VERSION', '3'), ('GNOME_SHELL_SESSION_MODE', 'ubuntu'), ('GTK_MODULES', 'gail:atk-bridge'), ('MANAGERPID', '3863'), ('DBUS_SESSION_BUS_ADDRESS', 'unix:path=/run/user/1000/bus'), ('COLORTERM', 'truecolor'), ('TERMINATOR_DBUS_NAME', 'net.tenshu.Terminator23558193cd9818af7fe4d2c2f5bd9d00f'), ('GIO_LAUNCHED_DESKTOP_FILE_PID', '4619'), ('IM_CONFIG_PHASE', '1'), ('COLCON_PREFIX_PATH', '//home/nvidia/f1tenth_ws/install'), ('ROS_DISTRO', 'foxy'), ('LOGNAME', 'nvidia'), ('JOURNAL_STREAM', '8:70019'), ('_', '/usr/bin/colcon'), ('ROS_VERSION', '2'), ('XDG_SESSION_CLASS', 'user'), ('USERNAME', 'nvidia'), ('TERM', 'xterm-256color'), ('GAZEBO_MODEL_PATH', ':/opt/ros/foxy/share/turtlebot3_gazebo/models'), ('GNOME_DESKTOP_SESSION_ID', 'this-is-deprecated'), ('ROS_LOCALHOST_ONLY', '0'), ('WINDOWPATH', '2'), ('PATH', '//home/nvidia/f1tenth_ws/install/range_lib/bin:/opt/ros/foxy/bin:/usr/local/cuda-11.4/bin:/home/nvidia/.local/bin:/usr/local/sbin:/usr/local/bin:/usr/sbin:/usr/bin:/sbin:/bin:/usr/games:/usr/local/games:/snap/bin'), ('SESSION_MANAGER', 'local/ubuntu:@/tmp/.ICE-unix/4000,unix/ubuntu:/tmp/.ICE-unix/4000'), ('INVOCATION_ID', 'f345853a86154e6d9c622f5fbfdc1ac4'), ('XDG_MENU_PREFIX', 'gnome-'), ('XDG_RUNTIME_DIR', '/run/user/1000'), ('DISPLAY', ':1'), ('TERMINATOR_DBUS_PATH', '/net/tenshu/Terminator2'), ('LANG', 'en_US.UTF-8'), ('XDG_CURRENT_DESKTOP', 'ubuntu:GNOME'), ('XMODIFIERS', '@im=ibus'), ('XDG_SESSION_DESKTOP', 'ubuntu'), ('XAUTHORITY', '/run/user/1000/gdm/Xauthority'), ('LS_COLORS', 'rs=0:di=01;34:ln=01;36:mh=00:pi=40;33:so=01;35:do=01;35:bd=40;33;01:cd=40;33;01:or=40;31;01:mi=00:su=37;41:sg=30;43:ca=30;41:tw=30;42:ow=34;42:st=37;44:ex=01;32:*.tar=01;31:*.tgz=01;31:*.arc=01;31:*.arj=01;31:*.taz=01;31:*.lha=01;31:*.lz4=01;31:*.lzh=01;31:*.lzma=01;31:*.tlz=01;31:*.txz=01;31:*.tzo=01;31:*.t7z=01;31:*.zip=01;31:*.z=01;31:*.dz=01;31:*.gz=01;31:*.lrz=01;31:*.lz=01;31:*.lzo=01;31:*.xz=01;31:*.zst=01;31:*.tzst=01;31:*.bz2=01;31:*.bz=01;31:*.tbz=01;31:*.tbz2=01;31:*.tz=01;31:*.deb=01;31:*.rpm=01;31:*.jar=01;31:*.war=01;31:*.ear=01;31:*.sar=01;31:*.rar=01;31:*.alz=01;31:*.ace=01;31:*.zoo=01;31:*.cpio=01;31:*.7z=01;31:*.rz=01;31:*.cab=01;31:*.wim=01;31:*.swm=01;31:*.dwm=01;31:*.esd=01;31:*.jpg=01;35:*.jpeg=01;35:*.mjpg=01;35:*.mjpeg=01;35:*.gif=01;35:*.bmp=01;35:*.pbm=01;35:*.pgm=01;35:*.ppm=01;35:*.tga=01;35:*.xbm=01;35:*.xpm=01;35:*.tif=01;35:*.tiff=01;35:*.png=01;35:*.svg=01;35:*.svgz=01;35:*.mng=01;35:*.pcx=01;35:*.mov=01;35:*.mpg=01;35:*.mpeg=01;35:*.m2v=01;35:*.mkv=01;35:*.webm=01;35:*.ogm=01;35:*.mp4=01;35:*.m4v=01;35:*.mp4v=01;35:*.vob=01;35:*.qt=01;35:*.nuv=01;35:*.wmv=01;35:*.asf=01;35:*.rm=01;35:*.rmvb=01;35:*.flc=01;35:*.avi=01;35:*.fli=01;35:*.flv=01;35:*.gl=01;35:*.dl=01;35:*.xcf=01;35:*.xwd=01;35:*.yuv=01;35:*.cgm=01;35:*.emf=01;35:*.ogv=01;35:*.ogx=01;35:*.aac=00;36:*.au=00;36:*.flac=00;36:*.m4a=00;36:*.mid=00;36:*.midi=00;36:*.mka=00;36:*.mp3=00;36:*.mpc=00;36:*.ogg=00;36:*.ra=00;36:*.wav=00;36:*.oga=00;36:*.opus=00;36:*.spx=00;36:*.xspf=00;36:'), ('SSH_AUTH_SOCK', '/run/user/1000/keyring/ssh'), ('ROS_DOMAIN_ID', '10'), ('AMENT_PREFIX_PATH', '//home/nvidia/f1tenth_ws/install/f1tenth_stack://home/nvidia/f1tenth_ws/install/vesc://home/nvidia/f1tenth_ws/install/vesc_driver://home/nvidia/f1tenth_ws/install/vesc_ackermann://home/nvidia/f1tenth_ws/install/vesc_msgs://home/nvidia/f1tenth_ws/install/teleop_tools://home/nvidia/f1tenth_ws/install/joy_teleop://home/nvidia/f1tenth_ws/install/teleop_tools_msgs://home/nvidia/f1tenth_ws/install/phasespace://home/nvidia/f1tenth_ws/install/particle_filter://home/nvidia/f1tenth_ws/install/new_map_saver://home/nvidia/f1tenth_ws/install/mouse_teleop://home/nvidia/f1tenth_ws/install/mapping://home/nvidia/f1tenth_ws/install/key_teleop://home/nvidia/f1tenth_ws/install/f1tenth_controllers://home/nvidia/f1tenth_ws/install/ackermann_mux:/opt/ros/foxy'), ('SHELL', '/bin/bash'), ('TERMINATOR_UUID', 'urn:uuid:3f2a181a-16ef-4091-b349-7c01a0bf8815'), ('QT_ACCESSIBILITY', '1'), ('GDMSESSION', 'ubuntu'), ('LESSCLOSE', '/usr/bin/lesspipe %s %s'), ('GPG_AGENT_INFO', '/run/user/1000/gnupg/S.gpg-agent:0:1'), ('QT_IM_MODULE', 'ibus'), ('PWD', '/home/nvidia/f1tenth_ws/build/vesc_msgs'), ('TURTLEBOT3_MODEL', 'waffle'), ('LC_ALL', 'en_US.UTF-8'), ('XDG_CONFIG_DIRS', '/etc/xdg/xdg-ubuntu:/etc/xdg'), ('XDG_DATA_DIRS', '/usr/share/ubuntu:/usr/local/share/:/usr/share/:/var/lib/snapd/desktop'), ('PYTHONPATH', '//home/nvidia/f1tenth_ws/install/f1tenth_stack/lib/python3.8/site-packages://home/nvidia/f1tenth_ws/install/vesc_msgs/lib/python3.8/site-packages://home/nvidia/f1tenth_ws/install/joy_teleop/lib/python3.8/site-packages://home/nvidia/f1tenth_ws/install/teleop_tools_msgs/lib/python3.8/site-packages://home/nvidia/f1tenth_ws/install/phasespace/lib/python3.8/site-packages://home/nvidia/f1tenth_ws/install/particle_filter/lib/python3.8/site-packages://home/nvidia/f1tenth_ws/install/new_map_saver/lib/python3.8/site-packages://home/nvidia/f1tenth_ws/install/mouse_teleop/lib/python3.8/site-packages://home/nvidia/f1tenth_ws/install/mapping/lib/python3.8/site-packages://home/nvidia/f1tenth_ws/install/key_teleop/lib/python3.8/site-packages://home/nvidia/f1tenth_ws/install/f1tenth_controllers/lib/python3.8/site-packages:/opt/ros/foxy/lib/python3.8/site-packages'), ('COLCON', '1'), ('VTE_VERSION', '6003'), ('CMAKE_PREFIX_PATH', '//home/nvidia/f1tenth_ws/install/vesc://home/nvidia/f1tenth_ws/install/vesc_driver://home/nvidia/f1tenth_ws/install/vesc_ackermann://home/nvidia/f1tenth_ws/install/vesc_msgs://home/nvidia/f1tenth_ws/install/teleop_tools://home/nvidia/f1tenth_ws/install/teleop_tools_msgs://home/nvidia/f1tenth_ws/install/range_lib://home/nvidia/f1tenth_ws/install/ackermann_mux://home/nvidia/f1tenth_ws/install/f1tenth_stack://home/nvidia/f1tenth_ws/install/joy_teleop://home/nvidia/f1tenth_ws/install/phasespace://home/nvidia/f1tenth_ws/install/particle_filter://home/nvidia/f1tenth_ws/install/new_map_saver://home/nvidia/f1tenth_ws/install/mouse_teleop://home/nvidia/f1tenth_ws/install/mapping://home/nvidia/f1tenth_ws/install/key_teleop://home/nvidia/f1tenth_ws/install/f1tenth_controllers:/opt/ros/foxy')]), 'shell': False}
[16.754134] (-) TimerEvent: {}
[16.859085] (-) TimerEvent: {}
[16.926567] (ackermann_mux) StdoutLine: {'line': b'\x1b[35m\x1b[1mScanning dependencies of target ackermann_mux\x1b[0m\n'}
[16.959357] (-) TimerEvent: {}
[16.973272] (teleop_tools_msgs) StdoutLine: {'line': b'\x1b[35m\x1b[1mScanning dependencies of target teleop_tools_msgs__cpp\x1b[0m\n'}
[17.059568] (-) TimerEvent: {}
[17.070583] (teleop_tools_msgs) StdoutLine: {'line': b'[  3%] \x1b[34m\x1b[1mGenerating C code for ROS interfaces\x1b[0m\n'}
[17.073999] (vesc_msgs) StdoutLine: {'line': b'[  1%] \x1b[34m\x1b[1mGenerating C code for ROS interfaces\x1b[0m\n'}
[17.159944] (-) TimerEvent: {}
[17.163248] (teleop_tools_msgs) StdoutLine: {'line': b'[  6%] \x1b[34m\x1b[1mGenerating C++ code for ROS interfaces\x1b[0m\n'}
[17.166209] (vesc_msgs) StdoutLine: {'line': b'\x1b[35m\x1b[1mScanning dependencies of target vesc_msgs__cpp\x1b[0m\n'}
[17.260188] (-) TimerEvent: {}
[17.361637] (-) TimerEvent: {}
[17.391168] (vesc_msgs) StdoutLine: {'line': b'[  3%] \x1b[34m\x1b[1mGenerating C++ code for ROS interfaces\x1b[0m\n'}
[17.461862] (-) TimerEvent: {}
[17.562904] (-) TimerEvent: {}
[17.663950] (-) TimerEvent: {}
[17.698706] (ackermann_mux) StdoutLine: {'line': b'[ 25%] \x1b[32mBuilding CXX object CMakeFiles/ackermann_mux.dir/src/ackermann_mux_node.cpp.o\x1b[0m\n'}
[17.711788] (ackermann_mux) StdoutLine: {'line': b'[ 50%] \x1b[32mBuilding CXX object CMakeFiles/ackermann_mux.dir/src/ackermann_mux.cpp.o\x1b[0m\n'}
[17.764219] (-) TimerEvent: {}
[17.800161] (ackermann_mux) StdoutLine: {'line': b'[ 75%] \x1b[32mBuilding CXX object CMakeFiles/ackermann_mux.dir/src/ackermann_mux_diagnostics.cpp.o\x1b[0m\n'}
[17.864451] (-) TimerEvent: {}
[17.965495] (-) TimerEvent: {}
[18.067046] (-) TimerEvent: {}
[18.168095] (-) TimerEvent: {}
[18.269133] (-) TimerEvent: {}
[18.370204] (-) TimerEvent: {}
[18.471212] (-) TimerEvent: {}
[18.572222] (-) TimerEvent: {}
[18.673256] (-) TimerEvent: {}
[18.775453] (-) TimerEvent: {}
[18.876531] (-) TimerEvent: {}
[18.977640] (-) TimerEvent: {}
[19.078863] (-) TimerEvent: {}
[19.179895] (-) TimerEvent: {}
[19.281048] (-) TimerEvent: {}
[19.382864] (-) TimerEvent: {}
[19.483917] (-) TimerEvent: {}
[19.584946] (-) TimerEvent: {}
[19.686070] (-) TimerEvent: {}
[19.788495] (-) TimerEvent: {}
[19.889592] (-) TimerEvent: {}
[19.990835] (-) TimerEvent: {}
[20.091938] (-) TimerEvent: {}
[20.193091] (-) TimerEvent: {}
[20.294213] (-) TimerEvent: {}
[20.395249] (-) TimerEvent: {}
[20.496384] (-) TimerEvent: {}
[20.597487] (-) TimerEvent: {}
[20.698623] (-) TimerEvent: {}
[20.799643] (-) TimerEvent: {}
[20.900656] (-) TimerEvent: {}
[21.002598] (-) TimerEvent: {}
[21.103636] (-) TimerEvent: {}
[21.204746] (-) TimerEvent: {}
[21.231120] (phasespace) Command: {'cmd': ['/usr/bin/python3', '-W', 'ignore:setup.py install is deprecated', 'setup.py', 'egg_info', '--egg-base', '../../build/phasespace', 'build', '--build-base', '/home/nvidia/f1tenth_ws/build/phasespace/build', 'install', '--record', '/home/nvidia/f1tenth_ws/build/phasespace/install.log', '--install-scripts', '$base/lib/phasespace', '--single-version-externally-managed', 'install_data'], 'cwd': '/home/nvidia/f1tenth_ws/src/phasespace', 'env': {'LESSOPEN': '| /usr/bin/lesspipe %s', 'USER': 'nvidia', 'SSH_AGENT_PID': '3963', 'XDG_SESSION_TYPE': 'x11', 'SHLVL': '1', 'LD_LIBRARY_PATH': '//home/nvidia/f1tenth_ws/install/vesc_driver/lib://home/nvidia/f1tenth_ws/install/vesc_ackermann/lib://home/nvidia/f1tenth_ws/install/vesc_msgs/lib://home/nvidia/f1tenth_ws/install/teleop_tools_msgs/lib:/usr/lib/aarch64-linux-gnu/gazebo-11/plugins:/opt/ros/foxy/opt/yaml_cpp_vendor/lib:/opt/ros/foxy/opt/rviz_ogre_vendor/lib:/opt/ros/foxy/lib/aarch64-linux-gnu:/opt/ros/foxy/lib:/usr/local/cuda-11.4/lib64:', 'HOME': '/home/nvidia', 'OLDPWD': '/home/nvidia', 'DESKTOP_SESSION': 'ubuntu', 'ROS_PYTHON_VERSION': '3', 'GNOME_SHELL_SESSION_MODE': 'ubuntu', 'GTK_MODULES': 'gail:atk-bridge', 'MANAGERPID': '3863', 'DBUS_SESSION_BUS_ADDRESS': 'unix:path=/run/user/1000/bus', 'COLORTERM': 'truecolor', 'TERMINATOR_DBUS_NAME': 'net.tenshu.Terminator23558193cd9818af7fe4d2c2f5bd9d00f', 'GIO_LAUNCHED_DESKTOP_FILE_PID': '4619', 'IM_CONFIG_PHASE': '1', 'COLCON_PREFIX_PATH': '//home/nvidia/f1tenth_ws/install', 'ROS_DISTRO': 'foxy', 'LOGNAME': 'nvidia', 'JOURNAL_STREAM': '8:70019', '_': '/usr/bin/colcon', 'ROS_VERSION': '2', 'XDG_SESSION_CLASS': 'user', 'USERNAME': 'nvidia', 'TERM': 'xterm-256color', 'GAZEBO_MODEL_PATH': ':/opt/ros/foxy/share/turtlebot3_gazebo/models', 'GNOME_DESKTOP_SESSION_ID': 'this-is-deprecated', 'ROS_LOCALHOST_ONLY': '0', 'WINDOWPATH': '2', 'PATH': '//home/nvidia/f1tenth_ws/install/range_lib/bin:/opt/ros/foxy/bin:/usr/local/cuda-11.4/bin:/home/nvidia/.local/bin:/usr/local/sbin:/usr/local/bin:/usr/sbin:/usr/bin:/sbin:/bin:/usr/games:/usr/local/games:/snap/bin', 'SESSION_MANAGER': 'local/ubuntu:@/tmp/.ICE-unix/4000,unix/ubuntu:/tmp/.ICE-unix/4000', 'INVOCATION_ID': 'f345853a86154e6d9c622f5fbfdc1ac4', 'XDG_MENU_PREFIX': 'gnome-', 'XDG_RUNTIME_DIR': '/run/user/1000', 'DISPLAY': ':1', 'TERMINATOR_DBUS_PATH': '/net/tenshu/Terminator2', 'LANG': 'en_US.UTF-8', 'XDG_CURRENT_DESKTOP': 'ubuntu:GNOME', 'XMODIFIERS': '@im=ibus', 'XDG_SESSION_DESKTOP': 'ubuntu', 'XAUTHORITY': '/run/user/1000/gdm/Xauthority', 'LS_COLORS': 'rs=0:di=01;34:ln=01;36:mh=00:pi=40;33:so=01;35:do=01;35:bd=40;33;01:cd=40;33;01:or=40;31;01:mi=00:su=37;41:sg=30;43:ca=30;41:tw=30;42:ow=34;42:st=37;44:ex=01;32:*.tar=01;31:*.tgz=01;31:*.arc=01;31:*.arj=01;31:*.taz=01;31:*.lha=01;31:*.lz4=01;31:*.lzh=01;31:*.lzma=01;31:*.tlz=01;31:*.txz=01;31:*.tzo=01;31:*.t7z=01;31:*.zip=01;31:*.z=01;31:*.dz=01;31:*.gz=01;31:*.lrz=01;31:*.lz=01;31:*.lzo=01;31:*.xz=01;31:*.zst=01;31:*.tzst=01;31:*.bz2=01;31:*.bz=01;31:*.tbz=01;31:*.tbz2=01;31:*.tz=01;31:*.deb=01;31:*.rpm=01;31:*.jar=01;31:*.war=01;31:*.ear=01;31:*.sar=01;31:*.rar=01;31:*.alz=01;31:*.ace=01;31:*.zoo=01;31:*.cpio=01;31:*.7z=01;31:*.rz=01;31:*.cab=01;31:*.wim=01;31:*.swm=01;31:*.dwm=01;31:*.esd=01;31:*.jpg=01;35:*.jpeg=01;35:*.mjpg=01;35:*.mjpeg=01;35:*.gif=01;35:*.bmp=01;35:*.pbm=01;35:*.pgm=01;35:*.ppm=01;35:*.tga=01;35:*.xbm=01;35:*.xpm=01;35:*.tif=01;35:*.tiff=01;35:*.png=01;35:*.svg=01;35:*.svgz=01;35:*.mng=01;35:*.pcx=01;35:*.mov=01;35:*.mpg=01;35:*.mpeg=01;35:*.m2v=01;35:*.mkv=01;35:*.webm=01;35:*.ogm=01;35:*.mp4=01;35:*.m4v=01;35:*.mp4v=01;35:*.vob=01;35:*.qt=01;35:*.nuv=01;35:*.wmv=01;35:*.asf=01;35:*.rm=01;35:*.rmvb=01;35:*.flc=01;35:*.avi=01;35:*.fli=01;35:*.flv=01;35:*.gl=01;35:*.dl=01;35:*.xcf=01;35:*.xwd=01;35:*.yuv=01;35:*.cgm=01;35:*.emf=01;35:*.ogv=01;35:*.ogx=01;35:*.aac=00;36:*.au=00;36:*.flac=00;36:*.m4a=00;36:*.mid=00;36:*.midi=00;36:*.mka=00;36:*.mp3=00;36:*.mpc=00;36:*.ogg=00;36:*.ra=00;36:*.wav=00;36:*.oga=00;36:*.opus=00;36:*.spx=00;36:*.xspf=00;36:', 'SSH_AUTH_SOCK': '/run/user/1000/keyring/ssh', 'ROS_DOMAIN_ID': '10', 'AMENT_PREFIX_PATH': '//home/nvidia/f1tenth_ws/install/f1tenth_stack://home/nvidia/f1tenth_ws/install/vesc://home/nvidia/f1tenth_ws/install/vesc_driver://home/nvidia/f1tenth_ws/install/vesc_ackermann://home/nvidia/f1tenth_ws/install/vesc_msgs://home/nvidia/f1tenth_ws/install/teleop_tools://home/nvidia/f1tenth_ws/install/joy_teleop://home/nvidia/f1tenth_ws/install/teleop_tools_msgs://home/nvidia/f1tenth_ws/install/phasespace://home/nvidia/f1tenth_ws/install/particle_filter://home/nvidia/f1tenth_ws/install/new_map_saver://home/nvidia/f1tenth_ws/install/mouse_teleop://home/nvidia/f1tenth_ws/install/mapping://home/nvidia/f1tenth_ws/install/key_teleop://home/nvidia/f1tenth_ws/install/f1tenth_controllers://home/nvidia/f1tenth_ws/install/ackermann_mux:/opt/ros/foxy', 'SHELL': '/bin/bash', 'TERMINATOR_UUID': 'urn:uuid:3f2a181a-16ef-4091-b349-7c01a0bf8815', 'QT_ACCESSIBILITY': '1', 'GDMSESSION': 'ubuntu', 'LESSCLOSE': '/usr/bin/lesspipe %s %s', 'GPG_AGENT_INFO': '/run/user/1000/gnupg/S.gpg-agent:0:1', 'QT_IM_MODULE': 'ibus', 'PWD': '/home/nvidia/f1tenth_ws/build/phasespace', 'TURTLEBOT3_MODEL': 'waffle', 'LC_ALL': 'en_US.UTF-8', 'XDG_CONFIG_DIRS': '/etc/xdg/xdg-ubuntu:/etc/xdg', 'XDG_DATA_DIRS': '/usr/share/ubuntu:/usr/local/share/:/usr/share/:/var/lib/snapd/desktop', 'PYTHONPATH': '/home/nvidia/f1tenth_ws/build/phasespace/prefix_override:/usr/lib/python3/dist-packages/colcon_core/task/python/colcon_distutils_commands:/home/nvidia/f1tenth_ws/install/phasespace/lib/python3.8/site-packages://home/nvidia/f1tenth_ws/install/f1tenth_stack/lib/python3.8/site-packages://home/nvidia/f1tenth_ws/install/vesc_msgs/lib/python3.8/site-packages://home/nvidia/f1tenth_ws/install/joy_teleop/lib/python3.8/site-packages://home/nvidia/f1tenth_ws/install/teleop_tools_msgs/lib/python3.8/site-packages://home/nvidia/f1tenth_ws/install/phasespace/lib/python3.8/site-packages://home/nvidia/f1tenth_ws/install/particle_filter/lib/python3.8/site-packages://home/nvidia/f1tenth_ws/install/new_map_saver/lib/python3.8/site-packages://home/nvidia/f1tenth_ws/install/mouse_teleop/lib/python3.8/site-packages://home/nvidia/f1tenth_ws/install/mapping/lib/python3.8/site-packages://home/nvidia/f1tenth_ws/install/key_teleop/lib/python3.8/site-packages://home/nvidia/f1tenth_ws/install/f1tenth_controllers/lib/python3.8/site-packages:/opt/ros/foxy/lib/python3.8/site-packages', 'COLCON': '1', 'VTE_VERSION': '6003', 'CMAKE_PREFIX_PATH': '//home/nvidia/f1tenth_ws/install/vesc://home/nvidia/f1tenth_ws/install/vesc_driver://home/nvidia/f1tenth_ws/install/vesc_ackermann://home/nvidia/f1tenth_ws/install/vesc_msgs://home/nvidia/f1tenth_ws/install/teleop_tools://home/nvidia/f1tenth_ws/install/teleop_tools_msgs://home/nvidia/f1tenth_ws/install/range_lib://home/nvidia/f1tenth_ws/install/ackermann_mux'}, 'shell': False}
[21.305605] (-) TimerEvent: {}
[21.408093] (-) TimerEvent: {}
[21.509180] (-) TimerEvent: {}
[21.537445] (mouse_teleop) Command: {'cmd': ['/usr/bin/python3', '-W', 'ignore:setup.py install is deprecated', 'setup.py', 'egg_info', '--egg-base', '../../../../build/mouse_teleop', 'build', '--build-base', '/home/nvidia/f1tenth_ws/build/mouse_teleop/build', 'install', '--record', '/home/nvidia/f1tenth_ws/build/mouse_teleop/install.log', '--install-scripts', '$base/lib/mouse_teleop', '--single-version-externally-managed', 'install_data'], 'cwd': '/home/nvidia/f1tenth_ws/src/f1tenth_system/teleop_tools/mouse_teleop', 'env': {'LESSOPEN': '| /usr/bin/lesspipe %s', 'USER': 'nvidia', 'SSH_AGENT_PID': '3963', 'XDG_SESSION_TYPE': 'x11', 'SHLVL': '1', 'LD_LIBRARY_PATH': '//home/nvidia/f1tenth_ws/install/vesc_driver/lib://home/nvidia/f1tenth_ws/install/vesc_ackermann/lib://home/nvidia/f1tenth_ws/install/vesc_msgs/lib://home/nvidia/f1tenth_ws/install/teleop_tools_msgs/lib:/usr/lib/aarch64-linux-gnu/gazebo-11/plugins:/opt/ros/foxy/opt/yaml_cpp_vendor/lib:/opt/ros/foxy/opt/rviz_ogre_vendor/lib:/opt/ros/foxy/lib/aarch64-linux-gnu:/opt/ros/foxy/lib:/usr/local/cuda-11.4/lib64:', 'HOME': '/home/nvidia', 'OLDPWD': '/home/nvidia', 'DESKTOP_SESSION': 'ubuntu', 'ROS_PYTHON_VERSION': '3', 'GNOME_SHELL_SESSION_MODE': 'ubuntu', 'GTK_MODULES': 'gail:atk-bridge', 'MANAGERPID': '3863', 'DBUS_SESSION_BUS_ADDRESS': 'unix:path=/run/user/1000/bus', 'COLORTERM': 'truecolor', 'TERMINATOR_DBUS_NAME': 'net.tenshu.Terminator23558193cd9818af7fe4d2c2f5bd9d00f', 'GIO_LAUNCHED_DESKTOP_FILE_PID': '4619', 'IM_CONFIG_PHASE': '1', 'COLCON_PREFIX_PATH': '//home/nvidia/f1tenth_ws/install', 'ROS_DISTRO': 'foxy', 'LOGNAME': 'nvidia', 'JOURNAL_STREAM': '8:70019', '_': '/usr/bin/colcon', 'ROS_VERSION': '2', 'XDG_SESSION_CLASS': 'user', 'USERNAME': 'nvidia', 'TERM': 'xterm-256color', 'GAZEBO_MODEL_PATH': ':/opt/ros/foxy/share/turtlebot3_gazebo/models', 'GNOME_DESKTOP_SESSION_ID': 'this-is-deprecated', 'ROS_LOCALHOST_ONLY': '0', 'WINDOWPATH': '2', 'PATH': '//home/nvidia/f1tenth_ws/install/range_lib/bin:/opt/ros/foxy/bin:/usr/local/cuda-11.4/bin:/home/nvidia/.local/bin:/usr/local/sbin:/usr/local/bin:/usr/sbin:/usr/bin:/sbin:/bin:/usr/games:/usr/local/games:/snap/bin', 'SESSION_MANAGER': 'local/ubuntu:@/tmp/.ICE-unix/4000,unix/ubuntu:/tmp/.ICE-unix/4000', 'INVOCATION_ID': 'f345853a86154e6d9c622f5fbfdc1ac4', 'XDG_MENU_PREFIX': 'gnome-', 'XDG_RUNTIME_DIR': '/run/user/1000', 'DISPLAY': ':1', 'TERMINATOR_DBUS_PATH': '/net/tenshu/Terminator2', 'LANG': 'en_US.UTF-8', 'XDG_CURRENT_DESKTOP': 'ubuntu:GNOME', 'XMODIFIERS': '@im=ibus', 'XDG_SESSION_DESKTOP': 'ubuntu', 'XAUTHORITY': '/run/user/1000/gdm/Xauthority', 'LS_COLORS': 'rs=0:di=01;34:ln=01;36:mh=00:pi=40;33:so=01;35:do=01;35:bd=40;33;01:cd=40;33;01:or=40;31;01:mi=00:su=37;41:sg=30;43:ca=30;41:tw=30;42:ow=34;42:st=37;44:ex=01;32:*.tar=01;31:*.tgz=01;31:*.arc=01;31:*.arj=01;31:*.taz=01;31:*.lha=01;31:*.lz4=01;31:*.lzh=01;31:*.lzma=01;31:*.tlz=01;31:*.txz=01;31:*.tzo=01;31:*.t7z=01;31:*.zip=01;31:*.z=01;31:*.dz=01;31:*.gz=01;31:*.lrz=01;31:*.lz=01;31:*.lzo=01;31:*.xz=01;31:*.zst=01;31:*.tzst=01;31:*.bz2=01;31:*.bz=01;31:*.tbz=01;31:*.tbz2=01;31:*.tz=01;31:*.deb=01;31:*.rpm=01;31:*.jar=01;31:*.war=01;31:*.ear=01;31:*.sar=01;31:*.rar=01;31:*.alz=01;31:*.ace=01;31:*.zoo=01;31:*.cpio=01;31:*.7z=01;31:*.rz=01;31:*.cab=01;31:*.wim=01;31:*.swm=01;31:*.dwm=01;31:*.esd=01;31:*.jpg=01;35:*.jpeg=01;35:*.mjpg=01;35:*.mjpeg=01;35:*.gif=01;35:*.bmp=01;35:*.pbm=01;35:*.pgm=01;35:*.ppm=01;35:*.tga=01;35:*.xbm=01;35:*.xpm=01;35:*.tif=01;35:*.tiff=01;35:*.png=01;35:*.svg=01;35:*.svgz=01;35:*.mng=01;35:*.pcx=01;35:*.mov=01;35:*.mpg=01;35:*.mpeg=01;35:*.m2v=01;35:*.mkv=01;35:*.webm=01;35:*.ogm=01;35:*.mp4=01;35:*.m4v=01;35:*.mp4v=01;35:*.vob=01;35:*.qt=01;35:*.nuv=01;35:*.wmv=01;35:*.asf=01;35:*.rm=01;35:*.rmvb=01;35:*.flc=01;35:*.avi=01;35:*.fli=01;35:*.flv=01;35:*.gl=01;35:*.dl=01;35:*.xcf=01;35:*.xwd=01;35:*.yuv=01;35:*.cgm=01;35:*.emf=01;35:*.ogv=01;35:*.ogx=01;35:*.aac=00;36:*.au=00;36:*.flac=00;36:*.m4a=00;36:*.mid=00;36:*.midi=00;36:*.mka=00;36:*.mp3=00;36:*.mpc=00;36:*.ogg=00;36:*.ra=00;36:*.wav=00;36:*.oga=00;36:*.opus=00;36:*.spx=00;36:*.xspf=00;36:', 'SSH_AUTH_SOCK': '/run/user/1000/keyring/ssh', 'ROS_DOMAIN_ID': '10', 'AMENT_PREFIX_PATH': '//home/nvidia/f1tenth_ws/install/f1tenth_stack://home/nvidia/f1tenth_ws/install/vesc://home/nvidia/f1tenth_ws/install/vesc_driver://home/nvidia/f1tenth_ws/install/vesc_ackermann://home/nvidia/f1tenth_ws/install/vesc_msgs://home/nvidia/f1tenth_ws/install/teleop_tools://home/nvidia/f1tenth_ws/install/joy_teleop://home/nvidia/f1tenth_ws/install/teleop_tools_msgs://home/nvidia/f1tenth_ws/install/phasespace://home/nvidia/f1tenth_ws/install/particle_filter://home/nvidia/f1tenth_ws/install/new_map_saver://home/nvidia/f1tenth_ws/install/mouse_teleop://home/nvidia/f1tenth_ws/install/mapping://home/nvidia/f1tenth_ws/install/key_teleop://home/nvidia/f1tenth_ws/install/f1tenth_controllers://home/nvidia/f1tenth_ws/install/ackermann_mux:/opt/ros/foxy', 'SHELL': '/bin/bash', 'TERMINATOR_UUID': 'urn:uuid:3f2a181a-16ef-4091-b349-7c01a0bf8815', 'QT_ACCESSIBILITY': '1', 'GDMSESSION': 'ubuntu', 'LESSCLOSE': '/usr/bin/lesspipe %s %s', 'GPG_AGENT_INFO': '/run/user/1000/gnupg/S.gpg-agent:0:1', 'QT_IM_MODULE': 'ibus', 'PWD': '/home/nvidia/f1tenth_ws/build/mouse_teleop', 'TURTLEBOT3_MODEL': 'waffle', 'LC_ALL': 'en_US.UTF-8', 'XDG_CONFIG_DIRS': '/etc/xdg/xdg-ubuntu:/etc/xdg', 'XDG_DATA_DIRS': '/usr/share/ubuntu:/usr/local/share/:/usr/share/:/var/lib/snapd/desktop', 'PYTHONPATH': '/home/nvidia/f1tenth_ws/build/mouse_teleop/prefix_override:/usr/lib/python3/dist-packages/colcon_core/task/python/colcon_distutils_commands:/home/nvidia/f1tenth_ws/install/mouse_teleop/lib/python3.8/site-packages://home/nvidia/f1tenth_ws/install/f1tenth_stack/lib/python3.8/site-packages://home/nvidia/f1tenth_ws/install/vesc_msgs/lib/python3.8/site-packages://home/nvidia/f1tenth_ws/install/joy_teleop/lib/python3.8/site-packages://home/nvidia/f1tenth_ws/install/teleop_tools_msgs/lib/python3.8/site-packages://home/nvidia/f1tenth_ws/install/phasespace/lib/python3.8/site-packages://home/nvidia/f1tenth_ws/install/particle_filter/lib/python3.8/site-packages://home/nvidia/f1tenth_ws/install/new_map_saver/lib/python3.8/site-packages://home/nvidia/f1tenth_ws/install/mouse_teleop/lib/python3.8/site-packages://home/nvidia/f1tenth_ws/install/mapping/lib/python3.8/site-packages://home/nvidia/f1tenth_ws/install/key_teleop/lib/python3.8/site-packages://home/nvidia/f1tenth_ws/install/f1tenth_controllers/lib/python3.8/site-packages:/opt/ros/foxy/lib/python3.8/site-packages', 'COLCON': '1', 'VTE_VERSION': '6003', 'CMAKE_PREFIX_PATH': '//home/nvidia/f1tenth_ws/install/vesc://home/nvidia/f1tenth_ws/install/vesc_driver://home/nvidia/f1tenth_ws/install/vesc_ackermann://home/nvidia/f1tenth_ws/install/vesc_msgs://home/nvidia/f1tenth_ws/install/teleop_tools://home/nvidia/f1tenth_ws/install/teleop_tools_msgs://home/nvidia/f1tenth_ws/install/range_lib://home/nvidia/f1tenth_ws/install/ackermann_mux'}, 'shell': False}
[21.615229] (-) TimerEvent: {}
[21.652410] (new_map_saver) Command: {'cmd': ['/usr/bin/python3', '-W', 'ignore:setup.py install is deprecated', 'setup.py', 'egg_info', '--egg-base', '../../build/new_map_saver', 'build', '--build-base', '/home/nvidia/f1tenth_ws/build/new_map_saver/build', 'install', '--record', '/home/nvidia/f1tenth_ws/build/new_map_saver/install.log', '--install-scripts', '$base/lib/new_map_saver', '--single-version-externally-managed', 'install_data'], 'cwd': '/home/nvidia/f1tenth_ws/src/new_map_saver', 'env': {'LESSOPEN': '| /usr/bin/lesspipe %s', 'USER': 'nvidia', 'SSH_AGENT_PID': '3963', 'XDG_SESSION_TYPE': 'x11', 'SHLVL': '1', 'LD_LIBRARY_PATH': '//home/nvidia/f1tenth_ws/install/vesc_driver/lib://home/nvidia/f1tenth_ws/install/vesc_ackermann/lib://home/nvidia/f1tenth_ws/install/vesc_msgs/lib://home/nvidia/f1tenth_ws/install/teleop_tools_msgs/lib:/usr/lib/aarch64-linux-gnu/gazebo-11/plugins:/opt/ros/foxy/opt/yaml_cpp_vendor/lib:/opt/ros/foxy/opt/rviz_ogre_vendor/lib:/opt/ros/foxy/lib/aarch64-linux-gnu:/opt/ros/foxy/lib:/usr/local/cuda-11.4/lib64:', 'HOME': '/home/nvidia', 'OLDPWD': '/home/nvidia', 'DESKTOP_SESSION': 'ubuntu', 'ROS_PYTHON_VERSION': '3', 'GNOME_SHELL_SESSION_MODE': 'ubuntu', 'GTK_MODULES': 'gail:atk-bridge', 'MANAGERPID': '3863', 'DBUS_SESSION_BUS_ADDRESS': 'unix:path=/run/user/1000/bus', 'COLORTERM': 'truecolor', 'TERMINATOR_DBUS_NAME': 'net.tenshu.Terminator23558193cd9818af7fe4d2c2f5bd9d00f', 'GIO_LAUNCHED_DESKTOP_FILE_PID': '4619', 'IM_CONFIG_PHASE': '1', 'COLCON_PREFIX_PATH': '//home/nvidia/f1tenth_ws/install', 'ROS_DISTRO': 'foxy', 'LOGNAME': 'nvidia', 'JOURNAL_STREAM': '8:70019', '_': '/usr/bin/colcon', 'ROS_VERSION': '2', 'XDG_SESSION_CLASS': 'user', 'USERNAME': 'nvidia', 'TERM': 'xterm-256color', 'GAZEBO_MODEL_PATH': ':/opt/ros/foxy/share/turtlebot3_gazebo/models', 'GNOME_DESKTOP_SESSION_ID': 'this-is-deprecated', 'ROS_LOCALHOST_ONLY': '0', 'WINDOWPATH': '2', 'PATH': '//home/nvidia/f1tenth_ws/install/range_lib/bin:/opt/ros/foxy/bin:/usr/local/cuda-11.4/bin:/home/nvidia/.local/bin:/usr/local/sbin:/usr/local/bin:/usr/sbin:/usr/bin:/sbin:/bin:/usr/games:/usr/local/games:/snap/bin', 'SESSION_MANAGER': 'local/ubuntu:@/tmp/.ICE-unix/4000,unix/ubuntu:/tmp/.ICE-unix/4000', 'INVOCATION_ID': 'f345853a86154e6d9c622f5fbfdc1ac4', 'XDG_MENU_PREFIX': 'gnome-', 'XDG_RUNTIME_DIR': '/run/user/1000', 'DISPLAY': ':1', 'TERMINATOR_DBUS_PATH': '/net/tenshu/Terminator2', 'LANG': 'en_US.UTF-8', 'XDG_CURRENT_DESKTOP': 'ubuntu:GNOME', 'XMODIFIERS': '@im=ibus', 'XDG_SESSION_DESKTOP': 'ubuntu', 'XAUTHORITY': '/run/user/1000/gdm/Xauthority', 'LS_COLORS': 'rs=0:di=01;34:ln=01;36:mh=00:pi=40;33:so=01;35:do=01;35:bd=40;33;01:cd=40;33;01:or=40;31;01:mi=00:su=37;41:sg=30;43:ca=30;41:tw=30;42:ow=34;42:st=37;44:ex=01;32:*.tar=01;31:*.tgz=01;31:*.arc=01;31:*.arj=01;31:*.taz=01;31:*.lha=01;31:*.lz4=01;31:*.lzh=01;31:*.lzma=01;31:*.tlz=01;31:*.txz=01;31:*.tzo=01;31:*.t7z=01;31:*.zip=01;31:*.z=01;31:*.dz=01;31:*.gz=01;31:*.lrz=01;31:*.lz=01;31:*.lzo=01;31:*.xz=01;31:*.zst=01;31:*.tzst=01;31:*.bz2=01;31:*.bz=01;31:*.tbz=01;31:*.tbz2=01;31:*.tz=01;31:*.deb=01;31:*.rpm=01;31:*.jar=01;31:*.war=01;31:*.ear=01;31:*.sar=01;31:*.rar=01;31:*.alz=01;31:*.ace=01;31:*.zoo=01;31:*.cpio=01;31:*.7z=01;31:*.rz=01;31:*.cab=01;31:*.wim=01;31:*.swm=01;31:*.dwm=01;31:*.esd=01;31:*.jpg=01;35:*.jpeg=01;35:*.mjpg=01;35:*.mjpeg=01;35:*.gif=01;35:*.bmp=01;35:*.pbm=01;35:*.pgm=01;35:*.ppm=01;35:*.tga=01;35:*.xbm=01;35:*.xpm=01;35:*.tif=01;35:*.tiff=01;35:*.png=01;35:*.svg=01;35:*.svgz=01;35:*.mng=01;35:*.pcx=01;35:*.mov=01;35:*.mpg=01;35:*.mpeg=01;35:*.m2v=01;35:*.mkv=01;35:*.webm=01;35:*.ogm=01;35:*.mp4=01;35:*.m4v=01;35:*.mp4v=01;35:*.vob=01;35:*.qt=01;35:*.nuv=01;35:*.wmv=01;35:*.asf=01;35:*.rm=01;35:*.rmvb=01;35:*.flc=01;35:*.avi=01;35:*.fli=01;35:*.flv=01;35:*.gl=01;35:*.dl=01;35:*.xcf=01;35:*.xwd=01;35:*.yuv=01;35:*.cgm=01;35:*.emf=01;35:*.ogv=01;35:*.ogx=01;35:*.aac=00;36:*.au=00;36:*.flac=00;36:*.m4a=00;36:*.mid=00;36:*.midi=00;36:*.mka=00;36:*.mp3=00;36:*.mpc=00;36:*.ogg=00;36:*.ra=00;36:*.wav=00;36:*.oga=00;36:*.opus=00;36:*.spx=00;36:*.xspf=00;36:', 'SSH_AUTH_SOCK': '/run/user/1000/keyring/ssh', 'ROS_DOMAIN_ID': '10', 'AMENT_PREFIX_PATH': '//home/nvidia/f1tenth_ws/install/f1tenth_stack://home/nvidia/f1tenth_ws/install/vesc://home/nvidia/f1tenth_ws/install/vesc_driver://home/nvidia/f1tenth_ws/install/vesc_ackermann://home/nvidia/f1tenth_ws/install/vesc_msgs://home/nvidia/f1tenth_ws/install/teleop_tools://home/nvidia/f1tenth_ws/install/joy_teleop://home/nvidia/f1tenth_ws/install/teleop_tools_msgs://home/nvidia/f1tenth_ws/install/phasespace://home/nvidia/f1tenth_ws/install/particle_filter://home/nvidia/f1tenth_ws/install/new_map_saver://home/nvidia/f1tenth_ws/install/mouse_teleop://home/nvidia/f1tenth_ws/install/mapping://home/nvidia/f1tenth_ws/install/key_teleop://home/nvidia/f1tenth_ws/install/f1tenth_controllers://home/nvidia/f1tenth_ws/install/ackermann_mux:/opt/ros/foxy', 'SHELL': '/bin/bash', 'TERMINATOR_UUID': 'urn:uuid:3f2a181a-16ef-4091-b349-7c01a0bf8815', 'QT_ACCESSIBILITY': '1', 'GDMSESSION': 'ubuntu', 'LESSCLOSE': '/usr/bin/lesspipe %s %s', 'GPG_AGENT_INFO': '/run/user/1000/gnupg/S.gpg-agent:0:1', 'QT_IM_MODULE': 'ibus', 'PWD': '/home/nvidia/f1tenth_ws/build/new_map_saver', 'TURTLEBOT3_MODEL': 'waffle', 'LC_ALL': 'en_US.UTF-8', 'XDG_CONFIG_DIRS': '/etc/xdg/xdg-ubuntu:/etc/xdg', 'XDG_DATA_DIRS': '/usr/share/ubuntu:/usr/local/share/:/usr/share/:/var/lib/snapd/desktop', 'PYTHONPATH': '/home/nvidia/f1tenth_ws/build/new_map_saver/prefix_override:/usr/lib/python3/dist-packages/colcon_core/task/python/colcon_distutils_commands:/home/nvidia/f1tenth_ws/install/new_map_saver/lib/python3.8/site-packages://home/nvidia/f1tenth_ws/install/f1tenth_stack/lib/python3.8/site-packages://home/nvidia/f1tenth_ws/install/vesc_msgs/lib/python3.8/site-packages://home/nvidia/f1tenth_ws/install/joy_teleop/lib/python3.8/site-packages://home/nvidia/f1tenth_ws/install/teleop_tools_msgs/lib/python3.8/site-packages://home/nvidia/f1tenth_ws/install/phasespace/lib/python3.8/site-packages://home/nvidia/f1tenth_ws/install/particle_filter/lib/python3.8/site-packages://home/nvidia/f1tenth_ws/install/new_map_saver/lib/python3.8/site-packages://home/nvidia/f1tenth_ws/install/mouse_teleop/lib/python3.8/site-packages://home/nvidia/f1tenth_ws/install/mapping/lib/python3.8/site-packages://home/nvidia/f1tenth_ws/install/key_teleop/lib/python3.8/site-packages://home/nvidia/f1tenth_ws/install/f1tenth_controllers/lib/python3.8/site-packages:/opt/ros/foxy/lib/python3.8/site-packages', 'COLCON': '1', 'VTE_VERSION': '6003', 'CMAKE_PREFIX_PATH': '//home/nvidia/f1tenth_ws/install/vesc://home/nvidia/f1tenth_ws/install/vesc_driver://home/nvidia/f1tenth_ws/install/vesc_ackermann://home/nvidia/f1tenth_ws/install/vesc_msgs://home/nvidia/f1tenth_ws/install/teleop_tools://home/nvidia/f1tenth_ws/install/teleop_tools_msgs://home/nvidia/f1tenth_ws/install/range_lib://home/nvidia/f1tenth_ws/install/ackermann_mux'}, 'shell': False}
[21.715315] (-) TimerEvent: {}
[21.816410] (-) TimerEvent: {}
[21.917441] (-) TimerEvent: {}
[22.018547] (-) TimerEvent: {}
[22.119590] (-) TimerEvent: {}
[22.220679] (-) TimerEvent: {}
[22.249468] (teleop_tools_msgs) StdoutLine: {'line': b'\x1b[35m\x1b[1mScanning dependencies of target teleop_tools_msgs__rosidl_generator_c\x1b[0m\n'}
[22.262769] (teleop_tools_msgs) StdoutLine: {'line': b'[  6%] Built target teleop_tools_msgs__cpp\n'}
[22.320901] (-) TimerEvent: {}
[22.422078] (-) TimerEvent: {}
[22.424278] (teleop_tools_msgs) StdoutLine: {'line': b'[  9%] \x1b[34m\x1b[1mGenerating C++ introspection for ROS interfaces\x1b[0m\n'}
[22.522163] (-) TimerEvent: {}
[22.537011] (teleop_tools_msgs) StdoutLine: {'line': b'[ 12%] \x1b[32mBuilding C object CMakeFiles/teleop_tools_msgs__rosidl_generator_c.dir/rosidl_generator_c/teleop_tools_msgs/action/detail/increment__functions.c.o\x1b[0m\n'}
[22.551928] (teleop_tools_msgs) StdoutLine: {'line': b'[ 16%] \x1b[34m\x1b[1mGenerating C++ type support dispatch for ROS interfaces\x1b[0m\n'}
[22.622407] (-) TimerEvent: {}
[22.723489] (-) TimerEvent: {}
[22.824506] (-) TimerEvent: {}
[22.925536] (-) TimerEvent: {}
[23.027069] (-) TimerEvent: {}
[23.128188] (-) TimerEvent: {}
[23.229172] (-) TimerEvent: {}
[23.330160] (-) TimerEvent: {}
[23.431155] (-) TimerEvent: {}
[23.532298] (-) TimerEvent: {}
[23.633836] (-) TimerEvent: {}
[23.735433] (-) TimerEvent: {}
[23.836526] (-) TimerEvent: {}
[23.937589] (-) TimerEvent: {}
[24.038690] (-) TimerEvent: {}
[24.139716] (-) TimerEvent: {}
[24.188461] (vesc_msgs) StdoutLine: {'line': b'\x1b[35m\x1b[1mScanning dependencies of target vesc_msgs__rosidl_generator_c\x1b[0m\n'}
[24.239984] (-) TimerEvent: {}
[24.341062] (-) TimerEvent: {}
[24.442565] (-) TimerEvent: {}
[24.506677] (vesc_msgs) StdoutLine: {'line': b'[  5%] \x1b[32mBuilding C object CMakeFiles/vesc_msgs__rosidl_generator_c.dir/rosidl_generator_c/vesc_msgs/msg/detail/vesc_state__functions.c.o\x1b[0m\n'}
[24.536124] (vesc_msgs) StdoutLine: {'line': b'[  7%] \x1b[32mBuilding C object CMakeFiles/vesc_msgs__rosidl_generator_c.dir/rosidl_generator_c/vesc_msgs/msg/detail/vesc_state_stamped__functions.c.o\x1b[0m\n'}
[24.542816] (-) TimerEvent: {}
[24.548133] (vesc_msgs) StdoutLine: {'line': b'[  7%] Built target vesc_msgs__cpp\n'}
[24.584853] (vesc_msgs) StdoutLine: {'line': b'[  9%] \x1b[32mBuilding C object CMakeFiles/vesc_msgs__rosidl_generator_c.dir/rosidl_generator_c/vesc_msgs/msg/detail/vesc_imu__functions.c.o\x1b[0m\n'}
[24.643059] (-) TimerEvent: {}
[24.744110] (-) TimerEvent: {}
[24.843595] (vesc_msgs) StdoutLine: {'line': b'[ 10%] \x1b[34m\x1b[1mGenerating C++ type support dispatch for ROS interfaces\x1b[0m\n'}
[24.844338] (-) TimerEvent: {}
[24.851671] (vesc_msgs) StdoutLine: {'line': b'[ 12%] \x1b[34m\x1b[1mGenerating C++ type support for eProsima Fast-RTPS\x1b[0m\n'}
[24.944614] (-) TimerEvent: {}
[24.972440] (phasespace) StdoutLine: {'line': b'running egg_info\n'}
[25.005868] (phasespace) StdoutLine: {'line': b'creating ../../build/phasespace/phasespace.egg-info\n'}
[25.007636] (phasespace) StdoutLine: {'line': b'writing ../../build/phasespace/phasespace.egg-info/PKG-INFO\n'}
[25.009648] (phasespace) StdoutLine: {'line': b'writing dependency_links to ../../build/phasespace/phasespace.egg-info/dependency_links.txt\n'}
[25.010862] (phasespace) StdoutLine: {'line': b'writing entry points to ../../build/phasespace/phasespace.egg-info/entry_points.txt\n'}
[25.011738] (phasespace) StdoutLine: {'line': b'writing requirements to ../../build/phasespace/phasespace.egg-info/requires.txt\n'}
[25.012478] (phasespace) StdoutLine: {'line': b'writing top-level names to ../../build/phasespace/phasespace.egg-info/top_level.txt\n'}
[25.020744] (phasespace) StdoutLine: {'line': b"writing manifest file '../../build/phasespace/phasespace.egg-info/SOURCES.txt'\n"}
[25.044866] (-) TimerEvent: {}
[25.145978] (-) TimerEvent: {}
[25.246980] (-) TimerEvent: {}
[25.347920] (-) TimerEvent: {}
[25.355458] (teleop_tools_msgs) StdoutLine: {'line': b'[ 19%] \x1b[32m\x1b[1mLinking C shared library libteleop_tools_msgs__rosidl_generator_c.so\x1b[0m\n'}
[25.448125] (-) TimerEvent: {}
[25.549095] (-) TimerEvent: {}
[25.583122] (vesc_msgs) StdoutLine: {'line': b'[ 14%] \x1b[32mBuilding C object CMakeFiles/vesc_msgs__rosidl_generator_c.dir/rosidl_generator_c/vesc_msgs/msg/detail/vesc_imu_stamped__functions.c.o\x1b[0m\n'}
[25.586200] (phasespace) StdoutLine: {'line': b"reading manifest file '../../build/phasespace/phasespace.egg-info/SOURCES.txt'\n"}
[25.589839] (phasespace) StdoutLine: {'line': b"writing manifest file '../../build/phasespace/phasespace.egg-info/SOURCES.txt'\n"}
[25.611485] (phasespace) StdoutLine: {'line': b'running build\n'}
[25.612818] (phasespace) StdoutLine: {'line': b'running build_py\n'}
[25.613290] (phasespace) StdoutLine: {'line': b'creating /home/nvidia/f1tenth_ws/build/phasespace/build\n'}
[25.613742] (phasespace) StdoutLine: {'line': b'creating /home/nvidia/f1tenth_ws/build/phasespace/build/lib\n'}
[25.616227] (phasespace) StdoutLine: {'line': b'creating /home/nvidia/f1tenth_ws/build/phasespace/build/lib/phasespace\n'}
[25.616636] (phasespace) StdoutLine: {'line': b'copying phasespace/__init__.py -> /home/nvidia/f1tenth_ws/build/phasespace/build/lib/phasespace\n'}
[25.617060] (phasespace) StdoutLine: {'line': b'copying phasespace/phasespace_node_ros2.py -> /home/nvidia/f1tenth_ws/build/phasespace/build/lib/phasespace\n'}
[25.623247] (phasespace) StdoutLine: {'line': b'running install\n'}
[25.628097] (phasespace) StdoutLine: {'line': b'running install_lib\n'}
[25.649363] (-) TimerEvent: {}
[25.650470] (phasespace) StdoutLine: {'line': b'creating /home/nvidia/f1tenth_ws/install/phasespace/lib/python3.8/site-packages/phasespace\n'}
[25.651485] (phasespace) StdoutLine: {'line': b'copying /home/nvidia/f1tenth_ws/build/phasespace/build/lib/phasespace/__init__.py -> /home/nvidia/f1tenth_ws/install/phasespace/lib/python3.8/site-packages/phasespace\n'}
[25.659179] (phasespace) StdoutLine: {'line': b'copying /home/nvidia/f1tenth_ws/build/phasespace/build/lib/phasespace/phasespace_node_ros2.py -> /home/nvidia/f1tenth_ws/install/phasespace/lib/python3.8/site-packages/phasespace\n'}
[25.663634] (phasespace) StdoutLine: {'line': b'byte-compiling /home/nvidia/f1tenth_ws/install/phasespace/lib/python3.8/site-packages/phasespace/__init__.py to __init__.cpython-38.pyc\n'}
[25.682671] (vesc_msgs) StdoutLine: {'line': b'[ 16%] \x1b[34m\x1b[1mGenerating C++ introspection for ROS interfaces\x1b[0m\n'}
[25.695852] (phasespace) StdoutLine: {'line': b'byte-compiling /home/nvidia/f1tenth_ws/install/phasespace/lib/python3.8/site-packages/phasespace/phasespace_node_ros2.py to phasespace_node_ros2.cpython-38.pyc\n'}
[25.750055] (-) TimerEvent: {}
[25.851132] (-) TimerEvent: {}
[25.941283] (phasespace) StdoutLine: {'line': b'running install_data\n'}
[25.942540] (phasespace) StdoutLine: {'line': b'creating /home/nvidia/f1tenth_ws/install/phasespace/share/ament_index\n'}
[25.943313] (phasespace) StdoutLine: {'line': b'creating /home/nvidia/f1tenth_ws/install/phasespace/share/ament_index/resource_index\n'}
[25.944126] (phasespace) StdoutLine: {'line': b'creating /home/nvidia/f1tenth_ws/install/phasespace/share/ament_index/resource_index/packages\n'}
[25.944646] (phasespace) StdoutLine: {'line': b'copying resource/phasespace -> /home/nvidia/f1tenth_ws/install/phasespace/share/ament_index/resource_index/packages\n'}
[25.945355] (phasespace) StdoutLine: {'line': b'copying package.xml -> /home/nvidia/f1tenth_ws/install/phasespace/share/phasespace\n'}
[25.945781] (phasespace) StdoutLine: {'line': b'running install_egg_info\n'}
[25.951384] (-) TimerEvent: {}
[25.957632] (phasespace) StdoutLine: {'line': b'Copying ../../build/phasespace/phasespace.egg-info to /home/nvidia/f1tenth_ws/install/phasespace/lib/python3.8/site-packages/phasespace-0.0.0-py3.8.egg-info\n'}
[25.978663] (phasespace) StdoutLine: {'line': b'running install_scripts\n'}
[26.051636] (-) TimerEvent: {}
[26.117583] (mouse_teleop) StdoutLine: {'line': b'running egg_info\n'}
[26.122580] (mouse_teleop) StdoutLine: {'line': b'creating ../../../../build/mouse_teleop/mouse_teleop.egg-info\n'}
[26.131376] (mouse_teleop) StdoutLine: {'line': b'writing ../../../../build/mouse_teleop/mouse_teleop.egg-info/PKG-INFO\n'}
[26.138010] (mouse_teleop) StdoutLine: {'line': b'writing dependency_links to ../../../../build/mouse_teleop/mouse_teleop.egg-info/dependency_links.txt\n'}
[26.151894] (-) TimerEvent: {}
[26.154983] (mouse_teleop) StdoutLine: {'line': b'writing entry points to ../../../../build/mouse_teleop/mouse_teleop.egg-info/entry_points.txt\n'}
[26.156077] (mouse_teleop) StdoutLine: {'line': b'writing requirements to ../../../../build/mouse_teleop/mouse_teleop.egg-info/requires.txt\n'}
[26.156615] (mouse_teleop) StdoutLine: {'line': b'writing top-level names to ../../../../build/mouse_teleop/mouse_teleop.egg-info/top_level.txt\n'}
[26.179911] (mouse_teleop) StdoutLine: {'line': b"writing manifest file '../../../../build/mouse_teleop/mouse_teleop.egg-info/SOURCES.txt'\n"}
[26.220797] (phasespace) StdoutLine: {'line': b'Installing phasespace_node script to /home/nvidia/f1tenth_ws/install/phasespace/lib/phasespace\n'}
[26.225374] (phasespace) StdoutLine: {'line': b"writing list of installed files to '/home/nvidia/f1tenth_ws/build/phasespace/install.log'\n"}
[26.252169] (-) TimerEvent: {}
[26.279130] (teleop_tools_msgs) StdoutLine: {'line': b'[ 19%] Built target teleop_tools_msgs__rosidl_generator_c\n'}
[26.352461] (-) TimerEvent: {}
[26.453825] (-) TimerEvent: {}
[26.546625] (teleop_tools_msgs) StdoutLine: {'line': b'[ 22%] \x1b[34m\x1b[1mGenerating C introspection for ROS interfaces\x1b[0m\n'}
[26.554196] (-) TimerEvent: {}
[26.584983] (teleop_tools_msgs) StdoutLine: {'line': b'[ 25%] \x1b[34m\x1b[1mGenerating C++ type support for eProsima Fast-RTPS\x1b[0m\n'}
[26.593305] (new_map_saver) StdoutLine: {'line': b'running egg_info\n'}
[26.595755] (new_map_saver) StdoutLine: {'line': b'creating ../../build/new_map_saver/new_map_saver.egg-info\n'}
[26.596368] (new_map_saver) StdoutLine: {'line': b'writing ../../build/new_map_saver/new_map_saver.egg-info/PKG-INFO\n'}
[26.596815] (new_map_saver) StdoutLine: {'line': b'writing dependency_links to ../../build/new_map_saver/new_map_saver.egg-info/dependency_links.txt\n'}
[26.597276] (new_map_saver) StdoutLine: {'line': b'writing entry points to ../../build/new_map_saver/new_map_saver.egg-info/entry_points.txt\n'}
[26.597706] (new_map_saver) StdoutLine: {'line': b'writing requirements to ../../build/new_map_saver/new_map_saver.egg-info/requires.txt\n'}
[26.605136] (new_map_saver) StdoutLine: {'line': b'writing top-level names to ../../build/new_map_saver/new_map_saver.egg-info/top_level.txt\n'}
[26.605658] (new_map_saver) StdoutLine: {'line': b"writing manifest file '../../build/new_map_saver/new_map_saver.egg-info/SOURCES.txt'\n"}
[26.606196] (phasespace) CommandEnded: {'returncode': 0}
[26.654666] (-) TimerEvent: {}
[26.749736] (phasespace) JobEnded: {'identifier': 'phasespace', 'rc': 0}
[26.755318] (pure_pursuit) JobStarted: {'identifier': 'pure_pursuit'}
[26.755781] (-) TimerEvent: {}
[26.783838] (new_map_saver) StdoutLine: {'line': b"reading manifest file '../../build/new_map_saver/new_map_saver.egg-info/SOURCES.txt'\n"}
[26.813364] (new_map_saver) StdoutLine: {'line': b"writing manifest file '../../build/new_map_saver/new_map_saver.egg-info/SOURCES.txt'\n"}
[26.814158] (new_map_saver) StdoutLine: {'line': b'running build\n'}
[26.814674] (new_map_saver) StdoutLine: {'line': b'running build_py\n'}
[26.815049] (new_map_saver) StdoutLine: {'line': b'creating /home/nvidia/f1tenth_ws/build/new_map_saver/build\n'}
[26.815432] (new_map_saver) StdoutLine: {'line': b'creating /home/nvidia/f1tenth_ws/build/new_map_saver/build/lib\n'}
[26.816113] (new_map_saver) StdoutLine: {'line': b'creating /home/nvidia/f1tenth_ws/build/new_map_saver/build/lib/new_map_saver\n'}
[26.816540] (new_map_saver) StdoutLine: {'line': b'copying new_map_saver/__init__.py -> /home/nvidia/f1tenth_ws/build/new_map_saver/build/lib/new_map_saver\n'}
[26.816917] (vesc_msgs) StdoutLine: {'line': b'[ 18%] \x1b[32m\x1b[1mLinking C shared library libvesc_msgs__rosidl_generator_c.so\x1b[0m\n'}
[26.817354] (new_map_saver) StdoutLine: {'line': b'running install\n'}
[26.862128] (-) TimerEvent: {}
[26.868067] (new_map_saver) StdoutLine: {'line': b'running install_lib\n'}
[26.868703] (mouse_teleop) StdoutLine: {'line': b"reading manifest file '../../../../build/mouse_teleop/mouse_teleop.egg-info/SOURCES.txt'\n"}
[26.894930] (new_map_saver) StdoutLine: {'line': b'creating /home/nvidia/f1tenth_ws/install/new_map_saver/lib/python3.8/site-packages/new_map_saver\n'}
[26.902571] (new_map_saver) StdoutLine: {'line': b'copying /home/nvidia/f1tenth_ws/build/new_map_saver/build/lib/new_map_saver/__init__.py -> /home/nvidia/f1tenth_ws/install/new_map_saver/lib/python3.8/site-packages/new_map_saver\n'}
[26.903358] (mouse_teleop) StdoutLine: {'line': b"writing manifest file '../../../../build/mouse_teleop/mouse_teleop.egg-info/SOURCES.txt'\n"}
[26.904149] (mouse_teleop) StdoutLine: {'line': b'running build\n'}
[26.904611] (mouse_teleop) StdoutLine: {'line': b'running build_py\n'}
[26.905010] (mouse_teleop) StdoutLine: {'line': b'creating /home/nvidia/f1tenth_ws/build/mouse_teleop/build\n'}
[26.914941] (mouse_teleop) StdoutLine: {'line': b'creating /home/nvidia/f1tenth_ws/build/mouse_teleop/build/lib\n'}
[26.915418] (mouse_teleop) StdoutLine: {'line': b'creating /home/nvidia/f1tenth_ws/build/mouse_teleop/build/lib/mouse_teleop\n'}
[26.915819] (mouse_teleop) StdoutLine: {'line': b'copying mouse_teleop/__init__.py -> /home/nvidia/f1tenth_ws/build/mouse_teleop/build/lib/mouse_teleop\n'}
[26.926554] (mouse_teleop) StdoutLine: {'line': b'copying mouse_teleop/mouse_teleop.py -> /home/nvidia/f1tenth_ws/build/mouse_teleop/build/lib/mouse_teleop\n'}
[26.927111] (mouse_teleop) StdoutLine: {'line': b'running install\n'}
[26.927572] (mouse_teleop) StdoutLine: {'line': b'running install_lib\n'}
[26.928010] (new_map_saver) StdoutLine: {'line': b'byte-compiling /home/nvidia/f1tenth_ws/install/new_map_saver/lib/python3.8/site-packages/new_map_saver/__init__.py to __init__.cpython-38.pyc\n'}
[26.931516] (mouse_teleop) StdoutLine: {'line': b'creating /home/nvidia/f1tenth_ws/install/mouse_teleop/lib/python3.8/site-packages/mouse_teleop\n'}
[26.932576] (mouse_teleop) StdoutLine: {'line': b'copying /home/nvidia/f1tenth_ws/build/mouse_teleop/build/lib/mouse_teleop/__init__.py -> /home/nvidia/f1tenth_ws/install/mouse_teleop/lib/python3.8/site-packages/mouse_teleop\n'}
[26.935784] (mouse_teleop) StdoutLine: {'line': b'copying /home/nvidia/f1tenth_ws/build/mouse_teleop/build/lib/mouse_teleop/mouse_teleop.py -> /home/nvidia/f1tenth_ws/install/mouse_teleop/lib/python3.8/site-packages/mouse_teleop\n'}
[26.940096] (new_map_saver) StdoutLine: {'line': b'running install_data\n'}
[26.940805] (mouse_teleop) StdoutLine: {'line': b'byte-compiling /home/nvidia/f1tenth_ws/install/mouse_teleop/lib/python3.8/site-packages/mouse_teleop/__init__.py to __init__.cpython-38.pyc\n'}
[26.941261] (new_map_saver) StdoutLine: {'line': b'creating /home/nvidia/f1tenth_ws/install/new_map_saver/share/ament_index\n'}
[26.941668] (new_map_saver) StdoutLine: {'line': b'creating /home/nvidia/f1tenth_ws/install/new_map_saver/share/ament_index/resource_index\n'}
[26.942245] (new_map_saver) StdoutLine: {'line': b'creating /home/nvidia/f1tenth_ws/install/new_map_saver/share/ament_index/resource_index/packages\n'}
[26.942750] (new_map_saver) StdoutLine: {'line': b'copying resource/new_map_saver -> /home/nvidia/f1tenth_ws/install/new_map_saver/share/ament_index/resource_index/packages\n'}
[26.943145] (new_map_saver) StdoutLine: {'line': b'copying package.xml -> /home/nvidia/f1tenth_ws/install/new_map_saver/share/new_map_saver\n'}
[26.943534] (new_map_saver) StdoutLine: {'line': b'creating /home/nvidia/f1tenth_ws/install/new_map_saver/share/new_map_saver/launch\n'}
[26.943911] (new_map_saver) StdoutLine: {'line': b'copying launch/map_saver.launch.py -> /home/nvidia/f1tenth_ws/install/new_map_saver/share/new_map_saver/launch\n'}
[26.950477] (new_map_saver) StdoutLine: {'line': b'creating /home/nvidia/f1tenth_ws/install/new_map_saver/share/new_map_saver/config\n'}
[26.967009] (mouse_teleop) StdoutLine: {'line': b'byte-compiling /home/nvidia/f1tenth_ws/install/mouse_teleop/lib/python3.8/site-packages/mouse_teleop/mouse_teleop.py to mouse_teleop.cpython-38.pyc\n'}
[26.967820] (-) TimerEvent: {}
[26.969293] (new_map_saver) StdoutLine: {'line': b'copying config/map_saver_params.yaml -> /home/nvidia/f1tenth_ws/install/new_map_saver/share/new_map_saver/config\n'}
[26.970457] (new_map_saver) StdoutLine: {'line': b'running install_egg_info\n'}
[26.982206] (new_map_saver) StdoutLine: {'line': b'Copying ../../build/new_map_saver/new_map_saver.egg-info to /home/nvidia/f1tenth_ws/install/new_map_saver/lib/python3.8/site-packages/new_map_saver-0.0.0-py3.8.egg-info\n'}
[26.982776] (pure_pursuit) JobProgress: {'identifier': 'pure_pursuit', 'progress': 'cmake'}
[26.989830] (pure_pursuit) Command: {'cmd': ['/usr/bin/cmake', '/home/nvidia/f1tenth_ws/src/pure_pursuit', '-DCMAKE_INSTALL_PREFIX=/home/nvidia/f1tenth_ws/install/pure_pursuit'], 'cwd': '/home/nvidia/f1tenth_ws/build/pure_pursuit', 'env': OrderedDict([('LESSOPEN', '| /usr/bin/lesspipe %s'), ('USER', 'nvidia'), ('SSH_AGENT_PID', '3963'), ('XDG_SESSION_TYPE', 'x11'), ('SHLVL', '1'), ('LD_LIBRARY_PATH', '//home/nvidia/f1tenth_ws/install/vesc_driver/lib://home/nvidia/f1tenth_ws/install/vesc_ackermann/lib://home/nvidia/f1tenth_ws/install/vesc_msgs/lib://home/nvidia/f1tenth_ws/install/teleop_tools_msgs/lib:/usr/lib/aarch64-linux-gnu/gazebo-11/plugins:/opt/ros/foxy/opt/yaml_cpp_vendor/lib:/opt/ros/foxy/opt/rviz_ogre_vendor/lib:/opt/ros/foxy/lib/aarch64-linux-gnu:/opt/ros/foxy/lib:/usr/local/cuda-11.4/lib64:'), ('HOME', '/home/nvidia'), ('OLDPWD', '/home/nvidia'), ('DESKTOP_SESSION', 'ubuntu'), ('ROS_PYTHON_VERSION', '3'), ('GNOME_SHELL_SESSION_MODE', 'ubuntu'), ('GTK_MODULES', 'gail:atk-bridge'), ('MANAGERPID', '3863'), ('DBUS_SESSION_BUS_ADDRESS', 'unix:path=/run/user/1000/bus'), ('COLORTERM', 'truecolor'), ('TERMINATOR_DBUS_NAME', 'net.tenshu.Terminator23558193cd9818af7fe4d2c2f5bd9d00f'), ('GIO_LAUNCHED_DESKTOP_FILE_PID', '4619'), ('IM_CONFIG_PHASE', '1'), ('COLCON_PREFIX_PATH', '//home/nvidia/f1tenth_ws/install'), ('ROS_DISTRO', 'foxy'), ('LOGNAME', 'nvidia'), ('JOURNAL_STREAM', '8:70019'), ('_', '/usr/bin/colcon'), ('ROS_VERSION', '2'), ('XDG_SESSION_CLASS', 'user'), ('USERNAME', 'nvidia'), ('TERM', 'xterm-256color'), ('GAZEBO_MODEL_PATH', ':/opt/ros/foxy/share/turtlebot3_gazebo/models'), ('GNOME_DESKTOP_SESSION_ID', 'this-is-deprecated'), ('ROS_LOCALHOST_ONLY', '0'), ('WINDOWPATH', '2'), ('PATH', '//home/nvidia/f1tenth_ws/install/range_lib/bin:/opt/ros/foxy/bin:/usr/local/cuda-11.4/bin:/home/nvidia/.local/bin:/usr/local/sbin:/usr/local/bin:/usr/sbin:/usr/bin:/sbin:/bin:/usr/games:/usr/local/games:/snap/bin'), ('SESSION_MANAGER', 'local/ubuntu:@/tmp/.ICE-unix/4000,unix/ubuntu:/tmp/.ICE-unix/4000'), ('INVOCATION_ID', 'f345853a86154e6d9c622f5fbfdc1ac4'), ('XDG_MENU_PREFIX', 'gnome-'), ('XDG_RUNTIME_DIR', '/run/user/1000'), ('DISPLAY', ':1'), ('TERMINATOR_DBUS_PATH', '/net/tenshu/Terminator2'), ('LANG', 'en_US.UTF-8'), ('XDG_CURRENT_DESKTOP', 'ubuntu:GNOME'), ('XMODIFIERS', '@im=ibus'), ('XDG_SESSION_DESKTOP', 'ubuntu'), ('XAUTHORITY', '/run/user/1000/gdm/Xauthority'), ('LS_COLORS', 'rs=0:di=01;34:ln=01;36:mh=00:pi=40;33:so=01;35:do=01;35:bd=40;33;01:cd=40;33;01:or=40;31;01:mi=00:su=37;41:sg=30;43:ca=30;41:tw=30;42:ow=34;42:st=37;44:ex=01;32:*.tar=01;31:*.tgz=01;31:*.arc=01;31:*.arj=01;31:*.taz=01;31:*.lha=01;31:*.lz4=01;31:*.lzh=01;31:*.lzma=01;31:*.tlz=01;31:*.txz=01;31:*.tzo=01;31:*.t7z=01;31:*.zip=01;31:*.z=01;31:*.dz=01;31:*.gz=01;31:*.lrz=01;31:*.lz=01;31:*.lzo=01;31:*.xz=01;31:*.zst=01;31:*.tzst=01;31:*.bz2=01;31:*.bz=01;31:*.tbz=01;31:*.tbz2=01;31:*.tz=01;31:*.deb=01;31:*.rpm=01;31:*.jar=01;31:*.war=01;31:*.ear=01;31:*.sar=01;31:*.rar=01;31:*.alz=01;31:*.ace=01;31:*.zoo=01;31:*.cpio=01;31:*.7z=01;31:*.rz=01;31:*.cab=01;31:*.wim=01;31:*.swm=01;31:*.dwm=01;31:*.esd=01;31:*.jpg=01;35:*.jpeg=01;35:*.mjpg=01;35:*.mjpeg=01;35:*.gif=01;35:*.bmp=01;35:*.pbm=01;35:*.pgm=01;35:*.ppm=01;35:*.tga=01;35:*.xbm=01;35:*.xpm=01;35:*.tif=01;35:*.tiff=01;35:*.png=01;35:*.svg=01;35:*.svgz=01;35:*.mng=01;35:*.pcx=01;35:*.mov=01;35:*.mpg=01;35:*.mpeg=01;35:*.m2v=01;35:*.mkv=01;35:*.webm=01;35:*.ogm=01;35:*.mp4=01;35:*.m4v=01;35:*.mp4v=01;35:*.vob=01;35:*.qt=01;35:*.nuv=01;35:*.wmv=01;35:*.asf=01;35:*.rm=01;35:*.rmvb=01;35:*.flc=01;35:*.avi=01;35:*.fli=01;35:*.flv=01;35:*.gl=01;35:*.dl=01;35:*.xcf=01;35:*.xwd=01;35:*.yuv=01;35:*.cgm=01;35:*.emf=01;35:*.ogv=01;35:*.ogx=01;35:*.aac=00;36:*.au=00;36:*.flac=00;36:*.m4a=00;36:*.mid=00;36:*.midi=00;36:*.mka=00;36:*.mp3=00;36:*.mpc=00;36:*.ogg=00;36:*.ra=00;36:*.wav=00;36:*.oga=00;36:*.opus=00;36:*.spx=00;36:*.xspf=00;36:'), ('SSH_AUTH_SOCK', '/run/user/1000/keyring/ssh'), ('ROS_DOMAIN_ID', '10'), ('AMENT_PREFIX_PATH', '//home/nvidia/f1tenth_ws/install/f1tenth_stack://home/nvidia/f1tenth_ws/install/vesc://home/nvidia/f1tenth_ws/install/vesc_driver://home/nvidia/f1tenth_ws/install/vesc_ackermann://home/nvidia/f1tenth_ws/install/vesc_msgs://home/nvidia/f1tenth_ws/install/teleop_tools://home/nvidia/f1tenth_ws/install/joy_teleop://home/nvidia/f1tenth_ws/install/teleop_tools_msgs://home/nvidia/f1tenth_ws/install/phasespace://home/nvidia/f1tenth_ws/install/particle_filter://home/nvidia/f1tenth_ws/install/new_map_saver://home/nvidia/f1tenth_ws/install/mouse_teleop://home/nvidia/f1tenth_ws/install/mapping://home/nvidia/f1tenth_ws/install/key_teleop://home/nvidia/f1tenth_ws/install/f1tenth_controllers://home/nvidia/f1tenth_ws/install/ackermann_mux:/opt/ros/foxy'), ('SHELL', '/bin/bash'), ('TERMINATOR_UUID', 'urn:uuid:3f2a181a-16ef-4091-b349-7c01a0bf8815'), ('QT_ACCESSIBILITY', '1'), ('GDMSESSION', 'ubuntu'), ('LESSCLOSE', '/usr/bin/lesspipe %s %s'), ('GPG_AGENT_INFO', '/run/user/1000/gnupg/S.gpg-agent:0:1'), ('QT_IM_MODULE', 'ibus'), ('PWD', '/home/nvidia/f1tenth_ws/build/pure_pursuit'), ('TURTLEBOT3_MODEL', 'waffle'), ('LC_ALL', 'en_US.UTF-8'), ('XDG_CONFIG_DIRS', '/etc/xdg/xdg-ubuntu:/etc/xdg'), ('XDG_DATA_DIRS', '/usr/share/ubuntu:/usr/local/share/:/usr/share/:/var/lib/snapd/desktop'), ('PYTHONPATH', '//home/nvidia/f1tenth_ws/install/f1tenth_stack/lib/python3.8/site-packages://home/nvidia/f1tenth_ws/install/vesc_msgs/lib/python3.8/site-packages://home/nvidia/f1tenth_ws/install/joy_teleop/lib/python3.8/site-packages://home/nvidia/f1tenth_ws/install/teleop_tools_msgs/lib/python3.8/site-packages://home/nvidia/f1tenth_ws/install/phasespace/lib/python3.8/site-packages://home/nvidia/f1tenth_ws/install/particle_filter/lib/python3.8/site-packages://home/nvidia/f1tenth_ws/install/new_map_saver/lib/python3.8/site-packages://home/nvidia/f1tenth_ws/install/mouse_teleop/lib/python3.8/site-packages://home/nvidia/f1tenth_ws/install/mapping/lib/python3.8/site-packages://home/nvidia/f1tenth_ws/install/key_teleop/lib/python3.8/site-packages://home/nvidia/f1tenth_ws/install/f1tenth_controllers/lib/python3.8/site-packages:/opt/ros/foxy/lib/python3.8/site-packages'), ('COLCON', '1'), ('VTE_VERSION', '6003'), ('CMAKE_PREFIX_PATH', '//home/nvidia/f1tenth_ws/install/vesc://home/nvidia/f1tenth_ws/install/vesc_driver://home/nvidia/f1tenth_ws/install/vesc_ackermann://home/nvidia/f1tenth_ws/install/vesc_msgs://home/nvidia/f1tenth_ws/install/teleop_tools://home/nvidia/f1tenth_ws/install/teleop_tools_msgs://home/nvidia/f1tenth_ws/install/range_lib://home/nvidia/f1tenth_ws/install/ackermann_mux://home/nvidia/f1tenth_ws/install/f1tenth_stack://home/nvidia/f1tenth_ws/install/joy_teleop://home/nvidia/f1tenth_ws/install/phasespace://home/nvidia/f1tenth_ws/install/particle_filter://home/nvidia/f1tenth_ws/install/new_map_saver://home/nvidia/f1tenth_ws/install/mouse_teleop://home/nvidia/f1tenth_ws/install/mapping://home/nvidia/f1tenth_ws/install/key_teleop://home/nvidia/f1tenth_ws/install/f1tenth_controllers:/opt/ros/foxy')]), 'shell': False}
[27.039492] (mouse_teleop) StdoutLine: {'line': b'running install_data\n'}
[27.040963] (mouse_teleop) StdoutLine: {'line': b'copying package.xml -> /home/nvidia/f1tenth_ws/install/mouse_teleop/share/mouse_teleop\n'}
[27.041459] (mouse_teleop) StdoutLine: {'line': b'creating /home/nvidia/f1tenth_ws/install/mouse_teleop/share/mouse_teleop/config\n'}
[27.041977] (mouse_teleop) StdoutLine: {'line': b'copying config/mouse_teleop.yaml -> /home/nvidia/f1tenth_ws/install/mouse_teleop/share/mouse_teleop/config\n'}
[27.042499] (new_map_saver) StdoutLine: {'line': b'running install_scripts\n'}
[27.043132] (mouse_teleop) StdoutLine: {'line': b'creating /home/nvidia/f1tenth_ws/install/mouse_teleop/share/mouse_teleop/launch\n'}
[27.053452] (mouse_teleop) StdoutLine: {'line': b'copying launch/mouse_teleop.launch.py -> /home/nvidia/f1tenth_ws/install/mouse_teleop/share/mouse_teleop/launch\n'}
[27.058430] (mouse_teleop) StdoutLine: {'line': b'creating /home/nvidia/f1tenth_ws/install/mouse_teleop/share/ament_index\n'}
[27.059975] (mouse_teleop) StdoutLine: {'line': b'creating /home/nvidia/f1tenth_ws/install/mouse_teleop/share/ament_index/resource_index\n'}
[27.060434] (mouse_teleop) StdoutLine: {'line': b'creating /home/nvidia/f1tenth_ws/install/mouse_teleop/share/ament_index/resource_index/packages\n'}
[27.060878] (mouse_teleop) StdoutLine: {'line': b'copying resource/mouse_teleop -> /home/nvidia/f1tenth_ws/install/mouse_teleop/share/ament_index/resource_index/packages\n'}
[27.061265] (mouse_teleop) StdoutLine: {'line': b'running install_egg_info\n'}
[27.061654] (mouse_teleop) StdoutLine: {'line': b'Copying ../../../../build/mouse_teleop/mouse_teleop.egg-info to /home/nvidia/f1tenth_ws/install/mouse_teleop/lib/python3.8/site-packages/mouse_teleop-0.3.0-py3.8.egg-info\n'}
[27.062275] (mouse_teleop) StdoutLine: {'line': b'running install_scripts\n'}
[27.075181] (-) TimerEvent: {}
[27.177064] (teleop_tools_msgs) StdoutLine: {'line': b'\x1b[35m\x1b[1mScanning dependencies of target teleop_tools_msgs__rosidl_typesupport_introspection_cpp\x1b[0m\n'}
[27.178181] (-) TimerEvent: {}
[27.233499] (new_map_saver) StdoutLine: {'line': b"writing list of installed files to '/home/nvidia/f1tenth_ws/build/new_map_saver/install.log'\n"}
[27.278427] (-) TimerEvent: {}
[27.300385] (teleop_tools_msgs) StdoutLine: {'line': b'\x1b[35m\x1b[1mScanning dependencies of target teleop_tools_msgs__rosidl_typesupport_cpp\x1b[0m\n'}
[27.317554] (mouse_teleop) StdoutLine: {'line': b'Installing mouse_teleop script to /home/nvidia/f1tenth_ws/install/mouse_teleop/lib/mouse_teleop\n'}
[27.329099] (mouse_teleop) StdoutLine: {'line': b"writing list of installed files to '/home/nvidia/f1tenth_ws/build/mouse_teleop/install.log'\n"}
[27.378729] (-) TimerEvent: {}
[27.479890] (-) TimerEvent: {}
[27.568894] (new_map_saver) CommandEnded: {'returncode': 0}
[27.586256] (-) TimerEvent: {}
[27.598563] (teleop_tools_msgs) StdoutLine: {'line': b'[ 29%] \x1b[32mBuilding CXX object CMakeFiles/teleop_tools_msgs__rosidl_typesupport_introspection_cpp.dir/rosidl_typesupport_introspection_cpp/teleop_tools_msgs/action/detail/increment__type_support.cpp.o\x1b[0m\n'}
[27.662751] (teleop_tools_msgs) StdoutLine: {'line': b'[ 32%] \x1b[32mBuilding CXX object CMakeFiles/teleop_tools_msgs__rosidl_typesupport_cpp.dir/rosidl_typesupport_cpp/teleop_tools_msgs/action/increment__type_support.cpp.o\x1b[0m\n'}
[27.686526] (-) TimerEvent: {}
[27.702959] (vesc_msgs) StdoutLine: {'line': b'[ 18%] Built target vesc_msgs__rosidl_generator_c\n'}
[27.719445] (new_map_saver) JobEnded: {'identifier': 'new_map_saver', 'rc': 0}
[27.754648] (mouse_teleop) CommandEnded: {'returncode': 0}
[27.790976] (-) TimerEvent: {}
[27.826284] (mouse_teleop) JobEnded: {'identifier': 'mouse_teleop', 'rc': 0}
[27.891502] (-) TimerEvent: {}
[27.993035] (-) TimerEvent: {}
[28.094098] (-) TimerEvent: {}
[28.195113] (-) TimerEvent: {}
[28.296238] (-) TimerEvent: {}
[28.372294] (pure_pursuit) StdoutLine: {'line': b'-- The C compiler identification is GNU 9.4.0\n'}
[28.396544] (-) TimerEvent: {}
[28.497616] (-) TimerEvent: {}
[28.598701] (-) TimerEvent: {}
[28.699696] (-) TimerEvent: {}
[28.800707] (-) TimerEvent: {}
[28.901756] (-) TimerEvent: {}
[29.002864] (-) TimerEvent: {}
[29.103950] (-) TimerEvent: {}
[29.205026] (-) TimerEvent: {}
[29.306426] (-) TimerEvent: {}
[29.407468] (-) TimerEvent: {}
[29.508436] (-) TimerEvent: {}
[29.526181] (pure_pursuit) StdoutLine: {'line': b'-- The CXX compiler identification is GNU 9.4.0\n'}
[29.608667] (-) TimerEvent: {}
[29.697641] (pure_pursuit) StdoutLine: {'line': b'-- Check for working C compiler: /usr/bin/cc\n'}
[29.708924] (-) TimerEvent: {}
[29.809967] (-) TimerEvent: {}
[29.910996] (-) TimerEvent: {}
[30.012037] (-) TimerEvent: {}
[30.113232] (-) TimerEvent: {}
[30.214314] (-) TimerEvent: {}
[30.315304] (-) TimerEvent: {}
[30.416836] (-) TimerEvent: {}
[30.517846] (-) TimerEvent: {}
[30.618881] (-) TimerEvent: {}
[30.719902] (-) TimerEvent: {}
[30.821027] (-) TimerEvent: {}
[30.922170] (-) TimerEvent: {}
[31.023300] (-) TimerEvent: {}
[31.069551] (teleop_tools_msgs) StdoutLine: {'line': b'\x1b[35m\x1b[1mScanning dependencies of target teleop_tools_msgs__rosidl_typesupport_introspection_c\x1b[0m\n'}
[31.123634] (-) TimerEvent: {}
[31.153384] (vesc_msgs) StdoutLine: {'line': b'\x1b[35m\x1b[1mScanning dependencies of target vesc_msgs__rosidl_typesupport_cpp\x1b[0m\n'}
[31.164567] (pure_pursuit) StdoutLine: {'line': b'-- Check for working C compiler: /usr/bin/cc -- works\n'}
[31.170064] (pure_pursuit) StdoutLine: {'line': b'-- Detecting C compiler ABI info\n'}
[31.223915] (-) TimerEvent: {}
[31.324981] (-) TimerEvent: {}
[31.328989] (teleop_tools_msgs) StdoutLine: {'line': b'[ 35%] \x1b[32mBuilding C object CMakeFiles/teleop_tools_msgs__rosidl_typesupport_introspection_c.dir/rosidl_typesupport_introspection_c/teleop_tools_msgs/action/detail/increment__type_support.c.o\x1b[0m\n'}
[31.425260] (-) TimerEvent: {}
[31.427737] (vesc_msgs) StdoutLine: {'line': b'[ 20%] \x1b[32mBuilding CXX object CMakeFiles/vesc_msgs__rosidl_typesupport_cpp.dir/rosidl_typesupport_cpp/vesc_msgs/msg/vesc_state__type_support.cpp.o\x1b[0m\n'}
[31.525567] (-) TimerEvent: {}
[31.531647] (teleop_tools_msgs) StdoutLine: {'line': b'\x1b[35m\x1b[1mScanning dependencies of target teleop_tools_msgs__rosidl_typesupport_fastrtps_cpp\x1b[0m\n'}
[31.625841] (-) TimerEvent: {}
[31.727111] (-) TimerEvent: {}
[31.828300] (-) TimerEvent: {}
[31.929444] (-) TimerEvent: {}
[32.000476] (teleop_tools_msgs) StdoutLine: {'line': b'[ 38%] \x1b[32mBuilding CXX object CMakeFiles/teleop_tools_msgs__rosidl_typesupport_fastrtps_cpp.dir/rosidl_typesupport_fastrtps_cpp/teleop_tools_msgs/action/detail/dds_fastrtps/increment__type_support.cpp.o\x1b[0m\n'}
[32.029734] (-) TimerEvent: {}
[32.130918] (-) TimerEvent: {}
[32.232015] (-) TimerEvent: {}
[32.242075] (teleop_tools_msgs) StdoutLine: {'line': b'[ 41%] \x1b[32m\x1b[1mLinking C shared library libteleop_tools_msgs__rosidl_typesupport_introspection_c.so\x1b[0m\n'}
[32.319018] (vesc_msgs) StdoutLine: {'line': b'\x1b[35m\x1b[1mScanning dependencies of target vesc_msgs__rosidl_typesupport_fastrtps_cpp\x1b[0m\n'}
[32.332296] (-) TimerEvent: {}
[32.406130] (pure_pursuit) StdoutLine: {'line': b'-- Detecting C compiler ABI info - done\n'}
[32.432529] (-) TimerEvent: {}
[32.449697] (teleop_tools_msgs) StdoutLine: {'line': b'[ 45%] \x1b[32m\x1b[1mLinking CXX shared library libteleop_tools_msgs__rosidl_typesupport_cpp.so\x1b[0m\n'}
[32.532845] (-) TimerEvent: {}
[32.605205] (vesc_msgs) StdoutLine: {'line': b'[ 21%] \x1b[32mBuilding CXX object CMakeFiles/vesc_msgs__rosidl_typesupport_fastrtps_cpp.dir/rosidl_typesupport_fastrtps_cpp/vesc_msgs/msg/detail/dds_fastrtps/vesc_state__type_support.cpp.o\x1b[0m\n'}
[32.621757] (pure_pursuit) StdoutLine: {'line': b'-- Detecting C compile features\n'}
[32.623660] (pure_pursuit) StdoutLine: {'line': b'-- Detecting C compile features - done\n'}
[32.633027] (-) TimerEvent: {}
[32.663182] (pure_pursuit) StdoutLine: {'line': b'-- Check for working CXX compiler: /usr/bin/c++\n'}
[32.733799] (-) TimerEvent: {}
[32.835962] (-) TimerEvent: {}
[32.903553] (teleop_tools_msgs) StdoutLine: {'line': b'[ 45%] Built target teleop_tools_msgs__rosidl_typesupport_introspection_c\n'}
[32.936277] (-) TimerEvent: {}
[33.037502] (-) TimerEvent: {}
[33.130683] (vesc_msgs) StdoutLine: {'line': b'\x1b[35m\x1b[1mScanning dependencies of target vesc_msgs__rosidl_typesupport_introspection_cpp\x1b[0m\n'}
[33.137760] (-) TimerEvent: {}
[33.210718] (teleop_tools_msgs) StdoutLine: {'line': b'[ 45%] Built target teleop_tools_msgs__rosidl_typesupport_cpp\n'}
[33.238163] (-) TimerEvent: {}
[33.287460] (teleop_tools_msgs) StdoutLine: {'line': b'[ 48%] \x1b[32m\x1b[1mLinking CXX shared library libteleop_tools_msgs__rosidl_typesupport_introspection_cpp.so\x1b[0m\n'}
[33.338436] (-) TimerEvent: {}
[33.400893] (vesc_msgs) StdoutLine: {'line': b'[ 23%] \x1b[32mBuilding CXX object CMakeFiles/vesc_msgs__rosidl_typesupport_introspection_cpp.dir/rosidl_typesupport_introspection_cpp/vesc_msgs/msg/detail/vesc_state__type_support.cpp.o\x1b[0m\n'}
[33.438730] (-) TimerEvent: {}
[33.540321] (-) TimerEvent: {}
[33.642644] (-) TimerEvent: {}
[33.744383] (-) TimerEvent: {}
[33.846347] (-) TimerEvent: {}
[33.950736] (-) TimerEvent: {}
[34.052705] (-) TimerEvent: {}
[34.056035] (pure_pursuit) StdoutLine: {'line': b'-- Check for working CXX compiler: /usr/bin/c++ -- works\n'}
[34.060712] (pure_pursuit) StdoutLine: {'line': b'-- Detecting CXX compiler ABI info\n'}
[34.152973] (-) TimerEvent: {}
[34.179524] (teleop_tools_msgs) StdoutLine: {'line': b'[ 48%] Built target teleop_tools_msgs__rosidl_typesupport_introspection_cpp\n'}
[34.253420] (-) TimerEvent: {}
[34.356100] (-) TimerEvent: {}
[34.457671] (-) TimerEvent: {}
[34.558939] (-) TimerEvent: {}
[34.660673] (-) TimerEvent: {}
[34.761839] (-) TimerEvent: {}
[34.863101] (-) TimerEvent: {}
[34.964204] (-) TimerEvent: {}
[35.065352] (-) TimerEvent: {}
[35.138181] (pure_pursuit) StdoutLine: {'line': b'-- Detecting CXX compiler ABI info - done\n'}
[35.165616] (-) TimerEvent: {}
[35.266973] (-) TimerEvent: {}
[35.276477] (vesc_msgs) StdoutLine: {'line': b'[ 25%] \x1b[32mBuilding CXX object CMakeFiles/vesc_msgs__rosidl_typesupport_cpp.dir/rosidl_typesupport_cpp/vesc_msgs/msg/vesc_state_stamped__type_support.cpp.o\x1b[0m\n'}
[35.317786] (pure_pursuit) StdoutLine: {'line': b'-- Detecting CXX compile features\n'}
[35.321203] (pure_pursuit) StdoutLine: {'line': b'-- Detecting CXX compile features - done\n'}
[35.367190] (-) TimerEvent: {}
[35.369663] (pure_pursuit) StdoutLine: {'line': b'-- Found ament_cmake: 0.9.12 (/opt/ros/foxy/share/ament_cmake/cmake)\n'}
[35.467463] (-) TimerEvent: {}
[35.568496] (-) TimerEvent: {}
[35.669435] (-) TimerEvent: {}
[35.734354] (pure_pursuit) StdoutLine: {'line': b'-- Found PythonInterp: /usr/bin/python3 (found suitable version "3.8.10", minimum required is "3") \n'}
[35.737385] (pure_pursuit) StdoutLine: {'line': b'-- Using PYTHON_EXECUTABLE: /usr/bin/python3\n'}
[35.769666] (-) TimerEvent: {}
[35.870936] (-) TimerEvent: {}
[35.971920] (-) TimerEvent: {}
[36.072937] (-) TimerEvent: {}
[36.173994] (-) TimerEvent: {}
[36.274949] (-) TimerEvent: {}
[36.375989] (-) TimerEvent: {}
[36.476983] (-) TimerEvent: {}
[36.578107] (-) TimerEvent: {}
[36.679148] (-) TimerEvent: {}
[36.762649] (vesc_msgs) StdoutLine: {'line': b'[ 27%] \x1b[32mBuilding CXX object CMakeFiles/vesc_msgs__rosidl_typesupport_introspection_cpp.dir/rosidl_typesupport_introspection_cpp/vesc_msgs/msg/detail/vesc_state_stamped__type_support.cpp.o\x1b[0m\n'}
[36.779419] (-) TimerEvent: {}
[36.880522] (-) TimerEvent: {}
[36.981540] (-) TimerEvent: {}
[37.082717] (-) TimerEvent: {}
[37.183829] (-) TimerEvent: {}
[37.284859] (-) TimerEvent: {}
[37.386050] (-) TimerEvent: {}
[37.487194] (-) TimerEvent: {}
[37.588286] (-) TimerEvent: {}
[37.689384] (-) TimerEvent: {}
[37.790357] (-) TimerEvent: {}
[37.891365] (-) TimerEvent: {}
[37.984175] (teleop_tools_msgs) StdoutLine: {'line': b'[ 51%] \x1b[32m\x1b[1mLinking CXX shared library libteleop_tools_msgs__rosidl_typesupport_fastrtps_cpp.so\x1b[0m\n'}
[37.991650] (-) TimerEvent: {}
[38.075707] (vesc_msgs) StdoutLine: {'line': b'[ 29%] \x1b[32mBuilding CXX object CMakeFiles/vesc_msgs__rosidl_typesupport_fastrtps_cpp.dir/rosidl_typesupport_fastrtps_cpp/vesc_msgs/msg/detail/dds_fastrtps/vesc_state_stamped__type_support.cpp.o\x1b[0m\n'}
[38.091911] (-) TimerEvent: {}
[38.193075] (-) TimerEvent: {}
[38.294361] (-) TimerEvent: {}
[38.377502] (pure_pursuit) StdoutLine: {'line': b'-- Found rclcpp: 2.4.3 (/opt/ros/foxy/share/rclcpp/cmake)\n'}
[38.394631] (-) TimerEvent: {}
[38.495733] (-) TimerEvent: {}
[38.598286] (-) TimerEvent: {}
[38.699395] (-) TimerEvent: {}
[38.800450] (-) TimerEvent: {}
[38.877504] (teleop_tools_msgs) StdoutLine: {'line': b'[ 51%] Built target teleop_tools_msgs__rosidl_typesupport_fastrtps_cpp\n'}
[38.900735] (-) TimerEvent: {}
[39.001850] (-) TimerEvent: {}
[39.064341] (teleop_tools_msgs) StdoutLine: {'line': b'[ 54%] \x1b[34m\x1b[1mGenerating C type support dispatch for ROS interfaces\x1b[0m\n'}
[39.084158] (vesc_msgs) StdoutLine: {'line': b'[ 30%] \x1b[32mBuilding CXX object CMakeFiles/vesc_msgs__rosidl_typesupport_cpp.dir/rosidl_typesupport_cpp/vesc_msgs/msg/vesc_imu__type_support.cpp.o\x1b[0m\n'}
[39.100322] (pure_pursuit) StdoutLine: {'line': b'-- Using all available rosidl_typesupport_c: rosidl_typesupport_fastrtps_c;rosidl_typesupport_introspection_c\n'}
[39.102214] (-) TimerEvent: {}
[39.203246] (pure_pursuit) StdoutLine: {'line': b'-- Found rosidl_adapter: 1.3.1 (/opt/ros/foxy/share/rosidl_adapter/cmake)\n'}
[39.203966] (-) TimerEvent: {}
[39.305058] (-) TimerEvent: {}
[39.406301] (-) TimerEvent: {}
[39.510787] (-) TimerEvent: {}
[39.612157] (-) TimerEvent: {}
[39.713827] (-) TimerEvent: {}
[39.815223] (-) TimerEvent: {}
[39.916784] (-) TimerEvent: {}
[40.018104] (-) TimerEvent: {}
[40.119284] (-) TimerEvent: {}
[40.220405] (-) TimerEvent: {}
[40.236407] (vesc_msgs) StdoutLine: {'line': b'[ 32%] \x1b[32mBuilding CXX object CMakeFiles/vesc_msgs__rosidl_typesupport_introspection_cpp.dir/rosidl_typesupport_introspection_cpp/vesc_msgs/msg/detail/vesc_imu__type_support.cpp.o\x1b[0m\n'}
[40.320658] (-) TimerEvent: {}
[40.421761] (-) TimerEvent: {}
[40.522936] (-) TimerEvent: {}
[40.624449] (-) TimerEvent: {}
[40.694109] (pure_pursuit) StdoutLine: {'line': b'-- Found OpenSSL: /usr/lib/aarch64-linux-gnu/libcrypto.so (found version "1.1.1f")  \n'}
[40.724732] (-) TimerEvent: {}
[40.825793] (-) TimerEvent: {}
[40.927696] (-) TimerEvent: {}
[41.030846] (-) TimerEvent: {}
[41.040550] (pure_pursuit) StdoutLine: {'line': b'-- Found FastRTPS: /opt/ros/foxy/include  \n'}
[41.131074] (-) TimerEvent: {}
[41.232725] (-) TimerEvent: {}
[41.334181] (-) TimerEvent: {}
[41.435572] (-) TimerEvent: {}
[41.538121] (-) TimerEvent: {}
[41.639338] (-) TimerEvent: {}
[41.658458] (teleop_tools_msgs) StdoutLine: {'line': b'\x1b[35m\x1b[1mScanning dependencies of target teleop_tools_msgs__rosidl_typesupport_c\x1b[0m\n'}
[41.739622] (-) TimerEvent: {}
[41.760805] (vesc_msgs) StdoutLine: {'line': b'[ 34%] \x1b[32mBuilding CXX object CMakeFiles/vesc_msgs__rosidl_typesupport_cpp.dir/rosidl_typesupport_cpp/vesc_msgs/msg/vesc_imu_stamped__type_support.cpp.o\x1b[0m\n'}
[41.840117] (-) TimerEvent: {}
[41.863104] (teleop_tools_msgs) StdoutLine: {'line': b'[ 58%] \x1b[32mBuilding CXX object CMakeFiles/teleop_tools_msgs__rosidl_typesupport_c.dir/rosidl_typesupport_c/teleop_tools_msgs/action/increment__type_support.cpp.o\x1b[0m\n'}
[41.940312] (-) TimerEvent: {}
[41.945078] (pure_pursuit) StdoutLine: {'line': b'-- Using all available rosidl_typesupport_cpp: rosidl_typesupport_fastrtps_cpp;rosidl_typesupport_introspection_cpp\n'}
[42.040559] (-) TimerEvent: {}
[42.141713] (-) TimerEvent: {}
[42.244334] (-) TimerEvent: {}
[42.345607] (-) TimerEvent: {}
[42.447050] (-) TimerEvent: {}
[42.455755] (pure_pursuit) StdoutLine: {'line': b'-- Found rmw_implementation_cmake: 1.0.4 (/opt/ros/foxy/share/rmw_implementation_cmake/cmake)\n'}
[42.475956] (pure_pursuit) StdoutLine: {'line': b"-- Using RMW implementation 'rmw_fastrtps_cpp' as default\n"}
[42.482152] (pure_pursuit) StdoutLine: {'line': b'-- Looking for pthread.h\n'}
[42.513832] (teleop_tools_msgs) StdoutLine: {'line': b'[ 61%] \x1b[32m\x1b[1mLinking CXX shared library libteleop_tools_msgs__rosidl_typesupport_c.so\x1b[0m\n'}
[42.549261] (-) TimerEvent: {}
[42.650560] (-) TimerEvent: {}
[42.670825] (vesc_msgs) StdoutLine: {'line': b'[ 36%] \x1b[32mBuilding CXX object CMakeFiles/vesc_msgs__rosidl_typesupport_introspection_cpp.dir/rosidl_typesupport_introspection_cpp/vesc_msgs/msg/detail/vesc_imu_stamped__type_support.cpp.o\x1b[0m\n'}
[42.719706] (vesc_msgs) StdoutLine: {'line': b'[ 38%] \x1b[32mBuilding CXX object CMakeFiles/vesc_msgs__rosidl_typesupport_fastrtps_cpp.dir/rosidl_typesupport_fastrtps_cpp/vesc_msgs/msg/detail/dds_fastrtps/vesc_imu__type_support.cpp.o\x1b[0m\n'}
[42.750817] (-) TimerEvent: {}
[42.851971] (-) TimerEvent: {}
[42.953122] (-) TimerEvent: {}
[43.054593] (-) TimerEvent: {}
[43.060759] (teleop_tools_msgs) StdoutLine: {'line': b'[ 61%] Built target teleop_tools_msgs__rosidl_typesupport_c\n'}
[43.155009] (-) TimerEvent: {}
[43.240174] (teleop_tools_msgs) StdoutLine: {'line': b'[ 64%] \x1b[34m\x1b[1mGenerating C type support for eProsima Fast-RTPS\x1b[0m\n'}
[43.255305] (-) TimerEvent: {}
[43.357847] (-) TimerEvent: {}
[43.459376] (-) TimerEvent: {}
[43.560519] (-) TimerEvent: {}
[43.661868] (-) TimerEvent: {}
[43.672790] (pure_pursuit) StdoutLine: {'line': b'-- Looking for pthread.h - found\n'}
[43.674972] (pure_pursuit) StdoutLine: {'line': b'-- Performing Test CMAKE_HAVE_LIBC_PTHREAD\n'}
[43.762084] (-) TimerEvent: {}
[43.864369] (-) TimerEvent: {}
[43.965437] (-) TimerEvent: {}
[44.066955] (-) TimerEvent: {}
[44.170235] (-) TimerEvent: {}
[44.271377] (-) TimerEvent: {}
[44.372514] (-) TimerEvent: {}
[44.474783] (-) TimerEvent: {}
[44.575788] (-) TimerEvent: {}
[44.635954] (vesc_msgs) StdoutLine: {'line': b'[ 40%] \x1b[32m\x1b[1mLinking CXX shared library libvesc_msgs__rosidl_typesupport_cpp.so\x1b[0m\n'}
[44.676301] (-) TimerEvent: {}
[44.777386] (-) TimerEvent: {}
[44.779445] (pure_pursuit) StdoutLine: {'line': b'-- Performing Test CMAKE_HAVE_LIBC_PTHREAD - Failed\n'}
[44.781078] (pure_pursuit) StdoutLine: {'line': b'-- Looking for pthread_create in pthreads\n'}
[44.877642] (-) TimerEvent: {}
[44.978784] (-) TimerEvent: {}
[45.079920] (-) TimerEvent: {}
[45.165054] (vesc_msgs) StdoutLine: {'line': b'[ 40%] Built target vesc_msgs__rosidl_typesupport_cpp\n'}
[45.180213] (-) TimerEvent: {}
[45.281734] (-) TimerEvent: {}
[45.382850] (-) TimerEvent: {}
[45.484295] (-) TimerEvent: {}
[45.585468] (-) TimerEvent: {}
[45.687620] (-) TimerEvent: {}
[45.690766] (vesc_msgs) StdoutLine: {'line': b'[ 41%] \x1b[32m\x1b[1mLinking CXX shared library libvesc_msgs__rosidl_typesupport_introspection_cpp.so\x1b[0m\n'}
[45.695296] (pure_pursuit) StdoutLine: {'line': b'-- Looking for pthread_create in pthreads - not found\n'}
[45.696590] (pure_pursuit) StdoutLine: {'line': b'-- Looking for pthread_create in pthread\n'}
[45.789336] (-) TimerEvent: {}
[45.891379] (-) TimerEvent: {}
[45.992942] (-) TimerEvent: {}
[46.094192] (-) TimerEvent: {}
[46.176107] (vesc_msgs) StdoutLine: {'line': b'[ 43%] \x1b[32mBuilding CXX object CMakeFiles/vesc_msgs__rosidl_typesupport_fastrtps_cpp.dir/rosidl_typesupport_fastrtps_cpp/vesc_msgs/msg/detail/dds_fastrtps/vesc_imu_stamped__type_support.cpp.o\x1b[0m\n'}
[46.181203] (vesc_msgs) StdoutLine: {'line': b'[ 43%] Built target vesc_msgs__rosidl_typesupport_introspection_cpp\n'}
[46.196433] (-) TimerEvent: {}
[46.226339] (teleop_tools_msgs) StdoutLine: {'line': b'\x1b[35m\x1b[1mScanning dependencies of target teleop_tools_msgs__rosidl_typesupport_fastrtps_c\x1b[0m\n'}
[46.298888] (-) TimerEvent: {}
[46.401339] (-) TimerEvent: {}
[46.431122] (pure_pursuit) StdoutLine: {'line': b'-- Looking for pthread_create in pthread - found\n'}
[46.443574] (pure_pursuit) StdoutLine: {'line': b'-- Found Threads: TRUE  \n'}
[46.501649] (-) TimerEvent: {}
[46.525080] (teleop_tools_msgs) StdoutLine: {'line': b'[ 67%] \x1b[32mBuilding CXX object CMakeFiles/teleop_tools_msgs__rosidl_typesupport_fastrtps_c.dir/rosidl_typesupport_fastrtps_c/teleop_tools_msgs/action/detail/increment__type_support_c.cpp.o\x1b[0m\n'}
[46.601988] (-) TimerEvent: {}
[46.703823] (-) TimerEvent: {}
[46.805639] (-) TimerEvent: {}
[46.908712] (-) TimerEvent: {}
[47.011293] (-) TimerEvent: {}
[47.113314] (-) TimerEvent: {}
[47.215950] (-) TimerEvent: {}
[47.318571] (-) TimerEvent: {}
[47.397733] (pure_pursuit) StdoutLine: {'line': b'-- Found rclpy: 1.0.13 (/opt/ros/foxy/share/rclpy/cmake)\n'}
[47.410051] (pure_pursuit) StdoutLine: {'line': b'-- Found geometry_msgs: 2.0.5 (/opt/ros/foxy/share/geometry_msgs/cmake)\n'}
[47.418839] (-) TimerEvent: {}
[47.520684] (-) TimerEvent: {}
[47.622590] (-) TimerEvent: {}
[47.637851] (pure_pursuit) StdoutLine: {'line': b'-- Found nav_msgs: 2.0.5 (/opt/ros/foxy/share/nav_msgs/cmake)\n'}
[47.722868] (-) TimerEvent: {}
[47.824920] (-) TimerEvent: {}
[47.926231] (-) TimerEvent: {}
[48.027600] (-) TimerEvent: {}
[48.084874] (pure_pursuit) StdoutLine: {'line': b'-- Found ackermann_msgs: 2.0.2 (/opt/ros/foxy/share/ackermann_msgs/cmake)\n'}
[48.128263] (-) TimerEvent: {}
[48.230647] (-) TimerEvent: {}
[48.319582] (pure_pursuit) StdoutLine: {'line': b'-- Found sensor_msgs: 2.0.5 (/opt/ros/foxy/share/sensor_msgs/cmake)\n'}
[48.330935] (-) TimerEvent: {}
[48.432133] (-) TimerEvent: {}
[48.533477] (-) TimerEvent: {}
[48.634721] (-) TimerEvent: {}
[48.735910] (-) TimerEvent: {}
[48.779281] (pure_pursuit) StdoutLine: {'line': b'-- Found visualization_msgs: 2.0.5 (/opt/ros/foxy/share/visualization_msgs/cmake)\n'}
[48.836204] (-) TimerEvent: {}
[48.937290] (-) TimerEvent: {}
[49.038564] (-) TimerEvent: {}
[49.077622] (vesc_msgs) StdoutLine: {'line': b'[ 45%] \x1b[32m\x1b[1mLinking CXX shared library libvesc_msgs__rosidl_typesupport_fastrtps_cpp.so\x1b[0m\n'}
[49.138829] (-) TimerEvent: {}
[49.240117] (-) TimerEvent: {}
[49.342221] (-) TimerEvent: {}
[49.393616] (pure_pursuit) StdoutLine: {'line': b'-- Found eigen3_cmake_module: 0.1.1 (/opt/ros/foxy/share/eigen3_cmake_module/cmake)\n'}
[49.426884] (pure_pursuit) StdoutLine: {'line': b'-- Found Eigen3: TRUE (found version "3.3.7") \n'}
[49.442242] (-) TimerEvent: {}
[49.446020] (pure_pursuit) StdoutLine: {'line': b'-- Found tf2_ros: 0.13.14 (/opt/ros/foxy/share/tf2_ros/cmake)\n'}
[49.542898] (-) TimerEvent: {}
[49.643930] (-) TimerEvent: {}
[49.744979] (-) TimerEvent: {}
[49.846199] (-) TimerEvent: {}
[49.862086] (vesc_msgs) StdoutLine: {'line': b'[ 45%] Built target vesc_msgs__rosidl_typesupport_fastrtps_cpp\n'}
[49.946436] (-) TimerEvent: {}
[49.958120] (vesc_msgs) StdoutLine: {'line': b'[ 47%] \x1b[34m\x1b[1mGenerating C introspection for ROS interfaces\x1b[0m\n'}
[49.977552] (teleop_tools_msgs) StdoutLine: {'line': b'[ 70%] \x1b[32m\x1b[1mLinking CXX shared library libteleop_tools_msgs__rosidl_typesupport_fastrtps_c.so\x1b[0m\n'}
[50.046675] (-) TimerEvent: {}
[50.147616] (-) TimerEvent: {}
[50.248531] (-) TimerEvent: {}
[50.349508] (-) TimerEvent: {}
[50.450675] (-) TimerEvent: {}
[50.551680] (-) TimerEvent: {}
[50.652616] (-) TimerEvent: {}
[50.736725] (teleop_tools_msgs) StdoutLine: {'line': b'[ 70%] Built target teleop_tools_msgs__rosidl_typesupport_fastrtps_c\n'}
[50.752847] (-) TimerEvent: {}
[50.818931] (teleop_tools_msgs) StdoutLine: {'line': b'\x1b[35m\x1b[1mScanning dependencies of target teleop_tools_msgs\x1b[0m\n'}
[50.853079] (-) TimerEvent: {}
[50.901620] (teleop_tools_msgs) StdoutLine: {'line': b'[ 70%] Built target teleop_tools_msgs\n'}
[50.953359] (-) TimerEvent: {}
[50.994563] (teleop_tools_msgs) StdoutLine: {'line': b'\x1b[35m\x1b[1mScanning dependencies of target teleop_tools_msgs__py\x1b[0m\n'}
[51.053652] (-) TimerEvent: {}
[51.078226] (teleop_tools_msgs) StdoutLine: {'line': b'[ 74%] \x1b[34m\x1b[1mGenerating Python code for ROS interfaces\x1b[0m\n'}
[51.153813] (-) TimerEvent: {}
[51.254826] (-) TimerEvent: {}
[51.355854] (-) TimerEvent: {}
[51.457016] (-) TimerEvent: {}
[51.558125] (-) TimerEvent: {}
[51.659097] (-) TimerEvent: {}
[51.760252] (-) TimerEvent: {}
[51.862379] (-) TimerEvent: {}
[51.963362] (-) TimerEvent: {}
[52.064328] (-) TimerEvent: {}
[52.165447] (-) TimerEvent: {}
[52.266573] (-) TimerEvent: {}
[52.316514] (pure_pursuit) StdoutLine: {'line': b'-- Configuring done\n'}
[52.366856] (-) TimerEvent: {}
[52.467896] (-) TimerEvent: {}
[52.492502] (pure_pursuit) StdoutLine: {'line': b'-- Generating done\n'}
[52.504744] (pure_pursuit) StdoutLine: {'line': b'-- Build files have been written to: /home/nvidia/f1tenth_ws/build/pure_pursuit\n'}
[52.568345] (-) TimerEvent: {}
[52.572207] (pure_pursuit) CommandEnded: {'returncode': 0}
[52.577408] (pure_pursuit) JobProgress: {'identifier': 'pure_pursuit', 'progress': 'build'}
[52.579186] (pure_pursuit) Command: {'cmd': ['/usr/bin/cmake', '--build', '/home/nvidia/f1tenth_ws/build/pure_pursuit', '--', '-j6', '-l6'], 'cwd': '/home/nvidia/f1tenth_ws/build/pure_pursuit', 'env': OrderedDict([('LESSOPEN', '| /usr/bin/lesspipe %s'), ('USER', 'nvidia'), ('SSH_AGENT_PID', '3963'), ('XDG_SESSION_TYPE', 'x11'), ('SHLVL', '1'), ('LD_LIBRARY_PATH', '//home/nvidia/f1tenth_ws/install/vesc_driver/lib://home/nvidia/f1tenth_ws/install/vesc_ackermann/lib://home/nvidia/f1tenth_ws/install/vesc_msgs/lib://home/nvidia/f1tenth_ws/install/teleop_tools_msgs/lib:/usr/lib/aarch64-linux-gnu/gazebo-11/plugins:/opt/ros/foxy/opt/yaml_cpp_vendor/lib:/opt/ros/foxy/opt/rviz_ogre_vendor/lib:/opt/ros/foxy/lib/aarch64-linux-gnu:/opt/ros/foxy/lib:/usr/local/cuda-11.4/lib64:'), ('HOME', '/home/nvidia'), ('OLDPWD', '/home/nvidia'), ('DESKTOP_SESSION', 'ubuntu'), ('ROS_PYTHON_VERSION', '3'), ('GNOME_SHELL_SESSION_MODE', 'ubuntu'), ('GTK_MODULES', 'gail:atk-bridge'), ('MANAGERPID', '3863'), ('DBUS_SESSION_BUS_ADDRESS', 'unix:path=/run/user/1000/bus'), ('COLORTERM', 'truecolor'), ('TERMINATOR_DBUS_NAME', 'net.tenshu.Terminator23558193cd9818af7fe4d2c2f5bd9d00f'), ('GIO_LAUNCHED_DESKTOP_FILE_PID', '4619'), ('IM_CONFIG_PHASE', '1'), ('COLCON_PREFIX_PATH', '//home/nvidia/f1tenth_ws/install'), ('ROS_DISTRO', 'foxy'), ('LOGNAME', 'nvidia'), ('JOURNAL_STREAM', '8:70019'), ('_', '/usr/bin/colcon'), ('ROS_VERSION', '2'), ('XDG_SESSION_CLASS', 'user'), ('USERNAME', 'nvidia'), ('TERM', 'xterm-256color'), ('GAZEBO_MODEL_PATH', ':/opt/ros/foxy/share/turtlebot3_gazebo/models'), ('GNOME_DESKTOP_SESSION_ID', 'this-is-deprecated'), ('ROS_LOCALHOST_ONLY', '0'), ('WINDOWPATH', '2'), ('PATH', '//home/nvidia/f1tenth_ws/install/range_lib/bin:/opt/ros/foxy/bin:/usr/local/cuda-11.4/bin:/home/nvidia/.local/bin:/usr/local/sbin:/usr/local/bin:/usr/sbin:/usr/bin:/sbin:/bin:/usr/games:/usr/local/games:/snap/bin'), ('SESSION_MANAGER', 'local/ubuntu:@/tmp/.ICE-unix/4000,unix/ubuntu:/tmp/.ICE-unix/4000'), ('INVOCATION_ID', 'f345853a86154e6d9c622f5fbfdc1ac4'), ('XDG_MENU_PREFIX', 'gnome-'), ('XDG_RUNTIME_DIR', '/run/user/1000'), ('DISPLAY', ':1'), ('TERMINATOR_DBUS_PATH', '/net/tenshu/Terminator2'), ('LANG', 'en_US.UTF-8'), ('XDG_CURRENT_DESKTOP', 'ubuntu:GNOME'), ('XMODIFIERS', '@im=ibus'), ('XDG_SESSION_DESKTOP', 'ubuntu'), ('XAUTHORITY', '/run/user/1000/gdm/Xauthority'), ('LS_COLORS', 'rs=0:di=01;34:ln=01;36:mh=00:pi=40;33:so=01;35:do=01;35:bd=40;33;01:cd=40;33;01:or=40;31;01:mi=00:su=37;41:sg=30;43:ca=30;41:tw=30;42:ow=34;42:st=37;44:ex=01;32:*.tar=01;31:*.tgz=01;31:*.arc=01;31:*.arj=01;31:*.taz=01;31:*.lha=01;31:*.lz4=01;31:*.lzh=01;31:*.lzma=01;31:*.tlz=01;31:*.txz=01;31:*.tzo=01;31:*.t7z=01;31:*.zip=01;31:*.z=01;31:*.dz=01;31:*.gz=01;31:*.lrz=01;31:*.lz=01;31:*.lzo=01;31:*.xz=01;31:*.zst=01;31:*.tzst=01;31:*.bz2=01;31:*.bz=01;31:*.tbz=01;31:*.tbz2=01;31:*.tz=01;31:*.deb=01;31:*.rpm=01;31:*.jar=01;31:*.war=01;31:*.ear=01;31:*.sar=01;31:*.rar=01;31:*.alz=01;31:*.ace=01;31:*.zoo=01;31:*.cpio=01;31:*.7z=01;31:*.rz=01;31:*.cab=01;31:*.wim=01;31:*.swm=01;31:*.dwm=01;31:*.esd=01;31:*.jpg=01;35:*.jpeg=01;35:*.mjpg=01;35:*.mjpeg=01;35:*.gif=01;35:*.bmp=01;35:*.pbm=01;35:*.pgm=01;35:*.ppm=01;35:*.tga=01;35:*.xbm=01;35:*.xpm=01;35:*.tif=01;35:*.tiff=01;35:*.png=01;35:*.svg=01;35:*.svgz=01;35:*.mng=01;35:*.pcx=01;35:*.mov=01;35:*.mpg=01;35:*.mpeg=01;35:*.m2v=01;35:*.mkv=01;35:*.webm=01;35:*.ogm=01;35:*.mp4=01;35:*.m4v=01;35:*.mp4v=01;35:*.vob=01;35:*.qt=01;35:*.nuv=01;35:*.wmv=01;35:*.asf=01;35:*.rm=01;35:*.rmvb=01;35:*.flc=01;35:*.avi=01;35:*.fli=01;35:*.flv=01;35:*.gl=01;35:*.dl=01;35:*.xcf=01;35:*.xwd=01;35:*.yuv=01;35:*.cgm=01;35:*.emf=01;35:*.ogv=01;35:*.ogx=01;35:*.aac=00;36:*.au=00;36:*.flac=00;36:*.m4a=00;36:*.mid=00;36:*.midi=00;36:*.mka=00;36:*.mp3=00;36:*.mpc=00;36:*.ogg=00;36:*.ra=00;36:*.wav=00;36:*.oga=00;36:*.opus=00;36:*.spx=00;36:*.xspf=00;36:'), ('SSH_AUTH_SOCK', '/run/user/1000/keyring/ssh'), ('ROS_DOMAIN_ID', '10'), ('AMENT_PREFIX_PATH', '//home/nvidia/f1tenth_ws/install/f1tenth_stack://home/nvidia/f1tenth_ws/install/vesc://home/nvidia/f1tenth_ws/install/vesc_driver://home/nvidia/f1tenth_ws/install/vesc_ackermann://home/nvidia/f1tenth_ws/install/vesc_msgs://home/nvidia/f1tenth_ws/install/teleop_tools://home/nvidia/f1tenth_ws/install/joy_teleop://home/nvidia/f1tenth_ws/install/teleop_tools_msgs://home/nvidia/f1tenth_ws/install/phasespace://home/nvidia/f1tenth_ws/install/particle_filter://home/nvidia/f1tenth_ws/install/new_map_saver://home/nvidia/f1tenth_ws/install/mouse_teleop://home/nvidia/f1tenth_ws/install/mapping://home/nvidia/f1tenth_ws/install/key_teleop://home/nvidia/f1tenth_ws/install/f1tenth_controllers://home/nvidia/f1tenth_ws/install/ackermann_mux:/opt/ros/foxy'), ('SHELL', '/bin/bash'), ('TERMINATOR_UUID', 'urn:uuid:3f2a181a-16ef-4091-b349-7c01a0bf8815'), ('QT_ACCESSIBILITY', '1'), ('GDMSESSION', 'ubuntu'), ('LESSCLOSE', '/usr/bin/lesspipe %s %s'), ('GPG_AGENT_INFO', '/run/user/1000/gnupg/S.gpg-agent:0:1'), ('QT_IM_MODULE', 'ibus'), ('PWD', '/home/nvidia/f1tenth_ws/build/pure_pursuit'), ('TURTLEBOT3_MODEL', 'waffle'), ('LC_ALL', 'en_US.UTF-8'), ('XDG_CONFIG_DIRS', '/etc/xdg/xdg-ubuntu:/etc/xdg'), ('XDG_DATA_DIRS', '/usr/share/ubuntu:/usr/local/share/:/usr/share/:/var/lib/snapd/desktop'), ('PYTHONPATH', '//home/nvidia/f1tenth_ws/install/f1tenth_stack/lib/python3.8/site-packages://home/nvidia/f1tenth_ws/install/vesc_msgs/lib/python3.8/site-packages://home/nvidia/f1tenth_ws/install/joy_teleop/lib/python3.8/site-packages://home/nvidia/f1tenth_ws/install/teleop_tools_msgs/lib/python3.8/site-packages://home/nvidia/f1tenth_ws/install/phasespace/lib/python3.8/site-packages://home/nvidia/f1tenth_ws/install/particle_filter/lib/python3.8/site-packages://home/nvidia/f1tenth_ws/install/new_map_saver/lib/python3.8/site-packages://home/nvidia/f1tenth_ws/install/mouse_teleop/lib/python3.8/site-packages://home/nvidia/f1tenth_ws/install/mapping/lib/python3.8/site-packages://home/nvidia/f1tenth_ws/install/key_teleop/lib/python3.8/site-packages://home/nvidia/f1tenth_ws/install/f1tenth_controllers/lib/python3.8/site-packages:/opt/ros/foxy/lib/python3.8/site-packages'), ('COLCON', '1'), ('VTE_VERSION', '6003'), ('CMAKE_PREFIX_PATH', '//home/nvidia/f1tenth_ws/install/vesc://home/nvidia/f1tenth_ws/install/vesc_driver://home/nvidia/f1tenth_ws/install/vesc_ackermann://home/nvidia/f1tenth_ws/install/vesc_msgs://home/nvidia/f1tenth_ws/install/teleop_tools://home/nvidia/f1tenth_ws/install/teleop_tools_msgs://home/nvidia/f1tenth_ws/install/range_lib://home/nvidia/f1tenth_ws/install/ackermann_mux://home/nvidia/f1tenth_ws/install/f1tenth_stack://home/nvidia/f1tenth_ws/install/joy_teleop://home/nvidia/f1tenth_ws/install/phasespace://home/nvidia/f1tenth_ws/install/particle_filter://home/nvidia/f1tenth_ws/install/new_map_saver://home/nvidia/f1tenth_ws/install/mouse_teleop://home/nvidia/f1tenth_ws/install/mapping://home/nvidia/f1tenth_ws/install/key_teleop://home/nvidia/f1tenth_ws/install/f1tenth_controllers:/opt/ros/foxy')]), 'shell': False}
[52.669015] (-) TimerEvent: {}
[52.771494] (-) TimerEvent: {}
[52.874933] (-) TimerEvent: {}
[52.936731] (pure_pursuit) StdoutLine: {'line': b'\x1b[35m\x1b[1mScanning dependencies of target waypoint_visualizer\x1b[0m\n'}
[52.975181] (-) TimerEvent: {}
[53.048838] (vesc_msgs) StdoutLine: {'line': b'\x1b[35m\x1b[1mScanning dependencies of target vesc_msgs__rosidl_typesupport_introspection_c\x1b[0m\n'}
[53.075397] (-) TimerEvent: {}
[53.176990] (-) TimerEvent: {}
[53.194834] (vesc_msgs) StdoutLine: {'line': b'[ 49%] \x1b[32mBuilding C object CMakeFiles/vesc_msgs__rosidl_typesupport_introspection_c.dir/rosidl_typesupport_introspection_c/vesc_msgs/msg/detail/vesc_state__type_support.c.o\x1b[0m\n'}
[53.277251] (-) TimerEvent: {}
[53.291910] (pure_pursuit) StdoutLine: {'line': b'[ 25%] \x1b[32mBuilding CXX object CMakeFiles/waypoint_visualizer.dir/src/waypoint_visualizer.cpp.o\x1b[0m\n'}
[53.377527] (-) TimerEvent: {}
[53.478649] (-) TimerEvent: {}
[53.525955] (vesc_msgs) StdoutLine: {'line': b'[ 50%] \x1b[32mBuilding C object CMakeFiles/vesc_msgs__rosidl_typesupport_introspection_c.dir/rosidl_typesupport_introspection_c/vesc_msgs/msg/detail/vesc_imu_stamped__type_support.c.o\x1b[0m\n'}
[53.578881] (-) TimerEvent: {}
[53.679954] (-) TimerEvent: {}
[53.780988] (-) TimerEvent: {}
[53.882086] (-) TimerEvent: {}
[53.903610] (vesc_msgs) StdoutLine: {'line': b'[ 52%] \x1b[32mBuilding C object CMakeFiles/vesc_msgs__rosidl_typesupport_introspection_c.dir/rosidl_typesupport_introspection_c/vesc_msgs/msg/detail/vesc_imu__type_support.c.o\x1b[0m\n'}
[53.982303] (-) TimerEvent: {}
[54.083275] (-) TimerEvent: {}
[54.184336] (-) TimerEvent: {}
[54.223396] (vesc_msgs) StdoutLine: {'line': b'[ 54%] \x1b[32mBuilding C object CMakeFiles/vesc_msgs__rosidl_typesupport_introspection_c.dir/rosidl_typesupport_introspection_c/vesc_msgs/msg/detail/vesc_state_stamped__type_support.c.o\x1b[0m\n'}
[54.284751] (-) TimerEvent: {}
[54.385958] (-) TimerEvent: {}
[54.487345] (-) TimerEvent: {}
[54.515342] (vesc_msgs) StdoutLine: {'line': b'[ 56%] \x1b[32m\x1b[1mLinking C shared library libvesc_msgs__rosidl_typesupport_introspection_c.so\x1b[0m\n'}
[54.587704] (-) TimerEvent: {}
[54.690767] (-) TimerEvent: {}
[54.791956] (-) TimerEvent: {}
[54.806210] (vesc_msgs) StdoutLine: {'line': b'[ 56%] Built target vesc_msgs__rosidl_typesupport_introspection_c\n'}
[54.892218] (-) TimerEvent: {}
[54.915129] (vesc_msgs) StdoutLine: {'line': b'[ 58%] \x1b[34m\x1b[1mGenerating C type support for eProsima Fast-RTPS\x1b[0m\n'}
[54.992492] (-) TimerEvent: {}
[55.093547] (-) TimerEvent: {}
[55.195048] (-) TimerEvent: {}
[55.296574] (-) TimerEvent: {}
[55.397674] (-) TimerEvent: {}
[55.499094] (-) TimerEvent: {}
[55.600205] (-) TimerEvent: {}
[55.701420] (-) TimerEvent: {}
[55.802657] (-) TimerEvent: {}
[55.903760] (-) TimerEvent: {}
[56.004933] (-) TimerEvent: {}
[56.106273] (-) TimerEvent: {}
[56.132529] (teleop_tools_msgs) StdoutLine: {'line': b'[ 74%] Built target teleop_tools_msgs__py\n'}
[56.206859] (-) TimerEvent: {}
[56.234274] (teleop_tools_msgs) StdoutLine: {'line': b'\x1b[35m\x1b[1mScanning dependencies of target teleop_tools_msgs__python\x1b[0m\n'}
[56.307157] (-) TimerEvent: {}
[56.408355] (-) TimerEvent: {}
[56.476454] (teleop_tools_msgs) StdoutLine: {'line': b'[ 77%] \x1b[32mBuilding C object CMakeFiles/teleop_tools_msgs__python.dir/rosidl_generator_py/teleop_tools_msgs/action/_increment_s.c.o\x1b[0m\n'}
[56.508646] (-) TimerEvent: {}
[56.609994] (-) TimerEvent: {}
[56.711148] (-) TimerEvent: {}
[56.812269] (-) TimerEvent: {}
[56.913264] (-) TimerEvent: {}
[57.014392] (-) TimerEvent: {}
[57.115554] (-) TimerEvent: {}
[57.216727] (-) TimerEvent: {}
[57.317979] (-) TimerEvent: {}
[57.419072] (-) TimerEvent: {}
[57.520153] (-) TimerEvent: {}
[57.592992] (teleop_tools_msgs) StdoutLine: {'line': b'[ 80%] \x1b[32m\x1b[1mLinking C shared library rosidl_generator_py/teleop_tools_msgs/libteleop_tools_msgs__python.so\x1b[0m\n'}
[57.620494] (-) TimerEvent: {}
[57.721623] (-) TimerEvent: {}
[57.823033] (-) TimerEvent: {}
[57.924299] (-) TimerEvent: {}
[57.952160] (teleop_tools_msgs) StdoutLine: {'line': b'[ 80%] Built target teleop_tools_msgs__python\n'}
[58.024587] (-) TimerEvent: {}
[58.048851] (teleop_tools_msgs) StdoutLine: {'line': b'\x1b[35m\x1b[1mScanning dependencies of target teleop_tools_msgs__rosidl_typesupport_c__pyext\x1b[0m\n'}
[58.124885] (-) TimerEvent: {}
[58.213524] (teleop_tools_msgs) StdoutLine: {'line': b'[ 83%] \x1b[32mBuilding C object CMakeFiles/teleop_tools_msgs__rosidl_typesupport_c__pyext.dir/rosidl_generator_py/teleop_tools_msgs/_teleop_tools_msgs_s.ep.rosidl_typesupport_c.c.o\x1b[0m\n'}
[58.225176] (-) TimerEvent: {}
[58.326397] (-) TimerEvent: {}
[58.366260] (vesc_msgs) StdoutLine: {'line': b'\x1b[35m\x1b[1mScanning dependencies of target vesc_msgs__rosidl_typesupport_fastrtps_c\x1b[0m\n'}
[58.426641] (-) TimerEvent: {}
[58.530571] (-) TimerEvent: {}
[58.564736] (vesc_msgs) StdoutLine: {'line': b'[ 60%] \x1b[32mBuilding CXX object CMakeFiles/vesc_msgs__rosidl_typesupport_fastrtps_c.dir/rosidl_typesupport_fastrtps_c/vesc_msgs/msg/detail/vesc_state__type_support_c.cpp.o\x1b[0m\n'}
[58.631168] (-) TimerEvent: {}
[58.733574] (-) TimerEvent: {}
[58.835022] (-) TimerEvent: {}
[58.936260] (-) TimerEvent: {}
[59.038711] (-) TimerEvent: {}
[59.111394] (teleop_tools_msgs) StdoutLine: {'line': b'[ 87%] \x1b[32m\x1b[1mLinking C shared library rosidl_generator_py/teleop_tools_msgs/teleop_tools_msgs_s__rosidl_typesupport_c.cpython-38-aarch64-linux-gnu.so\x1b[0m\n'}
[59.139159] (-) TimerEvent: {}
[59.240692] (-) TimerEvent: {}
[59.341803] (-) TimerEvent: {}
[59.443103] (-) TimerEvent: {}
[59.474603] (teleop_tools_msgs) StdoutLine: {'line': b'[ 87%] Built target teleop_tools_msgs__rosidl_typesupport_c__pyext\n'}
[59.543407] (-) TimerEvent: {}
[59.563901] (teleop_tools_msgs) StdoutLine: {'line': b'\x1b[35m\x1b[1mScanning dependencies of target teleop_tools_msgs__rosidl_typesupport_fastrtps_c__pyext\x1b[0m\n'}
[59.643685] (-) TimerEvent: {}
[59.745106] (-) TimerEvent: {}
[59.761344] (teleop_tools_msgs) StdoutLine: {'line': b'[ 90%] \x1b[32mBuilding C object CMakeFiles/teleop_tools_msgs__rosidl_typesupport_fastrtps_c__pyext.dir/rosidl_generator_py/teleop_tools_msgs/_teleop_tools_msgs_s.ep.rosidl_typesupport_fastrtps_c.c.o\x1b[0m\n'}
[59.845419] (-) TimerEvent: {}
[59.946791] (-) TimerEvent: {}
[60.047956] (-) TimerEvent: {}
[60.149164] (-) TimerEvent: {}
[60.250327] (-) TimerEvent: {}
[60.351461] (-) TimerEvent: {}
[60.452676] (-) TimerEvent: {}
[60.555274] (-) TimerEvent: {}
[60.644334] (teleop_tools_msgs) StdoutLine: {'line': b'[ 93%] \x1b[32m\x1b[1mLinking CXX shared library rosidl_generator_py/teleop_tools_msgs/teleop_tools_msgs_s__rosidl_typesupport_fastrtps_c.cpython-38-aarch64-linux-gnu.so\x1b[0m\n'}
[60.654458] (-) TimerEvent: {}
[60.755562] (-) TimerEvent: {}
[60.856747] (-) TimerEvent: {}
[60.958055] (-) TimerEvent: {}
[61.059255] (-) TimerEvent: {}
[61.116297] (teleop_tools_msgs) StdoutLine: {'line': b'[ 93%] Built target teleop_tools_msgs__rosidl_typesupport_fastrtps_c__pyext\n'}
[61.159530] (-) TimerEvent: {}
[61.189969] (teleop_tools_msgs) StdoutLine: {'line': b'\x1b[35m\x1b[1mScanning dependencies of target teleop_tools_msgs__rosidl_typesupport_introspection_c__pyext\x1b[0m\n'}
[61.218570] (vesc_msgs) StdoutLine: {'line': b'[ 61%] \x1b[32mBuilding CXX object CMakeFiles/vesc_msgs__rosidl_typesupport_fastrtps_c.dir/rosidl_typesupport_fastrtps_c/vesc_msgs/msg/detail/vesc_imu_stamped__type_support_c.cpp.o\x1b[0m\n'}
[61.259819] (-) TimerEvent: {}
[61.335254] (teleop_tools_msgs) StdoutLine: {'line': b'[ 96%] \x1b[32mBuilding C object CMakeFiles/teleop_tools_msgs__rosidl_typesupport_introspection_c__pyext.dir/rosidl_generator_py/teleop_tools_msgs/_teleop_tools_msgs_s.ep.rosidl_typesupport_introspection_c.c.o\x1b[0m\n'}
[61.360131] (-) TimerEvent: {}
[61.461391] (-) TimerEvent: {}
[61.562767] (-) TimerEvent: {}
[61.664066] (-) TimerEvent: {}
[61.765323] (-) TimerEvent: {}
[61.868365] (-) TimerEvent: {}
[61.972080] (-) TimerEvent: {}
[62.073548] (-) TimerEvent: {}
[62.104238] (teleop_tools_msgs) StdoutLine: {'line': b'[100%] \x1b[32m\x1b[1mLinking C shared library rosidl_generator_py/teleop_tools_msgs/teleop_tools_msgs_s__rosidl_typesupport_introspection_c.cpython-38-aarch64-linux-gnu.so\x1b[0m\n'}
[62.174277] (-) TimerEvent: {}
[62.276834] (-) TimerEvent: {}
[62.378554] (-) TimerEvent: {}
[62.389506] (teleop_tools_msgs) StdoutLine: {'line': b'[100%] Built target teleop_tools_msgs__rosidl_typesupport_introspection_c__pyext\n'}
[62.478279] (teleop_tools_msgs) CommandEnded: {'returncode': 0}
[62.484451] (-) TimerEvent: {}
[62.587747] (-) TimerEvent: {}
[62.690268] (-) TimerEvent: {}
[62.791757] (-) TimerEvent: {}
[62.893470] (-) TimerEvent: {}
[62.995316] (-) TimerEvent: {}
[63.046799] (teleop_tools_msgs) JobProgress: {'identifier': 'teleop_tools_msgs', 'progress': 'install'}
[63.099173] (-) TimerEvent: {}
[63.158942] (teleop_tools_msgs) Command: {'cmd': ['/usr/bin/cmake', '--install', '/home/nvidia/f1tenth_ws/build/teleop_tools_msgs'], 'cwd': '/home/nvidia/f1tenth_ws/build/teleop_tools_msgs', 'env': OrderedDict([('LESSOPEN', '| /usr/bin/lesspipe %s'), ('USER', 'nvidia'), ('SSH_AGENT_PID', '3963'), ('XDG_SESSION_TYPE', 'x11'), ('SHLVL', '1'), ('LD_LIBRARY_PATH', '//home/nvidia/f1tenth_ws/install/vesc_driver/lib://home/nvidia/f1tenth_ws/install/vesc_ackermann/lib://home/nvidia/f1tenth_ws/install/vesc_msgs/lib://home/nvidia/f1tenth_ws/install/teleop_tools_msgs/lib:/usr/lib/aarch64-linux-gnu/gazebo-11/plugins:/opt/ros/foxy/opt/yaml_cpp_vendor/lib:/opt/ros/foxy/opt/rviz_ogre_vendor/lib:/opt/ros/foxy/lib/aarch64-linux-gnu:/opt/ros/foxy/lib:/usr/local/cuda-11.4/lib64:'), ('HOME', '/home/nvidia'), ('OLDPWD', '/home/nvidia'), ('DESKTOP_SESSION', 'ubuntu'), ('ROS_PYTHON_VERSION', '3'), ('GNOME_SHELL_SESSION_MODE', 'ubuntu'), ('GTK_MODULES', 'gail:atk-bridge'), ('MANAGERPID', '3863'), ('DBUS_SESSION_BUS_ADDRESS', 'unix:path=/run/user/1000/bus'), ('COLORTERM', 'truecolor'), ('TERMINATOR_DBUS_NAME', 'net.tenshu.Terminator23558193cd9818af7fe4d2c2f5bd9d00f'), ('GIO_LAUNCHED_DESKTOP_FILE_PID', '4619'), ('IM_CONFIG_PHASE', '1'), ('COLCON_PREFIX_PATH', '//home/nvidia/f1tenth_ws/install'), ('ROS_DISTRO', 'foxy'), ('LOGNAME', 'nvidia'), ('JOURNAL_STREAM', '8:70019'), ('_', '/usr/bin/colcon'), ('ROS_VERSION', '2'), ('XDG_SESSION_CLASS', 'user'), ('USERNAME', 'nvidia'), ('TERM', 'xterm-256color'), ('GAZEBO_MODEL_PATH', ':/opt/ros/foxy/share/turtlebot3_gazebo/models'), ('GNOME_DESKTOP_SESSION_ID', 'this-is-deprecated'), ('ROS_LOCALHOST_ONLY', '0'), ('WINDOWPATH', '2'), ('PATH', '//home/nvidia/f1tenth_ws/install/range_lib/bin:/opt/ros/foxy/bin:/usr/local/cuda-11.4/bin:/home/nvidia/.local/bin:/usr/local/sbin:/usr/local/bin:/usr/sbin:/usr/bin:/sbin:/bin:/usr/games:/usr/local/games:/snap/bin'), ('SESSION_MANAGER', 'local/ubuntu:@/tmp/.ICE-unix/4000,unix/ubuntu:/tmp/.ICE-unix/4000'), ('INVOCATION_ID', 'f345853a86154e6d9c622f5fbfdc1ac4'), ('XDG_MENU_PREFIX', 'gnome-'), ('XDG_RUNTIME_DIR', '/run/user/1000'), ('DISPLAY', ':1'), ('TERMINATOR_DBUS_PATH', '/net/tenshu/Terminator2'), ('LANG', 'en_US.UTF-8'), ('XDG_CURRENT_DESKTOP', 'ubuntu:GNOME'), ('XMODIFIERS', '@im=ibus'), ('XDG_SESSION_DESKTOP', 'ubuntu'), ('XAUTHORITY', '/run/user/1000/gdm/Xauthority'), ('LS_COLORS', 'rs=0:di=01;34:ln=01;36:mh=00:pi=40;33:so=01;35:do=01;35:bd=40;33;01:cd=40;33;01:or=40;31;01:mi=00:su=37;41:sg=30;43:ca=30;41:tw=30;42:ow=34;42:st=37;44:ex=01;32:*.tar=01;31:*.tgz=01;31:*.arc=01;31:*.arj=01;31:*.taz=01;31:*.lha=01;31:*.lz4=01;31:*.lzh=01;31:*.lzma=01;31:*.tlz=01;31:*.txz=01;31:*.tzo=01;31:*.t7z=01;31:*.zip=01;31:*.z=01;31:*.dz=01;31:*.gz=01;31:*.lrz=01;31:*.lz=01;31:*.lzo=01;31:*.xz=01;31:*.zst=01;31:*.tzst=01;31:*.bz2=01;31:*.bz=01;31:*.tbz=01;31:*.tbz2=01;31:*.tz=01;31:*.deb=01;31:*.rpm=01;31:*.jar=01;31:*.war=01;31:*.ear=01;31:*.sar=01;31:*.rar=01;31:*.alz=01;31:*.ace=01;31:*.zoo=01;31:*.cpio=01;31:*.7z=01;31:*.rz=01;31:*.cab=01;31:*.wim=01;31:*.swm=01;31:*.dwm=01;31:*.esd=01;31:*.jpg=01;35:*.jpeg=01;35:*.mjpg=01;35:*.mjpeg=01;35:*.gif=01;35:*.bmp=01;35:*.pbm=01;35:*.pgm=01;35:*.ppm=01;35:*.tga=01;35:*.xbm=01;35:*.xpm=01;35:*.tif=01;35:*.tiff=01;35:*.png=01;35:*.svg=01;35:*.svgz=01;35:*.mng=01;35:*.pcx=01;35:*.mov=01;35:*.mpg=01;35:*.mpeg=01;35:*.m2v=01;35:*.mkv=01;35:*.webm=01;35:*.ogm=01;35:*.mp4=01;35:*.m4v=01;35:*.mp4v=01;35:*.vob=01;35:*.qt=01;35:*.nuv=01;35:*.wmv=01;35:*.asf=01;35:*.rm=01;35:*.rmvb=01;35:*.flc=01;35:*.avi=01;35:*.fli=01;35:*.flv=01;35:*.gl=01;35:*.dl=01;35:*.xcf=01;35:*.xwd=01;35:*.yuv=01;35:*.cgm=01;35:*.emf=01;35:*.ogv=01;35:*.ogx=01;35:*.aac=00;36:*.au=00;36:*.flac=00;36:*.m4a=00;36:*.mid=00;36:*.midi=00;36:*.mka=00;36:*.mp3=00;36:*.mpc=00;36:*.ogg=00;36:*.ra=00;36:*.wav=00;36:*.oga=00;36:*.opus=00;36:*.spx=00;36:*.xspf=00;36:'), ('SSH_AUTH_SOCK', '/run/user/1000/keyring/ssh'), ('ROS_DOMAIN_ID', '10'), ('AMENT_PREFIX_PATH', '//home/nvidia/f1tenth_ws/install/f1tenth_stack://home/nvidia/f1tenth_ws/install/vesc://home/nvidia/f1tenth_ws/install/vesc_driver://home/nvidia/f1tenth_ws/install/vesc_ackermann://home/nvidia/f1tenth_ws/install/vesc_msgs://home/nvidia/f1tenth_ws/install/teleop_tools://home/nvidia/f1tenth_ws/install/joy_teleop://home/nvidia/f1tenth_ws/install/teleop_tools_msgs://home/nvidia/f1tenth_ws/install/phasespace://home/nvidia/f1tenth_ws/install/particle_filter://home/nvidia/f1tenth_ws/install/new_map_saver://home/nvidia/f1tenth_ws/install/mouse_teleop://home/nvidia/f1tenth_ws/install/mapping://home/nvidia/f1tenth_ws/install/key_teleop://home/nvidia/f1tenth_ws/install/f1tenth_controllers://home/nvidia/f1tenth_ws/install/ackermann_mux:/opt/ros/foxy'), ('SHELL', '/bin/bash'), ('TERMINATOR_UUID', 'urn:uuid:3f2a181a-16ef-4091-b349-7c01a0bf8815'), ('QT_ACCESSIBILITY', '1'), ('GDMSESSION', 'ubuntu'), ('LESSCLOSE', '/usr/bin/lesspipe %s %s'), ('GPG_AGENT_INFO', '/run/user/1000/gnupg/S.gpg-agent:0:1'), ('QT_IM_MODULE', 'ibus'), ('PWD', '/home/nvidia/f1tenth_ws/build/teleop_tools_msgs'), ('TURTLEBOT3_MODEL', 'waffle'), ('LC_ALL', 'en_US.UTF-8'), ('XDG_CONFIG_DIRS', '/etc/xdg/xdg-ubuntu:/etc/xdg'), ('XDG_DATA_DIRS', '/usr/share/ubuntu:/usr/local/share/:/usr/share/:/var/lib/snapd/desktop'), ('PYTHONPATH', '//home/nvidia/f1tenth_ws/install/f1tenth_stack/lib/python3.8/site-packages://home/nvidia/f1tenth_ws/install/vesc_msgs/lib/python3.8/site-packages://home/nvidia/f1tenth_ws/install/joy_teleop/lib/python3.8/site-packages://home/nvidia/f1tenth_ws/install/teleop_tools_msgs/lib/python3.8/site-packages://home/nvidia/f1tenth_ws/install/phasespace/lib/python3.8/site-packages://home/nvidia/f1tenth_ws/install/particle_filter/lib/python3.8/site-packages://home/nvidia/f1tenth_ws/install/new_map_saver/lib/python3.8/site-packages://home/nvidia/f1tenth_ws/install/mouse_teleop/lib/python3.8/site-packages://home/nvidia/f1tenth_ws/install/mapping/lib/python3.8/site-packages://home/nvidia/f1tenth_ws/install/key_teleop/lib/python3.8/site-packages://home/nvidia/f1tenth_ws/install/f1tenth_controllers/lib/python3.8/site-packages:/opt/ros/foxy/lib/python3.8/site-packages'), ('COLCON', '1'), ('VTE_VERSION', '6003'), ('CMAKE_PREFIX_PATH', '//home/nvidia/f1tenth_ws/install/vesc://home/nvidia/f1tenth_ws/install/vesc_driver://home/nvidia/f1tenth_ws/install/vesc_ackermann://home/nvidia/f1tenth_ws/install/vesc_msgs://home/nvidia/f1tenth_ws/install/teleop_tools://home/nvidia/f1tenth_ws/install/teleop_tools_msgs://home/nvidia/f1tenth_ws/install/range_lib://home/nvidia/f1tenth_ws/install/ackermann_mux://home/nvidia/f1tenth_ws/install/f1tenth_stack://home/nvidia/f1tenth_ws/install/joy_teleop://home/nvidia/f1tenth_ws/install/phasespace://home/nvidia/f1tenth_ws/install/particle_filter://home/nvidia/f1tenth_ws/install/new_map_saver://home/nvidia/f1tenth_ws/install/mouse_teleop://home/nvidia/f1tenth_ws/install/mapping://home/nvidia/f1tenth_ws/install/key_teleop://home/nvidia/f1tenth_ws/install/f1tenth_controllers:/opt/ros/foxy')]), 'shell': False}
[63.200528] (-) TimerEvent: {}
[63.230690] (teleop_tools_msgs) StdoutLine: {'line': b'-- Install configuration: ""\n'}
[63.232185] (teleop_tools_msgs) StdoutLine: {'line': b'-- Installing: /home/nvidia/f1tenth_ws/install/teleop_tools_msgs/share/ament_index/resource_index/rosidl_interfaces/teleop_tools_msgs\n'}
[63.234530] (teleop_tools_msgs) StdoutLine: {'line': b'-- Installing: /home/nvidia/f1tenth_ws/install/teleop_tools_msgs/include/teleop_tools_msgs\n'}
[63.235349] (teleop_tools_msgs) StdoutLine: {'line': b'-- Installing: /home/nvidia/f1tenth_ws/install/teleop_tools_msgs/include/teleop_tools_msgs/action\n'}
[63.236536] (teleop_tools_msgs) StdoutLine: {'line': b'-- Installing: /home/nvidia/f1tenth_ws/install/teleop_tools_msgs/include/teleop_tools_msgs/action/increment.h\n'}
[63.237238] (teleop_tools_msgs) StdoutLine: {'line': b'-- Installing: /home/nvidia/f1tenth_ws/install/teleop_tools_msgs/include/teleop_tools_msgs/action/detail\n'}
[63.238266] (teleop_tools_msgs) StdoutLine: {'line': b'-- Installing: /home/nvidia/f1tenth_ws/install/teleop_tools_msgs/include/teleop_tools_msgs/action/detail/increment__type_support.h\n'}
[63.239775] (teleop_tools_msgs) StdoutLine: {'line': b'-- Installing: /home/nvidia/f1tenth_ws/install/teleop_tools_msgs/include/teleop_tools_msgs/action/detail/increment__functions.c\n'}
[63.242644] (teleop_tools_msgs) StdoutLine: {'line': b'-- Installing: /home/nvidia/f1tenth_ws/install/teleop_tools_msgs/include/teleop_tools_msgs/action/detail/increment__struct.h\n'}
[63.248605] (teleop_tools_msgs) StdoutLine: {'line': b'-- Installing: /home/nvidia/f1tenth_ws/install/teleop_tools_msgs/include/teleop_tools_msgs/action/detail/increment__functions.h\n'}
[63.257391] (teleop_tools_msgs) StdoutLine: {'line': b'-- Installing: /home/nvidia/f1tenth_ws/install/teleop_tools_msgs/include/teleop_tools_msgs/msg\n'}
[63.259061] (teleop_tools_msgs) StdoutLine: {'line': b'-- Installing: /home/nvidia/f1tenth_ws/install/teleop_tools_msgs/include/teleop_tools_msgs/msg/rosidl_generator_c__visibility_control.h\n'}
[63.259651] (teleop_tools_msgs) StdoutLine: {'line': b'-- Installing: /home/nvidia/f1tenth_ws/install/teleop_tools_msgs/share/teleop_tools_msgs/environment/library_path.sh\n'}
[63.260339] (teleop_tools_msgs) StdoutLine: {'line': b'-- Installing: /home/nvidia/f1tenth_ws/install/teleop_tools_msgs/share/teleop_tools_msgs/environment/library_path.dsv\n'}
[63.260819] (teleop_tools_msgs) StdoutLine: {'line': b'-- Installing: /home/nvidia/f1tenth_ws/install/teleop_tools_msgs/lib/libteleop_tools_msgs__rosidl_generator_c.so\n'}
[63.261213] (teleop_tools_msgs) StdoutLine: {'line': b'-- Set runtime path of "/home/nvidia/f1tenth_ws/install/teleop_tools_msgs/lib/libteleop_tools_msgs__rosidl_generator_c.so" to ""\n'}
[63.263091] (teleop_tools_msgs) StdoutLine: {'line': b'-- Up-to-date: /home/nvidia/f1tenth_ws/install/teleop_tools_msgs/include/teleop_tools_msgs\n'}
[63.263557] (teleop_tools_msgs) StdoutLine: {'line': b'-- Up-to-date: /home/nvidia/f1tenth_ws/install/teleop_tools_msgs/include/teleop_tools_msgs/action\n'}
[63.264240] (teleop_tools_msgs) StdoutLine: {'line': b'-- Up-to-date: /home/nvidia/f1tenth_ws/install/teleop_tools_msgs/include/teleop_tools_msgs/action/detail\n'}
[63.264661] (teleop_tools_msgs) StdoutLine: {'line': b'-- Installing: /home/nvidia/f1tenth_ws/install/teleop_tools_msgs/include/teleop_tools_msgs/action/detail/increment__rosidl_typesupport_fastrtps_c.h\n'}
[63.266468] (teleop_tools_msgs) StdoutLine: {'line': b'-- Up-to-date: /home/nvidia/f1tenth_ws/install/teleop_tools_msgs/include/teleop_tools_msgs/msg\n'}
[63.267843] (teleop_tools_msgs) StdoutLine: {'line': b'-- Installing: /home/nvidia/f1tenth_ws/install/teleop_tools_msgs/include/teleop_tools_msgs/msg/rosidl_typesupport_fastrtps_c__visibility_control.h\n'}
[63.268481] (teleop_tools_msgs) StdoutLine: {'line': b'-- Installing: /home/nvidia/f1tenth_ws/install/teleop_tools_msgs/lib/libteleop_tools_msgs__rosidl_typesupport_fastrtps_c.so\n'}
[63.269483] (teleop_tools_msgs) StdoutLine: {'line': b'-- Set runtime path of "/home/nvidia/f1tenth_ws/install/teleop_tools_msgs/lib/libteleop_tools_msgs__rosidl_typesupport_fastrtps_c.so" to ""\n'}
[63.270089] (teleop_tools_msgs) StdoutLine: {'line': b'-- Up-to-date: /home/nvidia/f1tenth_ws/install/teleop_tools_msgs/include/teleop_tools_msgs\n'}
[63.270587] (teleop_tools_msgs) StdoutLine: {'line': b'-- Up-to-date: /home/nvidia/f1tenth_ws/install/teleop_tools_msgs/include/teleop_tools_msgs/action\n'}
[63.271030] (teleop_tools_msgs) StdoutLine: {'line': b'-- Up-to-date: /home/nvidia/f1tenth_ws/install/teleop_tools_msgs/include/teleop_tools_msgs/action/detail\n'}
[63.271490] (teleop_tools_msgs) StdoutLine: {'line': b'-- Installing: /home/nvidia/f1tenth_ws/install/teleop_tools_msgs/include/teleop_tools_msgs/action/detail/increment__rosidl_typesupport_fastrtps_cpp.hpp\n'}
[63.271957] (teleop_tools_msgs) StdoutLine: {'line': b'-- Installing: /home/nvidia/f1tenth_ws/install/teleop_tools_msgs/include/teleop_tools_msgs/action/detail/dds_fastrtps\n'}
[63.272702] (teleop_tools_msgs) StdoutLine: {'line': b'-- Up-to-date: /home/nvidia/f1tenth_ws/install/teleop_tools_msgs/include/teleop_tools_msgs/msg\n'}
[63.273390] (teleop_tools_msgs) StdoutLine: {'line': b'-- Installing: /home/nvidia/f1tenth_ws/install/teleop_tools_msgs/include/teleop_tools_msgs/msg/rosidl_typesupport_fastrtps_cpp__visibility_control.h\n'}
[63.273977] (teleop_tools_msgs) StdoutLine: {'line': b'-- Installing: /home/nvidia/f1tenth_ws/install/teleop_tools_msgs/lib/libteleop_tools_msgs__rosidl_typesupport_fastrtps_cpp.so\n'}
[63.274868] (teleop_tools_msgs) StdoutLine: {'line': b'-- Set runtime path of "/home/nvidia/f1tenth_ws/install/teleop_tools_msgs/lib/libteleop_tools_msgs__rosidl_typesupport_fastrtps_cpp.so" to ""\n'}
[63.275670] (teleop_tools_msgs) StdoutLine: {'line': b'-- Up-to-date: /home/nvidia/f1tenth_ws/install/teleop_tools_msgs/include/teleop_tools_msgs\n'}
[63.276183] (teleop_tools_msgs) StdoutLine: {'line': b'-- Up-to-date: /home/nvidia/f1tenth_ws/install/teleop_tools_msgs/include/teleop_tools_msgs/action\n'}
[63.276633] (teleop_tools_msgs) StdoutLine: {'line': b'-- Up-to-date: /home/nvidia/f1tenth_ws/install/teleop_tools_msgs/include/teleop_tools_msgs/action/detail\n'}
[63.277498] (teleop_tools_msgs) StdoutLine: {'line': b'-- Installing: /home/nvidia/f1tenth_ws/install/teleop_tools_msgs/include/teleop_tools_msgs/action/detail/increment__rosidl_typesupport_introspection_c.h\n'}
[63.278129] (teleop_tools_msgs) StdoutLine: {'line': b'-- Installing: /home/nvidia/f1tenth_ws/install/teleop_tools_msgs/include/teleop_tools_msgs/action/detail/increment__type_support.c\n'}
[63.278636] (teleop_tools_msgs) StdoutLine: {'line': b'-- Up-to-date: /home/nvidia/f1tenth_ws/install/teleop_tools_msgs/include/teleop_tools_msgs/msg\n'}
[63.279096] (teleop_tools_msgs) StdoutLine: {'line': b'-- Installing: /home/nvidia/f1tenth_ws/install/teleop_tools_msgs/include/teleop_tools_msgs/msg/rosidl_typesupport_introspection_c__visibility_control.h\n'}
[63.279741] (teleop_tools_msgs) StdoutLine: {'line': b'-- Installing: /home/nvidia/f1tenth_ws/install/teleop_tools_msgs/lib/libteleop_tools_msgs__rosidl_typesupport_introspection_c.so\n'}
[63.283995] (teleop_tools_msgs) StdoutLine: {'line': b'-- Set runtime path of "/home/nvidia/f1tenth_ws/install/teleop_tools_msgs/lib/libteleop_tools_msgs__rosidl_typesupport_introspection_c.so" to ""\n'}
[63.284797] (teleop_tools_msgs) StdoutLine: {'line': b'-- Installing: /home/nvidia/f1tenth_ws/install/teleop_tools_msgs/lib/libteleop_tools_msgs__rosidl_typesupport_c.so\n'}
[63.298150] (teleop_tools_msgs) StdoutLine: {'line': b'-- Set runtime path of "/home/nvidia/f1tenth_ws/install/teleop_tools_msgs/lib/libteleop_tools_msgs__rosidl_typesupport_c.so" to ""\n'}
[63.299420] (teleop_tools_msgs) StdoutLine: {'line': b'-- Up-to-date: /home/nvidia/f1tenth_ws/install/teleop_tools_msgs/include/teleop_tools_msgs\n'}
[63.300615] (teleop_tools_msgs) StdoutLine: {'line': b'-- Up-to-date: /home/nvidia/f1tenth_ws/install/teleop_tools_msgs/include/teleop_tools_msgs/action\n'}
[63.301147] (-) TimerEvent: {}
[63.301845] (teleop_tools_msgs) StdoutLine: {'line': b'-- Up-to-date: /home/nvidia/f1tenth_ws/install/teleop_tools_msgs/include/teleop_tools_msgs/action/detail\n'}
[63.303707] (teleop_tools_msgs) StdoutLine: {'line': b'-- Installing: /home/nvidia/f1tenth_ws/install/teleop_tools_msgs/include/teleop_tools_msgs/action/detail/increment__type_support.hpp\n'}
[63.304416] (teleop_tools_msgs) StdoutLine: {'line': b'-- Installing: /home/nvidia/f1tenth_ws/install/teleop_tools_msgs/include/teleop_tools_msgs/action/detail/increment__traits.hpp\n'}
[63.304822] (teleop_tools_msgs) StdoutLine: {'line': b'-- Installing: /home/nvidia/f1tenth_ws/install/teleop_tools_msgs/include/teleop_tools_msgs/action/detail/increment__struct.hpp\n'}
[63.313038] (teleop_tools_msgs) StdoutLine: {'line': b'-- Installing: /home/nvidia/f1tenth_ws/install/teleop_tools_msgs/include/teleop_tools_msgs/action/detail/increment__builder.hpp\n'}
[63.314748] (teleop_tools_msgs) StdoutLine: {'line': b'-- Installing: /home/nvidia/f1tenth_ws/install/teleop_tools_msgs/include/teleop_tools_msgs/action/increment.hpp\n'}
[63.315617] (teleop_tools_msgs) StdoutLine: {'line': b'-- Up-to-date: /home/nvidia/f1tenth_ws/install/teleop_tools_msgs/include/teleop_tools_msgs/msg\n'}
[63.316329] (teleop_tools_msgs) StdoutLine: {'line': b'-- Installing: /home/nvidia/f1tenth_ws/install/teleop_tools_msgs/include/teleop_tools_msgs/msg/rosidl_generator_cpp__visibility_control.hpp\n'}
[63.318668] (teleop_tools_msgs) StdoutLine: {'line': b'-- Up-to-date: /home/nvidia/f1tenth_ws/install/teleop_tools_msgs/include/teleop_tools_msgs\n'}
[63.319198] (teleop_tools_msgs) StdoutLine: {'line': b'-- Up-to-date: /home/nvidia/f1tenth_ws/install/teleop_tools_msgs/include/teleop_tools_msgs/action\n'}
[63.319626] (teleop_tools_msgs) StdoutLine: {'line': b'-- Up-to-date: /home/nvidia/f1tenth_ws/install/teleop_tools_msgs/include/teleop_tools_msgs/action/detail\n'}
[63.320066] (teleop_tools_msgs) StdoutLine: {'line': b'-- Installing: /home/nvidia/f1tenth_ws/install/teleop_tools_msgs/include/teleop_tools_msgs/action/detail/increment__type_support.cpp\n'}
[63.320462] (teleop_tools_msgs) StdoutLine: {'line': b'-- Installing: /home/nvidia/f1tenth_ws/install/teleop_tools_msgs/include/teleop_tools_msgs/action/detail/increment__rosidl_typesupport_introspection_cpp.hpp\n'}
[63.320861] (teleop_tools_msgs) StdoutLine: {'line': b'-- Installing: /home/nvidia/f1tenth_ws/install/teleop_tools_msgs/lib/libteleop_tools_msgs__rosidl_typesupport_introspection_cpp.so\n'}
[63.321285] (teleop_tools_msgs) StdoutLine: {'line': b'-- Set runtime path of "/home/nvidia/f1tenth_ws/install/teleop_tools_msgs/lib/libteleop_tools_msgs__rosidl_typesupport_introspection_cpp.so" to ""\n'}
[63.322706] (teleop_tools_msgs) StdoutLine: {'line': b'-- Installing: /home/nvidia/f1tenth_ws/install/teleop_tools_msgs/lib/libteleop_tools_msgs__rosidl_typesupport_cpp.so\n'}
[63.323231] (teleop_tools_msgs) StdoutLine: {'line': b'-- Set runtime path of "/home/nvidia/f1tenth_ws/install/teleop_tools_msgs/lib/libteleop_tools_msgs__rosidl_typesupport_cpp.so" to ""\n'}
[63.323916] (teleop_tools_msgs) StdoutLine: {'line': b'-- Installing: /home/nvidia/f1tenth_ws/install/teleop_tools_msgs/share/teleop_tools_msgs/environment/pythonpath.sh\n'}
[63.324316] (teleop_tools_msgs) StdoutLine: {'line': b'-- Installing: /home/nvidia/f1tenth_ws/install/teleop_tools_msgs/share/teleop_tools_msgs/environment/pythonpath.dsv\n'}
[63.324764] (teleop_tools_msgs) StdoutLine: {'line': b'-- Installing: /home/nvidia/f1tenth_ws/install/teleop_tools_msgs/lib/python3.8/site-packages/teleop_tools_msgs/__init__.py\n'}
[63.401435] (-) TimerEvent: {}
[63.415516] (vesc_msgs) StdoutLine: {'line': b'[ 63%] \x1b[32mBuilding CXX object CMakeFiles/vesc_msgs__rosidl_typesupport_fastrtps_c.dir/rosidl_typesupport_fastrtps_c/vesc_msgs/msg/detail/vesc_imu__type_support_c.cpp.o\x1b[0m\n'}
[63.501728] (-) TimerEvent: {}
[63.557295] (teleop_tools_msgs) StdoutLine: {'line': b"Compiling '/home/nvidia/f1tenth_ws/install/teleop_tools_msgs/lib/python3.8/site-packages/teleop_tools_msgs/__init__.py'...\n"}
[63.583628] (teleop_tools_msgs) StdoutLine: {'line': b'-- Installing: /home/nvidia/f1tenth_ws/install/teleop_tools_msgs/lib/python3.8/site-packages/teleop_tools_msgs/action\n'}
[63.584920] (teleop_tools_msgs) StdoutLine: {'line': b'-- Installing: /home/nvidia/f1tenth_ws/install/teleop_tools_msgs/lib/python3.8/site-packages/teleop_tools_msgs/action/_increment_s.c\n'}
[63.585819] (teleop_tools_msgs) StdoutLine: {'line': b'-- Installing: /home/nvidia/f1tenth_ws/install/teleop_tools_msgs/lib/python3.8/site-packages/teleop_tools_msgs/action/__init__.py\n'}
[63.587980] (teleop_tools_msgs) StdoutLine: {'line': b'-- Installing: /home/nvidia/f1tenth_ws/install/teleop_tools_msgs/lib/python3.8/site-packages/teleop_tools_msgs/action/_increment.py\n'}
[63.589418] (teleop_tools_msgs) StdoutLine: {'line': b'-- Installing: /home/nvidia/f1tenth_ws/install/teleop_tools_msgs/lib/python3.8/site-packages/teleop_tools_msgs/teleop_tools_msgs_s__rosidl_typesupport_fastrtps_c.cpython-38-aarch64-linux-gnu.so\n'}
[63.597228] (teleop_tools_msgs) StdoutLine: {'line': b'-- Set runtime path of "/home/nvidia/f1tenth_ws/install/teleop_tools_msgs/lib/python3.8/site-packages/teleop_tools_msgs/teleop_tools_msgs_s__rosidl_typesupport_fastrtps_c.cpython-38-aarch64-linux-gnu.so" to ""\n'}
[63.598443] (teleop_tools_msgs) StdoutLine: {'line': b'-- Installing: /home/nvidia/f1tenth_ws/install/teleop_tools_msgs/lib/python3.8/site-packages/teleop_tools_msgs/teleop_tools_msgs_s__rosidl_typesupport_introspection_c.cpython-38-aarch64-linux-gnu.so\n'}
[63.599336] (teleop_tools_msgs) StdoutLine: {'line': b'-- Set runtime path of "/home/nvidia/f1tenth_ws/install/teleop_tools_msgs/lib/python3.8/site-packages/teleop_tools_msgs/teleop_tools_msgs_s__rosidl_typesupport_introspection_c.cpython-38-aarch64-linux-gnu.so" to ""\n'}
[63.600115] (teleop_tools_msgs) StdoutLine: {'line': b'-- Installing: /home/nvidia/f1tenth_ws/install/teleop_tools_msgs/lib/python3.8/site-packages/teleop_tools_msgs/teleop_tools_msgs_s__rosidl_typesupport_c.cpython-38-aarch64-linux-gnu.so\n'}
[63.603102] (-) TimerEvent: {}
[63.604271] (teleop_tools_msgs) StdoutLine: {'line': b'-- Set runtime path of "/home/nvidia/f1tenth_ws/install/teleop_tools_msgs/lib/python3.8/site-packages/teleop_tools_msgs/teleop_tools_msgs_s__rosidl_typesupport_c.cpython-38-aarch64-linux-gnu.so" to ""\n'}
[63.605115] (teleop_tools_msgs) StdoutLine: {'line': b'-- Installing: /home/nvidia/f1tenth_ws/install/teleop_tools_msgs/lib/libteleop_tools_msgs__python.so\n'}
[63.609642] (teleop_tools_msgs) StdoutLine: {'line': b'-- Set runtime path of "/home/nvidia/f1tenth_ws/install/teleop_tools_msgs/lib/libteleop_tools_msgs__python.so" to ""\n'}
[63.616423] (teleop_tools_msgs) StdoutLine: {'line': b'-- Installing: /home/nvidia/f1tenth_ws/install/teleop_tools_msgs/share/teleop_tools_msgs/action/Increment.idl\n'}
[63.617177] (teleop_tools_msgs) StdoutLine: {'line': b'-- Installing: /home/nvidia/f1tenth_ws/install/teleop_tools_msgs/share/teleop_tools_msgs/action/Increment.action\n'}
[63.617974] (teleop_tools_msgs) StdoutLine: {'line': b'-- Installing: /home/nvidia/f1tenth_ws/install/teleop_tools_msgs/share/ament_index/resource_index/package_run_dependencies/teleop_tools_msgs\n'}
[63.618549] (teleop_tools_msgs) StdoutLine: {'line': b'-- Installing: /home/nvidia/f1tenth_ws/install/teleop_tools_msgs/share/ament_index/resource_index/parent_prefix_path/teleop_tools_msgs\n'}
[63.618993] (teleop_tools_msgs) StdoutLine: {'line': b'-- Installing: /home/nvidia/f1tenth_ws/install/teleop_tools_msgs/share/teleop_tools_msgs/environment/ament_prefix_path.sh\n'}
[63.620413] (teleop_tools_msgs) StdoutLine: {'line': b'-- Installing: /home/nvidia/f1tenth_ws/install/teleop_tools_msgs/share/teleop_tools_msgs/environment/ament_prefix_path.dsv\n'}
[63.621674] (teleop_tools_msgs) StdoutLine: {'line': b'-- Installing: /home/nvidia/f1tenth_ws/install/teleop_tools_msgs/share/teleop_tools_msgs/environment/path.sh\n'}
[63.622896] (teleop_tools_msgs) StdoutLine: {'line': b'-- Installing: /home/nvidia/f1tenth_ws/install/teleop_tools_msgs/share/teleop_tools_msgs/environment/path.dsv\n'}
[63.624063] (teleop_tools_msgs) StdoutLine: {'line': b'-- Installing: /home/nvidia/f1tenth_ws/install/teleop_tools_msgs/share/teleop_tools_msgs/local_setup.bash\n'}
[63.625237] (teleop_tools_msgs) StdoutLine: {'line': b'-- Installing: /home/nvidia/f1tenth_ws/install/teleop_tools_msgs/share/teleop_tools_msgs/local_setup.sh\n'}
[63.629211] (teleop_tools_msgs) StdoutLine: {'line': b'-- Installing: /home/nvidia/f1tenth_ws/install/teleop_tools_msgs/share/teleop_tools_msgs/local_setup.zsh\n'}
[63.629722] (teleop_tools_msgs) StdoutLine: {'line': b'-- Installing: /home/nvidia/f1tenth_ws/install/teleop_tools_msgs/share/teleop_tools_msgs/local_setup.dsv\n'}
[63.630610] (teleop_tools_msgs) StdoutLine: {'line': b'-- Installing: /home/nvidia/f1tenth_ws/install/teleop_tools_msgs/share/teleop_tools_msgs/package.dsv\n'}
[63.631096] (teleop_tools_msgs) StdoutLine: {'line': b'-- Installing: /home/nvidia/f1tenth_ws/install/teleop_tools_msgs/share/ament_index/resource_index/packages/teleop_tools_msgs\n'}
[63.632099] (teleop_tools_msgs) StdoutLine: {'line': b'-- Installing: /home/nvidia/f1tenth_ws/install/teleop_tools_msgs/share/teleop_tools_msgs/cmake/teleop_tools_msgs__rosidl_generator_cExport.cmake\n'}
[63.633443] (teleop_tools_msgs) StdoutLine: {'line': b'-- Installing: /home/nvidia/f1tenth_ws/install/teleop_tools_msgs/share/teleop_tools_msgs/cmake/teleop_tools_msgs__rosidl_generator_cExport-noconfig.cmake\n'}
[63.636225] (teleop_tools_msgs) StdoutLine: {'line': b'-- Installing: /home/nvidia/f1tenth_ws/install/teleop_tools_msgs/share/teleop_tools_msgs/cmake/teleop_tools_msgs__rosidl_typesupport_introspection_cExport.cmake\n'}
[63.637367] (teleop_tools_msgs) StdoutLine: {'line': b'-- Installing: /home/nvidia/f1tenth_ws/install/teleop_tools_msgs/share/teleop_tools_msgs/cmake/teleop_tools_msgs__rosidl_typesupport_introspection_cExport-noconfig.cmake\n'}
[63.638308] (teleop_tools_msgs) StdoutLine: {'line': b'-- Installing: /home/nvidia/f1tenth_ws/install/teleop_tools_msgs/share/teleop_tools_msgs/cmake/teleop_tools_msgs__rosidl_typesupport_cExport.cmake\n'}
[63.642236] (teleop_tools_msgs) StdoutLine: {'line': b'-- Installing: /home/nvidia/f1tenth_ws/install/teleop_tools_msgs/share/teleop_tools_msgs/cmake/teleop_tools_msgs__rosidl_typesupport_cExport-noconfig.cmake\n'}
[63.647609] (teleop_tools_msgs) StdoutLine: {'line': b'-- Installing: /home/nvidia/f1tenth_ws/install/teleop_tools_msgs/share/teleop_tools_msgs/cmake/teleop_tools_msgs__rosidl_generator_cppExport.cmake\n'}
[63.648626] (teleop_tools_msgs) StdoutLine: {'line': b'-- Installing: /home/nvidia/f1tenth_ws/install/teleop_tools_msgs/share/teleop_tools_msgs/cmake/teleop_tools_msgs__rosidl_typesupport_introspection_cppExport.cmake\n'}
[63.649231] (teleop_tools_msgs) StdoutLine: {'line': b'-- Installing: /home/nvidia/f1tenth_ws/install/teleop_tools_msgs/share/teleop_tools_msgs/cmake/teleop_tools_msgs__rosidl_typesupport_introspection_cppExport-noconfig.cmake\n'}
[63.651406] (teleop_tools_msgs) StdoutLine: {'line': b'-- Installing: /home/nvidia/f1tenth_ws/install/teleop_tools_msgs/share/teleop_tools_msgs/cmake/teleop_tools_msgs__rosidl_typesupport_cppExport.cmake\n'}
[63.652264] (teleop_tools_msgs) StdoutLine: {'line': b'-- Installing: /home/nvidia/f1tenth_ws/install/teleop_tools_msgs/share/teleop_tools_msgs/cmake/teleop_tools_msgs__rosidl_typesupport_cppExport-noconfig.cmake\n'}
[63.652815] (teleop_tools_msgs) StdoutLine: {'line': b'-- Installing: /home/nvidia/f1tenth_ws/install/teleop_tools_msgs/share/teleop_tools_msgs/cmake/rosidl_cmake-extras.cmake\n'}
[63.653498] (teleop_tools_msgs) StdoutLine: {'line': b'-- Installing: /home/nvidia/f1tenth_ws/install/teleop_tools_msgs/share/teleop_tools_msgs/cmake/ament_cmake_export_dependencies-extras.cmake\n'}
[63.655459] (teleop_tools_msgs) StdoutLine: {'line': b'-- Installing: /home/nvidia/f1tenth_ws/install/teleop_tools_msgs/share/teleop_tools_msgs/cmake/ament_cmake_export_libraries-extras.cmake\n'}
[63.655968] (teleop_tools_msgs) StdoutLine: {'line': b'-- Installing: /home/nvidia/f1tenth_ws/install/teleop_tools_msgs/share/teleop_tools_msgs/cmake/ament_cmake_export_targets-extras.cmake\n'}
[63.657320] (teleop_tools_msgs) StdoutLine: {'line': b'-- Installing: /home/nvidia/f1tenth_ws/install/teleop_tools_msgs/share/teleop_tools_msgs/cmake/ament_cmake_export_include_directories-extras.cmake\n'}
[63.659096] (teleop_tools_msgs) StdoutLine: {'line': b'-- Installing: /home/nvidia/f1tenth_ws/install/teleop_tools_msgs/share/teleop_tools_msgs/cmake/rosidl_cmake_export_typesupport_libraries-extras.cmake\n'}
[63.659855] (teleop_tools_msgs) StdoutLine: {'line': b'-- Installing: /home/nvidia/f1tenth_ws/install/teleop_tools_msgs/share/teleop_tools_msgs/cmake/rosidl_cmake_export_typesupport_targets-extras.cmake\n'}
[63.660321] (teleop_tools_msgs) StdoutLine: {'line': b'-- Installing: /home/nvidia/f1tenth_ws/install/teleop_tools_msgs/share/teleop_tools_msgs/cmake/teleop_tools_msgsConfig.cmake\n'}
[63.668550] (teleop_tools_msgs) StdoutLine: {'line': b'-- Installing: /home/nvidia/f1tenth_ws/install/teleop_tools_msgs/share/teleop_tools_msgs/cmake/teleop_tools_msgsConfig-version.cmake\n'}
[63.669093] (teleop_tools_msgs) StdoutLine: {'line': b'-- Installing: /home/nvidia/f1tenth_ws/install/teleop_tools_msgs/share/teleop_tools_msgs/package.xml\n'}
[63.682475] (teleop_tools_msgs) CommandEnded: {'returncode': 0}
[63.703399] (-) TimerEvent: {}
[63.805258] (-) TimerEvent: {}
[63.908077] (-) TimerEvent: {}
[64.009310] (-) TimerEvent: {}
[64.110682] (-) TimerEvent: {}
[64.212061] (-) TimerEvent: {}
[64.313373] (-) TimerEvent: {}
[64.392935] (teleop_tools_msgs) JobEnded: {'identifier': 'teleop_tools_msgs', 'rc': 0}
[64.402376] (joy_teleop) JobStarted: {'identifier': 'joy_teleop'}
[64.414051] (-) TimerEvent: {}
[64.516671] (-) TimerEvent: {}
[64.621809] (-) TimerEvent: {}
[64.726591] (-) TimerEvent: {}
[64.827874] (-) TimerEvent: {}
[64.929110] (-) TimerEvent: {}
[65.030390] (-) TimerEvent: {}
[65.131882] (-) TimerEvent: {}
[65.233165] (-) TimerEvent: {}
[65.334739] (-) TimerEvent: {}
[65.435947] (-) TimerEvent: {}
[65.537335] (-) TimerEvent: {}
[65.638689] (-) TimerEvent: {}
[65.740037] (-) TimerEvent: {}
[65.841173] (-) TimerEvent: {}
[65.942588] (-) TimerEvent: {}
[65.950024] (vesc_msgs) StdoutLine: {'line': b'[ 65%] \x1b[32mBuilding CXX object CMakeFiles/vesc_msgs__rosidl_typesupport_fastrtps_c.dir/rosidl_typesupport_fastrtps_c/vesc_msgs/msg/detail/vesc_state_stamped__type_support_c.cpp.o\x1b[0m\n'}
[66.042843] (-) TimerEvent: {}
[66.144325] (-) TimerEvent: {}
[66.247649] (-) TimerEvent: {}
[66.355761] (-) TimerEvent: {}
[66.460446] (-) TimerEvent: {}
[66.561828] (-) TimerEvent: {}
[66.663143] (-) TimerEvent: {}
[66.764463] (-) TimerEvent: {}
[66.865754] (-) TimerEvent: {}
[66.968772] (-) TimerEvent: {}
[67.070199] (-) TimerEvent: {}
[67.171523] (-) TimerEvent: {}
[67.273074] (-) TimerEvent: {}
[67.378132] (-) TimerEvent: {}
[67.479261] (-) TimerEvent: {}
[67.580427] (-) TimerEvent: {}
[67.681668] (-) TimerEvent: {}
[67.783008] (-) TimerEvent: {}
[67.884133] (-) TimerEvent: {}
[67.985473] (-) TimerEvent: {}
[68.087197] (-) TimerEvent: {}
[68.188393] (-) TimerEvent: {}
[68.280295] (vesc_msgs) StdoutLine: {'line': b'[ 67%] \x1b[32m\x1b[1mLinking CXX shared library libvesc_msgs__rosidl_typesupport_fastrtps_c.so\x1b[0m\n'}
[68.289012] (-) TimerEvent: {}
[68.391796] (-) TimerEvent: {}
[68.494813] (-) TimerEvent: {}
[68.596170] (-) TimerEvent: {}
[68.697458] (-) TimerEvent: {}
[68.771069] (joy_teleop) Command: {'cmd': ['/usr/bin/python3', '-W', 'ignore:setup.py install is deprecated', 'setup.py', 'egg_info', '--egg-base', '../../../../build/joy_teleop', 'build', '--build-base', '/home/nvidia/f1tenth_ws/build/joy_teleop/build', 'install', '--record', '/home/nvidia/f1tenth_ws/build/joy_teleop/install.log', '--install-scripts', '$base/lib/joy_teleop', '--single-version-externally-managed', 'install_data'], 'cwd': '/home/nvidia/f1tenth_ws/src/f1tenth_system/teleop_tools/joy_teleop', 'env': {'LESSOPEN': '| /usr/bin/lesspipe %s', 'USER': 'nvidia', 'SSH_AGENT_PID': '3963', 'XDG_SESSION_TYPE': 'x11', 'SHLVL': '1', 'LD_LIBRARY_PATH': '/home/nvidia/f1tenth_ws/install/teleop_tools_msgs/lib://home/nvidia/f1tenth_ws/install/vesc_driver/lib://home/nvidia/f1tenth_ws/install/vesc_ackermann/lib://home/nvidia/f1tenth_ws/install/vesc_msgs/lib://home/nvidia/f1tenth_ws/install/teleop_tools_msgs/lib:/usr/lib/aarch64-linux-gnu/gazebo-11/plugins:/opt/ros/foxy/opt/yaml_cpp_vendor/lib:/opt/ros/foxy/opt/rviz_ogre_vendor/lib:/opt/ros/foxy/lib/aarch64-linux-gnu:/opt/ros/foxy/lib:/usr/local/cuda-11.4/lib64', 'HOME': '/home/nvidia', 'OLDPWD': '/home/nvidia', 'DESKTOP_SESSION': 'ubuntu', 'ROS_PYTHON_VERSION': '3', 'GNOME_SHELL_SESSION_MODE': 'ubuntu', 'GTK_MODULES': 'gail:atk-bridge', 'MANAGERPID': '3863', 'DBUS_SESSION_BUS_ADDRESS': 'unix:path=/run/user/1000/bus', 'COLORTERM': 'truecolor', 'TERMINATOR_DBUS_NAME': 'net.tenshu.Terminator23558193cd9818af7fe4d2c2f5bd9d00f', 'GIO_LAUNCHED_DESKTOP_FILE_PID': '4619', 'IM_CONFIG_PHASE': '1', 'COLCON_PREFIX_PATH': '//home/nvidia/f1tenth_ws/install', 'ROS_DISTRO': 'foxy', 'LOGNAME': 'nvidia', 'JOURNAL_STREAM': '8:70019', '_': '/usr/bin/colcon', 'ROS_VERSION': '2', 'XDG_SESSION_CLASS': 'user', 'USERNAME': 'nvidia', 'TERM': 'xterm-256color', 'GAZEBO_MODEL_PATH': ':/opt/ros/foxy/share/turtlebot3_gazebo/models', 'GNOME_DESKTOP_SESSION_ID': 'this-is-deprecated', 'ROS_LOCALHOST_ONLY': '0', 'WINDOWPATH': '2', 'PATH': '//home/nvidia/f1tenth_ws/install/range_lib/bin:/opt/ros/foxy/bin:/usr/local/cuda-11.4/bin:/home/nvidia/.local/bin:/usr/local/sbin:/usr/local/bin:/usr/sbin:/usr/bin:/sbin:/bin:/usr/games:/usr/local/games:/snap/bin', 'SESSION_MANAGER': 'local/ubuntu:@/tmp/.ICE-unix/4000,unix/ubuntu:/tmp/.ICE-unix/4000', 'INVOCATION_ID': 'f345853a86154e6d9c622f5fbfdc1ac4', 'XDG_MENU_PREFIX': 'gnome-', 'XDG_RUNTIME_DIR': '/run/user/1000', 'DISPLAY': ':1', 'TERMINATOR_DBUS_PATH': '/net/tenshu/Terminator2', 'LANG': 'en_US.UTF-8', 'XDG_CURRENT_DESKTOP': 'ubuntu:GNOME', 'XMODIFIERS': '@im=ibus', 'XDG_SESSION_DESKTOP': 'ubuntu', 'XAUTHORITY': '/run/user/1000/gdm/Xauthority', 'LS_COLORS': 'rs=0:di=01;34:ln=01;36:mh=00:pi=40;33:so=01;35:do=01;35:bd=40;33;01:cd=40;33;01:or=40;31;01:mi=00:su=37;41:sg=30;43:ca=30;41:tw=30;42:ow=34;42:st=37;44:ex=01;32:*.tar=01;31:*.tgz=01;31:*.arc=01;31:*.arj=01;31:*.taz=01;31:*.lha=01;31:*.lz4=01;31:*.lzh=01;31:*.lzma=01;31:*.tlz=01;31:*.txz=01;31:*.tzo=01;31:*.t7z=01;31:*.zip=01;31:*.z=01;31:*.dz=01;31:*.gz=01;31:*.lrz=01;31:*.lz=01;31:*.lzo=01;31:*.xz=01;31:*.zst=01;31:*.tzst=01;31:*.bz2=01;31:*.bz=01;31:*.tbz=01;31:*.tbz2=01;31:*.tz=01;31:*.deb=01;31:*.rpm=01;31:*.jar=01;31:*.war=01;31:*.ear=01;31:*.sar=01;31:*.rar=01;31:*.alz=01;31:*.ace=01;31:*.zoo=01;31:*.cpio=01;31:*.7z=01;31:*.rz=01;31:*.cab=01;31:*.wim=01;31:*.swm=01;31:*.dwm=01;31:*.esd=01;31:*.jpg=01;35:*.jpeg=01;35:*.mjpg=01;35:*.mjpeg=01;35:*.gif=01;35:*.bmp=01;35:*.pbm=01;35:*.pgm=01;35:*.ppm=01;35:*.tga=01;35:*.xbm=01;35:*.xpm=01;35:*.tif=01;35:*.tiff=01;35:*.png=01;35:*.svg=01;35:*.svgz=01;35:*.mng=01;35:*.pcx=01;35:*.mov=01;35:*.mpg=01;35:*.mpeg=01;35:*.m2v=01;35:*.mkv=01;35:*.webm=01;35:*.ogm=01;35:*.mp4=01;35:*.m4v=01;35:*.mp4v=01;35:*.vob=01;35:*.qt=01;35:*.nuv=01;35:*.wmv=01;35:*.asf=01;35:*.rm=01;35:*.rmvb=01;35:*.flc=01;35:*.avi=01;35:*.fli=01;35:*.flv=01;35:*.gl=01;35:*.dl=01;35:*.xcf=01;35:*.xwd=01;35:*.yuv=01;35:*.cgm=01;35:*.emf=01;35:*.ogv=01;35:*.ogx=01;35:*.aac=00;36:*.au=00;36:*.flac=00;36:*.m4a=00;36:*.mid=00;36:*.midi=00;36:*.mka=00;36:*.mp3=00;36:*.mpc=00;36:*.ogg=00;36:*.ra=00;36:*.wav=00;36:*.oga=00;36:*.opus=00;36:*.spx=00;36:*.xspf=00;36:', 'SSH_AUTH_SOCK': '/run/user/1000/keyring/ssh', 'ROS_DOMAIN_ID': '10', 'AMENT_PREFIX_PATH': '/home/nvidia/f1tenth_ws/install/teleop_tools_msgs://home/nvidia/f1tenth_ws/install/f1tenth_stack://home/nvidia/f1tenth_ws/install/vesc://home/nvidia/f1tenth_ws/install/vesc_driver://home/nvidia/f1tenth_ws/install/vesc_ackermann://home/nvidia/f1tenth_ws/install/vesc_msgs://home/nvidia/f1tenth_ws/install/teleop_tools://home/nvidia/f1tenth_ws/install/joy_teleop://home/nvidia/f1tenth_ws/install/teleop_tools_msgs://home/nvidia/f1tenth_ws/install/phasespace://home/nvidia/f1tenth_ws/install/particle_filter://home/nvidia/f1tenth_ws/install/new_map_saver://home/nvidia/f1tenth_ws/install/mouse_teleop://home/nvidia/f1tenth_ws/install/mapping://home/nvidia/f1tenth_ws/install/key_teleop://home/nvidia/f1tenth_ws/install/f1tenth_controllers://home/nvidia/f1tenth_ws/install/ackermann_mux:/opt/ros/foxy', 'SHELL': '/bin/bash', 'TERMINATOR_UUID': 'urn:uuid:3f2a181a-16ef-4091-b349-7c01a0bf8815', 'QT_ACCESSIBILITY': '1', 'GDMSESSION': 'ubuntu', 'LESSCLOSE': '/usr/bin/lesspipe %s %s', 'GPG_AGENT_INFO': '/run/user/1000/gnupg/S.gpg-agent:0:1', 'QT_IM_MODULE': 'ibus', 'PWD': '/home/nvidia/f1tenth_ws/build/joy_teleop', 'TURTLEBOT3_MODEL': 'waffle', 'LC_ALL': 'en_US.UTF-8', 'XDG_CONFIG_DIRS': '/etc/xdg/xdg-ubuntu:/etc/xdg', 'XDG_DATA_DIRS': '/usr/share/ubuntu:/usr/local/share/:/usr/share/:/var/lib/snapd/desktop', 'PYTHONPATH': '/home/nvidia/f1tenth_ws/build/joy_teleop/prefix_override:/usr/lib/python3/dist-packages/colcon_core/task/python/colcon_distutils_commands:/home/nvidia/f1tenth_ws/install/joy_teleop/lib/python3.8/site-packages:/home/nvidia/f1tenth_ws/install/teleop_tools_msgs/lib/python3.8/site-packages://home/nvidia/f1tenth_ws/install/f1tenth_stack/lib/python3.8/site-packages://home/nvidia/f1tenth_ws/install/vesc_msgs/lib/python3.8/site-packages://home/nvidia/f1tenth_ws/install/joy_teleop/lib/python3.8/site-packages://home/nvidia/f1tenth_ws/install/teleop_tools_msgs/lib/python3.8/site-packages://home/nvidia/f1tenth_ws/install/phasespace/lib/python3.8/site-packages://home/nvidia/f1tenth_ws/install/particle_filter/lib/python3.8/site-packages://home/nvidia/f1tenth_ws/install/new_map_saver/lib/python3.8/site-packages://home/nvidia/f1tenth_ws/install/mouse_teleop/lib/python3.8/site-packages://home/nvidia/f1tenth_ws/install/mapping/lib/python3.8/site-packages://home/nvidia/f1tenth_ws/install/key_teleop/lib/python3.8/site-packages://home/nvidia/f1tenth_ws/install/f1tenth_controllers/lib/python3.8/site-packages:/opt/ros/foxy/lib/python3.8/site-packages', 'COLCON': '1', 'VTE_VERSION': '6003', 'CMAKE_PREFIX_PATH': '/home/nvidia/f1tenth_ws/install/teleop_tools_msgs://home/nvidia/f1tenth_ws/install/vesc://home/nvidia/f1tenth_ws/install/vesc_driver://home/nvidia/f1tenth_ws/install/vesc_ackermann://home/nvidia/f1tenth_ws/install/vesc_msgs://home/nvidia/f1tenth_ws/install/teleop_tools://home/nvidia/f1tenth_ws/install/teleop_tools_msgs://home/nvidia/f1tenth_ws/install/range_lib://home/nvidia/f1tenth_ws/install/ackermann_mux'}, 'shell': False}
[68.798740] (-) TimerEvent: {}
[68.851816] (vesc_msgs) StdoutLine: {'line': b'[ 67%] Built target vesc_msgs__rosidl_typesupport_fastrtps_c\n'}
[68.898908] (-) TimerEvent: {}
[68.944980] (vesc_msgs) StdoutLine: {'line': b'[ 69%] \x1b[34m\x1b[1mGenerating C type support dispatch for ROS interfaces\x1b[0m\n'}
[68.999370] (-) TimerEvent: {}
[69.100520] (-) TimerEvent: {}
[69.201723] (-) TimerEvent: {}
[69.304257] (-) TimerEvent: {}
[69.405585] (-) TimerEvent: {}
[69.506928] (-) TimerEvent: {}
[69.609282] (-) TimerEvent: {}
[69.710364] (-) TimerEvent: {}
[69.811433] (-) TimerEvent: {}
[69.912506] (-) TimerEvent: {}
[70.013686] (-) TimerEvent: {}
[70.114919] (-) TimerEvent: {}
[70.168614] (joy_teleop) StdoutLine: {'line': b'running egg_info\n'}
[70.171277] (joy_teleop) StdoutLine: {'line': b'creating ../../../../build/joy_teleop/joy_teleop.egg-info\n'}
[70.172230] (joy_teleop) StdoutLine: {'line': b'writing ../../../../build/joy_teleop/joy_teleop.egg-info/PKG-INFO\n'}
[70.173874] (joy_teleop) StdoutLine: {'line': b'writing dependency_links to ../../../../build/joy_teleop/joy_teleop.egg-info/dependency_links.txt\n'}
[70.175274] (joy_teleop) StdoutLine: {'line': b'writing entry points to ../../../../build/joy_teleop/joy_teleop.egg-info/entry_points.txt\n'}
[70.175928] (joy_teleop) StdoutLine: {'line': b'writing requirements to ../../../../build/joy_teleop/joy_teleop.egg-info/requires.txt\n'}
[70.176666] (joy_teleop) StdoutLine: {'line': b'writing top-level names to ../../../../build/joy_teleop/joy_teleop.egg-info/top_level.txt\n'}
[70.183661] (joy_teleop) StdoutLine: {'line': b"writing manifest file '../../../../build/joy_teleop/joy_teleop.egg-info/SOURCES.txt'\n"}
[70.215174] (-) TimerEvent: {}
[70.317038] (-) TimerEvent: {}
[70.373204] (joy_teleop) StdoutLine: {'line': b"reading manifest file '../../../../build/joy_teleop/joy_teleop.egg-info/SOURCES.txt'\n"}
[70.378324] (joy_teleop) StdoutLine: {'line': b"writing manifest file '../../../../build/joy_teleop/joy_teleop.egg-info/SOURCES.txt'\n"}
[70.379350] (joy_teleop) StdoutLine: {'line': b'running build\n'}
[70.379823] (joy_teleop) StdoutLine: {'line': b'running build_py\n'}
[70.380639] (joy_teleop) StdoutLine: {'line': b'creating /home/nvidia/f1tenth_ws/build/joy_teleop/build\n'}
[70.381172] (joy_teleop) StdoutLine: {'line': b'creating /home/nvidia/f1tenth_ws/build/joy_teleop/build/lib\n'}
[70.381780] (joy_teleop) StdoutLine: {'line': b'creating /home/nvidia/f1tenth_ws/build/joy_teleop/build/lib/joy_teleop\n'}
[70.382380] (joy_teleop) StdoutLine: {'line': b'copying joy_teleop/incrementer_server.py -> /home/nvidia/f1tenth_ws/build/joy_teleop/build/lib/joy_teleop\n'}
[70.382955] (joy_teleop) StdoutLine: {'line': b'copying joy_teleop/__init__.py -> /home/nvidia/f1tenth_ws/build/joy_teleop/build/lib/joy_teleop\n'}
[70.383581] (joy_teleop) StdoutLine: {'line': b'copying joy_teleop/joy_teleop.py -> /home/nvidia/f1tenth_ws/build/joy_teleop/build/lib/joy_teleop\n'}
[70.385355] (joy_teleop) StdoutLine: {'line': b'running install\n'}
[70.391263] (joy_teleop) StdoutLine: {'line': b'running install_lib\n'}
[70.396497] (joy_teleop) StdoutLine: {'line': b'creating /home/nvidia/f1tenth_ws/install/joy_teleop/lib/python3.8/site-packages/joy_teleop\n'}
[70.397703] (joy_teleop) StdoutLine: {'line': b'copying /home/nvidia/f1tenth_ws/build/joy_teleop/build/lib/joy_teleop/incrementer_server.py -> /home/nvidia/f1tenth_ws/install/joy_teleop/lib/python3.8/site-packages/joy_teleop\n'}
[70.399640] (joy_teleop) StdoutLine: {'line': b'copying /home/nvidia/f1tenth_ws/build/joy_teleop/build/lib/joy_teleop/__init__.py -> /home/nvidia/f1tenth_ws/install/joy_teleop/lib/python3.8/site-packages/joy_teleop\n'}
[70.400116] (joy_teleop) StdoutLine: {'line': b'copying /home/nvidia/f1tenth_ws/build/joy_teleop/build/lib/joy_teleop/joy_teleop.py -> /home/nvidia/f1tenth_ws/install/joy_teleop/lib/python3.8/site-packages/joy_teleop\n'}
[70.402509] (joy_teleop) StdoutLine: {'line': b'byte-compiling /home/nvidia/f1tenth_ws/install/joy_teleop/lib/python3.8/site-packages/joy_teleop/incrementer_server.py to incrementer_server.cpython-38.pyc\n'}
[70.412011] (joy_teleop) StdoutLine: {'line': b'byte-compiling /home/nvidia/f1tenth_ws/install/joy_teleop/lib/python3.8/site-packages/joy_teleop/__init__.py to __init__.cpython-38.pyc\n'}
[70.414650] (joy_teleop) StdoutLine: {'line': b'byte-compiling /home/nvidia/f1tenth_ws/install/joy_teleop/lib/python3.8/site-packages/joy_teleop/joy_teleop.py to joy_teleop.cpython-38.pyc\n'}
[70.417223] (-) TimerEvent: {}
[70.425704] (joy_teleop) StdoutLine: {'line': b'running install_data\n'}
[70.433113] (joy_teleop) StdoutLine: {'line': b'copying package.xml -> /home/nvidia/f1tenth_ws/install/joy_teleop/share/joy_teleop\n'}
[70.434045] (joy_teleop) StdoutLine: {'line': b'creating /home/nvidia/f1tenth_ws/install/joy_teleop/share/joy_teleop/config\n'}
[70.434571] (joy_teleop) StdoutLine: {'line': b'copying config/joy_teleop_example.yaml -> /home/nvidia/f1tenth_ws/install/joy_teleop/share/joy_teleop/config\n'}
[70.434969] (joy_teleop) StdoutLine: {'line': b'creating /home/nvidia/f1tenth_ws/install/joy_teleop/share/joy_teleop/launch\n'}
[70.435339] (joy_teleop) StdoutLine: {'line': b'copying launch/example.launch.py -> /home/nvidia/f1tenth_ws/install/joy_teleop/share/joy_teleop/launch\n'}
[70.435695] (joy_teleop) StdoutLine: {'line': b'creating /home/nvidia/f1tenth_ws/install/joy_teleop/share/ament_index\n'}
[70.436045] (joy_teleop) StdoutLine: {'line': b'creating /home/nvidia/f1tenth_ws/install/joy_teleop/share/ament_index/resource_index\n'}
[70.437654] (joy_teleop) StdoutLine: {'line': b'creating /home/nvidia/f1tenth_ws/install/joy_teleop/share/ament_index/resource_index/packages\n'}
[70.438614] (joy_teleop) StdoutLine: {'line': b'copying resource/joy_teleop -> /home/nvidia/f1tenth_ws/install/joy_teleop/share/ament_index/resource_index/packages\n'}
[70.439037] (joy_teleop) StdoutLine: {'line': b'running install_egg_info\n'}
[70.441415] (joy_teleop) StdoutLine: {'line': b'Copying ../../../../build/joy_teleop/joy_teleop.egg-info to /home/nvidia/f1tenth_ws/install/joy_teleop/lib/python3.8/site-packages/joy_teleop-0.3.0-py3.8.egg-info\n'}
[70.451666] (joy_teleop) StdoutLine: {'line': b'running install_scripts\n'}
[70.517505] (-) TimerEvent: {}
[70.554416] (joy_teleop) StdoutLine: {'line': b'Installing incrementer_server script to /home/nvidia/f1tenth_ws/install/joy_teleop/lib/joy_teleop\n'}
[70.555367] (joy_teleop) StdoutLine: {'line': b'Installing joy_teleop script to /home/nvidia/f1tenth_ws/install/joy_teleop/lib/joy_teleop\n'}
[70.563856] (joy_teleop) StdoutLine: {'line': b"writing list of installed files to '/home/nvidia/f1tenth_ws/build/joy_teleop/install.log'\n"}
[70.618937] (-) TimerEvent: {}
[70.676998] (joy_teleop) CommandEnded: {'returncode': 0}
[70.719929] (-) TimerEvent: {}
[70.728949] (joy_teleop) JobEnded: {'identifier': 'joy_teleop', 'rc': 0}
[70.737645] (teleop_tools) JobStarted: {'identifier': 'teleop_tools'}
[70.820803] (-) TimerEvent: {}
[70.850932] (teleop_tools) JobProgress: {'identifier': 'teleop_tools', 'progress': 'cmake'}
[70.853018] (teleop_tools) Command: {'cmd': ['/usr/bin/cmake', '/home/nvidia/f1tenth_ws/src/f1tenth_system/teleop_tools/teleop_tools', '-DCMAKE_INSTALL_PREFIX=/home/nvidia/f1tenth_ws/install/teleop_tools'], 'cwd': '/home/nvidia/f1tenth_ws/build/teleop_tools', 'env': OrderedDict([('LESSOPEN', '| /usr/bin/lesspipe %s'), ('USER', 'nvidia'), ('SSH_AGENT_PID', '3963'), ('XDG_SESSION_TYPE', 'x11'), ('SHLVL', '1'), ('LD_LIBRARY_PATH', '/home/nvidia/f1tenth_ws/install/teleop_tools_msgs/lib://home/nvidia/f1tenth_ws/install/vesc_driver/lib://home/nvidia/f1tenth_ws/install/vesc_ackermann/lib://home/nvidia/f1tenth_ws/install/vesc_msgs/lib://home/nvidia/f1tenth_ws/install/teleop_tools_msgs/lib:/usr/lib/aarch64-linux-gnu/gazebo-11/plugins:/opt/ros/foxy/opt/yaml_cpp_vendor/lib:/opt/ros/foxy/opt/rviz_ogre_vendor/lib:/opt/ros/foxy/lib/aarch64-linux-gnu:/opt/ros/foxy/lib:/usr/local/cuda-11.4/lib64'), ('HOME', '/home/nvidia'), ('OLDPWD', '/home/nvidia'), ('DESKTOP_SESSION', 'ubuntu'), ('ROS_PYTHON_VERSION', '3'), ('GNOME_SHELL_SESSION_MODE', 'ubuntu'), ('GTK_MODULES', 'gail:atk-bridge'), ('MANAGERPID', '3863'), ('DBUS_SESSION_BUS_ADDRESS', 'unix:path=/run/user/1000/bus'), ('COLORTERM', 'truecolor'), ('TERMINATOR_DBUS_NAME', 'net.tenshu.Terminator23558193cd9818af7fe4d2c2f5bd9d00f'), ('GIO_LAUNCHED_DESKTOP_FILE_PID', '4619'), ('IM_CONFIG_PHASE', '1'), ('COLCON_PREFIX_PATH', '//home/nvidia/f1tenth_ws/install'), ('ROS_DISTRO', 'foxy'), ('LOGNAME', 'nvidia'), ('JOURNAL_STREAM', '8:70019'), ('_', '/usr/bin/colcon'), ('ROS_VERSION', '2'), ('XDG_SESSION_CLASS', 'user'), ('USERNAME', 'nvidia'), ('TERM', 'xterm-256color'), ('GAZEBO_MODEL_PATH', ':/opt/ros/foxy/share/turtlebot3_gazebo/models'), ('GNOME_DESKTOP_SESSION_ID', 'this-is-deprecated'), ('ROS_LOCALHOST_ONLY', '0'), ('WINDOWPATH', '2'), ('PATH', '//home/nvidia/f1tenth_ws/install/range_lib/bin:/opt/ros/foxy/bin:/usr/local/cuda-11.4/bin:/home/nvidia/.local/bin:/usr/local/sbin:/usr/local/bin:/usr/sbin:/usr/bin:/sbin:/bin:/usr/games:/usr/local/games:/snap/bin'), ('SESSION_MANAGER', 'local/ubuntu:@/tmp/.ICE-unix/4000,unix/ubuntu:/tmp/.ICE-unix/4000'), ('INVOCATION_ID', 'f345853a86154e6d9c622f5fbfdc1ac4'), ('XDG_MENU_PREFIX', 'gnome-'), ('XDG_RUNTIME_DIR', '/run/user/1000'), ('DISPLAY', ':1'), ('TERMINATOR_DBUS_PATH', '/net/tenshu/Terminator2'), ('LANG', 'en_US.UTF-8'), ('XDG_CURRENT_DESKTOP', 'ubuntu:GNOME'), ('XMODIFIERS', '@im=ibus'), ('XDG_SESSION_DESKTOP', 'ubuntu'), ('XAUTHORITY', '/run/user/1000/gdm/Xauthority'), ('LS_COLORS', 'rs=0:di=01;34:ln=01;36:mh=00:pi=40;33:so=01;35:do=01;35:bd=40;33;01:cd=40;33;01:or=40;31;01:mi=00:su=37;41:sg=30;43:ca=30;41:tw=30;42:ow=34;42:st=37;44:ex=01;32:*.tar=01;31:*.tgz=01;31:*.arc=01;31:*.arj=01;31:*.taz=01;31:*.lha=01;31:*.lz4=01;31:*.lzh=01;31:*.lzma=01;31:*.tlz=01;31:*.txz=01;31:*.tzo=01;31:*.t7z=01;31:*.zip=01;31:*.z=01;31:*.dz=01;31:*.gz=01;31:*.lrz=01;31:*.lz=01;31:*.lzo=01;31:*.xz=01;31:*.zst=01;31:*.tzst=01;31:*.bz2=01;31:*.bz=01;31:*.tbz=01;31:*.tbz2=01;31:*.tz=01;31:*.deb=01;31:*.rpm=01;31:*.jar=01;31:*.war=01;31:*.ear=01;31:*.sar=01;31:*.rar=01;31:*.alz=01;31:*.ace=01;31:*.zoo=01;31:*.cpio=01;31:*.7z=01;31:*.rz=01;31:*.cab=01;31:*.wim=01;31:*.swm=01;31:*.dwm=01;31:*.esd=01;31:*.jpg=01;35:*.jpeg=01;35:*.mjpg=01;35:*.mjpeg=01;35:*.gif=01;35:*.bmp=01;35:*.pbm=01;35:*.pgm=01;35:*.ppm=01;35:*.tga=01;35:*.xbm=01;35:*.xpm=01;35:*.tif=01;35:*.tiff=01;35:*.png=01;35:*.svg=01;35:*.svgz=01;35:*.mng=01;35:*.pcx=01;35:*.mov=01;35:*.mpg=01;35:*.mpeg=01;35:*.m2v=01;35:*.mkv=01;35:*.webm=01;35:*.ogm=01;35:*.mp4=01;35:*.m4v=01;35:*.mp4v=01;35:*.vob=01;35:*.qt=01;35:*.nuv=01;35:*.wmv=01;35:*.asf=01;35:*.rm=01;35:*.rmvb=01;35:*.flc=01;35:*.avi=01;35:*.fli=01;35:*.flv=01;35:*.gl=01;35:*.dl=01;35:*.xcf=01;35:*.xwd=01;35:*.yuv=01;35:*.cgm=01;35:*.emf=01;35:*.ogv=01;35:*.ogx=01;35:*.aac=00;36:*.au=00;36:*.flac=00;36:*.m4a=00;36:*.mid=00;36:*.midi=00;36:*.mka=00;36:*.mp3=00;36:*.mpc=00;36:*.ogg=00;36:*.ra=00;36:*.wav=00;36:*.oga=00;36:*.opus=00;36:*.spx=00;36:*.xspf=00;36:'), ('SSH_AUTH_SOCK', '/run/user/1000/keyring/ssh'), ('ROS_DOMAIN_ID', '10'), ('AMENT_PREFIX_PATH', '/home/nvidia/f1tenth_ws/install/joy_teleop:/home/nvidia/f1tenth_ws/install/teleop_tools_msgs:/home/nvidia/f1tenth_ws/install/key_teleop://home/nvidia/f1tenth_ws/install/f1tenth_stack://home/nvidia/f1tenth_ws/install/vesc://home/nvidia/f1tenth_ws/install/vesc_driver://home/nvidia/f1tenth_ws/install/vesc_ackermann://home/nvidia/f1tenth_ws/install/vesc_msgs://home/nvidia/f1tenth_ws/install/teleop_tools://home/nvidia/f1tenth_ws/install/joy_teleop://home/nvidia/f1tenth_ws/install/teleop_tools_msgs://home/nvidia/f1tenth_ws/install/phasespace://home/nvidia/f1tenth_ws/install/particle_filter://home/nvidia/f1tenth_ws/install/new_map_saver://home/nvidia/f1tenth_ws/install/mouse_teleop://home/nvidia/f1tenth_ws/install/mapping://home/nvidia/f1tenth_ws/install/key_teleop://home/nvidia/f1tenth_ws/install/f1tenth_controllers://home/nvidia/f1tenth_ws/install/ackermann_mux:/opt/ros/foxy'), ('SHELL', '/bin/bash'), ('TERMINATOR_UUID', 'urn:uuid:3f2a181a-16ef-4091-b349-7c01a0bf8815'), ('QT_ACCESSIBILITY', '1'), ('GDMSESSION', 'ubuntu'), ('LESSCLOSE', '/usr/bin/lesspipe %s %s'), ('GPG_AGENT_INFO', '/run/user/1000/gnupg/S.gpg-agent:0:1'), ('QT_IM_MODULE', 'ibus'), ('PWD', '/home/nvidia/f1tenth_ws/build/teleop_tools'), ('TURTLEBOT3_MODEL', 'waffle'), ('LC_ALL', 'en_US.UTF-8'), ('XDG_CONFIG_DIRS', '/etc/xdg/xdg-ubuntu:/etc/xdg'), ('XDG_DATA_DIRS', '/usr/share/ubuntu:/usr/local/share/:/usr/share/:/var/lib/snapd/desktop'), ('PYTHONPATH', '/home/nvidia/f1tenth_ws/install/joy_teleop/lib/python3.8/site-packages:/home/nvidia/f1tenth_ws/install/teleop_tools_msgs/lib/python3.8/site-packages:/home/nvidia/f1tenth_ws/install/key_teleop/lib/python3.8/site-packages://home/nvidia/f1tenth_ws/install/f1tenth_stack/lib/python3.8/site-packages://home/nvidia/f1tenth_ws/install/vesc_msgs/lib/python3.8/site-packages://home/nvidia/f1tenth_ws/install/joy_teleop/lib/python3.8/site-packages://home/nvidia/f1tenth_ws/install/teleop_tools_msgs/lib/python3.8/site-packages://home/nvidia/f1tenth_ws/install/phasespace/lib/python3.8/site-packages://home/nvidia/f1tenth_ws/install/particle_filter/lib/python3.8/site-packages://home/nvidia/f1tenth_ws/install/new_map_saver/lib/python3.8/site-packages://home/nvidia/f1tenth_ws/install/mouse_teleop/lib/python3.8/site-packages://home/nvidia/f1tenth_ws/install/mapping/lib/python3.8/site-packages://home/nvidia/f1tenth_ws/install/key_teleop/lib/python3.8/site-packages://home/nvidia/f1tenth_ws/install/f1tenth_controllers/lib/python3.8/site-packages:/opt/ros/foxy/lib/python3.8/site-packages'), ('COLCON', '1'), ('VTE_VERSION', '6003'), ('CMAKE_PREFIX_PATH', '/home/nvidia/f1tenth_ws/install/teleop_tools_msgs://home/nvidia/f1tenth_ws/install/vesc://home/nvidia/f1tenth_ws/install/vesc_driver://home/nvidia/f1tenth_ws/install/vesc_ackermann://home/nvidia/f1tenth_ws/install/vesc_msgs://home/nvidia/f1tenth_ws/install/teleop_tools://home/nvidia/f1tenth_ws/install/teleop_tools_msgs://home/nvidia/f1tenth_ws/install/range_lib://home/nvidia/f1tenth_ws/install/ackermann_mux://home/nvidia/f1tenth_ws/install/f1tenth_stack://home/nvidia/f1tenth_ws/install/joy_teleop://home/nvidia/f1tenth_ws/install/phasespace://home/nvidia/f1tenth_ws/install/particle_filter://home/nvidia/f1tenth_ws/install/new_map_saver://home/nvidia/f1tenth_ws/install/mouse_teleop://home/nvidia/f1tenth_ws/install/mapping://home/nvidia/f1tenth_ws/install/key_teleop://home/nvidia/f1tenth_ws/install/f1tenth_controllers:/opt/ros/foxy')]), 'shell': False}
[70.921431] (-) TimerEvent: {}
[71.016123] (teleop_tools) StdoutLine: {'line': b'-- Found ament_cmake: 0.9.12 (/opt/ros/foxy/share/ament_cmake/cmake)\n'}
[71.021246] (-) TimerEvent: {}
[71.122433] (-) TimerEvent: {}
[71.201375] (teleop_tools) StdoutLine: {'line': b'-- Found PythonInterp: /usr/bin/python3 (found suitable version "3.8.10", minimum required is "3") \n'}
[71.203522] (teleop_tools) StdoutLine: {'line': b'-- Using PYTHON_EXECUTABLE: /usr/bin/python3\n'}
[71.222724] (-) TimerEvent: {}
[71.323861] (-) TimerEvent: {}
[71.358401] (vesc_msgs) StdoutLine: {'line': b'\x1b[35m\x1b[1mScanning dependencies of target vesc_msgs__rosidl_typesupport_c\x1b[0m\n'}
[71.424167] (-) TimerEvent: {}
[71.458983] (vesc_msgs) StdoutLine: {'line': b'[ 70%] \x1b[32mBuilding CXX object CMakeFiles/vesc_msgs__rosidl_typesupport_c.dir/rosidl_typesupport_c/vesc_msgs/msg/vesc_state__type_support.cpp.o\x1b[0m\n'}
[71.524421] (-) TimerEvent: {}
[71.625611] (-) TimerEvent: {}
[71.726772] (-) TimerEvent: {}
[71.734722] (vesc_msgs) StdoutLine: {'line': b'[ 72%] \x1b[32mBuilding CXX object CMakeFiles/vesc_msgs__rosidl_typesupport_c.dir/rosidl_typesupport_c/vesc_msgs/msg/vesc_imu_stamped__type_support.cpp.o\x1b[0m\n'}
[71.827006] (-) TimerEvent: {}
[71.928408] (-) TimerEvent: {}
[72.029474] (-) TimerEvent: {}
[72.030624] (vesc_msgs) StdoutLine: {'line': b'[ 74%] \x1b[32mBuilding CXX object CMakeFiles/vesc_msgs__rosidl_typesupport_c.dir/rosidl_typesupport_c/vesc_msgs/msg/vesc_imu__type_support.cpp.o\x1b[0m\n'}
[72.129689] (-) TimerEvent: {}
[72.221440] (pure_pursuit) StdoutLine: {'line': b'[ 50%] \x1b[32m\x1b[1mLinking CXX executable waypoint_visualizer\x1b[0m\n'}
[72.229986] (-) TimerEvent: {}
[72.296742] (vesc_msgs) StdoutLine: {'line': b'[ 76%] \x1b[32mBuilding CXX object CMakeFiles/vesc_msgs__rosidl_typesupport_c.dir/rosidl_typesupport_c/vesc_msgs/msg/vesc_state_stamped__type_support.cpp.o\x1b[0m\n'}
[72.330303] (-) TimerEvent: {}
[72.431506] (-) TimerEvent: {}
[72.532706] (-) TimerEvent: {}
[72.550658] (vesc_msgs) StdoutLine: {'line': b'[ 78%] \x1b[32m\x1b[1mLinking CXX shared library libvesc_msgs__rosidl_typesupport_c.so\x1b[0m\n'}
[72.633066] (-) TimerEvent: {}
[72.682121] (ackermann_mux) StdoutLine: {'line': b'[100%] \x1b[32m\x1b[1mLinking CXX executable ackermann_mux\x1b[0m\n'}
[72.733556] (-) TimerEvent: {}
[72.834726] (-) TimerEvent: {}
[72.890715] (vesc_msgs) StdoutLine: {'line': b'[ 78%] Built target vesc_msgs__rosidl_typesupport_c\n'}
[72.935015] (-) TimerEvent: {}
[72.973499] (vesc_msgs) StdoutLine: {'line': b'\x1b[35m\x1b[1mScanning dependencies of target vesc_msgs\x1b[0m\n'}
[72.999426] (teleop_tools) StdoutLine: {'line': b'-- Configuring done\n'}
[73.014522] (teleop_tools) StdoutLine: {'line': b'-- Generating done\n'}
[73.018956] (teleop_tools) StdoutLine: {'line': b'-- Build files have been written to: /home/nvidia/f1tenth_ws/build/teleop_tools\n'}
[73.037531] (teleop_tools) CommandEnded: {'returncode': 0}
[73.042685] (-) TimerEvent: {}
[73.059653] (teleop_tools) JobProgress: {'identifier': 'teleop_tools', 'progress': 'build'}
[73.061744] (teleop_tools) Command: {'cmd': ['/usr/bin/cmake', '--build', '/home/nvidia/f1tenth_ws/build/teleop_tools', '--', '-j6', '-l6'], 'cwd': '/home/nvidia/f1tenth_ws/build/teleop_tools', 'env': OrderedDict([('LESSOPEN', '| /usr/bin/lesspipe %s'), ('USER', 'nvidia'), ('SSH_AGENT_PID', '3963'), ('XDG_SESSION_TYPE', 'x11'), ('SHLVL', '1'), ('LD_LIBRARY_PATH', '/home/nvidia/f1tenth_ws/install/teleop_tools_msgs/lib://home/nvidia/f1tenth_ws/install/vesc_driver/lib://home/nvidia/f1tenth_ws/install/vesc_ackermann/lib://home/nvidia/f1tenth_ws/install/vesc_msgs/lib://home/nvidia/f1tenth_ws/install/teleop_tools_msgs/lib:/usr/lib/aarch64-linux-gnu/gazebo-11/plugins:/opt/ros/foxy/opt/yaml_cpp_vendor/lib:/opt/ros/foxy/opt/rviz_ogre_vendor/lib:/opt/ros/foxy/lib/aarch64-linux-gnu:/opt/ros/foxy/lib:/usr/local/cuda-11.4/lib64'), ('HOME', '/home/nvidia'), ('OLDPWD', '/home/nvidia'), ('DESKTOP_SESSION', 'ubuntu'), ('ROS_PYTHON_VERSION', '3'), ('GNOME_SHELL_SESSION_MODE', 'ubuntu'), ('GTK_MODULES', 'gail:atk-bridge'), ('MANAGERPID', '3863'), ('DBUS_SESSION_BUS_ADDRESS', 'unix:path=/run/user/1000/bus'), ('COLORTERM', 'truecolor'), ('TERMINATOR_DBUS_NAME', 'net.tenshu.Terminator23558193cd9818af7fe4d2c2f5bd9d00f'), ('GIO_LAUNCHED_DESKTOP_FILE_PID', '4619'), ('IM_CONFIG_PHASE', '1'), ('COLCON_PREFIX_PATH', '//home/nvidia/f1tenth_ws/install'), ('ROS_DISTRO', 'foxy'), ('LOGNAME', 'nvidia'), ('JOURNAL_STREAM', '8:70019'), ('_', '/usr/bin/colcon'), ('ROS_VERSION', '2'), ('XDG_SESSION_CLASS', 'user'), ('USERNAME', 'nvidia'), ('TERM', 'xterm-256color'), ('GAZEBO_MODEL_PATH', ':/opt/ros/foxy/share/turtlebot3_gazebo/models'), ('GNOME_DESKTOP_SESSION_ID', 'this-is-deprecated'), ('ROS_LOCALHOST_ONLY', '0'), ('WINDOWPATH', '2'), ('PATH', '//home/nvidia/f1tenth_ws/install/range_lib/bin:/opt/ros/foxy/bin:/usr/local/cuda-11.4/bin:/home/nvidia/.local/bin:/usr/local/sbin:/usr/local/bin:/usr/sbin:/usr/bin:/sbin:/bin:/usr/games:/usr/local/games:/snap/bin'), ('SESSION_MANAGER', 'local/ubuntu:@/tmp/.ICE-unix/4000,unix/ubuntu:/tmp/.ICE-unix/4000'), ('INVOCATION_ID', 'f345853a86154e6d9c622f5fbfdc1ac4'), ('XDG_MENU_PREFIX', 'gnome-'), ('XDG_RUNTIME_DIR', '/run/user/1000'), ('DISPLAY', ':1'), ('TERMINATOR_DBUS_PATH', '/net/tenshu/Terminator2'), ('LANG', 'en_US.UTF-8'), ('XDG_CURRENT_DESKTOP', 'ubuntu:GNOME'), ('XMODIFIERS', '@im=ibus'), ('XDG_SESSION_DESKTOP', 'ubuntu'), ('XAUTHORITY', '/run/user/1000/gdm/Xauthority'), ('LS_COLORS', 'rs=0:di=01;34:ln=01;36:mh=00:pi=40;33:so=01;35:do=01;35:bd=40;33;01:cd=40;33;01:or=40;31;01:mi=00:su=37;41:sg=30;43:ca=30;41:tw=30;42:ow=34;42:st=37;44:ex=01;32:*.tar=01;31:*.tgz=01;31:*.arc=01;31:*.arj=01;31:*.taz=01;31:*.lha=01;31:*.lz4=01;31:*.lzh=01;31:*.lzma=01;31:*.tlz=01;31:*.txz=01;31:*.tzo=01;31:*.t7z=01;31:*.zip=01;31:*.z=01;31:*.dz=01;31:*.gz=01;31:*.lrz=01;31:*.lz=01;31:*.lzo=01;31:*.xz=01;31:*.zst=01;31:*.tzst=01;31:*.bz2=01;31:*.bz=01;31:*.tbz=01;31:*.tbz2=01;31:*.tz=01;31:*.deb=01;31:*.rpm=01;31:*.jar=01;31:*.war=01;31:*.ear=01;31:*.sar=01;31:*.rar=01;31:*.alz=01;31:*.ace=01;31:*.zoo=01;31:*.cpio=01;31:*.7z=01;31:*.rz=01;31:*.cab=01;31:*.wim=01;31:*.swm=01;31:*.dwm=01;31:*.esd=01;31:*.jpg=01;35:*.jpeg=01;35:*.mjpg=01;35:*.mjpeg=01;35:*.gif=01;35:*.bmp=01;35:*.pbm=01;35:*.pgm=01;35:*.ppm=01;35:*.tga=01;35:*.xbm=01;35:*.xpm=01;35:*.tif=01;35:*.tiff=01;35:*.png=01;35:*.svg=01;35:*.svgz=01;35:*.mng=01;35:*.pcx=01;35:*.mov=01;35:*.mpg=01;35:*.mpeg=01;35:*.m2v=01;35:*.mkv=01;35:*.webm=01;35:*.ogm=01;35:*.mp4=01;35:*.m4v=01;35:*.mp4v=01;35:*.vob=01;35:*.qt=01;35:*.nuv=01;35:*.wmv=01;35:*.asf=01;35:*.rm=01;35:*.rmvb=01;35:*.flc=01;35:*.avi=01;35:*.fli=01;35:*.flv=01;35:*.gl=01;35:*.dl=01;35:*.xcf=01;35:*.xwd=01;35:*.yuv=01;35:*.cgm=01;35:*.emf=01;35:*.ogv=01;35:*.ogx=01;35:*.aac=00;36:*.au=00;36:*.flac=00;36:*.m4a=00;36:*.mid=00;36:*.midi=00;36:*.mka=00;36:*.mp3=00;36:*.mpc=00;36:*.ogg=00;36:*.ra=00;36:*.wav=00;36:*.oga=00;36:*.opus=00;36:*.spx=00;36:*.xspf=00;36:'), ('SSH_AUTH_SOCK', '/run/user/1000/keyring/ssh'), ('ROS_DOMAIN_ID', '10'), ('AMENT_PREFIX_PATH', '/home/nvidia/f1tenth_ws/install/joy_teleop:/home/nvidia/f1tenth_ws/install/teleop_tools_msgs:/home/nvidia/f1tenth_ws/install/key_teleop://home/nvidia/f1tenth_ws/install/f1tenth_stack://home/nvidia/f1tenth_ws/install/vesc://home/nvidia/f1tenth_ws/install/vesc_driver://home/nvidia/f1tenth_ws/install/vesc_ackermann://home/nvidia/f1tenth_ws/install/vesc_msgs://home/nvidia/f1tenth_ws/install/teleop_tools://home/nvidia/f1tenth_ws/install/joy_teleop://home/nvidia/f1tenth_ws/install/teleop_tools_msgs://home/nvidia/f1tenth_ws/install/phasespace://home/nvidia/f1tenth_ws/install/particle_filter://home/nvidia/f1tenth_ws/install/new_map_saver://home/nvidia/f1tenth_ws/install/mouse_teleop://home/nvidia/f1tenth_ws/install/mapping://home/nvidia/f1tenth_ws/install/key_teleop://home/nvidia/f1tenth_ws/install/f1tenth_controllers://home/nvidia/f1tenth_ws/install/ackermann_mux:/opt/ros/foxy'), ('SHELL', '/bin/bash'), ('TERMINATOR_UUID', 'urn:uuid:3f2a181a-16ef-4091-b349-7c01a0bf8815'), ('QT_ACCESSIBILITY', '1'), ('GDMSESSION', 'ubuntu'), ('LESSCLOSE', '/usr/bin/lesspipe %s %s'), ('GPG_AGENT_INFO', '/run/user/1000/gnupg/S.gpg-agent:0:1'), ('QT_IM_MODULE', 'ibus'), ('PWD', '/home/nvidia/f1tenth_ws/build/teleop_tools'), ('TURTLEBOT3_MODEL', 'waffle'), ('LC_ALL', 'en_US.UTF-8'), ('XDG_CONFIG_DIRS', '/etc/xdg/xdg-ubuntu:/etc/xdg'), ('XDG_DATA_DIRS', '/usr/share/ubuntu:/usr/local/share/:/usr/share/:/var/lib/snapd/desktop'), ('PYTHONPATH', '/home/nvidia/f1tenth_ws/install/joy_teleop/lib/python3.8/site-packages:/home/nvidia/f1tenth_ws/install/teleop_tools_msgs/lib/python3.8/site-packages:/home/nvidia/f1tenth_ws/install/key_teleop/lib/python3.8/site-packages://home/nvidia/f1tenth_ws/install/f1tenth_stack/lib/python3.8/site-packages://home/nvidia/f1tenth_ws/install/vesc_msgs/lib/python3.8/site-packages://home/nvidia/f1tenth_ws/install/joy_teleop/lib/python3.8/site-packages://home/nvidia/f1tenth_ws/install/teleop_tools_msgs/lib/python3.8/site-packages://home/nvidia/f1tenth_ws/install/phasespace/lib/python3.8/site-packages://home/nvidia/f1tenth_ws/install/particle_filter/lib/python3.8/site-packages://home/nvidia/f1tenth_ws/install/new_map_saver/lib/python3.8/site-packages://home/nvidia/f1tenth_ws/install/mouse_teleop/lib/python3.8/site-packages://home/nvidia/f1tenth_ws/install/mapping/lib/python3.8/site-packages://home/nvidia/f1tenth_ws/install/key_teleop/lib/python3.8/site-packages://home/nvidia/f1tenth_ws/install/f1tenth_controllers/lib/python3.8/site-packages:/opt/ros/foxy/lib/python3.8/site-packages'), ('COLCON', '1'), ('VTE_VERSION', '6003'), ('CMAKE_PREFIX_PATH', '/home/nvidia/f1tenth_ws/install/teleop_tools_msgs://home/nvidia/f1tenth_ws/install/vesc://home/nvidia/f1tenth_ws/install/vesc_driver://home/nvidia/f1tenth_ws/install/vesc_ackermann://home/nvidia/f1tenth_ws/install/vesc_msgs://home/nvidia/f1tenth_ws/install/teleop_tools://home/nvidia/f1tenth_ws/install/teleop_tools_msgs://home/nvidia/f1tenth_ws/install/range_lib://home/nvidia/f1tenth_ws/install/ackermann_mux://home/nvidia/f1tenth_ws/install/f1tenth_stack://home/nvidia/f1tenth_ws/install/joy_teleop://home/nvidia/f1tenth_ws/install/phasespace://home/nvidia/f1tenth_ws/install/particle_filter://home/nvidia/f1tenth_ws/install/new_map_saver://home/nvidia/f1tenth_ws/install/mouse_teleop://home/nvidia/f1tenth_ws/install/mapping://home/nvidia/f1tenth_ws/install/key_teleop://home/nvidia/f1tenth_ws/install/f1tenth_controllers:/opt/ros/foxy')]), 'shell': False}
[73.081286] (vesc_msgs) StdoutLine: {'line': b'[ 78%] Built target vesc_msgs\n'}
[73.137563] (pure_pursuit) StdoutLine: {'line': b'[ 50%] Built target waypoint_visualizer\n'}
[73.141454] (vesc_msgs) StdoutLine: {'line': b'\x1b[35m\x1b[1mScanning dependencies of target vesc_msgs__py\x1b[0m\n'}
[73.142692] (-) TimerEvent: {}
[73.214324] (pure_pursuit) StdoutLine: {'line': b'\x1b[35m\x1b[1mScanning dependencies of target pure_pursuit\x1b[0m\n'}
[73.225407] (vesc_msgs) StdoutLine: {'line': b'[ 80%] \x1b[34m\x1b[1mGenerating Python code for ROS interfaces\x1b[0m\n'}
[73.243032] (-) TimerEvent: {}
[73.327296] (teleop_tools) CommandEnded: {'returncode': 0}
[73.344331] (-) TimerEvent: {}
[73.451771] (-) TimerEvent: {}
[73.520937] (teleop_tools) JobProgress: {'identifier': 'teleop_tools', 'progress': 'install'}
[73.523071] (teleop_tools) Command: {'cmd': ['/usr/bin/cmake', '--install', '/home/nvidia/f1tenth_ws/build/teleop_tools'], 'cwd': '/home/nvidia/f1tenth_ws/build/teleop_tools', 'env': OrderedDict([('LESSOPEN', '| /usr/bin/lesspipe %s'), ('USER', 'nvidia'), ('SSH_AGENT_PID', '3963'), ('XDG_SESSION_TYPE', 'x11'), ('SHLVL', '1'), ('LD_LIBRARY_PATH', '/home/nvidia/f1tenth_ws/install/teleop_tools_msgs/lib://home/nvidia/f1tenth_ws/install/vesc_driver/lib://home/nvidia/f1tenth_ws/install/vesc_ackermann/lib://home/nvidia/f1tenth_ws/install/vesc_msgs/lib://home/nvidia/f1tenth_ws/install/teleop_tools_msgs/lib:/usr/lib/aarch64-linux-gnu/gazebo-11/plugins:/opt/ros/foxy/opt/yaml_cpp_vendor/lib:/opt/ros/foxy/opt/rviz_ogre_vendor/lib:/opt/ros/foxy/lib/aarch64-linux-gnu:/opt/ros/foxy/lib:/usr/local/cuda-11.4/lib64'), ('HOME', '/home/nvidia'), ('OLDPWD', '/home/nvidia'), ('DESKTOP_SESSION', 'ubuntu'), ('ROS_PYTHON_VERSION', '3'), ('GNOME_SHELL_SESSION_MODE', 'ubuntu'), ('GTK_MODULES', 'gail:atk-bridge'), ('MANAGERPID', '3863'), ('DBUS_SESSION_BUS_ADDRESS', 'unix:path=/run/user/1000/bus'), ('COLORTERM', 'truecolor'), ('TERMINATOR_DBUS_NAME', 'net.tenshu.Terminator23558193cd9818af7fe4d2c2f5bd9d00f'), ('GIO_LAUNCHED_DESKTOP_FILE_PID', '4619'), ('IM_CONFIG_PHASE', '1'), ('COLCON_PREFIX_PATH', '//home/nvidia/f1tenth_ws/install'), ('ROS_DISTRO', 'foxy'), ('LOGNAME', 'nvidia'), ('JOURNAL_STREAM', '8:70019'), ('_', '/usr/bin/colcon'), ('ROS_VERSION', '2'), ('XDG_SESSION_CLASS', 'user'), ('USERNAME', 'nvidia'), ('TERM', 'xterm-256color'), ('GAZEBO_MODEL_PATH', ':/opt/ros/foxy/share/turtlebot3_gazebo/models'), ('GNOME_DESKTOP_SESSION_ID', 'this-is-deprecated'), ('ROS_LOCALHOST_ONLY', '0'), ('WINDOWPATH', '2'), ('PATH', '//home/nvidia/f1tenth_ws/install/range_lib/bin:/opt/ros/foxy/bin:/usr/local/cuda-11.4/bin:/home/nvidia/.local/bin:/usr/local/sbin:/usr/local/bin:/usr/sbin:/usr/bin:/sbin:/bin:/usr/games:/usr/local/games:/snap/bin'), ('SESSION_MANAGER', 'local/ubuntu:@/tmp/.ICE-unix/4000,unix/ubuntu:/tmp/.ICE-unix/4000'), ('INVOCATION_ID', 'f345853a86154e6d9c622f5fbfdc1ac4'), ('XDG_MENU_PREFIX', 'gnome-'), ('XDG_RUNTIME_DIR', '/run/user/1000'), ('DISPLAY', ':1'), ('TERMINATOR_DBUS_PATH', '/net/tenshu/Terminator2'), ('LANG', 'en_US.UTF-8'), ('XDG_CURRENT_DESKTOP', 'ubuntu:GNOME'), ('XMODIFIERS', '@im=ibus'), ('XDG_SESSION_DESKTOP', 'ubuntu'), ('XAUTHORITY', '/run/user/1000/gdm/Xauthority'), ('LS_COLORS', 'rs=0:di=01;34:ln=01;36:mh=00:pi=40;33:so=01;35:do=01;35:bd=40;33;01:cd=40;33;01:or=40;31;01:mi=00:su=37;41:sg=30;43:ca=30;41:tw=30;42:ow=34;42:st=37;44:ex=01;32:*.tar=01;31:*.tgz=01;31:*.arc=01;31:*.arj=01;31:*.taz=01;31:*.lha=01;31:*.lz4=01;31:*.lzh=01;31:*.lzma=01;31:*.tlz=01;31:*.txz=01;31:*.tzo=01;31:*.t7z=01;31:*.zip=01;31:*.z=01;31:*.dz=01;31:*.gz=01;31:*.lrz=01;31:*.lz=01;31:*.lzo=01;31:*.xz=01;31:*.zst=01;31:*.tzst=01;31:*.bz2=01;31:*.bz=01;31:*.tbz=01;31:*.tbz2=01;31:*.tz=01;31:*.deb=01;31:*.rpm=01;31:*.jar=01;31:*.war=01;31:*.ear=01;31:*.sar=01;31:*.rar=01;31:*.alz=01;31:*.ace=01;31:*.zoo=01;31:*.cpio=01;31:*.7z=01;31:*.rz=01;31:*.cab=01;31:*.wim=01;31:*.swm=01;31:*.dwm=01;31:*.esd=01;31:*.jpg=01;35:*.jpeg=01;35:*.mjpg=01;35:*.mjpeg=01;35:*.gif=01;35:*.bmp=01;35:*.pbm=01;35:*.pgm=01;35:*.ppm=01;35:*.tga=01;35:*.xbm=01;35:*.xpm=01;35:*.tif=01;35:*.tiff=01;35:*.png=01;35:*.svg=01;35:*.svgz=01;35:*.mng=01;35:*.pcx=01;35:*.mov=01;35:*.mpg=01;35:*.mpeg=01;35:*.m2v=01;35:*.mkv=01;35:*.webm=01;35:*.ogm=01;35:*.mp4=01;35:*.m4v=01;35:*.mp4v=01;35:*.vob=01;35:*.qt=01;35:*.nuv=01;35:*.wmv=01;35:*.asf=01;35:*.rm=01;35:*.rmvb=01;35:*.flc=01;35:*.avi=01;35:*.fli=01;35:*.flv=01;35:*.gl=01;35:*.dl=01;35:*.xcf=01;35:*.xwd=01;35:*.yuv=01;35:*.cgm=01;35:*.emf=01;35:*.ogv=01;35:*.ogx=01;35:*.aac=00;36:*.au=00;36:*.flac=00;36:*.m4a=00;36:*.mid=00;36:*.midi=00;36:*.mka=00;36:*.mp3=00;36:*.mpc=00;36:*.ogg=00;36:*.ra=00;36:*.wav=00;36:*.oga=00;36:*.opus=00;36:*.spx=00;36:*.xspf=00;36:'), ('SSH_AUTH_SOCK', '/run/user/1000/keyring/ssh'), ('ROS_DOMAIN_ID', '10'), ('AMENT_PREFIX_PATH', '/home/nvidia/f1tenth_ws/install/joy_teleop:/home/nvidia/f1tenth_ws/install/teleop_tools_msgs:/home/nvidia/f1tenth_ws/install/key_teleop://home/nvidia/f1tenth_ws/install/f1tenth_stack://home/nvidia/f1tenth_ws/install/vesc://home/nvidia/f1tenth_ws/install/vesc_driver://home/nvidia/f1tenth_ws/install/vesc_ackermann://home/nvidia/f1tenth_ws/install/vesc_msgs://home/nvidia/f1tenth_ws/install/teleop_tools://home/nvidia/f1tenth_ws/install/joy_teleop://home/nvidia/f1tenth_ws/install/teleop_tools_msgs://home/nvidia/f1tenth_ws/install/phasespace://home/nvidia/f1tenth_ws/install/particle_filter://home/nvidia/f1tenth_ws/install/new_map_saver://home/nvidia/f1tenth_ws/install/mouse_teleop://home/nvidia/f1tenth_ws/install/mapping://home/nvidia/f1tenth_ws/install/key_teleop://home/nvidia/f1tenth_ws/install/f1tenth_controllers://home/nvidia/f1tenth_ws/install/ackermann_mux:/opt/ros/foxy'), ('SHELL', '/bin/bash'), ('TERMINATOR_UUID', 'urn:uuid:3f2a181a-16ef-4091-b349-7c01a0bf8815'), ('QT_ACCESSIBILITY', '1'), ('GDMSESSION', 'ubuntu'), ('LESSCLOSE', '/usr/bin/lesspipe %s %s'), ('GPG_AGENT_INFO', '/run/user/1000/gnupg/S.gpg-agent:0:1'), ('QT_IM_MODULE', 'ibus'), ('PWD', '/home/nvidia/f1tenth_ws/build/teleop_tools'), ('TURTLEBOT3_MODEL', 'waffle'), ('LC_ALL', 'en_US.UTF-8'), ('XDG_CONFIG_DIRS', '/etc/xdg/xdg-ubuntu:/etc/xdg'), ('XDG_DATA_DIRS', '/usr/share/ubuntu:/usr/local/share/:/usr/share/:/var/lib/snapd/desktop'), ('PYTHONPATH', '/home/nvidia/f1tenth_ws/install/joy_teleop/lib/python3.8/site-packages:/home/nvidia/f1tenth_ws/install/teleop_tools_msgs/lib/python3.8/site-packages:/home/nvidia/f1tenth_ws/install/key_teleop/lib/python3.8/site-packages://home/nvidia/f1tenth_ws/install/f1tenth_stack/lib/python3.8/site-packages://home/nvidia/f1tenth_ws/install/vesc_msgs/lib/python3.8/site-packages://home/nvidia/f1tenth_ws/install/joy_teleop/lib/python3.8/site-packages://home/nvidia/f1tenth_ws/install/teleop_tools_msgs/lib/python3.8/site-packages://home/nvidia/f1tenth_ws/install/phasespace/lib/python3.8/site-packages://home/nvidia/f1tenth_ws/install/particle_filter/lib/python3.8/site-packages://home/nvidia/f1tenth_ws/install/new_map_saver/lib/python3.8/site-packages://home/nvidia/f1tenth_ws/install/mouse_teleop/lib/python3.8/site-packages://home/nvidia/f1tenth_ws/install/mapping/lib/python3.8/site-packages://home/nvidia/f1tenth_ws/install/key_teleop/lib/python3.8/site-packages://home/nvidia/f1tenth_ws/install/f1tenth_controllers/lib/python3.8/site-packages:/opt/ros/foxy/lib/python3.8/site-packages'), ('COLCON', '1'), ('VTE_VERSION', '6003'), ('CMAKE_PREFIX_PATH', '/home/nvidia/f1tenth_ws/install/teleop_tools_msgs://home/nvidia/f1tenth_ws/install/vesc://home/nvidia/f1tenth_ws/install/vesc_driver://home/nvidia/f1tenth_ws/install/vesc_ackermann://home/nvidia/f1tenth_ws/install/vesc_msgs://home/nvidia/f1tenth_ws/install/teleop_tools://home/nvidia/f1tenth_ws/install/teleop_tools_msgs://home/nvidia/f1tenth_ws/install/range_lib://home/nvidia/f1tenth_ws/install/ackermann_mux://home/nvidia/f1tenth_ws/install/f1tenth_stack://home/nvidia/f1tenth_ws/install/joy_teleop://home/nvidia/f1tenth_ws/install/phasespace://home/nvidia/f1tenth_ws/install/particle_filter://home/nvidia/f1tenth_ws/install/new_map_saver://home/nvidia/f1tenth_ws/install/mouse_teleop://home/nvidia/f1tenth_ws/install/mapping://home/nvidia/f1tenth_ws/install/key_teleop://home/nvidia/f1tenth_ws/install/f1tenth_controllers:/opt/ros/foxy')]), 'shell': False}
[73.555509] (-) TimerEvent: {}
[73.605498] (teleop_tools) StdoutLine: {'line': b'-- Install configuration: ""\n'}
[73.608383] (teleop_tools) StdoutLine: {'line': b'-- Installing: /home/nvidia/f1tenth_ws/install/teleop_tools/share/ament_index/resource_index/package_run_dependencies/teleop_tools\n'}
[73.611273] (teleop_tools) StdoutLine: {'line': b'-- Installing: /home/nvidia/f1tenth_ws/install/teleop_tools/share/ament_index/resource_index/parent_prefix_path/teleop_tools\n'}
[73.614279] (teleop_tools) StdoutLine: {'line': b'-- Installing: /home/nvidia/f1tenth_ws/install/teleop_tools/share/teleop_tools/environment/ament_prefix_path.sh\n'}
[73.615645] (teleop_tools) StdoutLine: {'line': b'-- Installing: /home/nvidia/f1tenth_ws/install/teleop_tools/share/teleop_tools/environment/ament_prefix_path.dsv\n'}
[73.616722] (teleop_tools) StdoutLine: {'line': b'-- Installing: /home/nvidia/f1tenth_ws/install/teleop_tools/share/teleop_tools/environment/path.sh\n'}
[73.617818] (teleop_tools) StdoutLine: {'line': b'-- Installing: /home/nvidia/f1tenth_ws/install/teleop_tools/share/teleop_tools/environment/path.dsv\n'}
[73.619142] (teleop_tools) StdoutLine: {'line': b'-- Installing: /home/nvidia/f1tenth_ws/install/teleop_tools/share/teleop_tools/local_setup.bash\n'}
[73.620321] (teleop_tools) StdoutLine: {'line': b'-- Installing: /home/nvidia/f1tenth_ws/install/teleop_tools/share/teleop_tools/local_setup.sh\n'}
[73.621500] (teleop_tools) StdoutLine: {'line': b'-- Installing: /home/nvidia/f1tenth_ws/install/teleop_tools/share/teleop_tools/local_setup.zsh\n'}
[73.622767] (teleop_tools) StdoutLine: {'line': b'-- Installing: /home/nvidia/f1tenth_ws/install/teleop_tools/share/teleop_tools/local_setup.dsv\n'}
[73.624200] (teleop_tools) StdoutLine: {'line': b'-- Installing: /home/nvidia/f1tenth_ws/install/teleop_tools/share/teleop_tools/package.dsv\n'}
[73.625618] (teleop_tools) StdoutLine: {'line': b'-- Installing: /home/nvidia/f1tenth_ws/install/teleop_tools/share/ament_index/resource_index/packages/teleop_tools\n'}
[73.630387] (teleop_tools) StdoutLine: {'line': b'-- Installing: /home/nvidia/f1tenth_ws/install/teleop_tools/share/teleop_tools/cmake/teleop_toolsConfig.cmake\n'}
[73.632348] (teleop_tools) StdoutLine: {'line': b'-- Installing: /home/nvidia/f1tenth_ws/install/teleop_tools/share/teleop_tools/cmake/teleop_toolsConfig-version.cmake\n'}
[73.633529] (teleop_tools) StdoutLine: {'line': b'-- Installing: /home/nvidia/f1tenth_ws/install/teleop_tools/share/teleop_tools/package.xml\n'}
[73.651335] (teleop_tools) CommandEnded: {'returncode': 0}
[73.655713] (-) TimerEvent: {}
[73.757310] (-) TimerEvent: {}
[73.860021] (-) TimerEvent: {}
[73.931794] (pure_pursuit) StdoutLine: {'line': b'[ 75%] \x1b[32mBuilding CXX object CMakeFiles/pure_pursuit.dir/src/pure_pursuit.cpp.o\x1b[0m\n'}
[73.936684] (teleop_tools) JobEnded: {'identifier': 'teleop_tools', 'rc': 0}
[73.960661] (-) TimerEvent: {}
[74.061699] (-) TimerEvent: {}
[74.162909] (-) TimerEvent: {}
[74.264142] (-) TimerEvent: {}
[74.365304] (-) TimerEvent: {}
[74.466907] (-) TimerEvent: {}
[74.568019] (-) TimerEvent: {}
[74.668968] (-) TimerEvent: {}
[74.770116] (-) TimerEvent: {}
[74.790180] (ackermann_mux) StdoutLine: {'line': b'[100%] Built target ackermann_mux\n'}
[74.864920] (ackermann_mux) CommandEnded: {'returncode': 0}
[74.882108] (-) TimerEvent: {}
[74.986652] (-) TimerEvent: {}
[75.088615] (-) TimerEvent: {}
[75.094791] (ackermann_mux) JobProgress: {'identifier': 'ackermann_mux', 'progress': 'install'}
[75.098450] (ackermann_mux) Command: {'cmd': ['/usr/bin/cmake', '--install', '/home/nvidia/f1tenth_ws/build/ackermann_mux'], 'cwd': '/home/nvidia/f1tenth_ws/build/ackermann_mux', 'env': OrderedDict([('LESSOPEN', '| /usr/bin/lesspipe %s'), ('USER', 'nvidia'), ('SSH_AGENT_PID', '3963'), ('XDG_SESSION_TYPE', 'x11'), ('SHLVL', '1'), ('LD_LIBRARY_PATH', '//home/nvidia/f1tenth_ws/install/vesc_driver/lib://home/nvidia/f1tenth_ws/install/vesc_ackermann/lib://home/nvidia/f1tenth_ws/install/vesc_msgs/lib://home/nvidia/f1tenth_ws/install/teleop_tools_msgs/lib:/usr/lib/aarch64-linux-gnu/gazebo-11/plugins:/opt/ros/foxy/opt/yaml_cpp_vendor/lib:/opt/ros/foxy/opt/rviz_ogre_vendor/lib:/opt/ros/foxy/lib/aarch64-linux-gnu:/opt/ros/foxy/lib:/usr/local/cuda-11.4/lib64:'), ('HOME', '/home/nvidia'), ('OLDPWD', '/home/nvidia'), ('DESKTOP_SESSION', 'ubuntu'), ('ROS_PYTHON_VERSION', '3'), ('GNOME_SHELL_SESSION_MODE', 'ubuntu'), ('GTK_MODULES', 'gail:atk-bridge'), ('MANAGERPID', '3863'), ('DBUS_SESSION_BUS_ADDRESS', 'unix:path=/run/user/1000/bus'), ('COLORTERM', 'truecolor'), ('TERMINATOR_DBUS_NAME', 'net.tenshu.Terminator23558193cd9818af7fe4d2c2f5bd9d00f'), ('GIO_LAUNCHED_DESKTOP_FILE_PID', '4619'), ('IM_CONFIG_PHASE', '1'), ('COLCON_PREFIX_PATH', '//home/nvidia/f1tenth_ws/install'), ('ROS_DISTRO', 'foxy'), ('LOGNAME', 'nvidia'), ('JOURNAL_STREAM', '8:70019'), ('_', '/usr/bin/colcon'), ('ROS_VERSION', '2'), ('XDG_SESSION_CLASS', 'user'), ('USERNAME', 'nvidia'), ('TERM', 'xterm-256color'), ('GAZEBO_MODEL_PATH', ':/opt/ros/foxy/share/turtlebot3_gazebo/models'), ('GNOME_DESKTOP_SESSION_ID', 'this-is-deprecated'), ('ROS_LOCALHOST_ONLY', '0'), ('WINDOWPATH', '2'), ('PATH', '//home/nvidia/f1tenth_ws/install/range_lib/bin:/opt/ros/foxy/bin:/usr/local/cuda-11.4/bin:/home/nvidia/.local/bin:/usr/local/sbin:/usr/local/bin:/usr/sbin:/usr/bin:/sbin:/bin:/usr/games:/usr/local/games:/snap/bin'), ('SESSION_MANAGER', 'local/ubuntu:@/tmp/.ICE-unix/4000,unix/ubuntu:/tmp/.ICE-unix/4000'), ('INVOCATION_ID', 'f345853a86154e6d9c622f5fbfdc1ac4'), ('XDG_MENU_PREFIX', 'gnome-'), ('XDG_RUNTIME_DIR', '/run/user/1000'), ('DISPLAY', ':1'), ('TERMINATOR_DBUS_PATH', '/net/tenshu/Terminator2'), ('LANG', 'en_US.UTF-8'), ('XDG_CURRENT_DESKTOP', 'ubuntu:GNOME'), ('XMODIFIERS', '@im=ibus'), ('XDG_SESSION_DESKTOP', 'ubuntu'), ('XAUTHORITY', '/run/user/1000/gdm/Xauthority'), ('LS_COLORS', 'rs=0:di=01;34:ln=01;36:mh=00:pi=40;33:so=01;35:do=01;35:bd=40;33;01:cd=40;33;01:or=40;31;01:mi=00:su=37;41:sg=30;43:ca=30;41:tw=30;42:ow=34;42:st=37;44:ex=01;32:*.tar=01;31:*.tgz=01;31:*.arc=01;31:*.arj=01;31:*.taz=01;31:*.lha=01;31:*.lz4=01;31:*.lzh=01;31:*.lzma=01;31:*.tlz=01;31:*.txz=01;31:*.tzo=01;31:*.t7z=01;31:*.zip=01;31:*.z=01;31:*.dz=01;31:*.gz=01;31:*.lrz=01;31:*.lz=01;31:*.lzo=01;31:*.xz=01;31:*.zst=01;31:*.tzst=01;31:*.bz2=01;31:*.bz=01;31:*.tbz=01;31:*.tbz2=01;31:*.tz=01;31:*.deb=01;31:*.rpm=01;31:*.jar=01;31:*.war=01;31:*.ear=01;31:*.sar=01;31:*.rar=01;31:*.alz=01;31:*.ace=01;31:*.zoo=01;31:*.cpio=01;31:*.7z=01;31:*.rz=01;31:*.cab=01;31:*.wim=01;31:*.swm=01;31:*.dwm=01;31:*.esd=01;31:*.jpg=01;35:*.jpeg=01;35:*.mjpg=01;35:*.mjpeg=01;35:*.gif=01;35:*.bmp=01;35:*.pbm=01;35:*.pgm=01;35:*.ppm=01;35:*.tga=01;35:*.xbm=01;35:*.xpm=01;35:*.tif=01;35:*.tiff=01;35:*.png=01;35:*.svg=01;35:*.svgz=01;35:*.mng=01;35:*.pcx=01;35:*.mov=01;35:*.mpg=01;35:*.mpeg=01;35:*.m2v=01;35:*.mkv=01;35:*.webm=01;35:*.ogm=01;35:*.mp4=01;35:*.m4v=01;35:*.mp4v=01;35:*.vob=01;35:*.qt=01;35:*.nuv=01;35:*.wmv=01;35:*.asf=01;35:*.rm=01;35:*.rmvb=01;35:*.flc=01;35:*.avi=01;35:*.fli=01;35:*.flv=01;35:*.gl=01;35:*.dl=01;35:*.xcf=01;35:*.xwd=01;35:*.yuv=01;35:*.cgm=01;35:*.emf=01;35:*.ogv=01;35:*.ogx=01;35:*.aac=00;36:*.au=00;36:*.flac=00;36:*.m4a=00;36:*.mid=00;36:*.midi=00;36:*.mka=00;36:*.mp3=00;36:*.mpc=00;36:*.ogg=00;36:*.ra=00;36:*.wav=00;36:*.oga=00;36:*.opus=00;36:*.spx=00;36:*.xspf=00;36:'), ('SSH_AUTH_SOCK', '/run/user/1000/keyring/ssh'), ('ROS_DOMAIN_ID', '10'), ('AMENT_PREFIX_PATH', '//home/nvidia/f1tenth_ws/install/f1tenth_stack://home/nvidia/f1tenth_ws/install/vesc://home/nvidia/f1tenth_ws/install/vesc_driver://home/nvidia/f1tenth_ws/install/vesc_ackermann://home/nvidia/f1tenth_ws/install/vesc_msgs://home/nvidia/f1tenth_ws/install/teleop_tools://home/nvidia/f1tenth_ws/install/joy_teleop://home/nvidia/f1tenth_ws/install/teleop_tools_msgs://home/nvidia/f1tenth_ws/install/phasespace://home/nvidia/f1tenth_ws/install/particle_filter://home/nvidia/f1tenth_ws/install/new_map_saver://home/nvidia/f1tenth_ws/install/mouse_teleop://home/nvidia/f1tenth_ws/install/mapping://home/nvidia/f1tenth_ws/install/key_teleop://home/nvidia/f1tenth_ws/install/f1tenth_controllers://home/nvidia/f1tenth_ws/install/ackermann_mux:/opt/ros/foxy'), ('SHELL', '/bin/bash'), ('TERMINATOR_UUID', 'urn:uuid:3f2a181a-16ef-4091-b349-7c01a0bf8815'), ('QT_ACCESSIBILITY', '1'), ('GDMSESSION', 'ubuntu'), ('LESSCLOSE', '/usr/bin/lesspipe %s %s'), ('GPG_AGENT_INFO', '/run/user/1000/gnupg/S.gpg-agent:0:1'), ('QT_IM_MODULE', 'ibus'), ('PWD', '/home/nvidia/f1tenth_ws/build/ackermann_mux'), ('TURTLEBOT3_MODEL', 'waffle'), ('LC_ALL', 'en_US.UTF-8'), ('XDG_CONFIG_DIRS', '/etc/xdg/xdg-ubuntu:/etc/xdg'), ('XDG_DATA_DIRS', '/usr/share/ubuntu:/usr/local/share/:/usr/share/:/var/lib/snapd/desktop'), ('PYTHONPATH', '//home/nvidia/f1tenth_ws/install/f1tenth_stack/lib/python3.8/site-packages://home/nvidia/f1tenth_ws/install/vesc_msgs/lib/python3.8/site-packages://home/nvidia/f1tenth_ws/install/joy_teleop/lib/python3.8/site-packages://home/nvidia/f1tenth_ws/install/teleop_tools_msgs/lib/python3.8/site-packages://home/nvidia/f1tenth_ws/install/phasespace/lib/python3.8/site-packages://home/nvidia/f1tenth_ws/install/particle_filter/lib/python3.8/site-packages://home/nvidia/f1tenth_ws/install/new_map_saver/lib/python3.8/site-packages://home/nvidia/f1tenth_ws/install/mouse_teleop/lib/python3.8/site-packages://home/nvidia/f1tenth_ws/install/mapping/lib/python3.8/site-packages://home/nvidia/f1tenth_ws/install/key_teleop/lib/python3.8/site-packages://home/nvidia/f1tenth_ws/install/f1tenth_controllers/lib/python3.8/site-packages:/opt/ros/foxy/lib/python3.8/site-packages'), ('COLCON', '1'), ('VTE_VERSION', '6003'), ('CMAKE_PREFIX_PATH', '//home/nvidia/f1tenth_ws/install/vesc://home/nvidia/f1tenth_ws/install/vesc_driver://home/nvidia/f1tenth_ws/install/vesc_ackermann://home/nvidia/f1tenth_ws/install/vesc_msgs://home/nvidia/f1tenth_ws/install/teleop_tools://home/nvidia/f1tenth_ws/install/teleop_tools_msgs://home/nvidia/f1tenth_ws/install/range_lib://home/nvidia/f1tenth_ws/install/ackermann_mux://home/nvidia/f1tenth_ws/install/f1tenth_stack://home/nvidia/f1tenth_ws/install/joy_teleop://home/nvidia/f1tenth_ws/install/phasespace://home/nvidia/f1tenth_ws/install/particle_filter://home/nvidia/f1tenth_ws/install/new_map_saver://home/nvidia/f1tenth_ws/install/mouse_teleop://home/nvidia/f1tenth_ws/install/mapping://home/nvidia/f1tenth_ws/install/key_teleop://home/nvidia/f1tenth_ws/install/f1tenth_controllers:/opt/ros/foxy')]), 'shell': False}
[75.163464] (ackermann_mux) StdoutLine: {'line': b'-- Install configuration: ""\n'}
[75.164874] (ackermann_mux) StdoutLine: {'line': b'-- Installing: /home/nvidia/f1tenth_ws/install/ackermann_mux/lib/ackermann_mux/ackermann_mux\n'}
[75.188830] (-) TimerEvent: {}
[75.199416] (ackermann_mux) StdoutLine: {'line': b'-- Set runtime path of "/home/nvidia/f1tenth_ws/install/ackermann_mux/lib/ackermann_mux/ackermann_mux" to ""\n'}
[75.200600] (ackermann_mux) StdoutLine: {'line': b'-- Installing: /home/nvidia/f1tenth_ws/install/ackermann_mux/share/ackermann_mux/launch\n'}
[75.201256] (ackermann_mux) StdoutLine: {'line': b'-- Installing: /home/nvidia/f1tenth_ws/install/ackermann_mux/share/ackermann_mux/launch/ackermann_mux_launch.py\n'}
[75.203251] (ackermann_mux) StdoutLine: {'line': b'-- Installing: /home/nvidia/f1tenth_ws/install/ackermann_mux/share/ackermann_mux/config\n'}
[75.203702] (ackermann_mux) StdoutLine: {'line': b'-- Installing: /home/nvidia/f1tenth_ws/install/ackermann_mux/share/ackermann_mux/config/ackermann_mux_topics.yaml\n'}
[75.204330] (ackermann_mux) StdoutLine: {'line': b'-- Installing: /home/nvidia/f1tenth_ws/install/ackermann_mux/share/ackermann_mux/config/joystick.yaml\n'}
[75.205507] (ackermann_mux) StdoutLine: {'line': b'-- Installing: /home/nvidia/f1tenth_ws/install/ackermann_mux/share/ackermann_mux/config/ackermann_mux_locks.yaml\n'}
[75.206580] (ackermann_mux) StdoutLine: {'line': b'-- Installing: /home/nvidia/f1tenth_ws/install/ackermann_mux/include\n'}
[75.207523] (ackermann_mux) StdoutLine: {'line': b'-- Installing: /home/nvidia/f1tenth_ws/install/ackermann_mux/include/ackermann_mux\n'}
[75.208506] (ackermann_mux) StdoutLine: {'line': b'-- Installing: /home/nvidia/f1tenth_ws/install/ackermann_mux/include/ackermann_mux/ackermann_mux_diagnostics.hpp\n'}
[75.209066] (ackermann_mux) StdoutLine: {'line': b'-- Installing: /home/nvidia/f1tenth_ws/install/ackermann_mux/include/ackermann_mux/params_helpers.hpp\n'}
[75.209686] (ackermann_mux) StdoutLine: {'line': b'-- Installing: /home/nvidia/f1tenth_ws/install/ackermann_mux/include/ackermann_mux/ackermann_mux_diagnostics_status.hpp\n'}
[75.211163] (ackermann_mux) StdoutLine: {'line': b'-- Installing: /home/nvidia/f1tenth_ws/install/ackermann_mux/include/ackermann_mux/ackermann_mux.hpp\n'}
[75.211722] (ackermann_mux) StdoutLine: {'line': b'-- Installing: /home/nvidia/f1tenth_ws/install/ackermann_mux/include/ackermann_mux/topic_handle.hpp\n'}
[75.212139] (ackermann_mux) StdoutLine: {'line': b'-- Installing: /home/nvidia/f1tenth_ws/install/ackermann_mux/include/ackermann_mux/utils.hpp\n'}
[75.213398] (ackermann_mux) StdoutLine: {'line': b'-- Installing: /home/nvidia/f1tenth_ws/install/ackermann_mux/share/ament_index/resource_index/package_run_dependencies/ackermann_mux\n'}
[75.214888] (ackermann_mux) StdoutLine: {'line': b'-- Installing: /home/nvidia/f1tenth_ws/install/ackermann_mux/share/ament_index/resource_index/parent_prefix_path/ackermann_mux\n'}
[75.216379] (ackermann_mux) StdoutLine: {'line': b'-- Installing: /home/nvidia/f1tenth_ws/install/ackermann_mux/share/ackermann_mux/environment/ament_prefix_path.sh\n'}
[75.217406] (ackermann_mux) StdoutLine: {'line': b'-- Installing: /home/nvidia/f1tenth_ws/install/ackermann_mux/share/ackermann_mux/environment/ament_prefix_path.dsv\n'}
[75.218439] (ackermann_mux) StdoutLine: {'line': b'-- Installing: /home/nvidia/f1tenth_ws/install/ackermann_mux/share/ackermann_mux/environment/path.sh\n'}
[75.219453] (ackermann_mux) StdoutLine: {'line': b'-- Installing: /home/nvidia/f1tenth_ws/install/ackermann_mux/share/ackermann_mux/environment/path.dsv\n'}
[75.220522] (ackermann_mux) StdoutLine: {'line': b'-- Installing: /home/nvidia/f1tenth_ws/install/ackermann_mux/share/ackermann_mux/local_setup.bash\n'}
[75.223123] (ackermann_mux) StdoutLine: {'line': b'-- Installing: /home/nvidia/f1tenth_ws/install/ackermann_mux/share/ackermann_mux/local_setup.sh\n'}
[75.224233] (ackermann_mux) StdoutLine: {'line': b'-- Installing: /home/nvidia/f1tenth_ws/install/ackermann_mux/share/ackermann_mux/local_setup.zsh\n'}
[75.225269] (ackermann_mux) StdoutLine: {'line': b'-- Installing: /home/nvidia/f1tenth_ws/install/ackermann_mux/share/ackermann_mux/local_setup.dsv\n'}
[75.226747] (ackermann_mux) StdoutLine: {'line': b'-- Installing: /home/nvidia/f1tenth_ws/install/ackermann_mux/share/ackermann_mux/package.dsv\n'}
[75.227982] (ackermann_mux) StdoutLine: {'line': b'-- Installing: /home/nvidia/f1tenth_ws/install/ackermann_mux/share/ament_index/resource_index/packages/ackermann_mux\n'}
[75.229144] (ackermann_mux) StdoutLine: {'line': b'-- Installing: /home/nvidia/f1tenth_ws/install/ackermann_mux/share/ackermann_mux/cmake/ament_cmake_export_include_directories-extras.cmake\n'}
[75.231021] (ackermann_mux) StdoutLine: {'line': b'-- Installing: /home/nvidia/f1tenth_ws/install/ackermann_mux/share/ackermann_mux/cmake/ament_cmake_export_dependencies-extras.cmake\n'}
[75.231852] (ackermann_mux) StdoutLine: {'line': b'-- Installing: /home/nvidia/f1tenth_ws/install/ackermann_mux/share/ackermann_mux/cmake/ackermann_muxConfig.cmake\n'}
[75.233836] (ackermann_mux) StdoutLine: {'line': b'-- Installing: /home/nvidia/f1tenth_ws/install/ackermann_mux/share/ackermann_mux/cmake/ackermann_muxConfig-version.cmake\n'}
[75.234897] (ackermann_mux) StdoutLine: {'line': b'-- Installing: /home/nvidia/f1tenth_ws/install/ackermann_mux/share/ackermann_mux/package.xml\n'}
[75.243562] (ackermann_mux) CommandEnded: {'returncode': 0}
[75.295237] (-) TimerEvent: {}
[75.399247] (-) TimerEvent: {}
[75.500430] (-) TimerEvent: {}
[75.556340] (ackermann_mux) JobEnded: {'identifier': 'ackermann_mux', 'rc': 0}
[75.600652] (-) TimerEvent: {}
[75.701682] (-) TimerEvent: {}
[75.802753] (-) TimerEvent: {}
[75.903724] (-) TimerEvent: {}
[76.004759] (-) TimerEvent: {}
[76.105799] (-) TimerEvent: {}
[76.206821] (-) TimerEvent: {}
[76.307841] (-) TimerEvent: {}
[76.408840] (-) TimerEvent: {}
[76.510001] (-) TimerEvent: {}
[76.610973] (-) TimerEvent: {}
[76.711986] (-) TimerEvent: {}
[76.813123] (-) TimerEvent: {}
[76.914260] (-) TimerEvent: {}
[77.015241] (-) TimerEvent: {}
[77.116200] (-) TimerEvent: {}
[77.217258] (-) TimerEvent: {}
[77.318379] (-) TimerEvent: {}
[77.419446] (-) TimerEvent: {}
[77.520481] (-) TimerEvent: {}
[77.621536] (-) TimerEvent: {}
[77.722724] (-) TimerEvent: {}
[77.823941] (-) TimerEvent: {}
[77.924991] (-) TimerEvent: {}
[78.026424] (-) TimerEvent: {}
[78.127900] (-) TimerEvent: {}
[78.229216] (-) TimerEvent: {}
[78.283468] (vesc_msgs) StdoutLine: {'line': b'[ 80%] Built target vesc_msgs__py\n'}
[78.329554] (-) TimerEvent: {}
[78.350754] (vesc_msgs) StdoutLine: {'line': b'\x1b[35m\x1b[1mScanning dependencies of target vesc_msgs__python\x1b[0m\n'}
[78.429810] (-) TimerEvent: {}
[78.531202] (-) TimerEvent: {}
[78.534274] (vesc_msgs) StdoutLine: {'line': b'[ 81%] \x1b[32mBuilding C object CMakeFiles/vesc_msgs__python.dir/rosidl_generator_py/vesc_msgs/msg/_vesc_state_s.c.o\x1b[0m\n'}
[78.631508] (-) TimerEvent: {}
[78.732995] (-) TimerEvent: {}
[78.834991] (-) TimerEvent: {}
[78.936329] (-) TimerEvent: {}
[79.037696] (-) TimerEvent: {}
[79.139052] (-) TimerEvent: {}
[79.240301] (-) TimerEvent: {}
[79.287851] (vesc_msgs) StdoutLine: {'line': b'[ 83%] \x1b[32mBuilding C object CMakeFiles/vesc_msgs__python.dir/rosidl_generator_py/vesc_msgs/msg/_vesc_imu_stamped_s.c.o\x1b[0m\n'}
[79.340558] (-) TimerEvent: {}
[79.441672] (-) TimerEvent: {}
[79.543088] (-) TimerEvent: {}
[79.644231] (-) TimerEvent: {}
[79.745248] (-) TimerEvent: {}
[79.846530] (-) TimerEvent: {}
[79.913084] (vesc_msgs) StdoutLine: {'line': b'[ 85%] \x1b[32mBuilding C object CMakeFiles/vesc_msgs__python.dir/rosidl_generator_py/vesc_msgs/msg/_vesc_imu_s.c.o\x1b[0m\n'}
[79.946770] (-) TimerEvent: {}
[80.048019] (-) TimerEvent: {}
[80.149234] (-) TimerEvent: {}
[80.250529] (-) TimerEvent: {}
[80.351759] (-) TimerEvent: {}
[80.452943] (-) TimerEvent: {}
[80.519853] (vesc_msgs) StdoutLine: {'line': b'[ 87%] \x1b[32mBuilding C object CMakeFiles/vesc_msgs__python.dir/rosidl_generator_py/vesc_msgs/msg/_vesc_state_stamped_s.c.o\x1b[0m\n'}
[80.553200] (-) TimerEvent: {}
[80.654472] (-) TimerEvent: {}
[80.755619] (-) TimerEvent: {}
[80.856865] (-) TimerEvent: {}
[80.957849] (-) TimerEvent: {}
[81.059016] (-) TimerEvent: {}
[81.111932] (vesc_msgs) StdoutLine: {'line': b'[ 89%] \x1b[32m\x1b[1mLinking C shared library rosidl_generator_py/vesc_msgs/libvesc_msgs__python.so\x1b[0m\n'}
[81.159215] (-) TimerEvent: {}
[81.260295] (-) TimerEvent: {}
[81.361293] (-) TimerEvent: {}
[81.406193] (vesc_msgs) StdoutLine: {'line': b'[ 89%] Built target vesc_msgs__python\n'}
[81.461523] (-) TimerEvent: {}
[81.476971] (vesc_msgs) StdoutLine: {'line': b'\x1b[35m\x1b[1mScanning dependencies of target vesc_msgs__rosidl_typesupport_introspection_c__pyext\x1b[0m\n'}
[81.483987] (vesc_msgs) StdoutLine: {'line': b'\x1b[35m\x1b[1mScanning dependencies of target vesc_msgs__rosidl_typesupport_c__pyext\x1b[0m\n'}
[81.561808] (-) TimerEvent: {}
[81.621528] (vesc_msgs) StdoutLine: {'line': b'[ 90%] \x1b[32mBuilding C object CMakeFiles/vesc_msgs__rosidl_typesupport_introspection_c__pyext.dir/rosidl_generator_py/vesc_msgs/_vesc_msgs_s.ep.rosidl_typesupport_introspection_c.c.o\x1b[0m\n'}
[81.637416] (vesc_msgs) StdoutLine: {'line': b'[ 92%] \x1b[32mBuilding C object CMakeFiles/vesc_msgs__rosidl_typesupport_c__pyext.dir/rosidl_generator_py/vesc_msgs/_vesc_msgs_s.ep.rosidl_typesupport_c.c.o\x1b[0m\n'}
[81.662139] (-) TimerEvent: {}
[81.763345] (-) TimerEvent: {}
[81.864586] (-) TimerEvent: {}
[81.965862] (-) TimerEvent: {}
[82.067117] (-) TimerEvent: {}
[82.168346] (-) TimerEvent: {}
[82.218352] (vesc_msgs) StdoutLine: {'line': b'[ 94%] \x1b[32m\x1b[1mLinking C shared library rosidl_generator_py/vesc_msgs/vesc_msgs_s__rosidl_typesupport_introspection_c.cpython-38-aarch64-linux-gnu.so\x1b[0m\n'}
[82.268642] (-) TimerEvent: {}
[82.291064] (vesc_msgs) StdoutLine: {'line': b'[ 96%] \x1b[32m\x1b[1mLinking C shared library rosidl_generator_py/vesc_msgs/vesc_msgs_s__rosidl_typesupport_c.cpython-38-aarch64-linux-gnu.so\x1b[0m\n'}
[82.368959] (-) TimerEvent: {}
[82.472062] (-) TimerEvent: {}
[82.498901] (vesc_msgs) StdoutLine: {'line': b'[ 96%] Built target vesc_msgs__rosidl_typesupport_introspection_c__pyext\n'}
[82.546836] (vesc_msgs) StdoutLine: {'line': b'[ 96%] Built target vesc_msgs__rosidl_typesupport_c__pyext\n'}
[82.572357] (-) TimerEvent: {}
[82.577376] (vesc_msgs) StdoutLine: {'line': b'\x1b[35m\x1b[1mScanning dependencies of target vesc_msgs__rosidl_typesupport_fastrtps_c__pyext\x1b[0m\n'}
[82.672690] (-) TimerEvent: {}
[82.756330] (vesc_msgs) StdoutLine: {'line': b'[ 98%] \x1b[32mBuilding C object CMakeFiles/vesc_msgs__rosidl_typesupport_fastrtps_c__pyext.dir/rosidl_generator_py/vesc_msgs/_vesc_msgs_s.ep.rosidl_typesupport_fastrtps_c.c.o\x1b[0m\n'}
[82.773227] (-) TimerEvent: {}
[82.874409] (-) TimerEvent: {}
[82.975500] (-) TimerEvent: {}
[83.076595] (-) TimerEvent: {}
[83.177726] (-) TimerEvent: {}
[83.278965] (-) TimerEvent: {}
[83.380155] (-) TimerEvent: {}
[83.404316] (vesc_msgs) StdoutLine: {'line': b'[100%] \x1b[32m\x1b[1mLinking CXX shared library rosidl_generator_py/vesc_msgs/vesc_msgs_s__rosidl_typesupport_fastrtps_c.cpython-38-aarch64-linux-gnu.so\x1b[0m\n'}
[83.480389] (-) TimerEvent: {}
[83.581743] (-) TimerEvent: {}
[83.682984] (-) TimerEvent: {}
[83.784140] (-) TimerEvent: {}
[83.819619] (vesc_msgs) StdoutLine: {'line': b'[100%] Built target vesc_msgs__rosidl_typesupport_fastrtps_c__pyext\n'}
[83.884461] (-) TimerEvent: {}
[83.894067] (vesc_msgs) CommandEnded: {'returncode': 0}
[83.985386] (-) TimerEvent: {}
[84.087866] (-) TimerEvent: {}
[84.188940] (-) TimerEvent: {}
[84.290189] (-) TimerEvent: {}
[84.391301] (-) TimerEvent: {}
[84.492452] (-) TimerEvent: {}
[84.593610] (-) TimerEvent: {}
[84.694695] (-) TimerEvent: {}
[84.698585] (vesc_msgs) JobProgress: {'identifier': 'vesc_msgs', 'progress': 'install'}
[84.702809] (vesc_msgs) Command: {'cmd': ['/usr/bin/cmake', '--install', '/home/nvidia/f1tenth_ws/build/vesc_msgs'], 'cwd': '/home/nvidia/f1tenth_ws/build/vesc_msgs', 'env': OrderedDict([('LESSOPEN', '| /usr/bin/lesspipe %s'), ('USER', 'nvidia'), ('SSH_AGENT_PID', '3963'), ('XDG_SESSION_TYPE', 'x11'), ('SHLVL', '1'), ('LD_LIBRARY_PATH', '//home/nvidia/f1tenth_ws/install/vesc_driver/lib://home/nvidia/f1tenth_ws/install/vesc_ackermann/lib://home/nvidia/f1tenth_ws/install/vesc_msgs/lib://home/nvidia/f1tenth_ws/install/teleop_tools_msgs/lib:/usr/lib/aarch64-linux-gnu/gazebo-11/plugins:/opt/ros/foxy/opt/yaml_cpp_vendor/lib:/opt/ros/foxy/opt/rviz_ogre_vendor/lib:/opt/ros/foxy/lib/aarch64-linux-gnu:/opt/ros/foxy/lib:/usr/local/cuda-11.4/lib64:'), ('HOME', '/home/nvidia'), ('OLDPWD', '/home/nvidia'), ('DESKTOP_SESSION', 'ubuntu'), ('ROS_PYTHON_VERSION', '3'), ('GNOME_SHELL_SESSION_MODE', 'ubuntu'), ('GTK_MODULES', 'gail:atk-bridge'), ('MANAGERPID', '3863'), ('DBUS_SESSION_BUS_ADDRESS', 'unix:path=/run/user/1000/bus'), ('COLORTERM', 'truecolor'), ('TERMINATOR_DBUS_NAME', 'net.tenshu.Terminator23558193cd9818af7fe4d2c2f5bd9d00f'), ('GIO_LAUNCHED_DESKTOP_FILE_PID', '4619'), ('IM_CONFIG_PHASE', '1'), ('COLCON_PREFIX_PATH', '//home/nvidia/f1tenth_ws/install'), ('ROS_DISTRO', 'foxy'), ('LOGNAME', 'nvidia'), ('JOURNAL_STREAM', '8:70019'), ('_', '/usr/bin/colcon'), ('ROS_VERSION', '2'), ('XDG_SESSION_CLASS', 'user'), ('USERNAME', 'nvidia'), ('TERM', 'xterm-256color'), ('GAZEBO_MODEL_PATH', ':/opt/ros/foxy/share/turtlebot3_gazebo/models'), ('GNOME_DESKTOP_SESSION_ID', 'this-is-deprecated'), ('ROS_LOCALHOST_ONLY', '0'), ('WINDOWPATH', '2'), ('PATH', '//home/nvidia/f1tenth_ws/install/range_lib/bin:/opt/ros/foxy/bin:/usr/local/cuda-11.4/bin:/home/nvidia/.local/bin:/usr/local/sbin:/usr/local/bin:/usr/sbin:/usr/bin:/sbin:/bin:/usr/games:/usr/local/games:/snap/bin'), ('SESSION_MANAGER', 'local/ubuntu:@/tmp/.ICE-unix/4000,unix/ubuntu:/tmp/.ICE-unix/4000'), ('INVOCATION_ID', 'f345853a86154e6d9c622f5fbfdc1ac4'), ('XDG_MENU_PREFIX', 'gnome-'), ('XDG_RUNTIME_DIR', '/run/user/1000'), ('DISPLAY', ':1'), ('TERMINATOR_DBUS_PATH', '/net/tenshu/Terminator2'), ('LANG', 'en_US.UTF-8'), ('XDG_CURRENT_DESKTOP', 'ubuntu:GNOME'), ('XMODIFIERS', '@im=ibus'), ('XDG_SESSION_DESKTOP', 'ubuntu'), ('XAUTHORITY', '/run/user/1000/gdm/Xauthority'), ('LS_COLORS', 'rs=0:di=01;34:ln=01;36:mh=00:pi=40;33:so=01;35:do=01;35:bd=40;33;01:cd=40;33;01:or=40;31;01:mi=00:su=37;41:sg=30;43:ca=30;41:tw=30;42:ow=34;42:st=37;44:ex=01;32:*.tar=01;31:*.tgz=01;31:*.arc=01;31:*.arj=01;31:*.taz=01;31:*.lha=01;31:*.lz4=01;31:*.lzh=01;31:*.lzma=01;31:*.tlz=01;31:*.txz=01;31:*.tzo=01;31:*.t7z=01;31:*.zip=01;31:*.z=01;31:*.dz=01;31:*.gz=01;31:*.lrz=01;31:*.lz=01;31:*.lzo=01;31:*.xz=01;31:*.zst=01;31:*.tzst=01;31:*.bz2=01;31:*.bz=01;31:*.tbz=01;31:*.tbz2=01;31:*.tz=01;31:*.deb=01;31:*.rpm=01;31:*.jar=01;31:*.war=01;31:*.ear=01;31:*.sar=01;31:*.rar=01;31:*.alz=01;31:*.ace=01;31:*.zoo=01;31:*.cpio=01;31:*.7z=01;31:*.rz=01;31:*.cab=01;31:*.wim=01;31:*.swm=01;31:*.dwm=01;31:*.esd=01;31:*.jpg=01;35:*.jpeg=01;35:*.mjpg=01;35:*.mjpeg=01;35:*.gif=01;35:*.bmp=01;35:*.pbm=01;35:*.pgm=01;35:*.ppm=01;35:*.tga=01;35:*.xbm=01;35:*.xpm=01;35:*.tif=01;35:*.tiff=01;35:*.png=01;35:*.svg=01;35:*.svgz=01;35:*.mng=01;35:*.pcx=01;35:*.mov=01;35:*.mpg=01;35:*.mpeg=01;35:*.m2v=01;35:*.mkv=01;35:*.webm=01;35:*.ogm=01;35:*.mp4=01;35:*.m4v=01;35:*.mp4v=01;35:*.vob=01;35:*.qt=01;35:*.nuv=01;35:*.wmv=01;35:*.asf=01;35:*.rm=01;35:*.rmvb=01;35:*.flc=01;35:*.avi=01;35:*.fli=01;35:*.flv=01;35:*.gl=01;35:*.dl=01;35:*.xcf=01;35:*.xwd=01;35:*.yuv=01;35:*.cgm=01;35:*.emf=01;35:*.ogv=01;35:*.ogx=01;35:*.aac=00;36:*.au=00;36:*.flac=00;36:*.m4a=00;36:*.mid=00;36:*.midi=00;36:*.mka=00;36:*.mp3=00;36:*.mpc=00;36:*.ogg=00;36:*.ra=00;36:*.wav=00;36:*.oga=00;36:*.opus=00;36:*.spx=00;36:*.xspf=00;36:'), ('SSH_AUTH_SOCK', '/run/user/1000/keyring/ssh'), ('ROS_DOMAIN_ID', '10'), ('AMENT_PREFIX_PATH', '//home/nvidia/f1tenth_ws/install/f1tenth_stack://home/nvidia/f1tenth_ws/install/vesc://home/nvidia/f1tenth_ws/install/vesc_driver://home/nvidia/f1tenth_ws/install/vesc_ackermann://home/nvidia/f1tenth_ws/install/vesc_msgs://home/nvidia/f1tenth_ws/install/teleop_tools://home/nvidia/f1tenth_ws/install/joy_teleop://home/nvidia/f1tenth_ws/install/teleop_tools_msgs://home/nvidia/f1tenth_ws/install/phasespace://home/nvidia/f1tenth_ws/install/particle_filter://home/nvidia/f1tenth_ws/install/new_map_saver://home/nvidia/f1tenth_ws/install/mouse_teleop://home/nvidia/f1tenth_ws/install/mapping://home/nvidia/f1tenth_ws/install/key_teleop://home/nvidia/f1tenth_ws/install/f1tenth_controllers://home/nvidia/f1tenth_ws/install/ackermann_mux:/opt/ros/foxy'), ('SHELL', '/bin/bash'), ('TERMINATOR_UUID', 'urn:uuid:3f2a181a-16ef-4091-b349-7c01a0bf8815'), ('QT_ACCESSIBILITY', '1'), ('GDMSESSION', 'ubuntu'), ('LESSCLOSE', '/usr/bin/lesspipe %s %s'), ('GPG_AGENT_INFO', '/run/user/1000/gnupg/S.gpg-agent:0:1'), ('QT_IM_MODULE', 'ibus'), ('PWD', '/home/nvidia/f1tenth_ws/build/vesc_msgs'), ('TURTLEBOT3_MODEL', 'waffle'), ('LC_ALL', 'en_US.UTF-8'), ('XDG_CONFIG_DIRS', '/etc/xdg/xdg-ubuntu:/etc/xdg'), ('XDG_DATA_DIRS', '/usr/share/ubuntu:/usr/local/share/:/usr/share/:/var/lib/snapd/desktop'), ('PYTHONPATH', '//home/nvidia/f1tenth_ws/install/f1tenth_stack/lib/python3.8/site-packages://home/nvidia/f1tenth_ws/install/vesc_msgs/lib/python3.8/site-packages://home/nvidia/f1tenth_ws/install/joy_teleop/lib/python3.8/site-packages://home/nvidia/f1tenth_ws/install/teleop_tools_msgs/lib/python3.8/site-packages://home/nvidia/f1tenth_ws/install/phasespace/lib/python3.8/site-packages://home/nvidia/f1tenth_ws/install/particle_filter/lib/python3.8/site-packages://home/nvidia/f1tenth_ws/install/new_map_saver/lib/python3.8/site-packages://home/nvidia/f1tenth_ws/install/mouse_teleop/lib/python3.8/site-packages://home/nvidia/f1tenth_ws/install/mapping/lib/python3.8/site-packages://home/nvidia/f1tenth_ws/install/key_teleop/lib/python3.8/site-packages://home/nvidia/f1tenth_ws/install/f1tenth_controllers/lib/python3.8/site-packages:/opt/ros/foxy/lib/python3.8/site-packages'), ('COLCON', '1'), ('VTE_VERSION', '6003'), ('CMAKE_PREFIX_PATH', '//home/nvidia/f1tenth_ws/install/vesc://home/nvidia/f1tenth_ws/install/vesc_driver://home/nvidia/f1tenth_ws/install/vesc_ackermann://home/nvidia/f1tenth_ws/install/vesc_msgs://home/nvidia/f1tenth_ws/install/teleop_tools://home/nvidia/f1tenth_ws/install/teleop_tools_msgs://home/nvidia/f1tenth_ws/install/range_lib://home/nvidia/f1tenth_ws/install/ackermann_mux://home/nvidia/f1tenth_ws/install/f1tenth_stack://home/nvidia/f1tenth_ws/install/joy_teleop://home/nvidia/f1tenth_ws/install/phasespace://home/nvidia/f1tenth_ws/install/particle_filter://home/nvidia/f1tenth_ws/install/new_map_saver://home/nvidia/f1tenth_ws/install/mouse_teleop://home/nvidia/f1tenth_ws/install/mapping://home/nvidia/f1tenth_ws/install/key_teleop://home/nvidia/f1tenth_ws/install/f1tenth_controllers:/opt/ros/foxy')]), 'shell': False}
[84.769744] (vesc_msgs) StdoutLine: {'line': b'-- Install configuration: ""\n'}
[84.771428] (vesc_msgs) StdoutLine: {'line': b'-- Installing: /home/nvidia/f1tenth_ws/install/vesc_msgs/share/ament_index/resource_index/rosidl_interfaces/vesc_msgs\n'}
[84.772900] (vesc_msgs) StdoutLine: {'line': b'-- Installing: /home/nvidia/f1tenth_ws/install/vesc_msgs/include/vesc_msgs\n'}
[84.773838] (vesc_msgs) StdoutLine: {'line': b'-- Installing: /home/nvidia/f1tenth_ws/install/vesc_msgs/include/vesc_msgs/msg\n'}
[84.774711] (vesc_msgs) StdoutLine: {'line': b'-- Installing: /home/nvidia/f1tenth_ws/install/vesc_msgs/include/vesc_msgs/msg/vesc_imu.h\n'}
[84.775533] (vesc_msgs) StdoutLine: {'line': b'-- Installing: /home/nvidia/f1tenth_ws/install/vesc_msgs/include/vesc_msgs/msg/vesc_state_stamped.h\n'}
[84.776248] (vesc_msgs) StdoutLine: {'line': b'-- Installing: /home/nvidia/f1tenth_ws/install/vesc_msgs/include/vesc_msgs/msg/detail\n'}
[84.776921] (vesc_msgs) StdoutLine: {'line': b'-- Installing: /home/nvidia/f1tenth_ws/install/vesc_msgs/include/vesc_msgs/msg/detail/vesc_imu_stamped__functions.c\n'}
[84.777612] (vesc_msgs) StdoutLine: {'line': b'-- Installing: /home/nvidia/f1tenth_ws/install/vesc_msgs/include/vesc_msgs/msg/detail/vesc_state__functions.c\n'}
[84.778422] (vesc_msgs) StdoutLine: {'line': b'-- Installing: /home/nvidia/f1tenth_ws/install/vesc_msgs/include/vesc_msgs/msg/detail/vesc_imu__type_support.h\n'}
[84.779195] (vesc_msgs) StdoutLine: {'line': b'-- Installing: /home/nvidia/f1tenth_ws/install/vesc_msgs/include/vesc_msgs/msg/detail/vesc_imu_stamped__functions.h\n'}
[84.780021] (vesc_msgs) StdoutLine: {'line': b'-- Installing: /home/nvidia/f1tenth_ws/install/vesc_msgs/include/vesc_msgs/msg/detail/vesc_state__struct.h\n'}
[84.780820] (vesc_msgs) StdoutLine: {'line': b'-- Installing: /home/nvidia/f1tenth_ws/install/vesc_msgs/include/vesc_msgs/msg/detail/vesc_imu__functions.h\n'}
[84.781636] (vesc_msgs) StdoutLine: {'line': b'-- Installing: /home/nvidia/f1tenth_ws/install/vesc_msgs/include/vesc_msgs/msg/detail/vesc_state__functions.h\n'}
[84.782917] (vesc_msgs) StdoutLine: {'line': b'-- Installing: /home/nvidia/f1tenth_ws/install/vesc_msgs/include/vesc_msgs/msg/detail/vesc_state_stamped__functions.h\n'}
[84.784218] (vesc_msgs) StdoutLine: {'line': b'-- Installing: /home/nvidia/f1tenth_ws/install/vesc_msgs/include/vesc_msgs/msg/detail/vesc_imu_stamped__type_support.h\n'}
[84.785035] (vesc_msgs) StdoutLine: {'line': b'-- Installing: /home/nvidia/f1tenth_ws/install/vesc_msgs/include/vesc_msgs/msg/detail/vesc_imu__struct.h\n'}
[84.786881] (vesc_msgs) StdoutLine: {'line': b'-- Installing: /home/nvidia/f1tenth_ws/install/vesc_msgs/include/vesc_msgs/msg/detail/vesc_state_stamped__type_support.h\n'}
[84.788303] (vesc_msgs) StdoutLine: {'line': b'-- Installing: /home/nvidia/f1tenth_ws/install/vesc_msgs/include/vesc_msgs/msg/detail/vesc_imu_stamped__struct.h\n'}
[84.789046] (vesc_msgs) StdoutLine: {'line': b'-- Installing: /home/nvidia/f1tenth_ws/install/vesc_msgs/include/vesc_msgs/msg/detail/vesc_state__type_support.h\n'}
[84.789686] (vesc_msgs) StdoutLine: {'line': b'-- Installing: /home/nvidia/f1tenth_ws/install/vesc_msgs/include/vesc_msgs/msg/detail/vesc_state_stamped__struct.h\n'}
[84.793122] (vesc_msgs) StdoutLine: {'line': b'-- Installing: /home/nvidia/f1tenth_ws/install/vesc_msgs/include/vesc_msgs/msg/detail/vesc_state_stamped__functions.c\n'}
[84.793653] (vesc_msgs) StdoutLine: {'line': b'-- Installing: /home/nvidia/f1tenth_ws/install/vesc_msgs/include/vesc_msgs/msg/detail/vesc_imu__functions.c\n'}
[84.794302] (vesc_msgs) StdoutLine: {'line': b'-- Installing: /home/nvidia/f1tenth_ws/install/vesc_msgs/include/vesc_msgs/msg/vesc_state.h\n'}
[84.794916] (-) TimerEvent: {}
[84.796343] (vesc_msgs) StdoutLine: {'line': b'-- Installing: /home/nvidia/f1tenth_ws/install/vesc_msgs/include/vesc_msgs/msg/rosidl_generator_c__visibility_control.h\n'}
[84.796899] (vesc_msgs) StdoutLine: {'line': b'-- Installing: /home/nvidia/f1tenth_ws/install/vesc_msgs/include/vesc_msgs/msg/vesc_imu_stamped.h\n'}
[84.797334] (vesc_msgs) StdoutLine: {'line': b'-- Installing: /home/nvidia/f1tenth_ws/install/vesc_msgs/share/vesc_msgs/environment/library_path.sh\n'}
[84.797734] (vesc_msgs) StdoutLine: {'line': b'-- Installing: /home/nvidia/f1tenth_ws/install/vesc_msgs/share/vesc_msgs/environment/library_path.dsv\n'}
[84.798681] (vesc_msgs) StdoutLine: {'line': b'-- Installing: /home/nvidia/f1tenth_ws/install/vesc_msgs/lib/libvesc_msgs__rosidl_generator_c.so\n'}
[84.802393] (vesc_msgs) StdoutLine: {'line': b'-- Set runtime path of "/home/nvidia/f1tenth_ws/install/vesc_msgs/lib/libvesc_msgs__rosidl_generator_c.so" to ""\n'}
[84.803432] (vesc_msgs) StdoutLine: {'line': b'-- Up-to-date: /home/nvidia/f1tenth_ws/install/vesc_msgs/include/vesc_msgs\n'}
[84.804193] (vesc_msgs) StdoutLine: {'line': b'-- Up-to-date: /home/nvidia/f1tenth_ws/install/vesc_msgs/include/vesc_msgs/msg\n'}
[84.804905] (vesc_msgs) StdoutLine: {'line': b'-- Up-to-date: /home/nvidia/f1tenth_ws/install/vesc_msgs/include/vesc_msgs/msg/detail\n'}
[84.805420] (vesc_msgs) StdoutLine: {'line': b'-- Installing: /home/nvidia/f1tenth_ws/install/vesc_msgs/include/vesc_msgs/msg/detail/vesc_imu__rosidl_typesupport_fastrtps_c.h\n'}
[84.806125] (vesc_msgs) StdoutLine: {'line': b'-- Installing: /home/nvidia/f1tenth_ws/install/vesc_msgs/include/vesc_msgs/msg/detail/vesc_state_stamped__rosidl_typesupport_fastrtps_c.h\n'}
[84.806963] (vesc_msgs) StdoutLine: {'line': b'-- Installing: /home/nvidia/f1tenth_ws/install/vesc_msgs/include/vesc_msgs/msg/detail/vesc_imu_stamped__rosidl_typesupport_fastrtps_c.h\n'}
[84.807556] (vesc_msgs) StdoutLine: {'line': b'-- Installing: /home/nvidia/f1tenth_ws/install/vesc_msgs/include/vesc_msgs/msg/detail/vesc_state__rosidl_typesupport_fastrtps_c.h\n'}
[84.807948] (vesc_msgs) StdoutLine: {'line': b'-- Installing: /home/nvidia/f1tenth_ws/install/vesc_msgs/include/vesc_msgs/msg/rosidl_typesupport_fastrtps_c__visibility_control.h\n'}
[84.808846] (vesc_msgs) StdoutLine: {'line': b'-- Installing: /home/nvidia/f1tenth_ws/install/vesc_msgs/lib/libvesc_msgs__rosidl_typesupport_fastrtps_c.so\n'}
[84.812427] (vesc_msgs) StdoutLine: {'line': b'-- Set runtime path of "/home/nvidia/f1tenth_ws/install/vesc_msgs/lib/libvesc_msgs__rosidl_typesupport_fastrtps_c.so" to ""\n'}
[84.813706] (vesc_msgs) StdoutLine: {'line': b'-- Up-to-date: /home/nvidia/f1tenth_ws/install/vesc_msgs/include/vesc_msgs\n'}
[84.814729] (vesc_msgs) StdoutLine: {'line': b'-- Up-to-date: /home/nvidia/f1tenth_ws/install/vesc_msgs/include/vesc_msgs/msg\n'}
[84.815338] (vesc_msgs) StdoutLine: {'line': b'-- Installing: /home/nvidia/f1tenth_ws/install/vesc_msgs/include/vesc_msgs/msg/rosidl_typesupport_fastrtps_cpp__visibility_control.h\n'}
[84.816522] (vesc_msgs) StdoutLine: {'line': b'-- Up-to-date: /home/nvidia/f1tenth_ws/install/vesc_msgs/include/vesc_msgs/msg/detail\n'}
[84.817426] (vesc_msgs) StdoutLine: {'line': b'-- Installing: /home/nvidia/f1tenth_ws/install/vesc_msgs/include/vesc_msgs/msg/detail/vesc_imu__rosidl_typesupport_fastrtps_cpp.hpp\n'}
[84.818211] (vesc_msgs) StdoutLine: {'line': b'-- Installing: /home/nvidia/f1tenth_ws/install/vesc_msgs/include/vesc_msgs/msg/detail/vesc_imu_stamped__rosidl_typesupport_fastrtps_cpp.hpp\n'}
[84.818729] (vesc_msgs) StdoutLine: {'line': b'-- Installing: /home/nvidia/f1tenth_ws/install/vesc_msgs/include/vesc_msgs/msg/detail/vesc_state__rosidl_typesupport_fastrtps_cpp.hpp\n'}
[84.819121] (vesc_msgs) StdoutLine: {'line': b'-- Installing: /home/nvidia/f1tenth_ws/install/vesc_msgs/include/vesc_msgs/msg/detail/dds_fastrtps\n'}
[84.819683] (vesc_msgs) StdoutLine: {'line': b'-- Installing: /home/nvidia/f1tenth_ws/install/vesc_msgs/include/vesc_msgs/msg/detail/vesc_state_stamped__rosidl_typesupport_fastrtps_cpp.hpp\n'}
[84.820054] (vesc_msgs) StdoutLine: {'line': b'-- Installing: /home/nvidia/f1tenth_ws/install/vesc_msgs/lib/libvesc_msgs__rosidl_typesupport_fastrtps_cpp.so\n'}
[84.823061] (vesc_msgs) StdoutLine: {'line': b'-- Set runtime path of "/home/nvidia/f1tenth_ws/install/vesc_msgs/lib/libvesc_msgs__rosidl_typesupport_fastrtps_cpp.so" to ""\n'}
[84.824082] (vesc_msgs) StdoutLine: {'line': b'-- Up-to-date: /home/nvidia/f1tenth_ws/install/vesc_msgs/include/vesc_msgs\n'}
[84.825046] (vesc_msgs) StdoutLine: {'line': b'-- Up-to-date: /home/nvidia/f1tenth_ws/install/vesc_msgs/include/vesc_msgs/msg\n'}
[84.825594] (vesc_msgs) StdoutLine: {'line': b'-- Up-to-date: /home/nvidia/f1tenth_ws/install/vesc_msgs/include/vesc_msgs/msg/detail\n'}
[84.826253] (vesc_msgs) StdoutLine: {'line': b'-- Installing: /home/nvidia/f1tenth_ws/install/vesc_msgs/include/vesc_msgs/msg/detail/vesc_state__rosidl_typesupport_introspection_c.h\n'}
[84.826942] (vesc_msgs) StdoutLine: {'line': b'-- Installing: /home/nvidia/f1tenth_ws/install/vesc_msgs/include/vesc_msgs/msg/detail/vesc_imu__rosidl_typesupport_introspection_c.h\n'}
[84.827368] (vesc_msgs) StdoutLine: {'line': b'-- Installing: /home/nvidia/f1tenth_ws/install/vesc_msgs/include/vesc_msgs/msg/detail/vesc_imu_stamped__type_support.c\n'}
[84.828012] (vesc_msgs) StdoutLine: {'line': b'-- Installing: /home/nvidia/f1tenth_ws/install/vesc_msgs/include/vesc_msgs/msg/detail/vesc_state__type_support.c\n'}
[84.828619] (vesc_msgs) StdoutLine: {'line': b'-- Installing: /home/nvidia/f1tenth_ws/install/vesc_msgs/include/vesc_msgs/msg/detail/vesc_imu_stamped__rosidl_typesupport_introspection_c.h\n'}
[84.830208] (vesc_msgs) StdoutLine: {'line': b'-- Installing: /home/nvidia/f1tenth_ws/install/vesc_msgs/include/vesc_msgs/msg/detail/vesc_imu__type_support.c\n'}
[84.830892] (vesc_msgs) StdoutLine: {'line': b'-- Installing: /home/nvidia/f1tenth_ws/install/vesc_msgs/include/vesc_msgs/msg/detail/vesc_state_stamped__rosidl_typesupport_introspection_c.h\n'}
[84.831516] (vesc_msgs) StdoutLine: {'line': b'-- Installing: /home/nvidia/f1tenth_ws/install/vesc_msgs/include/vesc_msgs/msg/detail/vesc_state_stamped__type_support.c\n'}
[84.832145] (vesc_msgs) StdoutLine: {'line': b'-- Installing: /home/nvidia/f1tenth_ws/install/vesc_msgs/include/vesc_msgs/msg/rosidl_typesupport_introspection_c__visibility_control.h\n'}
[84.833474] (vesc_msgs) StdoutLine: {'line': b'-- Installing: /home/nvidia/f1tenth_ws/install/vesc_msgs/lib/libvesc_msgs__rosidl_typesupport_introspection_c.so\n'}
[84.836920] (vesc_msgs) StdoutLine: {'line': b'-- Set runtime path of "/home/nvidia/f1tenth_ws/install/vesc_msgs/lib/libvesc_msgs__rosidl_typesupport_introspection_c.so" to ""\n'}
[84.837955] (vesc_msgs) StdoutLine: {'line': b'-- Installing: /home/nvidia/f1tenth_ws/install/vesc_msgs/lib/libvesc_msgs__rosidl_typesupport_c.so\n'}
[84.840680] (vesc_msgs) StdoutLine: {'line': b'-- Set runtime path of "/home/nvidia/f1tenth_ws/install/vesc_msgs/lib/libvesc_msgs__rosidl_typesupport_c.so" to ""\n'}
[84.842669] (vesc_msgs) StdoutLine: {'line': b'-- Up-to-date: /home/nvidia/f1tenth_ws/install/vesc_msgs/include/vesc_msgs\n'}
[84.843703] (vesc_msgs) StdoutLine: {'line': b'-- Up-to-date: /home/nvidia/f1tenth_ws/install/vesc_msgs/include/vesc_msgs/msg\n'}
[84.844451] (vesc_msgs) StdoutLine: {'line': b'-- Installing: /home/nvidia/f1tenth_ws/install/vesc_msgs/include/vesc_msgs/msg/vesc_imu.hpp\n'}
[84.845196] (vesc_msgs) StdoutLine: {'line': b'-- Up-to-date: /home/nvidia/f1tenth_ws/install/vesc_msgs/include/vesc_msgs/msg/detail\n'}
[84.845678] (vesc_msgs) StdoutLine: {'line': b'-- Installing: /home/nvidia/f1tenth_ws/install/vesc_msgs/include/vesc_msgs/msg/detail/vesc_imu__struct.hpp\n'}
[84.846291] (vesc_msgs) StdoutLine: {'line': b'-- Installing: /home/nvidia/f1tenth_ws/install/vesc_msgs/include/vesc_msgs/msg/detail/vesc_imu__builder.hpp\n'}
[84.849604] (vesc_msgs) StdoutLine: {'line': b'-- Installing: /home/nvidia/f1tenth_ws/install/vesc_msgs/include/vesc_msgs/msg/detail/vesc_state_stamped__type_support.hpp\n'}
[84.850620] (vesc_msgs) StdoutLine: {'line': b'-- Installing: /home/nvidia/f1tenth_ws/install/vesc_msgs/include/vesc_msgs/msg/detail/vesc_imu__traits.hpp\n'}
[84.851017] (vesc_msgs) StdoutLine: {'line': b'-- Installing: /home/nvidia/f1tenth_ws/install/vesc_msgs/include/vesc_msgs/msg/detail/vesc_imu_stamped__traits.hpp\n'}
[84.851612] (vesc_msgs) StdoutLine: {'line': b'-- Installing: /home/nvidia/f1tenth_ws/install/vesc_msgs/include/vesc_msgs/msg/detail/vesc_state_stamped__traits.hpp\n'}
[84.852049] (vesc_msgs) StdoutLine: {'line': b'-- Installing: /home/nvidia/f1tenth_ws/install/vesc_msgs/include/vesc_msgs/msg/detail/vesc_imu_stamped__type_support.hpp\n'}
[84.853409] (vesc_msgs) StdoutLine: {'line': b'-- Installing: /home/nvidia/f1tenth_ws/install/vesc_msgs/include/vesc_msgs/msg/detail/vesc_state_stamped__builder.hpp\n'}
[84.854218] (vesc_msgs) StdoutLine: {'line': b'-- Installing: /home/nvidia/f1tenth_ws/install/vesc_msgs/include/vesc_msgs/msg/detail/vesc_imu_stamped__struct.hpp\n'}
[84.854736] (vesc_msgs) StdoutLine: {'line': b'-- Installing: /home/nvidia/f1tenth_ws/install/vesc_msgs/include/vesc_msgs/msg/detail/vesc_state_stamped__struct.hpp\n'}
[84.855303] (vesc_msgs) StdoutLine: {'line': b'-- Installing: /home/nvidia/f1tenth_ws/install/vesc_msgs/include/vesc_msgs/msg/detail/vesc_state__struct.hpp\n'}
[84.856001] (vesc_msgs) StdoutLine: {'line': b'-- Installing: /home/nvidia/f1tenth_ws/install/vesc_msgs/include/vesc_msgs/msg/detail/vesc_imu_stamped__builder.hpp\n'}
[84.856368] (vesc_msgs) StdoutLine: {'line': b'-- Installing: /home/nvidia/f1tenth_ws/install/vesc_msgs/include/vesc_msgs/msg/detail/vesc_state__type_support.hpp\n'}
[84.857434] (vesc_msgs) StdoutLine: {'line': b'-- Installing: /home/nvidia/f1tenth_ws/install/vesc_msgs/include/vesc_msgs/msg/detail/vesc_state__builder.hpp\n'}
[84.858325] (vesc_msgs) StdoutLine: {'line': b'-- Installing: /home/nvidia/f1tenth_ws/install/vesc_msgs/include/vesc_msgs/msg/detail/vesc_imu__type_support.hpp\n'}
[84.858906] (vesc_msgs) StdoutLine: {'line': b'-- Installing: /home/nvidia/f1tenth_ws/install/vesc_msgs/include/vesc_msgs/msg/detail/vesc_state__traits.hpp\n'}
[84.859676] (vesc_msgs) StdoutLine: {'line': b'-- Installing: /home/nvidia/f1tenth_ws/install/vesc_msgs/include/vesc_msgs/msg/rosidl_generator_cpp__visibility_control.hpp\n'}
[84.860307] (vesc_msgs) StdoutLine: {'line': b'-- Installing: /home/nvidia/f1tenth_ws/install/vesc_msgs/include/vesc_msgs/msg/vesc_state_stamped.hpp\n'}
[84.860775] (vesc_msgs) StdoutLine: {'line': b'-- Installing: /home/nvidia/f1tenth_ws/install/vesc_msgs/include/vesc_msgs/msg/vesc_imu_stamped.hpp\n'}
[84.861403] (vesc_msgs) StdoutLine: {'line': b'-- Installing: /home/nvidia/f1tenth_ws/install/vesc_msgs/include/vesc_msgs/msg/vesc_state.hpp\n'}
[84.862170] (vesc_msgs) StdoutLine: {'line': b'-- Up-to-date: /home/nvidia/f1tenth_ws/install/vesc_msgs/include/vesc_msgs\n'}
[84.863037] (vesc_msgs) StdoutLine: {'line': b'-- Up-to-date: /home/nvidia/f1tenth_ws/install/vesc_msgs/include/vesc_msgs/msg\n'}
[84.863444] (vesc_msgs) StdoutLine: {'line': b'-- Up-to-date: /home/nvidia/f1tenth_ws/install/vesc_msgs/include/vesc_msgs/msg/detail\n'}
[84.864050] (vesc_msgs) StdoutLine: {'line': b'-- Installing: /home/nvidia/f1tenth_ws/install/vesc_msgs/include/vesc_msgs/msg/detail/vesc_imu_stamped__type_support.cpp\n'}
[84.864415] (vesc_msgs) StdoutLine: {'line': b'-- Installing: /home/nvidia/f1tenth_ws/install/vesc_msgs/include/vesc_msgs/msg/detail/vesc_state__rosidl_typesupport_introspection_cpp.hpp\n'}
[84.865108] (vesc_msgs) StdoutLine: {'line': b'-- Installing: /home/nvidia/f1tenth_ws/install/vesc_msgs/include/vesc_msgs/msg/detail/vesc_imu_stamped__rosidl_typesupport_introspection_cpp.hpp\n'}
[84.865704] (vesc_msgs) StdoutLine: {'line': b'-- Installing: /home/nvidia/f1tenth_ws/install/vesc_msgs/include/vesc_msgs/msg/detail/vesc_state__type_support.cpp\n'}
[84.866921] (vesc_msgs) StdoutLine: {'line': b'-- Installing: /home/nvidia/f1tenth_ws/install/vesc_msgs/include/vesc_msgs/msg/detail/vesc_imu__rosidl_typesupport_introspection_cpp.hpp\n'}
[84.867668] (vesc_msgs) StdoutLine: {'line': b'-- Installing: /home/nvidia/f1tenth_ws/install/vesc_msgs/include/vesc_msgs/msg/detail/vesc_state_stamped__type_support.cpp\n'}
[84.869419] (vesc_msgs) StdoutLine: {'line': b'-- Installing: /home/nvidia/f1tenth_ws/install/vesc_msgs/include/vesc_msgs/msg/detail/vesc_state_stamped__rosidl_typesupport_introspection_cpp.hpp\n'}
[84.870792] (vesc_msgs) StdoutLine: {'line': b'-- Installing: /home/nvidia/f1tenth_ws/install/vesc_msgs/include/vesc_msgs/msg/detail/vesc_imu__type_support.cpp\n'}
[84.873080] (vesc_msgs) StdoutLine: {'line': b'-- Installing: /home/nvidia/f1tenth_ws/install/vesc_msgs/lib/libvesc_msgs__rosidl_typesupport_introspection_cpp.so\n'}
[84.874887] (vesc_msgs) StdoutLine: {'line': b'-- Set runtime path of "/home/nvidia/f1tenth_ws/install/vesc_msgs/lib/libvesc_msgs__rosidl_typesupport_introspection_cpp.so" to ""\n'}
[84.875600] (vesc_msgs) StdoutLine: {'line': b'-- Installing: /home/nvidia/f1tenth_ws/install/vesc_msgs/lib/libvesc_msgs__rosidl_typesupport_cpp.so\n'}
[84.878944] (vesc_msgs) StdoutLine: {'line': b'-- Set runtime path of "/home/nvidia/f1tenth_ws/install/vesc_msgs/lib/libvesc_msgs__rosidl_typesupport_cpp.so" to ""\n'}
[84.879739] (vesc_msgs) StdoutLine: {'line': b'-- Installing: /home/nvidia/f1tenth_ws/install/vesc_msgs/share/vesc_msgs/environment/pythonpath.sh\n'}
[84.880506] (vesc_msgs) StdoutLine: {'line': b'-- Installing: /home/nvidia/f1tenth_ws/install/vesc_msgs/share/vesc_msgs/environment/pythonpath.dsv\n'}
[84.882298] (vesc_msgs) StdoutLine: {'line': b'-- Installing: /home/nvidia/f1tenth_ws/install/vesc_msgs/lib/python3.8/site-packages/vesc_msgs/__init__.py\n'}
[84.895175] (-) TimerEvent: {}
[84.996072] (-) TimerEvent: {}
[85.097989] (-) TimerEvent: {}
[85.106538] (vesc_msgs) StdoutLine: {'line': b"Compiling '/home/nvidia/f1tenth_ws/install/vesc_msgs/lib/python3.8/site-packages/vesc_msgs/__init__.py'...\n"}
[85.127872] (vesc_msgs) StdoutLine: {'line': b'-- Installing: /home/nvidia/f1tenth_ws/install/vesc_msgs/lib/python3.8/site-packages/vesc_msgs/msg\n'}
[85.130005] (vesc_msgs) StdoutLine: {'line': b'-- Installing: /home/nvidia/f1tenth_ws/install/vesc_msgs/lib/python3.8/site-packages/vesc_msgs/msg/_vesc_state_stamped.py\n'}
[85.131248] (vesc_msgs) StdoutLine: {'line': b'-- Installing: /home/nvidia/f1tenth_ws/install/vesc_msgs/lib/python3.8/site-packages/vesc_msgs/msg/_vesc_state_s.c\n'}
[85.132238] (vesc_msgs) StdoutLine: {'line': b'-- Installing: /home/nvidia/f1tenth_ws/install/vesc_msgs/lib/python3.8/site-packages/vesc_msgs/msg/__init__.py\n'}
[85.133205] (vesc_msgs) StdoutLine: {'line': b'-- Installing: /home/nvidia/f1tenth_ws/install/vesc_msgs/lib/python3.8/site-packages/vesc_msgs/msg/_vesc_state_stamped_s.c\n'}
[85.134480] (vesc_msgs) StdoutLine: {'line': b'-- Installing: /home/nvidia/f1tenth_ws/install/vesc_msgs/lib/python3.8/site-packages/vesc_msgs/msg/_vesc_imu.py\n'}
[85.135329] (vesc_msgs) StdoutLine: {'line': b'-- Installing: /home/nvidia/f1tenth_ws/install/vesc_msgs/lib/python3.8/site-packages/vesc_msgs/msg/_vesc_imu_stamped.py\n'}
[85.136167] (vesc_msgs) StdoutLine: {'line': b'-- Installing: /home/nvidia/f1tenth_ws/install/vesc_msgs/lib/python3.8/site-packages/vesc_msgs/msg/_vesc_state.py\n'}
[85.137169] (vesc_msgs) StdoutLine: {'line': b'-- Installing: /home/nvidia/f1tenth_ws/install/vesc_msgs/lib/python3.8/site-packages/vesc_msgs/msg/_vesc_imu_stamped_s.c\n'}
[85.138093] (vesc_msgs) StdoutLine: {'line': b'-- Installing: /home/nvidia/f1tenth_ws/install/vesc_msgs/lib/python3.8/site-packages/vesc_msgs/msg/_vesc_imu_s.c\n'}
[85.139992] (vesc_msgs) StdoutLine: {'line': b'-- Installing: /home/nvidia/f1tenth_ws/install/vesc_msgs/lib/python3.8/site-packages/vesc_msgs/vesc_msgs_s__rosidl_typesupport_fastrtps_c.cpython-38-aarch64-linux-gnu.so\n'}
[85.143418] (vesc_msgs) StdoutLine: {'line': b'-- Set runtime path of "/home/nvidia/f1tenth_ws/install/vesc_msgs/lib/python3.8/site-packages/vesc_msgs/vesc_msgs_s__rosidl_typesupport_fastrtps_c.cpython-38-aarch64-linux-gnu.so" to ""\n'}
[85.144360] (vesc_msgs) StdoutLine: {'line': b'-- Installing: /home/nvidia/f1tenth_ws/install/vesc_msgs/lib/python3.8/site-packages/vesc_msgs/vesc_msgs_s__rosidl_typesupport_introspection_c.cpython-38-aarch64-linux-gnu.so\n'}
[85.149086] (vesc_msgs) StdoutLine: {'line': b'-- Set runtime path of "/home/nvidia/f1tenth_ws/install/vesc_msgs/lib/python3.8/site-packages/vesc_msgs/vesc_msgs_s__rosidl_typesupport_introspection_c.cpython-38-aarch64-linux-gnu.so" to ""\n'}
[85.150829] (vesc_msgs) StdoutLine: {'line': b'-- Installing: /home/nvidia/f1tenth_ws/install/vesc_msgs/lib/python3.8/site-packages/vesc_msgs/vesc_msgs_s__rosidl_typesupport_c.cpython-38-aarch64-linux-gnu.so\n'}
[85.154720] (vesc_msgs) StdoutLine: {'line': b'-- Set runtime path of "/home/nvidia/f1tenth_ws/install/vesc_msgs/lib/python3.8/site-packages/vesc_msgs/vesc_msgs_s__rosidl_typesupport_c.cpython-38-aarch64-linux-gnu.so" to ""\n'}
[85.155813] (vesc_msgs) StdoutLine: {'line': b'-- Installing: /home/nvidia/f1tenth_ws/install/vesc_msgs/lib/libvesc_msgs__python.so\n'}
[85.158905] (vesc_msgs) StdoutLine: {'line': b'-- Set runtime path of "/home/nvidia/f1tenth_ws/install/vesc_msgs/lib/libvesc_msgs__python.so" to ""\n'}
[85.159742] (vesc_msgs) StdoutLine: {'line': b'-- Installing: /home/nvidia/f1tenth_ws/install/vesc_msgs/share/vesc_msgs/msg/VescState.idl\n'}
[85.160894] (vesc_msgs) StdoutLine: {'line': b'-- Installing: /home/nvidia/f1tenth_ws/install/vesc_msgs/share/vesc_msgs/msg/VescStateStamped.idl\n'}
[85.162047] (vesc_msgs) StdoutLine: {'line': b'-- Installing: /home/nvidia/f1tenth_ws/install/vesc_msgs/share/vesc_msgs/msg/VescImu.idl\n'}
[85.163090] (vesc_msgs) StdoutLine: {'line': b'-- Installing: /home/nvidia/f1tenth_ws/install/vesc_msgs/share/vesc_msgs/msg/VescImuStamped.idl\n'}
[85.164072] (vesc_msgs) StdoutLine: {'line': b'-- Installing: /home/nvidia/f1tenth_ws/install/vesc_msgs/share/vesc_msgs/msg/VescState.msg\n'}
[85.165058] (vesc_msgs) StdoutLine: {'line': b'-- Installing: /home/nvidia/f1tenth_ws/install/vesc_msgs/share/vesc_msgs/msg/VescStateStamped.msg\n'}
[85.166033] (vesc_msgs) StdoutLine: {'line': b'-- Installing: /home/nvidia/f1tenth_ws/install/vesc_msgs/share/vesc_msgs/msg/VescImu.msg\n'}
[85.167039] (vesc_msgs) StdoutLine: {'line': b'-- Installing: /home/nvidia/f1tenth_ws/install/vesc_msgs/share/vesc_msgs/msg/VescImuStamped.msg\n'}
[85.168474] (vesc_msgs) StdoutLine: {'line': b'-- Installing: /home/nvidia/f1tenth_ws/install/vesc_msgs/share/ament_index/resource_index/package_run_dependencies/vesc_msgs\n'}
[85.169710] (vesc_msgs) StdoutLine: {'line': b'-- Installing: /home/nvidia/f1tenth_ws/install/vesc_msgs/share/ament_index/resource_index/parent_prefix_path/vesc_msgs\n'}
[85.171114] (vesc_msgs) StdoutLine: {'line': b'-- Installing: /home/nvidia/f1tenth_ws/install/vesc_msgs/share/vesc_msgs/environment/ament_prefix_path.sh\n'}
[85.172814] (vesc_msgs) StdoutLine: {'line': b'-- Installing: /home/nvidia/f1tenth_ws/install/vesc_msgs/share/vesc_msgs/environment/ament_prefix_path.dsv\n'}
[85.173684] (vesc_msgs) StdoutLine: {'line': b'-- Installing: /home/nvidia/f1tenth_ws/install/vesc_msgs/share/vesc_msgs/environment/path.sh\n'}
[85.174625] (vesc_msgs) StdoutLine: {'line': b'-- Installing: /home/nvidia/f1tenth_ws/install/vesc_msgs/share/vesc_msgs/environment/path.dsv\n'}
[85.175674] (vesc_msgs) StdoutLine: {'line': b'-- Installing: /home/nvidia/f1tenth_ws/install/vesc_msgs/share/vesc_msgs/local_setup.bash\n'}
[85.176645] (vesc_msgs) StdoutLine: {'line': b'-- Installing: /home/nvidia/f1tenth_ws/install/vesc_msgs/share/vesc_msgs/local_setup.sh\n'}
[85.178106] (vesc_msgs) StdoutLine: {'line': b'-- Installing: /home/nvidia/f1tenth_ws/install/vesc_msgs/share/vesc_msgs/local_setup.zsh\n'}
[85.178888] (vesc_msgs) StdoutLine: {'line': b'-- Installing: /home/nvidia/f1tenth_ws/install/vesc_msgs/share/vesc_msgs/local_setup.dsv\n'}
[85.179841] (vesc_msgs) StdoutLine: {'line': b'-- Installing: /home/nvidia/f1tenth_ws/install/vesc_msgs/share/vesc_msgs/package.dsv\n'}
[85.181216] (vesc_msgs) StdoutLine: {'line': b'-- Installing: /home/nvidia/f1tenth_ws/install/vesc_msgs/share/ament_index/resource_index/packages/vesc_msgs\n'}
[85.182769] (vesc_msgs) StdoutLine: {'line': b'-- Installing: /home/nvidia/f1tenth_ws/install/vesc_msgs/share/vesc_msgs/cmake/vesc_msgs__rosidl_generator_cExport.cmake\n'}
[85.183871] (vesc_msgs) StdoutLine: {'line': b'-- Installing: /home/nvidia/f1tenth_ws/install/vesc_msgs/share/vesc_msgs/cmake/vesc_msgs__rosidl_generator_cExport-noconfig.cmake\n'}
[85.185077] (vesc_msgs) StdoutLine: {'line': b'-- Installing: /home/nvidia/f1tenth_ws/install/vesc_msgs/share/vesc_msgs/cmake/vesc_msgs__rosidl_typesupport_introspection_cExport.cmake\n'}
[85.186281] (vesc_msgs) StdoutLine: {'line': b'-- Installing: /home/nvidia/f1tenth_ws/install/vesc_msgs/share/vesc_msgs/cmake/vesc_msgs__rosidl_typesupport_introspection_cExport-noconfig.cmake\n'}
[85.187979] (vesc_msgs) StdoutLine: {'line': b'-- Installing: /home/nvidia/f1tenth_ws/install/vesc_msgs/share/vesc_msgs/cmake/vesc_msgs__rosidl_typesupport_cExport.cmake\n'}
[85.189155] (vesc_msgs) StdoutLine: {'line': b'-- Installing: /home/nvidia/f1tenth_ws/install/vesc_msgs/share/vesc_msgs/cmake/vesc_msgs__rosidl_typesupport_cExport-noconfig.cmake\n'}
[85.190646] (vesc_msgs) StdoutLine: {'line': b'-- Installing: /home/nvidia/f1tenth_ws/install/vesc_msgs/share/vesc_msgs/cmake/vesc_msgs__rosidl_generator_cppExport.cmake\n'}
[85.191870] (vesc_msgs) StdoutLine: {'line': b'-- Installing: /home/nvidia/f1tenth_ws/install/vesc_msgs/share/vesc_msgs/cmake/vesc_msgs__rosidl_typesupport_introspection_cppExport.cmake\n'}
[85.193062] (vesc_msgs) StdoutLine: {'line': b'-- Installing: /home/nvidia/f1tenth_ws/install/vesc_msgs/share/vesc_msgs/cmake/vesc_msgs__rosidl_typesupport_introspection_cppExport-noconfig.cmake\n'}
[85.194892] (vesc_msgs) StdoutLine: {'line': b'-- Installing: /home/nvidia/f1tenth_ws/install/vesc_msgs/share/vesc_msgs/cmake/vesc_msgs__rosidl_typesupport_cppExport.cmake\n'}
[85.196088] (vesc_msgs) StdoutLine: {'line': b'-- Installing: /home/nvidia/f1tenth_ws/install/vesc_msgs/share/vesc_msgs/cmake/vesc_msgs__rosidl_typesupport_cppExport-noconfig.cmake\n'}
[85.197335] (vesc_msgs) StdoutLine: {'line': b'-- Installing: /home/nvidia/f1tenth_ws/install/vesc_msgs/share/vesc_msgs/cmake/rosidl_cmake-extras.cmake\n'}
[85.199269] (-) TimerEvent: {}
[85.201326] (vesc_msgs) StdoutLine: {'line': b'-- Installing: /home/nvidia/f1tenth_ws/install/vesc_msgs/share/vesc_msgs/cmake/ament_cmake_export_dependencies-extras.cmake\n'}
[85.202572] (vesc_msgs) StdoutLine: {'line': b'-- Installing: /home/nvidia/f1tenth_ws/install/vesc_msgs/share/vesc_msgs/cmake/ament_cmake_export_libraries-extras.cmake\n'}
[85.203029] (vesc_msgs) StdoutLine: {'line': b'-- Installing: /home/nvidia/f1tenth_ws/install/vesc_msgs/share/vesc_msgs/cmake/ament_cmake_export_targets-extras.cmake\n'}
[85.203668] (vesc_msgs) StdoutLine: {'line': b'-- Installing: /home/nvidia/f1tenth_ws/install/vesc_msgs/share/vesc_msgs/cmake/ament_cmake_export_include_directories-extras.cmake\n'}
[85.204339] (vesc_msgs) StdoutLine: {'line': b'-- Installing: /home/nvidia/f1tenth_ws/install/vesc_msgs/share/vesc_msgs/cmake/rosidl_cmake_export_typesupport_libraries-extras.cmake\n'}
[85.205103] (vesc_msgs) StdoutLine: {'line': b'-- Installing: /home/nvidia/f1tenth_ws/install/vesc_msgs/share/vesc_msgs/cmake/rosidl_cmake_export_typesupport_targets-extras.cmake\n'}
[85.205784] (vesc_msgs) StdoutLine: {'line': b'-- Installing: /home/nvidia/f1tenth_ws/install/vesc_msgs/share/vesc_msgs/cmake/vesc_msgsConfig.cmake\n'}
[85.206488] (vesc_msgs) StdoutLine: {'line': b'-- Installing: /home/nvidia/f1tenth_ws/install/vesc_msgs/share/vesc_msgs/cmake/vesc_msgsConfig-version.cmake\n'}
[85.207554] (vesc_msgs) StdoutLine: {'line': b'-- Installing: /home/nvidia/f1tenth_ws/install/vesc_msgs/share/vesc_msgs/package.xml\n'}
[85.221045] (vesc_msgs) CommandEnded: {'returncode': 0}
[85.300724] (-) TimerEvent: {}
[85.407213] (-) TimerEvent: {}
[85.508583] (-) TimerEvent: {}
[85.609767] (-) TimerEvent: {}
[85.710983] (-) TimerEvent: {}
[85.812440] (-) TimerEvent: {}
[85.913706] (-) TimerEvent: {}
[86.014775] (-) TimerEvent: {}
[86.116616] (-) TimerEvent: {}
[86.180687] (vesc_msgs) JobEnded: {'identifier': 'vesc_msgs', 'rc': 0}
[86.188709] (vesc_ackermann) JobStarted: {'identifier': 'vesc_ackermann'}
[86.218506] (-) TimerEvent: {}
[86.231568] (vesc_driver) JobStarted: {'identifier': 'vesc_driver'}
[86.313378] (vesc_ackermann) JobProgress: {'identifier': 'vesc_ackermann', 'progress': 'cmake'}
[86.326793] (vesc_ackermann) Command: {'cmd': ['/usr/bin/cmake', '/home/nvidia/f1tenth_ws/src/f1tenth_system/vesc/vesc_ackermann', '-DCMAKE_INSTALL_PREFIX=/home/nvidia/f1tenth_ws/install/vesc_ackermann'], 'cwd': '/home/nvidia/f1tenth_ws/build/vesc_ackermann', 'env': OrderedDict([('LESSOPEN', '| /usr/bin/lesspipe %s'), ('USER', 'nvidia'), ('SSH_AGENT_PID', '3963'), ('XDG_SESSION_TYPE', 'x11'), ('SHLVL', '1'), ('LD_LIBRARY_PATH', '/home/nvidia/f1tenth_ws/install/vesc_msgs/lib://home/nvidia/f1tenth_ws/install/vesc_driver/lib://home/nvidia/f1tenth_ws/install/vesc_ackermann/lib://home/nvidia/f1tenth_ws/install/vesc_msgs/lib://home/nvidia/f1tenth_ws/install/teleop_tools_msgs/lib:/usr/lib/aarch64-linux-gnu/gazebo-11/plugins:/opt/ros/foxy/opt/yaml_cpp_vendor/lib:/opt/ros/foxy/opt/rviz_ogre_vendor/lib:/opt/ros/foxy/lib/aarch64-linux-gnu:/opt/ros/foxy/lib:/usr/local/cuda-11.4/lib64'), ('HOME', '/home/nvidia'), ('OLDPWD', '/home/nvidia'), ('DESKTOP_SESSION', 'ubuntu'), ('ROS_PYTHON_VERSION', '3'), ('GNOME_SHELL_SESSION_MODE', 'ubuntu'), ('GTK_MODULES', 'gail:atk-bridge'), ('MANAGERPID', '3863'), ('DBUS_SESSION_BUS_ADDRESS', 'unix:path=/run/user/1000/bus'), ('COLORTERM', 'truecolor'), ('TERMINATOR_DBUS_NAME', 'net.tenshu.Terminator23558193cd9818af7fe4d2c2f5bd9d00f'), ('GIO_LAUNCHED_DESKTOP_FILE_PID', '4619'), ('IM_CONFIG_PHASE', '1'), ('COLCON_PREFIX_PATH', '//home/nvidia/f1tenth_ws/install'), ('ROS_DISTRO', 'foxy'), ('LOGNAME', 'nvidia'), ('JOURNAL_STREAM', '8:70019'), ('_', '/usr/bin/colcon'), ('ROS_VERSION', '2'), ('XDG_SESSION_CLASS', 'user'), ('USERNAME', 'nvidia'), ('TERM', 'xterm-256color'), ('GAZEBO_MODEL_PATH', ':/opt/ros/foxy/share/turtlebot3_gazebo/models'), ('GNOME_DESKTOP_SESSION_ID', 'this-is-deprecated'), ('ROS_LOCALHOST_ONLY', '0'), ('WINDOWPATH', '2'), ('PATH', '//home/nvidia/f1tenth_ws/install/range_lib/bin:/opt/ros/foxy/bin:/usr/local/cuda-11.4/bin:/home/nvidia/.local/bin:/usr/local/sbin:/usr/local/bin:/usr/sbin:/usr/bin:/sbin:/bin:/usr/games:/usr/local/games:/snap/bin'), ('SESSION_MANAGER', 'local/ubuntu:@/tmp/.ICE-unix/4000,unix/ubuntu:/tmp/.ICE-unix/4000'), ('INVOCATION_ID', 'f345853a86154e6d9c622f5fbfdc1ac4'), ('XDG_MENU_PREFIX', 'gnome-'), ('XDG_RUNTIME_DIR', '/run/user/1000'), ('DISPLAY', ':1'), ('TERMINATOR_DBUS_PATH', '/net/tenshu/Terminator2'), ('LANG', 'en_US.UTF-8'), ('XDG_CURRENT_DESKTOP', 'ubuntu:GNOME'), ('XMODIFIERS', '@im=ibus'), ('XDG_SESSION_DESKTOP', 'ubuntu'), ('XAUTHORITY', '/run/user/1000/gdm/Xauthority'), ('LS_COLORS', 'rs=0:di=01;34:ln=01;36:mh=00:pi=40;33:so=01;35:do=01;35:bd=40;33;01:cd=40;33;01:or=40;31;01:mi=00:su=37;41:sg=30;43:ca=30;41:tw=30;42:ow=34;42:st=37;44:ex=01;32:*.tar=01;31:*.tgz=01;31:*.arc=01;31:*.arj=01;31:*.taz=01;31:*.lha=01;31:*.lz4=01;31:*.lzh=01;31:*.lzma=01;31:*.tlz=01;31:*.txz=01;31:*.tzo=01;31:*.t7z=01;31:*.zip=01;31:*.z=01;31:*.dz=01;31:*.gz=01;31:*.lrz=01;31:*.lz=01;31:*.lzo=01;31:*.xz=01;31:*.zst=01;31:*.tzst=01;31:*.bz2=01;31:*.bz=01;31:*.tbz=01;31:*.tbz2=01;31:*.tz=01;31:*.deb=01;31:*.rpm=01;31:*.jar=01;31:*.war=01;31:*.ear=01;31:*.sar=01;31:*.rar=01;31:*.alz=01;31:*.ace=01;31:*.zoo=01;31:*.cpio=01;31:*.7z=01;31:*.rz=01;31:*.cab=01;31:*.wim=01;31:*.swm=01;31:*.dwm=01;31:*.esd=01;31:*.jpg=01;35:*.jpeg=01;35:*.mjpg=01;35:*.mjpeg=01;35:*.gif=01;35:*.bmp=01;35:*.pbm=01;35:*.pgm=01;35:*.ppm=01;35:*.tga=01;35:*.xbm=01;35:*.xpm=01;35:*.tif=01;35:*.tiff=01;35:*.png=01;35:*.svg=01;35:*.svgz=01;35:*.mng=01;35:*.pcx=01;35:*.mov=01;35:*.mpg=01;35:*.mpeg=01;35:*.m2v=01;35:*.mkv=01;35:*.webm=01;35:*.ogm=01;35:*.mp4=01;35:*.m4v=01;35:*.mp4v=01;35:*.vob=01;35:*.qt=01;35:*.nuv=01;35:*.wmv=01;35:*.asf=01;35:*.rm=01;35:*.rmvb=01;35:*.flc=01;35:*.avi=01;35:*.fli=01;35:*.flv=01;35:*.gl=01;35:*.dl=01;35:*.xcf=01;35:*.xwd=01;35:*.yuv=01;35:*.cgm=01;35:*.emf=01;35:*.ogv=01;35:*.ogx=01;35:*.aac=00;36:*.au=00;36:*.flac=00;36:*.m4a=00;36:*.mid=00;36:*.midi=00;36:*.mka=00;36:*.mp3=00;36:*.mpc=00;36:*.ogg=00;36:*.ra=00;36:*.wav=00;36:*.oga=00;36:*.opus=00;36:*.spx=00;36:*.xspf=00;36:'), ('SSH_AUTH_SOCK', '/run/user/1000/keyring/ssh'), ('ROS_DOMAIN_ID', '10'), ('AMENT_PREFIX_PATH', '/home/nvidia/f1tenth_ws/install/vesc_msgs://home/nvidia/f1tenth_ws/install/f1tenth_stack://home/nvidia/f1tenth_ws/install/vesc://home/nvidia/f1tenth_ws/install/vesc_driver://home/nvidia/f1tenth_ws/install/vesc_ackermann://home/nvidia/f1tenth_ws/install/vesc_msgs://home/nvidia/f1tenth_ws/install/teleop_tools://home/nvidia/f1tenth_ws/install/joy_teleop://home/nvidia/f1tenth_ws/install/teleop_tools_msgs://home/nvidia/f1tenth_ws/install/phasespace://home/nvidia/f1tenth_ws/install/particle_filter://home/nvidia/f1tenth_ws/install/new_map_saver://home/nvidia/f1tenth_ws/install/mouse_teleop://home/nvidia/f1tenth_ws/install/mapping://home/nvidia/f1tenth_ws/install/key_teleop://home/nvidia/f1tenth_ws/install/f1tenth_controllers://home/nvidia/f1tenth_ws/install/ackermann_mux:/opt/ros/foxy'), ('SHELL', '/bin/bash'), ('TERMINATOR_UUID', 'urn:uuid:3f2a181a-16ef-4091-b349-7c01a0bf8815'), ('QT_ACCESSIBILITY', '1'), ('GDMSESSION', 'ubuntu'), ('LESSCLOSE', '/usr/bin/lesspipe %s %s'), ('GPG_AGENT_INFO', '/run/user/1000/gnupg/S.gpg-agent:0:1'), ('QT_IM_MODULE', 'ibus'), ('PWD', '/home/nvidia/f1tenth_ws/build/vesc_ackermann'), ('TURTLEBOT3_MODEL', 'waffle'), ('LC_ALL', 'en_US.UTF-8'), ('XDG_CONFIG_DIRS', '/etc/xdg/xdg-ubuntu:/etc/xdg'), ('XDG_DATA_DIRS', '/usr/share/ubuntu:/usr/local/share/:/usr/share/:/var/lib/snapd/desktop'), ('PYTHONPATH', '/home/nvidia/f1tenth_ws/install/vesc_msgs/lib/python3.8/site-packages://home/nvidia/f1tenth_ws/install/f1tenth_stack/lib/python3.8/site-packages://home/nvidia/f1tenth_ws/install/vesc_msgs/lib/python3.8/site-packages://home/nvidia/f1tenth_ws/install/joy_teleop/lib/python3.8/site-packages://home/nvidia/f1tenth_ws/install/teleop_tools_msgs/lib/python3.8/site-packages://home/nvidia/f1tenth_ws/install/phasespace/lib/python3.8/site-packages://home/nvidia/f1tenth_ws/install/particle_filter/lib/python3.8/site-packages://home/nvidia/f1tenth_ws/install/new_map_saver/lib/python3.8/site-packages://home/nvidia/f1tenth_ws/install/mouse_teleop/lib/python3.8/site-packages://home/nvidia/f1tenth_ws/install/mapping/lib/python3.8/site-packages://home/nvidia/f1tenth_ws/install/key_teleop/lib/python3.8/site-packages://home/nvidia/f1tenth_ws/install/f1tenth_controllers/lib/python3.8/site-packages:/opt/ros/foxy/lib/python3.8/site-packages'), ('COLCON', '1'), ('VTE_VERSION', '6003'), ('CMAKE_PREFIX_PATH', '/home/nvidia/f1tenth_ws/install/vesc_msgs://home/nvidia/f1tenth_ws/install/vesc://home/nvidia/f1tenth_ws/install/vesc_driver://home/nvidia/f1tenth_ws/install/vesc_ackermann://home/nvidia/f1tenth_ws/install/vesc_msgs://home/nvidia/f1tenth_ws/install/teleop_tools://home/nvidia/f1tenth_ws/install/teleop_tools_msgs://home/nvidia/f1tenth_ws/install/range_lib://home/nvidia/f1tenth_ws/install/ackermann_mux://home/nvidia/f1tenth_ws/install/f1tenth_stack://home/nvidia/f1tenth_ws/install/joy_teleop://home/nvidia/f1tenth_ws/install/phasespace://home/nvidia/f1tenth_ws/install/particle_filter://home/nvidia/f1tenth_ws/install/new_map_saver://home/nvidia/f1tenth_ws/install/mouse_teleop://home/nvidia/f1tenth_ws/install/mapping://home/nvidia/f1tenth_ws/install/key_teleop://home/nvidia/f1tenth_ws/install/f1tenth_controllers:/opt/ros/foxy')]), 'shell': False}
[86.358355] (-) TimerEvent: {}
[86.359647] (vesc_driver) JobProgress: {'identifier': 'vesc_driver', 'progress': 'cmake'}
[86.362723] (vesc_driver) Command: {'cmd': ['/usr/bin/cmake', '/home/nvidia/f1tenth_ws/src/f1tenth_system/vesc/vesc_driver', '-DCMAKE_INSTALL_PREFIX=/home/nvidia/f1tenth_ws/install/vesc_driver'], 'cwd': '/home/nvidia/f1tenth_ws/build/vesc_driver', 'env': OrderedDict([('LESSOPEN', '| /usr/bin/lesspipe %s'), ('USER', 'nvidia'), ('SSH_AGENT_PID', '3963'), ('XDG_SESSION_TYPE', 'x11'), ('SHLVL', '1'), ('LD_LIBRARY_PATH', '/home/nvidia/f1tenth_ws/install/vesc_msgs/lib://home/nvidia/f1tenth_ws/install/vesc_driver/lib://home/nvidia/f1tenth_ws/install/vesc_ackermann/lib://home/nvidia/f1tenth_ws/install/vesc_msgs/lib://home/nvidia/f1tenth_ws/install/teleop_tools_msgs/lib:/usr/lib/aarch64-linux-gnu/gazebo-11/plugins:/opt/ros/foxy/opt/yaml_cpp_vendor/lib:/opt/ros/foxy/opt/rviz_ogre_vendor/lib:/opt/ros/foxy/lib/aarch64-linux-gnu:/opt/ros/foxy/lib:/usr/local/cuda-11.4/lib64'), ('HOME', '/home/nvidia'), ('OLDPWD', '/home/nvidia'), ('DESKTOP_SESSION', 'ubuntu'), ('ROS_PYTHON_VERSION', '3'), ('GNOME_SHELL_SESSION_MODE', 'ubuntu'), ('GTK_MODULES', 'gail:atk-bridge'), ('MANAGERPID', '3863'), ('DBUS_SESSION_BUS_ADDRESS', 'unix:path=/run/user/1000/bus'), ('COLORTERM', 'truecolor'), ('TERMINATOR_DBUS_NAME', 'net.tenshu.Terminator23558193cd9818af7fe4d2c2f5bd9d00f'), ('GIO_LAUNCHED_DESKTOP_FILE_PID', '4619'), ('IM_CONFIG_PHASE', '1'), ('COLCON_PREFIX_PATH', '//home/nvidia/f1tenth_ws/install'), ('ROS_DISTRO', 'foxy'), ('LOGNAME', 'nvidia'), ('JOURNAL_STREAM', '8:70019'), ('_', '/usr/bin/colcon'), ('ROS_VERSION', '2'), ('XDG_SESSION_CLASS', 'user'), ('USERNAME', 'nvidia'), ('TERM', 'xterm-256color'), ('GAZEBO_MODEL_PATH', ':/opt/ros/foxy/share/turtlebot3_gazebo/models'), ('GNOME_DESKTOP_SESSION_ID', 'this-is-deprecated'), ('ROS_LOCALHOST_ONLY', '0'), ('WINDOWPATH', '2'), ('PATH', '//home/nvidia/f1tenth_ws/install/range_lib/bin:/opt/ros/foxy/bin:/usr/local/cuda-11.4/bin:/home/nvidia/.local/bin:/usr/local/sbin:/usr/local/bin:/usr/sbin:/usr/bin:/sbin:/bin:/usr/games:/usr/local/games:/snap/bin'), ('SESSION_MANAGER', 'local/ubuntu:@/tmp/.ICE-unix/4000,unix/ubuntu:/tmp/.ICE-unix/4000'), ('INVOCATION_ID', 'f345853a86154e6d9c622f5fbfdc1ac4'), ('XDG_MENU_PREFIX', 'gnome-'), ('XDG_RUNTIME_DIR', '/run/user/1000'), ('DISPLAY', ':1'), ('TERMINATOR_DBUS_PATH', '/net/tenshu/Terminator2'), ('LANG', 'en_US.UTF-8'), ('XDG_CURRENT_DESKTOP', 'ubuntu:GNOME'), ('XMODIFIERS', '@im=ibus'), ('XDG_SESSION_DESKTOP', 'ubuntu'), ('XAUTHORITY', '/run/user/1000/gdm/Xauthority'), ('LS_COLORS', 'rs=0:di=01;34:ln=01;36:mh=00:pi=40;33:so=01;35:do=01;35:bd=40;33;01:cd=40;33;01:or=40;31;01:mi=00:su=37;41:sg=30;43:ca=30;41:tw=30;42:ow=34;42:st=37;44:ex=01;32:*.tar=01;31:*.tgz=01;31:*.arc=01;31:*.arj=01;31:*.taz=01;31:*.lha=01;31:*.lz4=01;31:*.lzh=01;31:*.lzma=01;31:*.tlz=01;31:*.txz=01;31:*.tzo=01;31:*.t7z=01;31:*.zip=01;31:*.z=01;31:*.dz=01;31:*.gz=01;31:*.lrz=01;31:*.lz=01;31:*.lzo=01;31:*.xz=01;31:*.zst=01;31:*.tzst=01;31:*.bz2=01;31:*.bz=01;31:*.tbz=01;31:*.tbz2=01;31:*.tz=01;31:*.deb=01;31:*.rpm=01;31:*.jar=01;31:*.war=01;31:*.ear=01;31:*.sar=01;31:*.rar=01;31:*.alz=01;31:*.ace=01;31:*.zoo=01;31:*.cpio=01;31:*.7z=01;31:*.rz=01;31:*.cab=01;31:*.wim=01;31:*.swm=01;31:*.dwm=01;31:*.esd=01;31:*.jpg=01;35:*.jpeg=01;35:*.mjpg=01;35:*.mjpeg=01;35:*.gif=01;35:*.bmp=01;35:*.pbm=01;35:*.pgm=01;35:*.ppm=01;35:*.tga=01;35:*.xbm=01;35:*.xpm=01;35:*.tif=01;35:*.tiff=01;35:*.png=01;35:*.svg=01;35:*.svgz=01;35:*.mng=01;35:*.pcx=01;35:*.mov=01;35:*.mpg=01;35:*.mpeg=01;35:*.m2v=01;35:*.mkv=01;35:*.webm=01;35:*.ogm=01;35:*.mp4=01;35:*.m4v=01;35:*.mp4v=01;35:*.vob=01;35:*.qt=01;35:*.nuv=01;35:*.wmv=01;35:*.asf=01;35:*.rm=01;35:*.rmvb=01;35:*.flc=01;35:*.avi=01;35:*.fli=01;35:*.flv=01;35:*.gl=01;35:*.dl=01;35:*.xcf=01;35:*.xwd=01;35:*.yuv=01;35:*.cgm=01;35:*.emf=01;35:*.ogv=01;35:*.ogx=01;35:*.aac=00;36:*.au=00;36:*.flac=00;36:*.m4a=00;36:*.mid=00;36:*.midi=00;36:*.mka=00;36:*.mp3=00;36:*.mpc=00;36:*.ogg=00;36:*.ra=00;36:*.wav=00;36:*.oga=00;36:*.opus=00;36:*.spx=00;36:*.xspf=00;36:'), ('SSH_AUTH_SOCK', '/run/user/1000/keyring/ssh'), ('ROS_DOMAIN_ID', '10'), ('AMENT_PREFIX_PATH', '/home/nvidia/f1tenth_ws/install/vesc_msgs://home/nvidia/f1tenth_ws/install/f1tenth_stack://home/nvidia/f1tenth_ws/install/vesc://home/nvidia/f1tenth_ws/install/vesc_driver://home/nvidia/f1tenth_ws/install/vesc_ackermann://home/nvidia/f1tenth_ws/install/vesc_msgs://home/nvidia/f1tenth_ws/install/teleop_tools://home/nvidia/f1tenth_ws/install/joy_teleop://home/nvidia/f1tenth_ws/install/teleop_tools_msgs://home/nvidia/f1tenth_ws/install/phasespace://home/nvidia/f1tenth_ws/install/particle_filter://home/nvidia/f1tenth_ws/install/new_map_saver://home/nvidia/f1tenth_ws/install/mouse_teleop://home/nvidia/f1tenth_ws/install/mapping://home/nvidia/f1tenth_ws/install/key_teleop://home/nvidia/f1tenth_ws/install/f1tenth_controllers://home/nvidia/f1tenth_ws/install/ackermann_mux:/opt/ros/foxy'), ('SHELL', '/bin/bash'), ('TERMINATOR_UUID', 'urn:uuid:3f2a181a-16ef-4091-b349-7c01a0bf8815'), ('QT_ACCESSIBILITY', '1'), ('GDMSESSION', 'ubuntu'), ('LESSCLOSE', '/usr/bin/lesspipe %s %s'), ('GPG_AGENT_INFO', '/run/user/1000/gnupg/S.gpg-agent:0:1'), ('QT_IM_MODULE', 'ibus'), ('PWD', '/home/nvidia/f1tenth_ws/build/vesc_driver'), ('TURTLEBOT3_MODEL', 'waffle'), ('LC_ALL', 'en_US.UTF-8'), ('XDG_CONFIG_DIRS', '/etc/xdg/xdg-ubuntu:/etc/xdg'), ('XDG_DATA_DIRS', '/usr/share/ubuntu:/usr/local/share/:/usr/share/:/var/lib/snapd/desktop'), ('PYTHONPATH', '/home/nvidia/f1tenth_ws/install/vesc_msgs/lib/python3.8/site-packages://home/nvidia/f1tenth_ws/install/f1tenth_stack/lib/python3.8/site-packages://home/nvidia/f1tenth_ws/install/vesc_msgs/lib/python3.8/site-packages://home/nvidia/f1tenth_ws/install/joy_teleop/lib/python3.8/site-packages://home/nvidia/f1tenth_ws/install/teleop_tools_msgs/lib/python3.8/site-packages://home/nvidia/f1tenth_ws/install/phasespace/lib/python3.8/site-packages://home/nvidia/f1tenth_ws/install/particle_filter/lib/python3.8/site-packages://home/nvidia/f1tenth_ws/install/new_map_saver/lib/python3.8/site-packages://home/nvidia/f1tenth_ws/install/mouse_teleop/lib/python3.8/site-packages://home/nvidia/f1tenth_ws/install/mapping/lib/python3.8/site-packages://home/nvidia/f1tenth_ws/install/key_teleop/lib/python3.8/site-packages://home/nvidia/f1tenth_ws/install/f1tenth_controllers/lib/python3.8/site-packages:/opt/ros/foxy/lib/python3.8/site-packages'), ('COLCON', '1'), ('VTE_VERSION', '6003'), ('CMAKE_PREFIX_PATH', '/home/nvidia/f1tenth_ws/install/vesc_msgs://home/nvidia/f1tenth_ws/install/vesc://home/nvidia/f1tenth_ws/install/vesc_driver://home/nvidia/f1tenth_ws/install/vesc_ackermann://home/nvidia/f1tenth_ws/install/vesc_msgs://home/nvidia/f1tenth_ws/install/teleop_tools://home/nvidia/f1tenth_ws/install/teleop_tools_msgs://home/nvidia/f1tenth_ws/install/range_lib://home/nvidia/f1tenth_ws/install/ackermann_mux://home/nvidia/f1tenth_ws/install/f1tenth_stack://home/nvidia/f1tenth_ws/install/joy_teleop://home/nvidia/f1tenth_ws/install/phasespace://home/nvidia/f1tenth_ws/install/particle_filter://home/nvidia/f1tenth_ws/install/new_map_saver://home/nvidia/f1tenth_ws/install/mouse_teleop://home/nvidia/f1tenth_ws/install/mapping://home/nvidia/f1tenth_ws/install/key_teleop://home/nvidia/f1tenth_ws/install/f1tenth_controllers:/opt/ros/foxy')]), 'shell': False}
[86.458942] (-) TimerEvent: {}
[86.560800] (-) TimerEvent: {}
[86.662162] (-) TimerEvent: {}
[86.748208] (vesc_ackermann) StdoutLine: {'line': b'-- The C compiler identification is GNU 9.4.0\n'}
[86.758802] (vesc_driver) StdoutLine: {'line': b'-- The C compiler identification is GNU 9.4.0\n'}
[86.762338] (-) TimerEvent: {}
[86.863414] (-) TimerEvent: {}
[86.964686] (-) TimerEvent: {}
[87.066078] (-) TimerEvent: {}
[87.132657] (vesc_driver) StdoutLine: {'line': b'-- The CXX compiler identification is GNU 9.4.0\n'}
[87.137965] (vesc_ackermann) StdoutLine: {'line': b'-- The CXX compiler identification is GNU 9.4.0\n'}
[87.165543] (vesc_driver) StdoutLine: {'line': b'-- Check for working C compiler: /usr/bin/cc\n'}
[87.166569] (-) TimerEvent: {}
[87.175015] (vesc_ackermann) StdoutLine: {'line': b'-- Check for working C compiler: /usr/bin/cc\n'}
[87.266854] (-) TimerEvent: {}
[87.367889] (-) TimerEvent: {}
[87.469025] (-) TimerEvent: {}
[87.570204] (-) TimerEvent: {}
[87.627811] (vesc_driver) StdoutLine: {'line': b'-- Check for working C compiler: /usr/bin/cc -- works\n'}
[87.632710] (vesc_driver) StdoutLine: {'line': b'-- Detecting C compiler ABI info\n'}
[87.659802] (vesc_ackermann) StdoutLine: {'line': b'-- Check for working C compiler: /usr/bin/cc -- works\n'}
[87.665535] (vesc_ackermann) StdoutLine: {'line': b'-- Detecting C compiler ABI info\n'}
[87.670402] (-) TimerEvent: {}
[87.771510] (-) TimerEvent: {}
[87.872740] (-) TimerEvent: {}
[87.974921] (-) TimerEvent: {}
[88.076100] (-) TimerEvent: {}
[88.113357] (vesc_driver) StdoutLine: {'line': b'-- Detecting C compiler ABI info - done\n'}
[88.167705] (vesc_ackermann) StdoutLine: {'line': b'-- Detecting C compiler ABI info - done\n'}
[88.173482] (vesc_driver) StdoutLine: {'line': b'-- Detecting C compile features\n'}
[88.175273] (vesc_driver) StdoutLine: {'line': b'-- Detecting C compile features - done\n'}
[88.176225] (-) TimerEvent: {}
[88.188852] (vesc_driver) StdoutLine: {'line': b'-- Check for working CXX compiler: /usr/bin/c++\n'}
[88.233822] (vesc_ackermann) StdoutLine: {'line': b'-- Detecting C compile features\n'}
[88.237207] (vesc_ackermann) StdoutLine: {'line': b'-- Detecting C compile features - done\n'}
[88.252818] (vesc_ackermann) StdoutLine: {'line': b'-- Check for working CXX compiler: /usr/bin/c++\n'}
[88.276758] (-) TimerEvent: {}
[88.377996] (-) TimerEvent: {}
[88.479033] (-) TimerEvent: {}
[88.580257] (-) TimerEvent: {}
[88.681360] (-) TimerEvent: {}
[88.707452] (vesc_driver) StdoutLine: {'line': b'-- Check for working CXX compiler: /usr/bin/c++ -- works\n'}
[88.713263] (vesc_driver) StdoutLine: {'line': b'-- Detecting CXX compiler ABI info\n'}
[88.781615] (-) TimerEvent: {}
[88.796932] (vesc_ackermann) StdoutLine: {'line': b'-- Check for working CXX compiler: /usr/bin/c++ -- works\n'}
[88.803135] (vesc_ackermann) StdoutLine: {'line': b'-- Detecting CXX compiler ABI info\n'}
[88.881958] (-) TimerEvent: {}
[88.983074] (-) TimerEvent: {}
[89.084154] (-) TimerEvent: {}
[89.185217] (-) TimerEvent: {}
[89.241287] (vesc_driver) StdoutLine: {'line': b'-- Detecting CXX compiler ABI info - done\n'}
[89.285509] (-) TimerEvent: {}
[89.302447] (vesc_driver) StdoutLine: {'line': b'-- Detecting CXX compile features\n'}
[89.305157] (vesc_driver) StdoutLine: {'line': b'-- Detecting CXX compile features - done\n'}
[89.325306] (vesc_driver) StdoutLine: {'line': b'-- Found ament_cmake_auto: 0.9.12 (/opt/ros/foxy/share/ament_cmake_auto/cmake)\n'}
[89.370879] (vesc_ackermann) StdoutLine: {'line': b'-- Detecting CXX compiler ABI info - done\n'}
[89.385765] (-) TimerEvent: {}
[89.444688] (vesc_ackermann) StdoutLine: {'line': b'-- Detecting CXX compile features\n'}
[89.448230] (vesc_ackermann) StdoutLine: {'line': b'-- Detecting CXX compile features - done\n'}
[89.472910] (vesc_ackermann) StdoutLine: {'line': b'-- Found ament_cmake_auto: 0.9.12 (/opt/ros/foxy/share/ament_cmake_auto/cmake)\n'}
[89.486060] (-) TimerEvent: {}
[89.528007] (vesc_driver) StdoutLine: {'line': b'-- Found PythonInterp: /usr/bin/python3 (found suitable version "3.8.10", minimum required is "3") \n'}
[89.529596] (vesc_driver) StdoutLine: {'line': b'-- Using PYTHON_EXECUTABLE: /usr/bin/python3\n'}
[89.586330] (-) TimerEvent: {}
[89.687410] (-) TimerEvent: {}
[89.712042] (vesc_ackermann) StdoutLine: {'line': b'-- Found PythonInterp: /usr/bin/python3 (found suitable version "3.8.10", minimum required is "3") \n'}
[89.715022] (vesc_ackermann) StdoutLine: {'line': b'-- Using PYTHON_EXECUTABLE: /usr/bin/python3\n'}
[89.787636] (-) TimerEvent: {}
[89.888817] (-) TimerEvent: {}
[89.989763] (-) TimerEvent: {}
[90.090993] (-) TimerEvent: {}
[90.192069] (-) TimerEvent: {}
[90.293230] (-) TimerEvent: {}
[90.394472] (-) TimerEvent: {}
[90.495564] (-) TimerEvent: {}
[90.596563] (-) TimerEvent: {}
[90.697572] (-) TimerEvent: {}
[90.798872] (-) TimerEvent: {}
[90.900711] (-) TimerEvent: {}
[91.002047] (-) TimerEvent: {}
[91.103067] (-) TimerEvent: {}
[91.204097] (-) TimerEvent: {}
[91.305162] (-) TimerEvent: {}
[91.406453] (-) TimerEvent: {}
[91.507629] (-) TimerEvent: {}
[91.608699] (-) TimerEvent: {}
[91.687989] (vesc_ackermann) StdoutLine: {'line': b'-- Using all available rosidl_typesupport_c: rosidl_typesupport_fastrtps_c;rosidl_typesupport_introspection_c\n'}
[91.708961] (-) TimerEvent: {}
[91.754930] (vesc_driver) StdoutLine: {'line': b'-- Using all available rosidl_typesupport_c: rosidl_typesupport_fastrtps_c;rosidl_typesupport_introspection_c\n'}
[91.764695] (vesc_ackermann) StdoutLine: {'line': b'-- Found rosidl_adapter: 1.3.1 (/opt/ros/foxy/share/rosidl_adapter/cmake)\n'}
[91.809203] (-) TimerEvent: {}
[91.818746] (vesc_driver) StdoutLine: {'line': b'-- Found rosidl_adapter: 1.3.1 (/opt/ros/foxy/share/rosidl_adapter/cmake)\n'}
[91.909656] (-) TimerEvent: {}
[92.010856] (-) TimerEvent: {}
[92.111995] (-) TimerEvent: {}
[92.213035] (-) TimerEvent: {}
[92.314855] (-) TimerEvent: {}
[92.415923] (-) TimerEvent: {}
[92.417305] (vesc_ackermann) StdoutLine: {'line': b'-- Found OpenSSL: /usr/lib/aarch64-linux-gnu/libcrypto.so (found version "1.1.1f")  \n'}
[92.496745] (vesc_driver) StdoutLine: {'line': b'-- Found OpenSSL: /usr/lib/aarch64-linux-gnu/libcrypto.so (found version "1.1.1f")  \n'}
[92.516207] (-) TimerEvent: {}
[92.593118] (vesc_ackermann) StdoutLine: {'line': b'-- Found FastRTPS: /opt/ros/foxy/include  \n'}
[92.616460] (-) TimerEvent: {}
[92.672510] (vesc_driver) StdoutLine: {'line': b'-- Found FastRTPS: /opt/ros/foxy/include  \n'}
[92.716740] (-) TimerEvent: {}
[92.817953] (-) TimerEvent: {}
[92.919149] (-) TimerEvent: {}
[93.020185] (-) TimerEvent: {}
[93.121288] (-) TimerEvent: {}
[93.122506] (vesc_ackermann) StdoutLine: {'line': b'-- Using all available rosidl_typesupport_cpp: rosidl_typesupport_fastrtps_cpp;rosidl_typesupport_introspection_cpp\n'}
[93.178230] (vesc_driver) StdoutLine: {'line': b'-- Using all available rosidl_typesupport_cpp: rosidl_typesupport_fastrtps_cpp;rosidl_typesupport_introspection_cpp\n'}
[93.221592] (-) TimerEvent: {}
[93.322804] (-) TimerEvent: {}
[93.423990] (-) TimerEvent: {}
[93.525135] (-) TimerEvent: {}
[93.536812] (vesc_driver) StdoutLine: {'line': b'-- Found rmw_implementation_cmake: 1.0.4 (/opt/ros/foxy/share/rmw_implementation_cmake/cmake)\n'}
[93.548065] (vesc_driver) StdoutLine: {'line': b"-- Using RMW implementation 'rmw_fastrtps_cpp' as default\n"}
[93.554143] (vesc_driver) StdoutLine: {'line': b'-- Looking for pthread.h\n'}
[93.625440] (-) TimerEvent: {}
[93.727876] (-) TimerEvent: {}
[93.829563] (-) TimerEvent: {}
[93.931326] (-) TimerEvent: {}
[94.024830] (vesc_driver) StdoutLine: {'line': b'-- Looking for pthread.h - found\n'}
[94.026529] (vesc_driver) StdoutLine: {'line': b'-- Performing Test CMAKE_HAVE_LIBC_PTHREAD\n'}
[94.031545] (-) TimerEvent: {}
[94.132785] (-) TimerEvent: {}
[94.234753] (-) TimerEvent: {}
[94.336129] (-) TimerEvent: {}
[94.437447] (-) TimerEvent: {}
[94.515322] (vesc_driver) StdoutLine: {'line': b'-- Performing Test CMAKE_HAVE_LIBC_PTHREAD - Failed\n'}
[94.516987] (vesc_driver) StdoutLine: {'line': b'-- Looking for pthread_create in pthreads\n'}
[94.537722] (-) TimerEvent: {}
[94.558498] (vesc_ackermann) StdoutLine: {'line': b'-- Found rmw_implementation_cmake: 1.0.4 (/opt/ros/foxy/share/rmw_implementation_cmake/cmake)\n'}
[94.571604] (vesc_ackermann) StdoutLine: {'line': b"-- Using RMW implementation 'rmw_fastrtps_cpp' as default\n"}
[94.577439] (vesc_ackermann) StdoutLine: {'line': b'-- Looking for pthread.h\n'}
[94.638046] (-) TimerEvent: {}
[94.739122] (-) TimerEvent: {}
[94.840377] (-) TimerEvent: {}
[94.940245] (vesc_driver) StdoutLine: {'line': b'-- Looking for pthread_create in pthreads - not found\n'}
[94.941193] (-) TimerEvent: {}
[94.942200] (vesc_driver) StdoutLine: {'line': b'-- Looking for pthread_create in pthread\n'}
[95.041544] (-) TimerEvent: {}
[95.067043] (vesc_ackermann) StdoutLine: {'line': b'-- Looking for pthread.h - found\n'}
[95.071168] (vesc_ackermann) StdoutLine: {'line': b'-- Performing Test CMAKE_HAVE_LIBC_PTHREAD\n'}
[95.141776] (-) TimerEvent: {}
[95.242970] (-) TimerEvent: {}
[95.344123] (-) TimerEvent: {}
[95.420189] (vesc_driver) StdoutLine: {'line': b'-- Looking for pthread_create in pthread - found\n'}
[95.429272] (vesc_driver) StdoutLine: {'line': b'-- Found Threads: TRUE  \n'}
[95.444685] (-) TimerEvent: {}
[95.546375] (-) TimerEvent: {}
[95.592851] (vesc_ackermann) StdoutLine: {'line': b'-- Performing Test CMAKE_HAVE_LIBC_PTHREAD - Failed\n'}
[95.595798] (vesc_ackermann) StdoutLine: {'line': b'-- Looking for pthread_create in pthreads\n'}
[95.646595] (-) TimerEvent: {}
[95.750698] (-) TimerEvent: {}
[95.852228] (-) TimerEvent: {}
[95.953542] (-) TimerEvent: {}
[96.016840] (vesc_ackermann) StdoutLine: {'line': b'-- Looking for pthread_create in pthreads - not found\n'}
[96.018069] (vesc_ackermann) StdoutLine: {'line': b'-- Looking for pthread_create in pthread\n'}
[96.053807] (-) TimerEvent: {}
[96.155147] (-) TimerEvent: {}
[96.256384] (-) TimerEvent: {}
[96.357581] (-) TimerEvent: {}
[96.458856] (-) TimerEvent: {}
[96.516346] (vesc_ackermann) StdoutLine: {'line': b'-- Looking for pthread_create in pthread - found\n'}
[96.523904] (vesc_ackermann) StdoutLine: {'line': b'-- Found Threads: TRUE  \n'}
[96.559382] (-) TimerEvent: {}
[96.660926] (-) TimerEvent: {}
[96.762337] (-) TimerEvent: {}
[96.863579] (-) TimerEvent: {}
[96.964854] (-) TimerEvent: {}
[97.066147] (-) TimerEvent: {}
[97.167449] (-) TimerEvent: {}
[97.268851] (-) TimerEvent: {}
[97.370090] (-) TimerEvent: {}
[97.471247] (-) TimerEvent: {}
[97.572405] (-) TimerEvent: {}
[97.673625] (-) TimerEvent: {}
[97.775107] (-) TimerEvent: {}
[97.876240] (-) TimerEvent: {}
[97.977446] (-) TimerEvent: {}
[98.078880] (-) TimerEvent: {}
[98.180065] (-) TimerEvent: {}
[98.281341] (-) TimerEvent: {}
[98.382897] (-) TimerEvent: {}
[98.484194] (-) TimerEvent: {}
[98.585393] (-) TimerEvent: {}
[98.686547] (-) TimerEvent: {}
[98.789093] (-) TimerEvent: {}
[98.890954] (-) TimerEvent: {}
[98.992147] (-) TimerEvent: {}
[99.093454] (-) TimerEvent: {}
[99.194696] (-) TimerEvent: {}
[99.255075] (vesc_driver) StdoutLine: {'line': b'-- Found ament_lint_auto: 0.9.8 (/opt/ros/foxy/share/ament_lint_auto/cmake)\n'}
[99.294993] (-) TimerEvent: {}
[99.395907] (vesc_ackermann) StdoutLine: {'line': b'-- Found ament_lint_auto: 0.9.8 (/opt/ros/foxy/share/ament_lint_auto/cmake)\n'}
[99.396866] (-) TimerEvent: {}
[99.445773] (vesc_driver) StdoutLine: {'line': b"-- Added test 'copyright' to check source files copyright and LICENSE\n"}
[99.463072] (vesc_driver) StdoutLine: {'line': b"-- Added test 'cppcheck' to perform static code analysis on C / C++ code\n"}
[99.464421] (vesc_driver) StdoutLine: {'line': b'-- Configured cppcheck include dirs: /home/nvidia/f1tenth_ws/src/f1tenth_system/vesc/vesc_driver/include\n'}
[99.465086] (vesc_driver) StdoutLine: {'line': b'-- Configured cppcheck exclude dirs and/or files: \n'}
[99.478558] (vesc_driver) StdoutLine: {'line': b"-- Added test 'cpplint' to check C / C++ code against the Google style\n"}
[99.479409] (vesc_driver) StdoutLine: {'line': b'-- Configured cpplint exclude dirs and/or files: \n'}
[99.484681] (vesc_driver) StdoutLine: {'line': b"-- Added test 'flake8' to check Python code syntax and style conventions\n"}
[99.491640] (vesc_driver) StdoutLine: {'line': b"-- Added test 'lint_cmake' to check CMake code style\n"}
[99.497046] (vesc_driver) StdoutLine: {'line': b"-- Added test 'pep257' to check Python code against some of the style conventions in PEP 257\n"}
[99.497789] (-) TimerEvent: {}
[99.510591] (vesc_driver) StdoutLine: {'line': b"-- Added test 'uncrustify' to check C / C++ code style\n"}
[99.511440] (vesc_driver) StdoutLine: {'line': b'-- Configured uncrustify additional arguments: \n'}
[99.516171] (vesc_driver) StdoutLine: {'line': b"-- Added test 'xmllint' to check XML markup files\n"}
[99.562714] (vesc_driver) StdoutLine: {'line': b'-- Configuring done\n'}
[99.584435] (vesc_ackermann) StdoutLine: {'line': b"-- Added test 'copyright' to check source files copyright and LICENSE\n"}
[99.598111] (-) TimerEvent: {}
[99.599969] (vesc_ackermann) StdoutLine: {'line': b"-- Added test 'cppcheck' to perform static code analysis on C / C++ code\n"}
[99.600818] (vesc_ackermann) StdoutLine: {'line': b'-- Configured cppcheck include dirs: /home/nvidia/f1tenth_ws/src/f1tenth_system/vesc/vesc_ackermann/include\n'}
[99.601271] (vesc_ackermann) StdoutLine: {'line': b'-- Configured cppcheck exclude dirs and/or files: \n'}
[99.610836] (vesc_ackermann) StdoutLine: {'line': b"-- Added test 'cpplint' to check C / C++ code against the Google style\n"}
[99.611516] (vesc_ackermann) StdoutLine: {'line': b'-- Configured cpplint exclude dirs and/or files: \n'}
[99.618182] (vesc_ackermann) StdoutLine: {'line': b"-- Added test 'lint_cmake' to check CMake code style\n"}
[99.629692] (vesc_ackermann) StdoutLine: {'line': b"-- Added test 'uncrustify' to check C / C++ code style\n"}
[99.630579] (vesc_ackermann) StdoutLine: {'line': b'-- Configured uncrustify additional arguments: \n'}
[99.638085] (vesc_ackermann) StdoutLine: {'line': b"-- Added test 'xmllint' to check XML markup files\n"}
[99.681081] (vesc_ackermann) StdoutLine: {'line': b'-- Configuring done\n'}
[99.698400] (-) TimerEvent: {}
[99.799771] (-) TimerEvent: {}
[99.816004] (vesc_ackermann) StdoutLine: {'line': b'-- Generating done\n'}
[99.827181] (vesc_ackermann) StdoutLine: {'line': b'-- Build files have been written to: /home/nvidia/f1tenth_ws/build/vesc_ackermann\n'}
[99.874574] (vesc_ackermann) CommandEnded: {'returncode': 0}
[99.881605] (vesc_ackermann) JobProgress: {'identifier': 'vesc_ackermann', 'progress': 'build'}
[99.882088] (vesc_ackermann) Command: {'cmd': ['/usr/bin/cmake', '--build', '/home/nvidia/f1tenth_ws/build/vesc_ackermann', '--', '-j6', '-l6'], 'cwd': '/home/nvidia/f1tenth_ws/build/vesc_ackermann', 'env': OrderedDict([('LESSOPEN', '| /usr/bin/lesspipe %s'), ('USER', 'nvidia'), ('SSH_AGENT_PID', '3963'), ('XDG_SESSION_TYPE', 'x11'), ('SHLVL', '1'), ('LD_LIBRARY_PATH', '/home/nvidia/f1tenth_ws/install/vesc_msgs/lib://home/nvidia/f1tenth_ws/install/vesc_driver/lib://home/nvidia/f1tenth_ws/install/vesc_ackermann/lib://home/nvidia/f1tenth_ws/install/vesc_msgs/lib://home/nvidia/f1tenth_ws/install/teleop_tools_msgs/lib:/usr/lib/aarch64-linux-gnu/gazebo-11/plugins:/opt/ros/foxy/opt/yaml_cpp_vendor/lib:/opt/ros/foxy/opt/rviz_ogre_vendor/lib:/opt/ros/foxy/lib/aarch64-linux-gnu:/opt/ros/foxy/lib:/usr/local/cuda-11.4/lib64'), ('HOME', '/home/nvidia'), ('OLDPWD', '/home/nvidia'), ('DESKTOP_SESSION', 'ubuntu'), ('ROS_PYTHON_VERSION', '3'), ('GNOME_SHELL_SESSION_MODE', 'ubuntu'), ('GTK_MODULES', 'gail:atk-bridge'), ('MANAGERPID', '3863'), ('DBUS_SESSION_BUS_ADDRESS', 'unix:path=/run/user/1000/bus'), ('COLORTERM', 'truecolor'), ('TERMINATOR_DBUS_NAME', 'net.tenshu.Terminator23558193cd9818af7fe4d2c2f5bd9d00f'), ('GIO_LAUNCHED_DESKTOP_FILE_PID', '4619'), ('IM_CONFIG_PHASE', '1'), ('COLCON_PREFIX_PATH', '//home/nvidia/f1tenth_ws/install'), ('ROS_DISTRO', 'foxy'), ('LOGNAME', 'nvidia'), ('JOURNAL_STREAM', '8:70019'), ('_', '/usr/bin/colcon'), ('ROS_VERSION', '2'), ('XDG_SESSION_CLASS', 'user'), ('USERNAME', 'nvidia'), ('TERM', 'xterm-256color'), ('GAZEBO_MODEL_PATH', ':/opt/ros/foxy/share/turtlebot3_gazebo/models'), ('GNOME_DESKTOP_SESSION_ID', 'this-is-deprecated'), ('ROS_LOCALHOST_ONLY', '0'), ('WINDOWPATH', '2'), ('PATH', '//home/nvidia/f1tenth_ws/install/range_lib/bin:/opt/ros/foxy/bin:/usr/local/cuda-11.4/bin:/home/nvidia/.local/bin:/usr/local/sbin:/usr/local/bin:/usr/sbin:/usr/bin:/sbin:/bin:/usr/games:/usr/local/games:/snap/bin'), ('SESSION_MANAGER', 'local/ubuntu:@/tmp/.ICE-unix/4000,unix/ubuntu:/tmp/.ICE-unix/4000'), ('INVOCATION_ID', 'f345853a86154e6d9c622f5fbfdc1ac4'), ('XDG_MENU_PREFIX', 'gnome-'), ('XDG_RUNTIME_DIR', '/run/user/1000'), ('DISPLAY', ':1'), ('TERMINATOR_DBUS_PATH', '/net/tenshu/Terminator2'), ('LANG', 'en_US.UTF-8'), ('XDG_CURRENT_DESKTOP', 'ubuntu:GNOME'), ('XMODIFIERS', '@im=ibus'), ('XDG_SESSION_DESKTOP', 'ubuntu'), ('XAUTHORITY', '/run/user/1000/gdm/Xauthority'), ('LS_COLORS', 'rs=0:di=01;34:ln=01;36:mh=00:pi=40;33:so=01;35:do=01;35:bd=40;33;01:cd=40;33;01:or=40;31;01:mi=00:su=37;41:sg=30;43:ca=30;41:tw=30;42:ow=34;42:st=37;44:ex=01;32:*.tar=01;31:*.tgz=01;31:*.arc=01;31:*.arj=01;31:*.taz=01;31:*.lha=01;31:*.lz4=01;31:*.lzh=01;31:*.lzma=01;31:*.tlz=01;31:*.txz=01;31:*.tzo=01;31:*.t7z=01;31:*.zip=01;31:*.z=01;31:*.dz=01;31:*.gz=01;31:*.lrz=01;31:*.lz=01;31:*.lzo=01;31:*.xz=01;31:*.zst=01;31:*.tzst=01;31:*.bz2=01;31:*.bz=01;31:*.tbz=01;31:*.tbz2=01;31:*.tz=01;31:*.deb=01;31:*.rpm=01;31:*.jar=01;31:*.war=01;31:*.ear=01;31:*.sar=01;31:*.rar=01;31:*.alz=01;31:*.ace=01;31:*.zoo=01;31:*.cpio=01;31:*.7z=01;31:*.rz=01;31:*.cab=01;31:*.wim=01;31:*.swm=01;31:*.dwm=01;31:*.esd=01;31:*.jpg=01;35:*.jpeg=01;35:*.mjpg=01;35:*.mjpeg=01;35:*.gif=01;35:*.bmp=01;35:*.pbm=01;35:*.pgm=01;35:*.ppm=01;35:*.tga=01;35:*.xbm=01;35:*.xpm=01;35:*.tif=01;35:*.tiff=01;35:*.png=01;35:*.svg=01;35:*.svgz=01;35:*.mng=01;35:*.pcx=01;35:*.mov=01;35:*.mpg=01;35:*.mpeg=01;35:*.m2v=01;35:*.mkv=01;35:*.webm=01;35:*.ogm=01;35:*.mp4=01;35:*.m4v=01;35:*.mp4v=01;35:*.vob=01;35:*.qt=01;35:*.nuv=01;35:*.wmv=01;35:*.asf=01;35:*.rm=01;35:*.rmvb=01;35:*.flc=01;35:*.avi=01;35:*.fli=01;35:*.flv=01;35:*.gl=01;35:*.dl=01;35:*.xcf=01;35:*.xwd=01;35:*.yuv=01;35:*.cgm=01;35:*.emf=01;35:*.ogv=01;35:*.ogx=01;35:*.aac=00;36:*.au=00;36:*.flac=00;36:*.m4a=00;36:*.mid=00;36:*.midi=00;36:*.mka=00;36:*.mp3=00;36:*.mpc=00;36:*.ogg=00;36:*.ra=00;36:*.wav=00;36:*.oga=00;36:*.opus=00;36:*.spx=00;36:*.xspf=00;36:'), ('SSH_AUTH_SOCK', '/run/user/1000/keyring/ssh'), ('ROS_DOMAIN_ID', '10'), ('AMENT_PREFIX_PATH', '/home/nvidia/f1tenth_ws/install/vesc_msgs://home/nvidia/f1tenth_ws/install/f1tenth_stack://home/nvidia/f1tenth_ws/install/vesc://home/nvidia/f1tenth_ws/install/vesc_driver://home/nvidia/f1tenth_ws/install/vesc_ackermann://home/nvidia/f1tenth_ws/install/vesc_msgs://home/nvidia/f1tenth_ws/install/teleop_tools://home/nvidia/f1tenth_ws/install/joy_teleop://home/nvidia/f1tenth_ws/install/teleop_tools_msgs://home/nvidia/f1tenth_ws/install/phasespace://home/nvidia/f1tenth_ws/install/particle_filter://home/nvidia/f1tenth_ws/install/new_map_saver://home/nvidia/f1tenth_ws/install/mouse_teleop://home/nvidia/f1tenth_ws/install/mapping://home/nvidia/f1tenth_ws/install/key_teleop://home/nvidia/f1tenth_ws/install/f1tenth_controllers://home/nvidia/f1tenth_ws/install/ackermann_mux:/opt/ros/foxy'), ('SHELL', '/bin/bash'), ('TERMINATOR_UUID', 'urn:uuid:3f2a181a-16ef-4091-b349-7c01a0bf8815'), ('QT_ACCESSIBILITY', '1'), ('GDMSESSION', 'ubuntu'), ('LESSCLOSE', '/usr/bin/lesspipe %s %s'), ('GPG_AGENT_INFO', '/run/user/1000/gnupg/S.gpg-agent:0:1'), ('QT_IM_MODULE', 'ibus'), ('PWD', '/home/nvidia/f1tenth_ws/build/vesc_ackermann'), ('TURTLEBOT3_MODEL', 'waffle'), ('LC_ALL', 'en_US.UTF-8'), ('XDG_CONFIG_DIRS', '/etc/xdg/xdg-ubuntu:/etc/xdg'), ('XDG_DATA_DIRS', '/usr/share/ubuntu:/usr/local/share/:/usr/share/:/var/lib/snapd/desktop'), ('PYTHONPATH', '/home/nvidia/f1tenth_ws/install/vesc_msgs/lib/python3.8/site-packages://home/nvidia/f1tenth_ws/install/f1tenth_stack/lib/python3.8/site-packages://home/nvidia/f1tenth_ws/install/vesc_msgs/lib/python3.8/site-packages://home/nvidia/f1tenth_ws/install/joy_teleop/lib/python3.8/site-packages://home/nvidia/f1tenth_ws/install/teleop_tools_msgs/lib/python3.8/site-packages://home/nvidia/f1tenth_ws/install/phasespace/lib/python3.8/site-packages://home/nvidia/f1tenth_ws/install/particle_filter/lib/python3.8/site-packages://home/nvidia/f1tenth_ws/install/new_map_saver/lib/python3.8/site-packages://home/nvidia/f1tenth_ws/install/mouse_teleop/lib/python3.8/site-packages://home/nvidia/f1tenth_ws/install/mapping/lib/python3.8/site-packages://home/nvidia/f1tenth_ws/install/key_teleop/lib/python3.8/site-packages://home/nvidia/f1tenth_ws/install/f1tenth_controllers/lib/python3.8/site-packages:/opt/ros/foxy/lib/python3.8/site-packages'), ('COLCON', '1'), ('VTE_VERSION', '6003'), ('CMAKE_PREFIX_PATH', '/home/nvidia/f1tenth_ws/install/vesc_msgs://home/nvidia/f1tenth_ws/install/vesc://home/nvidia/f1tenth_ws/install/vesc_driver://home/nvidia/f1tenth_ws/install/vesc_ackermann://home/nvidia/f1tenth_ws/install/vesc_msgs://home/nvidia/f1tenth_ws/install/teleop_tools://home/nvidia/f1tenth_ws/install/teleop_tools_msgs://home/nvidia/f1tenth_ws/install/range_lib://home/nvidia/f1tenth_ws/install/ackermann_mux://home/nvidia/f1tenth_ws/install/f1tenth_stack://home/nvidia/f1tenth_ws/install/joy_teleop://home/nvidia/f1tenth_ws/install/phasespace://home/nvidia/f1tenth_ws/install/particle_filter://home/nvidia/f1tenth_ws/install/new_map_saver://home/nvidia/f1tenth_ws/install/mouse_teleop://home/nvidia/f1tenth_ws/install/mapping://home/nvidia/f1tenth_ws/install/key_teleop://home/nvidia/f1tenth_ws/install/f1tenth_controllers:/opt/ros/foxy')]), 'shell': False}
[99.901383] (-) TimerEvent: {}
[99.969032] (vesc_driver) StdoutLine: {'line': b'-- Generating done\n'}
[99.978598] (vesc_driver) StdoutLine: {'line': b'-- Build files have been written to: /home/nvidia/f1tenth_ws/build/vesc_driver\n'}
[100.001568] (-) TimerEvent: {}
[100.026179] (vesc_driver) CommandEnded: {'returncode': 0}
[100.030110] (vesc_driver) JobProgress: {'identifier': 'vesc_driver', 'progress': 'build'}
[100.036020] (vesc_driver) Command: {'cmd': ['/usr/bin/cmake', '--build', '/home/nvidia/f1tenth_ws/build/vesc_driver', '--', '-j6', '-l6'], 'cwd': '/home/nvidia/f1tenth_ws/build/vesc_driver', 'env': OrderedDict([('LESSOPEN', '| /usr/bin/lesspipe %s'), ('USER', 'nvidia'), ('SSH_AGENT_PID', '3963'), ('XDG_SESSION_TYPE', 'x11'), ('SHLVL', '1'), ('LD_LIBRARY_PATH', '/home/nvidia/f1tenth_ws/install/vesc_msgs/lib://home/nvidia/f1tenth_ws/install/vesc_driver/lib://home/nvidia/f1tenth_ws/install/vesc_ackermann/lib://home/nvidia/f1tenth_ws/install/vesc_msgs/lib://home/nvidia/f1tenth_ws/install/teleop_tools_msgs/lib:/usr/lib/aarch64-linux-gnu/gazebo-11/plugins:/opt/ros/foxy/opt/yaml_cpp_vendor/lib:/opt/ros/foxy/opt/rviz_ogre_vendor/lib:/opt/ros/foxy/lib/aarch64-linux-gnu:/opt/ros/foxy/lib:/usr/local/cuda-11.4/lib64'), ('HOME', '/home/nvidia'), ('OLDPWD', '/home/nvidia'), ('DESKTOP_SESSION', 'ubuntu'), ('ROS_PYTHON_VERSION', '3'), ('GNOME_SHELL_SESSION_MODE', 'ubuntu'), ('GTK_MODULES', 'gail:atk-bridge'), ('MANAGERPID', '3863'), ('DBUS_SESSION_BUS_ADDRESS', 'unix:path=/run/user/1000/bus'), ('COLORTERM', 'truecolor'), ('TERMINATOR_DBUS_NAME', 'net.tenshu.Terminator23558193cd9818af7fe4d2c2f5bd9d00f'), ('GIO_LAUNCHED_DESKTOP_FILE_PID', '4619'), ('IM_CONFIG_PHASE', '1'), ('COLCON_PREFIX_PATH', '//home/nvidia/f1tenth_ws/install'), ('ROS_DISTRO', 'foxy'), ('LOGNAME', 'nvidia'), ('JOURNAL_STREAM', '8:70019'), ('_', '/usr/bin/colcon'), ('ROS_VERSION', '2'), ('XDG_SESSION_CLASS', 'user'), ('USERNAME', 'nvidia'), ('TERM', 'xterm-256color'), ('GAZEBO_MODEL_PATH', ':/opt/ros/foxy/share/turtlebot3_gazebo/models'), ('GNOME_DESKTOP_SESSION_ID', 'this-is-deprecated'), ('ROS_LOCALHOST_ONLY', '0'), ('WINDOWPATH', '2'), ('PATH', '//home/nvidia/f1tenth_ws/install/range_lib/bin:/opt/ros/foxy/bin:/usr/local/cuda-11.4/bin:/home/nvidia/.local/bin:/usr/local/sbin:/usr/local/bin:/usr/sbin:/usr/bin:/sbin:/bin:/usr/games:/usr/local/games:/snap/bin'), ('SESSION_MANAGER', 'local/ubuntu:@/tmp/.ICE-unix/4000,unix/ubuntu:/tmp/.ICE-unix/4000'), ('INVOCATION_ID', 'f345853a86154e6d9c622f5fbfdc1ac4'), ('XDG_MENU_PREFIX', 'gnome-'), ('XDG_RUNTIME_DIR', '/run/user/1000'), ('DISPLAY', ':1'), ('TERMINATOR_DBUS_PATH', '/net/tenshu/Terminator2'), ('LANG', 'en_US.UTF-8'), ('XDG_CURRENT_DESKTOP', 'ubuntu:GNOME'), ('XMODIFIERS', '@im=ibus'), ('XDG_SESSION_DESKTOP', 'ubuntu'), ('XAUTHORITY', '/run/user/1000/gdm/Xauthority'), ('LS_COLORS', 'rs=0:di=01;34:ln=01;36:mh=00:pi=40;33:so=01;35:do=01;35:bd=40;33;01:cd=40;33;01:or=40;31;01:mi=00:su=37;41:sg=30;43:ca=30;41:tw=30;42:ow=34;42:st=37;44:ex=01;32:*.tar=01;31:*.tgz=01;31:*.arc=01;31:*.arj=01;31:*.taz=01;31:*.lha=01;31:*.lz4=01;31:*.lzh=01;31:*.lzma=01;31:*.tlz=01;31:*.txz=01;31:*.tzo=01;31:*.t7z=01;31:*.zip=01;31:*.z=01;31:*.dz=01;31:*.gz=01;31:*.lrz=01;31:*.lz=01;31:*.lzo=01;31:*.xz=01;31:*.zst=01;31:*.tzst=01;31:*.bz2=01;31:*.bz=01;31:*.tbz=01;31:*.tbz2=01;31:*.tz=01;31:*.deb=01;31:*.rpm=01;31:*.jar=01;31:*.war=01;31:*.ear=01;31:*.sar=01;31:*.rar=01;31:*.alz=01;31:*.ace=01;31:*.zoo=01;31:*.cpio=01;31:*.7z=01;31:*.rz=01;31:*.cab=01;31:*.wim=01;31:*.swm=01;31:*.dwm=01;31:*.esd=01;31:*.jpg=01;35:*.jpeg=01;35:*.mjpg=01;35:*.mjpeg=01;35:*.gif=01;35:*.bmp=01;35:*.pbm=01;35:*.pgm=01;35:*.ppm=01;35:*.tga=01;35:*.xbm=01;35:*.xpm=01;35:*.tif=01;35:*.tiff=01;35:*.png=01;35:*.svg=01;35:*.svgz=01;35:*.mng=01;35:*.pcx=01;35:*.mov=01;35:*.mpg=01;35:*.mpeg=01;35:*.m2v=01;35:*.mkv=01;35:*.webm=01;35:*.ogm=01;35:*.mp4=01;35:*.m4v=01;35:*.mp4v=01;35:*.vob=01;35:*.qt=01;35:*.nuv=01;35:*.wmv=01;35:*.asf=01;35:*.rm=01;35:*.rmvb=01;35:*.flc=01;35:*.avi=01;35:*.fli=01;35:*.flv=01;35:*.gl=01;35:*.dl=01;35:*.xcf=01;35:*.xwd=01;35:*.yuv=01;35:*.cgm=01;35:*.emf=01;35:*.ogv=01;35:*.ogx=01;35:*.aac=00;36:*.au=00;36:*.flac=00;36:*.m4a=00;36:*.mid=00;36:*.midi=00;36:*.mka=00;36:*.mp3=00;36:*.mpc=00;36:*.ogg=00;36:*.ra=00;36:*.wav=00;36:*.oga=00;36:*.opus=00;36:*.spx=00;36:*.xspf=00;36:'), ('SSH_AUTH_SOCK', '/run/user/1000/keyring/ssh'), ('ROS_DOMAIN_ID', '10'), ('AMENT_PREFIX_PATH', '/home/nvidia/f1tenth_ws/install/vesc_msgs://home/nvidia/f1tenth_ws/install/f1tenth_stack://home/nvidia/f1tenth_ws/install/vesc://home/nvidia/f1tenth_ws/install/vesc_driver://home/nvidia/f1tenth_ws/install/vesc_ackermann://home/nvidia/f1tenth_ws/install/vesc_msgs://home/nvidia/f1tenth_ws/install/teleop_tools://home/nvidia/f1tenth_ws/install/joy_teleop://home/nvidia/f1tenth_ws/install/teleop_tools_msgs://home/nvidia/f1tenth_ws/install/phasespace://home/nvidia/f1tenth_ws/install/particle_filter://home/nvidia/f1tenth_ws/install/new_map_saver://home/nvidia/f1tenth_ws/install/mouse_teleop://home/nvidia/f1tenth_ws/install/mapping://home/nvidia/f1tenth_ws/install/key_teleop://home/nvidia/f1tenth_ws/install/f1tenth_controllers://home/nvidia/f1tenth_ws/install/ackermann_mux:/opt/ros/foxy'), ('SHELL', '/bin/bash'), ('TERMINATOR_UUID', 'urn:uuid:3f2a181a-16ef-4091-b349-7c01a0bf8815'), ('QT_ACCESSIBILITY', '1'), ('GDMSESSION', 'ubuntu'), ('LESSCLOSE', '/usr/bin/lesspipe %s %s'), ('GPG_AGENT_INFO', '/run/user/1000/gnupg/S.gpg-agent:0:1'), ('QT_IM_MODULE', 'ibus'), ('PWD', '/home/nvidia/f1tenth_ws/build/vesc_driver'), ('TURTLEBOT3_MODEL', 'waffle'), ('LC_ALL', 'en_US.UTF-8'), ('XDG_CONFIG_DIRS', '/etc/xdg/xdg-ubuntu:/etc/xdg'), ('XDG_DATA_DIRS', '/usr/share/ubuntu:/usr/local/share/:/usr/share/:/var/lib/snapd/desktop'), ('PYTHONPATH', '/home/nvidia/f1tenth_ws/install/vesc_msgs/lib/python3.8/site-packages://home/nvidia/f1tenth_ws/install/f1tenth_stack/lib/python3.8/site-packages://home/nvidia/f1tenth_ws/install/vesc_msgs/lib/python3.8/site-packages://home/nvidia/f1tenth_ws/install/joy_teleop/lib/python3.8/site-packages://home/nvidia/f1tenth_ws/install/teleop_tools_msgs/lib/python3.8/site-packages://home/nvidia/f1tenth_ws/install/phasespace/lib/python3.8/site-packages://home/nvidia/f1tenth_ws/install/particle_filter/lib/python3.8/site-packages://home/nvidia/f1tenth_ws/install/new_map_saver/lib/python3.8/site-packages://home/nvidia/f1tenth_ws/install/mouse_teleop/lib/python3.8/site-packages://home/nvidia/f1tenth_ws/install/mapping/lib/python3.8/site-packages://home/nvidia/f1tenth_ws/install/key_teleop/lib/python3.8/site-packages://home/nvidia/f1tenth_ws/install/f1tenth_controllers/lib/python3.8/site-packages:/opt/ros/foxy/lib/python3.8/site-packages'), ('COLCON', '1'), ('VTE_VERSION', '6003'), ('CMAKE_PREFIX_PATH', '/home/nvidia/f1tenth_ws/install/vesc_msgs://home/nvidia/f1tenth_ws/install/vesc://home/nvidia/f1tenth_ws/install/vesc_driver://home/nvidia/f1tenth_ws/install/vesc_ackermann://home/nvidia/f1tenth_ws/install/vesc_msgs://home/nvidia/f1tenth_ws/install/teleop_tools://home/nvidia/f1tenth_ws/install/teleop_tools_msgs://home/nvidia/f1tenth_ws/install/range_lib://home/nvidia/f1tenth_ws/install/ackermann_mux://home/nvidia/f1tenth_ws/install/f1tenth_stack://home/nvidia/f1tenth_ws/install/joy_teleop://home/nvidia/f1tenth_ws/install/phasespace://home/nvidia/f1tenth_ws/install/particle_filter://home/nvidia/f1tenth_ws/install/new_map_saver://home/nvidia/f1tenth_ws/install/mouse_teleop://home/nvidia/f1tenth_ws/install/mapping://home/nvidia/f1tenth_ws/install/key_teleop://home/nvidia/f1tenth_ws/install/f1tenth_controllers:/opt/ros/foxy')]), 'shell': False}
[100.102135] (-) TimerEvent: {}
[100.170689] (vesc_ackermann) StdoutLine: {'line': b'\x1b[35m\x1b[1mScanning dependencies of target ackermann_to_vesc_node\x1b[0m\n'}
[100.176155] (vesc_ackermann) StdoutLine: {'line': b'\x1b[35m\x1b[1mScanning dependencies of target vesc_ackermann\x1b[0m\n'}
[100.189856] (vesc_ackermann) StdoutLine: {'line': b'\x1b[35m\x1b[1mScanning dependencies of target vesc_to_odom_node\x1b[0m\n'}
[100.203001] (-) TimerEvent: {}
[100.310511] (-) TimerEvent: {}
[100.330140] (vesc_driver) StdoutLine: {'line': b'\x1b[35m\x1b[1mScanning dependencies of target vesc_driver_node\x1b[0m\n'}
[100.368595] (vesc_driver) StdoutLine: {'line': b'\x1b[35m\x1b[1mScanning dependencies of target vesc_driver\x1b[0m\n'}
[100.411134] (-) TimerEvent: {}
[100.472433] (vesc_ackermann) StdoutLine: {'line': b'[ 14%] \x1b[32mBuilding CXX object CMakeFiles/ackermann_to_vesc_node.dir/rclcpp_components/node_main_ackermann_to_vesc_node.cpp.o\x1b[0m\n'}
[100.511396] (-) TimerEvent: {}
[100.524623] (vesc_ackermann) StdoutLine: {'line': b'[ 28%] \x1b[32mBuilding CXX object CMakeFiles/vesc_to_odom_node.dir/rclcpp_components/node_main_vesc_to_odom_node.cpp.o\x1b[0m\n'}
[100.599770] (vesc_ackermann) StdoutLine: {'line': b'[ 42%] \x1b[32mBuilding CXX object CMakeFiles/vesc_ackermann.dir/src/vesc_to_odom.cpp.o\x1b[0m\n'}
[100.611630] (-) TimerEvent: {}
[100.670498] (vesc_ackermann) StdoutLine: {'line': b'[ 57%] \x1b[32mBuilding CXX object CMakeFiles/vesc_ackermann.dir/src/ackermann_to_vesc.cpp.o\x1b[0m\n'}
[100.700861] (vesc_driver) StdoutLine: {'line': b'[ 10%] \x1b[32mBuilding CXX object CMakeFiles/vesc_driver_node.dir/rclcpp_components/node_main_vesc_driver_node.cpp.o\x1b[0m\n'}
[100.711895] (-) TimerEvent: {}
[100.813320] (-) TimerEvent: {}
[100.875200] (vesc_driver) StdoutLine: {'line': b'[ 20%] \x1b[32mBuilding CXX object CMakeFiles/vesc_driver.dir/src/vesc_interface.cpp.o\x1b[0m\n'}
[100.894042] (vesc_driver) StdoutLine: {'line': b'[ 30%] \x1b[32mBuilding CXX object CMakeFiles/vesc_driver.dir/src/vesc_driver.cpp.o\x1b[0m\n'}
[100.913567] (-) TimerEvent: {}
[100.939149] (vesc_driver) StdoutLine: {'line': b'[ 40%] \x1b[32mBuilding CXX object CMakeFiles/vesc_driver.dir/src/vesc_packet.cpp.o\x1b[0m\n'}
[101.013817] (-) TimerEvent: {}
[101.114987] (-) TimerEvent: {}
[101.216091] (-) TimerEvent: {}
[101.317191] (-) TimerEvent: {}
[101.418367] (-) TimerEvent: {}
[101.519517] (-) TimerEvent: {}
[101.621804] (-) TimerEvent: {}
[101.722949] (-) TimerEvent: {}
[101.824375] (-) TimerEvent: {}
[101.925957] (-) TimerEvent: {}
[102.029558] (-) TimerEvent: {}
[102.131509] (-) TimerEvent: {}
[102.232736] (-) TimerEvent: {}
[102.334035] (-) TimerEvent: {}
[102.436333] (-) TimerEvent: {}
[102.537553] (-) TimerEvent: {}
[102.638793] (-) TimerEvent: {}
[102.740034] (-) TimerEvent: {}
[102.842596] (-) TimerEvent: {}
[102.943783] (-) TimerEvent: {}
[103.044976] (-) TimerEvent: {}
[103.146259] (-) TimerEvent: {}
[103.250351] (-) TimerEvent: {}
[103.351814] (-) TimerEvent: {}
[103.453360] (-) TimerEvent: {}
[103.554674] (-) TimerEvent: {}
[103.655908] (-) TimerEvent: {}
[103.757287] (-) TimerEvent: {}
[103.858798] (-) TimerEvent: {}
[103.959971] (-) TimerEvent: {}
[104.061277] (-) TimerEvent: {}
[104.163315] (-) TimerEvent: {}
[104.265659] (-) TimerEvent: {}
[104.368410] (-) TimerEvent: {}
[104.470994] (-) TimerEvent: {}
[104.572270] (-) TimerEvent: {}
[104.674360] (-) TimerEvent: {}
[104.775849] (-) TimerEvent: {}
[104.877477] (-) TimerEvent: {}
[104.978730] (-) TimerEvent: {}
[105.080271] (-) TimerEvent: {}
[105.181651] (-) TimerEvent: {}
[105.284038] (-) TimerEvent: {}
[105.386434] (-) TimerEvent: {}
[105.491961] (-) TimerEvent: {}
[105.595860] (-) TimerEvent: {}
[105.699946] (-) TimerEvent: {}
[105.801303] (-) TimerEvent: {}
[105.902609] (-) TimerEvent: {}
[106.003795] (-) TimerEvent: {}
[106.104936] (-) TimerEvent: {}
[106.206284] (-) TimerEvent: {}
[106.312262] (-) TimerEvent: {}
[106.436456] (-) TimerEvent: {}
[106.538906] (-) TimerEvent: {}
[106.640691] (-) TimerEvent: {}
[106.741710] (-) TimerEvent: {}
[106.842851] (-) TimerEvent: {}
[106.943937] (-) TimerEvent: {}
[107.044974] (-) TimerEvent: {}
[107.146089] (-) TimerEvent: {}
[107.247099] (-) TimerEvent: {}
[107.348091] (-) TimerEvent: {}
[107.449064] (-) TimerEvent: {}
[107.550227] (-) TimerEvent: {}
[107.651202] (-) TimerEvent: {}
[107.752117] (-) TimerEvent: {}
[107.853172] (-) TimerEvent: {}
[107.954304] (-) TimerEvent: {}
[108.055288] (-) TimerEvent: {}
[108.156396] (-) TimerEvent: {}
[108.257505] (-) TimerEvent: {}
[108.358636] (-) TimerEvent: {}
[108.459691] (-) TimerEvent: {}
[108.560883] (-) TimerEvent: {}
[108.661966] (-) TimerEvent: {}
[108.763019] (-) TimerEvent: {}
[108.864068] (-) TimerEvent: {}
[108.966062] (-) TimerEvent: {}
[109.067159] (-) TimerEvent: {}
[109.168175] (-) TimerEvent: {}
[109.269251] (-) TimerEvent: {}
[109.370320] (-) TimerEvent: {}
[109.471355] (-) TimerEvent: {}
[109.572418] (-) TimerEvent: {}
[109.673961] (-) TimerEvent: {}
[109.774975] (-) TimerEvent: {}
[109.876048] (-) TimerEvent: {}
[109.977118] (-) TimerEvent: {}
[110.078198] (-) TimerEvent: {}
[110.179229] (-) TimerEvent: {}
[110.281494] (-) TimerEvent: {}
[110.382606] (-) TimerEvent: {}
[110.483706] (-) TimerEvent: {}
[110.585972] (-) TimerEvent: {}
[110.687044] (-) TimerEvent: {}
[110.788067] (-) TimerEvent: {}
[110.889160] (-) TimerEvent: {}
[110.991478] (-) TimerEvent: {}
[111.092520] (-) TimerEvent: {}
[111.193563] (-) TimerEvent: {}
[111.294706] (-) TimerEvent: {}
[111.395756] (-) TimerEvent: {}
[111.496916] (-) TimerEvent: {}
[111.597990] (-) TimerEvent: {}
[111.699180] (-) TimerEvent: {}
[111.800122] (-) TimerEvent: {}
[111.901185] (-) TimerEvent: {}
[112.002299] (-) TimerEvent: {}
[112.103416] (-) TimerEvent: {}
[112.204500] (-) TimerEvent: {}
[112.305609] (-) TimerEvent: {}
[112.406832] (-) TimerEvent: {}
[112.507901] (-) TimerEvent: {}
[112.608903] (-) TimerEvent: {}
[112.711343] (-) TimerEvent: {}
[112.812448] (-) TimerEvent: {}
[112.913613] (-) TimerEvent: {}
[113.014716] (-) TimerEvent: {}
[113.115816] (-) TimerEvent: {}
[113.216901] (-) TimerEvent: {}
[113.318031] (-) TimerEvent: {}
[113.419073] (-) TimerEvent: {}
[113.520113] (-) TimerEvent: {}
[113.621196] (-) TimerEvent: {}
[113.722393] (-) TimerEvent: {}
[113.824262] (-) TimerEvent: {}
[113.925447] (-) TimerEvent: {}
[114.026718] (-) TimerEvent: {}
[114.127828] (-) TimerEvent: {}
[114.228880] (-) TimerEvent: {}
[114.330054] (-) TimerEvent: {}
[114.431178] (-) TimerEvent: {}
[114.532295] (-) TimerEvent: {}
[114.633390] (-) TimerEvent: {}
[114.734521] (-) TimerEvent: {}
[114.835601] (-) TimerEvent: {}
[114.937751] (-) TimerEvent: {}
[115.038862] (-) TimerEvent: {}
[115.139962] (-) TimerEvent: {}
[115.240966] (-) TimerEvent: {}
[115.342199] (-) TimerEvent: {}
[115.443734] (-) TimerEvent: {}
[115.545173] (-) TimerEvent: {}
[115.647031] (-) TimerEvent: {}
[115.751387] (-) TimerEvent: {}
[115.852547] (-) TimerEvent: {}
[115.955099] (-) TimerEvent: {}
[116.056303] (-) TimerEvent: {}
[116.157690] (-) TimerEvent: {}
[116.258969] (-) TimerEvent: {}
[116.360172] (-) TimerEvent: {}
[116.462281] (-) TimerEvent: {}
[116.563622] (-) TimerEvent: {}
[116.664868] (-) TimerEvent: {}
[116.767003] (-) TimerEvent: {}
[116.869767] (-) TimerEvent: {}
[116.971664] (-) TimerEvent: {}
[117.075477] (-) TimerEvent: {}
[117.176660] (-) TimerEvent: {}
[117.278614] (-) TimerEvent: {}
[117.379888] (-) TimerEvent: {}
[117.481576] (-) TimerEvent: {}
[117.583046] (-) TimerEvent: {}
[117.684346] (-) TimerEvent: {}
[117.786172] (-) TimerEvent: {}
[117.890569] (-) TimerEvent: {}
[117.997157] (-) TimerEvent: {}
[118.100598] (-) TimerEvent: {}
[118.202907] (-) TimerEvent: {}
[118.304884] (-) TimerEvent: {}
[118.408364] (-) TimerEvent: {}
[118.511369] (-) TimerEvent: {}
[118.614935] (-) TimerEvent: {}
[118.717115] (-) TimerEvent: {}
[118.819410] (-) TimerEvent: {}
[118.923710] (-) TimerEvent: {}
[119.028193] (-) TimerEvent: {}
[119.133407] (-) TimerEvent: {}
[119.236309] (-) TimerEvent: {}
[119.340296] (-) TimerEvent: {}
[119.444218] (-) TimerEvent: {}
[119.548253] (-) TimerEvent: {}
[119.654724] (-) TimerEvent: {}
[119.755666] (-) TimerEvent: {}
[119.856651] (-) TimerEvent: {}
[119.957617] (-) TimerEvent: {}
[120.058605] (-) TimerEvent: {}
[120.082180] (vesc_ackermann) StdoutLine: {'line': b'[ 71%] \x1b[32m\x1b[1mLinking CXX executable vesc_to_odom_node\x1b[0m\n'}
[120.158852] (-) TimerEvent: {}
[120.259949] (-) TimerEvent: {}
[120.360890] (-) TimerEvent: {}
[120.461951] (-) TimerEvent: {}
[120.562901] (-) TimerEvent: {}
[120.663880] (-) TimerEvent: {}
[120.764826] (-) TimerEvent: {}
[120.768647] (vesc_driver) StdoutLine: {'line': b'[ 50%] \x1b[32m\x1b[1mLinking CXX executable vesc_driver_node\x1b[0m\n'}
[120.865337] (-) TimerEvent: {}
[120.966428] (-) TimerEvent: {}
[121.067391] (-) TimerEvent: {}
[121.168395] (-) TimerEvent: {}
[121.269343] (-) TimerEvent: {}
[121.370362] (-) TimerEvent: {}
[121.471650] (-) TimerEvent: {}
[121.572642] (-) TimerEvent: {}
[121.599299] (vesc_ackermann) StdoutLine: {'line': b'[ 85%] \x1b[32m\x1b[1mLinking CXX executable ackermann_to_vesc_node\x1b[0m\n'}
[121.672881] (-) TimerEvent: {}
[121.698354] (vesc_ackermann) StdoutLine: {'line': b'[ 85%] Built target vesc_to_odom_node\n'}
[121.773135] (-) TimerEvent: {}
[121.799036] (vesc_driver) StdoutLine: {'line': b'[ 50%] Built target vesc_driver_node\n'}
[121.873469] (-) TimerEvent: {}
[121.975164] (-) TimerEvent: {}
[122.076222] (-) TimerEvent: {}
[122.177301] (-) TimerEvent: {}
[122.278804] (-) TimerEvent: {}
[122.337254] (pure_pursuit) StdoutLine: {'line': b'[100%] \x1b[32m\x1b[1mLinking CXX executable pure_pursuit\x1b[0m\n'}
[122.379031] (-) TimerEvent: {}
[122.417214] (vesc_ackermann) StdoutLine: {'line': b'[ 85%] Built target ackermann_to_vesc_node\n'}
[122.479301] (-) TimerEvent: {}
[122.580405] (-) TimerEvent: {}
[122.681628] (-) TimerEvent: {}
[122.783027] (-) TimerEvent: {}
[122.884294] (-) TimerEvent: {}
[122.985604] (-) TimerEvent: {}
[123.087115] (-) TimerEvent: {}
[123.188312] (-) TimerEvent: {}
[123.289492] (-) TimerEvent: {}
[123.391241] (-) TimerEvent: {}
[123.492475] (-) TimerEvent: {}
[123.593737] (-) TimerEvent: {}
[123.696252] (-) TimerEvent: {}
[123.797515] (-) TimerEvent: {}
[123.900635] (-) TimerEvent: {}
[124.002062] (-) TimerEvent: {}
[124.103304] (-) TimerEvent: {}
[124.204662] (-) TimerEvent: {}
[124.306167] (-) TimerEvent: {}
[124.408207] (-) TimerEvent: {}
[124.511381] (-) TimerEvent: {}
[124.599591] (pure_pursuit) StdoutLine: {'line': b'[100%] Built target pure_pursuit\n'}
[124.611634] (-) TimerEvent: {}
[124.694703] (pure_pursuit) CommandEnded: {'returncode': 0}
[124.712804] (-) TimerEvent: {}
[124.816722] (-) TimerEvent: {}
[124.919998] (-) TimerEvent: {}
[124.939233] (pure_pursuit) JobProgress: {'identifier': 'pure_pursuit', 'progress': 'install'}
[124.943300] (pure_pursuit) Command: {'cmd': ['/usr/bin/cmake', '--install', '/home/nvidia/f1tenth_ws/build/pure_pursuit'], 'cwd': '/home/nvidia/f1tenth_ws/build/pure_pursuit', 'env': OrderedDict([('LESSOPEN', '| /usr/bin/lesspipe %s'), ('USER', 'nvidia'), ('SSH_AGENT_PID', '3963'), ('XDG_SESSION_TYPE', 'x11'), ('SHLVL', '1'), ('LD_LIBRARY_PATH', '//home/nvidia/f1tenth_ws/install/vesc_driver/lib://home/nvidia/f1tenth_ws/install/vesc_ackermann/lib://home/nvidia/f1tenth_ws/install/vesc_msgs/lib://home/nvidia/f1tenth_ws/install/teleop_tools_msgs/lib:/usr/lib/aarch64-linux-gnu/gazebo-11/plugins:/opt/ros/foxy/opt/yaml_cpp_vendor/lib:/opt/ros/foxy/opt/rviz_ogre_vendor/lib:/opt/ros/foxy/lib/aarch64-linux-gnu:/opt/ros/foxy/lib:/usr/local/cuda-11.4/lib64:'), ('HOME', '/home/nvidia'), ('OLDPWD', '/home/nvidia'), ('DESKTOP_SESSION', 'ubuntu'), ('ROS_PYTHON_VERSION', '3'), ('GNOME_SHELL_SESSION_MODE', 'ubuntu'), ('GTK_MODULES', 'gail:atk-bridge'), ('MANAGERPID', '3863'), ('DBUS_SESSION_BUS_ADDRESS', 'unix:path=/run/user/1000/bus'), ('COLORTERM', 'truecolor'), ('TERMINATOR_DBUS_NAME', 'net.tenshu.Terminator23558193cd9818af7fe4d2c2f5bd9d00f'), ('GIO_LAUNCHED_DESKTOP_FILE_PID', '4619'), ('IM_CONFIG_PHASE', '1'), ('COLCON_PREFIX_PATH', '//home/nvidia/f1tenth_ws/install'), ('ROS_DISTRO', 'foxy'), ('LOGNAME', 'nvidia'), ('JOURNAL_STREAM', '8:70019'), ('_', '/usr/bin/colcon'), ('ROS_VERSION', '2'), ('XDG_SESSION_CLASS', 'user'), ('USERNAME', 'nvidia'), ('TERM', 'xterm-256color'), ('GAZEBO_MODEL_PATH', ':/opt/ros/foxy/share/turtlebot3_gazebo/models'), ('GNOME_DESKTOP_SESSION_ID', 'this-is-deprecated'), ('ROS_LOCALHOST_ONLY', '0'), ('WINDOWPATH', '2'), ('PATH', '//home/nvidia/f1tenth_ws/install/range_lib/bin:/opt/ros/foxy/bin:/usr/local/cuda-11.4/bin:/home/nvidia/.local/bin:/usr/local/sbin:/usr/local/bin:/usr/sbin:/usr/bin:/sbin:/bin:/usr/games:/usr/local/games:/snap/bin'), ('SESSION_MANAGER', 'local/ubuntu:@/tmp/.ICE-unix/4000,unix/ubuntu:/tmp/.ICE-unix/4000'), ('INVOCATION_ID', 'f345853a86154e6d9c622f5fbfdc1ac4'), ('XDG_MENU_PREFIX', 'gnome-'), ('XDG_RUNTIME_DIR', '/run/user/1000'), ('DISPLAY', ':1'), ('TERMINATOR_DBUS_PATH', '/net/tenshu/Terminator2'), ('LANG', 'en_US.UTF-8'), ('XDG_CURRENT_DESKTOP', 'ubuntu:GNOME'), ('XMODIFIERS', '@im=ibus'), ('XDG_SESSION_DESKTOP', 'ubuntu'), ('XAUTHORITY', '/run/user/1000/gdm/Xauthority'), ('LS_COLORS', 'rs=0:di=01;34:ln=01;36:mh=00:pi=40;33:so=01;35:do=01;35:bd=40;33;01:cd=40;33;01:or=40;31;01:mi=00:su=37;41:sg=30;43:ca=30;41:tw=30;42:ow=34;42:st=37;44:ex=01;32:*.tar=01;31:*.tgz=01;31:*.arc=01;31:*.arj=01;31:*.taz=01;31:*.lha=01;31:*.lz4=01;31:*.lzh=01;31:*.lzma=01;31:*.tlz=01;31:*.txz=01;31:*.tzo=01;31:*.t7z=01;31:*.zip=01;31:*.z=01;31:*.dz=01;31:*.gz=01;31:*.lrz=01;31:*.lz=01;31:*.lzo=01;31:*.xz=01;31:*.zst=01;31:*.tzst=01;31:*.bz2=01;31:*.bz=01;31:*.tbz=01;31:*.tbz2=01;31:*.tz=01;31:*.deb=01;31:*.rpm=01;31:*.jar=01;31:*.war=01;31:*.ear=01;31:*.sar=01;31:*.rar=01;31:*.alz=01;31:*.ace=01;31:*.zoo=01;31:*.cpio=01;31:*.7z=01;31:*.rz=01;31:*.cab=01;31:*.wim=01;31:*.swm=01;31:*.dwm=01;31:*.esd=01;31:*.jpg=01;35:*.jpeg=01;35:*.mjpg=01;35:*.mjpeg=01;35:*.gif=01;35:*.bmp=01;35:*.pbm=01;35:*.pgm=01;35:*.ppm=01;35:*.tga=01;35:*.xbm=01;35:*.xpm=01;35:*.tif=01;35:*.tiff=01;35:*.png=01;35:*.svg=01;35:*.svgz=01;35:*.mng=01;35:*.pcx=01;35:*.mov=01;35:*.mpg=01;35:*.mpeg=01;35:*.m2v=01;35:*.mkv=01;35:*.webm=01;35:*.ogm=01;35:*.mp4=01;35:*.m4v=01;35:*.mp4v=01;35:*.vob=01;35:*.qt=01;35:*.nuv=01;35:*.wmv=01;35:*.asf=01;35:*.rm=01;35:*.rmvb=01;35:*.flc=01;35:*.avi=01;35:*.fli=01;35:*.flv=01;35:*.gl=01;35:*.dl=01;35:*.xcf=01;35:*.xwd=01;35:*.yuv=01;35:*.cgm=01;35:*.emf=01;35:*.ogv=01;35:*.ogx=01;35:*.aac=00;36:*.au=00;36:*.flac=00;36:*.m4a=00;36:*.mid=00;36:*.midi=00;36:*.mka=00;36:*.mp3=00;36:*.mpc=00;36:*.ogg=00;36:*.ra=00;36:*.wav=00;36:*.oga=00;36:*.opus=00;36:*.spx=00;36:*.xspf=00;36:'), ('SSH_AUTH_SOCK', '/run/user/1000/keyring/ssh'), ('ROS_DOMAIN_ID', '10'), ('AMENT_PREFIX_PATH', '//home/nvidia/f1tenth_ws/install/f1tenth_stack://home/nvidia/f1tenth_ws/install/vesc://home/nvidia/f1tenth_ws/install/vesc_driver://home/nvidia/f1tenth_ws/install/vesc_ackermann://home/nvidia/f1tenth_ws/install/vesc_msgs://home/nvidia/f1tenth_ws/install/teleop_tools://home/nvidia/f1tenth_ws/install/joy_teleop://home/nvidia/f1tenth_ws/install/teleop_tools_msgs://home/nvidia/f1tenth_ws/install/phasespace://home/nvidia/f1tenth_ws/install/particle_filter://home/nvidia/f1tenth_ws/install/new_map_saver://home/nvidia/f1tenth_ws/install/mouse_teleop://home/nvidia/f1tenth_ws/install/mapping://home/nvidia/f1tenth_ws/install/key_teleop://home/nvidia/f1tenth_ws/install/f1tenth_controllers://home/nvidia/f1tenth_ws/install/ackermann_mux:/opt/ros/foxy'), ('SHELL', '/bin/bash'), ('TERMINATOR_UUID', 'urn:uuid:3f2a181a-16ef-4091-b349-7c01a0bf8815'), ('QT_ACCESSIBILITY', '1'), ('GDMSESSION', 'ubuntu'), ('LESSCLOSE', '/usr/bin/lesspipe %s %s'), ('GPG_AGENT_INFO', '/run/user/1000/gnupg/S.gpg-agent:0:1'), ('QT_IM_MODULE', 'ibus'), ('PWD', '/home/nvidia/f1tenth_ws/build/pure_pursuit'), ('TURTLEBOT3_MODEL', 'waffle'), ('LC_ALL', 'en_US.UTF-8'), ('XDG_CONFIG_DIRS', '/etc/xdg/xdg-ubuntu:/etc/xdg'), ('XDG_DATA_DIRS', '/usr/share/ubuntu:/usr/local/share/:/usr/share/:/var/lib/snapd/desktop'), ('PYTHONPATH', '//home/nvidia/f1tenth_ws/install/f1tenth_stack/lib/python3.8/site-packages://home/nvidia/f1tenth_ws/install/vesc_msgs/lib/python3.8/site-packages://home/nvidia/f1tenth_ws/install/joy_teleop/lib/python3.8/site-packages://home/nvidia/f1tenth_ws/install/teleop_tools_msgs/lib/python3.8/site-packages://home/nvidia/f1tenth_ws/install/phasespace/lib/python3.8/site-packages://home/nvidia/f1tenth_ws/install/particle_filter/lib/python3.8/site-packages://home/nvidia/f1tenth_ws/install/new_map_saver/lib/python3.8/site-packages://home/nvidia/f1tenth_ws/install/mouse_teleop/lib/python3.8/site-packages://home/nvidia/f1tenth_ws/install/mapping/lib/python3.8/site-packages://home/nvidia/f1tenth_ws/install/key_teleop/lib/python3.8/site-packages://home/nvidia/f1tenth_ws/install/f1tenth_controllers/lib/python3.8/site-packages:/opt/ros/foxy/lib/python3.8/site-packages'), ('COLCON', '1'), ('VTE_VERSION', '6003'), ('CMAKE_PREFIX_PATH', '//home/nvidia/f1tenth_ws/install/vesc://home/nvidia/f1tenth_ws/install/vesc_driver://home/nvidia/f1tenth_ws/install/vesc_ackermann://home/nvidia/f1tenth_ws/install/vesc_msgs://home/nvidia/f1tenth_ws/install/teleop_tools://home/nvidia/f1tenth_ws/install/teleop_tools_msgs://home/nvidia/f1tenth_ws/install/range_lib://home/nvidia/f1tenth_ws/install/ackermann_mux://home/nvidia/f1tenth_ws/install/f1tenth_stack://home/nvidia/f1tenth_ws/install/joy_teleop://home/nvidia/f1tenth_ws/install/phasespace://home/nvidia/f1tenth_ws/install/particle_filter://home/nvidia/f1tenth_ws/install/new_map_saver://home/nvidia/f1tenth_ws/install/mouse_teleop://home/nvidia/f1tenth_ws/install/mapping://home/nvidia/f1tenth_ws/install/key_teleop://home/nvidia/f1tenth_ws/install/f1tenth_controllers:/opt/ros/foxy')]), 'shell': False}
[125.022825] (-) TimerEvent: {}
[125.044103] (pure_pursuit) StdoutLine: {'line': b'-- Install configuration: ""\n'}
[125.046977] (pure_pursuit) StdoutLine: {'line': b'-- Installing: /home/nvidia/f1tenth_ws/install/pure_pursuit/lib/pure_pursuit/pure_pursuit\n'}
[125.082509] (pure_pursuit) StdoutLine: {'line': b'-- Set runtime path of "/home/nvidia/f1tenth_ws/install/pure_pursuit/lib/pure_pursuit/pure_pursuit" to ""\n'}
[125.084684] (pure_pursuit) StdoutLine: {'line': b'-- Installing: /home/nvidia/f1tenth_ws/install/pure_pursuit/lib/pure_pursuit/waypoint_visualizer\n'}
[125.099550] (pure_pursuit) StdoutLine: {'line': b'-- Set runtime path of "/home/nvidia/f1tenth_ws/install/pure_pursuit/lib/pure_pursuit/waypoint_visualizer" to ""\n'}
[125.101795] (pure_pursuit) StdoutLine: {'line': b'-- Installing: /home/nvidia/f1tenth_ws/install/pure_pursuit/share/pure_pursuit/launch\n'}
[125.104714] (pure_pursuit) StdoutLine: {'line': b'-- Installing: /home/nvidia/f1tenth_ws/install/pure_pursuit/share/pure_pursuit/launch/pure_pursuit_launch.py\n'}
[125.106333] (pure_pursuit) StdoutLine: {'line': b'-- Installing: /home/nvidia/f1tenth_ws/install/pure_pursuit/share/pure_pursuit/launch/sim_pure_pursuit_launch.py\n'}
[125.108379] (pure_pursuit) StdoutLine: {'line': b'-- Installing: /home/nvidia/f1tenth_ws/install/pure_pursuit/share/pure_pursuit/launch/pure_pursuit.rviz\n'}
[125.110031] (pure_pursuit) StdoutLine: {'line': b'-- Installing: /home/nvidia/f1tenth_ws/install/pure_pursuit/share/pure_pursuit/launch/sim_pure_pursuit.rviz\n'}
[125.111933] (pure_pursuit) StdoutLine: {'line': b'-- Installing: /home/nvidia/f1tenth_ws/install/pure_pursuit/share/pure_pursuit/config\n'}
[125.114425] (pure_pursuit) StdoutLine: {'line': b'-- Installing: /home/nvidia/f1tenth_ws/install/pure_pursuit/share/pure_pursuit/config/config.yaml\n'}
[125.115371] (pure_pursuit) StdoutLine: {'line': b'-- Installing: /home/nvidia/f1tenth_ws/install/pure_pursuit/share/pure_pursuit/config/sim_config.yaml\n'}
[125.117012] (pure_pursuit) StdoutLine: {'line': b'-- Installing: /home/nvidia/f1tenth_ws/install/pure_pursuit/share/ament_index/resource_index/package_run_dependencies/pure_pursuit\n'}
[125.118810] (pure_pursuit) StdoutLine: {'line': b'-- Installing: /home/nvidia/f1tenth_ws/install/pure_pursuit/share/ament_index/resource_index/parent_prefix_path/pure_pursuit\n'}
[125.125305] (pure_pursuit) StdoutLine: {'line': b'-- Installing: /home/nvidia/f1tenth_ws/install/pure_pursuit/share/pure_pursuit/environment/ament_prefix_path.sh\n'}
[125.126604] (-) TimerEvent: {}
[125.127200] (pure_pursuit) StdoutLine: {'line': b'-- Installing: /home/nvidia/f1tenth_ws/install/pure_pursuit/share/pure_pursuit/environment/ament_prefix_path.dsv\n'}
[125.131488] (pure_pursuit) StdoutLine: {'line': b'-- Installing: /home/nvidia/f1tenth_ws/install/pure_pursuit/share/pure_pursuit/environment/path.sh\n'}
[125.132486] (pure_pursuit) StdoutLine: {'line': b'-- Installing: /home/nvidia/f1tenth_ws/install/pure_pursuit/share/pure_pursuit/environment/path.dsv\n'}
[125.134363] (pure_pursuit) StdoutLine: {'line': b'-- Installing: /home/nvidia/f1tenth_ws/install/pure_pursuit/share/pure_pursuit/local_setup.bash\n'}
[125.135329] (pure_pursuit) StdoutLine: {'line': b'-- Installing: /home/nvidia/f1tenth_ws/install/pure_pursuit/share/pure_pursuit/local_setup.sh\n'}
[125.136073] (pure_pursuit) StdoutLine: {'line': b'-- Installing: /home/nvidia/f1tenth_ws/install/pure_pursuit/share/pure_pursuit/local_setup.zsh\n'}
[125.136566] (pure_pursuit) StdoutLine: {'line': b'-- Installing: /home/nvidia/f1tenth_ws/install/pure_pursuit/share/pure_pursuit/local_setup.dsv\n'}
[125.137014] (pure_pursuit) StdoutLine: {'line': b'-- Installing: /home/nvidia/f1tenth_ws/install/pure_pursuit/share/pure_pursuit/package.dsv\n'}
[125.137665] (pure_pursuit) StdoutLine: {'line': b'-- Installing: /home/nvidia/f1tenth_ws/install/pure_pursuit/share/ament_index/resource_index/packages/pure_pursuit\n'}
[125.141606] (pure_pursuit) StdoutLine: {'line': b'-- Installing: /home/nvidia/f1tenth_ws/install/pure_pursuit/share/pure_pursuit/cmake/pure_pursuitConfig.cmake\n'}
[125.142461] (pure_pursuit) StdoutLine: {'line': b'-- Installing: /home/nvidia/f1tenth_ws/install/pure_pursuit/share/pure_pursuit/cmake/pure_pursuitConfig-version.cmake\n'}
[125.142970] (pure_pursuit) StdoutLine: {'line': b'-- Installing: /home/nvidia/f1tenth_ws/install/pure_pursuit/share/pure_pursuit/package.xml\n'}
[125.159680] (pure_pursuit) CommandEnded: {'returncode': 0}
[125.228959] (-) TimerEvent: {}
[125.333407] (-) TimerEvent: {}
[125.435233] (-) TimerEvent: {}
[125.526370] (pure_pursuit) JobEnded: {'identifier': 'pure_pursuit', 'rc': 0}
[125.535540] (-) TimerEvent: {}
[125.636678] (-) TimerEvent: {}
[125.737876] (-) TimerEvent: {}
[125.840416] (-) TimerEvent: {}
[125.941683] (-) TimerEvent: {}
[126.042904] (-) TimerEvent: {}
[126.144174] (-) TimerEvent: {}
[126.245479] (-) TimerEvent: {}
[126.346738] (-) TimerEvent: {}
[126.447909] (-) TimerEvent: {}
[126.549420] (-) TimerEvent: {}
[126.650690] (-) TimerEvent: {}
[126.751802] (-) TimerEvent: {}
[126.852996] (-) TimerEvent: {}
[126.954337] (-) TimerEvent: {}
[127.055809] (-) TimerEvent: {}
[127.157171] (-) TimerEvent: {}
[127.258608] (-) TimerEvent: {}
[127.359654] (-) TimerEvent: {}
[127.460950] (-) TimerEvent: {}
[127.562296] (-) TimerEvent: {}
[127.663789] (-) TimerEvent: {}
[127.765227] (-) TimerEvent: {}
[127.866507] (-) TimerEvent: {}
[127.967921] (-) TimerEvent: {}
[128.069580] (-) TimerEvent: {}
[128.171126] (-) TimerEvent: {}
[128.272520] (-) TimerEvent: {}
[128.374034] (-) TimerEvent: {}
[128.475385] (-) TimerEvent: {}
[128.576852] (-) TimerEvent: {}
[128.678256] (-) TimerEvent: {}
[128.779491] (-) TimerEvent: {}
[128.880724] (-) TimerEvent: {}
[128.982179] (-) TimerEvent: {}
[129.083524] (-) TimerEvent: {}
[129.185373] (-) TimerEvent: {}
[129.286755] (-) TimerEvent: {}
[129.388296] (-) TimerEvent: {}
[129.489459] (-) TimerEvent: {}
[129.590735] (-) TimerEvent: {}
[129.691911] (-) TimerEvent: {}
[129.793467] (-) TimerEvent: {}
[129.894994] (-) TimerEvent: {}
[129.996459] (-) TimerEvent: {}
[130.098162] (-) TimerEvent: {}
[130.199495] (-) TimerEvent: {}
[130.300794] (-) TimerEvent: {}
[130.402116] (-) TimerEvent: {}
[130.503266] (-) TimerEvent: {}
[130.604408] (-) TimerEvent: {}
[130.705547] (-) TimerEvent: {}
[130.806993] (-) TimerEvent: {}
[130.908289] (-) TimerEvent: {}
[131.010169] (-) TimerEvent: {}
[131.111507] (-) TimerEvent: {}
[131.212877] (-) TimerEvent: {}
[131.314390] (-) TimerEvent: {}
[131.415737] (-) TimerEvent: {}
[131.517119] (-) TimerEvent: {}
[131.618428] (-) TimerEvent: {}
[131.719671] (-) TimerEvent: {}
[131.821111] (-) TimerEvent: {}
[131.922400] (-) TimerEvent: {}
[132.024109] (-) TimerEvent: {}
[132.125370] (-) TimerEvent: {}
[132.226854] (-) TimerEvent: {}
[132.328140] (-) TimerEvent: {}
[132.429822] (-) TimerEvent: {}
[132.531189] (-) TimerEvent: {}
[132.632427] (-) TimerEvent: {}
[132.733698] (-) TimerEvent: {}
[132.834846] (-) TimerEvent: {}
[132.936019] (-) TimerEvent: {}
[133.037011] (-) TimerEvent: {}
[133.138445] (-) TimerEvent: {}
[133.240957] (-) TimerEvent: {}
[133.342168] (-) TimerEvent: {}
[133.443512] (-) TimerEvent: {}
[133.544700] (-) TimerEvent: {}
[133.646028] (-) TimerEvent: {}
[133.748790] (-) TimerEvent: {}
[133.850063] (-) TimerEvent: {}
[133.951273] (-) TimerEvent: {}
[134.052440] (-) TimerEvent: {}
[134.153639] (-) TimerEvent: {}
[134.254966] (-) TimerEvent: {}
[134.356104] (-) TimerEvent: {}
[134.457253] (-) TimerEvent: {}
[134.558473] (-) TimerEvent: {}
[134.659712] (-) TimerEvent: {}
[134.760955] (-) TimerEvent: {}
[134.862506] (-) TimerEvent: {}
[134.963764] (-) TimerEvent: {}
[135.065168] (-) TimerEvent: {}
[135.166442] (-) TimerEvent: {}
[135.267693] (-) TimerEvent: {}
[135.369042] (-) TimerEvent: {}
[135.470389] (-) TimerEvent: {}
[135.571492] (-) TimerEvent: {}
[135.673106] (-) TimerEvent: {}
[135.775184] (-) TimerEvent: {}
[135.876356] (-) TimerEvent: {}
[135.977591] (-) TimerEvent: {}
[136.078783] (-) TimerEvent: {}
[136.179995] (-) TimerEvent: {}
[136.281250] (-) TimerEvent: {}
[136.382860] (-) TimerEvent: {}
[136.484220] (-) TimerEvent: {}
[136.585523] (-) TimerEvent: {}
[136.687066] (-) TimerEvent: {}
[136.788463] (-) TimerEvent: {}
[136.890155] (-) TimerEvent: {}
[136.991336] (-) TimerEvent: {}
[137.092532] (-) TimerEvent: {}
[137.193780] (-) TimerEvent: {}
[137.295150] (-) TimerEvent: {}
[137.396385] (-) TimerEvent: {}
[137.497605] (-) TimerEvent: {}
[137.598925] (-) TimerEvent: {}
[137.700089] (-) TimerEvent: {}
[137.801284] (-) TimerEvent: {}
[137.902694] (-) TimerEvent: {}
[138.003977] (-) TimerEvent: {}
[138.105244] (-) TimerEvent: {}
[138.206569] (-) TimerEvent: {}
[138.307819] (-) TimerEvent: {}
[138.409039] (-) TimerEvent: {}
[138.510308] (-) TimerEvent: {}
[138.611429] (-) TimerEvent: {}
[138.713122] (-) TimerEvent: {}
[138.814948] (-) TimerEvent: {}
[138.916472] (-) TimerEvent: {}
[139.018030] (-) TimerEvent: {}
[139.119551] (-) TimerEvent: {}
[139.220689] (-) TimerEvent: {}
[139.322006] (-) TimerEvent: {}
[139.423319] (-) TimerEvent: {}
[139.525714] (-) TimerEvent: {}
[139.627028] (-) TimerEvent: {}
[139.728292] (-) TimerEvent: {}
[139.829369] (-) TimerEvent: {}
[139.930769] (-) TimerEvent: {}
[140.032157] (-) TimerEvent: {}
[140.133461] (-) TimerEvent: {}
[140.234885] (-) TimerEvent: {}
[140.335960] (-) TimerEvent: {}
[140.437286] (-) TimerEvent: {}
[140.538781] (-) TimerEvent: {}
[140.639861] (-) TimerEvent: {}
[140.741093] (-) TimerEvent: {}
[140.842385] (-) TimerEvent: {}
[140.943518] (-) TimerEvent: {}
[141.044691] (-) TimerEvent: {}
[141.145870] (-) TimerEvent: {}
[141.247146] (-) TimerEvent: {}
[141.348319] (-) TimerEvent: {}
[141.449465] (-) TimerEvent: {}
[141.550770] (-) TimerEvent: {}
[141.651924] (-) TimerEvent: {}
[141.753297] (-) TimerEvent: {}
[141.854476] (-) TimerEvent: {}
[141.955575] (-) TimerEvent: {}
[142.056831] (-) TimerEvent: {}
[142.158005] (-) TimerEvent: {}
[142.259166] (-) TimerEvent: {}
[142.360343] (-) TimerEvent: {}
[142.461472] (-) TimerEvent: {}
[142.562710] (-) TimerEvent: {}
[142.663885] (-) TimerEvent: {}
[142.737205] (vesc_ackermann) StdoutLine: {'line': b'[100%] \x1b[32m\x1b[1mLinking CXX shared library libvesc_ackermann.so\x1b[0m\n'}
[142.764152] (-) TimerEvent: {}
[142.865673] (-) TimerEvent: {}
[142.968285] (-) TimerEvent: {}
[143.071087] (-) TimerEvent: {}
[143.173265] (-) TimerEvent: {}
[143.274582] (-) TimerEvent: {}
[143.375754] (-) TimerEvent: {}
[143.476955] (-) TimerEvent: {}
[143.578357] (-) TimerEvent: {}
[143.679453] (-) TimerEvent: {}
[143.696467] (vesc_driver) StdoutLine: {'line': b'[ 60%] \x1b[32mBuilding CXX object CMakeFiles/vesc_driver.dir/src/vesc_packet_factory.cpp.o\x1b[0m\n'}
[143.779806] (-) TimerEvent: {}
[143.881463] (-) TimerEvent: {}
[143.983313] (-) TimerEvent: {}
[144.085076] (-) TimerEvent: {}
[144.186594] (-) TimerEvent: {}
[144.287820] (-) TimerEvent: {}
[144.390179] (-) TimerEvent: {}
[144.491315] (-) TimerEvent: {}
[144.592432] (-) TimerEvent: {}
[144.693583] (-) TimerEvent: {}
[144.794841] (-) TimerEvent: {}
[144.896067] (-) TimerEvent: {}
[144.997522] (-) TimerEvent: {}
[145.099056] (-) TimerEvent: {}
[145.200368] (-) TimerEvent: {}
[145.301563] (-) TimerEvent: {}
[145.403015] (-) TimerEvent: {}
[145.487174] (vesc_ackermann) StdoutLine: {'line': b'[100%] Built target vesc_ackermann\n'}
[145.503264] (-) TimerEvent: {}
[145.557194] (vesc_ackermann) CommandEnded: {'returncode': 0}
[145.604110] (-) TimerEvent: {}
[145.706487] (-) TimerEvent: {}
[145.807554] (-) TimerEvent: {}
[145.814557] (vesc_ackermann) JobProgress: {'identifier': 'vesc_ackermann', 'progress': 'install'}
[145.818692] (vesc_ackermann) Command: {'cmd': ['/usr/bin/cmake', '--install', '/home/nvidia/f1tenth_ws/build/vesc_ackermann'], 'cwd': '/home/nvidia/f1tenth_ws/build/vesc_ackermann', 'env': OrderedDict([('LESSOPEN', '| /usr/bin/lesspipe %s'), ('USER', 'nvidia'), ('SSH_AGENT_PID', '3963'), ('XDG_SESSION_TYPE', 'x11'), ('SHLVL', '1'), ('LD_LIBRARY_PATH', '/home/nvidia/f1tenth_ws/install/vesc_msgs/lib://home/nvidia/f1tenth_ws/install/vesc_driver/lib://home/nvidia/f1tenth_ws/install/vesc_ackermann/lib://home/nvidia/f1tenth_ws/install/vesc_msgs/lib://home/nvidia/f1tenth_ws/install/teleop_tools_msgs/lib:/usr/lib/aarch64-linux-gnu/gazebo-11/plugins:/opt/ros/foxy/opt/yaml_cpp_vendor/lib:/opt/ros/foxy/opt/rviz_ogre_vendor/lib:/opt/ros/foxy/lib/aarch64-linux-gnu:/opt/ros/foxy/lib:/usr/local/cuda-11.4/lib64'), ('HOME', '/home/nvidia'), ('OLDPWD', '/home/nvidia'), ('DESKTOP_SESSION', 'ubuntu'), ('ROS_PYTHON_VERSION', '3'), ('GNOME_SHELL_SESSION_MODE', 'ubuntu'), ('GTK_MODULES', 'gail:atk-bridge'), ('MANAGERPID', '3863'), ('DBUS_SESSION_BUS_ADDRESS', 'unix:path=/run/user/1000/bus'), ('COLORTERM', 'truecolor'), ('TERMINATOR_DBUS_NAME', 'net.tenshu.Terminator23558193cd9818af7fe4d2c2f5bd9d00f'), ('GIO_LAUNCHED_DESKTOP_FILE_PID', '4619'), ('IM_CONFIG_PHASE', '1'), ('COLCON_PREFIX_PATH', '//home/nvidia/f1tenth_ws/install'), ('ROS_DISTRO', 'foxy'), ('LOGNAME', 'nvidia'), ('JOURNAL_STREAM', '8:70019'), ('_', '/usr/bin/colcon'), ('ROS_VERSION', '2'), ('XDG_SESSION_CLASS', 'user'), ('USERNAME', 'nvidia'), ('TERM', 'xterm-256color'), ('GAZEBO_MODEL_PATH', ':/opt/ros/foxy/share/turtlebot3_gazebo/models'), ('GNOME_DESKTOP_SESSION_ID', 'this-is-deprecated'), ('ROS_LOCALHOST_ONLY', '0'), ('WINDOWPATH', '2'), ('PATH', '//home/nvidia/f1tenth_ws/install/range_lib/bin:/opt/ros/foxy/bin:/usr/local/cuda-11.4/bin:/home/nvidia/.local/bin:/usr/local/sbin:/usr/local/bin:/usr/sbin:/usr/bin:/sbin:/bin:/usr/games:/usr/local/games:/snap/bin'), ('SESSION_MANAGER', 'local/ubuntu:@/tmp/.ICE-unix/4000,unix/ubuntu:/tmp/.ICE-unix/4000'), ('INVOCATION_ID', 'f345853a86154e6d9c622f5fbfdc1ac4'), ('XDG_MENU_PREFIX', 'gnome-'), ('XDG_RUNTIME_DIR', '/run/user/1000'), ('DISPLAY', ':1'), ('TERMINATOR_DBUS_PATH', '/net/tenshu/Terminator2'), ('LANG', 'en_US.UTF-8'), ('XDG_CURRENT_DESKTOP', 'ubuntu:GNOME'), ('XMODIFIERS', '@im=ibus'), ('XDG_SESSION_DESKTOP', 'ubuntu'), ('XAUTHORITY', '/run/user/1000/gdm/Xauthority'), ('LS_COLORS', 'rs=0:di=01;34:ln=01;36:mh=00:pi=40;33:so=01;35:do=01;35:bd=40;33;01:cd=40;33;01:or=40;31;01:mi=00:su=37;41:sg=30;43:ca=30;41:tw=30;42:ow=34;42:st=37;44:ex=01;32:*.tar=01;31:*.tgz=01;31:*.arc=01;31:*.arj=01;31:*.taz=01;31:*.lha=01;31:*.lz4=01;31:*.lzh=01;31:*.lzma=01;31:*.tlz=01;31:*.txz=01;31:*.tzo=01;31:*.t7z=01;31:*.zip=01;31:*.z=01;31:*.dz=01;31:*.gz=01;31:*.lrz=01;31:*.lz=01;31:*.lzo=01;31:*.xz=01;31:*.zst=01;31:*.tzst=01;31:*.bz2=01;31:*.bz=01;31:*.tbz=01;31:*.tbz2=01;31:*.tz=01;31:*.deb=01;31:*.rpm=01;31:*.jar=01;31:*.war=01;31:*.ear=01;31:*.sar=01;31:*.rar=01;31:*.alz=01;31:*.ace=01;31:*.zoo=01;31:*.cpio=01;31:*.7z=01;31:*.rz=01;31:*.cab=01;31:*.wim=01;31:*.swm=01;31:*.dwm=01;31:*.esd=01;31:*.jpg=01;35:*.jpeg=01;35:*.mjpg=01;35:*.mjpeg=01;35:*.gif=01;35:*.bmp=01;35:*.pbm=01;35:*.pgm=01;35:*.ppm=01;35:*.tga=01;35:*.xbm=01;35:*.xpm=01;35:*.tif=01;35:*.tiff=01;35:*.png=01;35:*.svg=01;35:*.svgz=01;35:*.mng=01;35:*.pcx=01;35:*.mov=01;35:*.mpg=01;35:*.mpeg=01;35:*.m2v=01;35:*.mkv=01;35:*.webm=01;35:*.ogm=01;35:*.mp4=01;35:*.m4v=01;35:*.mp4v=01;35:*.vob=01;35:*.qt=01;35:*.nuv=01;35:*.wmv=01;35:*.asf=01;35:*.rm=01;35:*.rmvb=01;35:*.flc=01;35:*.avi=01;35:*.fli=01;35:*.flv=01;35:*.gl=01;35:*.dl=01;35:*.xcf=01;35:*.xwd=01;35:*.yuv=01;35:*.cgm=01;35:*.emf=01;35:*.ogv=01;35:*.ogx=01;35:*.aac=00;36:*.au=00;36:*.flac=00;36:*.m4a=00;36:*.mid=00;36:*.midi=00;36:*.mka=00;36:*.mp3=00;36:*.mpc=00;36:*.ogg=00;36:*.ra=00;36:*.wav=00;36:*.oga=00;36:*.opus=00;36:*.spx=00;36:*.xspf=00;36:'), ('SSH_AUTH_SOCK', '/run/user/1000/keyring/ssh'), ('ROS_DOMAIN_ID', '10'), ('AMENT_PREFIX_PATH', '/home/nvidia/f1tenth_ws/install/vesc_msgs://home/nvidia/f1tenth_ws/install/f1tenth_stack://home/nvidia/f1tenth_ws/install/vesc://home/nvidia/f1tenth_ws/install/vesc_driver://home/nvidia/f1tenth_ws/install/vesc_ackermann://home/nvidia/f1tenth_ws/install/vesc_msgs://home/nvidia/f1tenth_ws/install/teleop_tools://home/nvidia/f1tenth_ws/install/joy_teleop://home/nvidia/f1tenth_ws/install/teleop_tools_msgs://home/nvidia/f1tenth_ws/install/phasespace://home/nvidia/f1tenth_ws/install/particle_filter://home/nvidia/f1tenth_ws/install/new_map_saver://home/nvidia/f1tenth_ws/install/mouse_teleop://home/nvidia/f1tenth_ws/install/mapping://home/nvidia/f1tenth_ws/install/key_teleop://home/nvidia/f1tenth_ws/install/f1tenth_controllers://home/nvidia/f1tenth_ws/install/ackermann_mux:/opt/ros/foxy'), ('SHELL', '/bin/bash'), ('TERMINATOR_UUID', 'urn:uuid:3f2a181a-16ef-4091-b349-7c01a0bf8815'), ('QT_ACCESSIBILITY', '1'), ('GDMSESSION', 'ubuntu'), ('LESSCLOSE', '/usr/bin/lesspipe %s %s'), ('GPG_AGENT_INFO', '/run/user/1000/gnupg/S.gpg-agent:0:1'), ('QT_IM_MODULE', 'ibus'), ('PWD', '/home/nvidia/f1tenth_ws/build/vesc_ackermann'), ('TURTLEBOT3_MODEL', 'waffle'), ('LC_ALL', 'en_US.UTF-8'), ('XDG_CONFIG_DIRS', '/etc/xdg/xdg-ubuntu:/etc/xdg'), ('XDG_DATA_DIRS', '/usr/share/ubuntu:/usr/local/share/:/usr/share/:/var/lib/snapd/desktop'), ('PYTHONPATH', '/home/nvidia/f1tenth_ws/install/vesc_msgs/lib/python3.8/site-packages://home/nvidia/f1tenth_ws/install/f1tenth_stack/lib/python3.8/site-packages://home/nvidia/f1tenth_ws/install/vesc_msgs/lib/python3.8/site-packages://home/nvidia/f1tenth_ws/install/joy_teleop/lib/python3.8/site-packages://home/nvidia/f1tenth_ws/install/teleop_tools_msgs/lib/python3.8/site-packages://home/nvidia/f1tenth_ws/install/phasespace/lib/python3.8/site-packages://home/nvidia/f1tenth_ws/install/particle_filter/lib/python3.8/site-packages://home/nvidia/f1tenth_ws/install/new_map_saver/lib/python3.8/site-packages://home/nvidia/f1tenth_ws/install/mouse_teleop/lib/python3.8/site-packages://home/nvidia/f1tenth_ws/install/mapping/lib/python3.8/site-packages://home/nvidia/f1tenth_ws/install/key_teleop/lib/python3.8/site-packages://home/nvidia/f1tenth_ws/install/f1tenth_controllers/lib/python3.8/site-packages:/opt/ros/foxy/lib/python3.8/site-packages'), ('COLCON', '1'), ('VTE_VERSION', '6003'), ('CMAKE_PREFIX_PATH', '/home/nvidia/f1tenth_ws/install/vesc_msgs://home/nvidia/f1tenth_ws/install/vesc://home/nvidia/f1tenth_ws/install/vesc_driver://home/nvidia/f1tenth_ws/install/vesc_ackermann://home/nvidia/f1tenth_ws/install/vesc_msgs://home/nvidia/f1tenth_ws/install/teleop_tools://home/nvidia/f1tenth_ws/install/teleop_tools_msgs://home/nvidia/f1tenth_ws/install/range_lib://home/nvidia/f1tenth_ws/install/ackermann_mux://home/nvidia/f1tenth_ws/install/f1tenth_stack://home/nvidia/f1tenth_ws/install/joy_teleop://home/nvidia/f1tenth_ws/install/phasespace://home/nvidia/f1tenth_ws/install/particle_filter://home/nvidia/f1tenth_ws/install/new_map_saver://home/nvidia/f1tenth_ws/install/mouse_teleop://home/nvidia/f1tenth_ws/install/mapping://home/nvidia/f1tenth_ws/install/key_teleop://home/nvidia/f1tenth_ws/install/f1tenth_controllers:/opt/ros/foxy')]), 'shell': False}
[145.880092] (vesc_ackermann) StdoutLine: {'line': b'-- Install configuration: ""\n'}
[145.881299] (vesc_ackermann) StdoutLine: {'line': b'-- Installing: /home/nvidia/f1tenth_ws/install/vesc_ackermann/lib/vesc_ackermann/ackermann_to_vesc_node\n'}
[145.887128] (vesc_ackermann) StdoutLine: {'line': b'-- Set runtime path of "/home/nvidia/f1tenth_ws/install/vesc_ackermann/lib/vesc_ackermann/ackermann_to_vesc_node" to ""\n'}
[145.888297] (vesc_ackermann) StdoutLine: {'line': b'-- Installing: /home/nvidia/f1tenth_ws/install/vesc_ackermann/lib/vesc_ackermann/vesc_to_odom_node\n'}
[145.893745] (vesc_ackermann) StdoutLine: {'line': b'-- Set runtime path of "/home/nvidia/f1tenth_ws/install/vesc_ackermann/lib/vesc_ackermann/vesc_to_odom_node" to ""\n'}
[145.894828] (vesc_ackermann) StdoutLine: {'line': b'-- Installing: /home/nvidia/f1tenth_ws/install/vesc_ackermann/include\n'}
[145.895229] (vesc_ackermann) StdoutLine: {'line': b'-- Installing: /home/nvidia/f1tenth_ws/install/vesc_ackermann/include/vesc_ackermann\n'}
[145.895855] (vesc_ackermann) StdoutLine: {'line': b'-- Installing: /home/nvidia/f1tenth_ws/install/vesc_ackermann/include/vesc_ackermann/vesc_to_odom.hpp\n'}
[145.896246] (vesc_ackermann) StdoutLine: {'line': b'-- Installing: /home/nvidia/f1tenth_ws/install/vesc_ackermann/include/vesc_ackermann/ackermann_to_vesc.hpp\n'}
[145.897155] (vesc_ackermann) StdoutLine: {'line': b'-- Installing: /home/nvidia/f1tenth_ws/install/vesc_ackermann/share/vesc_ackermann/environment/library_path.sh\n'}
[145.898325] (vesc_ackermann) StdoutLine: {'line': b'-- Installing: /home/nvidia/f1tenth_ws/install/vesc_ackermann/share/vesc_ackermann/environment/library_path.dsv\n'}
[145.899670] (vesc_ackermann) StdoutLine: {'line': b'-- Installing: /home/nvidia/f1tenth_ws/install/vesc_ackermann/lib/libvesc_ackermann.so\n'}
[145.907769] (-) TimerEvent: {}
[145.966974] (vesc_ackermann) StdoutLine: {'line': b'-- Set runtime path of "/home/nvidia/f1tenth_ws/install/vesc_ackermann/lib/libvesc_ackermann.so" to ""\n'}
[145.968347] (vesc_ackermann) StdoutLine: {'line': b'-- Installing: /home/nvidia/f1tenth_ws/install/vesc_ackermann/share/vesc_ackermann/launch\n'}
[145.968927] (vesc_ackermann) StdoutLine: {'line': b'-- Installing: /home/nvidia/f1tenth_ws/install/vesc_ackermann/share/vesc_ackermann/launch/ackermann_to_vesc_node.launch.xml\n'}
[145.969592] (vesc_ackermann) StdoutLine: {'line': b'-- Installing: /home/nvidia/f1tenth_ws/install/vesc_ackermann/share/vesc_ackermann/launch/vesc_to_odom_node.launch.xml\n'}
[145.971646] (vesc_ackermann) StdoutLine: {'line': b'-- Installing: /home/nvidia/f1tenth_ws/install/vesc_ackermann/share/ament_index/resource_index/package_run_dependencies/vesc_ackermann\n'}
[145.973379] (vesc_ackermann) StdoutLine: {'line': b'-- Installing: /home/nvidia/f1tenth_ws/install/vesc_ackermann/share/ament_index/resource_index/parent_prefix_path/vesc_ackermann\n'}
[145.974507] (vesc_ackermann) StdoutLine: {'line': b'-- Installing: /home/nvidia/f1tenth_ws/install/vesc_ackermann/share/vesc_ackermann/environment/ament_prefix_path.sh\n'}
[145.975575] (vesc_ackermann) StdoutLine: {'line': b'-- Installing: /home/nvidia/f1tenth_ws/install/vesc_ackermann/share/vesc_ackermann/environment/ament_prefix_path.dsv\n'}
[145.976628] (vesc_ackermann) StdoutLine: {'line': b'-- Installing: /home/nvidia/f1tenth_ws/install/vesc_ackermann/share/vesc_ackermann/environment/path.sh\n'}
[145.978142] (vesc_ackermann) StdoutLine: {'line': b'-- Installing: /home/nvidia/f1tenth_ws/install/vesc_ackermann/share/vesc_ackermann/environment/path.dsv\n'}
[145.979270] (vesc_ackermann) StdoutLine: {'line': b'-- Installing: /home/nvidia/f1tenth_ws/install/vesc_ackermann/share/vesc_ackermann/local_setup.bash\n'}
[145.980252] (vesc_ackermann) StdoutLine: {'line': b'-- Installing: /home/nvidia/f1tenth_ws/install/vesc_ackermann/share/vesc_ackermann/local_setup.sh\n'}
[145.981342] (vesc_ackermann) StdoutLine: {'line': b'-- Installing: /home/nvidia/f1tenth_ws/install/vesc_ackermann/share/vesc_ackermann/local_setup.zsh\n'}
[145.982338] (vesc_ackermann) StdoutLine: {'line': b'-- Installing: /home/nvidia/f1tenth_ws/install/vesc_ackermann/share/vesc_ackermann/local_setup.dsv\n'}
[145.983409] (vesc_ackermann) StdoutLine: {'line': b'-- Installing: /home/nvidia/f1tenth_ws/install/vesc_ackermann/share/vesc_ackermann/package.dsv\n'}
[145.984778] (vesc_ackermann) StdoutLine: {'line': b'-- Installing: /home/nvidia/f1tenth_ws/install/vesc_ackermann/share/ament_index/resource_index/packages/vesc_ackermann\n'}
[145.986059] (vesc_ackermann) StdoutLine: {'line': b'-- Installing: /home/nvidia/f1tenth_ws/install/vesc_ackermann/share/ament_index/resource_index/rclcpp_components/vesc_ackermann\n'}
[145.987788] (vesc_ackermann) StdoutLine: {'line': b'-- Installing: /home/nvidia/f1tenth_ws/install/vesc_ackermann/share/vesc_ackermann/cmake/ament_cmake_export_dependencies-extras.cmake\n'}
[145.988876] (vesc_ackermann) StdoutLine: {'line': b'-- Installing: /home/nvidia/f1tenth_ws/install/vesc_ackermann/share/vesc_ackermann/cmake/ament_cmake_export_include_directories-extras.cmake\n'}
[145.989510] (vesc_ackermann) StdoutLine: {'line': b'-- Installing: /home/nvidia/f1tenth_ws/install/vesc_ackermann/share/vesc_ackermann/cmake/ament_cmake_export_libraries-extras.cmake\n'}
[145.990667] (vesc_ackermann) StdoutLine: {'line': b'-- Installing: /home/nvidia/f1tenth_ws/install/vesc_ackermann/share/vesc_ackermann/cmake/vesc_ackermannConfig.cmake\n'}
[145.991461] (vesc_ackermann) StdoutLine: {'line': b'-- Installing: /home/nvidia/f1tenth_ws/install/vesc_ackermann/share/vesc_ackermann/cmake/vesc_ackermannConfig-version.cmake\n'}
[145.992426] (vesc_ackermann) StdoutLine: {'line': b'-- Installing: /home/nvidia/f1tenth_ws/install/vesc_ackermann/share/vesc_ackermann/package.xml\n'}
[146.002861] (vesc_ackermann) CommandEnded: {'returncode': 0}
[146.011189] (-) TimerEvent: {}
[146.113118] (-) TimerEvent: {}
[146.215723] (-) TimerEvent: {}
[146.322165] (-) TimerEvent: {}
[146.380647] (vesc_ackermann) JobEnded: {'identifier': 'vesc_ackermann', 'rc': 0}
[146.422431] (-) TimerEvent: {}
[146.523431] (-) TimerEvent: {}
[146.624342] (-) TimerEvent: {}
[146.725410] (-) TimerEvent: {}
[146.826579] (-) TimerEvent: {}
[146.860641] (vesc_driver) StdoutLine: {'line': b'[ 70%] \x1b[32m\x1b[1mLinking CXX shared library libvesc_driver.so\x1b[0m\n'}
[146.926848] (-) TimerEvent: {}
[147.027922] (-) TimerEvent: {}
[147.128985] (-) TimerEvent: {}
[147.230057] (-) TimerEvent: {}
[147.331028] (-) TimerEvent: {}
[147.432119] (-) TimerEvent: {}
[147.533256] (-) TimerEvent: {}
[147.634366] (-) TimerEvent: {}
[147.735498] (-) TimerEvent: {}
[147.836627] (-) TimerEvent: {}
[147.937831] (-) TimerEvent: {}
[148.039122] (-) TimerEvent: {}
[148.140358] (-) TimerEvent: {}
[148.241481] (-) TimerEvent: {}
[148.342655] (-) TimerEvent: {}
[148.443700] (-) TimerEvent: {}
[148.544802] (-) TimerEvent: {}
[148.645812] (-) TimerEvent: {}
[148.746926] (-) TimerEvent: {}
[148.848034] (-) TimerEvent: {}
[148.949851] (-) TimerEvent: {}
[149.012980] (vesc_driver) StdoutLine: {'line': b'[ 70%] Built target vesc_driver\n'}
[149.050095] (-) TimerEvent: {}
[149.080568] (vesc_driver) StdoutLine: {'line': b'\x1b[35m\x1b[1mScanning dependencies of target vesc_device_namer\x1b[0m\n'}
[149.150362] (-) TimerEvent: {}
[149.159880] (vesc_driver) StdoutLine: {'line': b'[ 80%] \x1b[32mBuilding CXX object CMakeFiles/vesc_device_namer.dir/src/vesc_device_namer.cpp.o\x1b[0m\n'}
[149.165997] (vesc_driver) StdoutLine: {'line': b'[ 90%] \x1b[32mBuilding CXX object CMakeFiles/vesc_device_namer.dir/src/vesc_device_uuid_lookup.cpp.o\x1b[0m\n'}
[149.250634] (-) TimerEvent: {}
[149.351688] (-) TimerEvent: {}
[149.452707] (-) TimerEvent: {}
[149.553768] (-) TimerEvent: {}
[149.654982] (-) TimerEvent: {}
[149.756118] (-) TimerEvent: {}
[149.857208] (-) TimerEvent: {}
[149.958433] (-) TimerEvent: {}
[150.059510] (-) TimerEvent: {}
[150.160653] (-) TimerEvent: {}
[150.261817] (-) TimerEvent: {}
[150.363052] (-) TimerEvent: {}
[150.464118] (-) TimerEvent: {}
[150.565229] (-) TimerEvent: {}
[150.666534] (-) TimerEvent: {}
[150.767576] (-) TimerEvent: {}
[150.868690] (-) TimerEvent: {}
[150.969804] (-) TimerEvent: {}
[151.071057] (-) TimerEvent: {}
[151.172182] (-) TimerEvent: {}
[151.273257] (-) TimerEvent: {}
[151.374520] (-) TimerEvent: {}
[151.475560] (-) TimerEvent: {}
[151.576570] (-) TimerEvent: {}
[151.677612] (-) TimerEvent: {}
[151.778669] (-) TimerEvent: {}
[151.879703] (-) TimerEvent: {}
[151.980742] (-) TimerEvent: {}
[152.038378] (vesc_driver) StdoutLine: {'line': b'[100%] \x1b[32m\x1b[1mLinking CXX executable vesc_device_namer\x1b[0m\n'}
[152.080990] (-) TimerEvent: {}
[152.182206] (-) TimerEvent: {}
[152.283149] (-) TimerEvent: {}
[152.384102] (-) TimerEvent: {}
[152.484981] (-) TimerEvent: {}
[152.586006] (-) TimerEvent: {}
[152.687093] (-) TimerEvent: {}
[152.788052] (-) TimerEvent: {}
[152.889028] (-) TimerEvent: {}
[152.991691] (-) TimerEvent: {}
[153.092638] (-) TimerEvent: {}
[153.150109] (vesc_driver) StdoutLine: {'line': b'[100%] Built target vesc_device_namer\n'}
[153.192889] (-) TimerEvent: {}
[153.216481] (vesc_driver) CommandEnded: {'returncode': 0}
[153.293662] (-) TimerEvent: {}
[153.395922] (-) TimerEvent: {}
[153.496880] (-) TimerEvent: {}
[153.502434] (vesc_driver) JobProgress: {'identifier': 'vesc_driver', 'progress': 'install'}
[153.506694] (vesc_driver) Command: {'cmd': ['/usr/bin/cmake', '--install', '/home/nvidia/f1tenth_ws/build/vesc_driver'], 'cwd': '/home/nvidia/f1tenth_ws/build/vesc_driver', 'env': OrderedDict([('LESSOPEN', '| /usr/bin/lesspipe %s'), ('USER', 'nvidia'), ('SSH_AGENT_PID', '3963'), ('XDG_SESSION_TYPE', 'x11'), ('SHLVL', '1'), ('LD_LIBRARY_PATH', '/home/nvidia/f1tenth_ws/install/vesc_msgs/lib://home/nvidia/f1tenth_ws/install/vesc_driver/lib://home/nvidia/f1tenth_ws/install/vesc_ackermann/lib://home/nvidia/f1tenth_ws/install/vesc_msgs/lib://home/nvidia/f1tenth_ws/install/teleop_tools_msgs/lib:/usr/lib/aarch64-linux-gnu/gazebo-11/plugins:/opt/ros/foxy/opt/yaml_cpp_vendor/lib:/opt/ros/foxy/opt/rviz_ogre_vendor/lib:/opt/ros/foxy/lib/aarch64-linux-gnu:/opt/ros/foxy/lib:/usr/local/cuda-11.4/lib64'), ('HOME', '/home/nvidia'), ('OLDPWD', '/home/nvidia'), ('DESKTOP_SESSION', 'ubuntu'), ('ROS_PYTHON_VERSION', '3'), ('GNOME_SHELL_SESSION_MODE', 'ubuntu'), ('GTK_MODULES', 'gail:atk-bridge'), ('MANAGERPID', '3863'), ('DBUS_SESSION_BUS_ADDRESS', 'unix:path=/run/user/1000/bus'), ('COLORTERM', 'truecolor'), ('TERMINATOR_DBUS_NAME', 'net.tenshu.Terminator23558193cd9818af7fe4d2c2f5bd9d00f'), ('GIO_LAUNCHED_DESKTOP_FILE_PID', '4619'), ('IM_CONFIG_PHASE', '1'), ('COLCON_PREFIX_PATH', '//home/nvidia/f1tenth_ws/install'), ('ROS_DISTRO', 'foxy'), ('LOGNAME', 'nvidia'), ('JOURNAL_STREAM', '8:70019'), ('_', '/usr/bin/colcon'), ('ROS_VERSION', '2'), ('XDG_SESSION_CLASS', 'user'), ('USERNAME', 'nvidia'), ('TERM', 'xterm-256color'), ('GAZEBO_MODEL_PATH', ':/opt/ros/foxy/share/turtlebot3_gazebo/models'), ('GNOME_DESKTOP_SESSION_ID', 'this-is-deprecated'), ('ROS_LOCALHOST_ONLY', '0'), ('WINDOWPATH', '2'), ('PATH', '//home/nvidia/f1tenth_ws/install/range_lib/bin:/opt/ros/foxy/bin:/usr/local/cuda-11.4/bin:/home/nvidia/.local/bin:/usr/local/sbin:/usr/local/bin:/usr/sbin:/usr/bin:/sbin:/bin:/usr/games:/usr/local/games:/snap/bin'), ('SESSION_MANAGER', 'local/ubuntu:@/tmp/.ICE-unix/4000,unix/ubuntu:/tmp/.ICE-unix/4000'), ('INVOCATION_ID', 'f345853a86154e6d9c622f5fbfdc1ac4'), ('XDG_MENU_PREFIX', 'gnome-'), ('XDG_RUNTIME_DIR', '/run/user/1000'), ('DISPLAY', ':1'), ('TERMINATOR_DBUS_PATH', '/net/tenshu/Terminator2'), ('LANG', 'en_US.UTF-8'), ('XDG_CURRENT_DESKTOP', 'ubuntu:GNOME'), ('XMODIFIERS', '@im=ibus'), ('XDG_SESSION_DESKTOP', 'ubuntu'), ('XAUTHORITY', '/run/user/1000/gdm/Xauthority'), ('LS_COLORS', 'rs=0:di=01;34:ln=01;36:mh=00:pi=40;33:so=01;35:do=01;35:bd=40;33;01:cd=40;33;01:or=40;31;01:mi=00:su=37;41:sg=30;43:ca=30;41:tw=30;42:ow=34;42:st=37;44:ex=01;32:*.tar=01;31:*.tgz=01;31:*.arc=01;31:*.arj=01;31:*.taz=01;31:*.lha=01;31:*.lz4=01;31:*.lzh=01;31:*.lzma=01;31:*.tlz=01;31:*.txz=01;31:*.tzo=01;31:*.t7z=01;31:*.zip=01;31:*.z=01;31:*.dz=01;31:*.gz=01;31:*.lrz=01;31:*.lz=01;31:*.lzo=01;31:*.xz=01;31:*.zst=01;31:*.tzst=01;31:*.bz2=01;31:*.bz=01;31:*.tbz=01;31:*.tbz2=01;31:*.tz=01;31:*.deb=01;31:*.rpm=01;31:*.jar=01;31:*.war=01;31:*.ear=01;31:*.sar=01;31:*.rar=01;31:*.alz=01;31:*.ace=01;31:*.zoo=01;31:*.cpio=01;31:*.7z=01;31:*.rz=01;31:*.cab=01;31:*.wim=01;31:*.swm=01;31:*.dwm=01;31:*.esd=01;31:*.jpg=01;35:*.jpeg=01;35:*.mjpg=01;35:*.mjpeg=01;35:*.gif=01;35:*.bmp=01;35:*.pbm=01;35:*.pgm=01;35:*.ppm=01;35:*.tga=01;35:*.xbm=01;35:*.xpm=01;35:*.tif=01;35:*.tiff=01;35:*.png=01;35:*.svg=01;35:*.svgz=01;35:*.mng=01;35:*.pcx=01;35:*.mov=01;35:*.mpg=01;35:*.mpeg=01;35:*.m2v=01;35:*.mkv=01;35:*.webm=01;35:*.ogm=01;35:*.mp4=01;35:*.m4v=01;35:*.mp4v=01;35:*.vob=01;35:*.qt=01;35:*.nuv=01;35:*.wmv=01;35:*.asf=01;35:*.rm=01;35:*.rmvb=01;35:*.flc=01;35:*.avi=01;35:*.fli=01;35:*.flv=01;35:*.gl=01;35:*.dl=01;35:*.xcf=01;35:*.xwd=01;35:*.yuv=01;35:*.cgm=01;35:*.emf=01;35:*.ogv=01;35:*.ogx=01;35:*.aac=00;36:*.au=00;36:*.flac=00;36:*.m4a=00;36:*.mid=00;36:*.midi=00;36:*.mka=00;36:*.mp3=00;36:*.mpc=00;36:*.ogg=00;36:*.ra=00;36:*.wav=00;36:*.oga=00;36:*.opus=00;36:*.spx=00;36:*.xspf=00;36:'), ('SSH_AUTH_SOCK', '/run/user/1000/keyring/ssh'), ('ROS_DOMAIN_ID', '10'), ('AMENT_PREFIX_PATH', '/home/nvidia/f1tenth_ws/install/vesc_msgs://home/nvidia/f1tenth_ws/install/f1tenth_stack://home/nvidia/f1tenth_ws/install/vesc://home/nvidia/f1tenth_ws/install/vesc_driver://home/nvidia/f1tenth_ws/install/vesc_ackermann://home/nvidia/f1tenth_ws/install/vesc_msgs://home/nvidia/f1tenth_ws/install/teleop_tools://home/nvidia/f1tenth_ws/install/joy_teleop://home/nvidia/f1tenth_ws/install/teleop_tools_msgs://home/nvidia/f1tenth_ws/install/phasespace://home/nvidia/f1tenth_ws/install/particle_filter://home/nvidia/f1tenth_ws/install/new_map_saver://home/nvidia/f1tenth_ws/install/mouse_teleop://home/nvidia/f1tenth_ws/install/mapping://home/nvidia/f1tenth_ws/install/key_teleop://home/nvidia/f1tenth_ws/install/f1tenth_controllers://home/nvidia/f1tenth_ws/install/ackermann_mux:/opt/ros/foxy'), ('SHELL', '/bin/bash'), ('TERMINATOR_UUID', 'urn:uuid:3f2a181a-16ef-4091-b349-7c01a0bf8815'), ('QT_ACCESSIBILITY', '1'), ('GDMSESSION', 'ubuntu'), ('LESSCLOSE', '/usr/bin/lesspipe %s %s'), ('GPG_AGENT_INFO', '/run/user/1000/gnupg/S.gpg-agent:0:1'), ('QT_IM_MODULE', 'ibus'), ('PWD', '/home/nvidia/f1tenth_ws/build/vesc_driver'), ('TURTLEBOT3_MODEL', 'waffle'), ('LC_ALL', 'en_US.UTF-8'), ('XDG_CONFIG_DIRS', '/etc/xdg/xdg-ubuntu:/etc/xdg'), ('XDG_DATA_DIRS', '/usr/share/ubuntu:/usr/local/share/:/usr/share/:/var/lib/snapd/desktop'), ('PYTHONPATH', '/home/nvidia/f1tenth_ws/install/vesc_msgs/lib/python3.8/site-packages://home/nvidia/f1tenth_ws/install/f1tenth_stack/lib/python3.8/site-packages://home/nvidia/f1tenth_ws/install/vesc_msgs/lib/python3.8/site-packages://home/nvidia/f1tenth_ws/install/joy_teleop/lib/python3.8/site-packages://home/nvidia/f1tenth_ws/install/teleop_tools_msgs/lib/python3.8/site-packages://home/nvidia/f1tenth_ws/install/phasespace/lib/python3.8/site-packages://home/nvidia/f1tenth_ws/install/particle_filter/lib/python3.8/site-packages://home/nvidia/f1tenth_ws/install/new_map_saver/lib/python3.8/site-packages://home/nvidia/f1tenth_ws/install/mouse_teleop/lib/python3.8/site-packages://home/nvidia/f1tenth_ws/install/mapping/lib/python3.8/site-packages://home/nvidia/f1tenth_ws/install/key_teleop/lib/python3.8/site-packages://home/nvidia/f1tenth_ws/install/f1tenth_controllers/lib/python3.8/site-packages:/opt/ros/foxy/lib/python3.8/site-packages'), ('COLCON', '1'), ('VTE_VERSION', '6003'), ('CMAKE_PREFIX_PATH', '/home/nvidia/f1tenth_ws/install/vesc_msgs://home/nvidia/f1tenth_ws/install/vesc://home/nvidia/f1tenth_ws/install/vesc_driver://home/nvidia/f1tenth_ws/install/vesc_ackermann://home/nvidia/f1tenth_ws/install/vesc_msgs://home/nvidia/f1tenth_ws/install/teleop_tools://home/nvidia/f1tenth_ws/install/teleop_tools_msgs://home/nvidia/f1tenth_ws/install/range_lib://home/nvidia/f1tenth_ws/install/ackermann_mux://home/nvidia/f1tenth_ws/install/f1tenth_stack://home/nvidia/f1tenth_ws/install/joy_teleop://home/nvidia/f1tenth_ws/install/phasespace://home/nvidia/f1tenth_ws/install/particle_filter://home/nvidia/f1tenth_ws/install/new_map_saver://home/nvidia/f1tenth_ws/install/mouse_teleop://home/nvidia/f1tenth_ws/install/mapping://home/nvidia/f1tenth_ws/install/key_teleop://home/nvidia/f1tenth_ws/install/f1tenth_controllers:/opt/ros/foxy')]), 'shell': False}
[153.567276] (vesc_driver) StdoutLine: {'line': b'-- Install configuration: ""\n'}
[153.568671] (vesc_driver) StdoutLine: {'line': b'-- Installing: /home/nvidia/f1tenth_ws/install/vesc_driver/lib/vesc_driver/vesc_driver_node\n'}
[153.575530] (vesc_driver) StdoutLine: {'line': b'-- Set runtime path of "/home/nvidia/f1tenth_ws/install/vesc_driver/lib/vesc_driver/vesc_driver_node" to ""\n'}
[153.576636] (vesc_driver) StdoutLine: {'line': b'-- Installing: /home/nvidia/f1tenth_ws/install/vesc_driver/include\n'}
[153.577197] (vesc_driver) StdoutLine: {'line': b'-- Installing: /home/nvidia/f1tenth_ws/install/vesc_driver/include/vesc_driver\n'}
[153.577621] (vesc_driver) StdoutLine: {'line': b'-- Installing: /home/nvidia/f1tenth_ws/install/vesc_driver/include/vesc_driver/vesc_interface.hpp\n'}
[153.578347] (vesc_driver) StdoutLine: {'line': b'-- Installing: /home/nvidia/f1tenth_ws/install/vesc_driver/include/vesc_driver/vesc_driver.hpp\n'}
[153.578911] (vesc_driver) StdoutLine: {'line': b'-- Installing: /home/nvidia/f1tenth_ws/install/vesc_driver/include/vesc_driver/vesc_packet.hpp\n'}
[153.579626] (vesc_driver) StdoutLine: {'line': b'-- Installing: /home/nvidia/f1tenth_ws/install/vesc_driver/include/vesc_driver/vesc_packet_factory.hpp\n'}
[153.580453] (vesc_driver) StdoutLine: {'line': b'-- Installing: /home/nvidia/f1tenth_ws/install/vesc_driver/include/vesc_driver/datatypes.hpp\n'}
[153.581386] (vesc_driver) StdoutLine: {'line': b'-- Installing: /home/nvidia/f1tenth_ws/install/vesc_driver/include/vesc_driver/crc.hpp\n'}
[153.582826] (vesc_driver) StdoutLine: {'line': b'-- Installing: /home/nvidia/f1tenth_ws/install/vesc_driver/include/vesc_driver/vesc_device_uuid_lookup.hpp\n'}
[153.584580] (vesc_driver) StdoutLine: {'line': b'-- Installing: /home/nvidia/f1tenth_ws/install/vesc_driver/share/vesc_driver/environment/library_path.sh\n'}
[153.585619] (vesc_driver) StdoutLine: {'line': b'-- Installing: /home/nvidia/f1tenth_ws/install/vesc_driver/share/vesc_driver/environment/library_path.dsv\n'}
[153.587003] (vesc_driver) StdoutLine: {'line': b'-- Installing: /home/nvidia/f1tenth_ws/install/vesc_driver/lib/libvesc_driver.so\n'}
[153.597057] (-) TimerEvent: {}
[153.632435] (vesc_driver) StdoutLine: {'line': b'-- Set runtime path of "/home/nvidia/f1tenth_ws/install/vesc_driver/lib/libvesc_driver.so" to ""\n'}
[153.634054] (vesc_driver) StdoutLine: {'line': b'-- Installing: /home/nvidia/f1tenth_ws/install/vesc_driver/lib/vesc_driver/vesc_device_namer\n'}
[153.637440] (vesc_driver) StdoutLine: {'line': b'-- Set runtime path of "/home/nvidia/f1tenth_ws/install/vesc_driver/lib/vesc_driver/vesc_device_namer" to ""\n'}
[153.638138] (vesc_driver) StdoutLine: {'line': b'-- Installing: /home/nvidia/f1tenth_ws/install/vesc_driver/share/vesc_driver/launch\n'}
[153.638669] (vesc_driver) StdoutLine: {'line': b'-- Installing: /home/nvidia/f1tenth_ws/install/vesc_driver/share/vesc_driver/launch/vesc_driver_node.launch.py\n'}
[153.639829] (vesc_driver) StdoutLine: {'line': b'-- Installing: /home/nvidia/f1tenth_ws/install/vesc_driver/share/vesc_driver/params\n'}
[153.640418] (vesc_driver) StdoutLine: {'line': b'-- Installing: /home/nvidia/f1tenth_ws/install/vesc_driver/share/vesc_driver/params/vesc_config.yaml\n'}
[153.642240] (vesc_driver) StdoutLine: {'line': b'-- Installing: /home/nvidia/f1tenth_ws/install/vesc_driver/share/ament_index/resource_index/package_run_dependencies/vesc_driver\n'}
[153.643671] (vesc_driver) StdoutLine: {'line': b'-- Installing: /home/nvidia/f1tenth_ws/install/vesc_driver/share/ament_index/resource_index/parent_prefix_path/vesc_driver\n'}
[153.644656] (vesc_driver) StdoutLine: {'line': b'-- Installing: /home/nvidia/f1tenth_ws/install/vesc_driver/share/vesc_driver/environment/ament_prefix_path.sh\n'}
[153.645663] (vesc_driver) StdoutLine: {'line': b'-- Installing: /home/nvidia/f1tenth_ws/install/vesc_driver/share/vesc_driver/environment/ament_prefix_path.dsv\n'}
[153.646772] (vesc_driver) StdoutLine: {'line': b'-- Installing: /home/nvidia/f1tenth_ws/install/vesc_driver/share/vesc_driver/environment/path.sh\n'}
[153.647913] (vesc_driver) StdoutLine: {'line': b'-- Installing: /home/nvidia/f1tenth_ws/install/vesc_driver/share/vesc_driver/environment/path.dsv\n'}
[153.648871] (vesc_driver) StdoutLine: {'line': b'-- Installing: /home/nvidia/f1tenth_ws/install/vesc_driver/share/vesc_driver/local_setup.bash\n'}
[153.650024] (vesc_driver) StdoutLine: {'line': b'-- Installing: /home/nvidia/f1tenth_ws/install/vesc_driver/share/vesc_driver/local_setup.sh\n'}
[153.651090] (vesc_driver) StdoutLine: {'line': b'-- Installing: /home/nvidia/f1tenth_ws/install/vesc_driver/share/vesc_driver/local_setup.zsh\n'}
[153.652200] (vesc_driver) StdoutLine: {'line': b'-- Installing: /home/nvidia/f1tenth_ws/install/vesc_driver/share/vesc_driver/local_setup.dsv\n'}
[153.653764] (vesc_driver) StdoutLine: {'line': b'-- Installing: /home/nvidia/f1tenth_ws/install/vesc_driver/share/vesc_driver/package.dsv\n'}
[153.654732] (vesc_driver) StdoutLine: {'line': b'-- Installing: /home/nvidia/f1tenth_ws/install/vesc_driver/share/ament_index/resource_index/packages/vesc_driver\n'}
[153.655911] (vesc_driver) StdoutLine: {'line': b'-- Installing: /home/nvidia/f1tenth_ws/install/vesc_driver/share/ament_index/resource_index/rclcpp_components/vesc_driver\n'}
[153.657182] (vesc_driver) StdoutLine: {'line': b'-- Installing: /home/nvidia/f1tenth_ws/install/vesc_driver/share/vesc_driver/cmake/ament_cmake_export_dependencies-extras.cmake\n'}
[153.658370] (vesc_driver) StdoutLine: {'line': b'-- Installing: /home/nvidia/f1tenth_ws/install/vesc_driver/share/vesc_driver/cmake/ament_cmake_export_include_directories-extras.cmake\n'}
[153.659293] (vesc_driver) StdoutLine: {'line': b'-- Installing: /home/nvidia/f1tenth_ws/install/vesc_driver/share/vesc_driver/cmake/ament_cmake_export_libraries-extras.cmake\n'}
[153.660420] (vesc_driver) StdoutLine: {'line': b'-- Installing: /home/nvidia/f1tenth_ws/install/vesc_driver/share/vesc_driver/cmake/vesc_driverConfig.cmake\n'}
[153.661164] (vesc_driver) StdoutLine: {'line': b'-- Installing: /home/nvidia/f1tenth_ws/install/vesc_driver/share/vesc_driver/cmake/vesc_driverConfig-version.cmake\n'}
[153.662308] (vesc_driver) StdoutLine: {'line': b'-- Installing: /home/nvidia/f1tenth_ws/install/vesc_driver/share/vesc_driver/package.xml\n'}
[153.673491] (vesc_driver) CommandEnded: {'returncode': 0}
[153.698160] (-) TimerEvent: {}
[153.799698] (-) TimerEvent: {}
[153.901974] (-) TimerEvent: {}
[154.002891] (-) TimerEvent: {}
[154.064265] (vesc_driver) JobEnded: {'identifier': 'vesc_driver', 'rc': 0}
[154.071123] (vesc) JobStarted: {'identifier': 'vesc'}
[154.104313] (-) TimerEvent: {}
[154.183084] (vesc) JobProgress: {'identifier': 'vesc', 'progress': 'cmake'}
[154.185774] (vesc) Command: {'cmd': ['/usr/bin/cmake', '/home/nvidia/f1tenth_ws/src/f1tenth_system/vesc/vesc', '-DCMAKE_INSTALL_PREFIX=/home/nvidia/f1tenth_ws/install/vesc'], 'cwd': '/home/nvidia/f1tenth_ws/build/vesc', 'env': OrderedDict([('LESSOPEN', '| /usr/bin/lesspipe %s'), ('USER', 'nvidia'), ('SSH_AGENT_PID', '3963'), ('XDG_SESSION_TYPE', 'x11'), ('SHLVL', '1'), ('LD_LIBRARY_PATH', '/home/nvidia/f1tenth_ws/install/vesc_driver/lib:/home/nvidia/f1tenth_ws/install/vesc_ackermann/lib:/home/nvidia/f1tenth_ws/install/vesc_msgs/lib://home/nvidia/f1tenth_ws/install/vesc_driver/lib://home/nvidia/f1tenth_ws/install/vesc_ackermann/lib://home/nvidia/f1tenth_ws/install/vesc_msgs/lib://home/nvidia/f1tenth_ws/install/teleop_tools_msgs/lib:/usr/lib/aarch64-linux-gnu/gazebo-11/plugins:/opt/ros/foxy/opt/yaml_cpp_vendor/lib:/opt/ros/foxy/opt/rviz_ogre_vendor/lib:/opt/ros/foxy/lib/aarch64-linux-gnu:/opt/ros/foxy/lib:/usr/local/cuda-11.4/lib64'), ('HOME', '/home/nvidia'), ('OLDPWD', '/home/nvidia'), ('DESKTOP_SESSION', 'ubuntu'), ('ROS_PYTHON_VERSION', '3'), ('GNOME_SHELL_SESSION_MODE', 'ubuntu'), ('GTK_MODULES', 'gail:atk-bridge'), ('MANAGERPID', '3863'), ('DBUS_SESSION_BUS_ADDRESS', 'unix:path=/run/user/1000/bus'), ('COLORTERM', 'truecolor'), ('TERMINATOR_DBUS_NAME', 'net.tenshu.Terminator23558193cd9818af7fe4d2c2f5bd9d00f'), ('GIO_LAUNCHED_DESKTOP_FILE_PID', '4619'), ('IM_CONFIG_PHASE', '1'), ('COLCON_PREFIX_PATH', '//home/nvidia/f1tenth_ws/install'), ('ROS_DISTRO', 'foxy'), ('LOGNAME', 'nvidia'), ('JOURNAL_STREAM', '8:70019'), ('_', '/usr/bin/colcon'), ('ROS_VERSION', '2'), ('XDG_SESSION_CLASS', 'user'), ('USERNAME', 'nvidia'), ('TERM', 'xterm-256color'), ('GAZEBO_MODEL_PATH', ':/opt/ros/foxy/share/turtlebot3_gazebo/models'), ('GNOME_DESKTOP_SESSION_ID', 'this-is-deprecated'), ('ROS_LOCALHOST_ONLY', '0'), ('WINDOWPATH', '2'), ('PATH', '//home/nvidia/f1tenth_ws/install/range_lib/bin:/opt/ros/foxy/bin:/usr/local/cuda-11.4/bin:/home/nvidia/.local/bin:/usr/local/sbin:/usr/local/bin:/usr/sbin:/usr/bin:/sbin:/bin:/usr/games:/usr/local/games:/snap/bin'), ('SESSION_MANAGER', 'local/ubuntu:@/tmp/.ICE-unix/4000,unix/ubuntu:/tmp/.ICE-unix/4000'), ('INVOCATION_ID', 'f345853a86154e6d9c622f5fbfdc1ac4'), ('XDG_MENU_PREFIX', 'gnome-'), ('XDG_RUNTIME_DIR', '/run/user/1000'), ('DISPLAY', ':1'), ('TERMINATOR_DBUS_PATH', '/net/tenshu/Terminator2'), ('LANG', 'en_US.UTF-8'), ('XDG_CURRENT_DESKTOP', 'ubuntu:GNOME'), ('XMODIFIERS', '@im=ibus'), ('XDG_SESSION_DESKTOP', 'ubuntu'), ('XAUTHORITY', '/run/user/1000/gdm/Xauthority'), ('LS_COLORS', 'rs=0:di=01;34:ln=01;36:mh=00:pi=40;33:so=01;35:do=01;35:bd=40;33;01:cd=40;33;01:or=40;31;01:mi=00:su=37;41:sg=30;43:ca=30;41:tw=30;42:ow=34;42:st=37;44:ex=01;32:*.tar=01;31:*.tgz=01;31:*.arc=01;31:*.arj=01;31:*.taz=01;31:*.lha=01;31:*.lz4=01;31:*.lzh=01;31:*.lzma=01;31:*.tlz=01;31:*.txz=01;31:*.tzo=01;31:*.t7z=01;31:*.zip=01;31:*.z=01;31:*.dz=01;31:*.gz=01;31:*.lrz=01;31:*.lz=01;31:*.lzo=01;31:*.xz=01;31:*.zst=01;31:*.tzst=01;31:*.bz2=01;31:*.bz=01;31:*.tbz=01;31:*.tbz2=01;31:*.tz=01;31:*.deb=01;31:*.rpm=01;31:*.jar=01;31:*.war=01;31:*.ear=01;31:*.sar=01;31:*.rar=01;31:*.alz=01;31:*.ace=01;31:*.zoo=01;31:*.cpio=01;31:*.7z=01;31:*.rz=01;31:*.cab=01;31:*.wim=01;31:*.swm=01;31:*.dwm=01;31:*.esd=01;31:*.jpg=01;35:*.jpeg=01;35:*.mjpg=01;35:*.mjpeg=01;35:*.gif=01;35:*.bmp=01;35:*.pbm=01;35:*.pgm=01;35:*.ppm=01;35:*.tga=01;35:*.xbm=01;35:*.xpm=01;35:*.tif=01;35:*.tiff=01;35:*.png=01;35:*.svg=01;35:*.svgz=01;35:*.mng=01;35:*.pcx=01;35:*.mov=01;35:*.mpg=01;35:*.mpeg=01;35:*.m2v=01;35:*.mkv=01;35:*.webm=01;35:*.ogm=01;35:*.mp4=01;35:*.m4v=01;35:*.mp4v=01;35:*.vob=01;35:*.qt=01;35:*.nuv=01;35:*.wmv=01;35:*.asf=01;35:*.rm=01;35:*.rmvb=01;35:*.flc=01;35:*.avi=01;35:*.fli=01;35:*.flv=01;35:*.gl=01;35:*.dl=01;35:*.xcf=01;35:*.xwd=01;35:*.yuv=01;35:*.cgm=01;35:*.emf=01;35:*.ogv=01;35:*.ogx=01;35:*.aac=00;36:*.au=00;36:*.flac=00;36:*.m4a=00;36:*.mid=00;36:*.midi=00;36:*.mka=00;36:*.mp3=00;36:*.mpc=00;36:*.ogg=00;36:*.ra=00;36:*.wav=00;36:*.oga=00;36:*.opus=00;36:*.spx=00;36:*.xspf=00;36:'), ('SSH_AUTH_SOCK', '/run/user/1000/keyring/ssh'), ('ROS_DOMAIN_ID', '10'), ('AMENT_PREFIX_PATH', '/home/nvidia/f1tenth_ws/install/vesc_driver:/home/nvidia/f1tenth_ws/install/vesc_ackermann:/home/nvidia/f1tenth_ws/install/vesc_msgs://home/nvidia/f1tenth_ws/install/f1tenth_stack://home/nvidia/f1tenth_ws/install/vesc://home/nvidia/f1tenth_ws/install/vesc_driver://home/nvidia/f1tenth_ws/install/vesc_ackermann://home/nvidia/f1tenth_ws/install/vesc_msgs://home/nvidia/f1tenth_ws/install/teleop_tools://home/nvidia/f1tenth_ws/install/joy_teleop://home/nvidia/f1tenth_ws/install/teleop_tools_msgs://home/nvidia/f1tenth_ws/install/phasespace://home/nvidia/f1tenth_ws/install/particle_filter://home/nvidia/f1tenth_ws/install/new_map_saver://home/nvidia/f1tenth_ws/install/mouse_teleop://home/nvidia/f1tenth_ws/install/mapping://home/nvidia/f1tenth_ws/install/key_teleop://home/nvidia/f1tenth_ws/install/f1tenth_controllers://home/nvidia/f1tenth_ws/install/ackermann_mux:/opt/ros/foxy'), ('SHELL', '/bin/bash'), ('TERMINATOR_UUID', 'urn:uuid:3f2a181a-16ef-4091-b349-7c01a0bf8815'), ('QT_ACCESSIBILITY', '1'), ('GDMSESSION', 'ubuntu'), ('LESSCLOSE', '/usr/bin/lesspipe %s %s'), ('GPG_AGENT_INFO', '/run/user/1000/gnupg/S.gpg-agent:0:1'), ('QT_IM_MODULE', 'ibus'), ('PWD', '/home/nvidia/f1tenth_ws/build/vesc'), ('TURTLEBOT3_MODEL', 'waffle'), ('LC_ALL', 'en_US.UTF-8'), ('XDG_CONFIG_DIRS', '/etc/xdg/xdg-ubuntu:/etc/xdg'), ('XDG_DATA_DIRS', '/usr/share/ubuntu:/usr/local/share/:/usr/share/:/var/lib/snapd/desktop'), ('PYTHONPATH', '/home/nvidia/f1tenth_ws/install/vesc_msgs/lib/python3.8/site-packages://home/nvidia/f1tenth_ws/install/f1tenth_stack/lib/python3.8/site-packages://home/nvidia/f1tenth_ws/install/vesc_msgs/lib/python3.8/site-packages://home/nvidia/f1tenth_ws/install/joy_teleop/lib/python3.8/site-packages://home/nvidia/f1tenth_ws/install/teleop_tools_msgs/lib/python3.8/site-packages://home/nvidia/f1tenth_ws/install/phasespace/lib/python3.8/site-packages://home/nvidia/f1tenth_ws/install/particle_filter/lib/python3.8/site-packages://home/nvidia/f1tenth_ws/install/new_map_saver/lib/python3.8/site-packages://home/nvidia/f1tenth_ws/install/mouse_teleop/lib/python3.8/site-packages://home/nvidia/f1tenth_ws/install/mapping/lib/python3.8/site-packages://home/nvidia/f1tenth_ws/install/key_teleop/lib/python3.8/site-packages://home/nvidia/f1tenth_ws/install/f1tenth_controllers/lib/python3.8/site-packages:/opt/ros/foxy/lib/python3.8/site-packages'), ('COLCON', '1'), ('VTE_VERSION', '6003'), ('CMAKE_PREFIX_PATH', '/home/nvidia/f1tenth_ws/install/vesc_driver:/home/nvidia/f1tenth_ws/install/vesc_ackermann:/home/nvidia/f1tenth_ws/install/vesc_msgs://home/nvidia/f1tenth_ws/install/vesc://home/nvidia/f1tenth_ws/install/vesc_driver://home/nvidia/f1tenth_ws/install/vesc_ackermann://home/nvidia/f1tenth_ws/install/vesc_msgs://home/nvidia/f1tenth_ws/install/teleop_tools://home/nvidia/f1tenth_ws/install/teleop_tools_msgs://home/nvidia/f1tenth_ws/install/range_lib://home/nvidia/f1tenth_ws/install/ackermann_mux://home/nvidia/f1tenth_ws/install/f1tenth_stack://home/nvidia/f1tenth_ws/install/joy_teleop://home/nvidia/f1tenth_ws/install/phasespace://home/nvidia/f1tenth_ws/install/particle_filter://home/nvidia/f1tenth_ws/install/new_map_saver://home/nvidia/f1tenth_ws/install/mouse_teleop://home/nvidia/f1tenth_ws/install/mapping://home/nvidia/f1tenth_ws/install/key_teleop://home/nvidia/f1tenth_ws/install/f1tenth_controllers:/opt/ros/foxy')]), 'shell': False}
[154.210341] (-) TimerEvent: {}
[154.311741] (-) TimerEvent: {}
[154.412771] (-) TimerEvent: {}
[154.513848] (-) TimerEvent: {}
[154.614988] (-) TimerEvent: {}
[154.695270] (vesc) StdoutLine: {'line': b'-- The C compiler identification is GNU 9.4.0\n'}
[154.715178] (-) TimerEvent: {}
[154.816177] (-) TimerEvent: {}
[154.917198] (-) TimerEvent: {}
[155.018199] (-) TimerEvent: {}
[155.077212] (vesc) StdoutLine: {'line': b'-- The CXX compiler identification is GNU 9.4.0\n'}
[155.118232] (vesc) StdoutLine: {'line': b'-- Check for working C compiler: /usr/bin/cc\n'}
[155.119034] (-) TimerEvent: {}
[155.219821] (-) TimerEvent: {}
[155.320902] (-) TimerEvent: {}
[155.422153] (-) TimerEvent: {}
[155.523288] (-) TimerEvent: {}
[155.599440] (vesc) StdoutLine: {'line': b'-- Check for working C compiler: /usr/bin/cc -- works\n'}
[155.606706] (vesc) StdoutLine: {'line': b'-- Detecting C compiler ABI info\n'}
[155.623480] (-) TimerEvent: {}
[155.724411] (-) TimerEvent: {}
[155.825412] (-) TimerEvent: {}
[155.926510] (-) TimerEvent: {}
[156.027469] (-) TimerEvent: {}
[156.078106] (vesc) StdoutLine: {'line': b'-- Detecting C compiler ABI info - done\n'}
[156.127684] (-) TimerEvent: {}
[156.137713] (vesc) StdoutLine: {'line': b'-- Detecting C compile features\n'}
[156.139632] (vesc) StdoutLine: {'line': b'-- Detecting C compile features - done\n'}
[156.154393] (vesc) StdoutLine: {'line': b'-- Check for working CXX compiler: /usr/bin/c++\n'}
[156.227917] (-) TimerEvent: {}
[156.328886] (-) TimerEvent: {}
[156.429747] (-) TimerEvent: {}
[156.530751] (-) TimerEvent: {}
[156.631689] (-) TimerEvent: {}
[156.673366] (vesc) StdoutLine: {'line': b'-- Check for working CXX compiler: /usr/bin/c++ -- works\n'}
[156.680502] (vesc) StdoutLine: {'line': b'-- Detecting CXX compiler ABI info\n'}
[156.731933] (-) TimerEvent: {}
[156.833066] (-) TimerEvent: {}
[156.934151] (-) TimerEvent: {}
[157.035088] (-) TimerEvent: {}
[157.136129] (-) TimerEvent: {}
[157.197221] (vesc) StdoutLine: {'line': b'-- Detecting CXX compiler ABI info - done\n'}
[157.236382] (-) TimerEvent: {}
[157.256063] (vesc) StdoutLine: {'line': b'-- Detecting CXX compile features\n'}
[157.258468] (vesc) StdoutLine: {'line': b'-- Detecting CXX compile features - done\n'}
[157.283063] (vesc) StdoutLine: {'line': b'-- Found ament_cmake_auto: 0.9.12 (/opt/ros/foxy/share/ament_cmake_auto/cmake)\n'}
[157.336580] (-) TimerEvent: {}
[157.437594] (-) TimerEvent: {}
[157.502996] (vesc) StdoutLine: {'line': b'-- Found PythonInterp: /usr/bin/python3 (found suitable version "3.8.10", minimum required is "3") \n'}
[157.504251] (vesc) StdoutLine: {'line': b'-- Using PYTHON_EXECUTABLE: /usr/bin/python3\n'}
[157.537854] (-) TimerEvent: {}
[157.638981] (-) TimerEvent: {}
[157.739838] (-) TimerEvent: {}
[157.840883] (-) TimerEvent: {}
[157.941796] (-) TimerEvent: {}
[158.042790] (-) TimerEvent: {}
[158.143765] (-) TimerEvent: {}
[158.244701] (-) TimerEvent: {}
[158.345815] (-) TimerEvent: {}
[158.446974] (-) TimerEvent: {}
[158.547907] (-) TimerEvent: {}
[158.649073] (-) TimerEvent: {}
[158.750300] (-) TimerEvent: {}
[158.851367] (-) TimerEvent: {}
[158.952382] (-) TimerEvent: {}
[159.053461] (-) TimerEvent: {}
[159.154519] (-) TimerEvent: {}
[159.255422] (-) TimerEvent: {}
[159.325608] (vesc) StdoutLine: {'line': b'-- Configuring done\n'}
[159.338199] (vesc) StdoutLine: {'line': b'-- Generating done\n'}
[159.343395] (vesc) StdoutLine: {'line': b'-- Build files have been written to: /home/nvidia/f1tenth_ws/build/vesc\n'}
[159.355700] (-) TimerEvent: {}
[159.361649] (vesc) CommandEnded: {'returncode': 0}
[159.365499] (vesc) JobProgress: {'identifier': 'vesc', 'progress': 'build'}
[159.370306] (vesc) Command: {'cmd': ['/usr/bin/cmake', '--build', '/home/nvidia/f1tenth_ws/build/vesc', '--', '-j6', '-l6'], 'cwd': '/home/nvidia/f1tenth_ws/build/vesc', 'env': OrderedDict([('LESSOPEN', '| /usr/bin/lesspipe %s'), ('USER', 'nvidia'), ('SSH_AGENT_PID', '3963'), ('XDG_SESSION_TYPE', 'x11'), ('SHLVL', '1'), ('LD_LIBRARY_PATH', '/home/nvidia/f1tenth_ws/install/vesc_driver/lib:/home/nvidia/f1tenth_ws/install/vesc_ackermann/lib:/home/nvidia/f1tenth_ws/install/vesc_msgs/lib://home/nvidia/f1tenth_ws/install/vesc_driver/lib://home/nvidia/f1tenth_ws/install/vesc_ackermann/lib://home/nvidia/f1tenth_ws/install/vesc_msgs/lib://home/nvidia/f1tenth_ws/install/teleop_tools_msgs/lib:/usr/lib/aarch64-linux-gnu/gazebo-11/plugins:/opt/ros/foxy/opt/yaml_cpp_vendor/lib:/opt/ros/foxy/opt/rviz_ogre_vendor/lib:/opt/ros/foxy/lib/aarch64-linux-gnu:/opt/ros/foxy/lib:/usr/local/cuda-11.4/lib64'), ('HOME', '/home/nvidia'), ('OLDPWD', '/home/nvidia'), ('DESKTOP_SESSION', 'ubuntu'), ('ROS_PYTHON_VERSION', '3'), ('GNOME_SHELL_SESSION_MODE', 'ubuntu'), ('GTK_MODULES', 'gail:atk-bridge'), ('MANAGERPID', '3863'), ('DBUS_SESSION_BUS_ADDRESS', 'unix:path=/run/user/1000/bus'), ('COLORTERM', 'truecolor'), ('TERMINATOR_DBUS_NAME', 'net.tenshu.Terminator23558193cd9818af7fe4d2c2f5bd9d00f'), ('GIO_LAUNCHED_DESKTOP_FILE_PID', '4619'), ('IM_CONFIG_PHASE', '1'), ('COLCON_PREFIX_PATH', '//home/nvidia/f1tenth_ws/install'), ('ROS_DISTRO', 'foxy'), ('LOGNAME', 'nvidia'), ('JOURNAL_STREAM', '8:70019'), ('_', '/usr/bin/colcon'), ('ROS_VERSION', '2'), ('XDG_SESSION_CLASS', 'user'), ('USERNAME', 'nvidia'), ('TERM', 'xterm-256color'), ('GAZEBO_MODEL_PATH', ':/opt/ros/foxy/share/turtlebot3_gazebo/models'), ('GNOME_DESKTOP_SESSION_ID', 'this-is-deprecated'), ('ROS_LOCALHOST_ONLY', '0'), ('WINDOWPATH', '2'), ('PATH', '//home/nvidia/f1tenth_ws/install/range_lib/bin:/opt/ros/foxy/bin:/usr/local/cuda-11.4/bin:/home/nvidia/.local/bin:/usr/local/sbin:/usr/local/bin:/usr/sbin:/usr/bin:/sbin:/bin:/usr/games:/usr/local/games:/snap/bin'), ('SESSION_MANAGER', 'local/ubuntu:@/tmp/.ICE-unix/4000,unix/ubuntu:/tmp/.ICE-unix/4000'), ('INVOCATION_ID', 'f345853a86154e6d9c622f5fbfdc1ac4'), ('XDG_MENU_PREFIX', 'gnome-'), ('XDG_RUNTIME_DIR', '/run/user/1000'), ('DISPLAY', ':1'), ('TERMINATOR_DBUS_PATH', '/net/tenshu/Terminator2'), ('LANG', 'en_US.UTF-8'), ('XDG_CURRENT_DESKTOP', 'ubuntu:GNOME'), ('XMODIFIERS', '@im=ibus'), ('XDG_SESSION_DESKTOP', 'ubuntu'), ('XAUTHORITY', '/run/user/1000/gdm/Xauthority'), ('LS_COLORS', 'rs=0:di=01;34:ln=01;36:mh=00:pi=40;33:so=01;35:do=01;35:bd=40;33;01:cd=40;33;01:or=40;31;01:mi=00:su=37;41:sg=30;43:ca=30;41:tw=30;42:ow=34;42:st=37;44:ex=01;32:*.tar=01;31:*.tgz=01;31:*.arc=01;31:*.arj=01;31:*.taz=01;31:*.lha=01;31:*.lz4=01;31:*.lzh=01;31:*.lzma=01;31:*.tlz=01;31:*.txz=01;31:*.tzo=01;31:*.t7z=01;31:*.zip=01;31:*.z=01;31:*.dz=01;31:*.gz=01;31:*.lrz=01;31:*.lz=01;31:*.lzo=01;31:*.xz=01;31:*.zst=01;31:*.tzst=01;31:*.bz2=01;31:*.bz=01;31:*.tbz=01;31:*.tbz2=01;31:*.tz=01;31:*.deb=01;31:*.rpm=01;31:*.jar=01;31:*.war=01;31:*.ear=01;31:*.sar=01;31:*.rar=01;31:*.alz=01;31:*.ace=01;31:*.zoo=01;31:*.cpio=01;31:*.7z=01;31:*.rz=01;31:*.cab=01;31:*.wim=01;31:*.swm=01;31:*.dwm=01;31:*.esd=01;31:*.jpg=01;35:*.jpeg=01;35:*.mjpg=01;35:*.mjpeg=01;35:*.gif=01;35:*.bmp=01;35:*.pbm=01;35:*.pgm=01;35:*.ppm=01;35:*.tga=01;35:*.xbm=01;35:*.xpm=01;35:*.tif=01;35:*.tiff=01;35:*.png=01;35:*.svg=01;35:*.svgz=01;35:*.mng=01;35:*.pcx=01;35:*.mov=01;35:*.mpg=01;35:*.mpeg=01;35:*.m2v=01;35:*.mkv=01;35:*.webm=01;35:*.ogm=01;35:*.mp4=01;35:*.m4v=01;35:*.mp4v=01;35:*.vob=01;35:*.qt=01;35:*.nuv=01;35:*.wmv=01;35:*.asf=01;35:*.rm=01;35:*.rmvb=01;35:*.flc=01;35:*.avi=01;35:*.fli=01;35:*.flv=01;35:*.gl=01;35:*.dl=01;35:*.xcf=01;35:*.xwd=01;35:*.yuv=01;35:*.cgm=01;35:*.emf=01;35:*.ogv=01;35:*.ogx=01;35:*.aac=00;36:*.au=00;36:*.flac=00;36:*.m4a=00;36:*.mid=00;36:*.midi=00;36:*.mka=00;36:*.mp3=00;36:*.mpc=00;36:*.ogg=00;36:*.ra=00;36:*.wav=00;36:*.oga=00;36:*.opus=00;36:*.spx=00;36:*.xspf=00;36:'), ('SSH_AUTH_SOCK', '/run/user/1000/keyring/ssh'), ('ROS_DOMAIN_ID', '10'), ('AMENT_PREFIX_PATH', '/home/nvidia/f1tenth_ws/install/vesc_driver:/home/nvidia/f1tenth_ws/install/vesc_ackermann:/home/nvidia/f1tenth_ws/install/vesc_msgs://home/nvidia/f1tenth_ws/install/f1tenth_stack://home/nvidia/f1tenth_ws/install/vesc://home/nvidia/f1tenth_ws/install/vesc_driver://home/nvidia/f1tenth_ws/install/vesc_ackermann://home/nvidia/f1tenth_ws/install/vesc_msgs://home/nvidia/f1tenth_ws/install/teleop_tools://home/nvidia/f1tenth_ws/install/joy_teleop://home/nvidia/f1tenth_ws/install/teleop_tools_msgs://home/nvidia/f1tenth_ws/install/phasespace://home/nvidia/f1tenth_ws/install/particle_filter://home/nvidia/f1tenth_ws/install/new_map_saver://home/nvidia/f1tenth_ws/install/mouse_teleop://home/nvidia/f1tenth_ws/install/mapping://home/nvidia/f1tenth_ws/install/key_teleop://home/nvidia/f1tenth_ws/install/f1tenth_controllers://home/nvidia/f1tenth_ws/install/ackermann_mux:/opt/ros/foxy'), ('SHELL', '/bin/bash'), ('TERMINATOR_UUID', 'urn:uuid:3f2a181a-16ef-4091-b349-7c01a0bf8815'), ('QT_ACCESSIBILITY', '1'), ('GDMSESSION', 'ubuntu'), ('LESSCLOSE', '/usr/bin/lesspipe %s %s'), ('GPG_AGENT_INFO', '/run/user/1000/gnupg/S.gpg-agent:0:1'), ('QT_IM_MODULE', 'ibus'), ('PWD', '/home/nvidia/f1tenth_ws/build/vesc'), ('TURTLEBOT3_MODEL', 'waffle'), ('LC_ALL', 'en_US.UTF-8'), ('XDG_CONFIG_DIRS', '/etc/xdg/xdg-ubuntu:/etc/xdg'), ('XDG_DATA_DIRS', '/usr/share/ubuntu:/usr/local/share/:/usr/share/:/var/lib/snapd/desktop'), ('PYTHONPATH', '/home/nvidia/f1tenth_ws/install/vesc_msgs/lib/python3.8/site-packages://home/nvidia/f1tenth_ws/install/f1tenth_stack/lib/python3.8/site-packages://home/nvidia/f1tenth_ws/install/vesc_msgs/lib/python3.8/site-packages://home/nvidia/f1tenth_ws/install/joy_teleop/lib/python3.8/site-packages://home/nvidia/f1tenth_ws/install/teleop_tools_msgs/lib/python3.8/site-packages://home/nvidia/f1tenth_ws/install/phasespace/lib/python3.8/site-packages://home/nvidia/f1tenth_ws/install/particle_filter/lib/python3.8/site-packages://home/nvidia/f1tenth_ws/install/new_map_saver/lib/python3.8/site-packages://home/nvidia/f1tenth_ws/install/mouse_teleop/lib/python3.8/site-packages://home/nvidia/f1tenth_ws/install/mapping/lib/python3.8/site-packages://home/nvidia/f1tenth_ws/install/key_teleop/lib/python3.8/site-packages://home/nvidia/f1tenth_ws/install/f1tenth_controllers/lib/python3.8/site-packages:/opt/ros/foxy/lib/python3.8/site-packages'), ('COLCON', '1'), ('VTE_VERSION', '6003'), ('CMAKE_PREFIX_PATH', '/home/nvidia/f1tenth_ws/install/vesc_driver:/home/nvidia/f1tenth_ws/install/vesc_ackermann:/home/nvidia/f1tenth_ws/install/vesc_msgs://home/nvidia/f1tenth_ws/install/vesc://home/nvidia/f1tenth_ws/install/vesc_driver://home/nvidia/f1tenth_ws/install/vesc_ackermann://home/nvidia/f1tenth_ws/install/vesc_msgs://home/nvidia/f1tenth_ws/install/teleop_tools://home/nvidia/f1tenth_ws/install/teleop_tools_msgs://home/nvidia/f1tenth_ws/install/range_lib://home/nvidia/f1tenth_ws/install/ackermann_mux://home/nvidia/f1tenth_ws/install/f1tenth_stack://home/nvidia/f1tenth_ws/install/joy_teleop://home/nvidia/f1tenth_ws/install/phasespace://home/nvidia/f1tenth_ws/install/particle_filter://home/nvidia/f1tenth_ws/install/new_map_saver://home/nvidia/f1tenth_ws/install/mouse_teleop://home/nvidia/f1tenth_ws/install/mapping://home/nvidia/f1tenth_ws/install/key_teleop://home/nvidia/f1tenth_ws/install/f1tenth_controllers:/opt/ros/foxy')]), 'shell': False}
[159.456237] (-) TimerEvent: {}
[159.557851] (-) TimerEvent: {}
[159.634663] (vesc) CommandEnded: {'returncode': 0}
[159.658705] (-) TimerEvent: {}
[159.760936] (-) TimerEvent: {}
[159.787339] (vesc) JobProgress: {'identifier': 'vesc', 'progress': 'install'}
[159.792149] (vesc) Command: {'cmd': ['/usr/bin/cmake', '--install', '/home/nvidia/f1tenth_ws/build/vesc'], 'cwd': '/home/nvidia/f1tenth_ws/build/vesc', 'env': OrderedDict([('LESSOPEN', '| /usr/bin/lesspipe %s'), ('USER', 'nvidia'), ('SSH_AGENT_PID', '3963'), ('XDG_SESSION_TYPE', 'x11'), ('SHLVL', '1'), ('LD_LIBRARY_PATH', '/home/nvidia/f1tenth_ws/install/vesc_driver/lib:/home/nvidia/f1tenth_ws/install/vesc_ackermann/lib:/home/nvidia/f1tenth_ws/install/vesc_msgs/lib://home/nvidia/f1tenth_ws/install/vesc_driver/lib://home/nvidia/f1tenth_ws/install/vesc_ackermann/lib://home/nvidia/f1tenth_ws/install/vesc_msgs/lib://home/nvidia/f1tenth_ws/install/teleop_tools_msgs/lib:/usr/lib/aarch64-linux-gnu/gazebo-11/plugins:/opt/ros/foxy/opt/yaml_cpp_vendor/lib:/opt/ros/foxy/opt/rviz_ogre_vendor/lib:/opt/ros/foxy/lib/aarch64-linux-gnu:/opt/ros/foxy/lib:/usr/local/cuda-11.4/lib64'), ('HOME', '/home/nvidia'), ('OLDPWD', '/home/nvidia'), ('DESKTOP_SESSION', 'ubuntu'), ('ROS_PYTHON_VERSION', '3'), ('GNOME_SHELL_SESSION_MODE', 'ubuntu'), ('GTK_MODULES', 'gail:atk-bridge'), ('MANAGERPID', '3863'), ('DBUS_SESSION_BUS_ADDRESS', 'unix:path=/run/user/1000/bus'), ('COLORTERM', 'truecolor'), ('TERMINATOR_DBUS_NAME', 'net.tenshu.Terminator23558193cd9818af7fe4d2c2f5bd9d00f'), ('GIO_LAUNCHED_DESKTOP_FILE_PID', '4619'), ('IM_CONFIG_PHASE', '1'), ('COLCON_PREFIX_PATH', '//home/nvidia/f1tenth_ws/install'), ('ROS_DISTRO', 'foxy'), ('LOGNAME', 'nvidia'), ('JOURNAL_STREAM', '8:70019'), ('_', '/usr/bin/colcon'), ('ROS_VERSION', '2'), ('XDG_SESSION_CLASS', 'user'), ('USERNAME', 'nvidia'), ('TERM', 'xterm-256color'), ('GAZEBO_MODEL_PATH', ':/opt/ros/foxy/share/turtlebot3_gazebo/models'), ('GNOME_DESKTOP_SESSION_ID', 'this-is-deprecated'), ('ROS_LOCALHOST_ONLY', '0'), ('WINDOWPATH', '2'), ('PATH', '//home/nvidia/f1tenth_ws/install/range_lib/bin:/opt/ros/foxy/bin:/usr/local/cuda-11.4/bin:/home/nvidia/.local/bin:/usr/local/sbin:/usr/local/bin:/usr/sbin:/usr/bin:/sbin:/bin:/usr/games:/usr/local/games:/snap/bin'), ('SESSION_MANAGER', 'local/ubuntu:@/tmp/.ICE-unix/4000,unix/ubuntu:/tmp/.ICE-unix/4000'), ('INVOCATION_ID', 'f345853a86154e6d9c622f5fbfdc1ac4'), ('XDG_MENU_PREFIX', 'gnome-'), ('XDG_RUNTIME_DIR', '/run/user/1000'), ('DISPLAY', ':1'), ('TERMINATOR_DBUS_PATH', '/net/tenshu/Terminator2'), ('LANG', 'en_US.UTF-8'), ('XDG_CURRENT_DESKTOP', 'ubuntu:GNOME'), ('XMODIFIERS', '@im=ibus'), ('XDG_SESSION_DESKTOP', 'ubuntu'), ('XAUTHORITY', '/run/user/1000/gdm/Xauthority'), ('LS_COLORS', 'rs=0:di=01;34:ln=01;36:mh=00:pi=40;33:so=01;35:do=01;35:bd=40;33;01:cd=40;33;01:or=40;31;01:mi=00:su=37;41:sg=30;43:ca=30;41:tw=30;42:ow=34;42:st=37;44:ex=01;32:*.tar=01;31:*.tgz=01;31:*.arc=01;31:*.arj=01;31:*.taz=01;31:*.lha=01;31:*.lz4=01;31:*.lzh=01;31:*.lzma=01;31:*.tlz=01;31:*.txz=01;31:*.tzo=01;31:*.t7z=01;31:*.zip=01;31:*.z=01;31:*.dz=01;31:*.gz=01;31:*.lrz=01;31:*.lz=01;31:*.lzo=01;31:*.xz=01;31:*.zst=01;31:*.tzst=01;31:*.bz2=01;31:*.bz=01;31:*.tbz=01;31:*.tbz2=01;31:*.tz=01;31:*.deb=01;31:*.rpm=01;31:*.jar=01;31:*.war=01;31:*.ear=01;31:*.sar=01;31:*.rar=01;31:*.alz=01;31:*.ace=01;31:*.zoo=01;31:*.cpio=01;31:*.7z=01;31:*.rz=01;31:*.cab=01;31:*.wim=01;31:*.swm=01;31:*.dwm=01;31:*.esd=01;31:*.jpg=01;35:*.jpeg=01;35:*.mjpg=01;35:*.mjpeg=01;35:*.gif=01;35:*.bmp=01;35:*.pbm=01;35:*.pgm=01;35:*.ppm=01;35:*.tga=01;35:*.xbm=01;35:*.xpm=01;35:*.tif=01;35:*.tiff=01;35:*.png=01;35:*.svg=01;35:*.svgz=01;35:*.mng=01;35:*.pcx=01;35:*.mov=01;35:*.mpg=01;35:*.mpeg=01;35:*.m2v=01;35:*.mkv=01;35:*.webm=01;35:*.ogm=01;35:*.mp4=01;35:*.m4v=01;35:*.mp4v=01;35:*.vob=01;35:*.qt=01;35:*.nuv=01;35:*.wmv=01;35:*.asf=01;35:*.rm=01;35:*.rmvb=01;35:*.flc=01;35:*.avi=01;35:*.fli=01;35:*.flv=01;35:*.gl=01;35:*.dl=01;35:*.xcf=01;35:*.xwd=01;35:*.yuv=01;35:*.cgm=01;35:*.emf=01;35:*.ogv=01;35:*.ogx=01;35:*.aac=00;36:*.au=00;36:*.flac=00;36:*.m4a=00;36:*.mid=00;36:*.midi=00;36:*.mka=00;36:*.mp3=00;36:*.mpc=00;36:*.ogg=00;36:*.ra=00;36:*.wav=00;36:*.oga=00;36:*.opus=00;36:*.spx=00;36:*.xspf=00;36:'), ('SSH_AUTH_SOCK', '/run/user/1000/keyring/ssh'), ('ROS_DOMAIN_ID', '10'), ('AMENT_PREFIX_PATH', '/home/nvidia/f1tenth_ws/install/vesc_driver:/home/nvidia/f1tenth_ws/install/vesc_ackermann:/home/nvidia/f1tenth_ws/install/vesc_msgs://home/nvidia/f1tenth_ws/install/f1tenth_stack://home/nvidia/f1tenth_ws/install/vesc://home/nvidia/f1tenth_ws/install/vesc_driver://home/nvidia/f1tenth_ws/install/vesc_ackermann://home/nvidia/f1tenth_ws/install/vesc_msgs://home/nvidia/f1tenth_ws/install/teleop_tools://home/nvidia/f1tenth_ws/install/joy_teleop://home/nvidia/f1tenth_ws/install/teleop_tools_msgs://home/nvidia/f1tenth_ws/install/phasespace://home/nvidia/f1tenth_ws/install/particle_filter://home/nvidia/f1tenth_ws/install/new_map_saver://home/nvidia/f1tenth_ws/install/mouse_teleop://home/nvidia/f1tenth_ws/install/mapping://home/nvidia/f1tenth_ws/install/key_teleop://home/nvidia/f1tenth_ws/install/f1tenth_controllers://home/nvidia/f1tenth_ws/install/ackermann_mux:/opt/ros/foxy'), ('SHELL', '/bin/bash'), ('TERMINATOR_UUID', 'urn:uuid:3f2a181a-16ef-4091-b349-7c01a0bf8815'), ('QT_ACCESSIBILITY', '1'), ('GDMSESSION', 'ubuntu'), ('LESSCLOSE', '/usr/bin/lesspipe %s %s'), ('GPG_AGENT_INFO', '/run/user/1000/gnupg/S.gpg-agent:0:1'), ('QT_IM_MODULE', 'ibus'), ('PWD', '/home/nvidia/f1tenth_ws/build/vesc'), ('TURTLEBOT3_MODEL', 'waffle'), ('LC_ALL', 'en_US.UTF-8'), ('XDG_CONFIG_DIRS', '/etc/xdg/xdg-ubuntu:/etc/xdg'), ('XDG_DATA_DIRS', '/usr/share/ubuntu:/usr/local/share/:/usr/share/:/var/lib/snapd/desktop'), ('PYTHONPATH', '/home/nvidia/f1tenth_ws/install/vesc_msgs/lib/python3.8/site-packages://home/nvidia/f1tenth_ws/install/f1tenth_stack/lib/python3.8/site-packages://home/nvidia/f1tenth_ws/install/vesc_msgs/lib/python3.8/site-packages://home/nvidia/f1tenth_ws/install/joy_teleop/lib/python3.8/site-packages://home/nvidia/f1tenth_ws/install/teleop_tools_msgs/lib/python3.8/site-packages://home/nvidia/f1tenth_ws/install/phasespace/lib/python3.8/site-packages://home/nvidia/f1tenth_ws/install/particle_filter/lib/python3.8/site-packages://home/nvidia/f1tenth_ws/install/new_map_saver/lib/python3.8/site-packages://home/nvidia/f1tenth_ws/install/mouse_teleop/lib/python3.8/site-packages://home/nvidia/f1tenth_ws/install/mapping/lib/python3.8/site-packages://home/nvidia/f1tenth_ws/install/key_teleop/lib/python3.8/site-packages://home/nvidia/f1tenth_ws/install/f1tenth_controllers/lib/python3.8/site-packages:/opt/ros/foxy/lib/python3.8/site-packages'), ('COLCON', '1'), ('VTE_VERSION', '6003'), ('CMAKE_PREFIX_PATH', '/home/nvidia/f1tenth_ws/install/vesc_driver:/home/nvidia/f1tenth_ws/install/vesc_ackermann:/home/nvidia/f1tenth_ws/install/vesc_msgs://home/nvidia/f1tenth_ws/install/vesc://home/nvidia/f1tenth_ws/install/vesc_driver://home/nvidia/f1tenth_ws/install/vesc_ackermann://home/nvidia/f1tenth_ws/install/vesc_msgs://home/nvidia/f1tenth_ws/install/teleop_tools://home/nvidia/f1tenth_ws/install/teleop_tools_msgs://home/nvidia/f1tenth_ws/install/range_lib://home/nvidia/f1tenth_ws/install/ackermann_mux://home/nvidia/f1tenth_ws/install/f1tenth_stack://home/nvidia/f1tenth_ws/install/joy_teleop://home/nvidia/f1tenth_ws/install/phasespace://home/nvidia/f1tenth_ws/install/particle_filter://home/nvidia/f1tenth_ws/install/new_map_saver://home/nvidia/f1tenth_ws/install/mouse_teleop://home/nvidia/f1tenth_ws/install/mapping://home/nvidia/f1tenth_ws/install/key_teleop://home/nvidia/f1tenth_ws/install/f1tenth_controllers:/opt/ros/foxy')]), 'shell': False}
[159.857979] (vesc) StdoutLine: {'line': b'-- Install configuration: ""\n'}
[159.859470] (vesc) StdoutLine: {'line': b'-- Installing: /home/nvidia/f1tenth_ws/install/vesc/share/ament_index/resource_index/package_run_dependencies/vesc\n'}
[159.860969] (vesc) StdoutLine: {'line': b'-- Installing: /home/nvidia/f1tenth_ws/install/vesc/share/ament_index/resource_index/parent_prefix_path/vesc\n'}
[159.861426] (-) TimerEvent: {}
[159.862873] (vesc) StdoutLine: {'line': b'-- Installing: /home/nvidia/f1tenth_ws/install/vesc/share/vesc/environment/ament_prefix_path.sh\n'}
[159.863594] (vesc) StdoutLine: {'line': b'-- Installing: /home/nvidia/f1tenth_ws/install/vesc/share/vesc/environment/ament_prefix_path.dsv\n'}
[159.864707] (vesc) StdoutLine: {'line': b'-- Installing: /home/nvidia/f1tenth_ws/install/vesc/share/vesc/environment/path.sh\n'}
[159.865725] (vesc) StdoutLine: {'line': b'-- Installing: /home/nvidia/f1tenth_ws/install/vesc/share/vesc/environment/path.dsv\n'}
[159.866951] (vesc) StdoutLine: {'line': b'-- Installing: /home/nvidia/f1tenth_ws/install/vesc/share/vesc/local_setup.bash\n'}
[159.867922] (vesc) StdoutLine: {'line': b'-- Installing: /home/nvidia/f1tenth_ws/install/vesc/share/vesc/local_setup.sh\n'}
[159.869007] (vesc) StdoutLine: {'line': b'-- Installing: /home/nvidia/f1tenth_ws/install/vesc/share/vesc/local_setup.zsh\n'}
[159.870049] (vesc) StdoutLine: {'line': b'-- Installing: /home/nvidia/f1tenth_ws/install/vesc/share/vesc/local_setup.dsv\n'}
[159.871552] (vesc) StdoutLine: {'line': b'-- Installing: /home/nvidia/f1tenth_ws/install/vesc/share/vesc/package.dsv\n'}
[159.872873] (vesc) StdoutLine: {'line': b'-- Installing: /home/nvidia/f1tenth_ws/install/vesc/share/ament_index/resource_index/packages/vesc\n'}
[159.874501] (vesc) StdoutLine: {'line': b'-- Installing: /home/nvidia/f1tenth_ws/install/vesc/share/vesc/cmake/vescConfig.cmake\n'}
[159.875275] (vesc) StdoutLine: {'line': b'-- Installing: /home/nvidia/f1tenth_ws/install/vesc/share/vesc/cmake/vescConfig-version.cmake\n'}
[159.876234] (vesc) StdoutLine: {'line': b'-- Installing: /home/nvidia/f1tenth_ws/install/vesc/share/vesc/package.xml\n'}
[159.886065] (vesc) CommandEnded: {'returncode': 0}
[159.962281] (-) TimerEvent: {}
[160.064241] (-) TimerEvent: {}
[160.119508] (vesc) JobEnded: {'identifier': 'vesc', 'rc': 0}
[160.125141] (f1tenth_stack) JobStarted: {'identifier': 'f1tenth_stack'}
[160.165536] (-) TimerEvent: {}
[160.269078] (-) TimerEvent: {}
[160.372107] (-) TimerEvent: {}
[160.474917] (-) TimerEvent: {}
[160.575771] (-) TimerEvent: {}
[160.676725] (-) TimerEvent: {}
[160.777686] (-) TimerEvent: {}
[160.878657] (-) TimerEvent: {}
[160.979589] (-) TimerEvent: {}
[161.080563] (-) TimerEvent: {}
[161.181526] (-) TimerEvent: {}
[161.282550] (-) TimerEvent: {}
[161.383489] (-) TimerEvent: {}
[161.484516] (-) TimerEvent: {}
[161.585526] (-) TimerEvent: {}
[161.687474] (-) TimerEvent: {}
[161.790613] (-) TimerEvent: {}
[161.893957] (-) TimerEvent: {}
[161.994829] (-) TimerEvent: {}
[162.095716] (-) TimerEvent: {}
[162.196605] (-) TimerEvent: {}
[162.297505] (-) TimerEvent: {}
[162.398484] (-) TimerEvent: {}
[162.499394] (-) TimerEvent: {}
[162.600282] (-) TimerEvent: {}
[162.701197] (-) TimerEvent: {}
[162.802131] (-) TimerEvent: {}
[162.903161] (-) TimerEvent: {}
[163.004173] (-) TimerEvent: {}
[163.105518] (-) TimerEvent: {}
[163.206761] (-) TimerEvent: {}
[163.308680] (-) TimerEvent: {}
[163.410115] (-) TimerEvent: {}
[163.511290] (-) TimerEvent: {}
[163.612258] (-) TimerEvent: {}
[163.713210] (-) TimerEvent: {}
[163.814272] (-) TimerEvent: {}
[163.911942] (f1tenth_stack) Command: {'cmd': ['/usr/bin/python3', '-W', 'ignore:setup.py install is deprecated', 'setup.py', 'egg_info', '--egg-base', '../../../build/f1tenth_stack', 'build', '--build-base', '/home/nvidia/f1tenth_ws/build/f1tenth_stack/build', 'install', '--record', '/home/nvidia/f1tenth_ws/build/f1tenth_stack/install.log', '--install-scripts', '$base/lib/f1tenth_stack', '--single-version-externally-managed', 'install_data'], 'cwd': '/home/nvidia/f1tenth_ws/src/f1tenth_system/f1tenth_stack', 'env': {'LESSOPEN': '| /usr/bin/lesspipe %s', 'USER': 'nvidia', 'SSH_AGENT_PID': '3963', 'XDG_SESSION_TYPE': 'x11', 'SHLVL': '1', 'LD_LIBRARY_PATH': '/home/nvidia/f1tenth_ws/install/vesc_driver/lib:/home/nvidia/f1tenth_ws/install/vesc_ackermann/lib:/home/nvidia/f1tenth_ws/install/vesc_msgs/lib:/home/nvidia/f1tenth_ws/install/teleop_tools_msgs/lib://home/nvidia/f1tenth_ws/install/vesc_driver/lib://home/nvidia/f1tenth_ws/install/vesc_ackermann/lib://home/nvidia/f1tenth_ws/install/vesc_msgs/lib://home/nvidia/f1tenth_ws/install/teleop_tools_msgs/lib:/usr/lib/aarch64-linux-gnu/gazebo-11/plugins:/opt/ros/foxy/opt/yaml_cpp_vendor/lib:/opt/ros/foxy/opt/rviz_ogre_vendor/lib:/opt/ros/foxy/lib/aarch64-linux-gnu:/opt/ros/foxy/lib:/usr/local/cuda-11.4/lib64', 'HOME': '/home/nvidia', 'OLDPWD': '/home/nvidia', 'DESKTOP_SESSION': 'ubuntu', 'ROS_PYTHON_VERSION': '3', 'GNOME_SHELL_SESSION_MODE': 'ubuntu', 'GTK_MODULES': 'gail:atk-bridge', 'MANAGERPID': '3863', 'DBUS_SESSION_BUS_ADDRESS': 'unix:path=/run/user/1000/bus', 'COLORTERM': 'truecolor', 'TERMINATOR_DBUS_NAME': 'net.tenshu.Terminator23558193cd9818af7fe4d2c2f5bd9d00f', 'GIO_LAUNCHED_DESKTOP_FILE_PID': '4619', 'IM_CONFIG_PHASE': '1', 'COLCON_PREFIX_PATH': '//home/nvidia/f1tenth_ws/install', 'ROS_DISTRO': 'foxy', 'LOGNAME': 'nvidia', 'JOURNAL_STREAM': '8:70019', '_': '/usr/bin/colcon', 'ROS_VERSION': '2', 'XDG_SESSION_CLASS': 'user', 'USERNAME': 'nvidia', 'TERM': 'xterm-256color', 'GAZEBO_MODEL_PATH': ':/opt/ros/foxy/share/turtlebot3_gazebo/models', 'GNOME_DESKTOP_SESSION_ID': 'this-is-deprecated', 'ROS_LOCALHOST_ONLY': '0', 'WINDOWPATH': '2', 'PATH': '//home/nvidia/f1tenth_ws/install/range_lib/bin:/opt/ros/foxy/bin:/usr/local/cuda-11.4/bin:/home/nvidia/.local/bin:/usr/local/sbin:/usr/local/bin:/usr/sbin:/usr/bin:/sbin:/bin:/usr/games:/usr/local/games:/snap/bin', 'SESSION_MANAGER': 'local/ubuntu:@/tmp/.ICE-unix/4000,unix/ubuntu:/tmp/.ICE-unix/4000', 'INVOCATION_ID': 'f345853a86154e6d9c622f5fbfdc1ac4', 'XDG_MENU_PREFIX': 'gnome-', 'XDG_RUNTIME_DIR': '/run/user/1000', 'DISPLAY': ':1', 'TERMINATOR_DBUS_PATH': '/net/tenshu/Terminator2', 'LANG': 'en_US.UTF-8', 'XDG_CURRENT_DESKTOP': 'ubuntu:GNOME', 'XMODIFIERS': '@im=ibus', 'XDG_SESSION_DESKTOP': 'ubuntu', 'XAUTHORITY': '/run/user/1000/gdm/Xauthority', 'LS_COLORS': 'rs=0:di=01;34:ln=01;36:mh=00:pi=40;33:so=01;35:do=01;35:bd=40;33;01:cd=40;33;01:or=40;31;01:mi=00:su=37;41:sg=30;43:ca=30;41:tw=30;42:ow=34;42:st=37;44:ex=01;32:*.tar=01;31:*.tgz=01;31:*.arc=01;31:*.arj=01;31:*.taz=01;31:*.lha=01;31:*.lz4=01;31:*.lzh=01;31:*.lzma=01;31:*.tlz=01;31:*.txz=01;31:*.tzo=01;31:*.t7z=01;31:*.zip=01;31:*.z=01;31:*.dz=01;31:*.gz=01;31:*.lrz=01;31:*.lz=01;31:*.lzo=01;31:*.xz=01;31:*.zst=01;31:*.tzst=01;31:*.bz2=01;31:*.bz=01;31:*.tbz=01;31:*.tbz2=01;31:*.tz=01;31:*.deb=01;31:*.rpm=01;31:*.jar=01;31:*.war=01;31:*.ear=01;31:*.sar=01;31:*.rar=01;31:*.alz=01;31:*.ace=01;31:*.zoo=01;31:*.cpio=01;31:*.7z=01;31:*.rz=01;31:*.cab=01;31:*.wim=01;31:*.swm=01;31:*.dwm=01;31:*.esd=01;31:*.jpg=01;35:*.jpeg=01;35:*.mjpg=01;35:*.mjpeg=01;35:*.gif=01;35:*.bmp=01;35:*.pbm=01;35:*.pgm=01;35:*.ppm=01;35:*.tga=01;35:*.xbm=01;35:*.xpm=01;35:*.tif=01;35:*.tiff=01;35:*.png=01;35:*.svg=01;35:*.svgz=01;35:*.mng=01;35:*.pcx=01;35:*.mov=01;35:*.mpg=01;35:*.mpeg=01;35:*.m2v=01;35:*.mkv=01;35:*.webm=01;35:*.ogm=01;35:*.mp4=01;35:*.m4v=01;35:*.mp4v=01;35:*.vob=01;35:*.qt=01;35:*.nuv=01;35:*.wmv=01;35:*.asf=01;35:*.rm=01;35:*.rmvb=01;35:*.flc=01;35:*.avi=01;35:*.fli=01;35:*.flv=01;35:*.gl=01;35:*.dl=01;35:*.xcf=01;35:*.xwd=01;35:*.yuv=01;35:*.cgm=01;35:*.emf=01;35:*.ogv=01;35:*.ogx=01;35:*.aac=00;36:*.au=00;36:*.flac=00;36:*.m4a=00;36:*.mid=00;36:*.midi=00;36:*.mka=00;36:*.mp3=00;36:*.mpc=00;36:*.ogg=00;36:*.ra=00;36:*.wav=00;36:*.oga=00;36:*.opus=00;36:*.spx=00;36:*.xspf=00;36:', 'SSH_AUTH_SOCK': '/run/user/1000/keyring/ssh', 'ROS_DOMAIN_ID': '10', 'AMENT_PREFIX_PATH': '/home/nvidia/f1tenth_ws/install/vesc:/home/nvidia/f1tenth_ws/install/vesc_driver:/home/nvidia/f1tenth_ws/install/vesc_ackermann:/home/nvidia/f1tenth_ws/install/joy_teleop:/home/nvidia/f1tenth_ws/install/vesc_msgs:/home/nvidia/f1tenth_ws/install/teleop_tools_msgs:/home/nvidia/f1tenth_ws/install/ackermann_mux://home/nvidia/f1tenth_ws/install/f1tenth_stack://home/nvidia/f1tenth_ws/install/vesc://home/nvidia/f1tenth_ws/install/vesc_driver://home/nvidia/f1tenth_ws/install/vesc_ackermann://home/nvidia/f1tenth_ws/install/vesc_msgs://home/nvidia/f1tenth_ws/install/teleop_tools://home/nvidia/f1tenth_ws/install/joy_teleop://home/nvidia/f1tenth_ws/install/teleop_tools_msgs://home/nvidia/f1tenth_ws/install/phasespace://home/nvidia/f1tenth_ws/install/particle_filter://home/nvidia/f1tenth_ws/install/new_map_saver://home/nvidia/f1tenth_ws/install/mouse_teleop://home/nvidia/f1tenth_ws/install/mapping://home/nvidia/f1tenth_ws/install/key_teleop://home/nvidia/f1tenth_ws/install/f1tenth_controllers://home/nvidia/f1tenth_ws/install/ackermann_mux:/opt/ros/foxy', 'SHELL': '/bin/bash', 'TERMINATOR_UUID': 'urn:uuid:3f2a181a-16ef-4091-b349-7c01a0bf8815', 'QT_ACCESSIBILITY': '1', 'GDMSESSION': 'ubuntu', 'LESSCLOSE': '/usr/bin/lesspipe %s %s', 'GPG_AGENT_INFO': '/run/user/1000/gnupg/S.gpg-agent:0:1', 'QT_IM_MODULE': 'ibus', 'PWD': '/home/nvidia/f1tenth_ws/build/f1tenth_stack', 'TURTLEBOT3_MODEL': 'waffle', 'LC_ALL': 'en_US.UTF-8', 'XDG_CONFIG_DIRS': '/etc/xdg/xdg-ubuntu:/etc/xdg', 'XDG_DATA_DIRS': '/usr/share/ubuntu:/usr/local/share/:/usr/share/:/var/lib/snapd/desktop', 'PYTHONPATH': '/home/nvidia/f1tenth_ws/build/f1tenth_stack/prefix_override:/usr/lib/python3/dist-packages/colcon_core/task/python/colcon_distutils_commands:/home/nvidia/f1tenth_ws/install/f1tenth_stack/lib/python3.8/site-packages:/home/nvidia/f1tenth_ws/install/joy_teleop/lib/python3.8/site-packages:/home/nvidia/f1tenth_ws/install/vesc_msgs/lib/python3.8/site-packages:/home/nvidia/f1tenth_ws/install/teleop_tools_msgs/lib/python3.8/site-packages://home/nvidia/f1tenth_ws/install/f1tenth_stack/lib/python3.8/site-packages://home/nvidia/f1tenth_ws/install/vesc_msgs/lib/python3.8/site-packages://home/nvidia/f1tenth_ws/install/joy_teleop/lib/python3.8/site-packages://home/nvidia/f1tenth_ws/install/teleop_tools_msgs/lib/python3.8/site-packages://home/nvidia/f1tenth_ws/install/phasespace/lib/python3.8/site-packages://home/nvidia/f1tenth_ws/install/particle_filter/lib/python3.8/site-packages://home/nvidia/f1tenth_ws/install/new_map_saver/lib/python3.8/site-packages://home/nvidia/f1tenth_ws/install/mouse_teleop/lib/python3.8/site-packages://home/nvidia/f1tenth_ws/install/mapping/lib/python3.8/site-packages://home/nvidia/f1tenth_ws/install/key_teleop/lib/python3.8/site-packages://home/nvidia/f1tenth_ws/install/f1tenth_controllers/lib/python3.8/site-packages:/opt/ros/foxy/lib/python3.8/site-packages', 'COLCON': '1', 'VTE_VERSION': '6003', 'CMAKE_PREFIX_PATH': '/home/nvidia/f1tenth_ws/install/vesc:/home/nvidia/f1tenth_ws/install/vesc_driver:/home/nvidia/f1tenth_ws/install/vesc_ackermann:/home/nvidia/f1tenth_ws/install/vesc_msgs:/home/nvidia/f1tenth_ws/install/teleop_tools_msgs:/home/nvidia/f1tenth_ws/install/ackermann_mux://home/nvidia/f1tenth_ws/install/vesc://home/nvidia/f1tenth_ws/install/vesc_driver://home/nvidia/f1tenth_ws/install/vesc_ackermann://home/nvidia/f1tenth_ws/install/vesc_msgs://home/nvidia/f1tenth_ws/install/teleop_tools://home/nvidia/f1tenth_ws/install/teleop_tools_msgs://home/nvidia/f1tenth_ws/install/range_lib://home/nvidia/f1tenth_ws/install/ackermann_mux'}, 'shell': False}
[163.936507] (-) TimerEvent: {}
[164.037950] (-) TimerEvent: {}
[164.138774] (-) TimerEvent: {}
[164.239672] (-) TimerEvent: {}
[164.340783] (-) TimerEvent: {}
[164.441650] (-) TimerEvent: {}
[164.542603] (-) TimerEvent: {}
[164.643519] (-) TimerEvent: {}
[164.744398] (-) TimerEvent: {}
[164.845265] (-) TimerEvent: {}
[164.946181] (-) TimerEvent: {}
[165.047045] (-) TimerEvent: {}
[165.147995] (-) TimerEvent: {}
[165.172910] (f1tenth_stack) StdoutLine: {'line': b'running egg_info\n'}
[165.176471] (f1tenth_stack) StdoutLine: {'line': b'creating ../../../build/f1tenth_stack/f1tenth_stack.egg-info\n'}
[165.177104] (f1tenth_stack) StdoutLine: {'line': b'writing ../../../build/f1tenth_stack/f1tenth_stack.egg-info/PKG-INFO\n'}
[165.179191] (f1tenth_stack) StdoutLine: {'line': b'writing dependency_links to ../../../build/f1tenth_stack/f1tenth_stack.egg-info/dependency_links.txt\n'}
[165.180027] (f1tenth_stack) StdoutLine: {'line': b'writing entry points to ../../../build/f1tenth_stack/f1tenth_stack.egg-info/entry_points.txt\n'}
[165.180664] (f1tenth_stack) StdoutLine: {'line': b'writing requirements to ../../../build/f1tenth_stack/f1tenth_stack.egg-info/requires.txt\n'}
[165.181235] (f1tenth_stack) StdoutLine: {'line': b'writing top-level names to ../../../build/f1tenth_stack/f1tenth_stack.egg-info/top_level.txt\n'}
[165.188805] (f1tenth_stack) StdoutLine: {'line': b"writing manifest file '../../../build/f1tenth_stack/f1tenth_stack.egg-info/SOURCES.txt'\n"}
[165.248206] (-) TimerEvent: {}
[165.349083] (-) TimerEvent: {}
[165.360339] (f1tenth_stack) StdoutLine: {'line': b"reading manifest file '../../../build/f1tenth_stack/f1tenth_stack.egg-info/SOURCES.txt'\n"}
[165.364305] (f1tenth_stack) StdoutLine: {'line': b"writing manifest file '../../../build/f1tenth_stack/f1tenth_stack.egg-info/SOURCES.txt'\n"}
[165.365377] (f1tenth_stack) StdoutLine: {'line': b'running build\n'}
[165.365856] (f1tenth_stack) StdoutLine: {'line': b'running build_py\n'}
[165.366535] (f1tenth_stack) StdoutLine: {'line': b'creating /home/nvidia/f1tenth_ws/build/f1tenth_stack/build\n'}
[165.367315] (f1tenth_stack) StdoutLine: {'line': b'creating /home/nvidia/f1tenth_ws/build/f1tenth_stack/build/lib\n'}
[165.367851] (f1tenth_stack) StdoutLine: {'line': b'creating /home/nvidia/f1tenth_ws/build/f1tenth_stack/build/lib/f1tenth_stack\n'}
[165.368437] (f1tenth_stack) StdoutLine: {'line': b'copying f1tenth_stack/__init__.py -> /home/nvidia/f1tenth_ws/build/f1tenth_stack/build/lib/f1tenth_stack\n'}
[165.368846] (f1tenth_stack) StdoutLine: {'line': b'copying f1tenth_stack/throttle_interpolator.py -> /home/nvidia/f1tenth_ws/build/f1tenth_stack/build/lib/f1tenth_stack\n'}
[165.369806] (f1tenth_stack) StdoutLine: {'line': b'copying f1tenth_stack/tf_publisher.py -> /home/nvidia/f1tenth_ws/build/f1tenth_stack/build/lib/f1tenth_stack\n'}
[165.371200] (f1tenth_stack) StdoutLine: {'line': b'running install\n'}
[165.375916] (f1tenth_stack) StdoutLine: {'line': b'running install_lib\n'}
[165.381333] (f1tenth_stack) StdoutLine: {'line': b'creating /home/nvidia/f1tenth_ws/install/f1tenth_stack/lib/python3.8/site-packages/f1tenth_stack\n'}
[165.382607] (f1tenth_stack) StdoutLine: {'line': b'copying /home/nvidia/f1tenth_ws/build/f1tenth_stack/build/lib/f1tenth_stack/__init__.py -> /home/nvidia/f1tenth_ws/install/f1tenth_stack/lib/python3.8/site-packages/f1tenth_stack\n'}
[165.383247] (f1tenth_stack) StdoutLine: {'line': b'copying /home/nvidia/f1tenth_ws/build/f1tenth_stack/build/lib/f1tenth_stack/throttle_interpolator.py -> /home/nvidia/f1tenth_ws/install/f1tenth_stack/lib/python3.8/site-packages/f1tenth_stack\n'}
[165.383933] (f1tenth_stack) StdoutLine: {'line': b'copying /home/nvidia/f1tenth_ws/build/f1tenth_stack/build/lib/f1tenth_stack/tf_publisher.py -> /home/nvidia/f1tenth_ws/install/f1tenth_stack/lib/python3.8/site-packages/f1tenth_stack\n'}
[165.387458] (f1tenth_stack) StdoutLine: {'line': b'byte-compiling /home/nvidia/f1tenth_ws/install/f1tenth_stack/lib/python3.8/site-packages/f1tenth_stack/__init__.py to __init__.cpython-38.pyc\n'}
[165.393604] (f1tenth_stack) StdoutLine: {'line': b'byte-compiling /home/nvidia/f1tenth_ws/install/f1tenth_stack/lib/python3.8/site-packages/f1tenth_stack/throttle_interpolator.py to throttle_interpolator.cpython-38.pyc\n'}
[165.399014] (f1tenth_stack) StdoutLine: {'line': b'byte-compiling /home/nvidia/f1tenth_ws/install/f1tenth_stack/lib/python3.8/site-packages/f1tenth_stack/tf_publisher.py to tf_publisher.cpython-38.pyc\n'}
[165.401088] (f1tenth_stack) StdoutLine: {'line': b'running install_data\n'}
[165.401844] (f1tenth_stack) StdoutLine: {'line': b'creating /home/nvidia/f1tenth_ws/install/f1tenth_stack/share/ament_index\n'}
[165.403227] (f1tenth_stack) StdoutLine: {'line': b'creating /home/nvidia/f1tenth_ws/install/f1tenth_stack/share/ament_index/resource_index\n'}
[165.403975] (f1tenth_stack) StdoutLine: {'line': b'creating /home/nvidia/f1tenth_ws/install/f1tenth_stack/share/ament_index/resource_index/packages\n'}
[165.404433] (f1tenth_stack) StdoutLine: {'line': b'copying resource/f1tenth_stack -> /home/nvidia/f1tenth_ws/install/f1tenth_stack/share/ament_index/resource_index/packages\n'}
[165.404880] (f1tenth_stack) StdoutLine: {'line': b'copying package.xml -> /home/nvidia/f1tenth_ws/install/f1tenth_stack/share/f1tenth_stack\n'}
[165.405669] (f1tenth_stack) StdoutLine: {'line': b'creating /home/nvidia/f1tenth_ws/install/f1tenth_stack/share/f1tenth_stack/launch\n'}
[165.406363] (f1tenth_stack) StdoutLine: {'line': b'copying launch/bringup_launch.py -> /home/nvidia/f1tenth_ws/install/f1tenth_stack/share/f1tenth_stack/launch\n'}
[165.407539] (f1tenth_stack) StdoutLine: {'line': b'creating /home/nvidia/f1tenth_ws/install/f1tenth_stack/share/f1tenth_stack/config\n'}
[165.409077] (f1tenth_stack) StdoutLine: {'line': b'copying config/vesc.yaml -> /home/nvidia/f1tenth_ws/install/f1tenth_stack/share/f1tenth_stack/config\n'}
[165.409856] (f1tenth_stack) StdoutLine: {'line': b'copying config/sensors.yaml -> /home/nvidia/f1tenth_ws/install/f1tenth_stack/share/f1tenth_stack/config\n'}
[165.410560] (f1tenth_stack) StdoutLine: {'line': b'copying config/f1tenth_online_async.yaml -> /home/nvidia/f1tenth_ws/install/f1tenth_stack/share/f1tenth_stack/config\n'}
[165.410939] (f1tenth_stack) StdoutLine: {'line': b'copying config/map_server_params.yaml -> /home/nvidia/f1tenth_ws/install/f1tenth_stack/share/f1tenth_stack/config\n'}
[165.411318] (f1tenth_stack) StdoutLine: {'line': b'copying config/joy_teleop.yaml -> /home/nvidia/f1tenth_ws/install/f1tenth_stack/share/f1tenth_stack/config\n'}
[165.411897] (f1tenth_stack) StdoutLine: {'line': b'copying config/mux.yaml -> /home/nvidia/f1tenth_ws/install/f1tenth_stack/share/f1tenth_stack/config\n'}
[165.412468] (f1tenth_stack) StdoutLine: {'line': b'copying config/amcl_params.yaml -> /home/nvidia/f1tenth_ws/install/f1tenth_stack/share/f1tenth_stack/config\n'}
[165.412849] (f1tenth_stack) StdoutLine: {'line': b'running install_egg_info\n'}
[165.420501] (f1tenth_stack) StdoutLine: {'line': b'Copying ../../../build/f1tenth_stack/f1tenth_stack.egg-info to /home/nvidia/f1tenth_ws/install/f1tenth_stack/lib/python3.8/site-packages/f1tenth_stack-0.0.1-py3.8.egg-info\n'}
[165.426529] (f1tenth_stack) StdoutLine: {'line': b'running install_scripts\n'}
[165.449314] (-) TimerEvent: {}
[165.514058] (f1tenth_stack) StdoutLine: {'line': b'Installing tf_publisher script to /home/nvidia/f1tenth_ws/install/f1tenth_stack/lib/f1tenth_stack\n'}
[165.515115] (f1tenth_stack) StdoutLine: {'line': b'Installing throttle_interpolator script to /home/nvidia/f1tenth_ws/install/f1tenth_stack/lib/f1tenth_stack\n'}
[165.516751] (f1tenth_stack) StdoutLine: {'line': b"writing list of installed files to '/home/nvidia/f1tenth_ws/build/f1tenth_stack/install.log'\n"}
[165.549661] (-) TimerEvent: {}
[165.618527] (f1tenth_stack) CommandEnded: {'returncode': 0}
[165.650878] (-) TimerEvent: {}
[165.661222] (f1tenth_stack) JobEnded: {'identifier': 'f1tenth_stack', 'rc': 0}
[165.667028] (-) EventReactorShutdown: {}
