[1.176s] DEBUG:colcon:Command line arguments: ['/usr/bin/colcon', 'build']
[1.176s] DEBUG:colcon:Parsed command line arguments: Namespace(allow_overriding=[], ament_cmake_args=None, base_paths=['.'], build_base='build', catkin_cmake_args=None, catkin_skip_building_tests=False, cmake_args=None, cmake_clean_cache=False, cmake_clean_first=False, cmake_force_configure=False, cmake_target=None, cmake_target_skip_unavailable=False, continue_on_error=False, event_handlers=None, executor='parallel', ignore_user_meta=False, install_base='install', log_base=None, log_level=None, main=<bound method BuildVerb.main of <colcon_core.verb.build.BuildVerb object at 0xffffb5ce1760>>, merge_install=False, metas=['./colcon.meta'], mixin=None, mixin_files=None, mixin_verb=('build',), packages_above=None, packages_above_and_dependencies=None, packages_above_depth=None, packages_end=None, packages_ignore=None, packages_ignore_regex=None, packages_select=None, packages_select_build_failed=False, packages_select_by_dep=None, packages_select_regex=None, packages_select_test_failures=False, packages_skip=None, packages_skip_build_finished=False, packages_skip_by_dep=None, packages_skip_regex=None, packages_skip_test_passed=False, packages_skip_up_to=None, packages_start=None, packages_up_to=None, packages_up_to_regex=None, parallel_workers=6, paths=None, symlink_install=False, test_result_base=None, verb_extension=<colcon_core.verb.build.BuildVerb object at 0xffffb5ce1760>, verb_name='build', verb_parser=<colcon_mixin.mixin.mixin_argument.MixinArgumentDecorator object at 0xffffb5c05a00>)
[2.031s] Level 1:colcon.colcon_core.package_discovery:discover_packages(colcon_meta) check parameters
[2.032s] Level 1:colcon.colcon_core.package_discovery:discover_packages(recursive) check parameters
[2.032s] Level 1:colcon.colcon_core.package_discovery:discover_packages(ignore) check parameters
[2.032s] Level 1:colcon.colcon_core.package_discovery:discover_packages(path) check parameters
[2.032s] Level 1:colcon.colcon_core.package_discovery:discover_packages(colcon_meta) discover
[2.033s] Level 1:colcon.colcon_core.package_discovery:discover_packages(recursive) discover
[2.033s] INFO:colcon.colcon_core.package_discovery:Crawling recursively for packages in '/home/nvidia/f1tenth_ws'
[2.034s] Level 1:colcon.colcon_core.package_identification:_identify(.) by extensions ['ignore', 'ignore_ament_install']
[2.034s] Level 1:colcon.colcon_core.package_identification:_identify(.) by extension 'ignore'
[2.034s] Level 1:colcon.colcon_core.package_identification:_identify(.) by extension 'ignore_ament_install'
[2.035s] Level 1:colcon.colcon_core.package_identification:_identify(.) by extensions ['colcon_pkg']
[2.035s] Level 1:colcon.colcon_core.package_identification:_identify(.) by extension 'colcon_pkg'
[2.035s] Level 1:colcon.colcon_core.package_identification:_identify(.) by extensions ['colcon_meta']
[2.035s] Level 1:colcon.colcon_core.package_identification:_identify(.) by extension 'colcon_meta'
[2.036s] Level 1:colcon.colcon_core.package_identification:_identify(.) by extensions ['ros']
[2.036s] Level 1:colcon.colcon_core.package_identification:_identify(.) by extension 'ros'
[2.095s] Level 1:colcon.colcon_core.package_identification:_identify(.) by extensions ['cmake', 'python']
[2.095s] Level 1:colcon.colcon_core.package_identification:_identify(.) by extension 'cmake'
[2.096s] Level 1:colcon.colcon_core.package_identification:_identify(.) by extension 'python'
[2.096s] Level 1:colcon.colcon_core.package_identification:_identify(.) by extensions ['python_setup_py']
[2.096s] Level 1:colcon.colcon_core.package_identification:_identify(.) by extension 'python_setup_py'
[2.097s] Level 1:colcon.colcon_core.package_identification:_identify(build) by extensions ['ignore', 'ignore_ament_install']
[2.097s] Level 1:colcon.colcon_core.package_identification:_identify(build) by extension 'ignore'
[2.098s] Level 1:colcon.colcon_core.package_identification:_identify(build) ignored
[2.098s] Level 1:colcon.colcon_core.package_identification:_identify(install) by extensions ['ignore', 'ignore_ament_install']
[2.099s] Level 1:colcon.colcon_core.package_identification:_identify(install) by extension 'ignore'
[2.099s] Level 1:colcon.colcon_core.package_identification:_identify(install) ignored
[2.100s] Level 1:colcon.colcon_core.package_identification:_identify(log) by extensions ['ignore', 'ignore_ament_install']
[2.101s] Level 1:colcon.colcon_core.package_identification:_identify(log) by extension 'ignore'
[2.101s] Level 1:colcon.colcon_core.package_identification:_identify(log) ignored
[2.101s] Level 1:colcon.colcon_core.package_identification:_identify(maps) by extensions ['ignore', 'ignore_ament_install']
[2.102s] Level 1:colcon.colcon_core.package_identification:_identify(maps) by extension 'ignore'
[2.102s] Level 1:colcon.colcon_core.package_identification:_identify(maps) by extension 'ignore_ament_install'
[2.102s] Level 1:colcon.colcon_core.package_identification:_identify(maps) by extensions ['colcon_pkg']
[2.103s] Level 1:colcon.colcon_core.package_identification:_identify(maps) by extension 'colcon_pkg'
[2.103s] Level 1:colcon.colcon_core.package_identification:_identify(maps) by extensions ['colcon_meta']
[2.103s] Level 1:colcon.colcon_core.package_identification:_identify(maps) by extension 'colcon_meta'
[2.103s] Level 1:colcon.colcon_core.package_identification:_identify(maps) by extensions ['ros']
[2.104s] Level 1:colcon.colcon_core.package_identification:_identify(maps) by extension 'ros'
[2.104s] Level 1:colcon.colcon_core.package_identification:_identify(maps) by extensions ['cmake', 'python']
[2.104s] Level 1:colcon.colcon_core.package_identification:_identify(maps) by extension 'cmake'
[2.104s] Level 1:colcon.colcon_core.package_identification:_identify(maps) by extension 'python'
[2.105s] Level 1:colcon.colcon_core.package_identification:_identify(maps) by extensions ['python_setup_py']
[2.105s] Level 1:colcon.colcon_core.package_identification:_identify(maps) by extension 'python_setup_py'
[2.105s] Level 1:colcon.colcon_core.package_identification:_identify(scripts) by extensions ['ignore', 'ignore_ament_install']
[2.106s] Level 1:colcon.colcon_core.package_identification:_identify(scripts) by extension 'ignore'
[2.106s] Level 1:colcon.colcon_core.package_identification:_identify(scripts) by extension 'ignore_ament_install'
[2.106s] Level 1:colcon.colcon_core.package_identification:_identify(scripts) by extensions ['colcon_pkg']
[2.107s] Level 1:colcon.colcon_core.package_identification:_identify(scripts) by extension 'colcon_pkg'
[2.107s] Level 1:colcon.colcon_core.package_identification:_identify(scripts) by extensions ['colcon_meta']
[2.107s] Level 1:colcon.colcon_core.package_identification:_identify(scripts) by extension 'colcon_meta'
[2.107s] Level 1:colcon.colcon_core.package_identification:_identify(scripts) by extensions ['ros']
[2.107s] Level 1:colcon.colcon_core.package_identification:_identify(scripts) by extension 'ros'
[2.108s] Level 1:colcon.colcon_core.package_identification:_identify(scripts) by extensions ['cmake', 'python']
[2.108s] Level 1:colcon.colcon_core.package_identification:_identify(scripts) by extension 'cmake'
[2.108s] Level 1:colcon.colcon_core.package_identification:_identify(scripts) by extension 'python'
[2.108s] Level 1:colcon.colcon_core.package_identification:_identify(scripts) by extensions ['python_setup_py']
[2.109s] Level 1:colcon.colcon_core.package_identification:_identify(scripts) by extension 'python_setup_py'
[2.109s] Level 1:colcon.colcon_core.package_identification:_identify(src) by extensions ['ignore', 'ignore_ament_install']
[2.110s] Level 1:colcon.colcon_core.package_identification:_identify(src) by extension 'ignore'
[2.110s] Level 1:colcon.colcon_core.package_identification:_identify(src) by extension 'ignore_ament_install'
[2.110s] Level 1:colcon.colcon_core.package_identification:_identify(src) by extensions ['colcon_pkg']
[2.110s] Level 1:colcon.colcon_core.package_identification:_identify(src) by extension 'colcon_pkg'
[2.111s] Level 1:colcon.colcon_core.package_identification:_identify(src) by extensions ['colcon_meta']
[2.111s] Level 1:colcon.colcon_core.package_identification:_identify(src) by extension 'colcon_meta'
[2.111s] Level 1:colcon.colcon_core.package_identification:_identify(src) by extensions ['ros']
[2.111s] Level 1:colcon.colcon_core.package_identification:_identify(src) by extension 'ros'
[2.112s] Level 1:colcon.colcon_core.package_identification:_identify(src) by extensions ['cmake', 'python']
[2.112s] Level 1:colcon.colcon_core.package_identification:_identify(src) by extension 'cmake'
[2.112s] Level 1:colcon.colcon_core.package_identification:_identify(src) by extension 'python'
[2.112s] Level 1:colcon.colcon_core.package_identification:_identify(src) by extensions ['python_setup_py']
[2.112s] Level 1:colcon.colcon_core.package_identification:_identify(src) by extension 'python_setup_py'
[2.113s] Level 1:colcon.colcon_core.package_identification:_identify(src/f1tenth_controllers) by extensions ['ignore', 'ignore_ament_install']
[2.113s] Level 1:colcon.colcon_core.package_identification:_identify(src/f1tenth_controllers) by extension 'ignore'
[2.114s] Level 1:colcon.colcon_core.package_identification:_identify(src/f1tenth_controllers) by extension 'ignore_ament_install'
[2.114s] Level 1:colcon.colcon_core.package_identification:_identify(src/f1tenth_controllers) by extensions ['colcon_pkg']
[2.114s] Level 1:colcon.colcon_core.package_identification:_identify(src/f1tenth_controllers) by extension 'colcon_pkg'
[2.114s] Level 1:colcon.colcon_core.package_identification:_identify(src/f1tenth_controllers) by extensions ['colcon_meta']
[2.115s] Level 1:colcon.colcon_core.package_identification:_identify(src/f1tenth_controllers) by extension 'colcon_meta'
[2.115s] Level 1:colcon.colcon_core.package_identification:_identify(src/f1tenth_controllers) by extensions ['ros']
[2.115s] Level 1:colcon.colcon_core.package_identification:_identify(src/f1tenth_controllers) by extension 'ros'
[2.128s] DEBUG:colcon.colcon_core.package_identification:Package 'src/f1tenth_controllers' with type 'ros.ament_python' and name 'f1tenth_controllers'
[2.129s] Level 1:colcon.colcon_core.package_identification:_identify(src/f1tenth_system) by extensions ['ignore', 'ignore_ament_install']
[2.129s] Level 1:colcon.colcon_core.package_identification:_identify(src/f1tenth_system) by extension 'ignore'
[2.130s] Level 1:colcon.colcon_core.package_identification:_identify(src/f1tenth_system) by extension 'ignore_ament_install'
[2.130s] Level 1:colcon.colcon_core.package_identification:_identify(src/f1tenth_system) by extensions ['colcon_pkg']
[2.130s] Level 1:colcon.colcon_core.package_identification:_identify(src/f1tenth_system) by extension 'colcon_pkg'
[2.130s] Level 1:colcon.colcon_core.package_identification:_identify(src/f1tenth_system) by extensions ['colcon_meta']
[2.130s] Level 1:colcon.colcon_core.package_identification:_identify(src/f1tenth_system) by extension 'colcon_meta'
[2.131s] Level 1:colcon.colcon_core.package_identification:_identify(src/f1tenth_system) by extensions ['ros']
[2.131s] Level 1:colcon.colcon_core.package_identification:_identify(src/f1tenth_system) by extension 'ros'
[2.131s] Level 1:colcon.colcon_core.package_identification:_identify(src/f1tenth_system) by extensions ['cmake', 'python']
[2.132s] Level 1:colcon.colcon_core.package_identification:_identify(src/f1tenth_system) by extension 'cmake'
[2.132s] Level 1:colcon.colcon_core.package_identification:_identify(src/f1tenth_system) by extension 'python'
[2.132s] Level 1:colcon.colcon_core.package_identification:_identify(src/f1tenth_system) by extensions ['python_setup_py']
[2.132s] Level 1:colcon.colcon_core.package_identification:_identify(src/f1tenth_system) by extension 'python_setup_py'
[2.133s] Level 1:colcon.colcon_core.package_identification:_identify(src/f1tenth_system/ackermann_mux) by extensions ['ignore', 'ignore_ament_install']
[2.133s] Level 1:colcon.colcon_core.package_identification:_identify(src/f1tenth_system/ackermann_mux) by extension 'ignore'
[2.134s] Level 1:colcon.colcon_core.package_identification:_identify(src/f1tenth_system/ackermann_mux) by extension 'ignore_ament_install'
[2.134s] Level 1:colcon.colcon_core.package_identification:_identify(src/f1tenth_system/ackermann_mux) by extensions ['colcon_pkg']
[2.134s] Level 1:colcon.colcon_core.package_identification:_identify(src/f1tenth_system/ackermann_mux) by extension 'colcon_pkg'
[2.134s] Level 1:colcon.colcon_core.package_identification:_identify(src/f1tenth_system/ackermann_mux) by extensions ['colcon_meta']
[2.135s] Level 1:colcon.colcon_core.package_identification:_identify(src/f1tenth_system/ackermann_mux) by extension 'colcon_meta'
[2.135s] Level 1:colcon.colcon_core.package_identification:_identify(src/f1tenth_system/ackermann_mux) by extensions ['ros']
[2.135s] Level 1:colcon.colcon_core.package_identification:_identify(src/f1tenth_system/ackermann_mux) by extension 'ros'
[2.140s] DEBUG:colcon.colcon_core.package_identification:Package 'src/f1tenth_system/ackermann_mux' with type 'ros.ament_cmake' and name 'ackermann_mux'
[2.141s] Level 1:colcon.colcon_core.package_identification:_identify(src/f1tenth_system/f1tenth_stack) by extensions ['ignore', 'ignore_ament_install']
[2.141s] Level 1:colcon.colcon_core.package_identification:_identify(src/f1tenth_system/f1tenth_stack) by extension 'ignore'
[2.142s] Level 1:colcon.colcon_core.package_identification:_identify(src/f1tenth_system/f1tenth_stack) by extension 'ignore_ament_install'
[2.142s] Level 1:colcon.colcon_core.package_identification:_identify(src/f1tenth_system/f1tenth_stack) by extensions ['colcon_pkg']
[2.142s] Level 1:colcon.colcon_core.package_identification:_identify(src/f1tenth_system/f1tenth_stack) by extension 'colcon_pkg'
[2.143s] Level 1:colcon.colcon_core.package_identification:_identify(src/f1tenth_system/f1tenth_stack) by extensions ['colcon_meta']
[2.143s] Level 1:colcon.colcon_core.package_identification:_identify(src/f1tenth_system/f1tenth_stack) by extension 'colcon_meta'
[2.143s] Level 1:colcon.colcon_core.package_identification:_identify(src/f1tenth_system/f1tenth_stack) by extensions ['ros']
[2.143s] Level 1:colcon.colcon_core.package_identification:_identify(src/f1tenth_system/f1tenth_stack) by extension 'ros'
[2.149s] DEBUG:colcon.colcon_core.package_identification:Package 'src/f1tenth_system/f1tenth_stack' with type 'ros.ament_python' and name 'f1tenth_stack'
[2.150s] Level 1:colcon.colcon_core.package_identification:_identify(src/f1tenth_system/scripts) by extensions ['ignore', 'ignore_ament_install']
[2.150s] Level 1:colcon.colcon_core.package_identification:_identify(src/f1tenth_system/scripts) by extension 'ignore'
[2.150s] Level 1:colcon.colcon_core.package_identification:_identify(src/f1tenth_system/scripts) by extension 'ignore_ament_install'
[2.151s] Level 1:colcon.colcon_core.package_identification:_identify(src/f1tenth_system/scripts) by extensions ['colcon_pkg']
[2.151s] Level 1:colcon.colcon_core.package_identification:_identify(src/f1tenth_system/scripts) by extension 'colcon_pkg'
[2.151s] Level 1:colcon.colcon_core.package_identification:_identify(src/f1tenth_system/scripts) by extensions ['colcon_meta']
[2.151s] Level 1:colcon.colcon_core.package_identification:_identify(src/f1tenth_system/scripts) by extension 'colcon_meta'
[2.152s] Level 1:colcon.colcon_core.package_identification:_identify(src/f1tenth_system/scripts) by extensions ['ros']
[2.152s] Level 1:colcon.colcon_core.package_identification:_identify(src/f1tenth_system/scripts) by extension 'ros'
[2.152s] Level 1:colcon.colcon_core.package_identification:_identify(src/f1tenth_system/scripts) by extensions ['cmake', 'python']
[2.152s] Level 1:colcon.colcon_core.package_identification:_identify(src/f1tenth_system/scripts) by extension 'cmake'
[2.153s] Level 1:colcon.colcon_core.package_identification:_identify(src/f1tenth_system/scripts) by extension 'python'
[2.153s] Level 1:colcon.colcon_core.package_identification:_identify(src/f1tenth_system/scripts) by extensions ['python_setup_py']
[2.153s] Level 1:colcon.colcon_core.package_identification:_identify(src/f1tenth_system/scripts) by extension 'python_setup_py'
[2.154s] Level 1:colcon.colcon_core.package_identification:_identify(src/f1tenth_system/teleop_tools) by extensions ['ignore', 'ignore_ament_install']
[2.154s] Level 1:colcon.colcon_core.package_identification:_identify(src/f1tenth_system/teleop_tools) by extension 'ignore'
[2.155s] Level 1:colcon.colcon_core.package_identification:_identify(src/f1tenth_system/teleop_tools) by extension 'ignore_ament_install'
[2.155s] Level 1:colcon.colcon_core.package_identification:_identify(src/f1tenth_system/teleop_tools) by extensions ['colcon_pkg']
[2.155s] Level 1:colcon.colcon_core.package_identification:_identify(src/f1tenth_system/teleop_tools) by extension 'colcon_pkg'
[2.155s] Level 1:colcon.colcon_core.package_identification:_identify(src/f1tenth_system/teleop_tools) by extensions ['colcon_meta']
[2.155s] Level 1:colcon.colcon_core.package_identification:_identify(src/f1tenth_system/teleop_tools) by extension 'colcon_meta'
[2.156s] Level 1:colcon.colcon_core.package_identification:_identify(src/f1tenth_system/teleop_tools) by extensions ['ros']
[2.156s] Level 1:colcon.colcon_core.package_identification:_identify(src/f1tenth_system/teleop_tools) by extension 'ros'
[2.156s] Level 1:colcon.colcon_core.package_identification:_identify(src/f1tenth_system/teleop_tools) by extensions ['cmake', 'python']
[2.157s] Level 1:colcon.colcon_core.package_identification:_identify(src/f1tenth_system/teleop_tools) by extension 'cmake'
[2.157s] Level 1:colcon.colcon_core.package_identification:_identify(src/f1tenth_system/teleop_tools) by extension 'python'
[2.157s] Level 1:colcon.colcon_core.package_identification:_identify(src/f1tenth_system/teleop_tools) by extensions ['python_setup_py']
[2.157s] Level 1:colcon.colcon_core.package_identification:_identify(src/f1tenth_system/teleop_tools) by extension 'python_setup_py'
[2.158s] Level 1:colcon.colcon_core.package_identification:_identify(src/f1tenth_system/teleop_tools/joy_teleop) by extensions ['ignore', 'ignore_ament_install']
[2.158s] Level 1:colcon.colcon_core.package_identification:_identify(src/f1tenth_system/teleop_tools/joy_teleop) by extension 'ignore'
[2.158s] Level 1:colcon.colcon_core.package_identification:_identify(src/f1tenth_system/teleop_tools/joy_teleop) by extension 'ignore_ament_install'
[2.159s] Level 1:colcon.colcon_core.package_identification:_identify(src/f1tenth_system/teleop_tools/joy_teleop) by extensions ['colcon_pkg']
[2.159s] Level 1:colcon.colcon_core.package_identification:_identify(src/f1tenth_system/teleop_tools/joy_teleop) by extension 'colcon_pkg'
[2.159s] Level 1:colcon.colcon_core.package_identification:_identify(src/f1tenth_system/teleop_tools/joy_teleop) by extensions ['colcon_meta']
[2.159s] Level 1:colcon.colcon_core.package_identification:_identify(src/f1tenth_system/teleop_tools/joy_teleop) by extension 'colcon_meta'
[2.160s] Level 1:colcon.colcon_core.package_identification:_identify(src/f1tenth_system/teleop_tools/joy_teleop) by extensions ['ros']
[2.160s] Level 1:colcon.colcon_core.package_identification:_identify(src/f1tenth_system/teleop_tools/joy_teleop) by extension 'ros'
[2.164s] DEBUG:colcon.colcon_core.package_identification:Package 'src/f1tenth_system/teleop_tools/joy_teleop' with type 'ros.ament_python' and name 'joy_teleop'
[2.164s] Level 1:colcon.colcon_core.package_identification:_identify(src/f1tenth_system/teleop_tools/key_teleop) by extensions ['ignore', 'ignore_ament_install']
[2.165s] Level 1:colcon.colcon_core.package_identification:_identify(src/f1tenth_system/teleop_tools/key_teleop) by extension 'ignore'
[2.165s] Level 1:colcon.colcon_core.package_identification:_identify(src/f1tenth_system/teleop_tools/key_teleop) by extension 'ignore_ament_install'
[2.165s] Level 1:colcon.colcon_core.package_identification:_identify(src/f1tenth_system/teleop_tools/key_teleop) by extensions ['colcon_pkg']
[2.166s] Level 1:colcon.colcon_core.package_identification:_identify(src/f1tenth_system/teleop_tools/key_teleop) by extension 'colcon_pkg'
[2.166s] Level 1:colcon.colcon_core.package_identification:_identify(src/f1tenth_system/teleop_tools/key_teleop) by extensions ['colcon_meta']
[2.166s] Level 1:colcon.colcon_core.package_identification:_identify(src/f1tenth_system/teleop_tools/key_teleop) by extension 'colcon_meta'
[2.166s] Level 1:colcon.colcon_core.package_identification:_identify(src/f1tenth_system/teleop_tools/key_teleop) by extensions ['ros']
[2.167s] Level 1:colcon.colcon_core.package_identification:_identify(src/f1tenth_system/teleop_tools/key_teleop) by extension 'ros'
[2.170s] DEBUG:colcon.colcon_core.package_identification:Package 'src/f1tenth_system/teleop_tools/key_teleop' with type 'ros.ament_python' and name 'key_teleop'
[2.170s] Level 1:colcon.colcon_core.package_identification:_identify(src/f1tenth_system/teleop_tools/mouse_teleop) by extensions ['ignore', 'ignore_ament_install']
[2.171s] Level 1:colcon.colcon_core.package_identification:_identify(src/f1tenth_system/teleop_tools/mouse_teleop) by extension 'ignore'
[2.171s] Level 1:colcon.colcon_core.package_identification:_identify(src/f1tenth_system/teleop_tools/mouse_teleop) by extension 'ignore_ament_install'
[2.172s] Level 1:colcon.colcon_core.package_identification:_identify(src/f1tenth_system/teleop_tools/mouse_teleop) by extensions ['colcon_pkg']
[2.172s] Level 1:colcon.colcon_core.package_identification:_identify(src/f1tenth_system/teleop_tools/mouse_teleop) by extension 'colcon_pkg'
[2.172s] Level 1:colcon.colcon_core.package_identification:_identify(src/f1tenth_system/teleop_tools/mouse_teleop) by extensions ['colcon_meta']
[2.172s] Level 1:colcon.colcon_core.package_identification:_identify(src/f1tenth_system/teleop_tools/mouse_teleop) by extension 'colcon_meta'
[2.172s] Level 1:colcon.colcon_core.package_identification:_identify(src/f1tenth_system/teleop_tools/mouse_teleop) by extensions ['ros']
[2.173s] Level 1:colcon.colcon_core.package_identification:_identify(src/f1tenth_system/teleop_tools/mouse_teleop) by extension 'ros'
[2.176s] DEBUG:colcon.colcon_core.package_identification:Package 'src/f1tenth_system/teleop_tools/mouse_teleop' with type 'ros.ament_python' and name 'mouse_teleop'
[2.177s] Level 1:colcon.colcon_core.package_identification:_identify(src/f1tenth_system/teleop_tools/teleop_tools) by extensions ['ignore', 'ignore_ament_install']
[2.177s] Level 1:colcon.colcon_core.package_identification:_identify(src/f1tenth_system/teleop_tools/teleop_tools) by extension 'ignore'
[2.178s] Level 1:colcon.colcon_core.package_identification:_identify(src/f1tenth_system/teleop_tools/teleop_tools) by extension 'ignore_ament_install'
[2.178s] Level 1:colcon.colcon_core.package_identification:_identify(src/f1tenth_system/teleop_tools/teleop_tools) by extensions ['colcon_pkg']
[2.178s] Level 1:colcon.colcon_core.package_identification:_identify(src/f1tenth_system/teleop_tools/teleop_tools) by extension 'colcon_pkg'
[2.178s] Level 1:colcon.colcon_core.package_identification:_identify(src/f1tenth_system/teleop_tools/teleop_tools) by extensions ['colcon_meta']
[2.179s] Level 1:colcon.colcon_core.package_identification:_identify(src/f1tenth_system/teleop_tools/teleop_tools) by extension 'colcon_meta'
[2.179s] Level 1:colcon.colcon_core.package_identification:_identify(src/f1tenth_system/teleop_tools/teleop_tools) by extensions ['ros']
[2.179s] Level 1:colcon.colcon_core.package_identification:_identify(src/f1tenth_system/teleop_tools/teleop_tools) by extension 'ros'
[2.182s] DEBUG:colcon.colcon_core.package_identification:Package 'src/f1tenth_system/teleop_tools/teleop_tools' with type 'ros.ament_cmake' and name 'teleop_tools'
[2.183s] Level 1:colcon.colcon_core.package_identification:_identify(src/f1tenth_system/teleop_tools/teleop_tools_msgs) by extensions ['ignore', 'ignore_ament_install']
[2.183s] Level 1:colcon.colcon_core.package_identification:_identify(src/f1tenth_system/teleop_tools/teleop_tools_msgs) by extension 'ignore'
[2.183s] Level 1:colcon.colcon_core.package_identification:_identify(src/f1tenth_system/teleop_tools/teleop_tools_msgs) by extension 'ignore_ament_install'
[2.184s] Level 1:colcon.colcon_core.package_identification:_identify(src/f1tenth_system/teleop_tools/teleop_tools_msgs) by extensions ['colcon_pkg']
[2.184s] Level 1:colcon.colcon_core.package_identification:_identify(src/f1tenth_system/teleop_tools/teleop_tools_msgs) by extension 'colcon_pkg'
[2.184s] Level 1:colcon.colcon_core.package_identification:_identify(src/f1tenth_system/teleop_tools/teleop_tools_msgs) by extensions ['colcon_meta']
[2.184s] Level 1:colcon.colcon_core.package_identification:_identify(src/f1tenth_system/teleop_tools/teleop_tools_msgs) by extension 'colcon_meta'
[2.185s] Level 1:colcon.colcon_core.package_identification:_identify(src/f1tenth_system/teleop_tools/teleop_tools_msgs) by extensions ['ros']
[2.185s] Level 1:colcon.colcon_core.package_identification:_identify(src/f1tenth_system/teleop_tools/teleop_tools_msgs) by extension 'ros'
[2.188s] DEBUG:colcon.colcon_core.package_identification:Package 'src/f1tenth_system/teleop_tools/teleop_tools_msgs' with type 'ros.ament_cmake' and name 'teleop_tools_msgs'
[2.189s] Level 1:colcon.colcon_core.package_identification:_identify(src/f1tenth_system/vesc) by extensions ['ignore', 'ignore_ament_install']
[2.190s] Level 1:colcon.colcon_core.package_identification:_identify(src/f1tenth_system/vesc) by extension 'ignore'
[2.190s] Level 1:colcon.colcon_core.package_identification:_identify(src/f1tenth_system/vesc) by extension 'ignore_ament_install'
[2.190s] Level 1:colcon.colcon_core.package_identification:_identify(src/f1tenth_system/vesc) by extensions ['colcon_pkg']
[2.190s] Level 1:colcon.colcon_core.package_identification:_identify(src/f1tenth_system/vesc) by extension 'colcon_pkg'
[2.191s] Level 1:colcon.colcon_core.package_identification:_identify(src/f1tenth_system/vesc) by extensions ['colcon_meta']
[2.191s] Level 1:colcon.colcon_core.package_identification:_identify(src/f1tenth_system/vesc) by extension 'colcon_meta'
[2.191s] Level 1:colcon.colcon_core.package_identification:_identify(src/f1tenth_system/vesc) by extensions ['ros']
[2.191s] Level 1:colcon.colcon_core.package_identification:_identify(src/f1tenth_system/vesc) by extension 'ros'
[2.192s] Level 1:colcon.colcon_core.package_identification:_identify(src/f1tenth_system/vesc) by extensions ['cmake', 'python']
[2.192s] Level 1:colcon.colcon_core.package_identification:_identify(src/f1tenth_system/vesc) by extension 'cmake'
[2.192s] Level 1:colcon.colcon_core.package_identification:_identify(src/f1tenth_system/vesc) by extension 'python'
[2.192s] Level 1:colcon.colcon_core.package_identification:_identify(src/f1tenth_system/vesc) by extensions ['python_setup_py']
[2.193s] Level 1:colcon.colcon_core.package_identification:_identify(src/f1tenth_system/vesc) by extension 'python_setup_py'
[2.193s] Level 1:colcon.colcon_core.package_identification:_identify(src/f1tenth_system/vesc/vesc) by extensions ['ignore', 'ignore_ament_install']
[2.194s] Level 1:colcon.colcon_core.package_identification:_identify(src/f1tenth_system/vesc/vesc) by extension 'ignore'
[2.194s] Level 1:colcon.colcon_core.package_identification:_identify(src/f1tenth_system/vesc/vesc) by extension 'ignore_ament_install'
[2.194s] Level 1:colcon.colcon_core.package_identification:_identify(src/f1tenth_system/vesc/vesc) by extensions ['colcon_pkg']
[2.194s] Level 1:colcon.colcon_core.package_identification:_identify(src/f1tenth_system/vesc/vesc) by extension 'colcon_pkg'
[2.195s] Level 1:colcon.colcon_core.package_identification:_identify(src/f1tenth_system/vesc/vesc) by extensions ['colcon_meta']
[2.195s] Level 1:colcon.colcon_core.package_identification:_identify(src/f1tenth_system/vesc/vesc) by extension 'colcon_meta'
[2.195s] Level 1:colcon.colcon_core.package_identification:_identify(src/f1tenth_system/vesc/vesc) by extensions ['ros']
[2.195s] Level 1:colcon.colcon_core.package_identification:_identify(src/f1tenth_system/vesc/vesc) by extension 'ros'
[2.199s] DEBUG:colcon.colcon_core.package_identification:Package 'src/f1tenth_system/vesc/vesc' with type 'ros.ament_cmake' and name 'vesc'
[2.199s] Level 1:colcon.colcon_core.package_identification:_identify(src/f1tenth_system/vesc/vesc_ackermann) by extensions ['ignore', 'ignore_ament_install']
[2.200s] Level 1:colcon.colcon_core.package_identification:_identify(src/f1tenth_system/vesc/vesc_ackermann) by extension 'ignore'
[2.200s] Level 1:colcon.colcon_core.package_identification:_identify(src/f1tenth_system/vesc/vesc_ackermann) by extension 'ignore_ament_install'
[2.200s] Level 1:colcon.colcon_core.package_identification:_identify(src/f1tenth_system/vesc/vesc_ackermann) by extensions ['colcon_pkg']
[2.200s] Level 1:colcon.colcon_core.package_identification:_identify(src/f1tenth_system/vesc/vesc_ackermann) by extension 'colcon_pkg'
[2.201s] Level 1:colcon.colcon_core.package_identification:_identify(src/f1tenth_system/vesc/vesc_ackermann) by extensions ['colcon_meta']
[2.201s] Level 1:colcon.colcon_core.package_identification:_identify(src/f1tenth_system/vesc/vesc_ackermann) by extension 'colcon_meta'
[2.201s] Level 1:colcon.colcon_core.package_identification:_identify(src/f1tenth_system/vesc/vesc_ackermann) by extensions ['ros']
[2.201s] Level 1:colcon.colcon_core.package_identification:_identify(src/f1tenth_system/vesc/vesc_ackermann) by extension 'ros'
[2.207s] DEBUG:colcon.colcon_core.package_identification:Package 'src/f1tenth_system/vesc/vesc_ackermann' with type 'ros.ament_cmake' and name 'vesc_ackermann'
[2.208s] Level 1:colcon.colcon_core.package_identification:_identify(src/f1tenth_system/vesc/vesc_driver) by extensions ['ignore', 'ignore_ament_install']
[2.208s] Level 1:colcon.colcon_core.package_identification:_identify(src/f1tenth_system/vesc/vesc_driver) by extension 'ignore'
[2.208s] Level 1:colcon.colcon_core.package_identification:_identify(src/f1tenth_system/vesc/vesc_driver) by extension 'ignore_ament_install'
[2.209s] Level 1:colcon.colcon_core.package_identification:_identify(src/f1tenth_system/vesc/vesc_driver) by extensions ['colcon_pkg']
[2.209s] Level 1:colcon.colcon_core.package_identification:_identify(src/f1tenth_system/vesc/vesc_driver) by extension 'colcon_pkg'
[2.209s] Level 1:colcon.colcon_core.package_identification:_identify(src/f1tenth_system/vesc/vesc_driver) by extensions ['colcon_meta']
[2.210s] Level 1:colcon.colcon_core.package_identification:_identify(src/f1tenth_system/vesc/vesc_driver) by extension 'colcon_meta'
[2.210s] Level 1:colcon.colcon_core.package_identification:_identify(src/f1tenth_system/vesc/vesc_driver) by extensions ['ros']
[2.210s] Level 1:colcon.colcon_core.package_identification:_identify(src/f1tenth_system/vesc/vesc_driver) by extension 'ros'
[2.216s] DEBUG:colcon.colcon_core.package_identification:Package 'src/f1tenth_system/vesc/vesc_driver' with type 'ros.ament_cmake' and name 'vesc_driver'
[2.216s] Level 1:colcon.colcon_core.package_identification:_identify(src/f1tenth_system/vesc/vesc_msgs) by extensions ['ignore', 'ignore_ament_install']
[2.217s] Level 1:colcon.colcon_core.package_identification:_identify(src/f1tenth_system/vesc/vesc_msgs) by extension 'ignore'
[2.217s] Level 1:colcon.colcon_core.package_identification:_identify(src/f1tenth_system/vesc/vesc_msgs) by extension 'ignore_ament_install'
[2.217s] Level 1:colcon.colcon_core.package_identification:_identify(src/f1tenth_system/vesc/vesc_msgs) by extensions ['colcon_pkg']
[2.217s] Level 1:colcon.colcon_core.package_identification:_identify(src/f1tenth_system/vesc/vesc_msgs) by extension 'colcon_pkg'
[2.218s] Level 1:colcon.colcon_core.package_identification:_identify(src/f1tenth_system/vesc/vesc_msgs) by extensions ['colcon_meta']
[2.218s] Level 1:colcon.colcon_core.package_identification:_identify(src/f1tenth_system/vesc/vesc_msgs) by extension 'colcon_meta'
[2.218s] Level 1:colcon.colcon_core.package_identification:_identify(src/f1tenth_system/vesc/vesc_msgs) by extensions ['ros']
[2.218s] Level 1:colcon.colcon_core.package_identification:_identify(src/f1tenth_system/vesc/vesc_msgs) by extension 'ros'
[2.227s] DEBUG:colcon.colcon_core.package_identification:Package 'src/f1tenth_system/vesc/vesc_msgs' with type 'ros.ament_cmake' and name 'vesc_msgs'
[2.228s] Level 1:colcon.colcon_core.package_identification:_identify(src/mapping) by extensions ['ignore', 'ignore_ament_install']
[2.228s] Level 1:colcon.colcon_core.package_identification:_identify(src/mapping) by extension 'ignore'
[2.229s] Level 1:colcon.colcon_core.package_identification:_identify(src/mapping) by extension 'ignore_ament_install'
[2.229s] Level 1:colcon.colcon_core.package_identification:_identify(src/mapping) by extensions ['colcon_pkg']
[2.229s] Level 1:colcon.colcon_core.package_identification:_identify(src/mapping) by extension 'colcon_pkg'
[2.230s] Level 1:colcon.colcon_core.package_identification:_identify(src/mapping) by extensions ['colcon_meta']
[2.230s] Level 1:colcon.colcon_core.package_identification:_identify(src/mapping) by extension 'colcon_meta'
[2.230s] Level 1:colcon.colcon_core.package_identification:_identify(src/mapping) by extensions ['ros']
[2.230s] Level 1:colcon.colcon_core.package_identification:_identify(src/mapping) by extension 'ros'
[2.233s] DEBUG:colcon.colcon_core.package_identification:Package 'src/mapping' with type 'ros.ament_python' and name 'mapping'
[2.234s] Level 1:colcon.colcon_core.package_identification:_identify(src/new_map_saver) by extensions ['ignore', 'ignore_ament_install']
[2.234s] Level 1:colcon.colcon_core.package_identification:_identify(src/new_map_saver) by extension 'ignore'
[2.234s] Level 1:colcon.colcon_core.package_identification:_identify(src/new_map_saver) by extension 'ignore_ament_install'
[2.235s] Level 1:colcon.colcon_core.package_identification:_identify(src/new_map_saver) by extensions ['colcon_pkg']
[2.235s] Level 1:colcon.colcon_core.package_identification:_identify(src/new_map_saver) by extension 'colcon_pkg'
[2.235s] Level 1:colcon.colcon_core.package_identification:_identify(src/new_map_saver) by extensions ['colcon_meta']
[2.235s] Level 1:colcon.colcon_core.package_identification:_identify(src/new_map_saver) by extension 'colcon_meta'
[2.235s] Level 1:colcon.colcon_core.package_identification:_identify(src/new_map_saver) by extensions ['ros']
[2.236s] Level 1:colcon.colcon_core.package_identification:_identify(src/new_map_saver) by extension 'ros'
[2.238s] DEBUG:colcon.colcon_core.package_identification:Package 'src/new_map_saver' with type 'ros.ament_python' and name 'new_map_saver'
[2.239s] Level 1:colcon.colcon_core.package_identification:_identify(src/phasespace) by extensions ['ignore', 'ignore_ament_install']
[2.239s] Level 1:colcon.colcon_core.package_identification:_identify(src/phasespace) by extension 'ignore'
[2.240s] Level 1:colcon.colcon_core.package_identification:_identify(src/phasespace) by extension 'ignore_ament_install'
[2.240s] Level 1:colcon.colcon_core.package_identification:_identify(src/phasespace) by extensions ['colcon_pkg']
[2.240s] Level 1:colcon.colcon_core.package_identification:_identify(src/phasespace) by extension 'colcon_pkg'
[2.240s] Level 1:colcon.colcon_core.package_identification:_identify(src/phasespace) by extensions ['colcon_meta']
[2.240s] Level 1:colcon.colcon_core.package_identification:_identify(src/phasespace) by extension 'colcon_meta'
[2.241s] Level 1:colcon.colcon_core.package_identification:_identify(src/phasespace) by extensions ['ros']
[2.241s] Level 1:colcon.colcon_core.package_identification:_identify(src/phasespace) by extension 'ros'
[2.243s] DEBUG:colcon.colcon_core.package_identification:Package 'src/phasespace' with type 'ros.ament_python' and name 'phasespace'
[2.244s] Level 1:colcon.colcon_core.package_identification:_identify(src/pure_pursuit) by extensions ['ignore', 'ignore_ament_install']
[2.244s] Level 1:colcon.colcon_core.package_identification:_identify(src/pure_pursuit) by extension 'ignore'
[2.245s] Level 1:colcon.colcon_core.package_identification:_identify(src/pure_pursuit) by extension 'ignore_ament_install'
[2.245s] Level 1:colcon.colcon_core.package_identification:_identify(src/pure_pursuit) by extensions ['colcon_pkg']
[2.245s] Level 1:colcon.colcon_core.package_identification:_identify(src/pure_pursuit) by extension 'colcon_pkg'
[2.246s] Level 1:colcon.colcon_core.package_identification:_identify(src/pure_pursuit) by extensions ['colcon_meta']
[2.246s] Level 1:colcon.colcon_core.package_identification:_identify(src/pure_pursuit) by extension 'colcon_meta'
[2.246s] Level 1:colcon.colcon_core.package_identification:_identify(src/pure_pursuit) by extensions ['ros']
[2.246s] Level 1:colcon.colcon_core.package_identification:_identify(src/pure_pursuit) by extension 'ros'
[2.252s] DEBUG:colcon.colcon_core.package_identification:Package 'src/pure_pursuit' with type 'ros.ament_cmake' and name 'pure_pursuit'
[2.252s] Level 1:colcon.colcon_core.package_discovery:discover_packages(recursive) using defaults
[2.252s] Level 1:colcon.colcon_core.package_discovery:discover_packages(ignore) discover
[2.252s] Level 1:colcon.colcon_core.package_discovery:discover_packages(ignore) using defaults
[2.252s] Level 1:colcon.colcon_core.package_discovery:discover_packages(path) discover
[2.253s] Level 1:colcon.colcon_core.package_discovery:discover_packages(path) using defaults
[2.363s] Level 1:colcon.colcon_core.package_discovery:discover_packages(prefix_path) check parameters
[2.363s] Level 1:colcon.colcon_core.package_discovery:discover_packages(prefix_path) discover
[2.381s] DEBUG:colcon.colcon_installed_package_information.package_discovery:Found 16 installed packages in //home/nvidia/f1tenth_ws/install
[2.392s] DEBUG:colcon.colcon_installed_package_information.package_discovery:Found 316 installed packages in /opt/ros/foxy
[2.402s] Level 1:colcon.colcon_core.package_discovery:discover_packages(prefix_path) using defaults
[2.818s] Level 5:colcon.colcon_core.verb:set package 'ackermann_mux' build argument 'cmake_args' from command line to 'None'
[2.819s] Level 5:colcon.colcon_core.verb:set package 'ackermann_mux' build argument 'cmake_target' from command line to 'None'
[2.819s] Level 5:colcon.colcon_core.verb:set package 'ackermann_mux' build argument 'cmake_target_skip_unavailable' from command line to 'False'
[2.819s] Level 5:colcon.colcon_core.verb:set package 'ackermann_mux' build argument 'cmake_clean_cache' from command line to 'False'
[2.819s] Level 5:colcon.colcon_core.verb:set package 'ackermann_mux' build argument 'cmake_clean_first' from command line to 'False'
[2.819s] Level 5:colcon.colcon_core.verb:set package 'ackermann_mux' build argument 'cmake_force_configure' from command line to 'False'
[2.820s] Level 5:colcon.colcon_core.verb:set package 'ackermann_mux' build argument 'ament_cmake_args' from command line to 'None'
[2.820s] Level 5:colcon.colcon_core.verb:set package 'ackermann_mux' build argument 'catkin_cmake_args' from command line to 'None'
[2.820s] Level 5:colcon.colcon_core.verb:set package 'ackermann_mux' build argument 'catkin_skip_building_tests' from command line to 'False'
[2.820s] DEBUG:colcon.colcon_core.verb:Building package 'ackermann_mux' with the following arguments: {'ament_cmake_args': None, 'build_base': '/home/nvidia/f1tenth_ws/build/ackermann_mux', 'catkin_cmake_args': None, 'catkin_skip_building_tests': False, 'cmake_args': None, 'cmake_clean_cache': False, 'cmake_clean_first': False, 'cmake_force_configure': False, 'cmake_target': None, 'cmake_target_skip_unavailable': False, 'install_base': '/home/nvidia/f1tenth_ws/install/ackermann_mux', 'merge_install': False, 'path': '/home/nvidia/f1tenth_ws/src/f1tenth_system/ackermann_mux', 'symlink_install': False, 'test_result_base': None}
[2.822s] Level 5:colcon.colcon_core.verb:set package 'f1tenth_controllers' build argument 'cmake_args' from command line to 'None'
[2.823s] Level 5:colcon.colcon_core.verb:set package 'f1tenth_controllers' build argument 'cmake_target' from command line to 'None'
[2.823s] Level 5:colcon.colcon_core.verb:set package 'f1tenth_controllers' build argument 'cmake_target_skip_unavailable' from command line to 'False'
[2.823s] Level 5:colcon.colcon_core.verb:set package 'f1tenth_controllers' build argument 'cmake_clean_cache' from command line to 'False'
[2.823s] Level 5:colcon.colcon_core.verb:set package 'f1tenth_controllers' build argument 'cmake_clean_first' from command line to 'False'
[2.823s] Level 5:colcon.colcon_core.verb:set package 'f1tenth_controllers' build argument 'cmake_force_configure' from command line to 'False'
[2.823s] Level 5:colcon.colcon_core.verb:set package 'f1tenth_controllers' build argument 'ament_cmake_args' from command line to 'None'
[2.824s] Level 5:colcon.colcon_core.verb:set package 'f1tenth_controllers' build argument 'catkin_cmake_args' from command line to 'None'
[2.824s] Level 5:colcon.colcon_core.verb:set package 'f1tenth_controllers' build argument 'catkin_skip_building_tests' from command line to 'False'
[2.824s] DEBUG:colcon.colcon_core.verb:Building package 'f1tenth_controllers' with the following arguments: {'ament_cmake_args': None, 'build_base': '/home/nvidia/f1tenth_ws/build/f1tenth_controllers', 'catkin_cmake_args': None, 'catkin_skip_building_tests': False, 'cmake_args': None, 'cmake_clean_cache': False, 'cmake_clean_first': False, 'cmake_force_configure': False, 'cmake_target': None, 'cmake_target_skip_unavailable': False, 'install_base': '/home/nvidia/f1tenth_ws/install/f1tenth_controllers', 'merge_install': False, 'path': '/home/nvidia/f1tenth_ws/src/f1tenth_controllers', 'symlink_install': False, 'test_result_base': None}
[2.826s] Level 5:colcon.colcon_core.verb:set package 'key_teleop' build argument 'cmake_args' from command line to 'None'
[2.826s] Level 5:colcon.colcon_core.verb:set package 'key_teleop' build argument 'cmake_target' from command line to 'None'
[2.827s] Level 5:colcon.colcon_core.verb:set package 'key_teleop' build argument 'cmake_target_skip_unavailable' from command line to 'False'
[2.827s] Level 5:colcon.colcon_core.verb:set package 'key_teleop' build argument 'cmake_clean_cache' from command line to 'False'
[2.827s] Level 5:colcon.colcon_core.verb:set package 'key_teleop' build argument 'cmake_clean_first' from command line to 'False'
[2.827s] Level 5:colcon.colcon_core.verb:set package 'key_teleop' build argument 'cmake_force_configure' from command line to 'False'
[2.827s] Level 5:colcon.colcon_core.verb:set package 'key_teleop' build argument 'ament_cmake_args' from command line to 'None'
[2.827s] Level 5:colcon.colcon_core.verb:set package 'key_teleop' build argument 'catkin_cmake_args' from command line to 'None'
[2.827s] Level 5:colcon.colcon_core.verb:set package 'key_teleop' build argument 'catkin_skip_building_tests' from command line to 'False'
[2.828s] DEBUG:colcon.colcon_core.verb:Building package 'key_teleop' with the following arguments: {'ament_cmake_args': None, 'build_base': '/home/nvidia/f1tenth_ws/build/key_teleop', 'catkin_cmake_args': None, 'catkin_skip_building_tests': False, 'cmake_args': None, 'cmake_clean_cache': False, 'cmake_clean_first': False, 'cmake_force_configure': False, 'cmake_target': None, 'cmake_target_skip_unavailable': False, 'install_base': '/home/nvidia/f1tenth_ws/install/key_teleop', 'merge_install': False, 'path': '/home/nvidia/f1tenth_ws/src/f1tenth_system/teleop_tools/key_teleop', 'symlink_install': False, 'test_result_base': None}
[2.830s] Level 5:colcon.colcon_core.verb:set package 'mapping' build argument 'cmake_args' from command line to 'None'
[2.830s] Level 5:colcon.colcon_core.verb:set package 'mapping' build argument 'cmake_target' from command line to 'None'
[2.830s] Level 5:colcon.colcon_core.verb:set package 'mapping' build argument 'cmake_target_skip_unavailable' from command line to 'False'
[2.830s] Level 5:colcon.colcon_core.verb:set package 'mapping' build argument 'cmake_clean_cache' from command line to 'False'
[2.830s] Level 5:colcon.colcon_core.verb:set package 'mapping' build argument 'cmake_clean_first' from command line to 'False'
[2.830s] Level 5:colcon.colcon_core.verb:set package 'mapping' build argument 'cmake_force_configure' from command line to 'False'
[2.831s] Level 5:colcon.colcon_core.verb:set package 'mapping' build argument 'ament_cmake_args' from command line to 'None'
[2.831s] Level 5:colcon.colcon_core.verb:set package 'mapping' build argument 'catkin_cmake_args' from command line to 'None'
[2.831s] Level 5:colcon.colcon_core.verb:set package 'mapping' build argument 'catkin_skip_building_tests' from command line to 'False'
[2.831s] DEBUG:colcon.colcon_core.verb:Building package 'mapping' with the following arguments: {'ament_cmake_args': None, 'build_base': '/home/nvidia/f1tenth_ws/build/mapping', 'catkin_cmake_args': None, 'catkin_skip_building_tests': False, 'cmake_args': None, 'cmake_clean_cache': False, 'cmake_clean_first': False, 'cmake_force_configure': False, 'cmake_target': None, 'cmake_target_skip_unavailable': False, 'install_base': '/home/nvidia/f1tenth_ws/install/mapping', 'merge_install': False, 'path': '/home/nvidia/f1tenth_ws/src/mapping', 'symlink_install': False, 'test_result_base': None}
[2.833s] Level 5:colcon.colcon_core.verb:set package 'mouse_teleop' build argument 'cmake_args' from command line to 'None'
[2.833s] Level 5:colcon.colcon_core.verb:set package 'mouse_teleop' build argument 'cmake_target' from command line to 'None'
[2.833s] Level 5:colcon.colcon_core.verb:set package 'mouse_teleop' build argument 'cmake_target_skip_unavailable' from command line to 'False'
[2.834s] Level 5:colcon.colcon_core.verb:set package 'mouse_teleop' build argument 'cmake_clean_cache' from command line to 'False'
[2.834s] Level 5:colcon.colcon_core.verb:set package 'mouse_teleop' build argument 'cmake_clean_first' from command line to 'False'
[2.834s] Level 5:colcon.colcon_core.verb:set package 'mouse_teleop' build argument 'cmake_force_configure' from command line to 'False'
[2.834s] Level 5:colcon.colcon_core.verb:set package 'mouse_teleop' build argument 'ament_cmake_args' from command line to 'None'
[2.834s] Level 5:colcon.colcon_core.verb:set package 'mouse_teleop' build argument 'catkin_cmake_args' from command line to 'None'
[2.834s] Level 5:colcon.colcon_core.verb:set package 'mouse_teleop' build argument 'catkin_skip_building_tests' from command line to 'False'
[2.835s] DEBUG:colcon.colcon_core.verb:Building package 'mouse_teleop' with the following arguments: {'ament_cmake_args': None, 'build_base': '/home/nvidia/f1tenth_ws/build/mouse_teleop', 'catkin_cmake_args': None, 'catkin_skip_building_tests': False, 'cmake_args': None, 'cmake_clean_cache': False, 'cmake_clean_first': False, 'cmake_force_configure': False, 'cmake_target': None, 'cmake_target_skip_unavailable': False, 'install_base': '/home/nvidia/f1tenth_ws/install/mouse_teleop', 'merge_install': False, 'path': '/home/nvidia/f1tenth_ws/src/f1tenth_system/teleop_tools/mouse_teleop', 'symlink_install': False, 'test_result_base': None}
[2.836s] Level 5:colcon.colcon_core.verb:set package 'new_map_saver' build argument 'cmake_args' from command line to 'None'
[2.837s] Level 5:colcon.colcon_core.verb:set package 'new_map_saver' build argument 'cmake_target' from command line to 'None'
[2.837s] Level 5:colcon.colcon_core.verb:set package 'new_map_saver' build argument 'cmake_target_skip_unavailable' from command line to 'False'
[2.837s] Level 5:colcon.colcon_core.verb:set package 'new_map_saver' build argument 'cmake_clean_cache' from command line to 'False'
[2.837s] Level 5:colcon.colcon_core.verb:set package 'new_map_saver' build argument 'cmake_clean_first' from command line to 'False'
[2.837s] Level 5:colcon.colcon_core.verb:set package 'new_map_saver' build argument 'cmake_force_configure' from command line to 'False'
[2.837s] Level 5:colcon.colcon_core.verb:set package 'new_map_saver' build argument 'ament_cmake_args' from command line to 'None'
[2.838s] Level 5:colcon.colcon_core.verb:set package 'new_map_saver' build argument 'catkin_cmake_args' from command line to 'None'
[2.838s] Level 5:colcon.colcon_core.verb:set package 'new_map_saver' build argument 'catkin_skip_building_tests' from command line to 'False'
[2.838s] DEBUG:colcon.colcon_core.verb:Building package 'new_map_saver' with the following arguments: {'ament_cmake_args': None, 'build_base': '/home/nvidia/f1tenth_ws/build/new_map_saver', 'catkin_cmake_args': None, 'catkin_skip_building_tests': False, 'cmake_args': None, 'cmake_clean_cache': False, 'cmake_clean_first': False, 'cmake_force_configure': False, 'cmake_target': None, 'cmake_target_skip_unavailable': False, 'install_base': '/home/nvidia/f1tenth_ws/install/new_map_saver', 'merge_install': False, 'path': '/home/nvidia/f1tenth_ws/src/new_map_saver', 'symlink_install': False, 'test_result_base': None}
[2.840s] Level 5:colcon.colcon_core.verb:set package 'phasespace' build argument 'cmake_args' from command line to 'None'
[2.840s] Level 5:colcon.colcon_core.verb:set package 'phasespace' build argument 'cmake_target' from command line to 'None'
[2.840s] Level 5:colcon.colcon_core.verb:set package 'phasespace' build argument 'cmake_target_skip_unavailable' from command line to 'False'
[2.840s] Level 5:colcon.colcon_core.verb:set package 'phasespace' build argument 'cmake_clean_cache' from command line to 'False'
[2.840s] Level 5:colcon.colcon_core.verb:set package 'phasespace' build argument 'cmake_clean_first' from command line to 'False'
[2.841s] Level 5:colcon.colcon_core.verb:set package 'phasespace' build argument 'cmake_force_configure' from command line to 'False'
[2.841s] Level 5:colcon.colcon_core.verb:set package 'phasespace' build argument 'ament_cmake_args' from command line to 'None'
[2.841s] Level 5:colcon.colcon_core.verb:set package 'phasespace' build argument 'catkin_cmake_args' from command line to 'None'
[2.841s] Level 5:colcon.colcon_core.verb:set package 'phasespace' build argument 'catkin_skip_building_tests' from command line to 'False'
[2.841s] DEBUG:colcon.colcon_core.verb:Building package 'phasespace' with the following arguments: {'ament_cmake_args': None, 'build_base': '/home/nvidia/f1tenth_ws/build/phasespace', 'catkin_cmake_args': None, 'catkin_skip_building_tests': False, 'cmake_args': None, 'cmake_clean_cache': False, 'cmake_clean_first': False, 'cmake_force_configure': False, 'cmake_target': None, 'cmake_target_skip_unavailable': False, 'install_base': '/home/nvidia/f1tenth_ws/install/phasespace', 'merge_install': False, 'path': '/home/nvidia/f1tenth_ws/src/phasespace', 'symlink_install': False, 'test_result_base': None}
[2.843s] Level 5:colcon.colcon_core.verb:set package 'pure_pursuit' build argument 'cmake_args' from command line to 'None'
[2.843s] Level 5:colcon.colcon_core.verb:set package 'pure_pursuit' build argument 'cmake_target' from command line to 'None'
[2.843s] Level 5:colcon.colcon_core.verb:set package 'pure_pursuit' build argument 'cmake_target_skip_unavailable' from command line to 'False'
[2.844s] Level 5:colcon.colcon_core.verb:set package 'pure_pursuit' build argument 'cmake_clean_cache' from command line to 'False'
[2.844s] Level 5:colcon.colcon_core.verb:set package 'pure_pursuit' build argument 'cmake_clean_first' from command line to 'False'
[2.844s] Level 5:colcon.colcon_core.verb:set package 'pure_pursuit' build argument 'cmake_force_configure' from command line to 'False'
[2.844s] Level 5:colcon.colcon_core.verb:set package 'pure_pursuit' build argument 'ament_cmake_args' from command line to 'None'
[2.844s] Level 5:colcon.colcon_core.verb:set package 'pure_pursuit' build argument 'catkin_cmake_args' from command line to 'None'
[2.844s] Level 5:colcon.colcon_core.verb:set package 'pure_pursuit' build argument 'catkin_skip_building_tests' from command line to 'False'
[2.845s] DEBUG:colcon.colcon_core.verb:Building package 'pure_pursuit' with the following arguments: {'ament_cmake_args': None, 'build_base': '/home/nvidia/f1tenth_ws/build/pure_pursuit', 'catkin_cmake_args': None, 'catkin_skip_building_tests': False, 'cmake_args': None, 'cmake_clean_cache': False, 'cmake_clean_first': False, 'cmake_force_configure': False, 'cmake_target': None, 'cmake_target_skip_unavailable': False, 'install_base': '/home/nvidia/f1tenth_ws/install/pure_pursuit', 'merge_install': False, 'path': '/home/nvidia/f1tenth_ws/src/pure_pursuit', 'symlink_install': False, 'test_result_base': None}
[2.847s] Level 5:colcon.colcon_core.verb:set package 'teleop_tools_msgs' build argument 'cmake_args' from command line to 'None'
[2.847s] Level 5:colcon.colcon_core.verb:set package 'teleop_tools_msgs' build argument 'cmake_target' from command line to 'None'
[2.847s] Level 5:colcon.colcon_core.verb:set package 'teleop_tools_msgs' build argument 'cmake_target_skip_unavailable' from command line to 'False'
[2.847s] Level 5:colcon.colcon_core.verb:set package 'teleop_tools_msgs' build argument 'cmake_clean_cache' from command line to 'False'
[2.848s] Level 5:colcon.colcon_core.verb:set package 'teleop_tools_msgs' build argument 'cmake_clean_first' from command line to 'False'
[2.848s] Level 5:colcon.colcon_core.verb:set package 'teleop_tools_msgs' build argument 'cmake_force_configure' from command line to 'False'
[2.848s] Level 5:colcon.colcon_core.verb:set package 'teleop_tools_msgs' build argument 'ament_cmake_args' from command line to 'None'
[2.848s] Level 5:colcon.colcon_core.verb:set package 'teleop_tools_msgs' build argument 'catkin_cmake_args' from command line to 'None'
[2.848s] Level 5:colcon.colcon_core.verb:set package 'teleop_tools_msgs' build argument 'catkin_skip_building_tests' from command line to 'False'
[2.849s] DEBUG:colcon.colcon_core.verb:Building package 'teleop_tools_msgs' with the following arguments: {'ament_cmake_args': None, 'build_base': '/home/nvidia/f1tenth_ws/build/teleop_tools_msgs', 'catkin_cmake_args': None, 'catkin_skip_building_tests': False, 'cmake_args': None, 'cmake_clean_cache': False, 'cmake_clean_first': False, 'cmake_force_configure': False, 'cmake_target': None, 'cmake_target_skip_unavailable': False, 'install_base': '/home/nvidia/f1tenth_ws/install/teleop_tools_msgs', 'merge_install': False, 'path': '/home/nvidia/f1tenth_ws/src/f1tenth_system/teleop_tools/teleop_tools_msgs', 'symlink_install': False, 'test_result_base': None}
[2.851s] Level 5:colcon.colcon_core.verb:set package 'vesc_msgs' build argument 'cmake_args' from command line to 'None'
[2.851s] Level 5:colcon.colcon_core.verb:set package 'vesc_msgs' build argument 'cmake_target' from command line to 'None'
[2.851s] Level 5:colcon.colcon_core.verb:set package 'vesc_msgs' build argument 'cmake_target_skip_unavailable' from command line to 'False'
[2.851s] Level 5:colcon.colcon_core.verb:set package 'vesc_msgs' build argument 'cmake_clean_cache' from command line to 'False'
[2.851s] Level 5:colcon.colcon_core.verb:set package 'vesc_msgs' build argument 'cmake_clean_first' from command line to 'False'
[2.852s] Level 5:colcon.colcon_core.verb:set package 'vesc_msgs' build argument 'cmake_force_configure' from command line to 'False'
[2.852s] Level 5:colcon.colcon_core.verb:set package 'vesc_msgs' build argument 'ament_cmake_args' from command line to 'None'
[2.852s] Level 5:colcon.colcon_core.verb:set package 'vesc_msgs' build argument 'catkin_cmake_args' from command line to 'None'
[2.852s] Level 5:colcon.colcon_core.verb:set package 'vesc_msgs' build argument 'catkin_skip_building_tests' from command line to 'False'
[2.852s] DEBUG:colcon.colcon_core.verb:Building package 'vesc_msgs' with the following arguments: {'ament_cmake_args': None, 'build_base': '/home/nvidia/f1tenth_ws/build/vesc_msgs', 'catkin_cmake_args': None, 'catkin_skip_building_tests': False, 'cmake_args': None, 'cmake_clean_cache': False, 'cmake_clean_first': False, 'cmake_force_configure': False, 'cmake_target': None, 'cmake_target_skip_unavailable': False, 'install_base': '/home/nvidia/f1tenth_ws/install/vesc_msgs', 'merge_install': False, 'path': '/home/nvidia/f1tenth_ws/src/f1tenth_system/vesc/vesc_msgs', 'symlink_install': False, 'test_result_base': None}
[2.854s] Level 5:colcon.colcon_core.verb:set package 'joy_teleop' build argument 'cmake_args' from command line to 'None'
[2.854s] Level 5:colcon.colcon_core.verb:set package 'joy_teleop' build argument 'cmake_target' from command line to 'None'
[2.855s] Level 5:colcon.colcon_core.verb:set package 'joy_teleop' build argument 'cmake_target_skip_unavailable' from command line to 'False'
[2.855s] Level 5:colcon.colcon_core.verb:set package 'joy_teleop' build argument 'cmake_clean_cache' from command line to 'False'
[2.855s] Level 5:colcon.colcon_core.verb:set package 'joy_teleop' build argument 'cmake_clean_first' from command line to 'False'
[2.855s] Level 5:colcon.colcon_core.verb:set package 'joy_teleop' build argument 'cmake_force_configure' from command line to 'False'
[2.855s] Level 5:colcon.colcon_core.verb:set package 'joy_teleop' build argument 'ament_cmake_args' from command line to 'None'
[2.855s] Level 5:colcon.colcon_core.verb:set package 'joy_teleop' build argument 'catkin_cmake_args' from command line to 'None'
[2.856s] Level 5:colcon.colcon_core.verb:set package 'joy_teleop' build argument 'catkin_skip_building_tests' from command line to 'False'
[2.856s] DEBUG:colcon.colcon_core.verb:Building package 'joy_teleop' with the following arguments: {'ament_cmake_args': None, 'build_base': '/home/nvidia/f1tenth_ws/build/joy_teleop', 'catkin_cmake_args': None, 'catkin_skip_building_tests': False, 'cmake_args': None, 'cmake_clean_cache': False, 'cmake_clean_first': False, 'cmake_force_configure': False, 'cmake_target': None, 'cmake_target_skip_unavailable': False, 'install_base': '/home/nvidia/f1tenth_ws/install/joy_teleop', 'merge_install': False, 'path': '/home/nvidia/f1tenth_ws/src/f1tenth_system/teleop_tools/joy_teleop', 'symlink_install': False, 'test_result_base': None}
[2.858s] Level 5:colcon.colcon_core.verb:set package 'vesc_ackermann' build argument 'cmake_args' from command line to 'None'
[2.858s] Level 5:colcon.colcon_core.verb:set package 'vesc_ackermann' build argument 'cmake_target' from command line to 'None'
[2.858s] Level 5:colcon.colcon_core.verb:set package 'vesc_ackermann' build argument 'cmake_target_skip_unavailable' from command line to 'False'
[2.858s] Level 5:colcon.colcon_core.verb:set package 'vesc_ackermann' build argument 'cmake_clean_cache' from command line to 'False'
[2.859s] Level 5:colcon.colcon_core.verb:set package 'vesc_ackermann' build argument 'cmake_clean_first' from command line to 'False'
[2.859s] Level 5:colcon.colcon_core.verb:set package 'vesc_ackermann' build argument 'cmake_force_configure' from command line to 'False'
[2.859s] Level 5:colcon.colcon_core.verb:set package 'vesc_ackermann' build argument 'ament_cmake_args' from command line to 'None'
[2.859s] Level 5:colcon.colcon_core.verb:set package 'vesc_ackermann' build argument 'catkin_cmake_args' from command line to 'None'
[2.859s] Level 5:colcon.colcon_core.verb:set package 'vesc_ackermann' build argument 'catkin_skip_building_tests' from command line to 'False'
[2.860s] DEBUG:colcon.colcon_core.verb:Building package 'vesc_ackermann' with the following arguments: {'ament_cmake_args': None, 'build_base': '/home/nvidia/f1tenth_ws/build/vesc_ackermann', 'catkin_cmake_args': None, 'catkin_skip_building_tests': False, 'cmake_args': None, 'cmake_clean_cache': False, 'cmake_clean_first': False, 'cmake_force_configure': False, 'cmake_target': None, 'cmake_target_skip_unavailable': False, 'install_base': '/home/nvidia/f1tenth_ws/install/vesc_ackermann', 'merge_install': False, 'path': '/home/nvidia/f1tenth_ws/src/f1tenth_system/vesc/vesc_ackermann', 'symlink_install': False, 'test_result_base': None}
[2.861s] Level 5:colcon.colcon_core.verb:set package 'vesc_driver' build argument 'cmake_args' from command line to 'None'
[2.862s] Level 5:colcon.colcon_core.verb:set package 'vesc_driver' build argument 'cmake_target' from command line to 'None'
[2.862s] Level 5:colcon.colcon_core.verb:set package 'vesc_driver' build argument 'cmake_target_skip_unavailable' from command line to 'False'
[2.862s] Level 5:colcon.colcon_core.verb:set package 'vesc_driver' build argument 'cmake_clean_cache' from command line to 'False'
[2.862s] Level 5:colcon.colcon_core.verb:set package 'vesc_driver' build argument 'cmake_clean_first' from command line to 'False'
[2.862s] Level 5:colcon.colcon_core.verb:set package 'vesc_driver' build argument 'cmake_force_configure' from command line to 'False'
[2.862s] Level 5:colcon.colcon_core.verb:set package 'vesc_driver' build argument 'ament_cmake_args' from command line to 'None'
[2.863s] Level 5:colcon.colcon_core.verb:set package 'vesc_driver' build argument 'catkin_cmake_args' from command line to 'None'
[2.863s] Level 5:colcon.colcon_core.verb:set package 'vesc_driver' build argument 'catkin_skip_building_tests' from command line to 'False'
[2.863s] DEBUG:colcon.colcon_core.verb:Building package 'vesc_driver' with the following arguments: {'ament_cmake_args': None, 'build_base': '/home/nvidia/f1tenth_ws/build/vesc_driver', 'catkin_cmake_args': None, 'catkin_skip_building_tests': False, 'cmake_args': None, 'cmake_clean_cache': False, 'cmake_clean_first': False, 'cmake_force_configure': False, 'cmake_target': None, 'cmake_target_skip_unavailable': False, 'install_base': '/home/nvidia/f1tenth_ws/install/vesc_driver', 'merge_install': False, 'path': '/home/nvidia/f1tenth_ws/src/f1tenth_system/vesc/vesc_driver', 'symlink_install': False, 'test_result_base': None}
[2.865s] Level 5:colcon.colcon_core.verb:set package 'teleop_tools' build argument 'cmake_args' from command line to 'None'
[2.865s] Level 5:colcon.colcon_core.verb:set package 'teleop_tools' build argument 'cmake_target' from command line to 'None'
[2.865s] Level 5:colcon.colcon_core.verb:set package 'teleop_tools' build argument 'cmake_target_skip_unavailable' from command line to 'False'
[2.865s] Level 5:colcon.colcon_core.verb:set package 'teleop_tools' build argument 'cmake_clean_cache' from command line to 'False'
[2.865s] Level 5:colcon.colcon_core.verb:set package 'teleop_tools' build argument 'cmake_clean_first' from command line to 'False'
[2.866s] Level 5:colcon.colcon_core.verb:set package 'teleop_tools' build argument 'cmake_force_configure' from command line to 'False'
[2.866s] Level 5:colcon.colcon_core.verb:set package 'teleop_tools' build argument 'ament_cmake_args' from command line to 'None'
[2.866s] Level 5:colcon.colcon_core.verb:set package 'teleop_tools' build argument 'catkin_cmake_args' from command line to 'None'
[2.866s] Level 5:colcon.colcon_core.verb:set package 'teleop_tools' build argument 'catkin_skip_building_tests' from command line to 'False'
[2.866s] DEBUG:colcon.colcon_core.verb:Building package 'teleop_tools' with the following arguments: {'ament_cmake_args': None, 'build_base': '/home/nvidia/f1tenth_ws/build/teleop_tools', 'catkin_cmake_args': None, 'catkin_skip_building_tests': False, 'cmake_args': None, 'cmake_clean_cache': False, 'cmake_clean_first': False, 'cmake_force_configure': False, 'cmake_target': None, 'cmake_target_skip_unavailable': False, 'install_base': '/home/nvidia/f1tenth_ws/install/teleop_tools', 'merge_install': False, 'path': '/home/nvidia/f1tenth_ws/src/f1tenth_system/teleop_tools/teleop_tools', 'symlink_install': False, 'test_result_base': None}
[2.868s] Level 5:colcon.colcon_core.verb:set package 'vesc' build argument 'cmake_args' from command line to 'None'
[2.868s] Level 5:colcon.colcon_core.verb:set package 'vesc' build argument 'cmake_target' from command line to 'None'
[2.868s] Level 5:colcon.colcon_core.verb:set package 'vesc' build argument 'cmake_target_skip_unavailable' from command line to 'False'
[2.869s] Level 5:colcon.colcon_core.verb:set package 'vesc' build argument 'cmake_clean_cache' from command line to 'False'
[2.869s] Level 5:colcon.colcon_core.verb:set package 'vesc' build argument 'cmake_clean_first' from command line to 'False'
[2.869s] Level 5:colcon.colcon_core.verb:set package 'vesc' build argument 'cmake_force_configure' from command line to 'False'
[2.869s] Level 5:colcon.colcon_core.verb:set package 'vesc' build argument 'ament_cmake_args' from command line to 'None'
[2.869s] Level 5:colcon.colcon_core.verb:set package 'vesc' build argument 'catkin_cmake_args' from command line to 'None'
[2.869s] Level 5:colcon.colcon_core.verb:set package 'vesc' build argument 'catkin_skip_building_tests' from command line to 'False'
[2.870s] DEBUG:colcon.colcon_core.verb:Building package 'vesc' with the following arguments: {'ament_cmake_args': None, 'build_base': '/home/nvidia/f1tenth_ws/build/vesc', 'catkin_cmake_args': None, 'catkin_skip_building_tests': False, 'cmake_args': None, 'cmake_clean_cache': False, 'cmake_clean_first': False, 'cmake_force_configure': False, 'cmake_target': None, 'cmake_target_skip_unavailable': False, 'install_base': '/home/nvidia/f1tenth_ws/install/vesc', 'merge_install': False, 'path': '/home/nvidia/f1tenth_ws/src/f1tenth_system/vesc/vesc', 'symlink_install': False, 'test_result_base': None}
[2.872s] Level 5:colcon.colcon_core.verb:set package 'f1tenth_stack' build argument 'cmake_args' from command line to 'None'
[2.872s] Level 5:colcon.colcon_core.verb:set package 'f1tenth_stack' build argument 'cmake_target' from command line to 'None'
[2.872s] Level 5:colcon.colcon_core.verb:set package 'f1tenth_stack' build argument 'cmake_target_skip_unavailable' from command line to 'False'
[2.872s] Level 5:colcon.colcon_core.verb:set package 'f1tenth_stack' build argument 'cmake_clean_cache' from command line to 'False'
[2.872s] Level 5:colcon.colcon_core.verb:set package 'f1tenth_stack' build argument 'cmake_clean_first' from command line to 'False'
[2.872s] Level 5:colcon.colcon_core.verb:set package 'f1tenth_stack' build argument 'cmake_force_configure' from command line to 'False'
[2.873s] Level 5:colcon.colcon_core.verb:set package 'f1tenth_stack' build argument 'ament_cmake_args' from command line to 'None'
[2.873s] Level 5:colcon.colcon_core.verb:set package 'f1tenth_stack' build argument 'catkin_cmake_args' from command line to 'None'
[2.873s] Level 5:colcon.colcon_core.verb:set package 'f1tenth_stack' build argument 'catkin_skip_building_tests' from command line to 'False'
[2.873s] DEBUG:colcon.colcon_core.verb:Building package 'f1tenth_stack' with the following arguments: {'ament_cmake_args': None, 'build_base': '/home/nvidia/f1tenth_ws/build/f1tenth_stack', 'catkin_cmake_args': None, 'catkin_skip_building_tests': False, 'cmake_args': None, 'cmake_clean_cache': False, 'cmake_clean_first': False, 'cmake_force_configure': False, 'cmake_target': None, 'cmake_target_skip_unavailable': False, 'install_base': '/home/nvidia/f1tenth_ws/install/f1tenth_stack', 'merge_install': False, 'path': '/home/nvidia/f1tenth_ws/src/f1tenth_system/f1tenth_stack', 'symlink_install': False, 'test_result_base': None}
[2.874s] INFO:colcon.colcon_core.executor:Executing jobs using 'parallel' executor
[2.879s] DEBUG:colcon.colcon_parallel_executor.executor.parallel:run_until_complete
[2.881s] INFO:colcon.colcon_ros.task.ament_cmake.build:Building ROS package in '/home/nvidia/f1tenth_ws/src/f1tenth_system/vesc/vesc_msgs' with build type 'ament_cmake'
[2.882s] INFO:colcon.colcon_cmake.task.cmake.build:Building CMake package in '/home/nvidia/f1tenth_ws/src/f1tenth_system/vesc/vesc_msgs'
[2.900s] INFO:colcon.colcon_core.plugin_system:Skipping extension 'colcon_core.shell.bat': Not used on non-Windows systems
[2.901s] INFO:colcon.colcon_core.shell:Skip shell extension 'powershell' for command environment: Not usable outside of PowerShell
[2.901s] DEBUG:colcon.colcon_core.shell:Skip shell extension 'dsv' for command environment
[2.938s] INFO:colcon.colcon_ros.task.ament_cmake.build:Building ROS package in '/home/nvidia/f1tenth_ws/src/f1tenth_system/teleop_tools/teleop_tools_msgs' with build type 'ament_cmake'
[2.941s] INFO:colcon.colcon_cmake.task.cmake.build:Building CMake package in '/home/nvidia/f1tenth_ws/src/f1tenth_system/teleop_tools/teleop_tools_msgs'
[2.945s] INFO:colcon.colcon_core.shell:Skip shell extension 'powershell' for command environment: Not usable outside of PowerShell
[2.946s] DEBUG:colcon.colcon_core.shell:Skip shell extension 'dsv' for command environment
[2.987s] INFO:colcon.colcon_ros.task.ament_cmake.build:Building ROS package in '/home/nvidia/f1tenth_ws/src/f1tenth_system/ackermann_mux' with build type 'ament_cmake'
[2.989s] INFO:colcon.colcon_cmake.task.cmake.build:Building CMake package in '/home/nvidia/f1tenth_ws/src/f1tenth_system/ackermann_mux'
[2.993s] INFO:colcon.colcon_core.shell:Skip shell extension 'powershell' for command environment: Not usable outside of PowerShell
[2.994s] DEBUG:colcon.colcon_core.shell:Skip shell extension 'dsv' for command environment
[3.035s] INFO:colcon.colcon_ros.task.ament_python.build:Building ROS package in '/home/nvidia/f1tenth_ws/src/f1tenth_system/teleop_tools/key_teleop' with build type 'ament_python'
[3.040s] Level 1:colcon.colcon_core.shell:create_environment_hook('key_teleop', 'ament_prefix_path')
[3.043s] INFO:colcon.colcon_core.shell:Creating environment hook '/home/nvidia/f1tenth_ws/install/key_teleop/share/key_teleop/hook/ament_prefix_path.ps1'
[3.050s] INFO:colcon.colcon_core.shell:Creating environment descriptor '/home/nvidia/f1tenth_ws/install/key_teleop/share/key_teleop/hook/ament_prefix_path.dsv'
[3.053s] INFO:colcon.colcon_core.shell:Creating environment hook '/home/nvidia/f1tenth_ws/install/key_teleop/share/key_teleop/hook/ament_prefix_path.sh'
[3.058s] INFO:colcon.colcon_core.shell:Skip shell extension 'powershell' for command environment: Not usable outside of PowerShell
[3.058s] DEBUG:colcon.colcon_core.shell:Skip shell extension 'dsv' for command environment
[3.098s] INFO:colcon.colcon_ros.task.ament_python.build:Building ROS package in '/home/nvidia/f1tenth_ws/src/f1tenth_controllers' with build type 'ament_python'
[3.102s] Level 1:colcon.colcon_core.shell:create_environment_hook('f1tenth_controllers', 'ament_prefix_path')
[3.106s] INFO:colcon.colcon_core.shell:Creating environment hook '/home/nvidia/f1tenth_ws/install/f1tenth_controllers/share/f1tenth_controllers/hook/ament_prefix_path.ps1'
[3.112s] INFO:colcon.colcon_core.shell:Creating environment descriptor '/home/nvidia/f1tenth_ws/install/f1tenth_controllers/share/f1tenth_controllers/hook/ament_prefix_path.dsv'
[3.114s] INFO:colcon.colcon_core.shell:Creating environment hook '/home/nvidia/f1tenth_ws/install/f1tenth_controllers/share/f1tenth_controllers/hook/ament_prefix_path.sh'
[3.118s] INFO:colcon.colcon_core.shell:Skip shell extension 'powershell' for command environment: Not usable outside of PowerShell
[3.118s] DEBUG:colcon.colcon_core.shell:Skip shell extension 'dsv' for command environment
[3.155s] INFO:colcon.colcon_ros.task.ament_python.build:Building ROS package in '/home/nvidia/f1tenth_ws/src/mapping' with build type 'ament_python'
[3.158s] Level 1:colcon.colcon_core.shell:create_environment_hook('mapping', 'ament_prefix_path')
[3.162s] INFO:colcon.colcon_core.shell:Creating environment hook '/home/nvidia/f1tenth_ws/install/mapping/share/mapping/hook/ament_prefix_path.ps1'
[3.168s] INFO:colcon.colcon_core.shell:Creating environment descriptor '/home/nvidia/f1tenth_ws/install/mapping/share/mapping/hook/ament_prefix_path.dsv'
[3.170s] INFO:colcon.colcon_core.shell:Creating environment hook '/home/nvidia/f1tenth_ws/install/mapping/share/mapping/hook/ament_prefix_path.sh'
[3.173s] INFO:colcon.colcon_core.shell:Skip shell extension 'powershell' for command environment: Not usable outside of PowerShell
[3.173s] DEBUG:colcon.colcon_core.shell:Skip shell extension 'dsv' for command environment
[3.256s] DEBUG:colcon.colcon_core.event_handler.log_command:Invoking command in '/home/nvidia/f1tenth_ws/build/vesc_msgs': CMAKE_PREFIX_PATH=${CMAKE_PREFIX_PATH}://home/nvidia/f1tenth_ws/install/f1tenth_stack://home/nvidia/f1tenth_ws/install/joy_teleop://home/nvidia/f1tenth_ws/install/phasespace://home/nvidia/f1tenth_ws/install/new_map_saver://home/nvidia/f1tenth_ws/install/mouse_teleop://home/nvidia/f1tenth_ws/install/mapping://home/nvidia/f1tenth_ws/install/key_teleop://home/nvidia/f1tenth_ws/install/f1tenth_controllers:/opt/ros/foxy /usr/bin/cmake --build /home/nvidia/f1tenth_ws/build/vesc_msgs -- -j6 -l6
[3.317s] DEBUG:colcon.colcon_core.event_handler.log_command:Invoking command in '/home/nvidia/f1tenth_ws/build/teleop_tools_msgs': CMAKE_PREFIX_PATH=${CMAKE_PREFIX_PATH}://home/nvidia/f1tenth_ws/install/f1tenth_stack://home/nvidia/f1tenth_ws/install/joy_teleop://home/nvidia/f1tenth_ws/install/phasespace://home/nvidia/f1tenth_ws/install/new_map_saver://home/nvidia/f1tenth_ws/install/mouse_teleop://home/nvidia/f1tenth_ws/install/mapping://home/nvidia/f1tenth_ws/install/key_teleop://home/nvidia/f1tenth_ws/install/f1tenth_controllers:/opt/ros/foxy /usr/bin/cmake --build /home/nvidia/f1tenth_ws/build/teleop_tools_msgs -- -j6 -l6
[3.343s] DEBUG:colcon.colcon_core.event_handler.log_command:Invoking command in '/home/nvidia/f1tenth_ws/build/ackermann_mux': CMAKE_PREFIX_PATH=${CMAKE_PREFIX_PATH}://home/nvidia/f1tenth_ws/install/f1tenth_stack://home/nvidia/f1tenth_ws/install/joy_teleop://home/nvidia/f1tenth_ws/install/phasespace://home/nvidia/f1tenth_ws/install/new_map_saver://home/nvidia/f1tenth_ws/install/mouse_teleop://home/nvidia/f1tenth_ws/install/mapping://home/nvidia/f1tenth_ws/install/key_teleop://home/nvidia/f1tenth_ws/install/f1tenth_controllers:/opt/ros/foxy /usr/bin/cmake --build /home/nvidia/f1tenth_ws/build/ackermann_mux -- -j6 -l6
[4.961s] INFO:colcon.colcon_core.task.python.build:Building Python package in '/home/nvidia/f1tenth_ws/src/f1tenth_system/teleop_tools/key_teleop'
[4.965s] INFO:colcon.colcon_core.shell:Skip shell extension 'powershell' for command environment: Not usable outside of PowerShell
[4.966s] DEBUG:colcon.colcon_core.shell:Skip shell extension 'dsv' for command environment
[6.319s] INFO:colcon.colcon_core.task.python.build:Building Python package in '/home/nvidia/f1tenth_ws/src/f1tenth_controllers'
[6.323s] INFO:colcon.colcon_core.shell:Skip shell extension 'powershell' for command environment: Not usable outside of PowerShell
[6.323s] DEBUG:colcon.colcon_core.shell:Skip shell extension 'dsv' for command environment
[7.657s] INFO:colcon.colcon_core.task.python.build:Building Python package in '/home/nvidia/f1tenth_ws/src/mapping'
[7.661s] INFO:colcon.colcon_core.shell:Skip shell extension 'powershell' for command environment: Not usable outside of PowerShell
[7.662s] DEBUG:colcon.colcon_core.shell:Skip shell extension 'dsv' for command environment
[7.816s] DEBUG:colcon.colcon_core.event_handler.log_command:Invoked command in '/home/nvidia/f1tenth_ws/build/vesc_msgs' returned '0': CMAKE_PREFIX_PATH=${CMAKE_PREFIX_PATH}://home/nvidia/f1tenth_ws/install/f1tenth_stack://home/nvidia/f1tenth_ws/install/joy_teleop://home/nvidia/f1tenth_ws/install/phasespace://home/nvidia/f1tenth_ws/install/new_map_saver://home/nvidia/f1tenth_ws/install/mouse_teleop://home/nvidia/f1tenth_ws/install/mapping://home/nvidia/f1tenth_ws/install/key_teleop://home/nvidia/f1tenth_ws/install/f1tenth_controllers:/opt/ros/foxy /usr/bin/cmake --build /home/nvidia/f1tenth_ws/build/vesc_msgs -- -j6 -l6
[7.822s] DEBUG:colcon.colcon_core.event_handler.log_command:Invoked command in '/home/nvidia/f1tenth_ws/build/teleop_tools_msgs' returned '0': CMAKE_PREFIX_PATH=${CMAKE_PREFIX_PATH}://home/nvidia/f1tenth_ws/install/f1tenth_stack://home/nvidia/f1tenth_ws/install/joy_teleop://home/nvidia/f1tenth_ws/install/phasespace://home/nvidia/f1tenth_ws/install/new_map_saver://home/nvidia/f1tenth_ws/install/mouse_teleop://home/nvidia/f1tenth_ws/install/mapping://home/nvidia/f1tenth_ws/install/key_teleop://home/nvidia/f1tenth_ws/install/f1tenth_controllers:/opt/ros/foxy /usr/bin/cmake --build /home/nvidia/f1tenth_ws/build/teleop_tools_msgs -- -j6 -l6
[7.826s] DEBUG:colcon.colcon_core.event_handler.log_command:Invoked command in '/home/nvidia/f1tenth_ws/build/ackermann_mux' returned '0': CMAKE_PREFIX_PATH=${CMAKE_PREFIX_PATH}://home/nvidia/f1tenth_ws/install/f1tenth_stack://home/nvidia/f1tenth_ws/install/joy_teleop://home/nvidia/f1tenth_ws/install/phasespace://home/nvidia/f1tenth_ws/install/new_map_saver://home/nvidia/f1tenth_ws/install/mouse_teleop://home/nvidia/f1tenth_ws/install/mapping://home/nvidia/f1tenth_ws/install/key_teleop://home/nvidia/f1tenth_ws/install/f1tenth_controllers:/opt/ros/foxy /usr/bin/cmake --build /home/nvidia/f1tenth_ws/build/ackermann_mux -- -j6 -l6
[8.117s] DEBUG:colcon.colcon_core.event_handler.log_command:Invoking command in '/home/nvidia/f1tenth_ws/build/ackermann_mux': CMAKE_PREFIX_PATH=${CMAKE_PREFIX_PATH}://home/nvidia/f1tenth_ws/install/f1tenth_stack://home/nvidia/f1tenth_ws/install/joy_teleop://home/nvidia/f1tenth_ws/install/phasespace://home/nvidia/f1tenth_ws/install/new_map_saver://home/nvidia/f1tenth_ws/install/mouse_teleop://home/nvidia/f1tenth_ws/install/mapping://home/nvidia/f1tenth_ws/install/key_teleop://home/nvidia/f1tenth_ws/install/f1tenth_controllers:/opt/ros/foxy /usr/bin/cmake --install /home/nvidia/f1tenth_ws/build/ackermann_mux
[8.240s] DEBUG:colcon.colcon_core.event_handler.log_command:Invoking command in '/home/nvidia/f1tenth_ws/build/teleop_tools_msgs': CMAKE_PREFIX_PATH=${CMAKE_PREFIX_PATH}://home/nvidia/f1tenth_ws/install/f1tenth_stack://home/nvidia/f1tenth_ws/install/joy_teleop://home/nvidia/f1tenth_ws/install/phasespace://home/nvidia/f1tenth_ws/install/new_map_saver://home/nvidia/f1tenth_ws/install/mouse_teleop://home/nvidia/f1tenth_ws/install/mapping://home/nvidia/f1tenth_ws/install/key_teleop://home/nvidia/f1tenth_ws/install/f1tenth_controllers:/opt/ros/foxy /usr/bin/cmake --install /home/nvidia/f1tenth_ws/build/teleop_tools_msgs
[8.276s] Level 1:colcon.colcon_core.environment:create_environment_scripts_only(ackermann_mux)
[8.284s] DEBUG:colcon.colcon_core.event_handler.log_command:Invoked command in '/home/nvidia/f1tenth_ws/build/ackermann_mux' returned '0': CMAKE_PREFIX_PATH=${CMAKE_PREFIX_PATH}://home/nvidia/f1tenth_ws/install/f1tenth_stack://home/nvidia/f1tenth_ws/install/joy_teleop://home/nvidia/f1tenth_ws/install/phasespace://home/nvidia/f1tenth_ws/install/new_map_saver://home/nvidia/f1tenth_ws/install/mouse_teleop://home/nvidia/f1tenth_ws/install/mapping://home/nvidia/f1tenth_ws/install/key_teleop://home/nvidia/f1tenth_ws/install/f1tenth_controllers:/opt/ros/foxy /usr/bin/cmake --install /home/nvidia/f1tenth_ws/build/ackermann_mux
[8.319s] Level 1:colcon.colcon_core.environment:checking '/home/nvidia/f1tenth_ws/install/ackermann_mux' for CMake module files
[8.323s] Level 1:colcon.colcon_core.environment:checking '/home/nvidia/f1tenth_ws/install/ackermann_mux' for CMake config files
[8.326s] Level 1:colcon.colcon_core.shell:create_environment_hook('ackermann_mux', 'cmake_prefix_path')
[8.328s] INFO:colcon.colcon_core.shell:Creating environment hook '/home/nvidia/f1tenth_ws/install/ackermann_mux/share/ackermann_mux/hook/cmake_prefix_path.ps1'
[8.349s] INFO:colcon.colcon_core.shell:Creating environment descriptor '/home/nvidia/f1tenth_ws/install/ackermann_mux/share/ackermann_mux/hook/cmake_prefix_path.dsv'
[8.359s] INFO:colcon.colcon_core.shell:Creating environment hook '/home/nvidia/f1tenth_ws/install/ackermann_mux/share/ackermann_mux/hook/cmake_prefix_path.sh'
[8.370s] Level 1:colcon.colcon_core.environment:checking '/home/nvidia/f1tenth_ws/install/ackermann_mux/lib'
[8.372s] Level 1:colcon.colcon_core.environment:checking '/home/nvidia/f1tenth_ws/install/ackermann_mux/bin'
[8.372s] Level 1:colcon.colcon_core.environment:checking '/home/nvidia/f1tenth_ws/install/ackermann_mux/lib/pkgconfig/ackermann_mux.pc'
[8.376s] Level 1:colcon.colcon_core.environment:checking '/home/nvidia/f1tenth_ws/install/ackermann_mux/lib/python3.8/site-packages'
[8.377s] Level 1:colcon.colcon_core.environment:checking '/home/nvidia/f1tenth_ws/install/ackermann_mux/bin'
[8.379s] INFO:colcon.colcon_core.shell:Creating package script '/home/nvidia/f1tenth_ws/install/ackermann_mux/share/ackermann_mux/package.ps1'
[8.403s] INFO:colcon.colcon_core.shell:Creating package descriptor '/home/nvidia/f1tenth_ws/install/ackermann_mux/share/ackermann_mux/package.dsv'
[8.408s] INFO:colcon.colcon_core.shell:Creating package script '/home/nvidia/f1tenth_ws/install/ackermann_mux/share/ackermann_mux/package.sh'
[8.415s] INFO:colcon.colcon_core.shell:Creating package script '/home/nvidia/f1tenth_ws/install/ackermann_mux/share/ackermann_mux/package.bash'
[8.420s] INFO:colcon.colcon_core.shell:Creating package script '/home/nvidia/f1tenth_ws/install/ackermann_mux/share/ackermann_mux/package.zsh'
[8.433s] Level 1:colcon.colcon_core.environment:create_file_with_runtime_dependencies(/home/nvidia/f1tenth_ws/install/ackermann_mux/share/colcon-core/packages/ackermann_mux)
[8.696s] DEBUG:colcon.colcon_core.event_handler.log_command:Invoking command in '/home/nvidia/f1tenth_ws/build/vesc_msgs': CMAKE_PREFIX_PATH=${CMAKE_PREFIX_PATH}://home/nvidia/f1tenth_ws/install/f1tenth_stack://home/nvidia/f1tenth_ws/install/joy_teleop://home/nvidia/f1tenth_ws/install/phasespace://home/nvidia/f1tenth_ws/install/new_map_saver://home/nvidia/f1tenth_ws/install/mouse_teleop://home/nvidia/f1tenth_ws/install/mapping://home/nvidia/f1tenth_ws/install/key_teleop://home/nvidia/f1tenth_ws/install/f1tenth_controllers:/opt/ros/foxy /usr/bin/cmake --install /home/nvidia/f1tenth_ws/build/vesc_msgs
[8.709s] Level 1:colcon.colcon_core.environment:create_environment_scripts_only(ackermann_mux)
[8.713s] Level 1:colcon.colcon_core.environment:checking '/home/nvidia/f1tenth_ws/install/ackermann_mux' for CMake module files
[8.723s] Level 1:colcon.colcon_core.environment:checking '/home/nvidia/f1tenth_ws/install/ackermann_mux' for CMake config files
[8.729s] Level 1:colcon.colcon_core.shell:create_environment_hook('ackermann_mux', 'cmake_prefix_path')
[8.731s] INFO:colcon.colcon_core.shell:Creating environment hook '/home/nvidia/f1tenth_ws/install/ackermann_mux/share/ackermann_mux/hook/cmake_prefix_path.ps1'
[8.747s] INFO:colcon.colcon_core.shell:Creating environment descriptor '/home/nvidia/f1tenth_ws/install/ackermann_mux/share/ackermann_mux/hook/cmake_prefix_path.dsv'
[8.750s] INFO:colcon.colcon_core.shell:Creating environment hook '/home/nvidia/f1tenth_ws/install/ackermann_mux/share/ackermann_mux/hook/cmake_prefix_path.sh'
[8.754s] Level 1:colcon.colcon_core.environment:checking '/home/nvidia/f1tenth_ws/install/ackermann_mux/lib'
[8.755s] Level 1:colcon.colcon_core.environment:checking '/home/nvidia/f1tenth_ws/install/ackermann_mux/bin'
[8.756s] Level 1:colcon.colcon_core.environment:checking '/home/nvidia/f1tenth_ws/install/ackermann_mux/lib/pkgconfig/ackermann_mux.pc'
[8.758s] Level 1:colcon.colcon_core.environment:checking '/home/nvidia/f1tenth_ws/install/ackermann_mux/lib/python3.8/site-packages'
[8.758s] Level 1:colcon.colcon_core.environment:checking '/home/nvidia/f1tenth_ws/install/ackermann_mux/bin'
[8.760s] INFO:colcon.colcon_core.shell:Creating package script '/home/nvidia/f1tenth_ws/install/ackermann_mux/share/ackermann_mux/package.ps1'
[8.772s] INFO:colcon.colcon_core.shell:Creating package descriptor '/home/nvidia/f1tenth_ws/install/ackermann_mux/share/ackermann_mux/package.dsv'
[8.787s] INFO:colcon.colcon_core.shell:Creating package script '/home/nvidia/f1tenth_ws/install/ackermann_mux/share/ackermann_mux/package.sh'
[8.802s] INFO:colcon.colcon_core.shell:Creating package script '/home/nvidia/f1tenth_ws/install/ackermann_mux/share/ackermann_mux/package.bash'
[8.810s] INFO:colcon.colcon_core.shell:Creating package script '/home/nvidia/f1tenth_ws/install/ackermann_mux/share/ackermann_mux/package.zsh'
[8.820s] Level 1:colcon.colcon_core.environment:create_file_with_runtime_dependencies(/home/nvidia/f1tenth_ws/install/ackermann_mux/share/colcon-core/packages/ackermann_mux)
[8.831s] INFO:colcon.colcon_ros.task.ament_python.build:Building ROS package in '/home/nvidia/f1tenth_ws/src/f1tenth_system/teleop_tools/mouse_teleop' with build type 'ament_python'
[8.833s] Level 1:colcon.colcon_core.shell:create_environment_hook('mouse_teleop', 'ament_prefix_path')
[8.834s] INFO:colcon.colcon_core.shell:Creating environment hook '/home/nvidia/f1tenth_ws/install/mouse_teleop/share/mouse_teleop/hook/ament_prefix_path.ps1'
[8.842s] INFO:colcon.colcon_core.shell:Creating environment descriptor '/home/nvidia/f1tenth_ws/install/mouse_teleop/share/mouse_teleop/hook/ament_prefix_path.dsv'
[8.848s] INFO:colcon.colcon_core.shell:Creating environment hook '/home/nvidia/f1tenth_ws/install/mouse_teleop/share/mouse_teleop/hook/ament_prefix_path.sh'
[8.855s] INFO:colcon.colcon_core.shell:Skip shell extension 'powershell' for command environment: Not usable outside of PowerShell
[8.856s] DEBUG:colcon.colcon_core.shell:Skip shell extension 'dsv' for command environment
[8.950s] Level 1:colcon.colcon_core.environment:create_environment_scripts_only(teleop_tools_msgs)
[8.955s] DEBUG:colcon.colcon_core.event_handler.log_command:Invoked command in '/home/nvidia/f1tenth_ws/build/teleop_tools_msgs' returned '0': CMAKE_PREFIX_PATH=${CMAKE_PREFIX_PATH}://home/nvidia/f1tenth_ws/install/f1tenth_stack://home/nvidia/f1tenth_ws/install/joy_teleop://home/nvidia/f1tenth_ws/install/phasespace://home/nvidia/f1tenth_ws/install/new_map_saver://home/nvidia/f1tenth_ws/install/mouse_teleop://home/nvidia/f1tenth_ws/install/mapping://home/nvidia/f1tenth_ws/install/key_teleop://home/nvidia/f1tenth_ws/install/f1tenth_controllers:/opt/ros/foxy /usr/bin/cmake --install /home/nvidia/f1tenth_ws/build/teleop_tools_msgs
[8.958s] Level 1:colcon.colcon_core.environment:checking '/home/nvidia/f1tenth_ws/install/teleop_tools_msgs' for CMake module files
[8.965s] Level 1:colcon.colcon_core.environment:checking '/home/nvidia/f1tenth_ws/install/teleop_tools_msgs' for CMake config files
[8.969s] Level 1:colcon.colcon_core.shell:create_environment_hook('teleop_tools_msgs', 'cmake_prefix_path')
[8.970s] INFO:colcon.colcon_core.shell:Creating environment hook '/home/nvidia/f1tenth_ws/install/teleop_tools_msgs/share/teleop_tools_msgs/hook/cmake_prefix_path.ps1'
[8.974s] INFO:colcon.colcon_core.shell:Creating environment descriptor '/home/nvidia/f1tenth_ws/install/teleop_tools_msgs/share/teleop_tools_msgs/hook/cmake_prefix_path.dsv'
[8.977s] INFO:colcon.colcon_core.shell:Creating environment hook '/home/nvidia/f1tenth_ws/install/teleop_tools_msgs/share/teleop_tools_msgs/hook/cmake_prefix_path.sh'
[8.981s] Level 1:colcon.colcon_core.environment:checking '/home/nvidia/f1tenth_ws/install/teleop_tools_msgs/lib'
[8.981s] Level 1:colcon.colcon_core.shell:create_environment_hook('teleop_tools_msgs', 'ld_library_path_lib')
[8.983s] INFO:colcon.colcon_core.shell:Creating environment hook '/home/nvidia/f1tenth_ws/install/teleop_tools_msgs/share/teleop_tools_msgs/hook/ld_library_path_lib.ps1'
[8.987s] INFO:colcon.colcon_core.shell:Creating environment descriptor '/home/nvidia/f1tenth_ws/install/teleop_tools_msgs/share/teleop_tools_msgs/hook/ld_library_path_lib.dsv'
[8.989s] INFO:colcon.colcon_core.shell:Creating environment hook '/home/nvidia/f1tenth_ws/install/teleop_tools_msgs/share/teleop_tools_msgs/hook/ld_library_path_lib.sh'
[8.991s] Level 1:colcon.colcon_core.environment:checking '/home/nvidia/f1tenth_ws/install/teleop_tools_msgs/bin'
[8.992s] Level 1:colcon.colcon_core.environment:checking '/home/nvidia/f1tenth_ws/install/teleop_tools_msgs/lib/pkgconfig/teleop_tools_msgs.pc'
[8.994s] Level 1:colcon.colcon_core.environment:checking '/home/nvidia/f1tenth_ws/install/teleop_tools_msgs/lib/python3.8/site-packages'
[8.995s] Level 1:colcon.colcon_core.shell:create_environment_hook('teleop_tools_msgs', 'pythonpath')
[8.996s] INFO:colcon.colcon_core.shell:Creating environment hook '/home/nvidia/f1tenth_ws/install/teleop_tools_msgs/share/teleop_tools_msgs/hook/pythonpath.ps1'
[9.001s] INFO:colcon.colcon_core.shell:Creating environment descriptor '/home/nvidia/f1tenth_ws/install/teleop_tools_msgs/share/teleop_tools_msgs/hook/pythonpath.dsv'
[9.003s] INFO:colcon.colcon_core.shell:Creating environment hook '/home/nvidia/f1tenth_ws/install/teleop_tools_msgs/share/teleop_tools_msgs/hook/pythonpath.sh'
[9.006s] Level 1:colcon.colcon_core.environment:checking '/home/nvidia/f1tenth_ws/install/teleop_tools_msgs/bin'
[9.008s] INFO:colcon.colcon_core.shell:Creating package script '/home/nvidia/f1tenth_ws/install/teleop_tools_msgs/share/teleop_tools_msgs/package.ps1'
[9.013s] INFO:colcon.colcon_core.shell:Creating package descriptor '/home/nvidia/f1tenth_ws/install/teleop_tools_msgs/share/teleop_tools_msgs/package.dsv'
[9.019s] INFO:colcon.colcon_core.shell:Creating package script '/home/nvidia/f1tenth_ws/install/teleop_tools_msgs/share/teleop_tools_msgs/package.sh'
[9.023s] INFO:colcon.colcon_core.shell:Creating package script '/home/nvidia/f1tenth_ws/install/teleop_tools_msgs/share/teleop_tools_msgs/package.bash'
[9.026s] INFO:colcon.colcon_core.shell:Creating package script '/home/nvidia/f1tenth_ws/install/teleop_tools_msgs/share/teleop_tools_msgs/package.zsh'
[9.032s] Level 1:colcon.colcon_core.environment:create_file_with_runtime_dependencies(/home/nvidia/f1tenth_ws/install/teleop_tools_msgs/share/colcon-core/packages/teleop_tools_msgs)
[10.540s] INFO:colcon.colcon_core.task.python.build:Building Python package in '/home/nvidia/f1tenth_ws/src/f1tenth_system/teleop_tools/mouse_teleop'
[10.545s] INFO:colcon.colcon_core.shell:Skip shell extension 'powershell' for command environment: Not usable outside of PowerShell
[10.545s] DEBUG:colcon.colcon_core.shell:Skip shell extension 'dsv' for command environment
[10.599s] Level 1:colcon.colcon_core.environment:create_environment_scripts_only(vesc_msgs)
[10.603s] Level 1:colcon.colcon_core.environment:checking '/home/nvidia/f1tenth_ws/install/vesc_msgs' for CMake module files
[10.606s] DEBUG:colcon.colcon_core.event_handler.log_command:Invoked command in '/home/nvidia/f1tenth_ws/build/vesc_msgs' returned '0': CMAKE_PREFIX_PATH=${CMAKE_PREFIX_PATH}://home/nvidia/f1tenth_ws/install/f1tenth_stack://home/nvidia/f1tenth_ws/install/joy_teleop://home/nvidia/f1tenth_ws/install/phasespace://home/nvidia/f1tenth_ws/install/new_map_saver://home/nvidia/f1tenth_ws/install/mouse_teleop://home/nvidia/f1tenth_ws/install/mapping://home/nvidia/f1tenth_ws/install/key_teleop://home/nvidia/f1tenth_ws/install/f1tenth_controllers:/opt/ros/foxy /usr/bin/cmake --install /home/nvidia/f1tenth_ws/build/vesc_msgs
[10.610s] Level 1:colcon.colcon_core.environment:checking '/home/nvidia/f1tenth_ws/install/vesc_msgs' for CMake config files
[10.616s] Level 1:colcon.colcon_core.shell:create_environment_hook('vesc_msgs', 'cmake_prefix_path')
[10.617s] INFO:colcon.colcon_core.shell:Creating environment hook '/home/nvidia/f1tenth_ws/install/vesc_msgs/share/vesc_msgs/hook/cmake_prefix_path.ps1'
[10.621s] INFO:colcon.colcon_core.shell:Creating environment descriptor '/home/nvidia/f1tenth_ws/install/vesc_msgs/share/vesc_msgs/hook/cmake_prefix_path.dsv'
[10.622s] INFO:colcon.colcon_core.shell:Creating environment hook '/home/nvidia/f1tenth_ws/install/vesc_msgs/share/vesc_msgs/hook/cmake_prefix_path.sh'
[10.626s] Level 1:colcon.colcon_core.environment:checking '/home/nvidia/f1tenth_ws/install/vesc_msgs/lib'
[10.626s] Level 1:colcon.colcon_core.shell:create_environment_hook('vesc_msgs', 'ld_library_path_lib')
[10.627s] INFO:colcon.colcon_core.shell:Creating environment hook '/home/nvidia/f1tenth_ws/install/vesc_msgs/share/vesc_msgs/hook/ld_library_path_lib.ps1'
[10.629s] INFO:colcon.colcon_core.shell:Creating environment descriptor '/home/nvidia/f1tenth_ws/install/vesc_msgs/share/vesc_msgs/hook/ld_library_path_lib.dsv'
[10.631s] INFO:colcon.colcon_core.shell:Creating environment hook '/home/nvidia/f1tenth_ws/install/vesc_msgs/share/vesc_msgs/hook/ld_library_path_lib.sh'
[10.633s] Level 1:colcon.colcon_core.environment:checking '/home/nvidia/f1tenth_ws/install/vesc_msgs/bin'
[10.633s] Level 1:colcon.colcon_core.environment:checking '/home/nvidia/f1tenth_ws/install/vesc_msgs/lib/pkgconfig/vesc_msgs.pc'
[10.635s] Level 1:colcon.colcon_core.environment:checking '/home/nvidia/f1tenth_ws/install/vesc_msgs/lib/python3.8/site-packages'
[10.635s] Level 1:colcon.colcon_core.shell:create_environment_hook('vesc_msgs', 'pythonpath')
[10.636s] INFO:colcon.colcon_core.shell:Creating environment hook '/home/nvidia/f1tenth_ws/install/vesc_msgs/share/vesc_msgs/hook/pythonpath.ps1'
[10.638s] INFO:colcon.colcon_core.shell:Creating environment descriptor '/home/nvidia/f1tenth_ws/install/vesc_msgs/share/vesc_msgs/hook/pythonpath.dsv'
[10.639s] INFO:colcon.colcon_core.shell:Creating environment hook '/home/nvidia/f1tenth_ws/install/vesc_msgs/share/vesc_msgs/hook/pythonpath.sh'
[10.642s] Level 1:colcon.colcon_core.environment:checking '/home/nvidia/f1tenth_ws/install/vesc_msgs/bin'
[10.644s] INFO:colcon.colcon_core.shell:Creating package script '/home/nvidia/f1tenth_ws/install/vesc_msgs/share/vesc_msgs/package.ps1'
[10.647s] INFO:colcon.colcon_core.shell:Creating package descriptor '/home/nvidia/f1tenth_ws/install/vesc_msgs/share/vesc_msgs/package.dsv'
[10.649s] INFO:colcon.colcon_core.shell:Creating package script '/home/nvidia/f1tenth_ws/install/vesc_msgs/share/vesc_msgs/package.sh'
[10.652s] INFO:colcon.colcon_core.shell:Creating package script '/home/nvidia/f1tenth_ws/install/vesc_msgs/share/vesc_msgs/package.bash'
[10.653s] INFO:colcon.colcon_core.shell:Creating package script '/home/nvidia/f1tenth_ws/install/vesc_msgs/share/vesc_msgs/package.zsh'
[10.655s] Level 1:colcon.colcon_core.environment:create_file_with_runtime_dependencies(/home/nvidia/f1tenth_ws/install/vesc_msgs/share/colcon-core/packages/vesc_msgs)
[10.676s] Level 1:colcon.colcon_core.environment:create_environment_scripts_only(teleop_tools_msgs)
[10.678s] Level 1:colcon.colcon_core.environment:checking '/home/nvidia/f1tenth_ws/install/teleop_tools_msgs' for CMake module files
[10.682s] Level 1:colcon.colcon_core.environment:checking '/home/nvidia/f1tenth_ws/install/teleop_tools_msgs' for CMake config files
[10.685s] Level 1:colcon.colcon_core.shell:create_environment_hook('teleop_tools_msgs', 'cmake_prefix_path')
[10.687s] INFO:colcon.colcon_core.shell:Creating environment hook '/home/nvidia/f1tenth_ws/install/teleop_tools_msgs/share/teleop_tools_msgs/hook/cmake_prefix_path.ps1'
[10.690s] INFO:colcon.colcon_core.shell:Creating environment descriptor '/home/nvidia/f1tenth_ws/install/teleop_tools_msgs/share/teleop_tools_msgs/hook/cmake_prefix_path.dsv'
[10.692s] INFO:colcon.colcon_core.shell:Creating environment hook '/home/nvidia/f1tenth_ws/install/teleop_tools_msgs/share/teleop_tools_msgs/hook/cmake_prefix_path.sh'
[10.695s] Level 1:colcon.colcon_core.environment:checking '/home/nvidia/f1tenth_ws/install/teleop_tools_msgs/lib'
[10.696s] Level 1:colcon.colcon_core.shell:create_environment_hook('teleop_tools_msgs', 'ld_library_path_lib')
[10.697s] INFO:colcon.colcon_core.shell:Creating environment hook '/home/nvidia/f1tenth_ws/install/teleop_tools_msgs/share/teleop_tools_msgs/hook/ld_library_path_lib.ps1'
[10.699s] INFO:colcon.colcon_core.shell:Creating environment descriptor '/home/nvidia/f1tenth_ws/install/teleop_tools_msgs/share/teleop_tools_msgs/hook/ld_library_path_lib.dsv'
[10.701s] INFO:colcon.colcon_core.shell:Creating environment hook '/home/nvidia/f1tenth_ws/install/teleop_tools_msgs/share/teleop_tools_msgs/hook/ld_library_path_lib.sh'
[10.702s] Level 1:colcon.colcon_core.environment:checking '/home/nvidia/f1tenth_ws/install/teleop_tools_msgs/bin'
[10.703s] Level 1:colcon.colcon_core.environment:checking '/home/nvidia/f1tenth_ws/install/teleop_tools_msgs/lib/pkgconfig/teleop_tools_msgs.pc'
[10.705s] Level 1:colcon.colcon_core.environment:checking '/home/nvidia/f1tenth_ws/install/teleop_tools_msgs/lib/python3.8/site-packages'
[10.705s] Level 1:colcon.colcon_core.shell:create_environment_hook('teleop_tools_msgs', 'pythonpath')
[10.706s] INFO:colcon.colcon_core.shell:Creating environment hook '/home/nvidia/f1tenth_ws/install/teleop_tools_msgs/share/teleop_tools_msgs/hook/pythonpath.ps1'
[10.708s] INFO:colcon.colcon_core.shell:Creating environment descriptor '/home/nvidia/f1tenth_ws/install/teleop_tools_msgs/share/teleop_tools_msgs/hook/pythonpath.dsv'
[10.710s] INFO:colcon.colcon_core.shell:Creating environment hook '/home/nvidia/f1tenth_ws/install/teleop_tools_msgs/share/teleop_tools_msgs/hook/pythonpath.sh'
[10.712s] Level 1:colcon.colcon_core.environment:checking '/home/nvidia/f1tenth_ws/install/teleop_tools_msgs/bin'
[10.714s] INFO:colcon.colcon_core.shell:Creating package script '/home/nvidia/f1tenth_ws/install/teleop_tools_msgs/share/teleop_tools_msgs/package.ps1'
[10.720s] INFO:colcon.colcon_core.shell:Creating package descriptor '/home/nvidia/f1tenth_ws/install/teleop_tools_msgs/share/teleop_tools_msgs/package.dsv'
[10.723s] INFO:colcon.colcon_core.shell:Creating package script '/home/nvidia/f1tenth_ws/install/teleop_tools_msgs/share/teleop_tools_msgs/package.sh'
[10.725s] INFO:colcon.colcon_core.shell:Creating package script '/home/nvidia/f1tenth_ws/install/teleop_tools_msgs/share/teleop_tools_msgs/package.bash'
[10.728s] INFO:colcon.colcon_core.shell:Creating package script '/home/nvidia/f1tenth_ws/install/teleop_tools_msgs/share/teleop_tools_msgs/package.zsh'
[10.730s] Level 1:colcon.colcon_core.environment:create_file_with_runtime_dependencies(/home/nvidia/f1tenth_ws/install/teleop_tools_msgs/share/colcon-core/packages/teleop_tools_msgs)
[10.761s] DEBUG:colcon.colcon_core.event_handler.log_command:Invoking command in '/home/nvidia/f1tenth_ws/src/f1tenth_system/teleop_tools/key_teleop': PYTHONPATH=/home/nvidia/f1tenth_ws/build/key_teleop/prefix_override:/usr/lib/python3/dist-packages/colcon_core/task/python/colcon_distutils_commands:/home/nvidia/f1tenth_ws/install/key_teleop/lib/python3.8/site-packages:${PYTHONPATH} /usr/bin/python3 -W ignore:setup.py install is deprecated setup.py egg_info --egg-base ../../../../build/key_teleop build --build-base /home/nvidia/f1tenth_ws/build/key_teleop/build install --record /home/nvidia/f1tenth_ws/build/key_teleop/install.log --install-scripts $base/lib/key_teleop --single-version-externally-managed install_data
[10.782s] DEBUG:colcon.colcon_core.event_handler.log_command:Invoking command in '/home/nvidia/f1tenth_ws/src/f1tenth_controllers': PYTHONPATH=/home/nvidia/f1tenth_ws/build/f1tenth_controllers/prefix_override:/usr/lib/python3/dist-packages/colcon_core/task/python/colcon_distutils_commands:/home/nvidia/f1tenth_ws/install/f1tenth_controllers/lib/python3.8/site-packages:${PYTHONPATH} /usr/bin/python3 -W ignore:setup.py install is deprecated setup.py egg_info --egg-base ../../build/f1tenth_controllers build --build-base /home/nvidia/f1tenth_ws/build/f1tenth_controllers/build install --record /home/nvidia/f1tenth_ws/build/f1tenth_controllers/install.log --install-scripts $base/lib/f1tenth_controllers --single-version-externally-managed install_data
[10.813s] DEBUG:colcon.colcon_core.event_handler.log_command:Invoking command in '/home/nvidia/f1tenth_ws/src/mapping': PYTHONPATH=/home/nvidia/f1tenth_ws/build/mapping/prefix_override:/usr/lib/python3/dist-packages/colcon_core/task/python/colcon_distutils_commands:/home/nvidia/f1tenth_ws/install/mapping/lib/python3.8/site-packages:${PYTHONPATH} /usr/bin/python3 -W ignore:setup.py install is deprecated setup.py egg_info --egg-base ../../build/mapping build --build-base /home/nvidia/f1tenth_ws/build/mapping/build install --record /home/nvidia/f1tenth_ws/build/mapping/install.log --install-scripts $base/lib/mapping --single-version-externally-managed install_data
[10.855s] INFO:colcon.colcon_ros.task.ament_python.build:Building ROS package in '/home/nvidia/f1tenth_ws/src/f1tenth_system/teleop_tools/joy_teleop' with build type 'ament_python'
[10.858s] Level 1:colcon.colcon_core.shell:create_environment_hook('joy_teleop', 'ament_prefix_path')
[10.862s] INFO:colcon.colcon_core.shell:Creating environment hook '/home/nvidia/f1tenth_ws/install/joy_teleop/share/joy_teleop/hook/ament_prefix_path.ps1'
[10.872s] INFO:colcon.colcon_core.shell:Creating environment descriptor '/home/nvidia/f1tenth_ws/install/joy_teleop/share/joy_teleop/hook/ament_prefix_path.dsv'
[10.876s] INFO:colcon.colcon_core.shell:Creating environment hook '/home/nvidia/f1tenth_ws/install/joy_teleop/share/joy_teleop/hook/ament_prefix_path.sh'
[10.880s] INFO:colcon.colcon_core.shell:Skip shell extension 'powershell' for command environment: Not usable outside of PowerShell
[10.880s] DEBUG:colcon.colcon_core.shell:Skip shell extension 'dsv' for command environment
[12.518s] INFO:colcon.colcon_core.task.python.build:Building Python package in '/home/nvidia/f1tenth_ws/src/f1tenth_system/teleop_tools/joy_teleop'
[12.524s] INFO:colcon.colcon_core.shell:Skip shell extension 'powershell' for command environment: Not usable outside of PowerShell
[12.524s] DEBUG:colcon.colcon_core.shell:Skip shell extension 'dsv' for command environment
[12.611s] Level 1:colcon.colcon_core.environment:create_environment_scripts_only(vesc_msgs)
[12.615s] Level 1:colcon.colcon_core.environment:checking '/home/nvidia/f1tenth_ws/install/vesc_msgs' for CMake module files
[12.620s] Level 1:colcon.colcon_core.environment:checking '/home/nvidia/f1tenth_ws/install/vesc_msgs' for CMake config files
[12.625s] Level 1:colcon.colcon_core.shell:create_environment_hook('vesc_msgs', 'cmake_prefix_path')
[12.627s] INFO:colcon.colcon_core.shell:Creating environment hook '/home/nvidia/f1tenth_ws/install/vesc_msgs/share/vesc_msgs/hook/cmake_prefix_path.ps1'
[12.632s] INFO:colcon.colcon_core.shell:Creating environment descriptor '/home/nvidia/f1tenth_ws/install/vesc_msgs/share/vesc_msgs/hook/cmake_prefix_path.dsv'
[12.636s] INFO:colcon.colcon_core.shell:Creating environment hook '/home/nvidia/f1tenth_ws/install/vesc_msgs/share/vesc_msgs/hook/cmake_prefix_path.sh'
[12.641s] Level 1:colcon.colcon_core.environment:checking '/home/nvidia/f1tenth_ws/install/vesc_msgs/lib'
[12.642s] Level 1:colcon.colcon_core.shell:create_environment_hook('vesc_msgs', 'ld_library_path_lib')
[12.643s] INFO:colcon.colcon_core.shell:Creating environment hook '/home/nvidia/f1tenth_ws/install/vesc_msgs/share/vesc_msgs/hook/ld_library_path_lib.ps1'
[12.646s] INFO:colcon.colcon_core.shell:Creating environment descriptor '/home/nvidia/f1tenth_ws/install/vesc_msgs/share/vesc_msgs/hook/ld_library_path_lib.dsv'
[12.649s] INFO:colcon.colcon_core.shell:Creating environment hook '/home/nvidia/f1tenth_ws/install/vesc_msgs/share/vesc_msgs/hook/ld_library_path_lib.sh'
[12.654s] Level 1:colcon.colcon_core.environment:checking '/home/nvidia/f1tenth_ws/install/vesc_msgs/bin'
[12.654s] Level 1:colcon.colcon_core.environment:checking '/home/nvidia/f1tenth_ws/install/vesc_msgs/lib/pkgconfig/vesc_msgs.pc'
[12.656s] Level 1:colcon.colcon_core.environment:checking '/home/nvidia/f1tenth_ws/install/vesc_msgs/lib/python3.8/site-packages'
[12.656s] Level 1:colcon.colcon_core.shell:create_environment_hook('vesc_msgs', 'pythonpath')
[12.658s] INFO:colcon.colcon_core.shell:Creating environment hook '/home/nvidia/f1tenth_ws/install/vesc_msgs/share/vesc_msgs/hook/pythonpath.ps1'
[12.660s] INFO:colcon.colcon_core.shell:Creating environment descriptor '/home/nvidia/f1tenth_ws/install/vesc_msgs/share/vesc_msgs/hook/pythonpath.dsv'
[12.663s] INFO:colcon.colcon_core.shell:Creating environment hook '/home/nvidia/f1tenth_ws/install/vesc_msgs/share/vesc_msgs/hook/pythonpath.sh'
[12.666s] Level 1:colcon.colcon_core.environment:checking '/home/nvidia/f1tenth_ws/install/vesc_msgs/bin'
[12.668s] INFO:colcon.colcon_core.shell:Creating package script '/home/nvidia/f1tenth_ws/install/vesc_msgs/share/vesc_msgs/package.ps1'
[12.672s] INFO:colcon.colcon_core.shell:Creating package descriptor '/home/nvidia/f1tenth_ws/install/vesc_msgs/share/vesc_msgs/package.dsv'
[12.676s] INFO:colcon.colcon_core.shell:Creating package script '/home/nvidia/f1tenth_ws/install/vesc_msgs/share/vesc_msgs/package.sh'
[12.680s] INFO:colcon.colcon_core.shell:Creating package script '/home/nvidia/f1tenth_ws/install/vesc_msgs/share/vesc_msgs/package.bash'
[12.683s] INFO:colcon.colcon_core.shell:Creating package script '/home/nvidia/f1tenth_ws/install/vesc_msgs/share/vesc_msgs/package.zsh'
[12.690s] Level 1:colcon.colcon_core.environment:create_file_with_runtime_dependencies(/home/nvidia/f1tenth_ws/install/vesc_msgs/share/colcon-core/packages/vesc_msgs)
[12.699s] INFO:colcon.colcon_ros.task.ament_cmake.build:Building ROS package in '/home/nvidia/f1tenth_ws/src/f1tenth_system/vesc/vesc_ackermann' with build type 'ament_cmake'
[12.702s] INFO:colcon.colcon_cmake.task.cmake.build:Building CMake package in '/home/nvidia/f1tenth_ws/src/f1tenth_system/vesc/vesc_ackermann'
[12.703s] INFO:colcon.colcon_core.shell:Skip shell extension 'powershell' for command environment: Not usable outside of PowerShell
[12.703s] DEBUG:colcon.colcon_core.shell:Skip shell extension 'dsv' for command environment
[12.764s] Level 1:colcon.colcon_core.environment:checking '/home/nvidia/f1tenth_ws/install/key_teleop' for CMake module files
[12.768s] DEBUG:colcon.colcon_core.event_handler.log_command:Invoked command in '/home/nvidia/f1tenth_ws/src/f1tenth_system/teleop_tools/key_teleop' returned '0': PYTHONPATH=/home/nvidia/f1tenth_ws/build/key_teleop/prefix_override:/usr/lib/python3/dist-packages/colcon_core/task/python/colcon_distutils_commands:/home/nvidia/f1tenth_ws/install/key_teleop/lib/python3.8/site-packages:${PYTHONPATH} /usr/bin/python3 -W ignore:setup.py install is deprecated setup.py egg_info --egg-base ../../../../build/key_teleop build --build-base /home/nvidia/f1tenth_ws/build/key_teleop/build install --record /home/nvidia/f1tenth_ws/build/key_teleop/install.log --install-scripts $base/lib/key_teleop --single-version-externally-managed install_data
[12.774s] Level 1:colcon.colcon_core.environment:checking '/home/nvidia/f1tenth_ws/install/key_teleop' for CMake config files
[12.779s] Level 1:colcon.colcon_core.environment:checking '/home/nvidia/f1tenth_ws/install/key_teleop/lib'
[12.780s] Level 1:colcon.colcon_core.environment:checking '/home/nvidia/f1tenth_ws/install/key_teleop/bin'
[12.780s] Level 1:colcon.colcon_core.environment:checking '/home/nvidia/f1tenth_ws/install/key_teleop/lib/pkgconfig/key_teleop.pc'
[12.782s] Level 1:colcon.colcon_core.environment:checking '/home/nvidia/f1tenth_ws/install/key_teleop/lib/python3.8/site-packages'
[12.783s] Level 1:colcon.colcon_core.shell:create_environment_hook('key_teleop', 'pythonpath')
[12.785s] INFO:colcon.colcon_core.shell:Creating environment hook '/home/nvidia/f1tenth_ws/install/key_teleop/share/key_teleop/hook/pythonpath.ps1'
[12.789s] INFO:colcon.colcon_core.shell:Creating environment descriptor '/home/nvidia/f1tenth_ws/install/key_teleop/share/key_teleop/hook/pythonpath.dsv'
[12.791s] INFO:colcon.colcon_core.shell:Creating environment hook '/home/nvidia/f1tenth_ws/install/key_teleop/share/key_teleop/hook/pythonpath.sh'
[12.795s] Level 1:colcon.colcon_core.environment:checking '/home/nvidia/f1tenth_ws/install/key_teleop/bin'
[12.795s] Level 1:colcon.colcon_core.environment:create_environment_scripts_only(key_teleop)
[12.797s] INFO:colcon.colcon_core.shell:Creating package script '/home/nvidia/f1tenth_ws/install/key_teleop/share/key_teleop/package.ps1'
[12.801s] INFO:colcon.colcon_core.shell:Creating package descriptor '/home/nvidia/f1tenth_ws/install/key_teleop/share/key_teleop/package.dsv'
[12.803s] INFO:colcon.colcon_core.shell:Creating package script '/home/nvidia/f1tenth_ws/install/key_teleop/share/key_teleop/package.sh'
[12.806s] INFO:colcon.colcon_core.shell:Creating package script '/home/nvidia/f1tenth_ws/install/key_teleop/share/key_teleop/package.bash'
[12.809s] INFO:colcon.colcon_core.shell:Creating package script '/home/nvidia/f1tenth_ws/install/key_teleop/share/key_teleop/package.zsh'
[12.811s] Level 1:colcon.colcon_core.environment:create_file_with_runtime_dependencies(/home/nvidia/f1tenth_ws/install/key_teleop/share/colcon-core/packages/key_teleop)
[12.814s] Level 1:colcon.colcon_core.environment:checking '/home/nvidia/f1tenth_ws/install/f1tenth_controllers' for CMake module files
[12.820s] DEBUG:colcon.colcon_core.event_handler.log_command:Invoked command in '/home/nvidia/f1tenth_ws/src/f1tenth_controllers' returned '0': PYTHONPATH=/home/nvidia/f1tenth_ws/build/f1tenth_controllers/prefix_override:/usr/lib/python3/dist-packages/colcon_core/task/python/colcon_distutils_commands:/home/nvidia/f1tenth_ws/install/f1tenth_controllers/lib/python3.8/site-packages:${PYTHONPATH} /usr/bin/python3 -W ignore:setup.py install is deprecated setup.py egg_info --egg-base ../../build/f1tenth_controllers build --build-base /home/nvidia/f1tenth_ws/build/f1tenth_controllers/build install --record /home/nvidia/f1tenth_ws/build/f1tenth_controllers/install.log --install-scripts $base/lib/f1tenth_controllers --single-version-externally-managed install_data
[12.821s] Level 1:colcon.colcon_core.environment:checking '/home/nvidia/f1tenth_ws/install/f1tenth_controllers' for CMake config files
[12.824s] Level 1:colcon.colcon_core.environment:checking '/home/nvidia/f1tenth_ws/install/f1tenth_controllers/lib'
[12.824s] Level 1:colcon.colcon_core.environment:checking '/home/nvidia/f1tenth_ws/install/f1tenth_controllers/bin'
[12.825s] Level 1:colcon.colcon_core.environment:checking '/home/nvidia/f1tenth_ws/install/f1tenth_controllers/lib/pkgconfig/f1tenth_controllers.pc'
[12.826s] Level 1:colcon.colcon_core.environment:checking '/home/nvidia/f1tenth_ws/install/f1tenth_controllers/lib/python3.8/site-packages'
[12.826s] Level 1:colcon.colcon_core.shell:create_environment_hook('f1tenth_controllers', 'pythonpath')
[12.827s] INFO:colcon.colcon_core.shell:Creating environment hook '/home/nvidia/f1tenth_ws/install/f1tenth_controllers/share/f1tenth_controllers/hook/pythonpath.ps1'
[12.829s] INFO:colcon.colcon_core.shell:Creating environment descriptor '/home/nvidia/f1tenth_ws/install/f1tenth_controllers/share/f1tenth_controllers/hook/pythonpath.dsv'
[12.831s] INFO:colcon.colcon_core.shell:Creating environment hook '/home/nvidia/f1tenth_ws/install/f1tenth_controllers/share/f1tenth_controllers/hook/pythonpath.sh'
[12.834s] Level 1:colcon.colcon_core.environment:checking '/home/nvidia/f1tenth_ws/install/f1tenth_controllers/bin'
[12.834s] Level 1:colcon.colcon_core.environment:create_environment_scripts_only(f1tenth_controllers)
[12.835s] INFO:colcon.colcon_core.shell:Creating package script '/home/nvidia/f1tenth_ws/install/f1tenth_controllers/share/f1tenth_controllers/package.ps1'
[12.838s] INFO:colcon.colcon_core.shell:Creating package descriptor '/home/nvidia/f1tenth_ws/install/f1tenth_controllers/share/f1tenth_controllers/package.dsv'
[12.840s] INFO:colcon.colcon_core.shell:Creating package script '/home/nvidia/f1tenth_ws/install/f1tenth_controllers/share/f1tenth_controllers/package.sh'
[12.848s] INFO:colcon.colcon_core.shell:Creating package script '/home/nvidia/f1tenth_ws/install/f1tenth_controllers/share/f1tenth_controllers/package.bash'
[12.850s] INFO:colcon.colcon_core.shell:Creating package script '/home/nvidia/f1tenth_ws/install/f1tenth_controllers/share/f1tenth_controllers/package.zsh'
[12.852s] Level 1:colcon.colcon_core.environment:create_file_with_runtime_dependencies(/home/nvidia/f1tenth_ws/install/f1tenth_controllers/share/colcon-core/packages/f1tenth_controllers)
[12.883s] INFO:colcon.colcon_ros.task.ament_cmake.build:Building ROS package in '/home/nvidia/f1tenth_ws/src/f1tenth_system/vesc/vesc_driver' with build type 'ament_cmake'
[12.887s] INFO:colcon.colcon_cmake.task.cmake.build:Building CMake package in '/home/nvidia/f1tenth_ws/src/f1tenth_system/vesc/vesc_driver'
[12.892s] INFO:colcon.colcon_core.shell:Skip shell extension 'powershell' for command environment: Not usable outside of PowerShell
[12.893s] DEBUG:colcon.colcon_core.shell:Skip shell extension 'dsv' for command environment
[12.936s] INFO:colcon.colcon_ros.task.ament_python.build:Building ROS package in '/home/nvidia/f1tenth_ws/src/new_map_saver' with build type 'ament_python'
[12.942s] Level 1:colcon.colcon_core.shell:create_environment_hook('new_map_saver', 'ament_prefix_path')
[12.946s] INFO:colcon.colcon_core.shell:Creating environment hook '/home/nvidia/f1tenth_ws/install/new_map_saver/share/new_map_saver/hook/ament_prefix_path.ps1'
[12.950s] INFO:colcon.colcon_core.shell:Creating environment descriptor '/home/nvidia/f1tenth_ws/install/new_map_saver/share/new_map_saver/hook/ament_prefix_path.dsv'
[12.956s] INFO:colcon.colcon_core.shell:Creating environment hook '/home/nvidia/f1tenth_ws/install/new_map_saver/share/new_map_saver/hook/ament_prefix_path.sh'
[12.960s] INFO:colcon.colcon_core.shell:Skip shell extension 'powershell' for command environment: Not usable outside of PowerShell
[12.961s] DEBUG:colcon.colcon_core.shell:Skip shell extension 'dsv' for command environment
[13.012s] Level 1:colcon.colcon_core.environment:checking '/home/nvidia/f1tenth_ws/install/mapping' for CMake module files
[13.018s] DEBUG:colcon.colcon_core.event_handler.log_command:Invoked command in '/home/nvidia/f1tenth_ws/src/mapping' returned '0': PYTHONPATH=/home/nvidia/f1tenth_ws/build/mapping/prefix_override:/usr/lib/python3/dist-packages/colcon_core/task/python/colcon_distutils_commands:/home/nvidia/f1tenth_ws/install/mapping/lib/python3.8/site-packages:${PYTHONPATH} /usr/bin/python3 -W ignore:setup.py install is deprecated setup.py egg_info --egg-base ../../build/mapping build --build-base /home/nvidia/f1tenth_ws/build/mapping/build install --record /home/nvidia/f1tenth_ws/build/mapping/install.log --install-scripts $base/lib/mapping --single-version-externally-managed install_data
[13.021s] Level 1:colcon.colcon_core.environment:checking '/home/nvidia/f1tenth_ws/install/mapping' for CMake config files
[13.025s] Level 1:colcon.colcon_core.environment:checking '/home/nvidia/f1tenth_ws/install/mapping/lib'
[13.026s] Level 1:colcon.colcon_core.environment:checking '/home/nvidia/f1tenth_ws/install/mapping/bin'
[13.026s] Level 1:colcon.colcon_core.environment:checking '/home/nvidia/f1tenth_ws/install/mapping/lib/pkgconfig/mapping.pc'
[13.028s] Level 1:colcon.colcon_core.environment:checking '/home/nvidia/f1tenth_ws/install/mapping/lib/python3.8/site-packages'
[13.029s] Level 1:colcon.colcon_core.shell:create_environment_hook('mapping', 'pythonpath')
[13.030s] INFO:colcon.colcon_core.shell:Creating environment hook '/home/nvidia/f1tenth_ws/install/mapping/share/mapping/hook/pythonpath.ps1'
[13.034s] INFO:colcon.colcon_core.shell:Creating environment descriptor '/home/nvidia/f1tenth_ws/install/mapping/share/mapping/hook/pythonpath.dsv'
[13.036s] INFO:colcon.colcon_core.shell:Creating environment hook '/home/nvidia/f1tenth_ws/install/mapping/share/mapping/hook/pythonpath.sh'
[13.038s] Level 1:colcon.colcon_core.environment:checking '/home/nvidia/f1tenth_ws/install/mapping/bin'
[13.039s] Level 1:colcon.colcon_core.environment:create_environment_scripts_only(mapping)
[13.041s] INFO:colcon.colcon_core.shell:Creating package script '/home/nvidia/f1tenth_ws/install/mapping/share/mapping/package.ps1'
[13.043s] INFO:colcon.colcon_core.shell:Creating package descriptor '/home/nvidia/f1tenth_ws/install/mapping/share/mapping/package.dsv'
[13.046s] INFO:colcon.colcon_core.shell:Creating package script '/home/nvidia/f1tenth_ws/install/mapping/share/mapping/package.sh'
[13.048s] INFO:colcon.colcon_core.shell:Creating package script '/home/nvidia/f1tenth_ws/install/mapping/share/mapping/package.bash'
[13.050s] INFO:colcon.colcon_core.shell:Creating package script '/home/nvidia/f1tenth_ws/install/mapping/share/mapping/package.zsh'
[13.052s] Level 1:colcon.colcon_core.environment:create_file_with_runtime_dependencies(/home/nvidia/f1tenth_ws/install/mapping/share/colcon-core/packages/mapping)
[13.088s] DEBUG:colcon.colcon_core.event_handler.log_command:Invoking command in '/home/nvidia/f1tenth_ws/build/vesc_ackermann': AMENT_PREFIX_PATH=/home/nvidia/f1tenth_ws/install/vesc_msgs:${AMENT_PREFIX_PATH} CMAKE_PREFIX_PATH=/home/nvidia/f1tenth_ws/install/vesc_msgs://home/nvidia/f1tenth_ws/install/vesc://home/nvidia/f1tenth_ws/install/vesc_driver://home/nvidia/f1tenth_ws/install/vesc_ackermann://home/nvidia/f1tenth_ws/install/vesc_msgs://home/nvidia/f1tenth_ws/install/teleop_tools://home/nvidia/f1tenth_ws/install/teleop_tools_msgs://home/nvidia/f1tenth_ws/install/pure_pursuit://home/nvidia/f1tenth_ws/install/ackermann_mux://home/nvidia/f1tenth_ws/install/f1tenth_stack://home/nvidia/f1tenth_ws/install/joy_teleop://home/nvidia/f1tenth_ws/install/phasespace://home/nvidia/f1tenth_ws/install/new_map_saver://home/nvidia/f1tenth_ws/install/mouse_teleop://home/nvidia/f1tenth_ws/install/mapping://home/nvidia/f1tenth_ws/install/key_teleop://home/nvidia/f1tenth_ws/install/f1tenth_controllers:/opt/ros/foxy LD_LIBRARY_PATH=/home/nvidia/f1tenth_ws/install/vesc_msgs/lib://home/nvidia/f1tenth_ws/install/vesc_driver/lib://home/nvidia/f1tenth_ws/install/vesc_ackermann/lib://home/nvidia/f1tenth_ws/install/vesc_msgs/lib://home/nvidia/f1tenth_ws/install/teleop_tools_msgs/lib:/usr/lib/aarch64-linux-gnu/gazebo-11/plugins:/opt/ros/foxy/opt/yaml_cpp_vendor/lib:/opt/ros/foxy/opt/rviz_ogre_vendor/lib:/opt/ros/foxy/lib/aarch64-linux-gnu:/opt/ros/foxy/lib:/usr/local/cuda-11.4/lib64 PYTHONPATH=/home/nvidia/f1tenth_ws/install/vesc_msgs/lib/python3.8/site-packages:${PYTHONPATH} /usr/bin/cmake --build /home/nvidia/f1tenth_ws/build/vesc_ackermann -- -j6 -l6
[13.095s] INFO:colcon.colcon_ros.task.ament_python.build:Building ROS package in '/home/nvidia/f1tenth_ws/src/phasespace' with build type 'ament_python'
[13.098s] Level 1:colcon.colcon_core.shell:create_environment_hook('phasespace', 'ament_prefix_path')
[13.102s] INFO:colcon.colcon_core.shell:Creating environment hook '/home/nvidia/f1tenth_ws/install/phasespace/share/phasespace/hook/ament_prefix_path.ps1'
[13.106s] INFO:colcon.colcon_core.shell:Creating environment descriptor '/home/nvidia/f1tenth_ws/install/phasespace/share/phasespace/hook/ament_prefix_path.dsv'
[13.109s] INFO:colcon.colcon_core.shell:Creating environment hook '/home/nvidia/f1tenth_ws/install/phasespace/share/phasespace/hook/ament_prefix_path.sh'
[13.113s] INFO:colcon.colcon_core.shell:Skip shell extension 'powershell' for command environment: Not usable outside of PowerShell
[13.114s] DEBUG:colcon.colcon_core.shell:Skip shell extension 'dsv' for command environment
[13.206s] DEBUG:colcon.colcon_core.event_handler.log_command:Invoking command in '/home/nvidia/f1tenth_ws/build/vesc_driver': AMENT_PREFIX_PATH=/home/nvidia/f1tenth_ws/install/vesc_msgs:${AMENT_PREFIX_PATH} CMAKE_PREFIX_PATH=/home/nvidia/f1tenth_ws/install/vesc_msgs://home/nvidia/f1tenth_ws/install/vesc://home/nvidia/f1tenth_ws/install/vesc_driver://home/nvidia/f1tenth_ws/install/vesc_ackermann://home/nvidia/f1tenth_ws/install/vesc_msgs://home/nvidia/f1tenth_ws/install/teleop_tools://home/nvidia/f1tenth_ws/install/teleop_tools_msgs://home/nvidia/f1tenth_ws/install/pure_pursuit://home/nvidia/f1tenth_ws/install/ackermann_mux://home/nvidia/f1tenth_ws/install/f1tenth_stack://home/nvidia/f1tenth_ws/install/joy_teleop://home/nvidia/f1tenth_ws/install/phasespace://home/nvidia/f1tenth_ws/install/new_map_saver://home/nvidia/f1tenth_ws/install/mouse_teleop://home/nvidia/f1tenth_ws/install/mapping://home/nvidia/f1tenth_ws/install/key_teleop://home/nvidia/f1tenth_ws/install/f1tenth_controllers:/opt/ros/foxy LD_LIBRARY_PATH=/home/nvidia/f1tenth_ws/install/vesc_msgs/lib://home/nvidia/f1tenth_ws/install/vesc_driver/lib://home/nvidia/f1tenth_ws/install/vesc_ackermann/lib://home/nvidia/f1tenth_ws/install/vesc_msgs/lib://home/nvidia/f1tenth_ws/install/teleop_tools_msgs/lib:/usr/lib/aarch64-linux-gnu/gazebo-11/plugins:/opt/ros/foxy/opt/yaml_cpp_vendor/lib:/opt/ros/foxy/opt/rviz_ogre_vendor/lib:/opt/ros/foxy/lib/aarch64-linux-gnu:/opt/ros/foxy/lib:/usr/local/cuda-11.4/lib64 PYTHONPATH=/home/nvidia/f1tenth_ws/install/vesc_msgs/lib/python3.8/site-packages:${PYTHONPATH} /usr/bin/cmake --build /home/nvidia/f1tenth_ws/build/vesc_driver -- -j6 -l6
[14.562s] INFO:colcon.colcon_core.task.python.build:Building Python package in '/home/nvidia/f1tenth_ws/src/new_map_saver'
[14.566s] INFO:colcon.colcon_core.shell:Skip shell extension 'powershell' for command environment: Not usable outside of PowerShell
[14.566s] DEBUG:colcon.colcon_core.shell:Skip shell extension 'dsv' for command environment
[15.869s] INFO:colcon.colcon_core.task.python.build:Building Python package in '/home/nvidia/f1tenth_ws/src/phasespace'
[15.873s] INFO:colcon.colcon_core.shell:Skip shell extension 'powershell' for command environment: Not usable outside of PowerShell
[15.874s] DEBUG:colcon.colcon_core.shell:Skip shell extension 'dsv' for command environment
[15.949s] DEBUG:colcon.colcon_core.event_handler.log_command:Invoking command in '/home/nvidia/f1tenth_ws/src/f1tenth_system/teleop_tools/mouse_teleop': PYTHONPATH=/home/nvidia/f1tenth_ws/build/mouse_teleop/prefix_override:/usr/lib/python3/dist-packages/colcon_core/task/python/colcon_distutils_commands:/home/nvidia/f1tenth_ws/install/mouse_teleop/lib/python3.8/site-packages:${PYTHONPATH} /usr/bin/python3 -W ignore:setup.py install is deprecated setup.py egg_info --egg-base ../../../../build/mouse_teleop build --build-base /home/nvidia/f1tenth_ws/build/mouse_teleop/build install --record /home/nvidia/f1tenth_ws/build/mouse_teleop/install.log --install-scripts $base/lib/mouse_teleop --single-version-externally-managed install_data
[15.961s] DEBUG:colcon.colcon_core.event_handler.log_command:Invoked command in '/home/nvidia/f1tenth_ws/build/vesc_driver' returned '0': AMENT_PREFIX_PATH=/home/nvidia/f1tenth_ws/install/vesc_msgs:${AMENT_PREFIX_PATH} CMAKE_PREFIX_PATH=/home/nvidia/f1tenth_ws/install/vesc_msgs://home/nvidia/f1tenth_ws/install/vesc://home/nvidia/f1tenth_ws/install/vesc_driver://home/nvidia/f1tenth_ws/install/vesc_ackermann://home/nvidia/f1tenth_ws/install/vesc_msgs://home/nvidia/f1tenth_ws/install/teleop_tools://home/nvidia/f1tenth_ws/install/teleop_tools_msgs://home/nvidia/f1tenth_ws/install/pure_pursuit://home/nvidia/f1tenth_ws/install/ackermann_mux://home/nvidia/f1tenth_ws/install/f1tenth_stack://home/nvidia/f1tenth_ws/install/joy_teleop://home/nvidia/f1tenth_ws/install/phasespace://home/nvidia/f1tenth_ws/install/new_map_saver://home/nvidia/f1tenth_ws/install/mouse_teleop://home/nvidia/f1tenth_ws/install/mapping://home/nvidia/f1tenth_ws/install/key_teleop://home/nvidia/f1tenth_ws/install/f1tenth_controllers:/opt/ros/foxy LD_LIBRARY_PATH=/home/nvidia/f1tenth_ws/install/vesc_msgs/lib://home/nvidia/f1tenth_ws/install/vesc_driver/lib://home/nvidia/f1tenth_ws/install/vesc_ackermann/lib://home/nvidia/f1tenth_ws/install/vesc_msgs/lib://home/nvidia/f1tenth_ws/install/teleop_tools_msgs/lib:/usr/lib/aarch64-linux-gnu/gazebo-11/plugins:/opt/ros/foxy/opt/yaml_cpp_vendor/lib:/opt/ros/foxy/opt/rviz_ogre_vendor/lib:/opt/ros/foxy/lib/aarch64-linux-gnu:/opt/ros/foxy/lib:/usr/local/cuda-11.4/lib64 PYTHONPATH=/home/nvidia/f1tenth_ws/install/vesc_msgs/lib/python3.8/site-packages:${PYTHONPATH} /usr/bin/cmake --build /home/nvidia/f1tenth_ws/build/vesc_driver -- -j6 -l6
[15.970s] DEBUG:colcon.colcon_core.event_handler.log_command:Invoked command in '/home/nvidia/f1tenth_ws/build/vesc_ackermann' returned '0': AMENT_PREFIX_PATH=/home/nvidia/f1tenth_ws/install/vesc_msgs:${AMENT_PREFIX_PATH} CMAKE_PREFIX_PATH=/home/nvidia/f1tenth_ws/install/vesc_msgs://home/nvidia/f1tenth_ws/install/vesc://home/nvidia/f1tenth_ws/install/vesc_driver://home/nvidia/f1tenth_ws/install/vesc_ackermann://home/nvidia/f1tenth_ws/install/vesc_msgs://home/nvidia/f1tenth_ws/install/teleop_tools://home/nvidia/f1tenth_ws/install/teleop_tools_msgs://home/nvidia/f1tenth_ws/install/pure_pursuit://home/nvidia/f1tenth_ws/install/ackermann_mux://home/nvidia/f1tenth_ws/install/f1tenth_stack://home/nvidia/f1tenth_ws/install/joy_teleop://home/nvidia/f1tenth_ws/install/phasespace://home/nvidia/f1tenth_ws/install/new_map_saver://home/nvidia/f1tenth_ws/install/mouse_teleop://home/nvidia/f1tenth_ws/install/mapping://home/nvidia/f1tenth_ws/install/key_teleop://home/nvidia/f1tenth_ws/install/f1tenth_controllers:/opt/ros/foxy LD_LIBRARY_PATH=/home/nvidia/f1tenth_ws/install/vesc_msgs/lib://home/nvidia/f1tenth_ws/install/vesc_driver/lib://home/nvidia/f1tenth_ws/install/vesc_ackermann/lib://home/nvidia/f1tenth_ws/install/vesc_msgs/lib://home/nvidia/f1tenth_ws/install/teleop_tools_msgs/lib:/usr/lib/aarch64-linux-gnu/gazebo-11/plugins:/opt/ros/foxy/opt/yaml_cpp_vendor/lib:/opt/ros/foxy/opt/rviz_ogre_vendor/lib:/opt/ros/foxy/lib/aarch64-linux-gnu:/opt/ros/foxy/lib:/usr/local/cuda-11.4/lib64 PYTHONPATH=/home/nvidia/f1tenth_ws/install/vesc_msgs/lib/python3.8/site-packages:${PYTHONPATH} /usr/bin/cmake --build /home/nvidia/f1tenth_ws/build/vesc_ackermann -- -j6 -l6
[16.071s] DEBUG:colcon.colcon_core.event_handler.log_command:Invoking command in '/home/nvidia/f1tenth_ws/src/f1tenth_system/teleop_tools/joy_teleop': AMENT_PREFIX_PATH=/home/nvidia/f1tenth_ws/install/teleop_tools_msgs:${AMENT_PREFIX_PATH} CMAKE_PREFIX_PATH=/home/nvidia/f1tenth_ws/install/teleop_tools_msgs:${CMAKE_PREFIX_PATH} LD_LIBRARY_PATH=/home/nvidia/f1tenth_ws/install/teleop_tools_msgs/lib://home/nvidia/f1tenth_ws/install/vesc_driver/lib://home/nvidia/f1tenth_ws/install/vesc_ackermann/lib://home/nvidia/f1tenth_ws/install/vesc_msgs/lib://home/nvidia/f1tenth_ws/install/teleop_tools_msgs/lib:/usr/lib/aarch64-linux-gnu/gazebo-11/plugins:/opt/ros/foxy/opt/yaml_cpp_vendor/lib:/opt/ros/foxy/opt/rviz_ogre_vendor/lib:/opt/ros/foxy/lib/aarch64-linux-gnu:/opt/ros/foxy/lib:/usr/local/cuda-11.4/lib64 PYTHONPATH=/home/nvidia/f1tenth_ws/build/joy_teleop/prefix_override:/usr/lib/python3/dist-packages/colcon_core/task/python/colcon_distutils_commands:/home/nvidia/f1tenth_ws/install/joy_teleop/lib/python3.8/site-packages:/home/nvidia/f1tenth_ws/install/teleop_tools_msgs/lib/python3.8/site-packages:${PYTHONPATH} /usr/bin/python3 -W ignore:setup.py install is deprecated setup.py egg_info --egg-base ../../../../build/joy_teleop build --build-base /home/nvidia/f1tenth_ws/build/joy_teleop/build install --record /home/nvidia/f1tenth_ws/build/joy_teleop/install.log --install-scripts $base/lib/joy_teleop --single-version-externally-managed install_data
[16.268s] DEBUG:colcon.colcon_core.event_handler.log_command:Invoking command in '/home/nvidia/f1tenth_ws/build/vesc_ackermann': AMENT_PREFIX_PATH=/home/nvidia/f1tenth_ws/install/vesc_msgs:${AMENT_PREFIX_PATH} CMAKE_PREFIX_PATH=/home/nvidia/f1tenth_ws/install/vesc_msgs://home/nvidia/f1tenth_ws/install/vesc://home/nvidia/f1tenth_ws/install/vesc_driver://home/nvidia/f1tenth_ws/install/vesc_ackermann://home/nvidia/f1tenth_ws/install/vesc_msgs://home/nvidia/f1tenth_ws/install/teleop_tools://home/nvidia/f1tenth_ws/install/teleop_tools_msgs://home/nvidia/f1tenth_ws/install/pure_pursuit://home/nvidia/f1tenth_ws/install/ackermann_mux://home/nvidia/f1tenth_ws/install/f1tenth_stack://home/nvidia/f1tenth_ws/install/joy_teleop://home/nvidia/f1tenth_ws/install/phasespace://home/nvidia/f1tenth_ws/install/new_map_saver://home/nvidia/f1tenth_ws/install/mouse_teleop://home/nvidia/f1tenth_ws/install/mapping://home/nvidia/f1tenth_ws/install/key_teleop://home/nvidia/f1tenth_ws/install/f1tenth_controllers:/opt/ros/foxy LD_LIBRARY_PATH=/home/nvidia/f1tenth_ws/install/vesc_msgs/lib://home/nvidia/f1tenth_ws/install/vesc_driver/lib://home/nvidia/f1tenth_ws/install/vesc_ackermann/lib://home/nvidia/f1tenth_ws/install/vesc_msgs/lib://home/nvidia/f1tenth_ws/install/teleop_tools_msgs/lib:/usr/lib/aarch64-linux-gnu/gazebo-11/plugins:/opt/ros/foxy/opt/yaml_cpp_vendor/lib:/opt/ros/foxy/opt/rviz_ogre_vendor/lib:/opt/ros/foxy/lib/aarch64-linux-gnu:/opt/ros/foxy/lib:/usr/local/cuda-11.4/lib64 PYTHONPATH=/home/nvidia/f1tenth_ws/install/vesc_msgs/lib/python3.8/site-packages:${PYTHONPATH} /usr/bin/cmake --install /home/nvidia/f1tenth_ws/build/vesc_ackermann
[16.321s] DEBUG:colcon.colcon_core.event_handler.log_command:Invoking command in '/home/nvidia/f1tenth_ws/build/vesc_driver': AMENT_PREFIX_PATH=/home/nvidia/f1tenth_ws/install/vesc_msgs:${AMENT_PREFIX_PATH} CMAKE_PREFIX_PATH=/home/nvidia/f1tenth_ws/install/vesc_msgs://home/nvidia/f1tenth_ws/install/vesc://home/nvidia/f1tenth_ws/install/vesc_driver://home/nvidia/f1tenth_ws/install/vesc_ackermann://home/nvidia/f1tenth_ws/install/vesc_msgs://home/nvidia/f1tenth_ws/install/teleop_tools://home/nvidia/f1tenth_ws/install/teleop_tools_msgs://home/nvidia/f1tenth_ws/install/pure_pursuit://home/nvidia/f1tenth_ws/install/ackermann_mux://home/nvidia/f1tenth_ws/install/f1tenth_stack://home/nvidia/f1tenth_ws/install/joy_teleop://home/nvidia/f1tenth_ws/install/phasespace://home/nvidia/f1tenth_ws/install/new_map_saver://home/nvidia/f1tenth_ws/install/mouse_teleop://home/nvidia/f1tenth_ws/install/mapping://home/nvidia/f1tenth_ws/install/key_teleop://home/nvidia/f1tenth_ws/install/f1tenth_controllers:/opt/ros/foxy LD_LIBRARY_PATH=/home/nvidia/f1tenth_ws/install/vesc_msgs/lib://home/nvidia/f1tenth_ws/install/vesc_driver/lib://home/nvidia/f1tenth_ws/install/vesc_ackermann/lib://home/nvidia/f1tenth_ws/install/vesc_msgs/lib://home/nvidia/f1tenth_ws/install/teleop_tools_msgs/lib:/usr/lib/aarch64-linux-gnu/gazebo-11/plugins:/opt/ros/foxy/opt/yaml_cpp_vendor/lib:/opt/ros/foxy/opt/rviz_ogre_vendor/lib:/opt/ros/foxy/lib/aarch64-linux-gnu:/opt/ros/foxy/lib:/usr/local/cuda-11.4/lib64 PYTHONPATH=/home/nvidia/f1tenth_ws/install/vesc_msgs/lib/python3.8/site-packages:${PYTHONPATH} /usr/bin/cmake --install /home/nvidia/f1tenth_ws/build/vesc_driver
[16.414s] Level 1:colcon.colcon_core.environment:create_environment_scripts_only(vesc_ackermann)
[16.418s] Level 1:colcon.colcon_core.environment:checking '/home/nvidia/f1tenth_ws/install/vesc_ackermann' for CMake module files
[16.420s] DEBUG:colcon.colcon_core.event_handler.log_command:Invoked command in '/home/nvidia/f1tenth_ws/build/vesc_ackermann' returned '0': AMENT_PREFIX_PATH=/home/nvidia/f1tenth_ws/install/vesc_msgs:${AMENT_PREFIX_PATH} CMAKE_PREFIX_PATH=/home/nvidia/f1tenth_ws/install/vesc_msgs://home/nvidia/f1tenth_ws/install/vesc://home/nvidia/f1tenth_ws/install/vesc_driver://home/nvidia/f1tenth_ws/install/vesc_ackermann://home/nvidia/f1tenth_ws/install/vesc_msgs://home/nvidia/f1tenth_ws/install/teleop_tools://home/nvidia/f1tenth_ws/install/teleop_tools_msgs://home/nvidia/f1tenth_ws/install/pure_pursuit://home/nvidia/f1tenth_ws/install/ackermann_mux://home/nvidia/f1tenth_ws/install/f1tenth_stack://home/nvidia/f1tenth_ws/install/joy_teleop://home/nvidia/f1tenth_ws/install/phasespace://home/nvidia/f1tenth_ws/install/new_map_saver://home/nvidia/f1tenth_ws/install/mouse_teleop://home/nvidia/f1tenth_ws/install/mapping://home/nvidia/f1tenth_ws/install/key_teleop://home/nvidia/f1tenth_ws/install/f1tenth_controllers:/opt/ros/foxy LD_LIBRARY_PATH=/home/nvidia/f1tenth_ws/install/vesc_msgs/lib://home/nvidia/f1tenth_ws/install/vesc_driver/lib://home/nvidia/f1tenth_ws/install/vesc_ackermann/lib://home/nvidia/f1tenth_ws/install/vesc_msgs/lib://home/nvidia/f1tenth_ws/install/teleop_tools_msgs/lib:/usr/lib/aarch64-linux-gnu/gazebo-11/plugins:/opt/ros/foxy/opt/yaml_cpp_vendor/lib:/opt/ros/foxy/opt/rviz_ogre_vendor/lib:/opt/ros/foxy/lib/aarch64-linux-gnu:/opt/ros/foxy/lib:/usr/local/cuda-11.4/lib64 PYTHONPATH=/home/nvidia/f1tenth_ws/install/vesc_msgs/lib/python3.8/site-packages:${PYTHONPATH} /usr/bin/cmake --install /home/nvidia/f1tenth_ws/build/vesc_ackermann
[16.425s] Level 1:colcon.colcon_core.environment:checking '/home/nvidia/f1tenth_ws/install/vesc_ackermann' for CMake config files
[16.428s] Level 1:colcon.colcon_core.shell:create_environment_hook('vesc_ackermann', 'cmake_prefix_path')
[16.430s] INFO:colcon.colcon_core.shell:Creating environment hook '/home/nvidia/f1tenth_ws/install/vesc_ackermann/share/vesc_ackermann/hook/cmake_prefix_path.ps1'
[16.435s] INFO:colcon.colcon_core.shell:Creating environment descriptor '/home/nvidia/f1tenth_ws/install/vesc_ackermann/share/vesc_ackermann/hook/cmake_prefix_path.dsv'
[16.437s] INFO:colcon.colcon_core.shell:Creating environment hook '/home/nvidia/f1tenth_ws/install/vesc_ackermann/share/vesc_ackermann/hook/cmake_prefix_path.sh'
[16.441s] Level 1:colcon.colcon_core.environment:checking '/home/nvidia/f1tenth_ws/install/vesc_ackermann/lib'
[16.442s] Level 1:colcon.colcon_core.shell:create_environment_hook('vesc_ackermann', 'ld_library_path_lib')
[16.443s] INFO:colcon.colcon_core.shell:Creating environment hook '/home/nvidia/f1tenth_ws/install/vesc_ackermann/share/vesc_ackermann/hook/ld_library_path_lib.ps1'
[16.446s] INFO:colcon.colcon_core.shell:Creating environment descriptor '/home/nvidia/f1tenth_ws/install/vesc_ackermann/share/vesc_ackermann/hook/ld_library_path_lib.dsv'
[16.448s] INFO:colcon.colcon_core.shell:Creating environment hook '/home/nvidia/f1tenth_ws/install/vesc_ackermann/share/vesc_ackermann/hook/ld_library_path_lib.sh'
[16.450s] Level 1:colcon.colcon_core.environment:checking '/home/nvidia/f1tenth_ws/install/vesc_ackermann/bin'
[16.450s] Level 1:colcon.colcon_core.environment:checking '/home/nvidia/f1tenth_ws/install/vesc_ackermann/lib/pkgconfig/vesc_ackermann.pc'
[16.453s] Level 1:colcon.colcon_core.environment:checking '/home/nvidia/f1tenth_ws/install/vesc_ackermann/lib/python3.8/site-packages'
[16.454s] Level 1:colcon.colcon_core.environment:checking '/home/nvidia/f1tenth_ws/install/vesc_ackermann/bin'
[16.456s] INFO:colcon.colcon_core.shell:Creating package script '/home/nvidia/f1tenth_ws/install/vesc_ackermann/share/vesc_ackermann/package.ps1'
[16.470s] INFO:colcon.colcon_core.shell:Creating package descriptor '/home/nvidia/f1tenth_ws/install/vesc_ackermann/share/vesc_ackermann/package.dsv'
[16.484s] INFO:colcon.colcon_core.shell:Creating package script '/home/nvidia/f1tenth_ws/install/vesc_ackermann/share/vesc_ackermann/package.sh'
[16.494s] INFO:colcon.colcon_core.shell:Creating package script '/home/nvidia/f1tenth_ws/install/vesc_ackermann/share/vesc_ackermann/package.bash'
[16.498s] INFO:colcon.colcon_core.shell:Creating package script '/home/nvidia/f1tenth_ws/install/vesc_ackermann/share/vesc_ackermann/package.zsh'
[16.501s] Level 1:colcon.colcon_core.environment:create_file_with_runtime_dependencies(/home/nvidia/f1tenth_ws/install/vesc_ackermann/share/colcon-core/packages/vesc_ackermann)
[16.529s] Level 1:colcon.colcon_core.environment:create_environment_scripts_only(vesc_driver)
[16.533s] Level 1:colcon.colcon_core.environment:checking '/home/nvidia/f1tenth_ws/install/vesc_driver' for CMake module files
[16.541s] DEBUG:colcon.colcon_core.event_handler.log_command:Invoked command in '/home/nvidia/f1tenth_ws/build/vesc_driver' returned '0': AMENT_PREFIX_PATH=/home/nvidia/f1tenth_ws/install/vesc_msgs:${AMENT_PREFIX_PATH} CMAKE_PREFIX_PATH=/home/nvidia/f1tenth_ws/install/vesc_msgs://home/nvidia/f1tenth_ws/install/vesc://home/nvidia/f1tenth_ws/install/vesc_driver://home/nvidia/f1tenth_ws/install/vesc_ackermann://home/nvidia/f1tenth_ws/install/vesc_msgs://home/nvidia/f1tenth_ws/install/teleop_tools://home/nvidia/f1tenth_ws/install/teleop_tools_msgs://home/nvidia/f1tenth_ws/install/pure_pursuit://home/nvidia/f1tenth_ws/install/ackermann_mux://home/nvidia/f1tenth_ws/install/f1tenth_stack://home/nvidia/f1tenth_ws/install/joy_teleop://home/nvidia/f1tenth_ws/install/phasespace://home/nvidia/f1tenth_ws/install/new_map_saver://home/nvidia/f1tenth_ws/install/mouse_teleop://home/nvidia/f1tenth_ws/install/mapping://home/nvidia/f1tenth_ws/install/key_teleop://home/nvidia/f1tenth_ws/install/f1tenth_controllers:/opt/ros/foxy LD_LIBRARY_PATH=/home/nvidia/f1tenth_ws/install/vesc_msgs/lib://home/nvidia/f1tenth_ws/install/vesc_driver/lib://home/nvidia/f1tenth_ws/install/vesc_ackermann/lib://home/nvidia/f1tenth_ws/install/vesc_msgs/lib://home/nvidia/f1tenth_ws/install/teleop_tools_msgs/lib:/usr/lib/aarch64-linux-gnu/gazebo-11/plugins:/opt/ros/foxy/opt/yaml_cpp_vendor/lib:/opt/ros/foxy/opt/rviz_ogre_vendor/lib:/opt/ros/foxy/lib/aarch64-linux-gnu:/opt/ros/foxy/lib:/usr/local/cuda-11.4/lib64 PYTHONPATH=/home/nvidia/f1tenth_ws/install/vesc_msgs/lib/python3.8/site-packages:${PYTHONPATH} /usr/bin/cmake --install /home/nvidia/f1tenth_ws/build/vesc_driver
[16.547s] Level 1:colcon.colcon_core.environment:checking '/home/nvidia/f1tenth_ws/install/vesc_driver' for CMake config files
[16.550s] Level 1:colcon.colcon_core.shell:create_environment_hook('vesc_driver', 'cmake_prefix_path')
[16.552s] INFO:colcon.colcon_core.shell:Creating environment hook '/home/nvidia/f1tenth_ws/install/vesc_driver/share/vesc_driver/hook/cmake_prefix_path.ps1'
[16.556s] INFO:colcon.colcon_core.shell:Creating environment descriptor '/home/nvidia/f1tenth_ws/install/vesc_driver/share/vesc_driver/hook/cmake_prefix_path.dsv'
[16.558s] INFO:colcon.colcon_core.shell:Creating environment hook '/home/nvidia/f1tenth_ws/install/vesc_driver/share/vesc_driver/hook/cmake_prefix_path.sh'
[16.564s] Level 1:colcon.colcon_core.environment:checking '/home/nvidia/f1tenth_ws/install/vesc_driver/lib'
[16.564s] Level 1:colcon.colcon_core.shell:create_environment_hook('vesc_driver', 'ld_library_path_lib')
[16.565s] INFO:colcon.colcon_core.shell:Creating environment hook '/home/nvidia/f1tenth_ws/install/vesc_driver/share/vesc_driver/hook/ld_library_path_lib.ps1'
[16.569s] INFO:colcon.colcon_core.shell:Creating environment descriptor '/home/nvidia/f1tenth_ws/install/vesc_driver/share/vesc_driver/hook/ld_library_path_lib.dsv'
[16.571s] INFO:colcon.colcon_core.shell:Creating environment hook '/home/nvidia/f1tenth_ws/install/vesc_driver/share/vesc_driver/hook/ld_library_path_lib.sh'
[16.574s] Level 1:colcon.colcon_core.environment:checking '/home/nvidia/f1tenth_ws/install/vesc_driver/bin'
[16.574s] Level 1:colcon.colcon_core.environment:checking '/home/nvidia/f1tenth_ws/install/vesc_driver/lib/pkgconfig/vesc_driver.pc'
[16.576s] Level 1:colcon.colcon_core.environment:checking '/home/nvidia/f1tenth_ws/install/vesc_driver/lib/python3.8/site-packages'
[16.577s] Level 1:colcon.colcon_core.environment:checking '/home/nvidia/f1tenth_ws/install/vesc_driver/bin'
[16.579s] INFO:colcon.colcon_core.shell:Creating package script '/home/nvidia/f1tenth_ws/install/vesc_driver/share/vesc_driver/package.ps1'
[16.582s] INFO:colcon.colcon_core.shell:Creating package descriptor '/home/nvidia/f1tenth_ws/install/vesc_driver/share/vesc_driver/package.dsv'
[16.586s] INFO:colcon.colcon_core.shell:Creating package script '/home/nvidia/f1tenth_ws/install/vesc_driver/share/vesc_driver/package.sh'
[16.589s] INFO:colcon.colcon_core.shell:Creating package script '/home/nvidia/f1tenth_ws/install/vesc_driver/share/vesc_driver/package.bash'
[16.591s] INFO:colcon.colcon_core.shell:Creating package script '/home/nvidia/f1tenth_ws/install/vesc_driver/share/vesc_driver/package.zsh'
[16.593s] Level 1:colcon.colcon_core.environment:create_file_with_runtime_dependencies(/home/nvidia/f1tenth_ws/install/vesc_driver/share/colcon-core/packages/vesc_driver)
[16.822s] Level 1:colcon.colcon_core.environment:create_environment_scripts_only(vesc_ackermann)
[16.827s] Level 1:colcon.colcon_core.environment:checking '/home/nvidia/f1tenth_ws/install/vesc_ackermann' for CMake module files
[16.831s] Level 1:colcon.colcon_core.environment:checking '/home/nvidia/f1tenth_ws/install/vesc_ackermann' for CMake config files
[16.834s] Level 1:colcon.colcon_core.shell:create_environment_hook('vesc_ackermann', 'cmake_prefix_path')
[16.835s] INFO:colcon.colcon_core.shell:Creating environment hook '/home/nvidia/f1tenth_ws/install/vesc_ackermann/share/vesc_ackermann/hook/cmake_prefix_path.ps1'
[16.840s] INFO:colcon.colcon_core.shell:Creating environment descriptor '/home/nvidia/f1tenth_ws/install/vesc_ackermann/share/vesc_ackermann/hook/cmake_prefix_path.dsv'
[16.845s] INFO:colcon.colcon_core.shell:Creating environment hook '/home/nvidia/f1tenth_ws/install/vesc_ackermann/share/vesc_ackermann/hook/cmake_prefix_path.sh'
[16.850s] Level 1:colcon.colcon_core.environment:checking '/home/nvidia/f1tenth_ws/install/vesc_ackermann/lib'
[16.851s] Level 1:colcon.colcon_core.shell:create_environment_hook('vesc_ackermann', 'ld_library_path_lib')
[16.852s] INFO:colcon.colcon_core.shell:Creating environment hook '/home/nvidia/f1tenth_ws/install/vesc_ackermann/share/vesc_ackermann/hook/ld_library_path_lib.ps1'
[16.856s] INFO:colcon.colcon_core.shell:Creating environment descriptor '/home/nvidia/f1tenth_ws/install/vesc_ackermann/share/vesc_ackermann/hook/ld_library_path_lib.dsv'
[16.861s] INFO:colcon.colcon_core.shell:Creating environment hook '/home/nvidia/f1tenth_ws/install/vesc_ackermann/share/vesc_ackermann/hook/ld_library_path_lib.sh'
[16.863s] Level 1:colcon.colcon_core.environment:checking '/home/nvidia/f1tenth_ws/install/vesc_ackermann/bin'
[16.864s] Level 1:colcon.colcon_core.environment:checking '/home/nvidia/f1tenth_ws/install/vesc_ackermann/lib/pkgconfig/vesc_ackermann.pc'
[16.866s] Level 1:colcon.colcon_core.environment:checking '/home/nvidia/f1tenth_ws/install/vesc_ackermann/lib/python3.8/site-packages'
[16.866s] Level 1:colcon.colcon_core.environment:checking '/home/nvidia/f1tenth_ws/install/vesc_ackermann/bin'
[16.869s] INFO:colcon.colcon_core.shell:Creating package script '/home/nvidia/f1tenth_ws/install/vesc_ackermann/share/vesc_ackermann/package.ps1'
[16.873s] INFO:colcon.colcon_core.shell:Creating package descriptor '/home/nvidia/f1tenth_ws/install/vesc_ackermann/share/vesc_ackermann/package.dsv'
[16.877s] INFO:colcon.colcon_core.shell:Creating package script '/home/nvidia/f1tenth_ws/install/vesc_ackermann/share/vesc_ackermann/package.sh'
[16.880s] INFO:colcon.colcon_core.shell:Creating package script '/home/nvidia/f1tenth_ws/install/vesc_ackermann/share/vesc_ackermann/package.bash'
[16.882s] INFO:colcon.colcon_core.shell:Creating package script '/home/nvidia/f1tenth_ws/install/vesc_ackermann/share/vesc_ackermann/package.zsh'
[16.884s] Level 1:colcon.colcon_core.environment:create_file_with_runtime_dependencies(/home/nvidia/f1tenth_ws/install/vesc_ackermann/share/colcon-core/packages/vesc_ackermann)
[16.893s] INFO:colcon.colcon_ros.task.ament_cmake.build:Building ROS package in '/home/nvidia/f1tenth_ws/src/pure_pursuit' with build type 'ament_cmake'
[16.895s] INFO:colcon.colcon_cmake.task.cmake.build:Building CMake package in '/home/nvidia/f1tenth_ws/src/pure_pursuit'
[16.896s] INFO:colcon.colcon_core.shell:Skip shell extension 'powershell' for command environment: Not usable outside of PowerShell
[16.896s] DEBUG:colcon.colcon_core.shell:Skip shell extension 'dsv' for command environment
[16.995s] Level 1:colcon.colcon_core.environment:create_environment_scripts_only(vesc_driver)
[16.998s] Level 1:colcon.colcon_core.environment:checking '/home/nvidia/f1tenth_ws/install/vesc_driver' for CMake module files
[17.002s] Level 1:colcon.colcon_core.environment:checking '/home/nvidia/f1tenth_ws/install/vesc_driver' for CMake config files
[17.005s] Level 1:colcon.colcon_core.shell:create_environment_hook('vesc_driver', 'cmake_prefix_path')
[17.007s] INFO:colcon.colcon_core.shell:Creating environment hook '/home/nvidia/f1tenth_ws/install/vesc_driver/share/vesc_driver/hook/cmake_prefix_path.ps1'
[17.011s] INFO:colcon.colcon_core.shell:Creating environment descriptor '/home/nvidia/f1tenth_ws/install/vesc_driver/share/vesc_driver/hook/cmake_prefix_path.dsv'
[17.018s] INFO:colcon.colcon_core.shell:Creating environment hook '/home/nvidia/f1tenth_ws/install/vesc_driver/share/vesc_driver/hook/cmake_prefix_path.sh'
[17.022s] Level 1:colcon.colcon_core.environment:checking '/home/nvidia/f1tenth_ws/install/vesc_driver/lib'
[17.022s] Level 1:colcon.colcon_core.shell:create_environment_hook('vesc_driver', 'ld_library_path_lib')
[17.024s] INFO:colcon.colcon_core.shell:Creating environment hook '/home/nvidia/f1tenth_ws/install/vesc_driver/share/vesc_driver/hook/ld_library_path_lib.ps1'
[17.026s] INFO:colcon.colcon_core.shell:Creating environment descriptor '/home/nvidia/f1tenth_ws/install/vesc_driver/share/vesc_driver/hook/ld_library_path_lib.dsv'
[17.030s] INFO:colcon.colcon_core.shell:Creating environment hook '/home/nvidia/f1tenth_ws/install/vesc_driver/share/vesc_driver/hook/ld_library_path_lib.sh'
[17.032s] Level 1:colcon.colcon_core.environment:checking '/home/nvidia/f1tenth_ws/install/vesc_driver/bin'
[17.032s] Level 1:colcon.colcon_core.environment:checking '/home/nvidia/f1tenth_ws/install/vesc_driver/lib/pkgconfig/vesc_driver.pc'
[17.034s] Level 1:colcon.colcon_core.environment:checking '/home/nvidia/f1tenth_ws/install/vesc_driver/lib/python3.8/site-packages'
[17.035s] Level 1:colcon.colcon_core.environment:checking '/home/nvidia/f1tenth_ws/install/vesc_driver/bin'
[17.037s] INFO:colcon.colcon_core.shell:Creating package script '/home/nvidia/f1tenth_ws/install/vesc_driver/share/vesc_driver/package.ps1'
[17.041s] INFO:colcon.colcon_core.shell:Creating package descriptor '/home/nvidia/f1tenth_ws/install/vesc_driver/share/vesc_driver/package.dsv'
[17.046s] INFO:colcon.colcon_core.shell:Creating package script '/home/nvidia/f1tenth_ws/install/vesc_driver/share/vesc_driver/package.sh'
[17.050s] INFO:colcon.colcon_core.shell:Creating package script '/home/nvidia/f1tenth_ws/install/vesc_driver/share/vesc_driver/package.bash'
[17.052s] INFO:colcon.colcon_core.shell:Creating package script '/home/nvidia/f1tenth_ws/install/vesc_driver/share/vesc_driver/package.zsh'
[17.059s] Level 1:colcon.colcon_core.environment:create_file_with_runtime_dependencies(/home/nvidia/f1tenth_ws/install/vesc_driver/share/colcon-core/packages/vesc_driver)
[17.068s] INFO:colcon.colcon_ros.task.ament_cmake.build:Building ROS package in '/home/nvidia/f1tenth_ws/src/f1tenth_system/vesc/vesc' with build type 'ament_cmake'
[17.069s] INFO:colcon.colcon_cmake.task.cmake.build:Building CMake package in '/home/nvidia/f1tenth_ws/src/f1tenth_system/vesc/vesc'
[17.070s] INFO:colcon.colcon_core.shell:Skip shell extension 'powershell' for command environment: Not usable outside of PowerShell
[17.071s] DEBUG:colcon.colcon_core.shell:Skip shell extension 'dsv' for command environment
[17.170s] DEBUG:colcon.colcon_core.event_handler.log_command:Invoking command in '/home/nvidia/f1tenth_ws/build/pure_pursuit': CMAKE_PREFIX_PATH=${CMAKE_PREFIX_PATH}://home/nvidia/f1tenth_ws/install/f1tenth_stack://home/nvidia/f1tenth_ws/install/joy_teleop://home/nvidia/f1tenth_ws/install/phasespace://home/nvidia/f1tenth_ws/install/new_map_saver://home/nvidia/f1tenth_ws/install/mouse_teleop://home/nvidia/f1tenth_ws/install/mapping://home/nvidia/f1tenth_ws/install/key_teleop://home/nvidia/f1tenth_ws/install/f1tenth_controllers:/opt/ros/foxy /usr/bin/cmake --build /home/nvidia/f1tenth_ws/build/pure_pursuit -- -j6 -l6
[17.275s] DEBUG:colcon.colcon_core.event_handler.log_command:Invoking command in '/home/nvidia/f1tenth_ws/build/vesc': AMENT_PREFIX_PATH=/home/nvidia/f1tenth_ws/install/vesc_driver:/home/nvidia/f1tenth_ws/install/vesc_ackermann:/home/nvidia/f1tenth_ws/install/vesc_msgs:${AMENT_PREFIX_PATH} CMAKE_PREFIX_PATH=/home/nvidia/f1tenth_ws/install/vesc_driver:/home/nvidia/f1tenth_ws/install/vesc_ackermann:/home/nvidia/f1tenth_ws/install/vesc_msgs://home/nvidia/f1tenth_ws/install/vesc://home/nvidia/f1tenth_ws/install/vesc_driver://home/nvidia/f1tenth_ws/install/vesc_ackermann://home/nvidia/f1tenth_ws/install/vesc_msgs://home/nvidia/f1tenth_ws/install/teleop_tools://home/nvidia/f1tenth_ws/install/teleop_tools_msgs://home/nvidia/f1tenth_ws/install/pure_pursuit://home/nvidia/f1tenth_ws/install/ackermann_mux://home/nvidia/f1tenth_ws/install/f1tenth_stack://home/nvidia/f1tenth_ws/install/joy_teleop://home/nvidia/f1tenth_ws/install/phasespace://home/nvidia/f1tenth_ws/install/new_map_saver://home/nvidia/f1tenth_ws/install/mouse_teleop://home/nvidia/f1tenth_ws/install/mapping://home/nvidia/f1tenth_ws/install/key_teleop://home/nvidia/f1tenth_ws/install/f1tenth_controllers:/opt/ros/foxy LD_LIBRARY_PATH=/home/nvidia/f1tenth_ws/install/vesc_driver/lib:/home/nvidia/f1tenth_ws/install/vesc_ackermann/lib:/home/nvidia/f1tenth_ws/install/vesc_msgs/lib://home/nvidia/f1tenth_ws/install/vesc_driver/lib://home/nvidia/f1tenth_ws/install/vesc_ackermann/lib://home/nvidia/f1tenth_ws/install/vesc_msgs/lib://home/nvidia/f1tenth_ws/install/teleop_tools_msgs/lib:/usr/lib/aarch64-linux-gnu/gazebo-11/plugins:/opt/ros/foxy/opt/yaml_cpp_vendor/lib:/opt/ros/foxy/opt/rviz_ogre_vendor/lib:/opt/ros/foxy/lib/aarch64-linux-gnu:/opt/ros/foxy/lib:/usr/local/cuda-11.4/lib64 PYTHONPATH=/home/nvidia/f1tenth_ws/install/vesc_msgs/lib/python3.8/site-packages:${PYTHONPATH} /usr/bin/cmake --build /home/nvidia/f1tenth_ws/build/vesc -- -j6 -l6
[17.660s] DEBUG:colcon.colcon_core.event_handler.log_command:Invoked command in '/home/nvidia/f1tenth_ws/build/vesc' returned '0': AMENT_PREFIX_PATH=/home/nvidia/f1tenth_ws/install/vesc_driver:/home/nvidia/f1tenth_ws/install/vesc_ackermann:/home/nvidia/f1tenth_ws/install/vesc_msgs:${AMENT_PREFIX_PATH} CMAKE_PREFIX_PATH=/home/nvidia/f1tenth_ws/install/vesc_driver:/home/nvidia/f1tenth_ws/install/vesc_ackermann:/home/nvidia/f1tenth_ws/install/vesc_msgs://home/nvidia/f1tenth_ws/install/vesc://home/nvidia/f1tenth_ws/install/vesc_driver://home/nvidia/f1tenth_ws/install/vesc_ackermann://home/nvidia/f1tenth_ws/install/vesc_msgs://home/nvidia/f1tenth_ws/install/teleop_tools://home/nvidia/f1tenth_ws/install/teleop_tools_msgs://home/nvidia/f1tenth_ws/install/pure_pursuit://home/nvidia/f1tenth_ws/install/ackermann_mux://home/nvidia/f1tenth_ws/install/f1tenth_stack://home/nvidia/f1tenth_ws/install/joy_teleop://home/nvidia/f1tenth_ws/install/phasespace://home/nvidia/f1tenth_ws/install/new_map_saver://home/nvidia/f1tenth_ws/install/mouse_teleop://home/nvidia/f1tenth_ws/install/mapping://home/nvidia/f1tenth_ws/install/key_teleop://home/nvidia/f1tenth_ws/install/f1tenth_controllers:/opt/ros/foxy LD_LIBRARY_PATH=/home/nvidia/f1tenth_ws/install/vesc_driver/lib:/home/nvidia/f1tenth_ws/install/vesc_ackermann/lib:/home/nvidia/f1tenth_ws/install/vesc_msgs/lib://home/nvidia/f1tenth_ws/install/vesc_driver/lib://home/nvidia/f1tenth_ws/install/vesc_ackermann/lib://home/nvidia/f1tenth_ws/install/vesc_msgs/lib://home/nvidia/f1tenth_ws/install/teleop_tools_msgs/lib:/usr/lib/aarch64-linux-gnu/gazebo-11/plugins:/opt/ros/foxy/opt/yaml_cpp_vendor/lib:/opt/ros/foxy/opt/rviz_ogre_vendor/lib:/opt/ros/foxy/lib/aarch64-linux-gnu:/opt/ros/foxy/lib:/usr/local/cuda-11.4/lib64 PYTHONPATH=/home/nvidia/f1tenth_ws/install/vesc_msgs/lib/python3.8/site-packages:${PYTHONPATH} /usr/bin/cmake --build /home/nvidia/f1tenth_ws/build/vesc -- -j6 -l6
[17.888s] Level 1:colcon.colcon_core.environment:checking '/home/nvidia/f1tenth_ws/install/mouse_teleop' for CMake module files
[17.893s] DEBUG:colcon.colcon_core.event_handler.log_command:Invoked command in '/home/nvidia/f1tenth_ws/src/f1tenth_system/teleop_tools/mouse_teleop' returned '0': PYTHONPATH=/home/nvidia/f1tenth_ws/build/mouse_teleop/prefix_override:/usr/lib/python3/dist-packages/colcon_core/task/python/colcon_distutils_commands:/home/nvidia/f1tenth_ws/install/mouse_teleop/lib/python3.8/site-packages:${PYTHONPATH} /usr/bin/python3 -W ignore:setup.py install is deprecated setup.py egg_info --egg-base ../../../../build/mouse_teleop build --build-base /home/nvidia/f1tenth_ws/build/mouse_teleop/build install --record /home/nvidia/f1tenth_ws/build/mouse_teleop/install.log --install-scripts $base/lib/mouse_teleop --single-version-externally-managed install_data
[17.896s] Level 1:colcon.colcon_core.environment:checking '/home/nvidia/f1tenth_ws/install/mouse_teleop' for CMake config files
[17.901s] Level 1:colcon.colcon_core.environment:checking '/home/nvidia/f1tenth_ws/install/mouse_teleop/lib'
[17.910s] Level 1:colcon.colcon_core.environment:checking '/home/nvidia/f1tenth_ws/install/mouse_teleop/bin'
[17.910s] Level 1:colcon.colcon_core.environment:checking '/home/nvidia/f1tenth_ws/install/mouse_teleop/lib/pkgconfig/mouse_teleop.pc'
[17.912s] Level 1:colcon.colcon_core.environment:checking '/home/nvidia/f1tenth_ws/install/mouse_teleop/lib/python3.8/site-packages'
[17.913s] Level 1:colcon.colcon_core.shell:create_environment_hook('mouse_teleop', 'pythonpath')
[17.915s] INFO:colcon.colcon_core.shell:Creating environment hook '/home/nvidia/f1tenth_ws/install/mouse_teleop/share/mouse_teleop/hook/pythonpath.ps1'
[17.918s] INFO:colcon.colcon_core.shell:Creating environment descriptor '/home/nvidia/f1tenth_ws/install/mouse_teleop/share/mouse_teleop/hook/pythonpath.dsv'
[17.924s] INFO:colcon.colcon_core.shell:Creating environment hook '/home/nvidia/f1tenth_ws/install/mouse_teleop/share/mouse_teleop/hook/pythonpath.sh'
[17.927s] Level 1:colcon.colcon_core.environment:checking '/home/nvidia/f1tenth_ws/install/mouse_teleop/bin'
[17.927s] Level 1:colcon.colcon_core.environment:create_environment_scripts_only(mouse_teleop)
[17.929s] INFO:colcon.colcon_core.shell:Creating package script '/home/nvidia/f1tenth_ws/install/mouse_teleop/share/mouse_teleop/package.ps1'
[17.933s] INFO:colcon.colcon_core.shell:Creating package descriptor '/home/nvidia/f1tenth_ws/install/mouse_teleop/share/mouse_teleop/package.dsv'
[17.935s] INFO:colcon.colcon_core.shell:Creating package script '/home/nvidia/f1tenth_ws/install/mouse_teleop/share/mouse_teleop/package.sh'
[17.938s] INFO:colcon.colcon_core.shell:Creating package script '/home/nvidia/f1tenth_ws/install/mouse_teleop/share/mouse_teleop/package.bash'
[17.942s] INFO:colcon.colcon_core.shell:Creating package script '/home/nvidia/f1tenth_ws/install/mouse_teleop/share/mouse_teleop/package.zsh'
[17.945s] Level 1:colcon.colcon_core.environment:create_file_with_runtime_dependencies(/home/nvidia/f1tenth_ws/install/mouse_teleop/share/colcon-core/packages/mouse_teleop)
[17.962s] DEBUG:colcon.colcon_core.event_handler.log_command:Invoking command in '/home/nvidia/f1tenth_ws/build/vesc': AMENT_PREFIX_PATH=/home/nvidia/f1tenth_ws/install/vesc_driver:/home/nvidia/f1tenth_ws/install/vesc_ackermann:/home/nvidia/f1tenth_ws/install/vesc_msgs:${AMENT_PREFIX_PATH} CMAKE_PREFIX_PATH=/home/nvidia/f1tenth_ws/install/vesc_driver:/home/nvidia/f1tenth_ws/install/vesc_ackermann:/home/nvidia/f1tenth_ws/install/vesc_msgs://home/nvidia/f1tenth_ws/install/vesc://home/nvidia/f1tenth_ws/install/vesc_driver://home/nvidia/f1tenth_ws/install/vesc_ackermann://home/nvidia/f1tenth_ws/install/vesc_msgs://home/nvidia/f1tenth_ws/install/teleop_tools://home/nvidia/f1tenth_ws/install/teleop_tools_msgs://home/nvidia/f1tenth_ws/install/pure_pursuit://home/nvidia/f1tenth_ws/install/ackermann_mux://home/nvidia/f1tenth_ws/install/f1tenth_stack://home/nvidia/f1tenth_ws/install/joy_teleop://home/nvidia/f1tenth_ws/install/phasespace://home/nvidia/f1tenth_ws/install/new_map_saver://home/nvidia/f1tenth_ws/install/mouse_teleop://home/nvidia/f1tenth_ws/install/mapping://home/nvidia/f1tenth_ws/install/key_teleop://home/nvidia/f1tenth_ws/install/f1tenth_controllers:/opt/ros/foxy LD_LIBRARY_PATH=/home/nvidia/f1tenth_ws/install/vesc_driver/lib:/home/nvidia/f1tenth_ws/install/vesc_ackermann/lib:/home/nvidia/f1tenth_ws/install/vesc_msgs/lib://home/nvidia/f1tenth_ws/install/vesc_driver/lib://home/nvidia/f1tenth_ws/install/vesc_ackermann/lib://home/nvidia/f1tenth_ws/install/vesc_msgs/lib://home/nvidia/f1tenth_ws/install/teleop_tools_msgs/lib:/usr/lib/aarch64-linux-gnu/gazebo-11/plugins:/opt/ros/foxy/opt/yaml_cpp_vendor/lib:/opt/ros/foxy/opt/rviz_ogre_vendor/lib:/opt/ros/foxy/lib/aarch64-linux-gnu:/opt/ros/foxy/lib:/usr/local/cuda-11.4/lib64 PYTHONPATH=/home/nvidia/f1tenth_ws/install/vesc_msgs/lib/python3.8/site-packages:${PYTHONPATH} /usr/bin/cmake --install /home/nvidia/f1tenth_ws/build/vesc
[18.084s] DEBUG:colcon.colcon_core.event_handler.log_command:Invoked command in '/home/nvidia/f1tenth_ws/build/pure_pursuit' returned '0': CMAKE_PREFIX_PATH=${CMAKE_PREFIX_PATH}://home/nvidia/f1tenth_ws/install/f1tenth_stack://home/nvidia/f1tenth_ws/install/joy_teleop://home/nvidia/f1tenth_ws/install/phasespace://home/nvidia/f1tenth_ws/install/new_map_saver://home/nvidia/f1tenth_ws/install/mouse_teleop://home/nvidia/f1tenth_ws/install/mapping://home/nvidia/f1tenth_ws/install/key_teleop://home/nvidia/f1tenth_ws/install/f1tenth_controllers:/opt/ros/foxy /usr/bin/cmake --build /home/nvidia/f1tenth_ws/build/pure_pursuit -- -j6 -l6
[18.096s] Level 1:colcon.colcon_core.environment:create_environment_scripts_only(vesc)
[18.100s] Level 1:colcon.colcon_core.environment:checking '/home/nvidia/f1tenth_ws/install/vesc' for CMake module files
[18.103s] DEBUG:colcon.colcon_core.event_handler.log_command:Invoked command in '/home/nvidia/f1tenth_ws/build/vesc' returned '0': AMENT_PREFIX_PATH=/home/nvidia/f1tenth_ws/install/vesc_driver:/home/nvidia/f1tenth_ws/install/vesc_ackermann:/home/nvidia/f1tenth_ws/install/vesc_msgs:${AMENT_PREFIX_PATH} CMAKE_PREFIX_PATH=/home/nvidia/f1tenth_ws/install/vesc_driver:/home/nvidia/f1tenth_ws/install/vesc_ackermann:/home/nvidia/f1tenth_ws/install/vesc_msgs://home/nvidia/f1tenth_ws/install/vesc://home/nvidia/f1tenth_ws/install/vesc_driver://home/nvidia/f1tenth_ws/install/vesc_ackermann://home/nvidia/f1tenth_ws/install/vesc_msgs://home/nvidia/f1tenth_ws/install/teleop_tools://home/nvidia/f1tenth_ws/install/teleop_tools_msgs://home/nvidia/f1tenth_ws/install/pure_pursuit://home/nvidia/f1tenth_ws/install/ackermann_mux://home/nvidia/f1tenth_ws/install/f1tenth_stack://home/nvidia/f1tenth_ws/install/joy_teleop://home/nvidia/f1tenth_ws/install/phasespace://home/nvidia/f1tenth_ws/install/new_map_saver://home/nvidia/f1tenth_ws/install/mouse_teleop://home/nvidia/f1tenth_ws/install/mapping://home/nvidia/f1tenth_ws/install/key_teleop://home/nvidia/f1tenth_ws/install/f1tenth_controllers:/opt/ros/foxy LD_LIBRARY_PATH=/home/nvidia/f1tenth_ws/install/vesc_driver/lib:/home/nvidia/f1tenth_ws/install/vesc_ackermann/lib:/home/nvidia/f1tenth_ws/install/vesc_msgs/lib://home/nvidia/f1tenth_ws/install/vesc_driver/lib://home/nvidia/f1tenth_ws/install/vesc_ackermann/lib://home/nvidia/f1tenth_ws/install/vesc_msgs/lib://home/nvidia/f1tenth_ws/install/teleop_tools_msgs/lib:/usr/lib/aarch64-linux-gnu/gazebo-11/plugins:/opt/ros/foxy/opt/yaml_cpp_vendor/lib:/opt/ros/foxy/opt/rviz_ogre_vendor/lib:/opt/ros/foxy/lib/aarch64-linux-gnu:/opt/ros/foxy/lib:/usr/local/cuda-11.4/lib64 PYTHONPATH=/home/nvidia/f1tenth_ws/install/vesc_msgs/lib/python3.8/site-packages:${PYTHONPATH} /usr/bin/cmake --install /home/nvidia/f1tenth_ws/build/vesc
[18.106s] Level 1:colcon.colcon_core.environment:checking '/home/nvidia/f1tenth_ws/install/vesc' for CMake config files
[18.108s] Level 1:colcon.colcon_core.shell:create_environment_hook('vesc', 'cmake_prefix_path')
[18.110s] INFO:colcon.colcon_core.shell:Creating environment hook '/home/nvidia/f1tenth_ws/install/vesc/share/vesc/hook/cmake_prefix_path.ps1'
[18.116s] INFO:colcon.colcon_core.shell:Creating environment descriptor '/home/nvidia/f1tenth_ws/install/vesc/share/vesc/hook/cmake_prefix_path.dsv'
[18.118s] INFO:colcon.colcon_core.shell:Creating environment hook '/home/nvidia/f1tenth_ws/install/vesc/share/vesc/hook/cmake_prefix_path.sh'
[18.122s] Level 1:colcon.colcon_core.environment:checking '/home/nvidia/f1tenth_ws/install/vesc/bin'
[18.123s] Level 1:colcon.colcon_core.environment:checking '/home/nvidia/f1tenth_ws/install/vesc/lib/pkgconfig/vesc.pc'
[18.125s] Level 1:colcon.colcon_core.environment:checking '/home/nvidia/f1tenth_ws/install/vesc/lib/python3.8/site-packages'
[18.126s] Level 1:colcon.colcon_core.environment:checking '/home/nvidia/f1tenth_ws/install/vesc/bin'
[18.129s] INFO:colcon.colcon_core.shell:Creating package script '/home/nvidia/f1tenth_ws/install/vesc/share/vesc/package.ps1'
[18.132s] INFO:colcon.colcon_core.shell:Creating package descriptor '/home/nvidia/f1tenth_ws/install/vesc/share/vesc/package.dsv'
[18.135s] INFO:colcon.colcon_core.shell:Creating package script '/home/nvidia/f1tenth_ws/install/vesc/share/vesc/package.sh'
[18.137s] INFO:colcon.colcon_core.shell:Creating package script '/home/nvidia/f1tenth_ws/install/vesc/share/vesc/package.bash'
[18.140s] INFO:colcon.colcon_core.shell:Creating package script '/home/nvidia/f1tenth_ws/install/vesc/share/vesc/package.zsh'
[18.142s] Level 1:colcon.colcon_core.environment:create_file_with_runtime_dependencies(/home/nvidia/f1tenth_ws/install/vesc/share/colcon-core/packages/vesc)
[18.172s] DEBUG:colcon.colcon_core.event_handler.log_command:Invoked command in '/home/nvidia/f1tenth_ws/src/f1tenth_system/teleop_tools/joy_teleop' returned '0': AMENT_PREFIX_PATH=/home/nvidia/f1tenth_ws/install/teleop_tools_msgs:${AMENT_PREFIX_PATH} CMAKE_PREFIX_PATH=/home/nvidia/f1tenth_ws/install/teleop_tools_msgs:${CMAKE_PREFIX_PATH} LD_LIBRARY_PATH=/home/nvidia/f1tenth_ws/install/teleop_tools_msgs/lib://home/nvidia/f1tenth_ws/install/vesc_driver/lib://home/nvidia/f1tenth_ws/install/vesc_ackermann/lib://home/nvidia/f1tenth_ws/install/vesc_msgs/lib://home/nvidia/f1tenth_ws/install/teleop_tools_msgs/lib:/usr/lib/aarch64-linux-gnu/gazebo-11/plugins:/opt/ros/foxy/opt/yaml_cpp_vendor/lib:/opt/ros/foxy/opt/rviz_ogre_vendor/lib:/opt/ros/foxy/lib/aarch64-linux-gnu:/opt/ros/foxy/lib:/usr/local/cuda-11.4/lib64 PYTHONPATH=/home/nvidia/f1tenth_ws/build/joy_teleop/prefix_override:/usr/lib/python3/dist-packages/colcon_core/task/python/colcon_distutils_commands:/home/nvidia/f1tenth_ws/install/joy_teleop/lib/python3.8/site-packages:/home/nvidia/f1tenth_ws/install/teleop_tools_msgs/lib/python3.8/site-packages:${PYTHONPATH} /usr/bin/python3 -W ignore:setup.py install is deprecated setup.py egg_info --egg-base ../../../../build/joy_teleop build --build-base /home/nvidia/f1tenth_ws/build/joy_teleop/build install --record /home/nvidia/f1tenth_ws/build/joy_teleop/install.log --install-scripts $base/lib/joy_teleop --single-version-externally-managed install_data
[18.175s] Level 1:colcon.colcon_core.environment:checking '/home/nvidia/f1tenth_ws/install/joy_teleop' for CMake module files
[18.180s] Level 1:colcon.colcon_core.environment:checking '/home/nvidia/f1tenth_ws/install/joy_teleop' for CMake config files
[18.185s] Level 1:colcon.colcon_core.environment:checking '/home/nvidia/f1tenth_ws/install/joy_teleop/lib'
[18.187s] Level 1:colcon.colcon_core.environment:checking '/home/nvidia/f1tenth_ws/install/joy_teleop/bin'
[18.187s] Level 1:colcon.colcon_core.environment:checking '/home/nvidia/f1tenth_ws/install/joy_teleop/lib/pkgconfig/joy_teleop.pc'
[18.190s] Level 1:colcon.colcon_core.environment:checking '/home/nvidia/f1tenth_ws/install/joy_teleop/lib/python3.8/site-packages'
[18.191s] Level 1:colcon.colcon_core.shell:create_environment_hook('joy_teleop', 'pythonpath')
[18.193s] INFO:colcon.colcon_core.shell:Creating environment hook '/home/nvidia/f1tenth_ws/install/joy_teleop/share/joy_teleop/hook/pythonpath.ps1'
[18.197s] INFO:colcon.colcon_core.shell:Creating environment descriptor '/home/nvidia/f1tenth_ws/install/joy_teleop/share/joy_teleop/hook/pythonpath.dsv'
[18.200s] INFO:colcon.colcon_core.shell:Creating environment hook '/home/nvidia/f1tenth_ws/install/joy_teleop/share/joy_teleop/hook/pythonpath.sh'
[18.204s] Level 1:colcon.colcon_core.environment:checking '/home/nvidia/f1tenth_ws/install/joy_teleop/bin'
[18.205s] Level 1:colcon.colcon_core.environment:create_environment_scripts_only(joy_teleop)
[18.207s] INFO:colcon.colcon_core.shell:Creating package script '/home/nvidia/f1tenth_ws/install/joy_teleop/share/joy_teleop/package.ps1'
[18.211s] INFO:colcon.colcon_core.shell:Creating package descriptor '/home/nvidia/f1tenth_ws/install/joy_teleop/share/joy_teleop/package.dsv'
[18.215s] INFO:colcon.colcon_core.shell:Creating package script '/home/nvidia/f1tenth_ws/install/joy_teleop/share/joy_teleop/package.sh'
[18.218s] INFO:colcon.colcon_core.shell:Creating package script '/home/nvidia/f1tenth_ws/install/joy_teleop/share/joy_teleop/package.bash'
[18.221s] INFO:colcon.colcon_core.shell:Creating package script '/home/nvidia/f1tenth_ws/install/joy_teleop/share/joy_teleop/package.zsh'
[18.224s] Level 1:colcon.colcon_core.environment:create_file_with_runtime_dependencies(/home/nvidia/f1tenth_ws/install/joy_teleop/share/colcon-core/packages/joy_teleop)
[18.234s] INFO:colcon.colcon_ros.task.ament_cmake.build:Building ROS package in '/home/nvidia/f1tenth_ws/src/f1tenth_system/teleop_tools/teleop_tools' with build type 'ament_cmake'
[18.236s] INFO:colcon.colcon_cmake.task.cmake.build:Building CMake package in '/home/nvidia/f1tenth_ws/src/f1tenth_system/teleop_tools/teleop_tools'
[18.238s] INFO:colcon.colcon_core.shell:Skip shell extension 'powershell' for command environment: Not usable outside of PowerShell
[18.242s] DEBUG:colcon.colcon_core.shell:Skip shell extension 'dsv' for command environment
[18.312s] DEBUG:colcon.colcon_core.event_handler.log_command:Invoking command in '/home/nvidia/f1tenth_ws/build/pure_pursuit': CMAKE_PREFIX_PATH=${CMAKE_PREFIX_PATH}://home/nvidia/f1tenth_ws/install/f1tenth_stack://home/nvidia/f1tenth_ws/install/joy_teleop://home/nvidia/f1tenth_ws/install/phasespace://home/nvidia/f1tenth_ws/install/new_map_saver://home/nvidia/f1tenth_ws/install/mouse_teleop://home/nvidia/f1tenth_ws/install/mapping://home/nvidia/f1tenth_ws/install/key_teleop://home/nvidia/f1tenth_ws/install/f1tenth_controllers:/opt/ros/foxy /usr/bin/cmake --install /home/nvidia/f1tenth_ws/build/pure_pursuit
[18.359s] Level 1:colcon.colcon_core.environment:create_environment_scripts_only(vesc)
[18.362s] Level 1:colcon.colcon_core.environment:checking '/home/nvidia/f1tenth_ws/install/vesc' for CMake module files
[18.366s] Level 1:colcon.colcon_core.environment:checking '/home/nvidia/f1tenth_ws/install/vesc' for CMake config files
[18.368s] Level 1:colcon.colcon_core.shell:create_environment_hook('vesc', 'cmake_prefix_path')
[18.370s] INFO:colcon.colcon_core.shell:Creating environment hook '/home/nvidia/f1tenth_ws/install/vesc/share/vesc/hook/cmake_prefix_path.ps1'
[18.375s] INFO:colcon.colcon_core.shell:Creating environment descriptor '/home/nvidia/f1tenth_ws/install/vesc/share/vesc/hook/cmake_prefix_path.dsv'
[18.378s] INFO:colcon.colcon_core.shell:Creating environment hook '/home/nvidia/f1tenth_ws/install/vesc/share/vesc/hook/cmake_prefix_path.sh'
[18.382s] Level 1:colcon.colcon_core.environment:checking '/home/nvidia/f1tenth_ws/install/vesc/bin'
[18.383s] Level 1:colcon.colcon_core.environment:checking '/home/nvidia/f1tenth_ws/install/vesc/lib/pkgconfig/vesc.pc'
[18.385s] Level 1:colcon.colcon_core.environment:checking '/home/nvidia/f1tenth_ws/install/vesc/lib/python3.8/site-packages'
[18.386s] Level 1:colcon.colcon_core.environment:checking '/home/nvidia/f1tenth_ws/install/vesc/bin'
[18.387s] INFO:colcon.colcon_core.shell:Creating package script '/home/nvidia/f1tenth_ws/install/vesc/share/vesc/package.ps1'
[18.392s] INFO:colcon.colcon_core.shell:Creating package descriptor '/home/nvidia/f1tenth_ws/install/vesc/share/vesc/package.dsv'
[18.398s] INFO:colcon.colcon_core.shell:Creating package script '/home/nvidia/f1tenth_ws/install/vesc/share/vesc/package.sh'
[18.403s] INFO:colcon.colcon_core.shell:Creating package script '/home/nvidia/f1tenth_ws/install/vesc/share/vesc/package.bash'
[18.412s] INFO:colcon.colcon_core.shell:Creating package script '/home/nvidia/f1tenth_ws/install/vesc/share/vesc/package.zsh'
[18.419s] Level 1:colcon.colcon_core.environment:create_file_with_runtime_dependencies(/home/nvidia/f1tenth_ws/install/vesc/share/colcon-core/packages/vesc)
[18.464s] INFO:colcon.colcon_ros.task.ament_python.build:Building ROS package in '/home/nvidia/f1tenth_ws/src/f1tenth_system/f1tenth_stack' with build type 'ament_python'
[18.466s] Level 1:colcon.colcon_core.shell:create_environment_hook('f1tenth_stack', 'ament_prefix_path')
[18.471s] INFO:colcon.colcon_core.shell:Creating environment hook '/home/nvidia/f1tenth_ws/install/f1tenth_stack/share/f1tenth_stack/hook/ament_prefix_path.ps1'
[18.481s] DEBUG:colcon.colcon_core.event_handler.log_command:Invoking command in '/home/nvidia/f1tenth_ws/build/teleop_tools': AMENT_PREFIX_PATH=/home/nvidia/f1tenth_ws/install/joy_teleop:/home/nvidia/f1tenth_ws/install/teleop_tools_msgs:/home/nvidia/f1tenth_ws/install/key_teleop:${AMENT_PREFIX_PATH} CMAKE_PREFIX_PATH=/home/nvidia/f1tenth_ws/install/teleop_tools_msgs://home/nvidia/f1tenth_ws/install/vesc://home/nvidia/f1tenth_ws/install/vesc_driver://home/nvidia/f1tenth_ws/install/vesc_ackermann://home/nvidia/f1tenth_ws/install/vesc_msgs://home/nvidia/f1tenth_ws/install/teleop_tools://home/nvidia/f1tenth_ws/install/teleop_tools_msgs://home/nvidia/f1tenth_ws/install/pure_pursuit://home/nvidia/f1tenth_ws/install/ackermann_mux://home/nvidia/f1tenth_ws/install/f1tenth_stack://home/nvidia/f1tenth_ws/install/joy_teleop://home/nvidia/f1tenth_ws/install/phasespace://home/nvidia/f1tenth_ws/install/new_map_saver://home/nvidia/f1tenth_ws/install/mouse_teleop://home/nvidia/f1tenth_ws/install/mapping://home/nvidia/f1tenth_ws/install/key_teleop://home/nvidia/f1tenth_ws/install/f1tenth_controllers:/opt/ros/foxy LD_LIBRARY_PATH=/home/nvidia/f1tenth_ws/install/teleop_tools_msgs/lib://home/nvidia/f1tenth_ws/install/vesc_driver/lib://home/nvidia/f1tenth_ws/install/vesc_ackermann/lib://home/nvidia/f1tenth_ws/install/vesc_msgs/lib://home/nvidia/f1tenth_ws/install/teleop_tools_msgs/lib:/usr/lib/aarch64-linux-gnu/gazebo-11/plugins:/opt/ros/foxy/opt/yaml_cpp_vendor/lib:/opt/ros/foxy/opt/rviz_ogre_vendor/lib:/opt/ros/foxy/lib/aarch64-linux-gnu:/opt/ros/foxy/lib:/usr/local/cuda-11.4/lib64 PYTHONPATH=/home/nvidia/f1tenth_ws/install/joy_teleop/lib/python3.8/site-packages:/home/nvidia/f1tenth_ws/install/teleop_tools_msgs/lib/python3.8/site-packages:/home/nvidia/f1tenth_ws/install/key_teleop/lib/python3.8/site-packages:${PYTHONPATH} /usr/bin/cmake --build /home/nvidia/f1tenth_ws/build/teleop_tools -- -j6 -l6
[18.482s] INFO:colcon.colcon_core.shell:Creating environment descriptor '/home/nvidia/f1tenth_ws/install/f1tenth_stack/share/f1tenth_stack/hook/ament_prefix_path.dsv'
[18.486s] INFO:colcon.colcon_core.shell:Creating environment hook '/home/nvidia/f1tenth_ws/install/f1tenth_stack/share/f1tenth_stack/hook/ament_prefix_path.sh'
[18.490s] INFO:colcon.colcon_core.shell:Skip shell extension 'powershell' for command environment: Not usable outside of PowerShell
[18.491s] DEBUG:colcon.colcon_core.shell:Skip shell extension 'dsv' for command environment
[18.552s] Level 1:colcon.colcon_core.environment:create_environment_scripts_only(pure_pursuit)
[18.557s] Level 1:colcon.colcon_core.environment:checking '/home/nvidia/f1tenth_ws/install/pure_pursuit' for CMake module files
[18.562s] DEBUG:colcon.colcon_core.event_handler.log_command:Invoked command in '/home/nvidia/f1tenth_ws/build/pure_pursuit' returned '0': CMAKE_PREFIX_PATH=${CMAKE_PREFIX_PATH}://home/nvidia/f1tenth_ws/install/f1tenth_stack://home/nvidia/f1tenth_ws/install/joy_teleop://home/nvidia/f1tenth_ws/install/phasespace://home/nvidia/f1tenth_ws/install/new_map_saver://home/nvidia/f1tenth_ws/install/mouse_teleop://home/nvidia/f1tenth_ws/install/mapping://home/nvidia/f1tenth_ws/install/key_teleop://home/nvidia/f1tenth_ws/install/f1tenth_controllers:/opt/ros/foxy /usr/bin/cmake --install /home/nvidia/f1tenth_ws/build/pure_pursuit
[18.565s] Level 1:colcon.colcon_core.environment:checking '/home/nvidia/f1tenth_ws/install/pure_pursuit' for CMake config files
[18.568s] Level 1:colcon.colcon_core.shell:create_environment_hook('pure_pursuit', 'cmake_prefix_path')
[18.570s] INFO:colcon.colcon_core.shell:Creating environment hook '/home/nvidia/f1tenth_ws/install/pure_pursuit/share/pure_pursuit/hook/cmake_prefix_path.ps1'
[18.576s] INFO:colcon.colcon_core.shell:Creating environment descriptor '/home/nvidia/f1tenth_ws/install/pure_pursuit/share/pure_pursuit/hook/cmake_prefix_path.dsv'
[18.580s] INFO:colcon.colcon_core.shell:Creating environment hook '/home/nvidia/f1tenth_ws/install/pure_pursuit/share/pure_pursuit/hook/cmake_prefix_path.sh'
[18.584s] Level 1:colcon.colcon_core.environment:checking '/home/nvidia/f1tenth_ws/install/pure_pursuit/lib'
[18.585s] Level 1:colcon.colcon_core.environment:checking '/home/nvidia/f1tenth_ws/install/pure_pursuit/bin'
[18.585s] Level 1:colcon.colcon_core.environment:checking '/home/nvidia/f1tenth_ws/install/pure_pursuit/lib/pkgconfig/pure_pursuit.pc'
[18.587s] Level 1:colcon.colcon_core.environment:checking '/home/nvidia/f1tenth_ws/install/pure_pursuit/lib/python3.8/site-packages'
[18.588s] Level 1:colcon.colcon_core.environment:checking '/home/nvidia/f1tenth_ws/install/pure_pursuit/bin'
[18.590s] INFO:colcon.colcon_core.shell:Creating package script '/home/nvidia/f1tenth_ws/install/pure_pursuit/share/pure_pursuit/package.ps1'
[18.593s] INFO:colcon.colcon_core.shell:Creating package descriptor '/home/nvidia/f1tenth_ws/install/pure_pursuit/share/pure_pursuit/package.dsv'
[18.596s] INFO:colcon.colcon_core.shell:Creating package script '/home/nvidia/f1tenth_ws/install/pure_pursuit/share/pure_pursuit/package.sh'
[18.599s] INFO:colcon.colcon_core.shell:Creating package script '/home/nvidia/f1tenth_ws/install/pure_pursuit/share/pure_pursuit/package.bash'
[18.601s] INFO:colcon.colcon_core.shell:Creating package script '/home/nvidia/f1tenth_ws/install/pure_pursuit/share/pure_pursuit/package.zsh'
[18.603s] Level 1:colcon.colcon_core.environment:create_file_with_runtime_dependencies(/home/nvidia/f1tenth_ws/install/pure_pursuit/share/colcon-core/packages/pure_pursuit)
[18.668s] DEBUG:colcon.colcon_core.event_handler.log_command:Invoking command in '/home/nvidia/f1tenth_ws/src/new_map_saver': PYTHONPATH=/home/nvidia/f1tenth_ws/build/new_map_saver/prefix_override:/usr/lib/python3/dist-packages/colcon_core/task/python/colcon_distutils_commands:/home/nvidia/f1tenth_ws/install/new_map_saver/lib/python3.8/site-packages:${PYTHONPATH} /usr/bin/python3 -W ignore:setup.py install is deprecated setup.py egg_info --egg-base ../../build/new_map_saver build --build-base /home/nvidia/f1tenth_ws/build/new_map_saver/build install --record /home/nvidia/f1tenth_ws/build/new_map_saver/install.log --install-scripts $base/lib/new_map_saver --single-version-externally-managed install_data
[18.704s] DEBUG:colcon.colcon_core.event_handler.log_command:Invoking command in '/home/nvidia/f1tenth_ws/src/phasespace': PYTHONPATH=/home/nvidia/f1tenth_ws/build/phasespace/prefix_override:/usr/lib/python3/dist-packages/colcon_core/task/python/colcon_distutils_commands:/home/nvidia/f1tenth_ws/install/phasespace/lib/python3.8/site-packages:${PYTHONPATH} /usr/bin/python3 -W ignore:setup.py install is deprecated setup.py egg_info --egg-base ../../build/phasespace build --build-base /home/nvidia/f1tenth_ws/build/phasespace/build install --record /home/nvidia/f1tenth_ws/build/phasespace/install.log --install-scripts $base/lib/phasespace --single-version-externally-managed install_data
[20.030s] INFO:colcon.colcon_core.task.python.build:Building Python package in '/home/nvidia/f1tenth_ws/src/f1tenth_system/f1tenth_stack'
[20.034s] INFO:colcon.colcon_core.shell:Skip shell extension 'powershell' for command environment: Not usable outside of PowerShell
[20.035s] DEBUG:colcon.colcon_core.shell:Skip shell extension 'dsv' for command environment
[20.112s] DEBUG:colcon.colcon_core.event_handler.log_command:Invoked command in '/home/nvidia/f1tenth_ws/build/teleop_tools' returned '0': AMENT_PREFIX_PATH=/home/nvidia/f1tenth_ws/install/joy_teleop:/home/nvidia/f1tenth_ws/install/teleop_tools_msgs:/home/nvidia/f1tenth_ws/install/key_teleop:${AMENT_PREFIX_PATH} CMAKE_PREFIX_PATH=/home/nvidia/f1tenth_ws/install/teleop_tools_msgs://home/nvidia/f1tenth_ws/install/vesc://home/nvidia/f1tenth_ws/install/vesc_driver://home/nvidia/f1tenth_ws/install/vesc_ackermann://home/nvidia/f1tenth_ws/install/vesc_msgs://home/nvidia/f1tenth_ws/install/teleop_tools://home/nvidia/f1tenth_ws/install/teleop_tools_msgs://home/nvidia/f1tenth_ws/install/pure_pursuit://home/nvidia/f1tenth_ws/install/ackermann_mux://home/nvidia/f1tenth_ws/install/f1tenth_stack://home/nvidia/f1tenth_ws/install/joy_teleop://home/nvidia/f1tenth_ws/install/phasespace://home/nvidia/f1tenth_ws/install/new_map_saver://home/nvidia/f1tenth_ws/install/mouse_teleop://home/nvidia/f1tenth_ws/install/mapping://home/nvidia/f1tenth_ws/install/key_teleop://home/nvidia/f1tenth_ws/install/f1tenth_controllers:/opt/ros/foxy LD_LIBRARY_PATH=/home/nvidia/f1tenth_ws/install/teleop_tools_msgs/lib://home/nvidia/f1tenth_ws/install/vesc_driver/lib://home/nvidia/f1tenth_ws/install/vesc_ackermann/lib://home/nvidia/f1tenth_ws/install/vesc_msgs/lib://home/nvidia/f1tenth_ws/install/teleop_tools_msgs/lib:/usr/lib/aarch64-linux-gnu/gazebo-11/plugins:/opt/ros/foxy/opt/yaml_cpp_vendor/lib:/opt/ros/foxy/opt/rviz_ogre_vendor/lib:/opt/ros/foxy/lib/aarch64-linux-gnu:/opt/ros/foxy/lib:/usr/local/cuda-11.4/lib64 PYTHONPATH=/home/nvidia/f1tenth_ws/install/joy_teleop/lib/python3.8/site-packages:/home/nvidia/f1tenth_ws/install/teleop_tools_msgs/lib/python3.8/site-packages:/home/nvidia/f1tenth_ws/install/key_teleop/lib/python3.8/site-packages:${PYTHONPATH} /usr/bin/cmake --build /home/nvidia/f1tenth_ws/build/teleop_tools -- -j6 -l6
[20.132s] Level 1:colcon.colcon_core.environment:create_environment_scripts_only(pure_pursuit)
[20.135s] Level 1:colcon.colcon_core.environment:checking '/home/nvidia/f1tenth_ws/install/pure_pursuit' for CMake module files
[20.140s] Level 1:colcon.colcon_core.environment:checking '/home/nvidia/f1tenth_ws/install/pure_pursuit' for CMake config files
[20.143s] Level 1:colcon.colcon_core.shell:create_environment_hook('pure_pursuit', 'cmake_prefix_path')
[20.144s] INFO:colcon.colcon_core.shell:Creating environment hook '/home/nvidia/f1tenth_ws/install/pure_pursuit/share/pure_pursuit/hook/cmake_prefix_path.ps1'
[20.150s] INFO:colcon.colcon_core.shell:Creating environment descriptor '/home/nvidia/f1tenth_ws/install/pure_pursuit/share/pure_pursuit/hook/cmake_prefix_path.dsv'
[20.152s] INFO:colcon.colcon_core.shell:Creating environment hook '/home/nvidia/f1tenth_ws/install/pure_pursuit/share/pure_pursuit/hook/cmake_prefix_path.sh'
[20.157s] Level 1:colcon.colcon_core.environment:checking '/home/nvidia/f1tenth_ws/install/pure_pursuit/lib'
[20.157s] Level 1:colcon.colcon_core.environment:checking '/home/nvidia/f1tenth_ws/install/pure_pursuit/bin'
[20.158s] Level 1:colcon.colcon_core.environment:checking '/home/nvidia/f1tenth_ws/install/pure_pursuit/lib/pkgconfig/pure_pursuit.pc'
[20.160s] Level 1:colcon.colcon_core.environment:checking '/home/nvidia/f1tenth_ws/install/pure_pursuit/lib/python3.8/site-packages'
[20.161s] Level 1:colcon.colcon_core.environment:checking '/home/nvidia/f1tenth_ws/install/pure_pursuit/bin'
[20.163s] INFO:colcon.colcon_core.shell:Creating package script '/home/nvidia/f1tenth_ws/install/pure_pursuit/share/pure_pursuit/package.ps1'
[20.167s] INFO:colcon.colcon_core.shell:Creating package descriptor '/home/nvidia/f1tenth_ws/install/pure_pursuit/share/pure_pursuit/package.dsv'
[20.171s] INFO:colcon.colcon_core.shell:Creating package script '/home/nvidia/f1tenth_ws/install/pure_pursuit/share/pure_pursuit/package.sh'
[20.177s] INFO:colcon.colcon_core.shell:Creating package script '/home/nvidia/f1tenth_ws/install/pure_pursuit/share/pure_pursuit/package.bash'
[20.181s] INFO:colcon.colcon_core.shell:Creating package script '/home/nvidia/f1tenth_ws/install/pure_pursuit/share/pure_pursuit/package.zsh'
[20.184s] Level 1:colcon.colcon_core.environment:create_file_with_runtime_dependencies(/home/nvidia/f1tenth_ws/install/pure_pursuit/share/colcon-core/packages/pure_pursuit)
[20.283s] DEBUG:colcon.colcon_core.event_handler.log_command:Invoking command in '/home/nvidia/f1tenth_ws/build/teleop_tools': AMENT_PREFIX_PATH=/home/nvidia/f1tenth_ws/install/joy_teleop:/home/nvidia/f1tenth_ws/install/teleop_tools_msgs:/home/nvidia/f1tenth_ws/install/key_teleop:${AMENT_PREFIX_PATH} CMAKE_PREFIX_PATH=/home/nvidia/f1tenth_ws/install/teleop_tools_msgs://home/nvidia/f1tenth_ws/install/vesc://home/nvidia/f1tenth_ws/install/vesc_driver://home/nvidia/f1tenth_ws/install/vesc_ackermann://home/nvidia/f1tenth_ws/install/vesc_msgs://home/nvidia/f1tenth_ws/install/teleop_tools://home/nvidia/f1tenth_ws/install/teleop_tools_msgs://home/nvidia/f1tenth_ws/install/pure_pursuit://home/nvidia/f1tenth_ws/install/ackermann_mux://home/nvidia/f1tenth_ws/install/f1tenth_stack://home/nvidia/f1tenth_ws/install/joy_teleop://home/nvidia/f1tenth_ws/install/phasespace://home/nvidia/f1tenth_ws/install/new_map_saver://home/nvidia/f1tenth_ws/install/mouse_teleop://home/nvidia/f1tenth_ws/install/mapping://home/nvidia/f1tenth_ws/install/key_teleop://home/nvidia/f1tenth_ws/install/f1tenth_controllers:/opt/ros/foxy LD_LIBRARY_PATH=/home/nvidia/f1tenth_ws/install/teleop_tools_msgs/lib://home/nvidia/f1tenth_ws/install/vesc_driver/lib://home/nvidia/f1tenth_ws/install/vesc_ackermann/lib://home/nvidia/f1tenth_ws/install/vesc_msgs/lib://home/nvidia/f1tenth_ws/install/teleop_tools_msgs/lib:/usr/lib/aarch64-linux-gnu/gazebo-11/plugins:/opt/ros/foxy/opt/yaml_cpp_vendor/lib:/opt/ros/foxy/opt/rviz_ogre_vendor/lib:/opt/ros/foxy/lib/aarch64-linux-gnu:/opt/ros/foxy/lib:/usr/local/cuda-11.4/lib64 PYTHONPATH=/home/nvidia/f1tenth_ws/install/joy_teleop/lib/python3.8/site-packages:/home/nvidia/f1tenth_ws/install/teleop_tools_msgs/lib/python3.8/site-packages:/home/nvidia/f1tenth_ws/install/key_teleop/lib/python3.8/site-packages:${PYTHONPATH} /usr/bin/cmake --install /home/nvidia/f1tenth_ws/build/teleop_tools
[20.353s] Level 1:colcon.colcon_core.environment:create_environment_scripts_only(teleop_tools)
[20.356s] Level 1:colcon.colcon_core.environment:checking '/home/nvidia/f1tenth_ws/install/teleop_tools' for CMake module files
[20.362s] DEBUG:colcon.colcon_core.event_handler.log_command:Invoked command in '/home/nvidia/f1tenth_ws/build/teleop_tools' returned '0': AMENT_PREFIX_PATH=/home/nvidia/f1tenth_ws/install/joy_teleop:/home/nvidia/f1tenth_ws/install/teleop_tools_msgs:/home/nvidia/f1tenth_ws/install/key_teleop:${AMENT_PREFIX_PATH} CMAKE_PREFIX_PATH=/home/nvidia/f1tenth_ws/install/teleop_tools_msgs://home/nvidia/f1tenth_ws/install/vesc://home/nvidia/f1tenth_ws/install/vesc_driver://home/nvidia/f1tenth_ws/install/vesc_ackermann://home/nvidia/f1tenth_ws/install/vesc_msgs://home/nvidia/f1tenth_ws/install/teleop_tools://home/nvidia/f1tenth_ws/install/teleop_tools_msgs://home/nvidia/f1tenth_ws/install/pure_pursuit://home/nvidia/f1tenth_ws/install/ackermann_mux://home/nvidia/f1tenth_ws/install/f1tenth_stack://home/nvidia/f1tenth_ws/install/joy_teleop://home/nvidia/f1tenth_ws/install/phasespace://home/nvidia/f1tenth_ws/install/new_map_saver://home/nvidia/f1tenth_ws/install/mouse_teleop://home/nvidia/f1tenth_ws/install/mapping://home/nvidia/f1tenth_ws/install/key_teleop://home/nvidia/f1tenth_ws/install/f1tenth_controllers:/opt/ros/foxy LD_LIBRARY_PATH=/home/nvidia/f1tenth_ws/install/teleop_tools_msgs/lib://home/nvidia/f1tenth_ws/install/vesc_driver/lib://home/nvidia/f1tenth_ws/install/vesc_ackermann/lib://home/nvidia/f1tenth_ws/install/vesc_msgs/lib://home/nvidia/f1tenth_ws/install/teleop_tools_msgs/lib:/usr/lib/aarch64-linux-gnu/gazebo-11/plugins:/opt/ros/foxy/opt/yaml_cpp_vendor/lib:/opt/ros/foxy/opt/rviz_ogre_vendor/lib:/opt/ros/foxy/lib/aarch64-linux-gnu:/opt/ros/foxy/lib:/usr/local/cuda-11.4/lib64 PYTHONPATH=/home/nvidia/f1tenth_ws/install/joy_teleop/lib/python3.8/site-packages:/home/nvidia/f1tenth_ws/install/teleop_tools_msgs/lib/python3.8/site-packages:/home/nvidia/f1tenth_ws/install/key_teleop/lib/python3.8/site-packages:${PYTHONPATH} /usr/bin/cmake --install /home/nvidia/f1tenth_ws/build/teleop_tools
[20.365s] Level 1:colcon.colcon_core.environment:checking '/home/nvidia/f1tenth_ws/install/teleop_tools' for CMake config files
[20.367s] Level 1:colcon.colcon_core.shell:create_environment_hook('teleop_tools', 'cmake_prefix_path')
[20.369s] INFO:colcon.colcon_core.shell:Creating environment hook '/home/nvidia/f1tenth_ws/install/teleop_tools/share/teleop_tools/hook/cmake_prefix_path.ps1'
[20.373s] INFO:colcon.colcon_core.shell:Creating environment descriptor '/home/nvidia/f1tenth_ws/install/teleop_tools/share/teleop_tools/hook/cmake_prefix_path.dsv'
[20.376s] INFO:colcon.colcon_core.shell:Creating environment hook '/home/nvidia/f1tenth_ws/install/teleop_tools/share/teleop_tools/hook/cmake_prefix_path.sh'
[20.380s] Level 1:colcon.colcon_core.environment:checking '/home/nvidia/f1tenth_ws/install/teleop_tools/bin'
[20.380s] Level 1:colcon.colcon_core.environment:checking '/home/nvidia/f1tenth_ws/install/teleop_tools/lib/pkgconfig/teleop_tools.pc'
[20.382s] Level 1:colcon.colcon_core.environment:checking '/home/nvidia/f1tenth_ws/install/teleop_tools/lib/python3.8/site-packages'
[20.383s] Level 1:colcon.colcon_core.environment:checking '/home/nvidia/f1tenth_ws/install/teleop_tools/bin'
[20.385s] INFO:colcon.colcon_core.shell:Creating package script '/home/nvidia/f1tenth_ws/install/teleop_tools/share/teleop_tools/package.ps1'
[20.388s] INFO:colcon.colcon_core.shell:Creating package descriptor '/home/nvidia/f1tenth_ws/install/teleop_tools/share/teleop_tools/package.dsv'
[20.390s] INFO:colcon.colcon_core.shell:Creating package script '/home/nvidia/f1tenth_ws/install/teleop_tools/share/teleop_tools/package.sh'
[20.393s] INFO:colcon.colcon_core.shell:Creating package script '/home/nvidia/f1tenth_ws/install/teleop_tools/share/teleop_tools/package.bash'
[20.397s] INFO:colcon.colcon_core.shell:Creating package script '/home/nvidia/f1tenth_ws/install/teleop_tools/share/teleop_tools/package.zsh'
[20.399s] Level 1:colcon.colcon_core.environment:create_file_with_runtime_dependencies(/home/nvidia/f1tenth_ws/install/teleop_tools/share/colcon-core/packages/teleop_tools)
[20.428s] Level 1:colcon.colcon_core.environment:checking '/home/nvidia/f1tenth_ws/install/new_map_saver' for CMake module files
[20.434s] DEBUG:colcon.colcon_core.event_handler.log_command:Invoked command in '/home/nvidia/f1tenth_ws/src/new_map_saver' returned '0': PYTHONPATH=/home/nvidia/f1tenth_ws/build/new_map_saver/prefix_override:/usr/lib/python3/dist-packages/colcon_core/task/python/colcon_distutils_commands:/home/nvidia/f1tenth_ws/install/new_map_saver/lib/python3.8/site-packages:${PYTHONPATH} /usr/bin/python3 -W ignore:setup.py install is deprecated setup.py egg_info --egg-base ../../build/new_map_saver build --build-base /home/nvidia/f1tenth_ws/build/new_map_saver/build install --record /home/nvidia/f1tenth_ws/build/new_map_saver/install.log --install-scripts $base/lib/new_map_saver --single-version-externally-managed install_data
[20.437s] Level 1:colcon.colcon_core.environment:checking '/home/nvidia/f1tenth_ws/install/new_map_saver' for CMake config files
[20.441s] Level 1:colcon.colcon_core.environment:checking '/home/nvidia/f1tenth_ws/install/new_map_saver/lib'
[20.442s] Level 1:colcon.colcon_core.environment:checking '/home/nvidia/f1tenth_ws/install/new_map_saver/bin'
[20.442s] Level 1:colcon.colcon_core.environment:checking '/home/nvidia/f1tenth_ws/install/new_map_saver/lib/pkgconfig/new_map_saver.pc'
[20.444s] Level 1:colcon.colcon_core.environment:checking '/home/nvidia/f1tenth_ws/install/new_map_saver/lib/python3.8/site-packages'
[20.445s] Level 1:colcon.colcon_core.shell:create_environment_hook('new_map_saver', 'pythonpath')
[20.446s] INFO:colcon.colcon_core.shell:Creating environment hook '/home/nvidia/f1tenth_ws/install/new_map_saver/share/new_map_saver/hook/pythonpath.ps1'
[20.450s] INFO:colcon.colcon_core.shell:Creating environment descriptor '/home/nvidia/f1tenth_ws/install/new_map_saver/share/new_map_saver/hook/pythonpath.dsv'
[20.452s] INFO:colcon.colcon_core.shell:Creating environment hook '/home/nvidia/f1tenth_ws/install/new_map_saver/share/new_map_saver/hook/pythonpath.sh'
[20.455s] Level 1:colcon.colcon_core.environment:checking '/home/nvidia/f1tenth_ws/install/new_map_saver/bin'
[20.455s] Level 1:colcon.colcon_core.environment:create_environment_scripts_only(new_map_saver)
[20.457s] INFO:colcon.colcon_core.shell:Creating package script '/home/nvidia/f1tenth_ws/install/new_map_saver/share/new_map_saver/package.ps1'
[20.460s] INFO:colcon.colcon_core.shell:Creating package descriptor '/home/nvidia/f1tenth_ws/install/new_map_saver/share/new_map_saver/package.dsv'
[20.463s] INFO:colcon.colcon_core.shell:Creating package script '/home/nvidia/f1tenth_ws/install/new_map_saver/share/new_map_saver/package.sh'
[20.465s] INFO:colcon.colcon_core.shell:Creating package script '/home/nvidia/f1tenth_ws/install/new_map_saver/share/new_map_saver/package.bash'
[20.467s] INFO:colcon.colcon_core.shell:Creating package script '/home/nvidia/f1tenth_ws/install/new_map_saver/share/new_map_saver/package.zsh'
[20.469s] Level 1:colcon.colcon_core.environment:create_file_with_runtime_dependencies(/home/nvidia/f1tenth_ws/install/new_map_saver/share/colcon-core/packages/new_map_saver)
[20.473s] Level 1:colcon.colcon_core.environment:checking '/home/nvidia/f1tenth_ws/install/phasespace' for CMake module files
[20.479s] DEBUG:colcon.colcon_core.event_handler.log_command:Invoked command in '/home/nvidia/f1tenth_ws/src/phasespace' returned '0': PYTHONPATH=/home/nvidia/f1tenth_ws/build/phasespace/prefix_override:/usr/lib/python3/dist-packages/colcon_core/task/python/colcon_distutils_commands:/home/nvidia/f1tenth_ws/install/phasespace/lib/python3.8/site-packages:${PYTHONPATH} /usr/bin/python3 -W ignore:setup.py install is deprecated setup.py egg_info --egg-base ../../build/phasespace build --build-base /home/nvidia/f1tenth_ws/build/phasespace/build install --record /home/nvidia/f1tenth_ws/build/phasespace/install.log --install-scripts $base/lib/phasespace --single-version-externally-managed install_data
[20.480s] Level 1:colcon.colcon_core.environment:checking '/home/nvidia/f1tenth_ws/install/phasespace' for CMake config files
[20.483s] Level 1:colcon.colcon_core.environment:checking '/home/nvidia/f1tenth_ws/install/phasespace/lib'
[20.483s] Level 1:colcon.colcon_core.environment:checking '/home/nvidia/f1tenth_ws/install/phasespace/bin'
[20.484s] Level 1:colcon.colcon_core.environment:checking '/home/nvidia/f1tenth_ws/install/phasespace/lib/pkgconfig/phasespace.pc'
[20.485s] Level 1:colcon.colcon_core.environment:checking '/home/nvidia/f1tenth_ws/install/phasespace/lib/python3.8/site-packages'
[20.485s] Level 1:colcon.colcon_core.shell:create_environment_hook('phasespace', 'pythonpath')
[20.486s] INFO:colcon.colcon_core.shell:Creating environment hook '/home/nvidia/f1tenth_ws/install/phasespace/share/phasespace/hook/pythonpath.ps1'
[20.488s] INFO:colcon.colcon_core.shell:Creating environment descriptor '/home/nvidia/f1tenth_ws/install/phasespace/share/phasespace/hook/pythonpath.dsv'
[20.490s] INFO:colcon.colcon_core.shell:Creating environment hook '/home/nvidia/f1tenth_ws/install/phasespace/share/phasespace/hook/pythonpath.sh'
[20.493s] Level 1:colcon.colcon_core.environment:checking '/home/nvidia/f1tenth_ws/install/phasespace/bin'
[20.494s] Level 1:colcon.colcon_core.environment:create_environment_scripts_only(phasespace)
[20.495s] INFO:colcon.colcon_core.shell:Creating package script '/home/nvidia/f1tenth_ws/install/phasespace/share/phasespace/package.ps1'
[20.499s] INFO:colcon.colcon_core.shell:Creating package descriptor '/home/nvidia/f1tenth_ws/install/phasespace/share/phasespace/package.dsv'
[20.502s] INFO:colcon.colcon_core.shell:Creating package script '/home/nvidia/f1tenth_ws/install/phasespace/share/phasespace/package.sh'
[20.504s] INFO:colcon.colcon_core.shell:Creating package script '/home/nvidia/f1tenth_ws/install/phasespace/share/phasespace/package.bash'
[20.506s] INFO:colcon.colcon_core.shell:Creating package script '/home/nvidia/f1tenth_ws/install/phasespace/share/phasespace/package.zsh'
[20.508s] Level 1:colcon.colcon_core.environment:create_file_with_runtime_dependencies(/home/nvidia/f1tenth_ws/install/phasespace/share/colcon-core/packages/phasespace)
[20.549s] Level 1:colcon.colcon_core.environment:create_environment_scripts_only(teleop_tools)
[20.551s] Level 1:colcon.colcon_core.environment:checking '/home/nvidia/f1tenth_ws/install/teleop_tools' for CMake module files
[20.554s] Level 1:colcon.colcon_core.environment:checking '/home/nvidia/f1tenth_ws/install/teleop_tools' for CMake config files
[20.555s] Level 1:colcon.colcon_core.shell:create_environment_hook('teleop_tools', 'cmake_prefix_path')
[20.557s] INFO:colcon.colcon_core.shell:Creating environment hook '/home/nvidia/f1tenth_ws/install/teleop_tools/share/teleop_tools/hook/cmake_prefix_path.ps1'
[20.559s] INFO:colcon.colcon_core.shell:Creating environment descriptor '/home/nvidia/f1tenth_ws/install/teleop_tools/share/teleop_tools/hook/cmake_prefix_path.dsv'
[20.562s] INFO:colcon.colcon_core.shell:Creating environment hook '/home/nvidia/f1tenth_ws/install/teleop_tools/share/teleop_tools/hook/cmake_prefix_path.sh'
[20.565s] Level 1:colcon.colcon_core.environment:checking '/home/nvidia/f1tenth_ws/install/teleop_tools/bin'
[20.565s] Level 1:colcon.colcon_core.environment:checking '/home/nvidia/f1tenth_ws/install/teleop_tools/lib/pkgconfig/teleop_tools.pc'
[20.566s] Level 1:colcon.colcon_core.environment:checking '/home/nvidia/f1tenth_ws/install/teleop_tools/lib/python3.8/site-packages'
[20.567s] Level 1:colcon.colcon_core.environment:checking '/home/nvidia/f1tenth_ws/install/teleop_tools/bin'
[20.568s] INFO:colcon.colcon_core.shell:Creating package script '/home/nvidia/f1tenth_ws/install/teleop_tools/share/teleop_tools/package.ps1'
[20.571s] INFO:colcon.colcon_core.shell:Creating package descriptor '/home/nvidia/f1tenth_ws/install/teleop_tools/share/teleop_tools/package.dsv'
[20.574s] INFO:colcon.colcon_core.shell:Creating package script '/home/nvidia/f1tenth_ws/install/teleop_tools/share/teleop_tools/package.sh'
[20.576s] INFO:colcon.colcon_core.shell:Creating package script '/home/nvidia/f1tenth_ws/install/teleop_tools/share/teleop_tools/package.bash'
[20.578s] INFO:colcon.colcon_core.shell:Creating package script '/home/nvidia/f1tenth_ws/install/teleop_tools/share/teleop_tools/package.zsh'
[20.580s] Level 1:colcon.colcon_core.environment:create_file_with_runtime_dependencies(/home/nvidia/f1tenth_ws/install/teleop_tools/share/colcon-core/packages/teleop_tools)
[22.308s] DEBUG:colcon.colcon_core.event_handler.log_command:Invoking command in '/home/nvidia/f1tenth_ws/src/f1tenth_system/f1tenth_stack': AMENT_PREFIX_PATH=/home/nvidia/f1tenth_ws/install/vesc:/home/nvidia/f1tenth_ws/install/vesc_driver:/home/nvidia/f1tenth_ws/install/vesc_ackermann:/home/nvidia/f1tenth_ws/install/joy_teleop:/home/nvidia/f1tenth_ws/install/vesc_msgs:/home/nvidia/f1tenth_ws/install/teleop_tools_msgs:/home/nvidia/f1tenth_ws/install/ackermann_mux:${AMENT_PREFIX_PATH} CMAKE_PREFIX_PATH=/home/nvidia/f1tenth_ws/install/vesc:/home/nvidia/f1tenth_ws/install/vesc_driver:/home/nvidia/f1tenth_ws/install/vesc_ackermann:/home/nvidia/f1tenth_ws/install/vesc_msgs:/home/nvidia/f1tenth_ws/install/teleop_tools_msgs:/home/nvidia/f1tenth_ws/install/ackermann_mux:${CMAKE_PREFIX_PATH} LD_LIBRARY_PATH=/home/nvidia/f1tenth_ws/install/vesc_driver/lib:/home/nvidia/f1tenth_ws/install/vesc_ackermann/lib:/home/nvidia/f1tenth_ws/install/vesc_msgs/lib:/home/nvidia/f1tenth_ws/install/teleop_tools_msgs/lib://home/nvidia/f1tenth_ws/install/vesc_driver/lib://home/nvidia/f1tenth_ws/install/vesc_ackermann/lib://home/nvidia/f1tenth_ws/install/vesc_msgs/lib://home/nvidia/f1tenth_ws/install/teleop_tools_msgs/lib:/usr/lib/aarch64-linux-gnu/gazebo-11/plugins:/opt/ros/foxy/opt/yaml_cpp_vendor/lib:/opt/ros/foxy/opt/rviz_ogre_vendor/lib:/opt/ros/foxy/lib/aarch64-linux-gnu:/opt/ros/foxy/lib:/usr/local/cuda-11.4/lib64 PYTHONPATH=/home/nvidia/f1tenth_ws/build/f1tenth_stack/prefix_override:/usr/lib/python3/dist-packages/colcon_core/task/python/colcon_distutils_commands:/home/nvidia/f1tenth_ws/install/f1tenth_stack/lib/python3.8/site-packages:/home/nvidia/f1tenth_ws/install/joy_teleop/lib/python3.8/site-packages:/home/nvidia/f1tenth_ws/install/vesc_msgs/lib/python3.8/site-packages:/home/nvidia/f1tenth_ws/install/teleop_tools_msgs/lib/python3.8/site-packages:${PYTHONPATH} /usr/bin/python3 -W ignore:setup.py install is deprecated setup.py egg_info --egg-base ../../../build/f1tenth_stack build --build-base /home/nvidia/f1tenth_ws/build/f1tenth_stack/build install --record /home/nvidia/f1tenth_ws/build/f1tenth_stack/install.log --install-scripts $base/lib/f1tenth_stack --single-version-externally-managed install_data
[23.872s] Level 1:colcon.colcon_core.environment:checking '/home/nvidia/f1tenth_ws/install/f1tenth_stack' for CMake module files
[23.875s] DEBUG:colcon.colcon_core.event_handler.log_command:Invoked command in '/home/nvidia/f1tenth_ws/src/f1tenth_system/f1tenth_stack' returned '0': AMENT_PREFIX_PATH=/home/nvidia/f1tenth_ws/install/vesc:/home/nvidia/f1tenth_ws/install/vesc_driver:/home/nvidia/f1tenth_ws/install/vesc_ackermann:/home/nvidia/f1tenth_ws/install/joy_teleop:/home/nvidia/f1tenth_ws/install/vesc_msgs:/home/nvidia/f1tenth_ws/install/teleop_tools_msgs:/home/nvidia/f1tenth_ws/install/ackermann_mux:${AMENT_PREFIX_PATH} CMAKE_PREFIX_PATH=/home/nvidia/f1tenth_ws/install/vesc:/home/nvidia/f1tenth_ws/install/vesc_driver:/home/nvidia/f1tenth_ws/install/vesc_ackermann:/home/nvidia/f1tenth_ws/install/vesc_msgs:/home/nvidia/f1tenth_ws/install/teleop_tools_msgs:/home/nvidia/f1tenth_ws/install/ackermann_mux:${CMAKE_PREFIX_PATH} LD_LIBRARY_PATH=/home/nvidia/f1tenth_ws/install/vesc_driver/lib:/home/nvidia/f1tenth_ws/install/vesc_ackermann/lib:/home/nvidia/f1tenth_ws/install/vesc_msgs/lib:/home/nvidia/f1tenth_ws/install/teleop_tools_msgs/lib://home/nvidia/f1tenth_ws/install/vesc_driver/lib://home/nvidia/f1tenth_ws/install/vesc_ackermann/lib://home/nvidia/f1tenth_ws/install/vesc_msgs/lib://home/nvidia/f1tenth_ws/install/teleop_tools_msgs/lib:/usr/lib/aarch64-linux-gnu/gazebo-11/plugins:/opt/ros/foxy/opt/yaml_cpp_vendor/lib:/opt/ros/foxy/opt/rviz_ogre_vendor/lib:/opt/ros/foxy/lib/aarch64-linux-gnu:/opt/ros/foxy/lib:/usr/local/cuda-11.4/lib64 PYTHONPATH=/home/nvidia/f1tenth_ws/build/f1tenth_stack/prefix_override:/usr/lib/python3/dist-packages/colcon_core/task/python/colcon_distutils_commands:/home/nvidia/f1tenth_ws/install/f1tenth_stack/lib/python3.8/site-packages:/home/nvidia/f1tenth_ws/install/joy_teleop/lib/python3.8/site-packages:/home/nvidia/f1tenth_ws/install/vesc_msgs/lib/python3.8/site-packages:/home/nvidia/f1tenth_ws/install/teleop_tools_msgs/lib/python3.8/site-packages:${PYTHONPATH} /usr/bin/python3 -W ignore:setup.py install is deprecated setup.py egg_info --egg-base ../../../build/f1tenth_stack build --build-base /home/nvidia/f1tenth_ws/build/f1tenth_stack/build install --record /home/nvidia/f1tenth_ws/build/f1tenth_stack/install.log --install-scripts $base/lib/f1tenth_stack --single-version-externally-managed install_data
[23.878s] Level 1:colcon.colcon_core.environment:checking '/home/nvidia/f1tenth_ws/install/f1tenth_stack' for CMake config files
[23.883s] Level 1:colcon.colcon_core.environment:checking '/home/nvidia/f1tenth_ws/install/f1tenth_stack/lib'
[23.884s] Level 1:colcon.colcon_core.environment:checking '/home/nvidia/f1tenth_ws/install/f1tenth_stack/bin'
[23.884s] Level 1:colcon.colcon_core.environment:checking '/home/nvidia/f1tenth_ws/install/f1tenth_stack/lib/pkgconfig/f1tenth_stack.pc'
[23.886s] Level 1:colcon.colcon_core.environment:checking '/home/nvidia/f1tenth_ws/install/f1tenth_stack/lib/python3.8/site-packages'
[23.887s] Level 1:colcon.colcon_core.shell:create_environment_hook('f1tenth_stack', 'pythonpath')
[23.889s] INFO:colcon.colcon_core.shell:Creating environment hook '/home/nvidia/f1tenth_ws/install/f1tenth_stack/share/f1tenth_stack/hook/pythonpath.ps1'
[23.892s] INFO:colcon.colcon_core.shell:Creating environment descriptor '/home/nvidia/f1tenth_ws/install/f1tenth_stack/share/f1tenth_stack/hook/pythonpath.dsv'
[23.895s] INFO:colcon.colcon_core.shell:Creating environment hook '/home/nvidia/f1tenth_ws/install/f1tenth_stack/share/f1tenth_stack/hook/pythonpath.sh'
[23.898s] Level 1:colcon.colcon_core.environment:checking '/home/nvidia/f1tenth_ws/install/f1tenth_stack/bin'
[23.898s] Level 1:colcon.colcon_core.environment:create_environment_scripts_only(f1tenth_stack)
[23.900s] INFO:colcon.colcon_core.shell:Creating package script '/home/nvidia/f1tenth_ws/install/f1tenth_stack/share/f1tenth_stack/package.ps1'
[23.903s] INFO:colcon.colcon_core.shell:Creating package descriptor '/home/nvidia/f1tenth_ws/install/f1tenth_stack/share/f1tenth_stack/package.dsv'
[23.906s] INFO:colcon.colcon_core.shell:Creating package script '/home/nvidia/f1tenth_ws/install/f1tenth_stack/share/f1tenth_stack/package.sh'
[23.908s] INFO:colcon.colcon_core.shell:Creating package script '/home/nvidia/f1tenth_ws/install/f1tenth_stack/share/f1tenth_stack/package.bash'
[23.910s] INFO:colcon.colcon_core.shell:Creating package script '/home/nvidia/f1tenth_ws/install/f1tenth_stack/share/f1tenth_stack/package.zsh'
[23.911s] Level 1:colcon.colcon_core.environment:create_file_with_runtime_dependencies(/home/nvidia/f1tenth_ws/install/f1tenth_stack/share/colcon-core/packages/f1tenth_stack)
[23.913s] DEBUG:colcon.colcon_parallel_executor.executor.parallel:closing loop
[23.916s] DEBUG:colcon.colcon_parallel_executor.executor.parallel:loop closed
[23.917s] DEBUG:colcon.colcon_parallel_executor.executor.parallel:run_until_complete finished with '0'
[23.917s] DEBUG:colcon.colcon_core.event_reactor:joining thread
[23.957s] INFO:colcon.colcon_core.plugin_system:Skipping extension 'colcon_notification.desktop_notification.terminal_notifier': Not used on non-Darwin systems
[23.957s] INFO:colcon.colcon_core.plugin_system:Skipping extension 'colcon_notification.desktop_notification.win32': Not used on non-Windows systems
[23.957s] INFO:colcon.colcon_notification.desktop_notification:Sending desktop notification using 'notify2'
[24.058s] DEBUG:colcon.colcon_core.event_reactor:joined thread
[24.060s] INFO:colcon.colcon_core.shell:Creating prefix script '/home/nvidia/f1tenth_ws/install/local_setup.ps1'
[24.065s] INFO:colcon.colcon_core.shell:Creating prefix util module '/home/nvidia/f1tenth_ws/install/_local_setup_util_ps1.py'
[24.072s] INFO:colcon.colcon_core.shell:Creating prefix chain script '/home/nvidia/f1tenth_ws/install/setup.ps1'
[24.083s] INFO:colcon.colcon_core.shell:Creating prefix script '/home/nvidia/f1tenth_ws/install/local_setup.sh'
[24.087s] INFO:colcon.colcon_core.shell:Creating prefix util module '/home/nvidia/f1tenth_ws/install/_local_setup_util_sh.py'
[24.090s] INFO:colcon.colcon_core.shell:Creating prefix chain script '/home/nvidia/f1tenth_ws/install/setup.sh'
[24.101s] INFO:colcon.colcon_core.shell:Creating prefix script '/home/nvidia/f1tenth_ws/install/local_setup.bash'
[24.104s] INFO:colcon.colcon_core.shell:Creating prefix chain script '/home/nvidia/f1tenth_ws/install/setup.bash'
[24.115s] INFO:colcon.colcon_core.shell:Creating prefix script '/home/nvidia/f1tenth_ws/install/local_setup.zsh'
[24.118s] INFO:colcon.colcon_core.shell:Creating prefix chain script '/home/nvidia/f1tenth_ws/install/setup.zsh'
