[0.000000] (-) TimerEvent: {}
[0.001559] (ackermann_mux) JobQueued: {'identifier': 'ackermann_mux', 'dependencies': OrderedDict()}
[0.004013] (f1tenth_controllers) JobQueued: {'identifier': 'f1tenth_controllers', 'dependencies': OrderedDict()}
[0.004248] (key_teleop) JobQueued: {'identifier': 'key_teleop', 'dependencies': OrderedDict()}
[0.004375] (mapping) JobQueued: {'identifier': 'mapping', 'dependencies': OrderedDict()}
[0.004493] (mouse_teleop) JobQueued: {'identifier': 'mouse_teleop', 'dependencies': OrderedDict()}
[0.004611] (new_map_saver) JobQueued: {'identifier': 'new_map_saver', 'dependencies': OrderedDict()}
[0.004731] (phasespace) JobQueued: {'identifier': 'phasespace', 'dependencies': OrderedDict()}
[0.004876] (teleop_tools_msgs) JobQueued: {'identifier': 'teleop_tools_msgs', 'dependencies': OrderedDict()}
[0.005065] (vesc_msgs) JobQueued: {'identifier': 'vesc_msgs', 'dependencies': OrderedDict()}
[0.005190] (joy_teleop) JobQueued: {'identifier': 'joy_teleop', 'dependencies': OrderedDict([('teleop_tools_msgs', '/home/nvidia/f1tenth_ws/install/teleop_tools_msgs')])}
[0.005321] (vesc_ackermann) JobQueued: {'identifier': 'vesc_ackermann', 'dependencies': OrderedDict([('vesc_msgs', '/home/nvidia/f1tenth_ws/install/vesc_msgs')])}
[0.005444] (vesc_driver) JobQueued: {'identifier': 'vesc_driver', 'dependencies': OrderedDict([('vesc_msgs', '/home/nvidia/f1tenth_ws/install/vesc_msgs')])}
[0.005564] (teleop_tools) JobQueued: {'identifier': 'teleop_tools', 'dependencies': OrderedDict([('key_teleop', '/home/nvidia/f1tenth_ws/install/key_teleop'), ('teleop_tools_msgs', '/home/nvidia/f1tenth_ws/install/teleop_tools_msgs'), ('joy_teleop', '/home/nvidia/f1tenth_ws/install/joy_teleop')])}
[0.006481] (vesc) JobQueued: {'identifier': 'vesc', 'dependencies': OrderedDict([('vesc_msgs', '/home/nvidia/f1tenth_ws/install/vesc_msgs'), ('vesc_ackermann', '/home/nvidia/f1tenth_ws/install/vesc_ackermann'), ('vesc_driver', '/home/nvidia/f1tenth_ws/install/vesc_driver')])}
[0.006703] (f1tenth_stack) JobQueued: {'identifier': 'f1tenth_stack', 'dependencies': OrderedDict([('ackermann_mux', '/home/nvidia/f1tenth_ws/install/ackermann_mux'), ('teleop_tools_msgs', '/home/nvidia/f1tenth_ws/install/teleop_tools_msgs'), ('vesc_msgs', '/home/nvidia/f1tenth_ws/install/vesc_msgs'), ('joy_teleop', '/home/nvidia/f1tenth_ws/install/joy_teleop'), ('vesc_ackermann', '/home/nvidia/f1tenth_ws/install/vesc_ackermann'), ('vesc_driver', '/home/nvidia/f1tenth_ws/install/vesc_driver'), ('vesc', '/home/nvidia/f1tenth_ws/install/vesc')])}
[0.006903] (vesc_msgs) JobStarted: {'identifier': 'vesc_msgs'}
[0.063189] (teleop_tools_msgs) JobStarted: {'identifier': 'teleop_tools_msgs'}
[0.098864] (-) TimerEvent: {}
[0.115783] (ackermann_mux) JobStarted: {'identifier': 'ackermann_mux'}
[0.166766] (key_teleop) JobStarted: {'identifier': 'key_teleop'}
[0.200131] (-) TimerEvent: {}
[0.233093] (f1tenth_controllers) JobStarted: {'identifier': 'f1tenth_controllers'}
[0.290312] (mapping) JobStarted: {'identifier': 'mapping'}
[0.301090] (-) TimerEvent: {}
[0.373208] (vesc_msgs) JobProgress: {'identifier': 'vesc_msgs', 'progress': 'cmake'}
[0.378895] (vesc_msgs) JobProgress: {'identifier': 'vesc_msgs', 'progress': 'build'}
[0.382353] (vesc_msgs) Command: {'cmd': ['/usr/bin/cmake', '--build', '/home/nvidia/f1tenth_ws/build/vesc_msgs', '--', '-j6', '-l6'], 'cwd': '/home/nvidia/f1tenth_ws/build/vesc_msgs', 'env': OrderedDict([('LESSOPEN', '| /usr/bin/lesspipe %s'), ('USER', 'nvidia'), ('SSH_AGENT_PID', '3834'), ('XDG_SESSION_TYPE', 'x11'), ('SHLVL', '1'), ('LD_LIBRARY_PATH', '//home/nvidia/f1tenth_ws/install/vesc_driver/lib://home/nvidia/f1tenth_ws/install/vesc_ackermann/lib://home/nvidia/f1tenth_ws/install/vesc_msgs/lib://home/nvidia/f1tenth_ws/install/teleop_tools_msgs/lib:/usr/lib/aarch64-linux-gnu/gazebo-11/plugins:/opt/ros/foxy/opt/yaml_cpp_vendor/lib:/opt/ros/foxy/opt/rviz_ogre_vendor/lib:/opt/ros/foxy/lib/aarch64-linux-gnu:/opt/ros/foxy/lib:/usr/local/cuda-11.4/lib64:'), ('HOME', '/home/nvidia'), ('OLDPWD', '/home/nvidia/f1tenth_ws/src/f1tenth_controllers'), ('DESKTOP_SESSION', 'ubuntu'), ('ROS_PYTHON_VERSION', '3'), ('GNOME_SHELL_SESSION_MODE', 'ubuntu'), ('GTK_MODULES', 'gail:atk-bridge'), ('MANAGERPID', '3734'), ('DBUS_SESSION_BUS_ADDRESS', 'unix:path=/run/user/1000/bus'), ('COLORTERM', 'truecolor'), ('TERMINATOR_DBUS_NAME', 'net.tenshu.Terminator23558193cd9818af7fe4d2c2f5bd9d00f'), ('GIO_LAUNCHED_DESKTOP_FILE_PID', '6532'), ('IM_CONFIG_PHASE', '1'), ('COLCON_PREFIX_PATH', '//home/nvidia/f1tenth_ws/install'), ('ROS_DISTRO', 'foxy'), ('LOGNAME', 'nvidia'), ('JOURNAL_STREAM', '8:68012'), ('_', '/usr/bin/colcon'), ('ROS_VERSION', '2'), ('XDG_SESSION_CLASS', 'user'), ('USERNAME', 'nvidia'), ('TERM', 'xterm-256color'), ('GAZEBO_MODEL_PATH', ':/opt/ros/foxy/share/turtlebot3_gazebo/models'), ('GNOME_DESKTOP_SESSION_ID', 'this-is-deprecated'), ('ROS_LOCALHOST_ONLY', '0'), ('WINDOWPATH', '2'), ('PATH', '//home/nvidia/f1tenth_ws/install/range_lib/bin:/opt/ros/foxy/bin:/usr/local/cuda-11.4/bin:/home/nvidia/.local/bin:/usr/local/sbin:/usr/local/bin:/usr/sbin:/usr/bin:/sbin:/bin:/usr/games:/usr/local/games:/snap/bin'), ('SESSION_MANAGER', 'local/ubuntu:@/tmp/.ICE-unix/3871,unix/ubuntu:/tmp/.ICE-unix/3871'), ('INVOCATION_ID', '3ef7397d0ea34bca9ca2a0d82e935ac2'), ('XDG_MENU_PREFIX', 'gnome-'), ('XDG_RUNTIME_DIR', '/run/user/1000'), ('DISPLAY', ':1'), ('TERMINATOR_DBUS_PATH', '/net/tenshu/Terminator2'), ('LANG', 'en_US.UTF-8'), ('XDG_CURRENT_DESKTOP', 'ubuntu:GNOME'), ('XMODIFIERS', '@im=ibus'), ('XDG_SESSION_DESKTOP', 'ubuntu'), ('XAUTHORITY', '/run/user/1000/gdm/Xauthority'), ('LS_COLORS', 'rs=0:di=01;34:ln=01;36:mh=00:pi=40;33:so=01;35:do=01;35:bd=40;33;01:cd=40;33;01:or=40;31;01:mi=00:su=37;41:sg=30;43:ca=30;41:tw=30;42:ow=34;42:st=37;44:ex=01;32:*.tar=01;31:*.tgz=01;31:*.arc=01;31:*.arj=01;31:*.taz=01;31:*.lha=01;31:*.lz4=01;31:*.lzh=01;31:*.lzma=01;31:*.tlz=01;31:*.txz=01;31:*.tzo=01;31:*.t7z=01;31:*.zip=01;31:*.z=01;31:*.dz=01;31:*.gz=01;31:*.lrz=01;31:*.lz=01;31:*.lzo=01;31:*.xz=01;31:*.zst=01;31:*.tzst=01;31:*.bz2=01;31:*.bz=01;31:*.tbz=01;31:*.tbz2=01;31:*.tz=01;31:*.deb=01;31:*.rpm=01;31:*.jar=01;31:*.war=01;31:*.ear=01;31:*.sar=01;31:*.rar=01;31:*.alz=01;31:*.ace=01;31:*.zoo=01;31:*.cpio=01;31:*.7z=01;31:*.rz=01;31:*.cab=01;31:*.wim=01;31:*.swm=01;31:*.dwm=01;31:*.esd=01;31:*.jpg=01;35:*.jpeg=01;35:*.mjpg=01;35:*.mjpeg=01;35:*.gif=01;35:*.bmp=01;35:*.pbm=01;35:*.pgm=01;35:*.ppm=01;35:*.tga=01;35:*.xbm=01;35:*.xpm=01;35:*.tif=01;35:*.tiff=01;35:*.png=01;35:*.svg=01;35:*.svgz=01;35:*.mng=01;35:*.pcx=01;35:*.mov=01;35:*.mpg=01;35:*.mpeg=01;35:*.m2v=01;35:*.mkv=01;35:*.webm=01;35:*.ogm=01;35:*.mp4=01;35:*.m4v=01;35:*.mp4v=01;35:*.vob=01;35:*.qt=01;35:*.nuv=01;35:*.wmv=01;35:*.asf=01;35:*.rm=01;35:*.rmvb=01;35:*.flc=01;35:*.avi=01;35:*.fli=01;35:*.flv=01;35:*.gl=01;35:*.dl=01;35:*.xcf=01;35:*.xwd=01;35:*.yuv=01;35:*.cgm=01;35:*.emf=01;35:*.ogv=01;35:*.ogx=01;35:*.aac=00;36:*.au=00;36:*.flac=00;36:*.m4a=00;36:*.mid=00;36:*.midi=00;36:*.mka=00;36:*.mp3=00;36:*.mpc=00;36:*.ogg=00;36:*.ra=00;36:*.wav=00;36:*.oga=00;36:*.opus=00;36:*.spx=00;36:*.xspf=00;36:'), ('SSH_AUTH_SOCK', '/run/user/1000/keyring/ssh'), ('ROS_DOMAIN_ID', '4'), ('AMENT_PREFIX_PATH', '//home/nvidia/f1tenth_ws/install/f1tenth_stack://home/nvidia/f1tenth_ws/install/vesc://home/nvidia/f1tenth_ws/install/vesc_driver://home/nvidia/f1tenth_ws/install/vesc_ackermann://home/nvidia/f1tenth_ws/install/vesc_msgs://home/nvidia/f1tenth_ws/install/teleop_tools://home/nvidia/f1tenth_ws/install/joy_teleop://home/nvidia/f1tenth_ws/install/teleop_tools_msgs://home/nvidia/f1tenth_ws/install/phasespace://home/nvidia/f1tenth_ws/install/particle_filter://home/nvidia/f1tenth_ws/install/new_map_saver://home/nvidia/f1tenth_ws/install/mouse_teleop://home/nvidia/f1tenth_ws/install/mapping://home/nvidia/f1tenth_ws/install/key_teleop://home/nvidia/f1tenth_ws/install/ackermann_mux:/opt/ros/foxy'), ('SHELL', '/bin/bash'), ('TERMINATOR_UUID', 'urn:uuid:ffa84fa6-9ec7-420e-953e-e336d0726543'), ('QT_ACCESSIBILITY', '1'), ('GDMSESSION', 'ubuntu'), ('LESSCLOSE', '/usr/bin/lesspipe %s %s'), ('GPG_AGENT_INFO', '/run/user/1000/gnupg/S.gpg-agent:0:1'), ('QT_IM_MODULE', 'ibus'), ('PWD', '/home/nvidia/f1tenth_ws/build/vesc_msgs'), ('TURTLEBOT3_MODEL', 'waffle'), ('LC_ALL', 'en_US.UTF-8'), ('XDG_CONFIG_DIRS', '/etc/xdg/xdg-ubuntu:/etc/xdg'), ('XDG_DATA_DIRS', '/usr/share/ubuntu:/usr/local/share/:/usr/share/:/var/lib/snapd/desktop'), ('PYTHONPATH', '//home/nvidia/f1tenth_ws/install/f1tenth_stack/lib/python3.8/site-packages://home/nvidia/f1tenth_ws/install/vesc_msgs/lib/python3.8/site-packages://home/nvidia/f1tenth_ws/install/joy_teleop/lib/python3.8/site-packages://home/nvidia/f1tenth_ws/install/teleop_tools_msgs/lib/python3.8/site-packages://home/nvidia/f1tenth_ws/install/phasespace/lib/python3.8/site-packages://home/nvidia/f1tenth_ws/install/particle_filter/lib/python3.8/site-packages://home/nvidia/f1tenth_ws/install/new_map_saver/lib/python3.8/site-packages://home/nvidia/f1tenth_ws/install/mouse_teleop/lib/python3.8/site-packages://home/nvidia/f1tenth_ws/install/mapping/lib/python3.8/site-packages://home/nvidia/f1tenth_ws/install/key_teleop/lib/python3.8/site-packages:/opt/ros/foxy/lib/python3.8/site-packages'), ('COLCON', '1'), ('VTE_VERSION', '6003'), ('CMAKE_PREFIX_PATH', '//home/nvidia/f1tenth_ws/install/vesc://home/nvidia/f1tenth_ws/install/vesc_driver://home/nvidia/f1tenth_ws/install/vesc_ackermann://home/nvidia/f1tenth_ws/install/vesc_msgs://home/nvidia/f1tenth_ws/install/teleop_tools://home/nvidia/f1tenth_ws/install/teleop_tools_msgs://home/nvidia/f1tenth_ws/install/range_lib://home/nvidia/f1tenth_ws/install/ackermann_mux://home/nvidia/f1tenth_ws/install/f1tenth_stack://home/nvidia/f1tenth_ws/install/joy_teleop://home/nvidia/f1tenth_ws/install/phasespace://home/nvidia/f1tenth_ws/install/particle_filter://home/nvidia/f1tenth_ws/install/new_map_saver://home/nvidia/f1tenth_ws/install/mouse_teleop://home/nvidia/f1tenth_ws/install/mapping://home/nvidia/f1tenth_ws/install/key_teleop:/opt/ros/foxy')]), 'shell': False}
[0.403813] (-) TimerEvent: {}
[0.417470] (teleop_tools_msgs) JobProgress: {'identifier': 'teleop_tools_msgs', 'progress': 'cmake'}
[0.422466] (teleop_tools_msgs) JobProgress: {'identifier': 'teleop_tools_msgs', 'progress': 'build'}
[0.424096] (teleop_tools_msgs) Command: {'cmd': ['/usr/bin/cmake', '--build', '/home/nvidia/f1tenth_ws/build/teleop_tools_msgs', '--', '-j6', '-l6'], 'cwd': '/home/nvidia/f1tenth_ws/build/teleop_tools_msgs', 'env': OrderedDict([('LESSOPEN', '| /usr/bin/lesspipe %s'), ('USER', 'nvidia'), ('SSH_AGENT_PID', '3834'), ('XDG_SESSION_TYPE', 'x11'), ('SHLVL', '1'), ('LD_LIBRARY_PATH', '//home/nvidia/f1tenth_ws/install/vesc_driver/lib://home/nvidia/f1tenth_ws/install/vesc_ackermann/lib://home/nvidia/f1tenth_ws/install/vesc_msgs/lib://home/nvidia/f1tenth_ws/install/teleop_tools_msgs/lib:/usr/lib/aarch64-linux-gnu/gazebo-11/plugins:/opt/ros/foxy/opt/yaml_cpp_vendor/lib:/opt/ros/foxy/opt/rviz_ogre_vendor/lib:/opt/ros/foxy/lib/aarch64-linux-gnu:/opt/ros/foxy/lib:/usr/local/cuda-11.4/lib64:'), ('HOME', '/home/nvidia'), ('OLDPWD', '/home/nvidia/f1tenth_ws/src/f1tenth_controllers'), ('DESKTOP_SESSION', 'ubuntu'), ('ROS_PYTHON_VERSION', '3'), ('GNOME_SHELL_SESSION_MODE', 'ubuntu'), ('GTK_MODULES', 'gail:atk-bridge'), ('MANAGERPID', '3734'), ('DBUS_SESSION_BUS_ADDRESS', 'unix:path=/run/user/1000/bus'), ('COLORTERM', 'truecolor'), ('TERMINATOR_DBUS_NAME', 'net.tenshu.Terminator23558193cd9818af7fe4d2c2f5bd9d00f'), ('GIO_LAUNCHED_DESKTOP_FILE_PID', '6532'), ('IM_CONFIG_PHASE', '1'), ('COLCON_PREFIX_PATH', '//home/nvidia/f1tenth_ws/install'), ('ROS_DISTRO', 'foxy'), ('LOGNAME', 'nvidia'), ('JOURNAL_STREAM', '8:68012'), ('_', '/usr/bin/colcon'), ('ROS_VERSION', '2'), ('XDG_SESSION_CLASS', 'user'), ('USERNAME', 'nvidia'), ('TERM', 'xterm-256color'), ('GAZEBO_MODEL_PATH', ':/opt/ros/foxy/share/turtlebot3_gazebo/models'), ('GNOME_DESKTOP_SESSION_ID', 'this-is-deprecated'), ('ROS_LOCALHOST_ONLY', '0'), ('WINDOWPATH', '2'), ('PATH', '//home/nvidia/f1tenth_ws/install/range_lib/bin:/opt/ros/foxy/bin:/usr/local/cuda-11.4/bin:/home/nvidia/.local/bin:/usr/local/sbin:/usr/local/bin:/usr/sbin:/usr/bin:/sbin:/bin:/usr/games:/usr/local/games:/snap/bin'), ('SESSION_MANAGER', 'local/ubuntu:@/tmp/.ICE-unix/3871,unix/ubuntu:/tmp/.ICE-unix/3871'), ('INVOCATION_ID', '3ef7397d0ea34bca9ca2a0d82e935ac2'), ('XDG_MENU_PREFIX', 'gnome-'), ('XDG_RUNTIME_DIR', '/run/user/1000'), ('DISPLAY', ':1'), ('TERMINATOR_DBUS_PATH', '/net/tenshu/Terminator2'), ('LANG', 'en_US.UTF-8'), ('XDG_CURRENT_DESKTOP', 'ubuntu:GNOME'), ('XMODIFIERS', '@im=ibus'), ('XDG_SESSION_DESKTOP', 'ubuntu'), ('XAUTHORITY', '/run/user/1000/gdm/Xauthority'), ('LS_COLORS', 'rs=0:di=01;34:ln=01;36:mh=00:pi=40;33:so=01;35:do=01;35:bd=40;33;01:cd=40;33;01:or=40;31;01:mi=00:su=37;41:sg=30;43:ca=30;41:tw=30;42:ow=34;42:st=37;44:ex=01;32:*.tar=01;31:*.tgz=01;31:*.arc=01;31:*.arj=01;31:*.taz=01;31:*.lha=01;31:*.lz4=01;31:*.lzh=01;31:*.lzma=01;31:*.tlz=01;31:*.txz=01;31:*.tzo=01;31:*.t7z=01;31:*.zip=01;31:*.z=01;31:*.dz=01;31:*.gz=01;31:*.lrz=01;31:*.lz=01;31:*.lzo=01;31:*.xz=01;31:*.zst=01;31:*.tzst=01;31:*.bz2=01;31:*.bz=01;31:*.tbz=01;31:*.tbz2=01;31:*.tz=01;31:*.deb=01;31:*.rpm=01;31:*.jar=01;31:*.war=01;31:*.ear=01;31:*.sar=01;31:*.rar=01;31:*.alz=01;31:*.ace=01;31:*.zoo=01;31:*.cpio=01;31:*.7z=01;31:*.rz=01;31:*.cab=01;31:*.wim=01;31:*.swm=01;31:*.dwm=01;31:*.esd=01;31:*.jpg=01;35:*.jpeg=01;35:*.mjpg=01;35:*.mjpeg=01;35:*.gif=01;35:*.bmp=01;35:*.pbm=01;35:*.pgm=01;35:*.ppm=01;35:*.tga=01;35:*.xbm=01;35:*.xpm=01;35:*.tif=01;35:*.tiff=01;35:*.png=01;35:*.svg=01;35:*.svgz=01;35:*.mng=01;35:*.pcx=01;35:*.mov=01;35:*.mpg=01;35:*.mpeg=01;35:*.m2v=01;35:*.mkv=01;35:*.webm=01;35:*.ogm=01;35:*.mp4=01;35:*.m4v=01;35:*.mp4v=01;35:*.vob=01;35:*.qt=01;35:*.nuv=01;35:*.wmv=01;35:*.asf=01;35:*.rm=01;35:*.rmvb=01;35:*.flc=01;35:*.avi=01;35:*.fli=01;35:*.flv=01;35:*.gl=01;35:*.dl=01;35:*.xcf=01;35:*.xwd=01;35:*.yuv=01;35:*.cgm=01;35:*.emf=01;35:*.ogv=01;35:*.ogx=01;35:*.aac=00;36:*.au=00;36:*.flac=00;36:*.m4a=00;36:*.mid=00;36:*.midi=00;36:*.mka=00;36:*.mp3=00;36:*.mpc=00;36:*.ogg=00;36:*.ra=00;36:*.wav=00;36:*.oga=00;36:*.opus=00;36:*.spx=00;36:*.xspf=00;36:'), ('SSH_AUTH_SOCK', '/run/user/1000/keyring/ssh'), ('ROS_DOMAIN_ID', '4'), ('AMENT_PREFIX_PATH', '//home/nvidia/f1tenth_ws/install/f1tenth_stack://home/nvidia/f1tenth_ws/install/vesc://home/nvidia/f1tenth_ws/install/vesc_driver://home/nvidia/f1tenth_ws/install/vesc_ackermann://home/nvidia/f1tenth_ws/install/vesc_msgs://home/nvidia/f1tenth_ws/install/teleop_tools://home/nvidia/f1tenth_ws/install/joy_teleop://home/nvidia/f1tenth_ws/install/teleop_tools_msgs://home/nvidia/f1tenth_ws/install/phasespace://home/nvidia/f1tenth_ws/install/particle_filter://home/nvidia/f1tenth_ws/install/new_map_saver://home/nvidia/f1tenth_ws/install/mouse_teleop://home/nvidia/f1tenth_ws/install/mapping://home/nvidia/f1tenth_ws/install/key_teleop://home/nvidia/f1tenth_ws/install/ackermann_mux:/opt/ros/foxy'), ('SHELL', '/bin/bash'), ('TERMINATOR_UUID', 'urn:uuid:ffa84fa6-9ec7-420e-953e-e336d0726543'), ('QT_ACCESSIBILITY', '1'), ('GDMSESSION', 'ubuntu'), ('LESSCLOSE', '/usr/bin/lesspipe %s %s'), ('GPG_AGENT_INFO', '/run/user/1000/gnupg/S.gpg-agent:0:1'), ('QT_IM_MODULE', 'ibus'), ('PWD', '/home/nvidia/f1tenth_ws/build/teleop_tools_msgs'), ('TURTLEBOT3_MODEL', 'waffle'), ('LC_ALL', 'en_US.UTF-8'), ('XDG_CONFIG_DIRS', '/etc/xdg/xdg-ubuntu:/etc/xdg'), ('XDG_DATA_DIRS', '/usr/share/ubuntu:/usr/local/share/:/usr/share/:/var/lib/snapd/desktop'), ('PYTHONPATH', '//home/nvidia/f1tenth_ws/install/f1tenth_stack/lib/python3.8/site-packages://home/nvidia/f1tenth_ws/install/vesc_msgs/lib/python3.8/site-packages://home/nvidia/f1tenth_ws/install/joy_teleop/lib/python3.8/site-packages://home/nvidia/f1tenth_ws/install/teleop_tools_msgs/lib/python3.8/site-packages://home/nvidia/f1tenth_ws/install/phasespace/lib/python3.8/site-packages://home/nvidia/f1tenth_ws/install/particle_filter/lib/python3.8/site-packages://home/nvidia/f1tenth_ws/install/new_map_saver/lib/python3.8/site-packages://home/nvidia/f1tenth_ws/install/mouse_teleop/lib/python3.8/site-packages://home/nvidia/f1tenth_ws/install/mapping/lib/python3.8/site-packages://home/nvidia/f1tenth_ws/install/key_teleop/lib/python3.8/site-packages:/opt/ros/foxy/lib/python3.8/site-packages'), ('COLCON', '1'), ('VTE_VERSION', '6003'), ('CMAKE_PREFIX_PATH', '//home/nvidia/f1tenth_ws/install/vesc://home/nvidia/f1tenth_ws/install/vesc_driver://home/nvidia/f1tenth_ws/install/vesc_ackermann://home/nvidia/f1tenth_ws/install/vesc_msgs://home/nvidia/f1tenth_ws/install/teleop_tools://home/nvidia/f1tenth_ws/install/teleop_tools_msgs://home/nvidia/f1tenth_ws/install/range_lib://home/nvidia/f1tenth_ws/install/ackermann_mux://home/nvidia/f1tenth_ws/install/f1tenth_stack://home/nvidia/f1tenth_ws/install/joy_teleop://home/nvidia/f1tenth_ws/install/phasespace://home/nvidia/f1tenth_ws/install/particle_filter://home/nvidia/f1tenth_ws/install/new_map_saver://home/nvidia/f1tenth_ws/install/mouse_teleop://home/nvidia/f1tenth_ws/install/mapping://home/nvidia/f1tenth_ws/install/key_teleop:/opt/ros/foxy')]), 'shell': False}
[0.450318] (ackermann_mux) JobProgress: {'identifier': 'ackermann_mux', 'progress': 'cmake'}
[0.455574] (ackermann_mux) JobProgress: {'identifier': 'ackermann_mux', 'progress': 'build'}
[0.458947] (ackermann_mux) Command: {'cmd': ['/usr/bin/cmake', '--build', '/home/nvidia/f1tenth_ws/build/ackermann_mux', '--', '-j6', '-l6'], 'cwd': '/home/nvidia/f1tenth_ws/build/ackermann_mux', 'env': OrderedDict([('LESSOPEN', '| /usr/bin/lesspipe %s'), ('USER', 'nvidia'), ('SSH_AGENT_PID', '3834'), ('XDG_SESSION_TYPE', 'x11'), ('SHLVL', '1'), ('LD_LIBRARY_PATH', '//home/nvidia/f1tenth_ws/install/vesc_driver/lib://home/nvidia/f1tenth_ws/install/vesc_ackermann/lib://home/nvidia/f1tenth_ws/install/vesc_msgs/lib://home/nvidia/f1tenth_ws/install/teleop_tools_msgs/lib:/usr/lib/aarch64-linux-gnu/gazebo-11/plugins:/opt/ros/foxy/opt/yaml_cpp_vendor/lib:/opt/ros/foxy/opt/rviz_ogre_vendor/lib:/opt/ros/foxy/lib/aarch64-linux-gnu:/opt/ros/foxy/lib:/usr/local/cuda-11.4/lib64:'), ('HOME', '/home/nvidia'), ('OLDPWD', '/home/nvidia/f1tenth_ws/src/f1tenth_controllers'), ('DESKTOP_SESSION', 'ubuntu'), ('ROS_PYTHON_VERSION', '3'), ('GNOME_SHELL_SESSION_MODE', 'ubuntu'), ('GTK_MODULES', 'gail:atk-bridge'), ('MANAGERPID', '3734'), ('DBUS_SESSION_BUS_ADDRESS', 'unix:path=/run/user/1000/bus'), ('COLORTERM', 'truecolor'), ('TERMINATOR_DBUS_NAME', 'net.tenshu.Terminator23558193cd9818af7fe4d2c2f5bd9d00f'), ('GIO_LAUNCHED_DESKTOP_FILE_PID', '6532'), ('IM_CONFIG_PHASE', '1'), ('COLCON_PREFIX_PATH', '//home/nvidia/f1tenth_ws/install'), ('ROS_DISTRO', 'foxy'), ('LOGNAME', 'nvidia'), ('JOURNAL_STREAM', '8:68012'), ('_', '/usr/bin/colcon'), ('ROS_VERSION', '2'), ('XDG_SESSION_CLASS', 'user'), ('USERNAME', 'nvidia'), ('TERM', 'xterm-256color'), ('GAZEBO_MODEL_PATH', ':/opt/ros/foxy/share/turtlebot3_gazebo/models'), ('GNOME_DESKTOP_SESSION_ID', 'this-is-deprecated'), ('ROS_LOCALHOST_ONLY', '0'), ('WINDOWPATH', '2'), ('PATH', '//home/nvidia/f1tenth_ws/install/range_lib/bin:/opt/ros/foxy/bin:/usr/local/cuda-11.4/bin:/home/nvidia/.local/bin:/usr/local/sbin:/usr/local/bin:/usr/sbin:/usr/bin:/sbin:/bin:/usr/games:/usr/local/games:/snap/bin'), ('SESSION_MANAGER', 'local/ubuntu:@/tmp/.ICE-unix/3871,unix/ubuntu:/tmp/.ICE-unix/3871'), ('INVOCATION_ID', '3ef7397d0ea34bca9ca2a0d82e935ac2'), ('XDG_MENU_PREFIX', 'gnome-'), ('XDG_RUNTIME_DIR', '/run/user/1000'), ('DISPLAY', ':1'), ('TERMINATOR_DBUS_PATH', '/net/tenshu/Terminator2'), ('LANG', 'en_US.UTF-8'), ('XDG_CURRENT_DESKTOP', 'ubuntu:GNOME'), ('XMODIFIERS', '@im=ibus'), ('XDG_SESSION_DESKTOP', 'ubuntu'), ('XAUTHORITY', '/run/user/1000/gdm/Xauthority'), ('LS_COLORS', 'rs=0:di=01;34:ln=01;36:mh=00:pi=40;33:so=01;35:do=01;35:bd=40;33;01:cd=40;33;01:or=40;31;01:mi=00:su=37;41:sg=30;43:ca=30;41:tw=30;42:ow=34;42:st=37;44:ex=01;32:*.tar=01;31:*.tgz=01;31:*.arc=01;31:*.arj=01;31:*.taz=01;31:*.lha=01;31:*.lz4=01;31:*.lzh=01;31:*.lzma=01;31:*.tlz=01;31:*.txz=01;31:*.tzo=01;31:*.t7z=01;31:*.zip=01;31:*.z=01;31:*.dz=01;31:*.gz=01;31:*.lrz=01;31:*.lz=01;31:*.lzo=01;31:*.xz=01;31:*.zst=01;31:*.tzst=01;31:*.bz2=01;31:*.bz=01;31:*.tbz=01;31:*.tbz2=01;31:*.tz=01;31:*.deb=01;31:*.rpm=01;31:*.jar=01;31:*.war=01;31:*.ear=01;31:*.sar=01;31:*.rar=01;31:*.alz=01;31:*.ace=01;31:*.zoo=01;31:*.cpio=01;31:*.7z=01;31:*.rz=01;31:*.cab=01;31:*.wim=01;31:*.swm=01;31:*.dwm=01;31:*.esd=01;31:*.jpg=01;35:*.jpeg=01;35:*.mjpg=01;35:*.mjpeg=01;35:*.gif=01;35:*.bmp=01;35:*.pbm=01;35:*.pgm=01;35:*.ppm=01;35:*.tga=01;35:*.xbm=01;35:*.xpm=01;35:*.tif=01;35:*.tiff=01;35:*.png=01;35:*.svg=01;35:*.svgz=01;35:*.mng=01;35:*.pcx=01;35:*.mov=01;35:*.mpg=01;35:*.mpeg=01;35:*.m2v=01;35:*.mkv=01;35:*.webm=01;35:*.ogm=01;35:*.mp4=01;35:*.m4v=01;35:*.mp4v=01;35:*.vob=01;35:*.qt=01;35:*.nuv=01;35:*.wmv=01;35:*.asf=01;35:*.rm=01;35:*.rmvb=01;35:*.flc=01;35:*.avi=01;35:*.fli=01;35:*.flv=01;35:*.gl=01;35:*.dl=01;35:*.xcf=01;35:*.xwd=01;35:*.yuv=01;35:*.cgm=01;35:*.emf=01;35:*.ogv=01;35:*.ogx=01;35:*.aac=00;36:*.au=00;36:*.flac=00;36:*.m4a=00;36:*.mid=00;36:*.midi=00;36:*.mka=00;36:*.mp3=00;36:*.mpc=00;36:*.ogg=00;36:*.ra=00;36:*.wav=00;36:*.oga=00;36:*.opus=00;36:*.spx=00;36:*.xspf=00;36:'), ('SSH_AUTH_SOCK', '/run/user/1000/keyring/ssh'), ('ROS_DOMAIN_ID', '4'), ('AMENT_PREFIX_PATH', '//home/nvidia/f1tenth_ws/install/f1tenth_stack://home/nvidia/f1tenth_ws/install/vesc://home/nvidia/f1tenth_ws/install/vesc_driver://home/nvidia/f1tenth_ws/install/vesc_ackermann://home/nvidia/f1tenth_ws/install/vesc_msgs://home/nvidia/f1tenth_ws/install/teleop_tools://home/nvidia/f1tenth_ws/install/joy_teleop://home/nvidia/f1tenth_ws/install/teleop_tools_msgs://home/nvidia/f1tenth_ws/install/phasespace://home/nvidia/f1tenth_ws/install/particle_filter://home/nvidia/f1tenth_ws/install/new_map_saver://home/nvidia/f1tenth_ws/install/mouse_teleop://home/nvidia/f1tenth_ws/install/mapping://home/nvidia/f1tenth_ws/install/key_teleop://home/nvidia/f1tenth_ws/install/ackermann_mux:/opt/ros/foxy'), ('SHELL', '/bin/bash'), ('TERMINATOR_UUID', 'urn:uuid:ffa84fa6-9ec7-420e-953e-e336d0726543'), ('QT_ACCESSIBILITY', '1'), ('GDMSESSION', 'ubuntu'), ('LESSCLOSE', '/usr/bin/lesspipe %s %s'), ('GPG_AGENT_INFO', '/run/user/1000/gnupg/S.gpg-agent:0:1'), ('QT_IM_MODULE', 'ibus'), ('PWD', '/home/nvidia/f1tenth_ws/build/ackermann_mux'), ('TURTLEBOT3_MODEL', 'waffle'), ('LC_ALL', 'en_US.UTF-8'), ('XDG_CONFIG_DIRS', '/etc/xdg/xdg-ubuntu:/etc/xdg'), ('XDG_DATA_DIRS', '/usr/share/ubuntu:/usr/local/share/:/usr/share/:/var/lib/snapd/desktop'), ('PYTHONPATH', '//home/nvidia/f1tenth_ws/install/f1tenth_stack/lib/python3.8/site-packages://home/nvidia/f1tenth_ws/install/vesc_msgs/lib/python3.8/site-packages://home/nvidia/f1tenth_ws/install/joy_teleop/lib/python3.8/site-packages://home/nvidia/f1tenth_ws/install/teleop_tools_msgs/lib/python3.8/site-packages://home/nvidia/f1tenth_ws/install/phasespace/lib/python3.8/site-packages://home/nvidia/f1tenth_ws/install/particle_filter/lib/python3.8/site-packages://home/nvidia/f1tenth_ws/install/new_map_saver/lib/python3.8/site-packages://home/nvidia/f1tenth_ws/install/mouse_teleop/lib/python3.8/site-packages://home/nvidia/f1tenth_ws/install/mapping/lib/python3.8/site-packages://home/nvidia/f1tenth_ws/install/key_teleop/lib/python3.8/site-packages:/opt/ros/foxy/lib/python3.8/site-packages'), ('COLCON', '1'), ('VTE_VERSION', '6003'), ('CMAKE_PREFIX_PATH', '//home/nvidia/f1tenth_ws/install/vesc://home/nvidia/f1tenth_ws/install/vesc_driver://home/nvidia/f1tenth_ws/install/vesc_ackermann://home/nvidia/f1tenth_ws/install/vesc_msgs://home/nvidia/f1tenth_ws/install/teleop_tools://home/nvidia/f1tenth_ws/install/teleop_tools_msgs://home/nvidia/f1tenth_ws/install/range_lib://home/nvidia/f1tenth_ws/install/ackermann_mux://home/nvidia/f1tenth_ws/install/f1tenth_stack://home/nvidia/f1tenth_ws/install/joy_teleop://home/nvidia/f1tenth_ws/install/phasespace://home/nvidia/f1tenth_ws/install/particle_filter://home/nvidia/f1tenth_ws/install/new_map_saver://home/nvidia/f1tenth_ws/install/mouse_teleop://home/nvidia/f1tenth_ws/install/mapping://home/nvidia/f1tenth_ws/install/key_teleop:/opt/ros/foxy')]), 'shell': False}
[0.504500] (-) TimerEvent: {}
[0.608446] (-) TimerEvent: {}
[0.710440] (-) TimerEvent: {}
[0.811929] (-) TimerEvent: {}
[0.914435] (-) TimerEvent: {}
[1.015650] (-) TimerEvent: {}
[1.116977] (-) TimerEvent: {}
[1.219381] (-) TimerEvent: {}
[1.320819] (-) TimerEvent: {}
[1.422203] (-) TimerEvent: {}
[1.523581] (-) TimerEvent: {}
[1.624986] (-) TimerEvent: {}
[1.726725] (-) TimerEvent: {}
[1.829408] (-) TimerEvent: {}
[1.930975] (-) TimerEvent: {}
[2.032267] (-) TimerEvent: {}
[2.135609] (-) TimerEvent: {}
[2.239616] (-) TimerEvent: {}
[2.343489] (-) TimerEvent: {}
[2.444652] (-) TimerEvent: {}
[2.545971] (-) TimerEvent: {}
[2.647172] (-) TimerEvent: {}
[2.748368] (-) TimerEvent: {}
[2.849584] (-) TimerEvent: {}
[2.950973] (-) TimerEvent: {}
[3.052252] (-) TimerEvent: {}
[3.153490] (-) TimerEvent: {}
[3.254966] (-) TimerEvent: {}
[3.356251] (-) TimerEvent: {}
[3.457656] (-) TimerEvent: {}
[3.559824] (-) TimerEvent: {}
[3.664148] (-) TimerEvent: {}
[3.768725] (-) TimerEvent: {}
[3.869872] (-) TimerEvent: {}
[3.970941] (-) TimerEvent: {}
[4.072037] (-) TimerEvent: {}
[4.173132] (-) TimerEvent: {}
[4.274288] (-) TimerEvent: {}
[4.375462] (-) TimerEvent: {}
[4.476600] (-) TimerEvent: {}
[4.577767] (-) TimerEvent: {}
[4.678842] (-) TimerEvent: {}
[4.779960] (-) TimerEvent: {}
[4.881076] (-) TimerEvent: {}
[4.982883] (-) TimerEvent: {}
[5.085281] (-) TimerEvent: {}
[5.187032] (-) TimerEvent: {}
[5.231433] (vesc_msgs) StdoutLine: {'line': b'[  1%] Built target vesc_msgs__cpp\n'}
[5.234288] (vesc_msgs) StdoutLine: {'line': b'[ 12%] Built target vesc_msgs__rosidl_generator_c\n'}
[5.234942] (vesc_msgs) StdoutLine: {'line': b'[ 23%] Built target vesc_msgs__rosidl_typesupport_cpp\n'}
[5.235508] (vesc_msgs) StdoutLine: {'line': b'[ 34%] Built target vesc_msgs__rosidl_typesupport_c\n'}
[5.235960] (vesc_msgs) StdoutLine: {'line': b'[ 45%] Built target vesc_msgs__rosidl_typesupport_fastrtps_cpp\n'}
[5.236418] (vesc_msgs) StdoutLine: {'line': b'[ 56%] Built target vesc_msgs__rosidl_typesupport_introspection_cpp\n'}
[5.236910] (vesc_msgs) StdoutLine: {'line': b'[ 67%] Built target vesc_msgs__rosidl_typesupport_introspection_c\n'}
[5.237428] (vesc_msgs) StdoutLine: {'line': b'[ 78%] Built target vesc_msgs__rosidl_typesupport_fastrtps_c\n'}
[5.238267] (vesc_msgs) StdoutLine: {'line': b'[ 78%] Built target vesc_msgs\n'}
[5.239119] (vesc_msgs) StdoutLine: {'line': b'[ 80%] Built target vesc_msgs__py\n'}
[5.239642] (vesc_msgs) StdoutLine: {'line': b'\x1b[35m\x1b[1mScanning dependencies of target vesc_msgs__python\x1b[0m\n'}
[5.240088] (vesc_msgs) StdoutLine: {'line': b'[ 81%] \x1b[32mBuilding C object CMakeFiles/vesc_msgs__python.dir/rosidl_generator_py/vesc_msgs/msg/_vesc_state_s.c.o\x1b[0m\n'}
[5.240484] (vesc_msgs) StdoutLine: {'line': b'[ 83%] \x1b[32mBuilding C object CMakeFiles/vesc_msgs__python.dir/rosidl_generator_py/vesc_msgs/msg/_vesc_state_stamped_s.c.o\x1b[0m\n'}
[5.240884] (vesc_msgs) StdoutLine: {'line': b'[ 85%] \x1b[32mBuilding C object CMakeFiles/vesc_msgs__python.dir/rosidl_generator_py/vesc_msgs/msg/_vesc_imu_s.c.o\x1b[0m\n'}
[5.241291] (vesc_msgs) StdoutLine: {'line': b'[ 87%] \x1b[32mBuilding C object CMakeFiles/vesc_msgs__python.dir/rosidl_generator_py/vesc_msgs/msg/_vesc_imu_stamped_s.c.o\x1b[0m\n'}
[5.242075] (vesc_msgs) StdoutLine: {'line': b'[ 89%] \x1b[32m\x1b[1mLinking C shared library rosidl_generator_py/vesc_msgs/libvesc_msgs__python.so\x1b[0m\n'}
[5.246060] (vesc_msgs) StdoutLine: {'line': b'[ 89%] Built target vesc_msgs__python\n'}
[5.246523] (vesc_msgs) StdoutLine: {'line': b'\x1b[35m\x1b[1mScanning dependencies of target vesc_msgs__rosidl_typesupport_fastrtps_c__pyext\x1b[0m\n'}
[5.246972] (vesc_msgs) StdoutLine: {'line': b'\x1b[35m\x1b[1mScanning dependencies of target vesc_msgs__rosidl_typesupport_c__pyext\x1b[0m\n'}
[5.247416] (vesc_msgs) StdoutLine: {'line': b'\x1b[35m\x1b[1mScanning dependencies of target vesc_msgs__rosidl_typesupport_introspection_c__pyext\x1b[0m\n'}
[5.247797] (vesc_msgs) StdoutLine: {'line': b'[ 90%] \x1b[32mBuilding C object CMakeFiles/vesc_msgs__rosidl_typesupport_c__pyext.dir/rosidl_generator_py/vesc_msgs/_vesc_msgs_s.ep.rosidl_typesupport_c.c.o\x1b[0m\n'}
[5.248247] (vesc_msgs) StdoutLine: {'line': b'[ 92%] \x1b[32mBuilding C object CMakeFiles/vesc_msgs__rosidl_typesupport_introspection_c__pyext.dir/rosidl_generator_py/vesc_msgs/_vesc_msgs_s.ep.rosidl_typesupport_introspection_c.c.o\x1b[0m\n'}
[5.248677] (vesc_msgs) StdoutLine: {'line': b'[ 94%] \x1b[32mBuilding C object CMakeFiles/vesc_msgs__rosidl_typesupport_fastrtps_c__pyext.dir/rosidl_generator_py/vesc_msgs/_vesc_msgs_s.ep.rosidl_typesupport_fastrtps_c.c.o\x1b[0m\n'}
[5.249197] (vesc_msgs) StdoutLine: {'line': b'[ 96%] \x1b[32m\x1b[1mLinking CXX shared library rosidl_generator_py/vesc_msgs/vesc_msgs_s__rosidl_typesupport_fastrtps_c.cpython-38-aarch64-linux-gnu.so\x1b[0m\n'}
[5.249566] (vesc_msgs) StdoutLine: {'line': b'[ 98%] \x1b[32m\x1b[1mLinking C shared library rosidl_generator_py/vesc_msgs/vesc_msgs_s__rosidl_typesupport_introspection_c.cpython-38-aarch64-linux-gnu.so\x1b[0m\n'}
[5.250327] (vesc_msgs) StdoutLine: {'line': b'[100%] \x1b[32m\x1b[1mLinking C shared library rosidl_generator_py/vesc_msgs/vesc_msgs_s__rosidl_typesupport_c.cpython-38-aarch64-linux-gnu.so\x1b[0m\n'}
[5.256367] (vesc_msgs) StdoutLine: {'line': b'[100%] Built target vesc_msgs__rosidl_typesupport_c__pyext\n'}
[5.259260] (vesc_msgs) StdoutLine: {'line': b'[100%] Built target vesc_msgs__rosidl_typesupport_introspection_c__pyext\n'}
[5.261248] (vesc_msgs) StdoutLine: {'line': b'[100%] Built target vesc_msgs__rosidl_typesupport_fastrtps_c__pyext\n'}
[5.263187] (teleop_tools_msgs) StdoutLine: {'line': b'[  3%] Built target teleop_tools_msgs__cpp\n'}
[5.265992] (teleop_tools_msgs) StdoutLine: {'line': b'[ 12%] Built target teleop_tools_msgs__rosidl_generator_c\n'}
[5.268428] (teleop_tools_msgs) StdoutLine: {'line': b'[ 22%] Built target teleop_tools_msgs__rosidl_typesupport_introspection_cpp\n'}
[5.269086] (teleop_tools_msgs) StdoutLine: {'line': b'[ 32%] Built target teleop_tools_msgs__rosidl_typesupport_introspection_c\n'}
[5.269941] (teleop_tools_msgs) StdoutLine: {'line': b'[ 41%] Built target teleop_tools_msgs__rosidl_typesupport_cpp\n'}
[5.272112] (teleop_tools_msgs) StdoutLine: {'line': b'[ 51%] Built target teleop_tools_msgs__rosidl_typesupport_fastrtps_cpp\n'}
[5.280610] (teleop_tools_msgs) StdoutLine: {'line': b'[ 61%] Built target teleop_tools_msgs__rosidl_typesupport_c\n'}
[5.281980] (teleop_tools_msgs) StdoutLine: {'line': b'[ 70%] Built target teleop_tools_msgs__rosidl_typesupport_fastrtps_c\n'}
[5.282522] (teleop_tools_msgs) StdoutLine: {'line': b'[ 70%] Built target teleop_tools_msgs\n'}
[5.283073] (teleop_tools_msgs) StdoutLine: {'line': b'[ 74%] Built target teleop_tools_msgs__py\n'}
[5.286097] (teleop_tools_msgs) StdoutLine: {'line': b'\x1b[35m\x1b[1mScanning dependencies of target teleop_tools_msgs__python\x1b[0m\n'}
[5.288350] (-) TimerEvent: {}
[5.290092] (teleop_tools_msgs) StdoutLine: {'line': b'[ 77%] \x1b[32mBuilding C object CMakeFiles/teleop_tools_msgs__python.dir/rosidl_generator_py/teleop_tools_msgs/action/_increment_s.c.o\x1b[0m\n'}
[5.294216] (teleop_tools_msgs) StdoutLine: {'line': b'[ 80%] \x1b[32m\x1b[1mLinking C shared library rosidl_generator_py/teleop_tools_msgs/libteleop_tools_msgs__python.so\x1b[0m\n'}
[5.303015] (teleop_tools_msgs) StdoutLine: {'line': b'[ 80%] Built target teleop_tools_msgs__python\n'}
[5.307000] (teleop_tools_msgs) StdoutLine: {'line': b'\x1b[35m\x1b[1mScanning dependencies of target teleop_tools_msgs__rosidl_typesupport_c__pyext\x1b[0m\n'}
[5.307909] (teleop_tools_msgs) StdoutLine: {'line': b'\x1b[35m\x1b[1mScanning dependencies of target teleop_tools_msgs__rosidl_typesupport_introspection_c__pyext\x1b[0m\n'}
[5.310856] (teleop_tools_msgs) StdoutLine: {'line': b'\x1b[35m\x1b[1mScanning dependencies of target teleop_tools_msgs__rosidl_typesupport_fastrtps_c__pyext\x1b[0m\n'}
[5.311655] (teleop_tools_msgs) StdoutLine: {'line': b'[ 83%] \x1b[32mBuilding C object CMakeFiles/teleop_tools_msgs__rosidl_typesupport_c__pyext.dir/rosidl_generator_py/teleop_tools_msgs/_teleop_tools_msgs_s.ep.rosidl_typesupport_c.c.o\x1b[0m\n'}
[5.312566] (teleop_tools_msgs) StdoutLine: {'line': b'[ 87%] \x1b[32mBuilding C object CMakeFiles/teleop_tools_msgs__rosidl_typesupport_introspection_c__pyext.dir/rosidl_generator_py/teleop_tools_msgs/_teleop_tools_msgs_s.ep.rosidl_typesupport_introspection_c.c.o\x1b[0m\n'}
[5.313127] (teleop_tools_msgs) StdoutLine: {'line': b'[ 90%] \x1b[32mBuilding C object CMakeFiles/teleop_tools_msgs__rosidl_typesupport_fastrtps_c__pyext.dir/rosidl_generator_py/teleop_tools_msgs/_teleop_tools_msgs_s.ep.rosidl_typesupport_fastrtps_c.c.o\x1b[0m\n'}
[5.317437] (teleop_tools_msgs) StdoutLine: {'line': b'[ 93%] \x1b[32m\x1b[1mLinking C shared library rosidl_generator_py/teleop_tools_msgs/teleop_tools_msgs_s__rosidl_typesupport_c.cpython-38-aarch64-linux-gnu.so\x1b[0m\n'}
[5.327703] (teleop_tools_msgs) StdoutLine: {'line': b'[ 96%] \x1b[32m\x1b[1mLinking C shared library rosidl_generator_py/teleop_tools_msgs/teleop_tools_msgs_s__rosidl_typesupport_introspection_c.cpython-38-aarch64-linux-gnu.so\x1b[0m\n'}
[5.328508] (teleop_tools_msgs) StdoutLine: {'line': b'[100%] \x1b[32m\x1b[1mLinking CXX shared library rosidl_generator_py/teleop_tools_msgs/teleop_tools_msgs_s__rosidl_typesupport_fastrtps_c.cpython-38-aarch64-linux-gnu.so\x1b[0m\n'}
[5.329028] (teleop_tools_msgs) StdoutLine: {'line': b'[100%] Built target teleop_tools_msgs__rosidl_typesupport_c__pyext\n'}
[5.329447] (teleop_tools_msgs) StdoutLine: {'line': b'[100%] Built target teleop_tools_msgs__rosidl_typesupport_introspection_c__pyext\n'}
[5.330120] (ackermann_mux) StdoutLine: {'line': b'[100%] Built target ackermann_mux\n'}
[5.335698] (ackermann_mux) CommandEnded: {'returncode': 0}
[5.393215] (-) TimerEvent: {}
[5.411988] (teleop_tools_msgs) StdoutLine: {'line': b'[100%] Built target teleop_tools_msgs__rosidl_typesupport_fastrtps_c__pyext\n'}
[5.416463] (vesc_msgs) CommandEnded: {'returncode': 0}
[5.493957] (-) TimerEvent: {}
[5.513946] (teleop_tools_msgs) CommandEnded: {'returncode': 0}
[5.532424] (ackermann_mux) JobProgress: {'identifier': 'ackermann_mux', 'progress': 'install'}
[5.594708] (-) TimerEvent: {}
[5.632403] (ackermann_mux) Command: {'cmd': ['/usr/bin/cmake', '--install', '/home/nvidia/f1tenth_ws/build/ackermann_mux'], 'cwd': '/home/nvidia/f1tenth_ws/build/ackermann_mux', 'env': OrderedDict([('LESSOPEN', '| /usr/bin/lesspipe %s'), ('USER', 'nvidia'), ('SSH_AGENT_PID', '3834'), ('XDG_SESSION_TYPE', 'x11'), ('SHLVL', '1'), ('LD_LIBRARY_PATH', '//home/nvidia/f1tenth_ws/install/vesc_driver/lib://home/nvidia/f1tenth_ws/install/vesc_ackermann/lib://home/nvidia/f1tenth_ws/install/vesc_msgs/lib://home/nvidia/f1tenth_ws/install/teleop_tools_msgs/lib:/usr/lib/aarch64-linux-gnu/gazebo-11/plugins:/opt/ros/foxy/opt/yaml_cpp_vendor/lib:/opt/ros/foxy/opt/rviz_ogre_vendor/lib:/opt/ros/foxy/lib/aarch64-linux-gnu:/opt/ros/foxy/lib:/usr/local/cuda-11.4/lib64:'), ('HOME', '/home/nvidia'), ('OLDPWD', '/home/nvidia/f1tenth_ws/src/f1tenth_controllers'), ('DESKTOP_SESSION', 'ubuntu'), ('ROS_PYTHON_VERSION', '3'), ('GNOME_SHELL_SESSION_MODE', 'ubuntu'), ('GTK_MODULES', 'gail:atk-bridge'), ('MANAGERPID', '3734'), ('DBUS_SESSION_BUS_ADDRESS', 'unix:path=/run/user/1000/bus'), ('COLORTERM', 'truecolor'), ('TERMINATOR_DBUS_NAME', 'net.tenshu.Terminator23558193cd9818af7fe4d2c2f5bd9d00f'), ('GIO_LAUNCHED_DESKTOP_FILE_PID', '6532'), ('IM_CONFIG_PHASE', '1'), ('COLCON_PREFIX_PATH', '//home/nvidia/f1tenth_ws/install'), ('ROS_DISTRO', 'foxy'), ('LOGNAME', 'nvidia'), ('JOURNAL_STREAM', '8:68012'), ('_', '/usr/bin/colcon'), ('ROS_VERSION', '2'), ('XDG_SESSION_CLASS', 'user'), ('USERNAME', 'nvidia'), ('TERM', 'xterm-256color'), ('GAZEBO_MODEL_PATH', ':/opt/ros/foxy/share/turtlebot3_gazebo/models'), ('GNOME_DESKTOP_SESSION_ID', 'this-is-deprecated'), ('ROS_LOCALHOST_ONLY', '0'), ('WINDOWPATH', '2'), ('PATH', '//home/nvidia/f1tenth_ws/install/range_lib/bin:/opt/ros/foxy/bin:/usr/local/cuda-11.4/bin:/home/nvidia/.local/bin:/usr/local/sbin:/usr/local/bin:/usr/sbin:/usr/bin:/sbin:/bin:/usr/games:/usr/local/games:/snap/bin'), ('SESSION_MANAGER', 'local/ubuntu:@/tmp/.ICE-unix/3871,unix/ubuntu:/tmp/.ICE-unix/3871'), ('INVOCATION_ID', '3ef7397d0ea34bca9ca2a0d82e935ac2'), ('XDG_MENU_PREFIX', 'gnome-'), ('XDG_RUNTIME_DIR', '/run/user/1000'), ('DISPLAY', ':1'), ('TERMINATOR_DBUS_PATH', '/net/tenshu/Terminator2'), ('LANG', 'en_US.UTF-8'), ('XDG_CURRENT_DESKTOP', 'ubuntu:GNOME'), ('XMODIFIERS', '@im=ibus'), ('XDG_SESSION_DESKTOP', 'ubuntu'), ('XAUTHORITY', '/run/user/1000/gdm/Xauthority'), ('LS_COLORS', 'rs=0:di=01;34:ln=01;36:mh=00:pi=40;33:so=01;35:do=01;35:bd=40;33;01:cd=40;33;01:or=40;31;01:mi=00:su=37;41:sg=30;43:ca=30;41:tw=30;42:ow=34;42:st=37;44:ex=01;32:*.tar=01;31:*.tgz=01;31:*.arc=01;31:*.arj=01;31:*.taz=01;31:*.lha=01;31:*.lz4=01;31:*.lzh=01;31:*.lzma=01;31:*.tlz=01;31:*.txz=01;31:*.tzo=01;31:*.t7z=01;31:*.zip=01;31:*.z=01;31:*.dz=01;31:*.gz=01;31:*.lrz=01;31:*.lz=01;31:*.lzo=01;31:*.xz=01;31:*.zst=01;31:*.tzst=01;31:*.bz2=01;31:*.bz=01;31:*.tbz=01;31:*.tbz2=01;31:*.tz=01;31:*.deb=01;31:*.rpm=01;31:*.jar=01;31:*.war=01;31:*.ear=01;31:*.sar=01;31:*.rar=01;31:*.alz=01;31:*.ace=01;31:*.zoo=01;31:*.cpio=01;31:*.7z=01;31:*.rz=01;31:*.cab=01;31:*.wim=01;31:*.swm=01;31:*.dwm=01;31:*.esd=01;31:*.jpg=01;35:*.jpeg=01;35:*.mjpg=01;35:*.mjpeg=01;35:*.gif=01;35:*.bmp=01;35:*.pbm=01;35:*.pgm=01;35:*.ppm=01;35:*.tga=01;35:*.xbm=01;35:*.xpm=01;35:*.tif=01;35:*.tiff=01;35:*.png=01;35:*.svg=01;35:*.svgz=01;35:*.mng=01;35:*.pcx=01;35:*.mov=01;35:*.mpg=01;35:*.mpeg=01;35:*.m2v=01;35:*.mkv=01;35:*.webm=01;35:*.ogm=01;35:*.mp4=01;35:*.m4v=01;35:*.mp4v=01;35:*.vob=01;35:*.qt=01;35:*.nuv=01;35:*.wmv=01;35:*.asf=01;35:*.rm=01;35:*.rmvb=01;35:*.flc=01;35:*.avi=01;35:*.fli=01;35:*.flv=01;35:*.gl=01;35:*.dl=01;35:*.xcf=01;35:*.xwd=01;35:*.yuv=01;35:*.cgm=01;35:*.emf=01;35:*.ogv=01;35:*.ogx=01;35:*.aac=00;36:*.au=00;36:*.flac=00;36:*.m4a=00;36:*.mid=00;36:*.midi=00;36:*.mka=00;36:*.mp3=00;36:*.mpc=00;36:*.ogg=00;36:*.ra=00;36:*.wav=00;36:*.oga=00;36:*.opus=00;36:*.spx=00;36:*.xspf=00;36:'), ('SSH_AUTH_SOCK', '/run/user/1000/keyring/ssh'), ('ROS_DOMAIN_ID', '4'), ('AMENT_PREFIX_PATH', '//home/nvidia/f1tenth_ws/install/f1tenth_stack://home/nvidia/f1tenth_ws/install/vesc://home/nvidia/f1tenth_ws/install/vesc_driver://home/nvidia/f1tenth_ws/install/vesc_ackermann://home/nvidia/f1tenth_ws/install/vesc_msgs://home/nvidia/f1tenth_ws/install/teleop_tools://home/nvidia/f1tenth_ws/install/joy_teleop://home/nvidia/f1tenth_ws/install/teleop_tools_msgs://home/nvidia/f1tenth_ws/install/phasespace://home/nvidia/f1tenth_ws/install/particle_filter://home/nvidia/f1tenth_ws/install/new_map_saver://home/nvidia/f1tenth_ws/install/mouse_teleop://home/nvidia/f1tenth_ws/install/mapping://home/nvidia/f1tenth_ws/install/key_teleop://home/nvidia/f1tenth_ws/install/ackermann_mux:/opt/ros/foxy'), ('SHELL', '/bin/bash'), ('TERMINATOR_UUID', 'urn:uuid:ffa84fa6-9ec7-420e-953e-e336d0726543'), ('QT_ACCESSIBILITY', '1'), ('GDMSESSION', 'ubuntu'), ('LESSCLOSE', '/usr/bin/lesspipe %s %s'), ('GPG_AGENT_INFO', '/run/user/1000/gnupg/S.gpg-agent:0:1'), ('QT_IM_MODULE', 'ibus'), ('PWD', '/home/nvidia/f1tenth_ws/build/ackermann_mux'), ('TURTLEBOT3_MODEL', 'waffle'), ('LC_ALL', 'en_US.UTF-8'), ('XDG_CONFIG_DIRS', '/etc/xdg/xdg-ubuntu:/etc/xdg'), ('XDG_DATA_DIRS', '/usr/share/ubuntu:/usr/local/share/:/usr/share/:/var/lib/snapd/desktop'), ('PYTHONPATH', '//home/nvidia/f1tenth_ws/install/f1tenth_stack/lib/python3.8/site-packages://home/nvidia/f1tenth_ws/install/vesc_msgs/lib/python3.8/site-packages://home/nvidia/f1tenth_ws/install/joy_teleop/lib/python3.8/site-packages://home/nvidia/f1tenth_ws/install/teleop_tools_msgs/lib/python3.8/site-packages://home/nvidia/f1tenth_ws/install/phasespace/lib/python3.8/site-packages://home/nvidia/f1tenth_ws/install/particle_filter/lib/python3.8/site-packages://home/nvidia/f1tenth_ws/install/new_map_saver/lib/python3.8/site-packages://home/nvidia/f1tenth_ws/install/mouse_teleop/lib/python3.8/site-packages://home/nvidia/f1tenth_ws/install/mapping/lib/python3.8/site-packages://home/nvidia/f1tenth_ws/install/key_teleop/lib/python3.8/site-packages:/opt/ros/foxy/lib/python3.8/site-packages'), ('COLCON', '1'), ('VTE_VERSION', '6003'), ('CMAKE_PREFIX_PATH', '//home/nvidia/f1tenth_ws/install/vesc://home/nvidia/f1tenth_ws/install/vesc_driver://home/nvidia/f1tenth_ws/install/vesc_ackermann://home/nvidia/f1tenth_ws/install/vesc_msgs://home/nvidia/f1tenth_ws/install/teleop_tools://home/nvidia/f1tenth_ws/install/teleop_tools_msgs://home/nvidia/f1tenth_ws/install/range_lib://home/nvidia/f1tenth_ws/install/ackermann_mux://home/nvidia/f1tenth_ws/install/f1tenth_stack://home/nvidia/f1tenth_ws/install/joy_teleop://home/nvidia/f1tenth_ws/install/phasespace://home/nvidia/f1tenth_ws/install/particle_filter://home/nvidia/f1tenth_ws/install/new_map_saver://home/nvidia/f1tenth_ws/install/mouse_teleop://home/nvidia/f1tenth_ws/install/mapping://home/nvidia/f1tenth_ws/install/key_teleop:/opt/ros/foxy')]), 'shell': False}
[5.694626] (-) TimerEvent: {}
[5.712101] (ackermann_mux) StdoutLine: {'line': b'-- Install configuration: ""\n'}
[5.717008] (ackermann_mux) StdoutLine: {'line': b'-- Up-to-date: /home/nvidia/f1tenth_ws/install/ackermann_mux/lib/ackermann_mux/ackermann_mux\n'}
[5.719221] (ackermann_mux) StdoutLine: {'line': b'-- Up-to-date: /home/nvidia/f1tenth_ws/install/ackermann_mux/share/ackermann_mux/launch\n'}
[5.722395] (ackermann_mux) StdoutLine: {'line': b'-- Up-to-date: /home/nvidia/f1tenth_ws/install/ackermann_mux/share/ackermann_mux/launch/ackermann_mux_launch.py\n'}
[5.723086] (ackermann_mux) StdoutLine: {'line': b'-- Up-to-date: /home/nvidia/f1tenth_ws/install/ackermann_mux/share/ackermann_mux/config\n'}
[5.724850] (ackermann_mux) StdoutLine: {'line': b'-- Up-to-date: /home/nvidia/f1tenth_ws/install/ackermann_mux/share/ackermann_mux/config/ackermann_mux_topics.yaml\n'}
[5.725740] (ackermann_mux) StdoutLine: {'line': b'-- Up-to-date: /home/nvidia/f1tenth_ws/install/ackermann_mux/share/ackermann_mux/config/joystick.yaml\n'}
[5.726617] (ackermann_mux) StdoutLine: {'line': b'-- Up-to-date: /home/nvidia/f1tenth_ws/install/ackermann_mux/share/ackermann_mux/config/ackermann_mux_locks.yaml\n'}
[5.727086] (ackermann_mux) StdoutLine: {'line': b'-- Up-to-date: /home/nvidia/f1tenth_ws/install/ackermann_mux/include\n'}
[5.729128] (ackermann_mux) StdoutLine: {'line': b'-- Up-to-date: /home/nvidia/f1tenth_ws/install/ackermann_mux/include/ackermann_mux\n'}
[5.731003] (ackermann_mux) StdoutLine: {'line': b'-- Up-to-date: /home/nvidia/f1tenth_ws/install/ackermann_mux/include/ackermann_mux/ackermann_mux_diagnostics.hpp\n'}
[5.733380] (ackermann_mux) StdoutLine: {'line': b'-- Up-to-date: /home/nvidia/f1tenth_ws/install/ackermann_mux/include/ackermann_mux/params_helpers.hpp\n'}
[5.735117] (ackermann_mux) StdoutLine: {'line': b'-- Up-to-date: /home/nvidia/f1tenth_ws/install/ackermann_mux/include/ackermann_mux/ackermann_mux_diagnostics_status.hpp\n'}
[5.735745] (ackermann_mux) StdoutLine: {'line': b'-- Up-to-date: /home/nvidia/f1tenth_ws/install/ackermann_mux/include/ackermann_mux/ackermann_mux.hpp\n'}
[5.736191] (ackermann_mux) StdoutLine: {'line': b'-- Up-to-date: /home/nvidia/f1tenth_ws/install/ackermann_mux/include/ackermann_mux/topic_handle.hpp\n'}
[5.736603] (ackermann_mux) StdoutLine: {'line': b'-- Up-to-date: /home/nvidia/f1tenth_ws/install/ackermann_mux/include/ackermann_mux/utils.hpp\n'}
[5.737248] (ackermann_mux) StdoutLine: {'line': b'-- Up-to-date: /home/nvidia/f1tenth_ws/install/ackermann_mux/share/ament_index/resource_index/package_run_dependencies/ackermann_mux\n'}
[5.740996] (ackermann_mux) StdoutLine: {'line': b'-- Up-to-date: /home/nvidia/f1tenth_ws/install/ackermann_mux/share/ament_index/resource_index/parent_prefix_path/ackermann_mux\n'}
[5.741634] (ackermann_mux) StdoutLine: {'line': b'-- Up-to-date: /home/nvidia/f1tenth_ws/install/ackermann_mux/share/ackermann_mux/environment/ament_prefix_path.sh\n'}
[5.742260] (ackermann_mux) StdoutLine: {'line': b'-- Up-to-date: /home/nvidia/f1tenth_ws/install/ackermann_mux/share/ackermann_mux/environment/ament_prefix_path.dsv\n'}
[5.742756] (ackermann_mux) StdoutLine: {'line': b'-- Up-to-date: /home/nvidia/f1tenth_ws/install/ackermann_mux/share/ackermann_mux/environment/path.sh\n'}
[5.743205] (ackermann_mux) StdoutLine: {'line': b'-- Up-to-date: /home/nvidia/f1tenth_ws/install/ackermann_mux/share/ackermann_mux/environment/path.dsv\n'}
[5.744473] (ackermann_mux) StdoutLine: {'line': b'-- Up-to-date: /home/nvidia/f1tenth_ws/install/ackermann_mux/share/ackermann_mux/local_setup.bash\n'}
[5.745985] (ackermann_mux) StdoutLine: {'line': b'-- Up-to-date: /home/nvidia/f1tenth_ws/install/ackermann_mux/share/ackermann_mux/local_setup.sh\n'}
[5.746939] (ackermann_mux) StdoutLine: {'line': b'-- Up-to-date: /home/nvidia/f1tenth_ws/install/ackermann_mux/share/ackermann_mux/local_setup.zsh\n'}
[5.747356] (ackermann_mux) StdoutLine: {'line': b'-- Up-to-date: /home/nvidia/f1tenth_ws/install/ackermann_mux/share/ackermann_mux/local_setup.dsv\n'}
[5.747786] (ackermann_mux) StdoutLine: {'line': b'-- Installing: /home/nvidia/f1tenth_ws/install/ackermann_mux/share/ackermann_mux/package.dsv\n'}
[5.749644] (ackermann_mux) StdoutLine: {'line': b'-- Up-to-date: /home/nvidia/f1tenth_ws/install/ackermann_mux/share/ament_index/resource_index/packages/ackermann_mux\n'}
[5.752186] (ackermann_mux) StdoutLine: {'line': b'-- Up-to-date: /home/nvidia/f1tenth_ws/install/ackermann_mux/share/ackermann_mux/cmake/ament_cmake_export_include_directories-extras.cmake\n'}
[5.753022] (ackermann_mux) StdoutLine: {'line': b'-- Up-to-date: /home/nvidia/f1tenth_ws/install/ackermann_mux/share/ackermann_mux/cmake/ament_cmake_export_dependencies-extras.cmake\n'}
[5.753632] (ackermann_mux) StdoutLine: {'line': b'-- Up-to-date: /home/nvidia/f1tenth_ws/install/ackermann_mux/share/ackermann_mux/cmake/ackermann_muxConfig.cmake\n'}
[5.754192] (ackermann_mux) StdoutLine: {'line': b'-- Up-to-date: /home/nvidia/f1tenth_ws/install/ackermann_mux/share/ackermann_mux/cmake/ackermann_muxConfig-version.cmake\n'}
[5.754592] (ackermann_mux) StdoutLine: {'line': b'-- Up-to-date: /home/nvidia/f1tenth_ws/install/ackermann_mux/share/ackermann_mux/package.xml\n'}
[5.765430] (ackermann_mux) CommandEnded: {'returncode': 0}
[5.797729] (-) TimerEvent: {}
[5.900779] (-) TimerEvent: {}
[6.005219] (-) TimerEvent: {}
[6.010791] (teleop_tools_msgs) JobProgress: {'identifier': 'teleop_tools_msgs', 'progress': 'install'}
[6.013154] (teleop_tools_msgs) Command: {'cmd': ['/usr/bin/cmake', '--install', '/home/nvidia/f1tenth_ws/build/teleop_tools_msgs'], 'cwd': '/home/nvidia/f1tenth_ws/build/teleop_tools_msgs', 'env': OrderedDict([('LESSOPEN', '| /usr/bin/lesspipe %s'), ('USER', 'nvidia'), ('SSH_AGENT_PID', '3834'), ('XDG_SESSION_TYPE', 'x11'), ('SHLVL', '1'), ('LD_LIBRARY_PATH', '//home/nvidia/f1tenth_ws/install/vesc_driver/lib://home/nvidia/f1tenth_ws/install/vesc_ackermann/lib://home/nvidia/f1tenth_ws/install/vesc_msgs/lib://home/nvidia/f1tenth_ws/install/teleop_tools_msgs/lib:/usr/lib/aarch64-linux-gnu/gazebo-11/plugins:/opt/ros/foxy/opt/yaml_cpp_vendor/lib:/opt/ros/foxy/opt/rviz_ogre_vendor/lib:/opt/ros/foxy/lib/aarch64-linux-gnu:/opt/ros/foxy/lib:/usr/local/cuda-11.4/lib64:'), ('HOME', '/home/nvidia'), ('OLDPWD', '/home/nvidia/f1tenth_ws/src/f1tenth_controllers'), ('DESKTOP_SESSION', 'ubuntu'), ('ROS_PYTHON_VERSION', '3'), ('GNOME_SHELL_SESSION_MODE', 'ubuntu'), ('GTK_MODULES', 'gail:atk-bridge'), ('MANAGERPID', '3734'), ('DBUS_SESSION_BUS_ADDRESS', 'unix:path=/run/user/1000/bus'), ('COLORTERM', 'truecolor'), ('TERMINATOR_DBUS_NAME', 'net.tenshu.Terminator23558193cd9818af7fe4d2c2f5bd9d00f'), ('GIO_LAUNCHED_DESKTOP_FILE_PID', '6532'), ('IM_CONFIG_PHASE', '1'), ('COLCON_PREFIX_PATH', '//home/nvidia/f1tenth_ws/install'), ('ROS_DISTRO', 'foxy'), ('LOGNAME', 'nvidia'), ('JOURNAL_STREAM', '8:68012'), ('_', '/usr/bin/colcon'), ('ROS_VERSION', '2'), ('XDG_SESSION_CLASS', 'user'), ('USERNAME', 'nvidia'), ('TERM', 'xterm-256color'), ('GAZEBO_MODEL_PATH', ':/opt/ros/foxy/share/turtlebot3_gazebo/models'), ('GNOME_DESKTOP_SESSION_ID', 'this-is-deprecated'), ('ROS_LOCALHOST_ONLY', '0'), ('WINDOWPATH', '2'), ('PATH', '//home/nvidia/f1tenth_ws/install/range_lib/bin:/opt/ros/foxy/bin:/usr/local/cuda-11.4/bin:/home/nvidia/.local/bin:/usr/local/sbin:/usr/local/bin:/usr/sbin:/usr/bin:/sbin:/bin:/usr/games:/usr/local/games:/snap/bin'), ('SESSION_MANAGER', 'local/ubuntu:@/tmp/.ICE-unix/3871,unix/ubuntu:/tmp/.ICE-unix/3871'), ('INVOCATION_ID', '3ef7397d0ea34bca9ca2a0d82e935ac2'), ('XDG_MENU_PREFIX', 'gnome-'), ('XDG_RUNTIME_DIR', '/run/user/1000'), ('DISPLAY', ':1'), ('TERMINATOR_DBUS_PATH', '/net/tenshu/Terminator2'), ('LANG', 'en_US.UTF-8'), ('XDG_CURRENT_DESKTOP', 'ubuntu:GNOME'), ('XMODIFIERS', '@im=ibus'), ('XDG_SESSION_DESKTOP', 'ubuntu'), ('XAUTHORITY', '/run/user/1000/gdm/Xauthority'), ('LS_COLORS', 'rs=0:di=01;34:ln=01;36:mh=00:pi=40;33:so=01;35:do=01;35:bd=40;33;01:cd=40;33;01:or=40;31;01:mi=00:su=37;41:sg=30;43:ca=30;41:tw=30;42:ow=34;42:st=37;44:ex=01;32:*.tar=01;31:*.tgz=01;31:*.arc=01;31:*.arj=01;31:*.taz=01;31:*.lha=01;31:*.lz4=01;31:*.lzh=01;31:*.lzma=01;31:*.tlz=01;31:*.txz=01;31:*.tzo=01;31:*.t7z=01;31:*.zip=01;31:*.z=01;31:*.dz=01;31:*.gz=01;31:*.lrz=01;31:*.lz=01;31:*.lzo=01;31:*.xz=01;31:*.zst=01;31:*.tzst=01;31:*.bz2=01;31:*.bz=01;31:*.tbz=01;31:*.tbz2=01;31:*.tz=01;31:*.deb=01;31:*.rpm=01;31:*.jar=01;31:*.war=01;31:*.ear=01;31:*.sar=01;31:*.rar=01;31:*.alz=01;31:*.ace=01;31:*.zoo=01;31:*.cpio=01;31:*.7z=01;31:*.rz=01;31:*.cab=01;31:*.wim=01;31:*.swm=01;31:*.dwm=01;31:*.esd=01;31:*.jpg=01;35:*.jpeg=01;35:*.mjpg=01;35:*.mjpeg=01;35:*.gif=01;35:*.bmp=01;35:*.pbm=01;35:*.pgm=01;35:*.ppm=01;35:*.tga=01;35:*.xbm=01;35:*.xpm=01;35:*.tif=01;35:*.tiff=01;35:*.png=01;35:*.svg=01;35:*.svgz=01;35:*.mng=01;35:*.pcx=01;35:*.mov=01;35:*.mpg=01;35:*.mpeg=01;35:*.m2v=01;35:*.mkv=01;35:*.webm=01;35:*.ogm=01;35:*.mp4=01;35:*.m4v=01;35:*.mp4v=01;35:*.vob=01;35:*.qt=01;35:*.nuv=01;35:*.wmv=01;35:*.asf=01;35:*.rm=01;35:*.rmvb=01;35:*.flc=01;35:*.avi=01;35:*.fli=01;35:*.flv=01;35:*.gl=01;35:*.dl=01;35:*.xcf=01;35:*.xwd=01;35:*.yuv=01;35:*.cgm=01;35:*.emf=01;35:*.ogv=01;35:*.ogx=01;35:*.aac=00;36:*.au=00;36:*.flac=00;36:*.m4a=00;36:*.mid=00;36:*.midi=00;36:*.mka=00;36:*.mp3=00;36:*.mpc=00;36:*.ogg=00;36:*.ra=00;36:*.wav=00;36:*.oga=00;36:*.opus=00;36:*.spx=00;36:*.xspf=00;36:'), ('SSH_AUTH_SOCK', '/run/user/1000/keyring/ssh'), ('ROS_DOMAIN_ID', '4'), ('AMENT_PREFIX_PATH', '//home/nvidia/f1tenth_ws/install/f1tenth_stack://home/nvidia/f1tenth_ws/install/vesc://home/nvidia/f1tenth_ws/install/vesc_driver://home/nvidia/f1tenth_ws/install/vesc_ackermann://home/nvidia/f1tenth_ws/install/vesc_msgs://home/nvidia/f1tenth_ws/install/teleop_tools://home/nvidia/f1tenth_ws/install/joy_teleop://home/nvidia/f1tenth_ws/install/teleop_tools_msgs://home/nvidia/f1tenth_ws/install/phasespace://home/nvidia/f1tenth_ws/install/particle_filter://home/nvidia/f1tenth_ws/install/new_map_saver://home/nvidia/f1tenth_ws/install/mouse_teleop://home/nvidia/f1tenth_ws/install/mapping://home/nvidia/f1tenth_ws/install/key_teleop://home/nvidia/f1tenth_ws/install/ackermann_mux:/opt/ros/foxy'), ('SHELL', '/bin/bash'), ('TERMINATOR_UUID', 'urn:uuid:ffa84fa6-9ec7-420e-953e-e336d0726543'), ('QT_ACCESSIBILITY', '1'), ('GDMSESSION', 'ubuntu'), ('LESSCLOSE', '/usr/bin/lesspipe %s %s'), ('GPG_AGENT_INFO', '/run/user/1000/gnupg/S.gpg-agent:0:1'), ('QT_IM_MODULE', 'ibus'), ('PWD', '/home/nvidia/f1tenth_ws/build/teleop_tools_msgs'), ('TURTLEBOT3_MODEL', 'waffle'), ('LC_ALL', 'en_US.UTF-8'), ('XDG_CONFIG_DIRS', '/etc/xdg/xdg-ubuntu:/etc/xdg'), ('XDG_DATA_DIRS', '/usr/share/ubuntu:/usr/local/share/:/usr/share/:/var/lib/snapd/desktop'), ('PYTHONPATH', '//home/nvidia/f1tenth_ws/install/f1tenth_stack/lib/python3.8/site-packages://home/nvidia/f1tenth_ws/install/vesc_msgs/lib/python3.8/site-packages://home/nvidia/f1tenth_ws/install/joy_teleop/lib/python3.8/site-packages://home/nvidia/f1tenth_ws/install/teleop_tools_msgs/lib/python3.8/site-packages://home/nvidia/f1tenth_ws/install/phasespace/lib/python3.8/site-packages://home/nvidia/f1tenth_ws/install/particle_filter/lib/python3.8/site-packages://home/nvidia/f1tenth_ws/install/new_map_saver/lib/python3.8/site-packages://home/nvidia/f1tenth_ws/install/mouse_teleop/lib/python3.8/site-packages://home/nvidia/f1tenth_ws/install/mapping/lib/python3.8/site-packages://home/nvidia/f1tenth_ws/install/key_teleop/lib/python3.8/site-packages:/opt/ros/foxy/lib/python3.8/site-packages'), ('COLCON', '1'), ('VTE_VERSION', '6003'), ('CMAKE_PREFIX_PATH', '//home/nvidia/f1tenth_ws/install/vesc://home/nvidia/f1tenth_ws/install/vesc_driver://home/nvidia/f1tenth_ws/install/vesc_ackermann://home/nvidia/f1tenth_ws/install/vesc_msgs://home/nvidia/f1tenth_ws/install/teleop_tools://home/nvidia/f1tenth_ws/install/teleop_tools_msgs://home/nvidia/f1tenth_ws/install/range_lib://home/nvidia/f1tenth_ws/install/ackermann_mux://home/nvidia/f1tenth_ws/install/f1tenth_stack://home/nvidia/f1tenth_ws/install/joy_teleop://home/nvidia/f1tenth_ws/install/phasespace://home/nvidia/f1tenth_ws/install/particle_filter://home/nvidia/f1tenth_ws/install/new_map_saver://home/nvidia/f1tenth_ws/install/mouse_teleop://home/nvidia/f1tenth_ws/install/mapping://home/nvidia/f1tenth_ws/install/key_teleop:/opt/ros/foxy')]), 'shell': False}
[6.106090] (-) TimerEvent: {}
[6.112431] (teleop_tools_msgs) StdoutLine: {'line': b'-- Install configuration: ""\n'}
[6.121551] (teleop_tools_msgs) StdoutLine: {'line': b'-- Up-to-date: /home/nvidia/f1tenth_ws/install/teleop_tools_msgs/share/ament_index/resource_index/rosidl_interfaces/teleop_tools_msgs\n'}
[6.123406] (teleop_tools_msgs) StdoutLine: {'line': b'-- Up-to-date: /home/nvidia/f1tenth_ws/install/teleop_tools_msgs/include/teleop_tools_msgs\n'}
[6.124116] (teleop_tools_msgs) StdoutLine: {'line': b'-- Up-to-date: /home/nvidia/f1tenth_ws/install/teleop_tools_msgs/include/teleop_tools_msgs/action\n'}
[6.124612] (teleop_tools_msgs) StdoutLine: {'line': b'-- Up-to-date: /home/nvidia/f1tenth_ws/install/teleop_tools_msgs/include/teleop_tools_msgs/action/increment.h\n'}
[6.125078] (teleop_tools_msgs) StdoutLine: {'line': b'-- Up-to-date: /home/nvidia/f1tenth_ws/install/teleop_tools_msgs/include/teleop_tools_msgs/action/detail\n'}
[6.125569] (teleop_tools_msgs) StdoutLine: {'line': b'-- Up-to-date: /home/nvidia/f1tenth_ws/install/teleop_tools_msgs/include/teleop_tools_msgs/action/detail/increment__type_support.h\n'}
[6.128600] (teleop_tools_msgs) StdoutLine: {'line': b'-- Up-to-date: /home/nvidia/f1tenth_ws/install/teleop_tools_msgs/include/teleop_tools_msgs/action/detail/increment__functions.c\n'}
[6.129091] (teleop_tools_msgs) StdoutLine: {'line': b'-- Up-to-date: /home/nvidia/f1tenth_ws/install/teleop_tools_msgs/include/teleop_tools_msgs/action/detail/increment__struct.h\n'}
[6.129544] (teleop_tools_msgs) StdoutLine: {'line': b'-- Up-to-date: /home/nvidia/f1tenth_ws/install/teleop_tools_msgs/include/teleop_tools_msgs/action/detail/increment__functions.h\n'}
[6.130204] (teleop_tools_msgs) StdoutLine: {'line': b'-- Up-to-date: /home/nvidia/f1tenth_ws/install/teleop_tools_msgs/include/teleop_tools_msgs/msg\n'}
[6.130686] (teleop_tools_msgs) StdoutLine: {'line': b'-- Up-to-date: /home/nvidia/f1tenth_ws/install/teleop_tools_msgs/include/teleop_tools_msgs/msg/rosidl_generator_c__visibility_control.h\n'}
[6.131134] (teleop_tools_msgs) StdoutLine: {'line': b'-- Up-to-date: /home/nvidia/f1tenth_ws/install/teleop_tools_msgs/share/teleop_tools_msgs/environment/library_path.sh\n'}
[6.131589] (teleop_tools_msgs) StdoutLine: {'line': b'-- Up-to-date: /home/nvidia/f1tenth_ws/install/teleop_tools_msgs/share/teleop_tools_msgs/environment/library_path.dsv\n'}
[6.132132] (teleop_tools_msgs) StdoutLine: {'line': b'-- Up-to-date: /home/nvidia/f1tenth_ws/install/teleop_tools_msgs/lib/libteleop_tools_msgs__rosidl_generator_c.so\n'}
[6.132585] (teleop_tools_msgs) StdoutLine: {'line': b'-- Up-to-date: /home/nvidia/f1tenth_ws/install/teleop_tools_msgs/include/teleop_tools_msgs\n'}
[6.133006] (teleop_tools_msgs) StdoutLine: {'line': b'-- Up-to-date: /home/nvidia/f1tenth_ws/install/teleop_tools_msgs/include/teleop_tools_msgs/action\n'}
[6.133903] (teleop_tools_msgs) StdoutLine: {'line': b'-- Up-to-date: /home/nvidia/f1tenth_ws/install/teleop_tools_msgs/include/teleop_tools_msgs/action/detail\n'}
[6.134349] (teleop_tools_msgs) StdoutLine: {'line': b'-- Up-to-date: /home/nvidia/f1tenth_ws/install/teleop_tools_msgs/include/teleop_tools_msgs/action/detail/increment__rosidl_typesupport_fastrtps_c.h\n'}
[6.134818] (teleop_tools_msgs) StdoutLine: {'line': b'-- Up-to-date: /home/nvidia/f1tenth_ws/install/teleop_tools_msgs/include/teleop_tools_msgs/msg\n'}
[6.135238] (teleop_tools_msgs) StdoutLine: {'line': b'-- Up-to-date: /home/nvidia/f1tenth_ws/install/teleop_tools_msgs/include/teleop_tools_msgs/msg/rosidl_typesupport_fastrtps_c__visibility_control.h\n'}
[6.135653] (teleop_tools_msgs) StdoutLine: {'line': b'-- Up-to-date: /home/nvidia/f1tenth_ws/install/teleop_tools_msgs/lib/libteleop_tools_msgs__rosidl_typesupport_fastrtps_c.so\n'}
[6.140109] (teleop_tools_msgs) StdoutLine: {'line': b'-- Up-to-date: /home/nvidia/f1tenth_ws/install/teleop_tools_msgs/include/teleop_tools_msgs\n'}
[6.141478] (teleop_tools_msgs) StdoutLine: {'line': b'-- Up-to-date: /home/nvidia/f1tenth_ws/install/teleop_tools_msgs/include/teleop_tools_msgs/action\n'}
[6.142922] (teleop_tools_msgs) StdoutLine: {'line': b'-- Up-to-date: /home/nvidia/f1tenth_ws/install/teleop_tools_msgs/include/teleop_tools_msgs/action/detail\n'}
[6.144286] (teleop_tools_msgs) StdoutLine: {'line': b'-- Up-to-date: /home/nvidia/f1tenth_ws/install/teleop_tools_msgs/include/teleop_tools_msgs/action/detail/increment__rosidl_typesupport_fastrtps_cpp.hpp\n'}
[6.145589] (teleop_tools_msgs) StdoutLine: {'line': b'-- Up-to-date: /home/nvidia/f1tenth_ws/install/teleop_tools_msgs/include/teleop_tools_msgs/action/detail/dds_fastrtps\n'}
[6.151418] (teleop_tools_msgs) StdoutLine: {'line': b'-- Up-to-date: /home/nvidia/f1tenth_ws/install/teleop_tools_msgs/include/teleop_tools_msgs/msg\n'}
[6.152031] (teleop_tools_msgs) StdoutLine: {'line': b'-- Up-to-date: /home/nvidia/f1tenth_ws/install/teleop_tools_msgs/include/teleop_tools_msgs/msg/rosidl_typesupport_fastrtps_cpp__visibility_control.h\n'}
[6.155430] (teleop_tools_msgs) StdoutLine: {'line': b'-- Up-to-date: /home/nvidia/f1tenth_ws/install/teleop_tools_msgs/lib/libteleop_tools_msgs__rosidl_typesupport_fastrtps_cpp.so\n'}
[6.159517] (teleop_tools_msgs) StdoutLine: {'line': b'-- Up-to-date: /home/nvidia/f1tenth_ws/install/teleop_tools_msgs/include/teleop_tools_msgs\n'}
[6.163037] (teleop_tools_msgs) StdoutLine: {'line': b'-- Up-to-date: /home/nvidia/f1tenth_ws/install/teleop_tools_msgs/include/teleop_tools_msgs/action\n'}
[6.164580] (teleop_tools_msgs) StdoutLine: {'line': b'-- Up-to-date: /home/nvidia/f1tenth_ws/install/teleop_tools_msgs/include/teleop_tools_msgs/action/detail\n'}
[6.165191] (teleop_tools_msgs) StdoutLine: {'line': b'-- Up-to-date: /home/nvidia/f1tenth_ws/install/teleop_tools_msgs/include/teleop_tools_msgs/action/detail/increment__rosidl_typesupport_introspection_c.h\n'}
[6.165764] (teleop_tools_msgs) StdoutLine: {'line': b'-- Up-to-date: /home/nvidia/f1tenth_ws/install/teleop_tools_msgs/include/teleop_tools_msgs/action/detail/increment__type_support.c\n'}
[6.168598] (teleop_tools_msgs) StdoutLine: {'line': b'-- Up-to-date: /home/nvidia/f1tenth_ws/install/teleop_tools_msgs/include/teleop_tools_msgs/msg\n'}
[6.169125] (teleop_tools_msgs) StdoutLine: {'line': b'-- Up-to-date: /home/nvidia/f1tenth_ws/install/teleop_tools_msgs/include/teleop_tools_msgs/msg/rosidl_typesupport_introspection_c__visibility_control.h\n'}
[6.170883] (teleop_tools_msgs) StdoutLine: {'line': b'-- Up-to-date: /home/nvidia/f1tenth_ws/install/teleop_tools_msgs/lib/libteleop_tools_msgs__rosidl_typesupport_introspection_c.so\n'}
[6.179437] (teleop_tools_msgs) StdoutLine: {'line': b'-- Up-to-date: /home/nvidia/f1tenth_ws/install/teleop_tools_msgs/lib/libteleop_tools_msgs__rosidl_typesupport_c.so\n'}
[6.180887] (teleop_tools_msgs) StdoutLine: {'line': b'-- Up-to-date: /home/nvidia/f1tenth_ws/install/teleop_tools_msgs/include/teleop_tools_msgs\n'}
[6.182265] (teleop_tools_msgs) StdoutLine: {'line': b'-- Up-to-date: /home/nvidia/f1tenth_ws/install/teleop_tools_msgs/include/teleop_tools_msgs/action\n'}
[6.183974] (teleop_tools_msgs) StdoutLine: {'line': b'-- Up-to-date: /home/nvidia/f1tenth_ws/install/teleop_tools_msgs/include/teleop_tools_msgs/action/detail\n'}
[6.184456] (teleop_tools_msgs) StdoutLine: {'line': b'-- Up-to-date: /home/nvidia/f1tenth_ws/install/teleop_tools_msgs/include/teleop_tools_msgs/action/detail/increment__type_support.hpp\n'}
[6.184906] (teleop_tools_msgs) StdoutLine: {'line': b'-- Up-to-date: /home/nvidia/f1tenth_ws/install/teleop_tools_msgs/include/teleop_tools_msgs/action/detail/increment__traits.hpp\n'}
[6.185615] (teleop_tools_msgs) StdoutLine: {'line': b'-- Up-to-date: /home/nvidia/f1tenth_ws/install/teleop_tools_msgs/include/teleop_tools_msgs/action/detail/increment__struct.hpp\n'}
[6.186256] (teleop_tools_msgs) StdoutLine: {'line': b'-- Up-to-date: /home/nvidia/f1tenth_ws/install/teleop_tools_msgs/include/teleop_tools_msgs/action/detail/increment__builder.hpp\n'}
[6.186656] (teleop_tools_msgs) StdoutLine: {'line': b'-- Up-to-date: /home/nvidia/f1tenth_ws/install/teleop_tools_msgs/include/teleop_tools_msgs/action/increment.hpp\n'}
[6.187071] (teleop_tools_msgs) StdoutLine: {'line': b'-- Up-to-date: /home/nvidia/f1tenth_ws/install/teleop_tools_msgs/include/teleop_tools_msgs/msg\n'}
[6.187455] (teleop_tools_msgs) StdoutLine: {'line': b'-- Up-to-date: /home/nvidia/f1tenth_ws/install/teleop_tools_msgs/include/teleop_tools_msgs/msg/rosidl_generator_cpp__visibility_control.hpp\n'}
[6.187928] (teleop_tools_msgs) StdoutLine: {'line': b'-- Up-to-date: /home/nvidia/f1tenth_ws/install/teleop_tools_msgs/include/teleop_tools_msgs\n'}
[6.188375] (teleop_tools_msgs) StdoutLine: {'line': b'-- Up-to-date: /home/nvidia/f1tenth_ws/install/teleop_tools_msgs/include/teleop_tools_msgs/action\n'}
[6.188751] (teleop_tools_msgs) StdoutLine: {'line': b'-- Up-to-date: /home/nvidia/f1tenth_ws/install/teleop_tools_msgs/include/teleop_tools_msgs/action/detail\n'}
[6.189160] (teleop_tools_msgs) StdoutLine: {'line': b'-- Up-to-date: /home/nvidia/f1tenth_ws/install/teleop_tools_msgs/include/teleop_tools_msgs/action/detail/increment__type_support.cpp\n'}
[6.195205] (teleop_tools_msgs) StdoutLine: {'line': b'-- Up-to-date: /home/nvidia/f1tenth_ws/install/teleop_tools_msgs/include/teleop_tools_msgs/action/detail/increment__rosidl_typesupport_introspection_cpp.hpp\n'}
[6.195797] (teleop_tools_msgs) StdoutLine: {'line': b'-- Up-to-date: /home/nvidia/f1tenth_ws/install/teleop_tools_msgs/lib/libteleop_tools_msgs__rosidl_typesupport_introspection_cpp.so\n'}
[6.196281] (teleop_tools_msgs) StdoutLine: {'line': b'-- Up-to-date: /home/nvidia/f1tenth_ws/install/teleop_tools_msgs/lib/libteleop_tools_msgs__rosidl_typesupport_cpp.so\n'}
[6.196737] (teleop_tools_msgs) StdoutLine: {'line': b'-- Up-to-date: /home/nvidia/f1tenth_ws/install/teleop_tools_msgs/share/teleop_tools_msgs/environment/pythonpath.sh\n'}
[6.197144] (teleop_tools_msgs) StdoutLine: {'line': b'-- Up-to-date: /home/nvidia/f1tenth_ws/install/teleop_tools_msgs/share/teleop_tools_msgs/environment/pythonpath.dsv\n'}
[6.197562] (teleop_tools_msgs) StdoutLine: {'line': b'-- Up-to-date: /home/nvidia/f1tenth_ws/install/teleop_tools_msgs/lib/python3.8/site-packages/teleop_tools_msgs/__init__.py\n'}
[6.206733] (-) TimerEvent: {}
[6.211623] (ackermann_mux) JobEnded: {'identifier': 'ackermann_mux', 'rc': 0}
[6.216182] (mouse_teleop) JobStarted: {'identifier': 'mouse_teleop'}
[6.308852] (-) TimerEvent: {}
[6.412882] (-) TimerEvent: {}
[6.435581] (teleop_tools_msgs) StdoutLine: {'line': b'-- Up-to-date: /home/nvidia/f1tenth_ws/install/teleop_tools_msgs/lib/python3.8/site-packages/teleop_tools_msgs/action\n'}
[6.438093] (teleop_tools_msgs) StdoutLine: {'line': b'-- Up-to-date: /home/nvidia/f1tenth_ws/install/teleop_tools_msgs/lib/python3.8/site-packages/teleop_tools_msgs/action/_increment_s.c\n'}
[6.438671] (teleop_tools_msgs) StdoutLine: {'line': b'-- Up-to-date: /home/nvidia/f1tenth_ws/install/teleop_tools_msgs/lib/python3.8/site-packages/teleop_tools_msgs/action/__init__.py\n'}
[6.439216] (teleop_tools_msgs) StdoutLine: {'line': b'-- Up-to-date: /home/nvidia/f1tenth_ws/install/teleop_tools_msgs/lib/python3.8/site-packages/teleop_tools_msgs/action/_increment.py\n'}
[6.441531] (teleop_tools_msgs) StdoutLine: {'line': b'-- Installing: /home/nvidia/f1tenth_ws/install/teleop_tools_msgs/lib/python3.8/site-packages/teleop_tools_msgs/teleop_tools_msgs_s__rosidl_typesupport_fastrtps_c.cpython-38-aarch64-linux-gnu.so\n'}
[6.446685] (teleop_tools_msgs) StdoutLine: {'line': b'-- Set runtime path of "/home/nvidia/f1tenth_ws/install/teleop_tools_msgs/lib/python3.8/site-packages/teleop_tools_msgs/teleop_tools_msgs_s__rosidl_typesupport_fastrtps_c.cpython-38-aarch64-linux-gnu.so" to ""\n'}
[6.451140] (teleop_tools_msgs) StdoutLine: {'line': b'-- Installing: /home/nvidia/f1tenth_ws/install/teleop_tools_msgs/lib/python3.8/site-packages/teleop_tools_msgs/teleop_tools_msgs_s__rosidl_typesupport_introspection_c.cpython-38-aarch64-linux-gnu.so\n'}
[6.455881] (teleop_tools_msgs) StdoutLine: {'line': b'-- Set runtime path of "/home/nvidia/f1tenth_ws/install/teleop_tools_msgs/lib/python3.8/site-packages/teleop_tools_msgs/teleop_tools_msgs_s__rosidl_typesupport_introspection_c.cpython-38-aarch64-linux-gnu.so" to ""\n'}
[6.459247] (teleop_tools_msgs) StdoutLine: {'line': b'-- Installing: /home/nvidia/f1tenth_ws/install/teleop_tools_msgs/lib/python3.8/site-packages/teleop_tools_msgs/teleop_tools_msgs_s__rosidl_typesupport_c.cpython-38-aarch64-linux-gnu.so\n'}
[6.463617] (teleop_tools_msgs) StdoutLine: {'line': b'-- Set runtime path of "/home/nvidia/f1tenth_ws/install/teleop_tools_msgs/lib/python3.8/site-packages/teleop_tools_msgs/teleop_tools_msgs_s__rosidl_typesupport_c.cpython-38-aarch64-linux-gnu.so" to ""\n'}
[6.467254] (teleop_tools_msgs) StdoutLine: {'line': b'-- Installing: /home/nvidia/f1tenth_ws/install/teleop_tools_msgs/lib/libteleop_tools_msgs__python.so\n'}
[6.471443] (teleop_tools_msgs) StdoutLine: {'line': b'-- Set runtime path of "/home/nvidia/f1tenth_ws/install/teleop_tools_msgs/lib/libteleop_tools_msgs__python.so" to ""\n'}
[6.472526] (teleop_tools_msgs) StdoutLine: {'line': b'-- Up-to-date: /home/nvidia/f1tenth_ws/install/teleop_tools_msgs/share/teleop_tools_msgs/action/Increment.idl\n'}
[6.473839] (teleop_tools_msgs) StdoutLine: {'line': b'-- Up-to-date: /home/nvidia/f1tenth_ws/install/teleop_tools_msgs/share/teleop_tools_msgs/action/Increment.action\n'}
[6.474479] (teleop_tools_msgs) StdoutLine: {'line': b'-- Up-to-date: /home/nvidia/f1tenth_ws/install/teleop_tools_msgs/share/ament_index/resource_index/package_run_dependencies/teleop_tools_msgs\n'}
[6.475186] (teleop_tools_msgs) StdoutLine: {'line': b'-- Up-to-date: /home/nvidia/f1tenth_ws/install/teleop_tools_msgs/share/ament_index/resource_index/parent_prefix_path/teleop_tools_msgs\n'}
[6.475840] (teleop_tools_msgs) StdoutLine: {'line': b'-- Up-to-date: /home/nvidia/f1tenth_ws/install/teleop_tools_msgs/share/teleop_tools_msgs/environment/ament_prefix_path.sh\n'}
[6.476542] (teleop_tools_msgs) StdoutLine: {'line': b'-- Up-to-date: /home/nvidia/f1tenth_ws/install/teleop_tools_msgs/share/teleop_tools_msgs/environment/ament_prefix_path.dsv\n'}
[6.477298] (teleop_tools_msgs) StdoutLine: {'line': b'-- Up-to-date: /home/nvidia/f1tenth_ws/install/teleop_tools_msgs/share/teleop_tools_msgs/environment/path.sh\n'}
[6.478049] (teleop_tools_msgs) StdoutLine: {'line': b'-- Up-to-date: /home/nvidia/f1tenth_ws/install/teleop_tools_msgs/share/teleop_tools_msgs/environment/path.dsv\n'}
[6.479054] (teleop_tools_msgs) StdoutLine: {'line': b'-- Up-to-date: /home/nvidia/f1tenth_ws/install/teleop_tools_msgs/share/teleop_tools_msgs/local_setup.bash\n'}
[6.479534] (teleop_tools_msgs) StdoutLine: {'line': b'-- Up-to-date: /home/nvidia/f1tenth_ws/install/teleop_tools_msgs/share/teleop_tools_msgs/local_setup.sh\n'}
[6.479932] (teleop_tools_msgs) StdoutLine: {'line': b'-- Up-to-date: /home/nvidia/f1tenth_ws/install/teleop_tools_msgs/share/teleop_tools_msgs/local_setup.zsh\n'}
[6.480449] (teleop_tools_msgs) StdoutLine: {'line': b'-- Up-to-date: /home/nvidia/f1tenth_ws/install/teleop_tools_msgs/share/teleop_tools_msgs/local_setup.dsv\n'}
[6.482133] (teleop_tools_msgs) StdoutLine: {'line': b'-- Installing: /home/nvidia/f1tenth_ws/install/teleop_tools_msgs/share/teleop_tools_msgs/package.dsv\n'}
[6.482584] (teleop_tools_msgs) StdoutLine: {'line': b'-- Up-to-date: /home/nvidia/f1tenth_ws/install/teleop_tools_msgs/share/ament_index/resource_index/packages/teleop_tools_msgs\n'}
[6.484852] (teleop_tools_msgs) StdoutLine: {'line': b'-- Up-to-date: /home/nvidia/f1tenth_ws/install/teleop_tools_msgs/share/teleop_tools_msgs/cmake/teleop_tools_msgs__rosidl_generator_cExport.cmake\n'}
[6.485612] (teleop_tools_msgs) StdoutLine: {'line': b'-- Up-to-date: /home/nvidia/f1tenth_ws/install/teleop_tools_msgs/share/teleop_tools_msgs/cmake/teleop_tools_msgs__rosidl_generator_cExport-noconfig.cmake\n'}
[6.487301] (teleop_tools_msgs) StdoutLine: {'line': b'-- Up-to-date: /home/nvidia/f1tenth_ws/install/teleop_tools_msgs/share/teleop_tools_msgs/cmake/teleop_tools_msgs__rosidl_typesupport_introspection_cExport.cmake\n'}
[6.488989] (teleop_tools_msgs) StdoutLine: {'line': b'-- Up-to-date: /home/nvidia/f1tenth_ws/install/teleop_tools_msgs/share/teleop_tools_msgs/cmake/teleop_tools_msgs__rosidl_typesupport_introspection_cExport-noconfig.cmake\n'}
[6.490735] (teleop_tools_msgs) StdoutLine: {'line': b'-- Up-to-date: /home/nvidia/f1tenth_ws/install/teleop_tools_msgs/share/teleop_tools_msgs/cmake/teleop_tools_msgs__rosidl_typesupport_cExport.cmake\n'}
[6.491551] (teleop_tools_msgs) StdoutLine: {'line': b'-- Up-to-date: /home/nvidia/f1tenth_ws/install/teleop_tools_msgs/share/teleop_tools_msgs/cmake/teleop_tools_msgs__rosidl_typesupport_cExport-noconfig.cmake\n'}
[6.493008] (teleop_tools_msgs) StdoutLine: {'line': b'-- Up-to-date: /home/nvidia/f1tenth_ws/install/teleop_tools_msgs/share/teleop_tools_msgs/cmake/teleop_tools_msgs__rosidl_generator_cppExport.cmake\n'}
[6.494743] (teleop_tools_msgs) StdoutLine: {'line': b'-- Up-to-date: /home/nvidia/f1tenth_ws/install/teleop_tools_msgs/share/teleop_tools_msgs/cmake/teleop_tools_msgs__rosidl_typesupport_introspection_cppExport.cmake\n'}
[6.495533] (teleop_tools_msgs) StdoutLine: {'line': b'-- Up-to-date: /home/nvidia/f1tenth_ws/install/teleop_tools_msgs/share/teleop_tools_msgs/cmake/teleop_tools_msgs__rosidl_typesupport_introspection_cppExport-noconfig.cmake\n'}
[6.497055] (teleop_tools_msgs) StdoutLine: {'line': b'-- Up-to-date: /home/nvidia/f1tenth_ws/install/teleop_tools_msgs/share/teleop_tools_msgs/cmake/teleop_tools_msgs__rosidl_typesupport_cppExport.cmake\n'}
[6.498340] (teleop_tools_msgs) StdoutLine: {'line': b'-- Up-to-date: /home/nvidia/f1tenth_ws/install/teleop_tools_msgs/share/teleop_tools_msgs/cmake/teleop_tools_msgs__rosidl_typesupport_cppExport-noconfig.cmake\n'}
[6.499323] (teleop_tools_msgs) StdoutLine: {'line': b'-- Up-to-date: /home/nvidia/f1tenth_ws/install/teleop_tools_msgs/share/teleop_tools_msgs/cmake/rosidl_cmake-extras.cmake\n'}
[6.500133] (teleop_tools_msgs) StdoutLine: {'line': b'-- Up-to-date: /home/nvidia/f1tenth_ws/install/teleop_tools_msgs/share/teleop_tools_msgs/cmake/ament_cmake_export_dependencies-extras.cmake\n'}
[6.501018] (teleop_tools_msgs) StdoutLine: {'line': b'-- Up-to-date: /home/nvidia/f1tenth_ws/install/teleop_tools_msgs/share/teleop_tools_msgs/cmake/ament_cmake_export_libraries-extras.cmake\n'}
[6.502062] (teleop_tools_msgs) StdoutLine: {'line': b'-- Up-to-date: /home/nvidia/f1tenth_ws/install/teleop_tools_msgs/share/teleop_tools_msgs/cmake/ament_cmake_export_targets-extras.cmake\n'}
[6.502749] (teleop_tools_msgs) StdoutLine: {'line': b'-- Up-to-date: /home/nvidia/f1tenth_ws/install/teleop_tools_msgs/share/teleop_tools_msgs/cmake/ament_cmake_export_include_directories-extras.cmake\n'}
[6.503170] (teleop_tools_msgs) StdoutLine: {'line': b'-- Up-to-date: /home/nvidia/f1tenth_ws/install/teleop_tools_msgs/share/teleop_tools_msgs/cmake/rosidl_cmake_export_typesupport_libraries-extras.cmake\n'}
[6.503568] (teleop_tools_msgs) StdoutLine: {'line': b'-- Up-to-date: /home/nvidia/f1tenth_ws/install/teleop_tools_msgs/share/teleop_tools_msgs/cmake/rosidl_cmake_export_typesupport_targets-extras.cmake\n'}
[6.503969] (teleop_tools_msgs) StdoutLine: {'line': b'-- Up-to-date: /home/nvidia/f1tenth_ws/install/teleop_tools_msgs/share/teleop_tools_msgs/cmake/teleop_tools_msgsConfig.cmake\n'}
[6.504352] (teleop_tools_msgs) StdoutLine: {'line': b'-- Up-to-date: /home/nvidia/f1tenth_ws/install/teleop_tools_msgs/share/teleop_tools_msgs/cmake/teleop_tools_msgsConfig-version.cmake\n'}
[6.504742] (teleop_tools_msgs) StdoutLine: {'line': b'-- Up-to-date: /home/nvidia/f1tenth_ws/install/teleop_tools_msgs/share/teleop_tools_msgs/package.xml\n'}
[6.513303] (-) TimerEvent: {}
[6.614458] (-) TimerEvent: {}
[6.715748] (-) TimerEvent: {}
[6.817203] (-) TimerEvent: {}
[6.919822] (-) TimerEvent: {}
[7.021454] (-) TimerEvent: {}
[7.122920] (-) TimerEvent: {}
[7.224280] (-) TimerEvent: {}
[7.325483] (-) TimerEvent: {}
[7.426628] (-) TimerEvent: {}
[7.527684] (-) TimerEvent: {}
[7.628958] (-) TimerEvent: {}
[7.730237] (-) TimerEvent: {}
[7.831691] (-) TimerEvent: {}
[7.883878] (teleop_tools_msgs) CommandEnded: {'returncode': 0}
[7.932478] (-) TimerEvent: {}
[7.974923] (vesc_msgs) JobProgress: {'identifier': 'vesc_msgs', 'progress': 'install'}
[7.977638] (vesc_msgs) Command: {'cmd': ['/usr/bin/cmake', '--install', '/home/nvidia/f1tenth_ws/build/vesc_msgs'], 'cwd': '/home/nvidia/f1tenth_ws/build/vesc_msgs', 'env': OrderedDict([('LESSOPEN', '| /usr/bin/lesspipe %s'), ('USER', 'nvidia'), ('SSH_AGENT_PID', '3834'), ('XDG_SESSION_TYPE', 'x11'), ('SHLVL', '1'), ('LD_LIBRARY_PATH', '//home/nvidia/f1tenth_ws/install/vesc_driver/lib://home/nvidia/f1tenth_ws/install/vesc_ackermann/lib://home/nvidia/f1tenth_ws/install/vesc_msgs/lib://home/nvidia/f1tenth_ws/install/teleop_tools_msgs/lib:/usr/lib/aarch64-linux-gnu/gazebo-11/plugins:/opt/ros/foxy/opt/yaml_cpp_vendor/lib:/opt/ros/foxy/opt/rviz_ogre_vendor/lib:/opt/ros/foxy/lib/aarch64-linux-gnu:/opt/ros/foxy/lib:/usr/local/cuda-11.4/lib64:'), ('HOME', '/home/nvidia'), ('OLDPWD', '/home/nvidia/f1tenth_ws/src/f1tenth_controllers'), ('DESKTOP_SESSION', 'ubuntu'), ('ROS_PYTHON_VERSION', '3'), ('GNOME_SHELL_SESSION_MODE', 'ubuntu'), ('GTK_MODULES', 'gail:atk-bridge'), ('MANAGERPID', '3734'), ('DBUS_SESSION_BUS_ADDRESS', 'unix:path=/run/user/1000/bus'), ('COLORTERM', 'truecolor'), ('TERMINATOR_DBUS_NAME', 'net.tenshu.Terminator23558193cd9818af7fe4d2c2f5bd9d00f'), ('GIO_LAUNCHED_DESKTOP_FILE_PID', '6532'), ('IM_CONFIG_PHASE', '1'), ('COLCON_PREFIX_PATH', '//home/nvidia/f1tenth_ws/install'), ('ROS_DISTRO', 'foxy'), ('LOGNAME', 'nvidia'), ('JOURNAL_STREAM', '8:68012'), ('_', '/usr/bin/colcon'), ('ROS_VERSION', '2'), ('XDG_SESSION_CLASS', 'user'), ('USERNAME', 'nvidia'), ('TERM', 'xterm-256color'), ('GAZEBO_MODEL_PATH', ':/opt/ros/foxy/share/turtlebot3_gazebo/models'), ('GNOME_DESKTOP_SESSION_ID', 'this-is-deprecated'), ('ROS_LOCALHOST_ONLY', '0'), ('WINDOWPATH', '2'), ('PATH', '//home/nvidia/f1tenth_ws/install/range_lib/bin:/opt/ros/foxy/bin:/usr/local/cuda-11.4/bin:/home/nvidia/.local/bin:/usr/local/sbin:/usr/local/bin:/usr/sbin:/usr/bin:/sbin:/bin:/usr/games:/usr/local/games:/snap/bin'), ('SESSION_MANAGER', 'local/ubuntu:@/tmp/.ICE-unix/3871,unix/ubuntu:/tmp/.ICE-unix/3871'), ('INVOCATION_ID', '3ef7397d0ea34bca9ca2a0d82e935ac2'), ('XDG_MENU_PREFIX', 'gnome-'), ('XDG_RUNTIME_DIR', '/run/user/1000'), ('DISPLAY', ':1'), ('TERMINATOR_DBUS_PATH', '/net/tenshu/Terminator2'), ('LANG', 'en_US.UTF-8'), ('XDG_CURRENT_DESKTOP', 'ubuntu:GNOME'), ('XMODIFIERS', '@im=ibus'), ('XDG_SESSION_DESKTOP', 'ubuntu'), ('XAUTHORITY', '/run/user/1000/gdm/Xauthority'), ('LS_COLORS', 'rs=0:di=01;34:ln=01;36:mh=00:pi=40;33:so=01;35:do=01;35:bd=40;33;01:cd=40;33;01:or=40;31;01:mi=00:su=37;41:sg=30;43:ca=30;41:tw=30;42:ow=34;42:st=37;44:ex=01;32:*.tar=01;31:*.tgz=01;31:*.arc=01;31:*.arj=01;31:*.taz=01;31:*.lha=01;31:*.lz4=01;31:*.lzh=01;31:*.lzma=01;31:*.tlz=01;31:*.txz=01;31:*.tzo=01;31:*.t7z=01;31:*.zip=01;31:*.z=01;31:*.dz=01;31:*.gz=01;31:*.lrz=01;31:*.lz=01;31:*.lzo=01;31:*.xz=01;31:*.zst=01;31:*.tzst=01;31:*.bz2=01;31:*.bz=01;31:*.tbz=01;31:*.tbz2=01;31:*.tz=01;31:*.deb=01;31:*.rpm=01;31:*.jar=01;31:*.war=01;31:*.ear=01;31:*.sar=01;31:*.rar=01;31:*.alz=01;31:*.ace=01;31:*.zoo=01;31:*.cpio=01;31:*.7z=01;31:*.rz=01;31:*.cab=01;31:*.wim=01;31:*.swm=01;31:*.dwm=01;31:*.esd=01;31:*.jpg=01;35:*.jpeg=01;35:*.mjpg=01;35:*.mjpeg=01;35:*.gif=01;35:*.bmp=01;35:*.pbm=01;35:*.pgm=01;35:*.ppm=01;35:*.tga=01;35:*.xbm=01;35:*.xpm=01;35:*.tif=01;35:*.tiff=01;35:*.png=01;35:*.svg=01;35:*.svgz=01;35:*.mng=01;35:*.pcx=01;35:*.mov=01;35:*.mpg=01;35:*.mpeg=01;35:*.m2v=01;35:*.mkv=01;35:*.webm=01;35:*.ogm=01;35:*.mp4=01;35:*.m4v=01;35:*.mp4v=01;35:*.vob=01;35:*.qt=01;35:*.nuv=01;35:*.wmv=01;35:*.asf=01;35:*.rm=01;35:*.rmvb=01;35:*.flc=01;35:*.avi=01;35:*.fli=01;35:*.flv=01;35:*.gl=01;35:*.dl=01;35:*.xcf=01;35:*.xwd=01;35:*.yuv=01;35:*.cgm=01;35:*.emf=01;35:*.ogv=01;35:*.ogx=01;35:*.aac=00;36:*.au=00;36:*.flac=00;36:*.m4a=00;36:*.mid=00;36:*.midi=00;36:*.mka=00;36:*.mp3=00;36:*.mpc=00;36:*.ogg=00;36:*.ra=00;36:*.wav=00;36:*.oga=00;36:*.opus=00;36:*.spx=00;36:*.xspf=00;36:'), ('SSH_AUTH_SOCK', '/run/user/1000/keyring/ssh'), ('ROS_DOMAIN_ID', '4'), ('AMENT_PREFIX_PATH', '//home/nvidia/f1tenth_ws/install/f1tenth_stack://home/nvidia/f1tenth_ws/install/vesc://home/nvidia/f1tenth_ws/install/vesc_driver://home/nvidia/f1tenth_ws/install/vesc_ackermann://home/nvidia/f1tenth_ws/install/vesc_msgs://home/nvidia/f1tenth_ws/install/teleop_tools://home/nvidia/f1tenth_ws/install/joy_teleop://home/nvidia/f1tenth_ws/install/teleop_tools_msgs://home/nvidia/f1tenth_ws/install/phasespace://home/nvidia/f1tenth_ws/install/particle_filter://home/nvidia/f1tenth_ws/install/new_map_saver://home/nvidia/f1tenth_ws/install/mouse_teleop://home/nvidia/f1tenth_ws/install/mapping://home/nvidia/f1tenth_ws/install/key_teleop://home/nvidia/f1tenth_ws/install/ackermann_mux:/opt/ros/foxy'), ('SHELL', '/bin/bash'), ('TERMINATOR_UUID', 'urn:uuid:ffa84fa6-9ec7-420e-953e-e336d0726543'), ('QT_ACCESSIBILITY', '1'), ('GDMSESSION', 'ubuntu'), ('LESSCLOSE', '/usr/bin/lesspipe %s %s'), ('GPG_AGENT_INFO', '/run/user/1000/gnupg/S.gpg-agent:0:1'), ('QT_IM_MODULE', 'ibus'), ('PWD', '/home/nvidia/f1tenth_ws/build/vesc_msgs'), ('TURTLEBOT3_MODEL', 'waffle'), ('LC_ALL', 'en_US.UTF-8'), ('XDG_CONFIG_DIRS', '/etc/xdg/xdg-ubuntu:/etc/xdg'), ('XDG_DATA_DIRS', '/usr/share/ubuntu:/usr/local/share/:/usr/share/:/var/lib/snapd/desktop'), ('PYTHONPATH', '//home/nvidia/f1tenth_ws/install/f1tenth_stack/lib/python3.8/site-packages://home/nvidia/f1tenth_ws/install/vesc_msgs/lib/python3.8/site-packages://home/nvidia/f1tenth_ws/install/joy_teleop/lib/python3.8/site-packages://home/nvidia/f1tenth_ws/install/teleop_tools_msgs/lib/python3.8/site-packages://home/nvidia/f1tenth_ws/install/phasespace/lib/python3.8/site-packages://home/nvidia/f1tenth_ws/install/particle_filter/lib/python3.8/site-packages://home/nvidia/f1tenth_ws/install/new_map_saver/lib/python3.8/site-packages://home/nvidia/f1tenth_ws/install/mouse_teleop/lib/python3.8/site-packages://home/nvidia/f1tenth_ws/install/mapping/lib/python3.8/site-packages://home/nvidia/f1tenth_ws/install/key_teleop/lib/python3.8/site-packages:/opt/ros/foxy/lib/python3.8/site-packages'), ('COLCON', '1'), ('VTE_VERSION', '6003'), ('CMAKE_PREFIX_PATH', '//home/nvidia/f1tenth_ws/install/vesc://home/nvidia/f1tenth_ws/install/vesc_driver://home/nvidia/f1tenth_ws/install/vesc_ackermann://home/nvidia/f1tenth_ws/install/vesc_msgs://home/nvidia/f1tenth_ws/install/teleop_tools://home/nvidia/f1tenth_ws/install/teleop_tools_msgs://home/nvidia/f1tenth_ws/install/range_lib://home/nvidia/f1tenth_ws/install/ackermann_mux://home/nvidia/f1tenth_ws/install/f1tenth_stack://home/nvidia/f1tenth_ws/install/joy_teleop://home/nvidia/f1tenth_ws/install/phasespace://home/nvidia/f1tenth_ws/install/particle_filter://home/nvidia/f1tenth_ws/install/new_map_saver://home/nvidia/f1tenth_ws/install/mouse_teleop://home/nvidia/f1tenth_ws/install/mapping://home/nvidia/f1tenth_ws/install/key_teleop:/opt/ros/foxy')]), 'shell': False}
[8.033263] (-) TimerEvent: {}
[8.045551] (mapping) Command: {'cmd': ['/usr/bin/python3', '-W', 'ignore:setup.py install is deprecated', 'setup.py', 'egg_info', '--egg-base', '../../build/mapping', 'build', '--build-base', '/home/nvidia/f1tenth_ws/build/mapping/build', 'install', '--record', '/home/nvidia/f1tenth_ws/build/mapping/install.log', '--install-scripts', '$base/lib/mapping', '--single-version-externally-managed', 'install_data'], 'cwd': '/home/nvidia/f1tenth_ws/src/mapping', 'env': {'LESSOPEN': '| /usr/bin/lesspipe %s', 'USER': 'nvidia', 'SSH_AGENT_PID': '3834', 'XDG_SESSION_TYPE': 'x11', 'SHLVL': '1', 'LD_LIBRARY_PATH': '//home/nvidia/f1tenth_ws/install/vesc_driver/lib://home/nvidia/f1tenth_ws/install/vesc_ackermann/lib://home/nvidia/f1tenth_ws/install/vesc_msgs/lib://home/nvidia/f1tenth_ws/install/teleop_tools_msgs/lib:/usr/lib/aarch64-linux-gnu/gazebo-11/plugins:/opt/ros/foxy/opt/yaml_cpp_vendor/lib:/opt/ros/foxy/opt/rviz_ogre_vendor/lib:/opt/ros/foxy/lib/aarch64-linux-gnu:/opt/ros/foxy/lib:/usr/local/cuda-11.4/lib64:', 'HOME': '/home/nvidia', 'OLDPWD': '/home/nvidia/f1tenth_ws/src/f1tenth_controllers', 'DESKTOP_SESSION': 'ubuntu', 'ROS_PYTHON_VERSION': '3', 'GNOME_SHELL_SESSION_MODE': 'ubuntu', 'GTK_MODULES': 'gail:atk-bridge', 'MANAGERPID': '3734', 'DBUS_SESSION_BUS_ADDRESS': 'unix:path=/run/user/1000/bus', 'COLORTERM': 'truecolor', 'TERMINATOR_DBUS_NAME': 'net.tenshu.Terminator23558193cd9818af7fe4d2c2f5bd9d00f', 'GIO_LAUNCHED_DESKTOP_FILE_PID': '6532', 'IM_CONFIG_PHASE': '1', 'COLCON_PREFIX_PATH': '//home/nvidia/f1tenth_ws/install', 'ROS_DISTRO': 'foxy', 'LOGNAME': 'nvidia', 'JOURNAL_STREAM': '8:68012', '_': '/usr/bin/colcon', 'ROS_VERSION': '2', 'XDG_SESSION_CLASS': 'user', 'USERNAME': 'nvidia', 'TERM': 'xterm-256color', 'GAZEBO_MODEL_PATH': ':/opt/ros/foxy/share/turtlebot3_gazebo/models', 'GNOME_DESKTOP_SESSION_ID': 'this-is-deprecated', 'ROS_LOCALHOST_ONLY': '0', 'WINDOWPATH': '2', 'PATH': '//home/nvidia/f1tenth_ws/install/range_lib/bin:/opt/ros/foxy/bin:/usr/local/cuda-11.4/bin:/home/nvidia/.local/bin:/usr/local/sbin:/usr/local/bin:/usr/sbin:/usr/bin:/sbin:/bin:/usr/games:/usr/local/games:/snap/bin', 'SESSION_MANAGER': 'local/ubuntu:@/tmp/.ICE-unix/3871,unix/ubuntu:/tmp/.ICE-unix/3871', 'INVOCATION_ID': '3ef7397d0ea34bca9ca2a0d82e935ac2', 'XDG_MENU_PREFIX': 'gnome-', 'XDG_RUNTIME_DIR': '/run/user/1000', 'DISPLAY': ':1', 'TERMINATOR_DBUS_PATH': '/net/tenshu/Terminator2', 'LANG': 'en_US.UTF-8', 'XDG_CURRENT_DESKTOP': 'ubuntu:GNOME', 'XMODIFIERS': '@im=ibus', 'XDG_SESSION_DESKTOP': 'ubuntu', 'XAUTHORITY': '/run/user/1000/gdm/Xauthority', 'LS_COLORS': 'rs=0:di=01;34:ln=01;36:mh=00:pi=40;33:so=01;35:do=01;35:bd=40;33;01:cd=40;33;01:or=40;31;01:mi=00:su=37;41:sg=30;43:ca=30;41:tw=30;42:ow=34;42:st=37;44:ex=01;32:*.tar=01;31:*.tgz=01;31:*.arc=01;31:*.arj=01;31:*.taz=01;31:*.lha=01;31:*.lz4=01;31:*.lzh=01;31:*.lzma=01;31:*.tlz=01;31:*.txz=01;31:*.tzo=01;31:*.t7z=01;31:*.zip=01;31:*.z=01;31:*.dz=01;31:*.gz=01;31:*.lrz=01;31:*.lz=01;31:*.lzo=01;31:*.xz=01;31:*.zst=01;31:*.tzst=01;31:*.bz2=01;31:*.bz=01;31:*.tbz=01;31:*.tbz2=01;31:*.tz=01;31:*.deb=01;31:*.rpm=01;31:*.jar=01;31:*.war=01;31:*.ear=01;31:*.sar=01;31:*.rar=01;31:*.alz=01;31:*.ace=01;31:*.zoo=01;31:*.cpio=01;31:*.7z=01;31:*.rz=01;31:*.cab=01;31:*.wim=01;31:*.swm=01;31:*.dwm=01;31:*.esd=01;31:*.jpg=01;35:*.jpeg=01;35:*.mjpg=01;35:*.mjpeg=01;35:*.gif=01;35:*.bmp=01;35:*.pbm=01;35:*.pgm=01;35:*.ppm=01;35:*.tga=01;35:*.xbm=01;35:*.xpm=01;35:*.tif=01;35:*.tiff=01;35:*.png=01;35:*.svg=01;35:*.svgz=01;35:*.mng=01;35:*.pcx=01;35:*.mov=01;35:*.mpg=01;35:*.mpeg=01;35:*.m2v=01;35:*.mkv=01;35:*.webm=01;35:*.ogm=01;35:*.mp4=01;35:*.m4v=01;35:*.mp4v=01;35:*.vob=01;35:*.qt=01;35:*.nuv=01;35:*.wmv=01;35:*.asf=01;35:*.rm=01;35:*.rmvb=01;35:*.flc=01;35:*.avi=01;35:*.fli=01;35:*.flv=01;35:*.gl=01;35:*.dl=01;35:*.xcf=01;35:*.xwd=01;35:*.yuv=01;35:*.cgm=01;35:*.emf=01;35:*.ogv=01;35:*.ogx=01;35:*.aac=00;36:*.au=00;36:*.flac=00;36:*.m4a=00;36:*.mid=00;36:*.midi=00;36:*.mka=00;36:*.mp3=00;36:*.mpc=00;36:*.ogg=00;36:*.ra=00;36:*.wav=00;36:*.oga=00;36:*.opus=00;36:*.spx=00;36:*.xspf=00;36:', 'SSH_AUTH_SOCK': '/run/user/1000/keyring/ssh', 'ROS_DOMAIN_ID': '4', 'AMENT_PREFIX_PATH': '//home/nvidia/f1tenth_ws/install/f1tenth_stack://home/nvidia/f1tenth_ws/install/vesc://home/nvidia/f1tenth_ws/install/vesc_driver://home/nvidia/f1tenth_ws/install/vesc_ackermann://home/nvidia/f1tenth_ws/install/vesc_msgs://home/nvidia/f1tenth_ws/install/teleop_tools://home/nvidia/f1tenth_ws/install/joy_teleop://home/nvidia/f1tenth_ws/install/teleop_tools_msgs://home/nvidia/f1tenth_ws/install/phasespace://home/nvidia/f1tenth_ws/install/particle_filter://home/nvidia/f1tenth_ws/install/new_map_saver://home/nvidia/f1tenth_ws/install/mouse_teleop://home/nvidia/f1tenth_ws/install/mapping://home/nvidia/f1tenth_ws/install/key_teleop://home/nvidia/f1tenth_ws/install/ackermann_mux:/opt/ros/foxy', 'SHELL': '/bin/bash', 'TERMINATOR_UUID': 'urn:uuid:ffa84fa6-9ec7-420e-953e-e336d0726543', 'QT_ACCESSIBILITY': '1', 'GDMSESSION': 'ubuntu', 'LESSCLOSE': '/usr/bin/lesspipe %s %s', 'GPG_AGENT_INFO': '/run/user/1000/gnupg/S.gpg-agent:0:1', 'QT_IM_MODULE': 'ibus', 'PWD': '/home/nvidia/f1tenth_ws/build/mapping', 'TURTLEBOT3_MODEL': 'waffle', 'LC_ALL': 'en_US.UTF-8', 'XDG_CONFIG_DIRS': '/etc/xdg/xdg-ubuntu:/etc/xdg', 'XDG_DATA_DIRS': '/usr/share/ubuntu:/usr/local/share/:/usr/share/:/var/lib/snapd/desktop', 'PYTHONPATH': '/home/nvidia/f1tenth_ws/build/mapping/prefix_override:/usr/lib/python3/dist-packages/colcon_core/task/python/colcon_distutils_commands:/home/nvidia/f1tenth_ws/install/mapping/lib/python3.8/site-packages://home/nvidia/f1tenth_ws/install/f1tenth_stack/lib/python3.8/site-packages://home/nvidia/f1tenth_ws/install/vesc_msgs/lib/python3.8/site-packages://home/nvidia/f1tenth_ws/install/joy_teleop/lib/python3.8/site-packages://home/nvidia/f1tenth_ws/install/teleop_tools_msgs/lib/python3.8/site-packages://home/nvidia/f1tenth_ws/install/phasespace/lib/python3.8/site-packages://home/nvidia/f1tenth_ws/install/particle_filter/lib/python3.8/site-packages://home/nvidia/f1tenth_ws/install/new_map_saver/lib/python3.8/site-packages://home/nvidia/f1tenth_ws/install/mouse_teleop/lib/python3.8/site-packages://home/nvidia/f1tenth_ws/install/mapping/lib/python3.8/site-packages://home/nvidia/f1tenth_ws/install/key_teleop/lib/python3.8/site-packages:/opt/ros/foxy/lib/python3.8/site-packages', 'COLCON': '1', 'VTE_VERSION': '6003', 'CMAKE_PREFIX_PATH': '//home/nvidia/f1tenth_ws/install/vesc://home/nvidia/f1tenth_ws/install/vesc_driver://home/nvidia/f1tenth_ws/install/vesc_ackermann://home/nvidia/f1tenth_ws/install/vesc_msgs://home/nvidia/f1tenth_ws/install/teleop_tools://home/nvidia/f1tenth_ws/install/teleop_tools_msgs://home/nvidia/f1tenth_ws/install/range_lib://home/nvidia/f1tenth_ws/install/ackermann_mux'}, 'shell': False}
[8.063671] (vesc_msgs) StdoutLine: {'line': b'-- Install configuration: ""\n'}
[8.073943] (vesc_msgs) StdoutLine: {'line': b'-- Up-to-date: /home/nvidia/f1tenth_ws/install/vesc_msgs/share/ament_index/resource_index/rosidl_interfaces/vesc_msgs\n'}
[8.078754] (vesc_msgs) StdoutLine: {'line': b'-- Up-to-date: /home/nvidia/f1tenth_ws/install/vesc_msgs/include/vesc_msgs\n'}
[8.079389] (vesc_msgs) StdoutLine: {'line': b'-- Up-to-date: /home/nvidia/f1tenth_ws/install/vesc_msgs/include/vesc_msgs/msg\n'}
[8.079922] (vesc_msgs) StdoutLine: {'line': b'-- Up-to-date: /home/nvidia/f1tenth_ws/install/vesc_msgs/include/vesc_msgs/msg/vesc_imu.h\n'}
[8.080427] (vesc_msgs) StdoutLine: {'line': b'-- Up-to-date: /home/nvidia/f1tenth_ws/install/vesc_msgs/include/vesc_msgs/msg/vesc_state_stamped.h\n'}
[8.080894] (vesc_msgs) StdoutLine: {'line': b'-- Up-to-date: /home/nvidia/f1tenth_ws/install/vesc_msgs/include/vesc_msgs/msg/detail\n'}
[8.081358] (vesc_msgs) StdoutLine: {'line': b'-- Up-to-date: /home/nvidia/f1tenth_ws/install/vesc_msgs/include/vesc_msgs/msg/detail/vesc_imu_stamped__functions.c\n'}
[8.081891] (vesc_msgs) StdoutLine: {'line': b'-- Up-to-date: /home/nvidia/f1tenth_ws/install/vesc_msgs/include/vesc_msgs/msg/detail/vesc_state__functions.c\n'}
[8.082357] (vesc_msgs) StdoutLine: {'line': b'-- Up-to-date: /home/nvidia/f1tenth_ws/install/vesc_msgs/include/vesc_msgs/msg/detail/vesc_imu__type_support.h\n'}
[8.082820] (vesc_msgs) StdoutLine: {'line': b'-- Up-to-date: /home/nvidia/f1tenth_ws/install/vesc_msgs/include/vesc_msgs/msg/detail/vesc_imu_stamped__functions.h\n'}
[8.083285] (vesc_msgs) StdoutLine: {'line': b'-- Up-to-date: /home/nvidia/f1tenth_ws/install/vesc_msgs/include/vesc_msgs/msg/detail/vesc_state__struct.h\n'}
[8.083751] (vesc_msgs) StdoutLine: {'line': b'-- Up-to-date: /home/nvidia/f1tenth_ws/install/vesc_msgs/include/vesc_msgs/msg/detail/vesc_imu__functions.h\n'}
[8.084199] (vesc_msgs) StdoutLine: {'line': b'-- Up-to-date: /home/nvidia/f1tenth_ws/install/vesc_msgs/include/vesc_msgs/msg/detail/vesc_state__functions.h\n'}
[8.084671] (vesc_msgs) StdoutLine: {'line': b'-- Up-to-date: /home/nvidia/f1tenth_ws/install/vesc_msgs/include/vesc_msgs/msg/detail/vesc_state_stamped__functions.h\n'}
[8.102783] (vesc_msgs) StdoutLine: {'line': b'-- Up-to-date: /home/nvidia/f1tenth_ws/install/vesc_msgs/include/vesc_msgs/msg/detail/vesc_imu_stamped__type_support.h\n'}
[8.109143] (vesc_msgs) StdoutLine: {'line': b'-- Up-to-date: /home/nvidia/f1tenth_ws/install/vesc_msgs/include/vesc_msgs/msg/detail/vesc_imu__struct.h\n'}
[8.109899] (vesc_msgs) StdoutLine: {'line': b'-- Up-to-date: /home/nvidia/f1tenth_ws/install/vesc_msgs/include/vesc_msgs/msg/detail/vesc_state_stamped__type_support.h\n'}
[8.110428] (vesc_msgs) StdoutLine: {'line': b'-- Up-to-date: /home/nvidia/f1tenth_ws/install/vesc_msgs/include/vesc_msgs/msg/detail/vesc_imu_stamped__struct.h\n'}
[8.110856] (vesc_msgs) StdoutLine: {'line': b'-- Up-to-date: /home/nvidia/f1tenth_ws/install/vesc_msgs/include/vesc_msgs/msg/detail/vesc_state__type_support.h\n'}
[8.111375] (vesc_msgs) StdoutLine: {'line': b'-- Up-to-date: /home/nvidia/f1tenth_ws/install/vesc_msgs/include/vesc_msgs/msg/detail/vesc_state_stamped__struct.h\n'}
[8.111858] (vesc_msgs) StdoutLine: {'line': b'-- Up-to-date: /home/nvidia/f1tenth_ws/install/vesc_msgs/include/vesc_msgs/msg/detail/vesc_state_stamped__functions.c\n'}
[8.112470] (vesc_msgs) StdoutLine: {'line': b'-- Up-to-date: /home/nvidia/f1tenth_ws/install/vesc_msgs/include/vesc_msgs/msg/detail/vesc_imu__functions.c\n'}
[8.112896] (vesc_msgs) StdoutLine: {'line': b'-- Up-to-date: /home/nvidia/f1tenth_ws/install/vesc_msgs/include/vesc_msgs/msg/vesc_state.h\n'}
[8.113352] (vesc_msgs) StdoutLine: {'line': b'-- Up-to-date: /home/nvidia/f1tenth_ws/install/vesc_msgs/include/vesc_msgs/msg/rosidl_generator_c__visibility_control.h\n'}
[8.113835] (vesc_msgs) StdoutLine: {'line': b'-- Up-to-date: /home/nvidia/f1tenth_ws/install/vesc_msgs/include/vesc_msgs/msg/vesc_imu_stamped.h\n'}
[8.114267] (vesc_msgs) StdoutLine: {'line': b'-- Up-to-date: /home/nvidia/f1tenth_ws/install/vesc_msgs/share/vesc_msgs/environment/library_path.sh\n'}
[8.114701] (vesc_msgs) StdoutLine: {'line': b'-- Up-to-date: /home/nvidia/f1tenth_ws/install/vesc_msgs/share/vesc_msgs/environment/library_path.dsv\n'}
[8.115116] (vesc_msgs) StdoutLine: {'line': b'-- Up-to-date: /home/nvidia/f1tenth_ws/install/vesc_msgs/lib/libvesc_msgs__rosidl_generator_c.so\n'}
[8.115556] (vesc_msgs) StdoutLine: {'line': b'-- Up-to-date: /home/nvidia/f1tenth_ws/install/vesc_msgs/include/vesc_msgs\n'}
[8.115978] (vesc_msgs) StdoutLine: {'line': b'-- Up-to-date: /home/nvidia/f1tenth_ws/install/vesc_msgs/include/vesc_msgs/msg\n'}
[8.116415] (vesc_msgs) StdoutLine: {'line': b'-- Up-to-date: /home/nvidia/f1tenth_ws/install/vesc_msgs/include/vesc_msgs/msg/detail\n'}
[8.116799] (vesc_msgs) StdoutLine: {'line': b'-- Up-to-date: /home/nvidia/f1tenth_ws/install/vesc_msgs/include/vesc_msgs/msg/detail/vesc_imu__rosidl_typesupport_fastrtps_c.h\n'}
[8.117251] (vesc_msgs) StdoutLine: {'line': b'-- Up-to-date: /home/nvidia/f1tenth_ws/install/vesc_msgs/include/vesc_msgs/msg/detail/vesc_state_stamped__rosidl_typesupport_fastrtps_c.h\n'}
[8.117846] (vesc_msgs) StdoutLine: {'line': b'-- Up-to-date: /home/nvidia/f1tenth_ws/install/vesc_msgs/include/vesc_msgs/msg/detail/vesc_imu_stamped__rosidl_typesupport_fastrtps_c.h\n'}
[8.123784] (vesc_msgs) StdoutLine: {'line': b'-- Up-to-date: /home/nvidia/f1tenth_ws/install/vesc_msgs/include/vesc_msgs/msg/detail/vesc_state__rosidl_typesupport_fastrtps_c.h\n'}
[8.125012] (vesc_msgs) StdoutLine: {'line': b'-- Up-to-date: /home/nvidia/f1tenth_ws/install/vesc_msgs/include/vesc_msgs/msg/rosidl_typesupport_fastrtps_c__visibility_control.h\n'}
[8.128689] (vesc_msgs) StdoutLine: {'line': b'-- Up-to-date: /home/nvidia/f1tenth_ws/install/vesc_msgs/lib/libvesc_msgs__rosidl_typesupport_fastrtps_c.so\n'}
[8.129532] (f1tenth_controllers) Command: {'cmd': ['/usr/bin/python3', '-W', 'ignore:setup.py install is deprecated', 'setup.py', 'egg_info', '--egg-base', '../../build/f1tenth_controllers', 'build', '--build-base', '/home/nvidia/f1tenth_ws/build/f1tenth_controllers/build', 'install', '--record', '/home/nvidia/f1tenth_ws/build/f1tenth_controllers/install.log', '--install-scripts', '$base/lib/f1tenth_controllers', '--single-version-externally-managed', 'install_data'], 'cwd': '/home/nvidia/f1tenth_ws/src/f1tenth_controllers', 'env': {'LESSOPEN': '| /usr/bin/lesspipe %s', 'USER': 'nvidia', 'SSH_AGENT_PID': '3834', 'XDG_SESSION_TYPE': 'x11', 'SHLVL': '1', 'LD_LIBRARY_PATH': '//home/nvidia/f1tenth_ws/install/vesc_driver/lib://home/nvidia/f1tenth_ws/install/vesc_ackermann/lib://home/nvidia/f1tenth_ws/install/vesc_msgs/lib://home/nvidia/f1tenth_ws/install/teleop_tools_msgs/lib:/usr/lib/aarch64-linux-gnu/gazebo-11/plugins:/opt/ros/foxy/opt/yaml_cpp_vendor/lib:/opt/ros/foxy/opt/rviz_ogre_vendor/lib:/opt/ros/foxy/lib/aarch64-linux-gnu:/opt/ros/foxy/lib:/usr/local/cuda-11.4/lib64:', 'HOME': '/home/nvidia', 'OLDPWD': '/home/nvidia/f1tenth_ws/src/f1tenth_controllers', 'DESKTOP_SESSION': 'ubuntu', 'ROS_PYTHON_VERSION': '3', 'GNOME_SHELL_SESSION_MODE': 'ubuntu', 'GTK_MODULES': 'gail:atk-bridge', 'MANAGERPID': '3734', 'DBUS_SESSION_BUS_ADDRESS': 'unix:path=/run/user/1000/bus', 'COLORTERM': 'truecolor', 'TERMINATOR_DBUS_NAME': 'net.tenshu.Terminator23558193cd9818af7fe4d2c2f5bd9d00f', 'GIO_LAUNCHED_DESKTOP_FILE_PID': '6532', 'IM_CONFIG_PHASE': '1', 'COLCON_PREFIX_PATH': '//home/nvidia/f1tenth_ws/install', 'ROS_DISTRO': 'foxy', 'LOGNAME': 'nvidia', 'JOURNAL_STREAM': '8:68012', '_': '/usr/bin/colcon', 'ROS_VERSION': '2', 'XDG_SESSION_CLASS': 'user', 'USERNAME': 'nvidia', 'TERM': 'xterm-256color', 'GAZEBO_MODEL_PATH': ':/opt/ros/foxy/share/turtlebot3_gazebo/models', 'GNOME_DESKTOP_SESSION_ID': 'this-is-deprecated', 'ROS_LOCALHOST_ONLY': '0', 'WINDOWPATH': '2', 'PATH': '//home/nvidia/f1tenth_ws/install/range_lib/bin:/opt/ros/foxy/bin:/usr/local/cuda-11.4/bin:/home/nvidia/.local/bin:/usr/local/sbin:/usr/local/bin:/usr/sbin:/usr/bin:/sbin:/bin:/usr/games:/usr/local/games:/snap/bin', 'SESSION_MANAGER': 'local/ubuntu:@/tmp/.ICE-unix/3871,unix/ubuntu:/tmp/.ICE-unix/3871', 'INVOCATION_ID': '3ef7397d0ea34bca9ca2a0d82e935ac2', 'XDG_MENU_PREFIX': 'gnome-', 'XDG_RUNTIME_DIR': '/run/user/1000', 'DISPLAY': ':1', 'TERMINATOR_DBUS_PATH': '/net/tenshu/Terminator2', 'LANG': 'en_US.UTF-8', 'XDG_CURRENT_DESKTOP': 'ubuntu:GNOME', 'XMODIFIERS': '@im=ibus', 'XDG_SESSION_DESKTOP': 'ubuntu', 'XAUTHORITY': '/run/user/1000/gdm/Xauthority', 'LS_COLORS': 'rs=0:di=01;34:ln=01;36:mh=00:pi=40;33:so=01;35:do=01;35:bd=40;33;01:cd=40;33;01:or=40;31;01:mi=00:su=37;41:sg=30;43:ca=30;41:tw=30;42:ow=34;42:st=37;44:ex=01;32:*.tar=01;31:*.tgz=01;31:*.arc=01;31:*.arj=01;31:*.taz=01;31:*.lha=01;31:*.lz4=01;31:*.lzh=01;31:*.lzma=01;31:*.tlz=01;31:*.txz=01;31:*.tzo=01;31:*.t7z=01;31:*.zip=01;31:*.z=01;31:*.dz=01;31:*.gz=01;31:*.lrz=01;31:*.lz=01;31:*.lzo=01;31:*.xz=01;31:*.zst=01;31:*.tzst=01;31:*.bz2=01;31:*.bz=01;31:*.tbz=01;31:*.tbz2=01;31:*.tz=01;31:*.deb=01;31:*.rpm=01;31:*.jar=01;31:*.war=01;31:*.ear=01;31:*.sar=01;31:*.rar=01;31:*.alz=01;31:*.ace=01;31:*.zoo=01;31:*.cpio=01;31:*.7z=01;31:*.rz=01;31:*.cab=01;31:*.wim=01;31:*.swm=01;31:*.dwm=01;31:*.esd=01;31:*.jpg=01;35:*.jpeg=01;35:*.mjpg=01;35:*.mjpeg=01;35:*.gif=01;35:*.bmp=01;35:*.pbm=01;35:*.pgm=01;35:*.ppm=01;35:*.tga=01;35:*.xbm=01;35:*.xpm=01;35:*.tif=01;35:*.tiff=01;35:*.png=01;35:*.svg=01;35:*.svgz=01;35:*.mng=01;35:*.pcx=01;35:*.mov=01;35:*.mpg=01;35:*.mpeg=01;35:*.m2v=01;35:*.mkv=01;35:*.webm=01;35:*.ogm=01;35:*.mp4=01;35:*.m4v=01;35:*.mp4v=01;35:*.vob=01;35:*.qt=01;35:*.nuv=01;35:*.wmv=01;35:*.asf=01;35:*.rm=01;35:*.rmvb=01;35:*.flc=01;35:*.avi=01;35:*.fli=01;35:*.flv=01;35:*.gl=01;35:*.dl=01;35:*.xcf=01;35:*.xwd=01;35:*.yuv=01;35:*.cgm=01;35:*.emf=01;35:*.ogv=01;35:*.ogx=01;35:*.aac=00;36:*.au=00;36:*.flac=00;36:*.m4a=00;36:*.mid=00;36:*.midi=00;36:*.mka=00;36:*.mp3=00;36:*.mpc=00;36:*.ogg=00;36:*.ra=00;36:*.wav=00;36:*.oga=00;36:*.opus=00;36:*.spx=00;36:*.xspf=00;36:', 'SSH_AUTH_SOCK': '/run/user/1000/keyring/ssh', 'ROS_DOMAIN_ID': '4', 'AMENT_PREFIX_PATH': '//home/nvidia/f1tenth_ws/install/f1tenth_stack://home/nvidia/f1tenth_ws/install/vesc://home/nvidia/f1tenth_ws/install/vesc_driver://home/nvidia/f1tenth_ws/install/vesc_ackermann://home/nvidia/f1tenth_ws/install/vesc_msgs://home/nvidia/f1tenth_ws/install/teleop_tools://home/nvidia/f1tenth_ws/install/joy_teleop://home/nvidia/f1tenth_ws/install/teleop_tools_msgs://home/nvidia/f1tenth_ws/install/phasespace://home/nvidia/f1tenth_ws/install/particle_filter://home/nvidia/f1tenth_ws/install/new_map_saver://home/nvidia/f1tenth_ws/install/mouse_teleop://home/nvidia/f1tenth_ws/install/mapping://home/nvidia/f1tenth_ws/install/key_teleop://home/nvidia/f1tenth_ws/install/ackermann_mux:/opt/ros/foxy', 'SHELL': '/bin/bash', 'TERMINATOR_UUID': 'urn:uuid:ffa84fa6-9ec7-420e-953e-e336d0726543', 'QT_ACCESSIBILITY': '1', 'GDMSESSION': 'ubuntu', 'LESSCLOSE': '/usr/bin/lesspipe %s %s', 'GPG_AGENT_INFO': '/run/user/1000/gnupg/S.gpg-agent:0:1', 'QT_IM_MODULE': 'ibus', 'PWD': '/home/nvidia/f1tenth_ws/build/f1tenth_controllers', 'TURTLEBOT3_MODEL': 'waffle', 'LC_ALL': 'en_US.UTF-8', 'XDG_CONFIG_DIRS': '/etc/xdg/xdg-ubuntu:/etc/xdg', 'XDG_DATA_DIRS': '/usr/share/ubuntu:/usr/local/share/:/usr/share/:/var/lib/snapd/desktop', 'PYTHONPATH': '/home/nvidia/f1tenth_ws/build/f1tenth_controllers/prefix_override:/usr/lib/python3/dist-packages/colcon_core/task/python/colcon_distutils_commands:/home/nvidia/f1tenth_ws/install/f1tenth_controllers/lib/python3.8/site-packages://home/nvidia/f1tenth_ws/install/f1tenth_stack/lib/python3.8/site-packages://home/nvidia/f1tenth_ws/install/vesc_msgs/lib/python3.8/site-packages://home/nvidia/f1tenth_ws/install/joy_teleop/lib/python3.8/site-packages://home/nvidia/f1tenth_ws/install/teleop_tools_msgs/lib/python3.8/site-packages://home/nvidia/f1tenth_ws/install/phasespace/lib/python3.8/site-packages://home/nvidia/f1tenth_ws/install/particle_filter/lib/python3.8/site-packages://home/nvidia/f1tenth_ws/install/new_map_saver/lib/python3.8/site-packages://home/nvidia/f1tenth_ws/install/mouse_teleop/lib/python3.8/site-packages://home/nvidia/f1tenth_ws/install/mapping/lib/python3.8/site-packages://home/nvidia/f1tenth_ws/install/key_teleop/lib/python3.8/site-packages:/opt/ros/foxy/lib/python3.8/site-packages', 'COLCON': '1', 'VTE_VERSION': '6003', 'CMAKE_PREFIX_PATH': '//home/nvidia/f1tenth_ws/install/vesc://home/nvidia/f1tenth_ws/install/vesc_driver://home/nvidia/f1tenth_ws/install/vesc_ackermann://home/nvidia/f1tenth_ws/install/vesc_msgs://home/nvidia/f1tenth_ws/install/teleop_tools://home/nvidia/f1tenth_ws/install/teleop_tools_msgs://home/nvidia/f1tenth_ws/install/range_lib://home/nvidia/f1tenth_ws/install/ackermann_mux'}, 'shell': False}
[8.153897] (-) TimerEvent: {}
[8.155621] (vesc_msgs) StdoutLine: {'line': b'-- Up-to-date: /home/nvidia/f1tenth_ws/install/vesc_msgs/include/vesc_msgs\n'}
[8.156648] (vesc_msgs) StdoutLine: {'line': b'-- Up-to-date: /home/nvidia/f1tenth_ws/install/vesc_msgs/include/vesc_msgs/msg\n'}
[8.157242] (vesc_msgs) StdoutLine: {'line': b'-- Up-to-date: /home/nvidia/f1tenth_ws/install/vesc_msgs/include/vesc_msgs/msg/rosidl_typesupport_fastrtps_cpp__visibility_control.h\n'}
[8.161201] (vesc_msgs) StdoutLine: {'line': b'-- Up-to-date: /home/nvidia/f1tenth_ws/install/vesc_msgs/include/vesc_msgs/msg/detail\n'}
[8.162076] (vesc_msgs) StdoutLine: {'line': b'-- Up-to-date: /home/nvidia/f1tenth_ws/install/vesc_msgs/include/vesc_msgs/msg/detail/vesc_imu__rosidl_typesupport_fastrtps_cpp.hpp\n'}
[8.162667] (vesc_msgs) StdoutLine: {'line': b'-- Up-to-date: /home/nvidia/f1tenth_ws/install/vesc_msgs/include/vesc_msgs/msg/detail/vesc_imu_stamped__rosidl_typesupport_fastrtps_cpp.hpp\n'}
[8.163123] (vesc_msgs) StdoutLine: {'line': b'-- Up-to-date: /home/nvidia/f1tenth_ws/install/vesc_msgs/include/vesc_msgs/msg/detail/vesc_state__rosidl_typesupport_fastrtps_cpp.hpp\n'}
[8.163568] (vesc_msgs) StdoutLine: {'line': b'-- Up-to-date: /home/nvidia/f1tenth_ws/install/vesc_msgs/include/vesc_msgs/msg/detail/dds_fastrtps\n'}
[8.164015] (vesc_msgs) StdoutLine: {'line': b'-- Up-to-date: /home/nvidia/f1tenth_ws/install/vesc_msgs/include/vesc_msgs/msg/detail/vesc_state_stamped__rosidl_typesupport_fastrtps_cpp.hpp\n'}
[8.164432] (vesc_msgs) StdoutLine: {'line': b'-- Up-to-date: /home/nvidia/f1tenth_ws/install/vesc_msgs/lib/libvesc_msgs__rosidl_typesupport_fastrtps_cpp.so\n'}
[8.164869] (vesc_msgs) StdoutLine: {'line': b'-- Up-to-date: /home/nvidia/f1tenth_ws/install/vesc_msgs/include/vesc_msgs\n'}
[8.165382] (vesc_msgs) StdoutLine: {'line': b'-- Up-to-date: /home/nvidia/f1tenth_ws/install/vesc_msgs/include/vesc_msgs/msg\n'}
[8.186344] (vesc_msgs) StdoutLine: {'line': b'-- Up-to-date: /home/nvidia/f1tenth_ws/install/vesc_msgs/include/vesc_msgs/msg/detail\n'}
[8.191575] (vesc_msgs) StdoutLine: {'line': b'-- Up-to-date: /home/nvidia/f1tenth_ws/install/vesc_msgs/include/vesc_msgs/msg/detail/vesc_state__rosidl_typesupport_introspection_c.h\n'}
[8.192135] (vesc_msgs) StdoutLine: {'line': b'-- Up-to-date: /home/nvidia/f1tenth_ws/install/vesc_msgs/include/vesc_msgs/msg/detail/vesc_imu__rosidl_typesupport_introspection_c.h\n'}
[8.192699] (vesc_msgs) StdoutLine: {'line': b'-- Up-to-date: /home/nvidia/f1tenth_ws/install/vesc_msgs/include/vesc_msgs/msg/detail/vesc_imu_stamped__type_support.c\n'}
[8.193149] (vesc_msgs) StdoutLine: {'line': b'-- Up-to-date: /home/nvidia/f1tenth_ws/install/vesc_msgs/include/vesc_msgs/msg/detail/vesc_state__type_support.c\n'}
[8.193606] (vesc_msgs) StdoutLine: {'line': b'-- Up-to-date: /home/nvidia/f1tenth_ws/install/vesc_msgs/include/vesc_msgs/msg/detail/vesc_imu_stamped__rosidl_typesupport_introspection_c.h\n'}
[8.194148] (vesc_msgs) StdoutLine: {'line': b'-- Up-to-date: /home/nvidia/f1tenth_ws/install/vesc_msgs/include/vesc_msgs/msg/detail/vesc_imu__type_support.c\n'}
[8.194580] (vesc_msgs) StdoutLine: {'line': b'-- Up-to-date: /home/nvidia/f1tenth_ws/install/vesc_msgs/include/vesc_msgs/msg/detail/vesc_state_stamped__rosidl_typesupport_introspection_c.h\n'}
[8.194994] (vesc_msgs) StdoutLine: {'line': b'-- Up-to-date: /home/nvidia/f1tenth_ws/install/vesc_msgs/include/vesc_msgs/msg/detail/vesc_state_stamped__type_support.c\n'}
[8.195406] (vesc_msgs) StdoutLine: {'line': b'-- Up-to-date: /home/nvidia/f1tenth_ws/install/vesc_msgs/include/vesc_msgs/msg/rosidl_typesupport_introspection_c__visibility_control.h\n'}
[8.195821] (vesc_msgs) StdoutLine: {'line': b'-- Up-to-date: /home/nvidia/f1tenth_ws/install/vesc_msgs/lib/libvesc_msgs__rosidl_typesupport_introspection_c.so\n'}
[8.196206] (vesc_msgs) StdoutLine: {'line': b'-- Up-to-date: /home/nvidia/f1tenth_ws/install/vesc_msgs/lib/libvesc_msgs__rosidl_typesupport_c.so\n'}
[8.196591] (vesc_msgs) StdoutLine: {'line': b'-- Up-to-date: /home/nvidia/f1tenth_ws/install/vesc_msgs/include/vesc_msgs\n'}
[8.196997] (vesc_msgs) StdoutLine: {'line': b'-- Up-to-date: /home/nvidia/f1tenth_ws/install/vesc_msgs/include/vesc_msgs/msg\n'}
[8.197374] (vesc_msgs) StdoutLine: {'line': b'-- Up-to-date: /home/nvidia/f1tenth_ws/install/vesc_msgs/include/vesc_msgs/msg/vesc_imu.hpp\n'}
[8.198133] (vesc_msgs) StdoutLine: {'line': b'-- Up-to-date: /home/nvidia/f1tenth_ws/install/vesc_msgs/include/vesc_msgs/msg/detail\n'}
[8.198575] (vesc_msgs) StdoutLine: {'line': b'-- Up-to-date: /home/nvidia/f1tenth_ws/install/vesc_msgs/include/vesc_msgs/msg/detail/vesc_imu__struct.hpp\n'}
[8.199018] (vesc_msgs) StdoutLine: {'line': b'-- Up-to-date: /home/nvidia/f1tenth_ws/install/vesc_msgs/include/vesc_msgs/msg/detail/vesc_imu__builder.hpp\n'}
[8.199404] (vesc_msgs) StdoutLine: {'line': b'-- Up-to-date: /home/nvidia/f1tenth_ws/install/vesc_msgs/include/vesc_msgs/msg/detail/vesc_state_stamped__type_support.hpp\n'}
[8.210352] (vesc_msgs) StdoutLine: {'line': b'-- Up-to-date: /home/nvidia/f1tenth_ws/install/vesc_msgs/include/vesc_msgs/msg/detail/vesc_imu__traits.hpp\n'}
[8.210904] (vesc_msgs) StdoutLine: {'line': b'-- Up-to-date: /home/nvidia/f1tenth_ws/install/vesc_msgs/include/vesc_msgs/msg/detail/vesc_imu_stamped__traits.hpp\n'}
[8.211353] (vesc_msgs) StdoutLine: {'line': b'-- Up-to-date: /home/nvidia/f1tenth_ws/install/vesc_msgs/include/vesc_msgs/msg/detail/vesc_state_stamped__traits.hpp\n'}
[8.211766] (vesc_msgs) StdoutLine: {'line': b'-- Up-to-date: /home/nvidia/f1tenth_ws/install/vesc_msgs/include/vesc_msgs/msg/detail/vesc_imu_stamped__type_support.hpp\n'}
[8.212191] (vesc_msgs) StdoutLine: {'line': b'-- Up-to-date: /home/nvidia/f1tenth_ws/install/vesc_msgs/include/vesc_msgs/msg/detail/vesc_state_stamped__builder.hpp\n'}
[8.212596] (vesc_msgs) StdoutLine: {'line': b'-- Up-to-date: /home/nvidia/f1tenth_ws/install/vesc_msgs/include/vesc_msgs/msg/detail/vesc_imu_stamped__struct.hpp\n'}
[8.213034] (vesc_msgs) StdoutLine: {'line': b'-- Up-to-date: /home/nvidia/f1tenth_ws/install/vesc_msgs/include/vesc_msgs/msg/detail/vesc_state_stamped__struct.hpp\n'}
[8.213530] (vesc_msgs) StdoutLine: {'line': b'-- Up-to-date: /home/nvidia/f1tenth_ws/install/vesc_msgs/include/vesc_msgs/msg/detail/vesc_state__struct.hpp\n'}
[8.214081] (vesc_msgs) StdoutLine: {'line': b'-- Up-to-date: /home/nvidia/f1tenth_ws/install/vesc_msgs/include/vesc_msgs/msg/detail/vesc_imu_stamped__builder.hpp\n'}
[8.214493] (vesc_msgs) StdoutLine: {'line': b'-- Up-to-date: /home/nvidia/f1tenth_ws/install/vesc_msgs/include/vesc_msgs/msg/detail/vesc_state__type_support.hpp\n'}
[8.214906] (vesc_msgs) StdoutLine: {'line': b'-- Up-to-date: /home/nvidia/f1tenth_ws/install/vesc_msgs/include/vesc_msgs/msg/detail/vesc_state__builder.hpp\n'}
[8.215287] (vesc_msgs) StdoutLine: {'line': b'-- Up-to-date: /home/nvidia/f1tenth_ws/install/vesc_msgs/include/vesc_msgs/msg/detail/vesc_imu__type_support.hpp\n'}
[8.215781] (vesc_msgs) StdoutLine: {'line': b'-- Up-to-date: /home/nvidia/f1tenth_ws/install/vesc_msgs/include/vesc_msgs/msg/detail/vesc_state__traits.hpp\n'}
[8.216171] (vesc_msgs) StdoutLine: {'line': b'-- Up-to-date: /home/nvidia/f1tenth_ws/install/vesc_msgs/include/vesc_msgs/msg/rosidl_generator_cpp__visibility_control.hpp\n'}
[8.216542] (vesc_msgs) StdoutLine: {'line': b'-- Up-to-date: /home/nvidia/f1tenth_ws/install/vesc_msgs/include/vesc_msgs/msg/vesc_state_stamped.hpp\n'}
[8.216909] (vesc_msgs) StdoutLine: {'line': b'-- Up-to-date: /home/nvidia/f1tenth_ws/install/vesc_msgs/include/vesc_msgs/msg/vesc_imu_stamped.hpp\n'}
[8.217283] (vesc_msgs) StdoutLine: {'line': b'-- Up-to-date: /home/nvidia/f1tenth_ws/install/vesc_msgs/include/vesc_msgs/msg/vesc_state.hpp\n'}
[8.217656] (vesc_msgs) StdoutLine: {'line': b'-- Up-to-date: /home/nvidia/f1tenth_ws/install/vesc_msgs/include/vesc_msgs\n'}
[8.226556] (vesc_msgs) StdoutLine: {'line': b'-- Up-to-date: /home/nvidia/f1tenth_ws/install/vesc_msgs/include/vesc_msgs/msg\n'}
[8.226994] (vesc_msgs) StdoutLine: {'line': b'-- Up-to-date: /home/nvidia/f1tenth_ws/install/vesc_msgs/include/vesc_msgs/msg/detail\n'}
[8.228178] (vesc_msgs) StdoutLine: {'line': b'-- Up-to-date: /home/nvidia/f1tenth_ws/install/vesc_msgs/include/vesc_msgs/msg/detail/vesc_imu_stamped__type_support.cpp\n'}
[8.228712] (vesc_msgs) StdoutLine: {'line': b'-- Up-to-date: /home/nvidia/f1tenth_ws/install/vesc_msgs/include/vesc_msgs/msg/detail/vesc_state__rosidl_typesupport_introspection_cpp.hpp\n'}
[8.229144] (vesc_msgs) StdoutLine: {'line': b'-- Up-to-date: /home/nvidia/f1tenth_ws/install/vesc_msgs/include/vesc_msgs/msg/detail/vesc_imu_stamped__rosidl_typesupport_introspection_cpp.hpp\n'}
[8.229519] (vesc_msgs) StdoutLine: {'line': b'-- Up-to-date: /home/nvidia/f1tenth_ws/install/vesc_msgs/include/vesc_msgs/msg/detail/vesc_state__type_support.cpp\n'}
[8.230027] (vesc_msgs) StdoutLine: {'line': b'-- Up-to-date: /home/nvidia/f1tenth_ws/install/vesc_msgs/include/vesc_msgs/msg/detail/vesc_imu__rosidl_typesupport_introspection_cpp.hpp\n'}
[8.230429] (vesc_msgs) StdoutLine: {'line': b'-- Up-to-date: /home/nvidia/f1tenth_ws/install/vesc_msgs/include/vesc_msgs/msg/detail/vesc_state_stamped__type_support.cpp\n'}
[8.230790] (vesc_msgs) StdoutLine: {'line': b'-- Up-to-date: /home/nvidia/f1tenth_ws/install/vesc_msgs/include/vesc_msgs/msg/detail/vesc_state_stamped__rosidl_typesupport_introspection_cpp.hpp\n'}
[8.231156] (vesc_msgs) StdoutLine: {'line': b'-- Up-to-date: /home/nvidia/f1tenth_ws/install/vesc_msgs/include/vesc_msgs/msg/detail/vesc_imu__type_support.cpp\n'}
[8.231504] (vesc_msgs) StdoutLine: {'line': b'-- Up-to-date: /home/nvidia/f1tenth_ws/install/vesc_msgs/lib/libvesc_msgs__rosidl_typesupport_introspection_cpp.so\n'}
[8.231886] (vesc_msgs) StdoutLine: {'line': b'-- Up-to-date: /home/nvidia/f1tenth_ws/install/vesc_msgs/lib/libvesc_msgs__rosidl_typesupport_cpp.so\n'}
[8.232291] (key_teleop) Command: {'cmd': ['/usr/bin/python3', '-W', 'ignore:setup.py install is deprecated', 'setup.py', 'egg_info', '--egg-base', '../../../../build/key_teleop', 'build', '--build-base', '/home/nvidia/f1tenth_ws/build/key_teleop/build', 'install', '--record', '/home/nvidia/f1tenth_ws/build/key_teleop/install.log', '--install-scripts', '$base/lib/key_teleop', '--single-version-externally-managed', 'install_data'], 'cwd': '/home/nvidia/f1tenth_ws/src/f1tenth_system/teleop_tools/key_teleop', 'env': {'LESSOPEN': '| /usr/bin/lesspipe %s', 'USER': 'nvidia', 'SSH_AGENT_PID': '3834', 'XDG_SESSION_TYPE': 'x11', 'SHLVL': '1', 'LD_LIBRARY_PATH': '//home/nvidia/f1tenth_ws/install/vesc_driver/lib://home/nvidia/f1tenth_ws/install/vesc_ackermann/lib://home/nvidia/f1tenth_ws/install/vesc_msgs/lib://home/nvidia/f1tenth_ws/install/teleop_tools_msgs/lib:/usr/lib/aarch64-linux-gnu/gazebo-11/plugins:/opt/ros/foxy/opt/yaml_cpp_vendor/lib:/opt/ros/foxy/opt/rviz_ogre_vendor/lib:/opt/ros/foxy/lib/aarch64-linux-gnu:/opt/ros/foxy/lib:/usr/local/cuda-11.4/lib64:', 'HOME': '/home/nvidia', 'OLDPWD': '/home/nvidia/f1tenth_ws/src/f1tenth_controllers', 'DESKTOP_SESSION': 'ubuntu', 'ROS_PYTHON_VERSION': '3', 'GNOME_SHELL_SESSION_MODE': 'ubuntu', 'GTK_MODULES': 'gail:atk-bridge', 'MANAGERPID': '3734', 'DBUS_SESSION_BUS_ADDRESS': 'unix:path=/run/user/1000/bus', 'COLORTERM': 'truecolor', 'TERMINATOR_DBUS_NAME': 'net.tenshu.Terminator23558193cd9818af7fe4d2c2f5bd9d00f', 'GIO_LAUNCHED_DESKTOP_FILE_PID': '6532', 'IM_CONFIG_PHASE': '1', 'COLCON_PREFIX_PATH': '//home/nvidia/f1tenth_ws/install', 'ROS_DISTRO': 'foxy', 'LOGNAME': 'nvidia', 'JOURNAL_STREAM': '8:68012', '_': '/usr/bin/colcon', 'ROS_VERSION': '2', 'XDG_SESSION_CLASS': 'user', 'USERNAME': 'nvidia', 'TERM': 'xterm-256color', 'GAZEBO_MODEL_PATH': ':/opt/ros/foxy/share/turtlebot3_gazebo/models', 'GNOME_DESKTOP_SESSION_ID': 'this-is-deprecated', 'ROS_LOCALHOST_ONLY': '0', 'WINDOWPATH': '2', 'PATH': '//home/nvidia/f1tenth_ws/install/range_lib/bin:/opt/ros/foxy/bin:/usr/local/cuda-11.4/bin:/home/nvidia/.local/bin:/usr/local/sbin:/usr/local/bin:/usr/sbin:/usr/bin:/sbin:/bin:/usr/games:/usr/local/games:/snap/bin', 'SESSION_MANAGER': 'local/ubuntu:@/tmp/.ICE-unix/3871,unix/ubuntu:/tmp/.ICE-unix/3871', 'INVOCATION_ID': '3ef7397d0ea34bca9ca2a0d82e935ac2', 'XDG_MENU_PREFIX': 'gnome-', 'XDG_RUNTIME_DIR': '/run/user/1000', 'DISPLAY': ':1', 'TERMINATOR_DBUS_PATH': '/net/tenshu/Terminator2', 'LANG': 'en_US.UTF-8', 'XDG_CURRENT_DESKTOP': 'ubuntu:GNOME', 'XMODIFIERS': '@im=ibus', 'XDG_SESSION_DESKTOP': 'ubuntu', 'XAUTHORITY': '/run/user/1000/gdm/Xauthority', 'LS_COLORS': 'rs=0:di=01;34:ln=01;36:mh=00:pi=40;33:so=01;35:do=01;35:bd=40;33;01:cd=40;33;01:or=40;31;01:mi=00:su=37;41:sg=30;43:ca=30;41:tw=30;42:ow=34;42:st=37;44:ex=01;32:*.tar=01;31:*.tgz=01;31:*.arc=01;31:*.arj=01;31:*.taz=01;31:*.lha=01;31:*.lz4=01;31:*.lzh=01;31:*.lzma=01;31:*.tlz=01;31:*.txz=01;31:*.tzo=01;31:*.t7z=01;31:*.zip=01;31:*.z=01;31:*.dz=01;31:*.gz=01;31:*.lrz=01;31:*.lz=01;31:*.lzo=01;31:*.xz=01;31:*.zst=01;31:*.tzst=01;31:*.bz2=01;31:*.bz=01;31:*.tbz=01;31:*.tbz2=01;31:*.tz=01;31:*.deb=01;31:*.rpm=01;31:*.jar=01;31:*.war=01;31:*.ear=01;31:*.sar=01;31:*.rar=01;31:*.alz=01;31:*.ace=01;31:*.zoo=01;31:*.cpio=01;31:*.7z=01;31:*.rz=01;31:*.cab=01;31:*.wim=01;31:*.swm=01;31:*.dwm=01;31:*.esd=01;31:*.jpg=01;35:*.jpeg=01;35:*.mjpg=01;35:*.mjpeg=01;35:*.gif=01;35:*.bmp=01;35:*.pbm=01;35:*.pgm=01;35:*.ppm=01;35:*.tga=01;35:*.xbm=01;35:*.xpm=01;35:*.tif=01;35:*.tiff=01;35:*.png=01;35:*.svg=01;35:*.svgz=01;35:*.mng=01;35:*.pcx=01;35:*.mov=01;35:*.mpg=01;35:*.mpeg=01;35:*.m2v=01;35:*.mkv=01;35:*.webm=01;35:*.ogm=01;35:*.mp4=01;35:*.m4v=01;35:*.mp4v=01;35:*.vob=01;35:*.qt=01;35:*.nuv=01;35:*.wmv=01;35:*.asf=01;35:*.rm=01;35:*.rmvb=01;35:*.flc=01;35:*.avi=01;35:*.fli=01;35:*.flv=01;35:*.gl=01;35:*.dl=01;35:*.xcf=01;35:*.xwd=01;35:*.yuv=01;35:*.cgm=01;35:*.emf=01;35:*.ogv=01;35:*.ogx=01;35:*.aac=00;36:*.au=00;36:*.flac=00;36:*.m4a=00;36:*.mid=00;36:*.midi=00;36:*.mka=00;36:*.mp3=00;36:*.mpc=00;36:*.ogg=00;36:*.ra=00;36:*.wav=00;36:*.oga=00;36:*.opus=00;36:*.spx=00;36:*.xspf=00;36:', 'SSH_AUTH_SOCK': '/run/user/1000/keyring/ssh', 'ROS_DOMAIN_ID': '4', 'AMENT_PREFIX_PATH': '//home/nvidia/f1tenth_ws/install/f1tenth_stack://home/nvidia/f1tenth_ws/install/vesc://home/nvidia/f1tenth_ws/install/vesc_driver://home/nvidia/f1tenth_ws/install/vesc_ackermann://home/nvidia/f1tenth_ws/install/vesc_msgs://home/nvidia/f1tenth_ws/install/teleop_tools://home/nvidia/f1tenth_ws/install/joy_teleop://home/nvidia/f1tenth_ws/install/teleop_tools_msgs://home/nvidia/f1tenth_ws/install/phasespace://home/nvidia/f1tenth_ws/install/particle_filter://home/nvidia/f1tenth_ws/install/new_map_saver://home/nvidia/f1tenth_ws/install/mouse_teleop://home/nvidia/f1tenth_ws/install/mapping://home/nvidia/f1tenth_ws/install/key_teleop://home/nvidia/f1tenth_ws/install/ackermann_mux:/opt/ros/foxy', 'SHELL': '/bin/bash', 'TERMINATOR_UUID': 'urn:uuid:ffa84fa6-9ec7-420e-953e-e336d0726543', 'QT_ACCESSIBILITY': '1', 'GDMSESSION': 'ubuntu', 'LESSCLOSE': '/usr/bin/lesspipe %s %s', 'GPG_AGENT_INFO': '/run/user/1000/gnupg/S.gpg-agent:0:1', 'QT_IM_MODULE': 'ibus', 'PWD': '/home/nvidia/f1tenth_ws/build/key_teleop', 'TURTLEBOT3_MODEL': 'waffle', 'LC_ALL': 'en_US.UTF-8', 'XDG_CONFIG_DIRS': '/etc/xdg/xdg-ubuntu:/etc/xdg', 'XDG_DATA_DIRS': '/usr/share/ubuntu:/usr/local/share/:/usr/share/:/var/lib/snapd/desktop', 'PYTHONPATH': '/home/nvidia/f1tenth_ws/build/key_teleop/prefix_override:/usr/lib/python3/dist-packages/colcon_core/task/python/colcon_distutils_commands:/home/nvidia/f1tenth_ws/install/key_teleop/lib/python3.8/site-packages://home/nvidia/f1tenth_ws/install/f1tenth_stack/lib/python3.8/site-packages://home/nvidia/f1tenth_ws/install/vesc_msgs/lib/python3.8/site-packages://home/nvidia/f1tenth_ws/install/joy_teleop/lib/python3.8/site-packages://home/nvidia/f1tenth_ws/install/teleop_tools_msgs/lib/python3.8/site-packages://home/nvidia/f1tenth_ws/install/phasespace/lib/python3.8/site-packages://home/nvidia/f1tenth_ws/install/particle_filter/lib/python3.8/site-packages://home/nvidia/f1tenth_ws/install/new_map_saver/lib/python3.8/site-packages://home/nvidia/f1tenth_ws/install/mouse_teleop/lib/python3.8/site-packages://home/nvidia/f1tenth_ws/install/mapping/lib/python3.8/site-packages://home/nvidia/f1tenth_ws/install/key_teleop/lib/python3.8/site-packages:/opt/ros/foxy/lib/python3.8/site-packages', 'COLCON': '1', 'VTE_VERSION': '6003', 'CMAKE_PREFIX_PATH': '//home/nvidia/f1tenth_ws/install/vesc://home/nvidia/f1tenth_ws/install/vesc_driver://home/nvidia/f1tenth_ws/install/vesc_ackermann://home/nvidia/f1tenth_ws/install/vesc_msgs://home/nvidia/f1tenth_ws/install/teleop_tools://home/nvidia/f1tenth_ws/install/teleop_tools_msgs://home/nvidia/f1tenth_ws/install/range_lib://home/nvidia/f1tenth_ws/install/ackermann_mux'}, 'shell': False}
[8.236048] (vesc_msgs) StdoutLine: {'line': b'-- Up-to-date: /home/nvidia/f1tenth_ws/install/vesc_msgs/share/vesc_msgs/environment/pythonpath.sh\n'}
[8.236575] (vesc_msgs) StdoutLine: {'line': b'-- Up-to-date: /home/nvidia/f1tenth_ws/install/vesc_msgs/share/vesc_msgs/environment/pythonpath.dsv\n'}
[8.236967] (vesc_msgs) StdoutLine: {'line': b'-- Up-to-date: /home/nvidia/f1tenth_ws/install/vesc_msgs/lib/python3.8/site-packages/vesc_msgs/__init__.py\n'}
[8.253773] (-) TimerEvent: {}
[8.354886] (-) TimerEvent: {}
[8.390799] (vesc_msgs) StdoutLine: {'line': b'-- Up-to-date: /home/nvidia/f1tenth_ws/install/vesc_msgs/lib/python3.8/site-packages/vesc_msgs/msg\n'}
[8.391985] (vesc_msgs) StdoutLine: {'line': b'-- Up-to-date: /home/nvidia/f1tenth_ws/install/vesc_msgs/lib/python3.8/site-packages/vesc_msgs/msg/_vesc_state_stamped.py\n'}
[8.393921] (vesc_msgs) StdoutLine: {'line': b'-- Up-to-date: /home/nvidia/f1tenth_ws/install/vesc_msgs/lib/python3.8/site-packages/vesc_msgs/msg/_vesc_state_s.c\n'}
[8.394505] (vesc_msgs) StdoutLine: {'line': b'-- Up-to-date: /home/nvidia/f1tenth_ws/install/vesc_msgs/lib/python3.8/site-packages/vesc_msgs/msg/__init__.py\n'}
[8.394947] (vesc_msgs) StdoutLine: {'line': b'-- Up-to-date: /home/nvidia/f1tenth_ws/install/vesc_msgs/lib/python3.8/site-packages/vesc_msgs/msg/_vesc_state_stamped_s.c\n'}
[8.395324] (vesc_msgs) StdoutLine: {'line': b'-- Up-to-date: /home/nvidia/f1tenth_ws/install/vesc_msgs/lib/python3.8/site-packages/vesc_msgs/msg/_vesc_imu.py\n'}
[8.395730] (vesc_msgs) StdoutLine: {'line': b'-- Up-to-date: /home/nvidia/f1tenth_ws/install/vesc_msgs/lib/python3.8/site-packages/vesc_msgs/msg/_vesc_imu_stamped.py\n'}
[8.396133] (vesc_msgs) StdoutLine: {'line': b'-- Up-to-date: /home/nvidia/f1tenth_ws/install/vesc_msgs/lib/python3.8/site-packages/vesc_msgs/msg/_vesc_state.py\n'}
[8.396604] (vesc_msgs) StdoutLine: {'line': b'-- Up-to-date: /home/nvidia/f1tenth_ws/install/vesc_msgs/lib/python3.8/site-packages/vesc_msgs/msg/_vesc_imu_stamped_s.c\n'}
[8.397083] (vesc_msgs) StdoutLine: {'line': b'-- Up-to-date: /home/nvidia/f1tenth_ws/install/vesc_msgs/lib/python3.8/site-packages/vesc_msgs/msg/_vesc_imu_s.c\n'}
[8.397857] (vesc_msgs) StdoutLine: {'line': b'-- Installing: /home/nvidia/f1tenth_ws/install/vesc_msgs/lib/python3.8/site-packages/vesc_msgs/vesc_msgs_s__rosidl_typesupport_fastrtps_c.cpython-38-aarch64-linux-gnu.so\n'}
[8.401238] (vesc_msgs) StdoutLine: {'line': b'-- Set runtime path of "/home/nvidia/f1tenth_ws/install/vesc_msgs/lib/python3.8/site-packages/vesc_msgs/vesc_msgs_s__rosidl_typesupport_fastrtps_c.cpython-38-aarch64-linux-gnu.so" to ""\n'}
[8.405436] (vesc_msgs) StdoutLine: {'line': b'-- Installing: /home/nvidia/f1tenth_ws/install/vesc_msgs/lib/python3.8/site-packages/vesc_msgs/vesc_msgs_s__rosidl_typesupport_introspection_c.cpython-38-aarch64-linux-gnu.so\n'}
[8.411667] (vesc_msgs) StdoutLine: {'line': b'-- Set runtime path of "/home/nvidia/f1tenth_ws/install/vesc_msgs/lib/python3.8/site-packages/vesc_msgs/vesc_msgs_s__rosidl_typesupport_introspection_c.cpython-38-aarch64-linux-gnu.so" to ""\n'}
[8.416633] (vesc_msgs) StdoutLine: {'line': b'-- Installing: /home/nvidia/f1tenth_ws/install/vesc_msgs/lib/python3.8/site-packages/vesc_msgs/vesc_msgs_s__rosidl_typesupport_c.cpython-38-aarch64-linux-gnu.so\n'}
[8.422450] (vesc_msgs) StdoutLine: {'line': b'-- Set runtime path of "/home/nvidia/f1tenth_ws/install/vesc_msgs/lib/python3.8/site-packages/vesc_msgs/vesc_msgs_s__rosidl_typesupport_c.cpython-38-aarch64-linux-gnu.so" to ""\n'}
[8.427423] (vesc_msgs) StdoutLine: {'line': b'-- Installing: /home/nvidia/f1tenth_ws/install/vesc_msgs/lib/libvesc_msgs__python.so\n'}
[8.432513] (vesc_msgs) StdoutLine: {'line': b'-- Set runtime path of "/home/nvidia/f1tenth_ws/install/vesc_msgs/lib/libvesc_msgs__python.so" to ""\n'}
[8.434720] (vesc_msgs) StdoutLine: {'line': b'-- Up-to-date: /home/nvidia/f1tenth_ws/install/vesc_msgs/share/vesc_msgs/msg/VescState.idl\n'}
[8.436224] (vesc_msgs) StdoutLine: {'line': b'-- Up-to-date: /home/nvidia/f1tenth_ws/install/vesc_msgs/share/vesc_msgs/msg/VescStateStamped.idl\n'}
[8.437622] (vesc_msgs) StdoutLine: {'line': b'-- Up-to-date: /home/nvidia/f1tenth_ws/install/vesc_msgs/share/vesc_msgs/msg/VescImu.idl\n'}
[8.439706] (vesc_msgs) StdoutLine: {'line': b'-- Up-to-date: /home/nvidia/f1tenth_ws/install/vesc_msgs/share/vesc_msgs/msg/VescImuStamped.idl\n'}
[8.441154] (vesc_msgs) StdoutLine: {'line': b'-- Up-to-date: /home/nvidia/f1tenth_ws/install/vesc_msgs/share/vesc_msgs/msg/VescState.msg\n'}
[8.442627] (vesc_msgs) StdoutLine: {'line': b'-- Up-to-date: /home/nvidia/f1tenth_ws/install/vesc_msgs/share/vesc_msgs/msg/VescStateStamped.msg\n'}
[8.444289] (vesc_msgs) StdoutLine: {'line': b'-- Up-to-date: /home/nvidia/f1tenth_ws/install/vesc_msgs/share/vesc_msgs/msg/VescImu.msg\n'}
[8.445566] (vesc_msgs) StdoutLine: {'line': b'-- Up-to-date: /home/nvidia/f1tenth_ws/install/vesc_msgs/share/vesc_msgs/msg/VescImuStamped.msg\n'}
[8.447160] (vesc_msgs) StdoutLine: {'line': b'-- Up-to-date: /home/nvidia/f1tenth_ws/install/vesc_msgs/share/ament_index/resource_index/package_run_dependencies/vesc_msgs\n'}
[8.448953] (vesc_msgs) StdoutLine: {'line': b'-- Up-to-date: /home/nvidia/f1tenth_ws/install/vesc_msgs/share/ament_index/resource_index/parent_prefix_path/vesc_msgs\n'}
[8.450958] (vesc_msgs) StdoutLine: {'line': b'-- Up-to-date: /home/nvidia/f1tenth_ws/install/vesc_msgs/share/vesc_msgs/environment/ament_prefix_path.sh\n'}
[8.453818] (vesc_msgs) StdoutLine: {'line': b'-- Up-to-date: /home/nvidia/f1tenth_ws/install/vesc_msgs/share/vesc_msgs/environment/ament_prefix_path.dsv\n'}
[8.455041] (-) TimerEvent: {}
[8.456478] (vesc_msgs) StdoutLine: {'line': b'-- Up-to-date: /home/nvidia/f1tenth_ws/install/vesc_msgs/share/vesc_msgs/environment/path.sh\n'}
[8.458128] (vesc_msgs) StdoutLine: {'line': b'-- Up-to-date: /home/nvidia/f1tenth_ws/install/vesc_msgs/share/vesc_msgs/environment/path.dsv\n'}
[8.459582] (vesc_msgs) StdoutLine: {'line': b'-- Up-to-date: /home/nvidia/f1tenth_ws/install/vesc_msgs/share/vesc_msgs/local_setup.bash\n'}
[8.460873] (vesc_msgs) StdoutLine: {'line': b'-- Up-to-date: /home/nvidia/f1tenth_ws/install/vesc_msgs/share/vesc_msgs/local_setup.sh\n'}
[8.462280] (vesc_msgs) StdoutLine: {'line': b'-- Up-to-date: /home/nvidia/f1tenth_ws/install/vesc_msgs/share/vesc_msgs/local_setup.zsh\n'}
[8.463619] (vesc_msgs) StdoutLine: {'line': b'-- Up-to-date: /home/nvidia/f1tenth_ws/install/vesc_msgs/share/vesc_msgs/local_setup.dsv\n'}
[8.464936] (vesc_msgs) StdoutLine: {'line': b'-- Installing: /home/nvidia/f1tenth_ws/install/vesc_msgs/share/vesc_msgs/package.dsv\n'}
[8.467636] (vesc_msgs) StdoutLine: {'line': b'-- Up-to-date: /home/nvidia/f1tenth_ws/install/vesc_msgs/share/ament_index/resource_index/packages/vesc_msgs\n'}
[8.471996] (vesc_msgs) StdoutLine: {'line': b'-- Up-to-date: /home/nvidia/f1tenth_ws/install/vesc_msgs/share/vesc_msgs/cmake/vesc_msgs__rosidl_generator_cExport.cmake\n'}
[8.474514] (vesc_msgs) StdoutLine: {'line': b'-- Up-to-date: /home/nvidia/f1tenth_ws/install/vesc_msgs/share/vesc_msgs/cmake/vesc_msgs__rosidl_generator_cExport-noconfig.cmake\n'}
[8.480559] (vesc_msgs) StdoutLine: {'line': b'-- Up-to-date: /home/nvidia/f1tenth_ws/install/vesc_msgs/share/vesc_msgs/cmake/vesc_msgs__rosidl_typesupport_introspection_cExport.cmake\n'}
[8.481340] (vesc_msgs) StdoutLine: {'line': b'-- Up-to-date: /home/nvidia/f1tenth_ws/install/vesc_msgs/share/vesc_msgs/cmake/vesc_msgs__rosidl_typesupport_introspection_cExport-noconfig.cmake\n'}
[8.484680] (vesc_msgs) StdoutLine: {'line': b'-- Up-to-date: /home/nvidia/f1tenth_ws/install/vesc_msgs/share/vesc_msgs/cmake/vesc_msgs__rosidl_typesupport_cExport.cmake\n'}
[8.488026] (vesc_msgs) StdoutLine: {'line': b'-- Up-to-date: /home/nvidia/f1tenth_ws/install/vesc_msgs/share/vesc_msgs/cmake/vesc_msgs__rosidl_typesupport_cExport-noconfig.cmake\n'}
[8.488791] (vesc_msgs) StdoutLine: {'line': b'-- Up-to-date: /home/nvidia/f1tenth_ws/install/vesc_msgs/share/vesc_msgs/cmake/vesc_msgs__rosidl_generator_cppExport.cmake\n'}
[8.497094] (vesc_msgs) StdoutLine: {'line': b'-- Up-to-date: /home/nvidia/f1tenth_ws/install/vesc_msgs/share/vesc_msgs/cmake/vesc_msgs__rosidl_typesupport_introspection_cppExport.cmake\n'}
[8.499741] (vesc_msgs) StdoutLine: {'line': b'-- Up-to-date: /home/nvidia/f1tenth_ws/install/vesc_msgs/share/vesc_msgs/cmake/vesc_msgs__rosidl_typesupport_introspection_cppExport-noconfig.cmake\n'}
[8.500455] (vesc_msgs) StdoutLine: {'line': b'-- Up-to-date: /home/nvidia/f1tenth_ws/install/vesc_msgs/share/vesc_msgs/cmake/vesc_msgs__rosidl_typesupport_cppExport.cmake\n'}
[8.501064] (vesc_msgs) StdoutLine: {'line': b'-- Up-to-date: /home/nvidia/f1tenth_ws/install/vesc_msgs/share/vesc_msgs/cmake/vesc_msgs__rosidl_typesupport_cppExport-noconfig.cmake\n'}
[8.501509] (vesc_msgs) StdoutLine: {'line': b'-- Up-to-date: /home/nvidia/f1tenth_ws/install/vesc_msgs/share/vesc_msgs/cmake/rosidl_cmake-extras.cmake\n'}
[8.502764] (vesc_msgs) StdoutLine: {'line': b'-- Up-to-date: /home/nvidia/f1tenth_ws/install/vesc_msgs/share/vesc_msgs/cmake/ament_cmake_export_dependencies-extras.cmake\n'}
[8.503286] (vesc_msgs) StdoutLine: {'line': b'-- Up-to-date: /home/nvidia/f1tenth_ws/install/vesc_msgs/share/vesc_msgs/cmake/ament_cmake_export_libraries-extras.cmake\n'}
[8.503764] (vesc_msgs) StdoutLine: {'line': b'-- Up-to-date: /home/nvidia/f1tenth_ws/install/vesc_msgs/share/vesc_msgs/cmake/ament_cmake_export_targets-extras.cmake\n'}
[8.505302] (vesc_msgs) StdoutLine: {'line': b'-- Up-to-date: /home/nvidia/f1tenth_ws/install/vesc_msgs/share/vesc_msgs/cmake/ament_cmake_export_include_directories-extras.cmake\n'}
[8.510154] (vesc_msgs) StdoutLine: {'line': b'-- Up-to-date: /home/nvidia/f1tenth_ws/install/vesc_msgs/share/vesc_msgs/cmake/rosidl_cmake_export_typesupport_libraries-extras.cmake\n'}
[8.510679] (vesc_msgs) StdoutLine: {'line': b'-- Up-to-date: /home/nvidia/f1tenth_ws/install/vesc_msgs/share/vesc_msgs/cmake/rosidl_cmake_export_typesupport_targets-extras.cmake\n'}
[8.511177] (vesc_msgs) StdoutLine: {'line': b'-- Up-to-date: /home/nvidia/f1tenth_ws/install/vesc_msgs/share/vesc_msgs/cmake/vesc_msgsConfig.cmake\n'}
[8.513162] (vesc_msgs) StdoutLine: {'line': b'-- Up-to-date: /home/nvidia/f1tenth_ws/install/vesc_msgs/share/vesc_msgs/cmake/vesc_msgsConfig-version.cmake\n'}
[8.513970] (vesc_msgs) StdoutLine: {'line': b'-- Up-to-date: /home/nvidia/f1tenth_ws/install/vesc_msgs/share/vesc_msgs/package.xml\n'}
[8.556753] (-) TimerEvent: {}
[8.571233] (teleop_tools_msgs) JobEnded: {'identifier': 'teleop_tools_msgs', 'rc': 0}
[8.578365] (joy_teleop) JobStarted: {'identifier': 'joy_teleop'}
[8.643184] (vesc_msgs) CommandEnded: {'returncode': 0}
[8.657136] (-) TimerEvent: {}
[8.761144] (-) TimerEvent: {}
[8.866433] (-) TimerEvent: {}
[8.967461] (-) TimerEvent: {}
[9.068473] (-) TimerEvent: {}
[9.169564] (-) TimerEvent: {}
[9.270682] (-) TimerEvent: {}
[9.371796] (-) TimerEvent: {}
[9.472914] (-) TimerEvent: {}
[9.529283] (f1tenth_controllers) StdoutLine: {'line': b'running egg_info\n'}
[9.533917] (f1tenth_controllers) StdoutLine: {'line': b'creating ../../build/f1tenth_controllers/f1tenth_controllers.egg-info\n'}
[9.534960] (f1tenth_controllers) StdoutLine: {'line': b'writing ../../build/f1tenth_controllers/f1tenth_controllers.egg-info/PKG-INFO\n'}
[9.536224] (f1tenth_controllers) StdoutLine: {'line': b'writing dependency_links to ../../build/f1tenth_controllers/f1tenth_controllers.egg-info/dependency_links.txt\n'}
[9.537077] (f1tenth_controllers) StdoutLine: {'line': b'writing entry points to ../../build/f1tenth_controllers/f1tenth_controllers.egg-info/entry_points.txt\n'}
[9.538171] (f1tenth_controllers) StdoutLine: {'line': b'writing requirements to ../../build/f1tenth_controllers/f1tenth_controllers.egg-info/requires.txt\n'}
[9.538715] (f1tenth_controllers) StdoutLine: {'line': b'writing top-level names to ../../build/f1tenth_controllers/f1tenth_controllers.egg-info/top_level.txt\n'}
[9.545342] (mapping) StdoutLine: {'line': b'running egg_info\n'}
[9.549480] (mapping) StdoutLine: {'line': b'writing ../../build/mapping/mapping.egg-info/PKG-INFO\n'}
[9.551417] (mapping) StdoutLine: {'line': b'writing dependency_links to ../../build/mapping/mapping.egg-info/dependency_links.txt\n'}
[9.552563] (mapping) StdoutLine: {'line': b'writing entry points to ../../build/mapping/mapping.egg-info/entry_points.txt\n'}
[9.554744] (mapping) StdoutLine: {'line': b'writing requirements to ../../build/mapping/mapping.egg-info/requires.txt\n'}
[9.555518] (mapping) StdoutLine: {'line': b'writing top-level names to ../../build/mapping/mapping.egg-info/top_level.txt\n'}
[9.558081] (f1tenth_controllers) StdoutLine: {'line': b"writing manifest file '../../build/f1tenth_controllers/f1tenth_controllers.egg-info/SOURCES.txt'\n"}
[9.573155] (-) TimerEvent: {}
[9.659348] (key_teleop) StdoutLine: {'line': b'running egg_info\n'}
[9.662430] (key_teleop) StdoutLine: {'line': b'writing ../../../../build/key_teleop/key_teleop.egg-info/PKG-INFO\n'}
[9.664225] (key_teleop) StdoutLine: {'line': b'writing dependency_links to ../../../../build/key_teleop/key_teleop.egg-info/dependency_links.txt\n'}
[9.665206] (key_teleop) StdoutLine: {'line': b'writing entry points to ../../../../build/key_teleop/key_teleop.egg-info/entry_points.txt\n'}
[9.666065] (key_teleop) StdoutLine: {'line': b'writing requirements to ../../../../build/key_teleop/key_teleop.egg-info/requires.txt\n'}
[9.666990] (key_teleop) StdoutLine: {'line': b'writing top-level names to ../../../../build/key_teleop/key_teleop.egg-info/top_level.txt\n'}
[9.673369] (-) TimerEvent: {}
[9.764832] (mapping) StdoutLine: {'line': b"reading manifest file '../../build/mapping/mapping.egg-info/SOURCES.txt'\n"}
[9.771638] (f1tenth_controllers) StdoutLine: {'line': b"reading manifest file '../../build/f1tenth_controllers/f1tenth_controllers.egg-info/SOURCES.txt'\n"}
[9.773570] (-) TimerEvent: {}
[9.775557] (f1tenth_controllers) StdoutLine: {'line': b"writing manifest file '../../build/f1tenth_controllers/f1tenth_controllers.egg-info/SOURCES.txt'\n"}
[9.777843] (f1tenth_controllers) StdoutLine: {'line': b'running build\n'}
[9.778611] (f1tenth_controllers) StdoutLine: {'line': b'running build_py\n'}
[9.779309] (mapping) StdoutLine: {'line': b"writing manifest file '../../build/mapping/mapping.egg-info/SOURCES.txt'\n"}
[9.779771] (mapping) StdoutLine: {'line': b'running build\n'}
[9.780615] (mapping) StdoutLine: {'line': b'running build_py\n'}
[9.781012] (f1tenth_controllers) StdoutLine: {'line': b'creating /home/nvidia/f1tenth_ws/build/f1tenth_controllers/build\n'}
[9.781759] (f1tenth_controllers) StdoutLine: {'line': b'creating /home/nvidia/f1tenth_ws/build/f1tenth_controllers/build/lib\n'}
[9.782195] (f1tenth_controllers) StdoutLine: {'line': b'creating /home/nvidia/f1tenth_ws/build/f1tenth_controllers/build/lib/f1tenth_controllers\n'}
[9.782575] (f1tenth_controllers) StdoutLine: {'line': b'copying f1tenth_controllers/__init__.py -> /home/nvidia/f1tenth_ws/build/f1tenth_controllers/build/lib/f1tenth_controllers\n'}
[9.782971] (f1tenth_controllers) StdoutLine: {'line': b'copying f1tenth_controllers/follow_the_gap_node.py -> /home/nvidia/f1tenth_ws/build/f1tenth_controllers/build/lib/f1tenth_controllers\n'}
[9.784453] (mapping) StdoutLine: {'line': b'running install\n'}
[9.784911] (f1tenth_controllers) StdoutLine: {'line': b'running install\n'}
[9.785950] (f1tenth_controllers) StdoutLine: {'line': b'running install_lib\n'}
[9.787733] (mapping) StdoutLine: {'line': b'running install_lib\n'}
[9.790842] (f1tenth_controllers) StdoutLine: {'line': b'creating /home/nvidia/f1tenth_ws/install/f1tenth_controllers/lib/python3.8/site-packages/f1tenth_controllers\n'}
[9.791740] (f1tenth_controllers) StdoutLine: {'line': b'copying /home/nvidia/f1tenth_ws/build/f1tenth_controllers/build/lib/f1tenth_controllers/__init__.py -> /home/nvidia/f1tenth_ws/install/f1tenth_controllers/lib/python3.8/site-packages/f1tenth_controllers\n'}
[9.792491] (f1tenth_controllers) StdoutLine: {'line': b'copying /home/nvidia/f1tenth_ws/build/f1tenth_controllers/build/lib/f1tenth_controllers/follow_the_gap_node.py -> /home/nvidia/f1tenth_ws/install/f1tenth_controllers/lib/python3.8/site-packages/f1tenth_controllers\n'}
[9.795965] (f1tenth_controllers) StdoutLine: {'line': b'byte-compiling /home/nvidia/f1tenth_ws/install/f1tenth_controllers/lib/python3.8/site-packages/f1tenth_controllers/__init__.py to __init__.cpython-38.pyc\n'}
[9.802318] (f1tenth_controllers) StdoutLine: {'line': b'byte-compiling /home/nvidia/f1tenth_ws/install/f1tenth_controllers/lib/python3.8/site-packages/f1tenth_controllers/follow_the_gap_node.py to follow_the_gap_node.cpython-38.pyc\n'}
[9.803576] (mapping) StdoutLine: {'line': b'running install_data\n'}
[9.805485] (mapping) StdoutLine: {'line': b'running install_egg_info\n'}
[9.811168] (f1tenth_controllers) StdoutLine: {'line': b'running install_data\n'}
[9.812656] (f1tenth_controllers) StdoutLine: {'line': b'creating /home/nvidia/f1tenth_ws/install/f1tenth_controllers/share/ament_index\n'}
[9.814526] (f1tenth_controllers) StdoutLine: {'line': b'creating /home/nvidia/f1tenth_ws/install/f1tenth_controllers/share/ament_index/resource_index\n'}
[9.815063] (f1tenth_controllers) StdoutLine: {'line': b'creating /home/nvidia/f1tenth_ws/install/f1tenth_controllers/share/ament_index/resource_index/packages\n'}
[9.815597] (f1tenth_controllers) StdoutLine: {'line': b'copying resource/f1tenth_controllers -> /home/nvidia/f1tenth_ws/install/f1tenth_controllers/share/ament_index/resource_index/packages\n'}
[9.816004] (f1tenth_controllers) StdoutLine: {'line': b'copying package.xml -> /home/nvidia/f1tenth_ws/install/f1tenth_controllers/share/f1tenth_controllers\n'}
[9.816398] (f1tenth_controllers) StdoutLine: {'line': b'running install_egg_info\n'}
[9.820424] (mapping) StdoutLine: {'line': b"removing '/home/nvidia/f1tenth_ws/install/mapping/lib/python3.8/site-packages/mapping-0.0.0-py3.8.egg-info' (and everything under it)\n"}
[9.823225] (f1tenth_controllers) StdoutLine: {'line': b'Copying ../../build/f1tenth_controllers/f1tenth_controllers.egg-info to /home/nvidia/f1tenth_ws/install/f1tenth_controllers/lib/python3.8/site-packages/f1tenth_controllers-0.0.0-py3.8.egg-info\n'}
[9.824960] (mapping) StdoutLine: {'line': b'Copying ../../build/mapping/mapping.egg-info to /home/nvidia/f1tenth_ws/install/mapping/lib/python3.8/site-packages/mapping-0.0.0-py3.8.egg-info\n'}
[9.830040] (f1tenth_controllers) StdoutLine: {'line': b'running install_scripts\n'}
[9.834346] (mapping) StdoutLine: {'line': b'running install_scripts\n'}
[9.858437] (key_teleop) StdoutLine: {'line': b"reading manifest file '../../../../build/key_teleop/key_teleop.egg-info/SOURCES.txt'\n"}
[9.865874] (key_teleop) StdoutLine: {'line': b"writing manifest file '../../../../build/key_teleop/key_teleop.egg-info/SOURCES.txt'\n"}
[9.867454] (key_teleop) StdoutLine: {'line': b'running build\n'}
[9.868367] (key_teleop) StdoutLine: {'line': b'running build_py\n'}
[9.872646] (key_teleop) StdoutLine: {'line': b'running install\n'}
[9.873834] (-) TimerEvent: {}
[9.879608] (key_teleop) StdoutLine: {'line': b'running install_lib\n'}
[9.890554] (key_teleop) StdoutLine: {'line': b'running install_data\n'}
[9.893212] (key_teleop) StdoutLine: {'line': b'running install_egg_info\n'}
[9.904825] (key_teleop) StdoutLine: {'line': b"removing '/home/nvidia/f1tenth_ws/install/key_teleop/lib/python3.8/site-packages/key_teleop-0.3.0-py3.8.egg-info' (and everything under it)\n"}
[9.908486] (key_teleop) StdoutLine: {'line': b'Copying ../../../../build/key_teleop/key_teleop.egg-info to /home/nvidia/f1tenth_ws/install/key_teleop/lib/python3.8/site-packages/key_teleop-0.3.0-py3.8.egg-info\n'}
[9.918100] (key_teleop) StdoutLine: {'line': b'running install_scripts\n'}
[9.925472] (f1tenth_controllers) StdoutLine: {'line': b'Installing follow_the_gap_node script to /home/nvidia/f1tenth_ws/install/f1tenth_controllers/lib/f1tenth_controllers\n'}
[9.928374] (f1tenth_controllers) StdoutLine: {'line': b"writing list of installed files to '/home/nvidia/f1tenth_ws/build/f1tenth_controllers/install.log'\n"}
[9.931343] (mapping) StdoutLine: {'line': b'Installing local_gradient_node script to /home/nvidia/f1tenth_ws/install/mapping/lib/mapping\n'}
[9.935219] (mapping) StdoutLine: {'line': b'Installing local_mapping_node script to /home/nvidia/f1tenth_ws/install/mapping/lib/mapping\n'}
[9.939749] (mapping) StdoutLine: {'line': b"writing list of installed files to '/home/nvidia/f1tenth_ws/build/mapping/install.log'\n"}
[9.974161] (-) TimerEvent: {}
[10.034288] (key_teleop) StdoutLine: {'line': b'Installing key_teleop script to /home/nvidia/f1tenth_ws/install/key_teleop/lib/key_teleop\n'}
[10.040823] (key_teleop) StdoutLine: {'line': b"writing list of installed files to '/home/nvidia/f1tenth_ws/build/key_teleop/install.log'\n"}
[10.074573] (-) TimerEvent: {}
[10.176159] (-) TimerEvent: {}
[10.279823] (-) TimerEvent: {}
[10.343998] (f1tenth_controllers) CommandEnded: {'returncode': 0}
[10.380876] (-) TimerEvent: {}
[10.386189] (f1tenth_controllers) JobEnded: {'identifier': 'f1tenth_controllers', 'rc': 0}
[10.389544] (mapping) CommandEnded: {'returncode': 0}
[10.423073] (mapping) JobEnded: {'identifier': 'mapping', 'rc': 0}
[10.426780] (key_teleop) CommandEnded: {'returncode': 0}
[10.463321] (key_teleop) JobEnded: {'identifier': 'key_teleop', 'rc': 0}
[10.482089] (-) TimerEvent: {}
[10.534186] (vesc_msgs) JobEnded: {'identifier': 'vesc_msgs', 'rc': 0}
[10.541514] (new_map_saver) JobStarted: {'identifier': 'new_map_saver'}
[10.583609] (-) TimerEvent: {}
[10.593185] (phasespace) JobStarted: {'identifier': 'phasespace'}
[10.660773] (vesc_ackermann) JobStarted: {'identifier': 'vesc_ackermann'}
[10.684497] (-) TimerEvent: {}
[10.715824] (vesc_driver) JobStarted: {'identifier': 'vesc_driver'}
[10.786231] (-) TimerEvent: {}
[10.821826] (mouse_teleop) Command: {'cmd': ['/usr/bin/python3', '-W', 'ignore:setup.py install is deprecated', 'setup.py', 'egg_info', '--egg-base', '../../../../build/mouse_teleop', 'build', '--build-base', '/home/nvidia/f1tenth_ws/build/mouse_teleop/build', 'install', '--record', '/home/nvidia/f1tenth_ws/build/mouse_teleop/install.log', '--install-scripts', '$base/lib/mouse_teleop', '--single-version-externally-managed', 'install_data'], 'cwd': '/home/nvidia/f1tenth_ws/src/f1tenth_system/teleop_tools/mouse_teleop', 'env': {'LESSOPEN': '| /usr/bin/lesspipe %s', 'USER': 'nvidia', 'SSH_AGENT_PID': '3834', 'XDG_SESSION_TYPE': 'x11', 'SHLVL': '1', 'LD_LIBRARY_PATH': '//home/nvidia/f1tenth_ws/install/vesc_driver/lib://home/nvidia/f1tenth_ws/install/vesc_ackermann/lib://home/nvidia/f1tenth_ws/install/vesc_msgs/lib://home/nvidia/f1tenth_ws/install/teleop_tools_msgs/lib:/usr/lib/aarch64-linux-gnu/gazebo-11/plugins:/opt/ros/foxy/opt/yaml_cpp_vendor/lib:/opt/ros/foxy/opt/rviz_ogre_vendor/lib:/opt/ros/foxy/lib/aarch64-linux-gnu:/opt/ros/foxy/lib:/usr/local/cuda-11.4/lib64:', 'HOME': '/home/nvidia', 'OLDPWD': '/home/nvidia/f1tenth_ws/src/f1tenth_controllers', 'DESKTOP_SESSION': 'ubuntu', 'ROS_PYTHON_VERSION': '3', 'GNOME_SHELL_SESSION_MODE': 'ubuntu', 'GTK_MODULES': 'gail:atk-bridge', 'MANAGERPID': '3734', 'DBUS_SESSION_BUS_ADDRESS': 'unix:path=/run/user/1000/bus', 'COLORTERM': 'truecolor', 'TERMINATOR_DBUS_NAME': 'net.tenshu.Terminator23558193cd9818af7fe4d2c2f5bd9d00f', 'GIO_LAUNCHED_DESKTOP_FILE_PID': '6532', 'IM_CONFIG_PHASE': '1', 'COLCON_PREFIX_PATH': '//home/nvidia/f1tenth_ws/install', 'ROS_DISTRO': 'foxy', 'LOGNAME': 'nvidia', 'JOURNAL_STREAM': '8:68012', '_': '/usr/bin/colcon', 'ROS_VERSION': '2', 'XDG_SESSION_CLASS': 'user', 'USERNAME': 'nvidia', 'TERM': 'xterm-256color', 'GAZEBO_MODEL_PATH': ':/opt/ros/foxy/share/turtlebot3_gazebo/models', 'GNOME_DESKTOP_SESSION_ID': 'this-is-deprecated', 'ROS_LOCALHOST_ONLY': '0', 'WINDOWPATH': '2', 'PATH': '//home/nvidia/f1tenth_ws/install/range_lib/bin:/opt/ros/foxy/bin:/usr/local/cuda-11.4/bin:/home/nvidia/.local/bin:/usr/local/sbin:/usr/local/bin:/usr/sbin:/usr/bin:/sbin:/bin:/usr/games:/usr/local/games:/snap/bin', 'SESSION_MANAGER': 'local/ubuntu:@/tmp/.ICE-unix/3871,unix/ubuntu:/tmp/.ICE-unix/3871', 'INVOCATION_ID': '3ef7397d0ea34bca9ca2a0d82e935ac2', 'XDG_MENU_PREFIX': 'gnome-', 'XDG_RUNTIME_DIR': '/run/user/1000', 'DISPLAY': ':1', 'TERMINATOR_DBUS_PATH': '/net/tenshu/Terminator2', 'LANG': 'en_US.UTF-8', 'XDG_CURRENT_DESKTOP': 'ubuntu:GNOME', 'XMODIFIERS': '@im=ibus', 'XDG_SESSION_DESKTOP': 'ubuntu', 'XAUTHORITY': '/run/user/1000/gdm/Xauthority', 'LS_COLORS': 'rs=0:di=01;34:ln=01;36:mh=00:pi=40;33:so=01;35:do=01;35:bd=40;33;01:cd=40;33;01:or=40;31;01:mi=00:su=37;41:sg=30;43:ca=30;41:tw=30;42:ow=34;42:st=37;44:ex=01;32:*.tar=01;31:*.tgz=01;31:*.arc=01;31:*.arj=01;31:*.taz=01;31:*.lha=01;31:*.lz4=01;31:*.lzh=01;31:*.lzma=01;31:*.tlz=01;31:*.txz=01;31:*.tzo=01;31:*.t7z=01;31:*.zip=01;31:*.z=01;31:*.dz=01;31:*.gz=01;31:*.lrz=01;31:*.lz=01;31:*.lzo=01;31:*.xz=01;31:*.zst=01;31:*.tzst=01;31:*.bz2=01;31:*.bz=01;31:*.tbz=01;31:*.tbz2=01;31:*.tz=01;31:*.deb=01;31:*.rpm=01;31:*.jar=01;31:*.war=01;31:*.ear=01;31:*.sar=01;31:*.rar=01;31:*.alz=01;31:*.ace=01;31:*.zoo=01;31:*.cpio=01;31:*.7z=01;31:*.rz=01;31:*.cab=01;31:*.wim=01;31:*.swm=01;31:*.dwm=01;31:*.esd=01;31:*.jpg=01;35:*.jpeg=01;35:*.mjpg=01;35:*.mjpeg=01;35:*.gif=01;35:*.bmp=01;35:*.pbm=01;35:*.pgm=01;35:*.ppm=01;35:*.tga=01;35:*.xbm=01;35:*.xpm=01;35:*.tif=01;35:*.tiff=01;35:*.png=01;35:*.svg=01;35:*.svgz=01;35:*.mng=01;35:*.pcx=01;35:*.mov=01;35:*.mpg=01;35:*.mpeg=01;35:*.m2v=01;35:*.mkv=01;35:*.webm=01;35:*.ogm=01;35:*.mp4=01;35:*.m4v=01;35:*.mp4v=01;35:*.vob=01;35:*.qt=01;35:*.nuv=01;35:*.wmv=01;35:*.asf=01;35:*.rm=01;35:*.rmvb=01;35:*.flc=01;35:*.avi=01;35:*.fli=01;35:*.flv=01;35:*.gl=01;35:*.dl=01;35:*.xcf=01;35:*.xwd=01;35:*.yuv=01;35:*.cgm=01;35:*.emf=01;35:*.ogv=01;35:*.ogx=01;35:*.aac=00;36:*.au=00;36:*.flac=00;36:*.m4a=00;36:*.mid=00;36:*.midi=00;36:*.mka=00;36:*.mp3=00;36:*.mpc=00;36:*.ogg=00;36:*.ra=00;36:*.wav=00;36:*.oga=00;36:*.opus=00;36:*.spx=00;36:*.xspf=00;36:', 'SSH_AUTH_SOCK': '/run/user/1000/keyring/ssh', 'ROS_DOMAIN_ID': '4', 'AMENT_PREFIX_PATH': '//home/nvidia/f1tenth_ws/install/f1tenth_stack://home/nvidia/f1tenth_ws/install/vesc://home/nvidia/f1tenth_ws/install/vesc_driver://home/nvidia/f1tenth_ws/install/vesc_ackermann://home/nvidia/f1tenth_ws/install/vesc_msgs://home/nvidia/f1tenth_ws/install/teleop_tools://home/nvidia/f1tenth_ws/install/joy_teleop://home/nvidia/f1tenth_ws/install/teleop_tools_msgs://home/nvidia/f1tenth_ws/install/phasespace://home/nvidia/f1tenth_ws/install/particle_filter://home/nvidia/f1tenth_ws/install/new_map_saver://home/nvidia/f1tenth_ws/install/mouse_teleop://home/nvidia/f1tenth_ws/install/mapping://home/nvidia/f1tenth_ws/install/key_teleop://home/nvidia/f1tenth_ws/install/ackermann_mux:/opt/ros/foxy', 'SHELL': '/bin/bash', 'TERMINATOR_UUID': 'urn:uuid:ffa84fa6-9ec7-420e-953e-e336d0726543', 'QT_ACCESSIBILITY': '1', 'GDMSESSION': 'ubuntu', 'LESSCLOSE': '/usr/bin/lesspipe %s %s', 'GPG_AGENT_INFO': '/run/user/1000/gnupg/S.gpg-agent:0:1', 'QT_IM_MODULE': 'ibus', 'PWD': '/home/nvidia/f1tenth_ws/build/mouse_teleop', 'TURTLEBOT3_MODEL': 'waffle', 'LC_ALL': 'en_US.UTF-8', 'XDG_CONFIG_DIRS': '/etc/xdg/xdg-ubuntu:/etc/xdg', 'XDG_DATA_DIRS': '/usr/share/ubuntu:/usr/local/share/:/usr/share/:/var/lib/snapd/desktop', 'PYTHONPATH': '/home/nvidia/f1tenth_ws/build/mouse_teleop/prefix_override:/usr/lib/python3/dist-packages/colcon_core/task/python/colcon_distutils_commands:/home/nvidia/f1tenth_ws/install/mouse_teleop/lib/python3.8/site-packages://home/nvidia/f1tenth_ws/install/f1tenth_stack/lib/python3.8/site-packages://home/nvidia/f1tenth_ws/install/vesc_msgs/lib/python3.8/site-packages://home/nvidia/f1tenth_ws/install/joy_teleop/lib/python3.8/site-packages://home/nvidia/f1tenth_ws/install/teleop_tools_msgs/lib/python3.8/site-packages://home/nvidia/f1tenth_ws/install/phasespace/lib/python3.8/site-packages://home/nvidia/f1tenth_ws/install/particle_filter/lib/python3.8/site-packages://home/nvidia/f1tenth_ws/install/new_map_saver/lib/python3.8/site-packages://home/nvidia/f1tenth_ws/install/mouse_teleop/lib/python3.8/site-packages://home/nvidia/f1tenth_ws/install/mapping/lib/python3.8/site-packages://home/nvidia/f1tenth_ws/install/key_teleop/lib/python3.8/site-packages:/opt/ros/foxy/lib/python3.8/site-packages', 'COLCON': '1', 'VTE_VERSION': '6003', 'CMAKE_PREFIX_PATH': '//home/nvidia/f1tenth_ws/install/vesc://home/nvidia/f1tenth_ws/install/vesc_driver://home/nvidia/f1tenth_ws/install/vesc_ackermann://home/nvidia/f1tenth_ws/install/vesc_msgs://home/nvidia/f1tenth_ws/install/teleop_tools://home/nvidia/f1tenth_ws/install/teleop_tools_msgs://home/nvidia/f1tenth_ws/install/range_lib://home/nvidia/f1tenth_ws/install/ackermann_mux'}, 'shell': False}
[10.886578] (-) TimerEvent: {}
[10.989473] (-) TimerEvent: {}
[11.091024] (-) TimerEvent: {}
[11.192258] (-) TimerEvent: {}
[11.293246] (-) TimerEvent: {}
[11.394534] (-) TimerEvent: {}
[11.495848] (-) TimerEvent: {}
[11.597060] (-) TimerEvent: {}
[11.698394] (-) TimerEvent: {}
[11.799694] (-) TimerEvent: {}
[11.900951] (-) TimerEvent: {}
[12.004451] (-) TimerEvent: {}
[12.105439] (mouse_teleop) StdoutLine: {'line': b'running egg_info\n'}
[12.106843] (-) TimerEvent: {}
[12.108349] (mouse_teleop) StdoutLine: {'line': b'writing ../../../../build/mouse_teleop/mouse_teleop.egg-info/PKG-INFO\n'}
[12.110319] (mouse_teleop) StdoutLine: {'line': b'writing dependency_links to ../../../../build/mouse_teleop/mouse_teleop.egg-info/dependency_links.txt\n'}
[12.111474] (mouse_teleop) StdoutLine: {'line': b'writing entry points to ../../../../build/mouse_teleop/mouse_teleop.egg-info/entry_points.txt\n'}
[12.112281] (mouse_teleop) StdoutLine: {'line': b'writing requirements to ../../../../build/mouse_teleop/mouse_teleop.egg-info/requires.txt\n'}
[12.113128] (mouse_teleop) StdoutLine: {'line': b'writing top-level names to ../../../../build/mouse_teleop/mouse_teleop.egg-info/top_level.txt\n'}
[12.208834] (-) TimerEvent: {}
[12.307141] (mouse_teleop) StdoutLine: {'line': b"reading manifest file '../../../../build/mouse_teleop/mouse_teleop.egg-info/SOURCES.txt'\n"}
[12.310136] (-) TimerEvent: {}
[12.311916] (mouse_teleop) StdoutLine: {'line': b"writing manifest file '../../../../build/mouse_teleop/mouse_teleop.egg-info/SOURCES.txt'\n"}
[12.312905] (mouse_teleop) StdoutLine: {'line': b'running build\n'}
[12.313403] (mouse_teleop) StdoutLine: {'line': b'running build_py\n'}
[12.315659] (mouse_teleop) StdoutLine: {'line': b'running install\n'}
[12.320209] (mouse_teleop) StdoutLine: {'line': b'running install_lib\n'}
[12.329062] (mouse_teleop) StdoutLine: {'line': b'running install_data\n'}
[12.330861] (mouse_teleop) StdoutLine: {'line': b'running install_egg_info\n'}
[12.339644] (mouse_teleop) StdoutLine: {'line': b"removing '/home/nvidia/f1tenth_ws/install/mouse_teleop/lib/python3.8/site-packages/mouse_teleop-0.3.0-py3.8.egg-info' (and everything under it)\n"}
[12.343054] (mouse_teleop) StdoutLine: {'line': b'Copying ../../../../build/mouse_teleop/mouse_teleop.egg-info to /home/nvidia/f1tenth_ws/install/mouse_teleop/lib/python3.8/site-packages/mouse_teleop-0.3.0-py3.8.egg-info\n'}
[12.349643] (mouse_teleop) StdoutLine: {'line': b'running install_scripts\n'}
[12.410376] (-) TimerEvent: {}
[12.436813] (mouse_teleop) StdoutLine: {'line': b'Installing mouse_teleop script to /home/nvidia/f1tenth_ws/install/mouse_teleop/lib/mouse_teleop\n'}
[12.439264] (mouse_teleop) StdoutLine: {'line': b"writing list of installed files to '/home/nvidia/f1tenth_ws/build/mouse_teleop/install.log'\n"}
[12.510658] (-) TimerEvent: {}
[12.612263] (-) TimerEvent: {}
[12.713469] (-) TimerEvent: {}
[12.814747] (-) TimerEvent: {}
[12.915886] (-) TimerEvent: {}
[13.017111] (-) TimerEvent: {}
[13.118320] (-) TimerEvent: {}
[13.219570] (-) TimerEvent: {}
[13.320816] (-) TimerEvent: {}
[13.422018] (-) TimerEvent: {}
[13.523126] (-) TimerEvent: {}
[13.591298] (vesc_ackermann) JobProgress: {'identifier': 'vesc_ackermann', 'progress': 'cmake'}
[13.596569] (vesc_ackermann) JobProgress: {'identifier': 'vesc_ackermann', 'progress': 'build'}
[13.598399] (vesc_ackermann) Command: {'cmd': ['/usr/bin/cmake', '--build', '/home/nvidia/f1tenth_ws/build/vesc_ackermann', '--', '-j6', '-l6'], 'cwd': '/home/nvidia/f1tenth_ws/build/vesc_ackermann', 'env': OrderedDict([('LESSOPEN', '| /usr/bin/lesspipe %s'), ('USER', 'nvidia'), ('SSH_AGENT_PID', '3834'), ('XDG_SESSION_TYPE', 'x11'), ('SHLVL', '1'), ('LD_LIBRARY_PATH', '/home/nvidia/f1tenth_ws/install/vesc_msgs/lib://home/nvidia/f1tenth_ws/install/vesc_driver/lib://home/nvidia/f1tenth_ws/install/vesc_ackermann/lib://home/nvidia/f1tenth_ws/install/vesc_msgs/lib://home/nvidia/f1tenth_ws/install/teleop_tools_msgs/lib:/usr/lib/aarch64-linux-gnu/gazebo-11/plugins:/opt/ros/foxy/opt/yaml_cpp_vendor/lib:/opt/ros/foxy/opt/rviz_ogre_vendor/lib:/opt/ros/foxy/lib/aarch64-linux-gnu:/opt/ros/foxy/lib:/usr/local/cuda-11.4/lib64'), ('HOME', '/home/nvidia'), ('OLDPWD', '/home/nvidia/f1tenth_ws/src/f1tenth_controllers'), ('DESKTOP_SESSION', 'ubuntu'), ('ROS_PYTHON_VERSION', '3'), ('GNOME_SHELL_SESSION_MODE', 'ubuntu'), ('GTK_MODULES', 'gail:atk-bridge'), ('MANAGERPID', '3734'), ('DBUS_SESSION_BUS_ADDRESS', 'unix:path=/run/user/1000/bus'), ('COLORTERM', 'truecolor'), ('TERMINATOR_DBUS_NAME', 'net.tenshu.Terminator23558193cd9818af7fe4d2c2f5bd9d00f'), ('GIO_LAUNCHED_DESKTOP_FILE_PID', '6532'), ('IM_CONFIG_PHASE', '1'), ('COLCON_PREFIX_PATH', '//home/nvidia/f1tenth_ws/install'), ('ROS_DISTRO', 'foxy'), ('LOGNAME', 'nvidia'), ('JOURNAL_STREAM', '8:68012'), ('_', '/usr/bin/colcon'), ('ROS_VERSION', '2'), ('XDG_SESSION_CLASS', 'user'), ('USERNAME', 'nvidia'), ('TERM', 'xterm-256color'), ('GAZEBO_MODEL_PATH', ':/opt/ros/foxy/share/turtlebot3_gazebo/models'), ('GNOME_DESKTOP_SESSION_ID', 'this-is-deprecated'), ('ROS_LOCALHOST_ONLY', '0'), ('WINDOWPATH', '2'), ('PATH', '//home/nvidia/f1tenth_ws/install/range_lib/bin:/opt/ros/foxy/bin:/usr/local/cuda-11.4/bin:/home/nvidia/.local/bin:/usr/local/sbin:/usr/local/bin:/usr/sbin:/usr/bin:/sbin:/bin:/usr/games:/usr/local/games:/snap/bin'), ('SESSION_MANAGER', 'local/ubuntu:@/tmp/.ICE-unix/3871,unix/ubuntu:/tmp/.ICE-unix/3871'), ('INVOCATION_ID', '3ef7397d0ea34bca9ca2a0d82e935ac2'), ('XDG_MENU_PREFIX', 'gnome-'), ('XDG_RUNTIME_DIR', '/run/user/1000'), ('DISPLAY', ':1'), ('TERMINATOR_DBUS_PATH', '/net/tenshu/Terminator2'), ('LANG', 'en_US.UTF-8'), ('XDG_CURRENT_DESKTOP', 'ubuntu:GNOME'), ('XMODIFIERS', '@im=ibus'), ('XDG_SESSION_DESKTOP', 'ubuntu'), ('XAUTHORITY', '/run/user/1000/gdm/Xauthority'), ('LS_COLORS', 'rs=0:di=01;34:ln=01;36:mh=00:pi=40;33:so=01;35:do=01;35:bd=40;33;01:cd=40;33;01:or=40;31;01:mi=00:su=37;41:sg=30;43:ca=30;41:tw=30;42:ow=34;42:st=37;44:ex=01;32:*.tar=01;31:*.tgz=01;31:*.arc=01;31:*.arj=01;31:*.taz=01;31:*.lha=01;31:*.lz4=01;31:*.lzh=01;31:*.lzma=01;31:*.tlz=01;31:*.txz=01;31:*.tzo=01;31:*.t7z=01;31:*.zip=01;31:*.z=01;31:*.dz=01;31:*.gz=01;31:*.lrz=01;31:*.lz=01;31:*.lzo=01;31:*.xz=01;31:*.zst=01;31:*.tzst=01;31:*.bz2=01;31:*.bz=01;31:*.tbz=01;31:*.tbz2=01;31:*.tz=01;31:*.deb=01;31:*.rpm=01;31:*.jar=01;31:*.war=01;31:*.ear=01;31:*.sar=01;31:*.rar=01;31:*.alz=01;31:*.ace=01;31:*.zoo=01;31:*.cpio=01;31:*.7z=01;31:*.rz=01;31:*.cab=01;31:*.wim=01;31:*.swm=01;31:*.dwm=01;31:*.esd=01;31:*.jpg=01;35:*.jpeg=01;35:*.mjpg=01;35:*.mjpeg=01;35:*.gif=01;35:*.bmp=01;35:*.pbm=01;35:*.pgm=01;35:*.ppm=01;35:*.tga=01;35:*.xbm=01;35:*.xpm=01;35:*.tif=01;35:*.tiff=01;35:*.png=01;35:*.svg=01;35:*.svgz=01;35:*.mng=01;35:*.pcx=01;35:*.mov=01;35:*.mpg=01;35:*.mpeg=01;35:*.m2v=01;35:*.mkv=01;35:*.webm=01;35:*.ogm=01;35:*.mp4=01;35:*.m4v=01;35:*.mp4v=01;35:*.vob=01;35:*.qt=01;35:*.nuv=01;35:*.wmv=01;35:*.asf=01;35:*.rm=01;35:*.rmvb=01;35:*.flc=01;35:*.avi=01;35:*.fli=01;35:*.flv=01;35:*.gl=01;35:*.dl=01;35:*.xcf=01;35:*.xwd=01;35:*.yuv=01;35:*.cgm=01;35:*.emf=01;35:*.ogv=01;35:*.ogx=01;35:*.aac=00;36:*.au=00;36:*.flac=00;36:*.m4a=00;36:*.mid=00;36:*.midi=00;36:*.mka=00;36:*.mp3=00;36:*.mpc=00;36:*.ogg=00;36:*.ra=00;36:*.wav=00;36:*.oga=00;36:*.opus=00;36:*.spx=00;36:*.xspf=00;36:'), ('SSH_AUTH_SOCK', '/run/user/1000/keyring/ssh'), ('ROS_DOMAIN_ID', '4'), ('AMENT_PREFIX_PATH', '/home/nvidia/f1tenth_ws/install/vesc_msgs://home/nvidia/f1tenth_ws/install/f1tenth_stack://home/nvidia/f1tenth_ws/install/vesc://home/nvidia/f1tenth_ws/install/vesc_driver://home/nvidia/f1tenth_ws/install/vesc_ackermann://home/nvidia/f1tenth_ws/install/vesc_msgs://home/nvidia/f1tenth_ws/install/teleop_tools://home/nvidia/f1tenth_ws/install/joy_teleop://home/nvidia/f1tenth_ws/install/teleop_tools_msgs://home/nvidia/f1tenth_ws/install/phasespace://home/nvidia/f1tenth_ws/install/particle_filter://home/nvidia/f1tenth_ws/install/new_map_saver://home/nvidia/f1tenth_ws/install/mouse_teleop://home/nvidia/f1tenth_ws/install/mapping://home/nvidia/f1tenth_ws/install/key_teleop://home/nvidia/f1tenth_ws/install/ackermann_mux:/opt/ros/foxy'), ('SHELL', '/bin/bash'), ('TERMINATOR_UUID', 'urn:uuid:ffa84fa6-9ec7-420e-953e-e336d0726543'), ('QT_ACCESSIBILITY', '1'), ('GDMSESSION', 'ubuntu'), ('LESSCLOSE', '/usr/bin/lesspipe %s %s'), ('GPG_AGENT_INFO', '/run/user/1000/gnupg/S.gpg-agent:0:1'), ('QT_IM_MODULE', 'ibus'), ('PWD', '/home/nvidia/f1tenth_ws/build/vesc_ackermann'), ('TURTLEBOT3_MODEL', 'waffle'), ('LC_ALL', 'en_US.UTF-8'), ('XDG_CONFIG_DIRS', '/etc/xdg/xdg-ubuntu:/etc/xdg'), ('XDG_DATA_DIRS', '/usr/share/ubuntu:/usr/local/share/:/usr/share/:/var/lib/snapd/desktop'), ('PYTHONPATH', '/home/nvidia/f1tenth_ws/install/vesc_msgs/lib/python3.8/site-packages://home/nvidia/f1tenth_ws/install/f1tenth_stack/lib/python3.8/site-packages://home/nvidia/f1tenth_ws/install/vesc_msgs/lib/python3.8/site-packages://home/nvidia/f1tenth_ws/install/joy_teleop/lib/python3.8/site-packages://home/nvidia/f1tenth_ws/install/teleop_tools_msgs/lib/python3.8/site-packages://home/nvidia/f1tenth_ws/install/phasespace/lib/python3.8/site-packages://home/nvidia/f1tenth_ws/install/particle_filter/lib/python3.8/site-packages://home/nvidia/f1tenth_ws/install/new_map_saver/lib/python3.8/site-packages://home/nvidia/f1tenth_ws/install/mouse_teleop/lib/python3.8/site-packages://home/nvidia/f1tenth_ws/install/mapping/lib/python3.8/site-packages://home/nvidia/f1tenth_ws/install/key_teleop/lib/python3.8/site-packages:/opt/ros/foxy/lib/python3.8/site-packages'), ('COLCON', '1'), ('VTE_VERSION', '6003'), ('CMAKE_PREFIX_PATH', '/home/nvidia/f1tenth_ws/install/vesc_msgs://home/nvidia/f1tenth_ws/install/vesc://home/nvidia/f1tenth_ws/install/vesc_driver://home/nvidia/f1tenth_ws/install/vesc_ackermann://home/nvidia/f1tenth_ws/install/vesc_msgs://home/nvidia/f1tenth_ws/install/teleop_tools://home/nvidia/f1tenth_ws/install/teleop_tools_msgs://home/nvidia/f1tenth_ws/install/range_lib://home/nvidia/f1tenth_ws/install/ackermann_mux://home/nvidia/f1tenth_ws/install/f1tenth_stack://home/nvidia/f1tenth_ws/install/joy_teleop://home/nvidia/f1tenth_ws/install/phasespace://home/nvidia/f1tenth_ws/install/particle_filter://home/nvidia/f1tenth_ws/install/new_map_saver://home/nvidia/f1tenth_ws/install/mouse_teleop://home/nvidia/f1tenth_ws/install/mapping://home/nvidia/f1tenth_ws/install/key_teleop:/opt/ros/foxy')]), 'shell': False}
[13.624675] (-) TimerEvent: {}
[13.628218] (vesc_driver) JobProgress: {'identifier': 'vesc_driver', 'progress': 'cmake'}
[13.632892] (vesc_driver) JobProgress: {'identifier': 'vesc_driver', 'progress': 'build'}
[13.635922] (vesc_driver) Command: {'cmd': ['/usr/bin/cmake', '--build', '/home/nvidia/f1tenth_ws/build/vesc_driver', '--', '-j6', '-l6'], 'cwd': '/home/nvidia/f1tenth_ws/build/vesc_driver', 'env': OrderedDict([('LESSOPEN', '| /usr/bin/lesspipe %s'), ('USER', 'nvidia'), ('SSH_AGENT_PID', '3834'), ('XDG_SESSION_TYPE', 'x11'), ('SHLVL', '1'), ('LD_LIBRARY_PATH', '/home/nvidia/f1tenth_ws/install/vesc_msgs/lib://home/nvidia/f1tenth_ws/install/vesc_driver/lib://home/nvidia/f1tenth_ws/install/vesc_ackermann/lib://home/nvidia/f1tenth_ws/install/vesc_msgs/lib://home/nvidia/f1tenth_ws/install/teleop_tools_msgs/lib:/usr/lib/aarch64-linux-gnu/gazebo-11/plugins:/opt/ros/foxy/opt/yaml_cpp_vendor/lib:/opt/ros/foxy/opt/rviz_ogre_vendor/lib:/opt/ros/foxy/lib/aarch64-linux-gnu:/opt/ros/foxy/lib:/usr/local/cuda-11.4/lib64'), ('HOME', '/home/nvidia'), ('OLDPWD', '/home/nvidia/f1tenth_ws/src/f1tenth_controllers'), ('DESKTOP_SESSION', 'ubuntu'), ('ROS_PYTHON_VERSION', '3'), ('GNOME_SHELL_SESSION_MODE', 'ubuntu'), ('GTK_MODULES', 'gail:atk-bridge'), ('MANAGERPID', '3734'), ('DBUS_SESSION_BUS_ADDRESS', 'unix:path=/run/user/1000/bus'), ('COLORTERM', 'truecolor'), ('TERMINATOR_DBUS_NAME', 'net.tenshu.Terminator23558193cd9818af7fe4d2c2f5bd9d00f'), ('GIO_LAUNCHED_DESKTOP_FILE_PID', '6532'), ('IM_CONFIG_PHASE', '1'), ('COLCON_PREFIX_PATH', '//home/nvidia/f1tenth_ws/install'), ('ROS_DISTRO', 'foxy'), ('LOGNAME', 'nvidia'), ('JOURNAL_STREAM', '8:68012'), ('_', '/usr/bin/colcon'), ('ROS_VERSION', '2'), ('XDG_SESSION_CLASS', 'user'), ('USERNAME', 'nvidia'), ('TERM', 'xterm-256color'), ('GAZEBO_MODEL_PATH', ':/opt/ros/foxy/share/turtlebot3_gazebo/models'), ('GNOME_DESKTOP_SESSION_ID', 'this-is-deprecated'), ('ROS_LOCALHOST_ONLY', '0'), ('WINDOWPATH', '2'), ('PATH', '//home/nvidia/f1tenth_ws/install/range_lib/bin:/opt/ros/foxy/bin:/usr/local/cuda-11.4/bin:/home/nvidia/.local/bin:/usr/local/sbin:/usr/local/bin:/usr/sbin:/usr/bin:/sbin:/bin:/usr/games:/usr/local/games:/snap/bin'), ('SESSION_MANAGER', 'local/ubuntu:@/tmp/.ICE-unix/3871,unix/ubuntu:/tmp/.ICE-unix/3871'), ('INVOCATION_ID', '3ef7397d0ea34bca9ca2a0d82e935ac2'), ('XDG_MENU_PREFIX', 'gnome-'), ('XDG_RUNTIME_DIR', '/run/user/1000'), ('DISPLAY', ':1'), ('TERMINATOR_DBUS_PATH', '/net/tenshu/Terminator2'), ('LANG', 'en_US.UTF-8'), ('XDG_CURRENT_DESKTOP', 'ubuntu:GNOME'), ('XMODIFIERS', '@im=ibus'), ('XDG_SESSION_DESKTOP', 'ubuntu'), ('XAUTHORITY', '/run/user/1000/gdm/Xauthority'), ('LS_COLORS', 'rs=0:di=01;34:ln=01;36:mh=00:pi=40;33:so=01;35:do=01;35:bd=40;33;01:cd=40;33;01:or=40;31;01:mi=00:su=37;41:sg=30;43:ca=30;41:tw=30;42:ow=34;42:st=37;44:ex=01;32:*.tar=01;31:*.tgz=01;31:*.arc=01;31:*.arj=01;31:*.taz=01;31:*.lha=01;31:*.lz4=01;31:*.lzh=01;31:*.lzma=01;31:*.tlz=01;31:*.txz=01;31:*.tzo=01;31:*.t7z=01;31:*.zip=01;31:*.z=01;31:*.dz=01;31:*.gz=01;31:*.lrz=01;31:*.lz=01;31:*.lzo=01;31:*.xz=01;31:*.zst=01;31:*.tzst=01;31:*.bz2=01;31:*.bz=01;31:*.tbz=01;31:*.tbz2=01;31:*.tz=01;31:*.deb=01;31:*.rpm=01;31:*.jar=01;31:*.war=01;31:*.ear=01;31:*.sar=01;31:*.rar=01;31:*.alz=01;31:*.ace=01;31:*.zoo=01;31:*.cpio=01;31:*.7z=01;31:*.rz=01;31:*.cab=01;31:*.wim=01;31:*.swm=01;31:*.dwm=01;31:*.esd=01;31:*.jpg=01;35:*.jpeg=01;35:*.mjpg=01;35:*.mjpeg=01;35:*.gif=01;35:*.bmp=01;35:*.pbm=01;35:*.pgm=01;35:*.ppm=01;35:*.tga=01;35:*.xbm=01;35:*.xpm=01;35:*.tif=01;35:*.tiff=01;35:*.png=01;35:*.svg=01;35:*.svgz=01;35:*.mng=01;35:*.pcx=01;35:*.mov=01;35:*.mpg=01;35:*.mpeg=01;35:*.m2v=01;35:*.mkv=01;35:*.webm=01;35:*.ogm=01;35:*.mp4=01;35:*.m4v=01;35:*.mp4v=01;35:*.vob=01;35:*.qt=01;35:*.nuv=01;35:*.wmv=01;35:*.asf=01;35:*.rm=01;35:*.rmvb=01;35:*.flc=01;35:*.avi=01;35:*.fli=01;35:*.flv=01;35:*.gl=01;35:*.dl=01;35:*.xcf=01;35:*.xwd=01;35:*.yuv=01;35:*.cgm=01;35:*.emf=01;35:*.ogv=01;35:*.ogx=01;35:*.aac=00;36:*.au=00;36:*.flac=00;36:*.m4a=00;36:*.mid=00;36:*.midi=00;36:*.mka=00;36:*.mp3=00;36:*.mpc=00;36:*.ogg=00;36:*.ra=00;36:*.wav=00;36:*.oga=00;36:*.opus=00;36:*.spx=00;36:*.xspf=00;36:'), ('SSH_AUTH_SOCK', '/run/user/1000/keyring/ssh'), ('ROS_DOMAIN_ID', '4'), ('AMENT_PREFIX_PATH', '/home/nvidia/f1tenth_ws/install/vesc_msgs://home/nvidia/f1tenth_ws/install/f1tenth_stack://home/nvidia/f1tenth_ws/install/vesc://home/nvidia/f1tenth_ws/install/vesc_driver://home/nvidia/f1tenth_ws/install/vesc_ackermann://home/nvidia/f1tenth_ws/install/vesc_msgs://home/nvidia/f1tenth_ws/install/teleop_tools://home/nvidia/f1tenth_ws/install/joy_teleop://home/nvidia/f1tenth_ws/install/teleop_tools_msgs://home/nvidia/f1tenth_ws/install/phasespace://home/nvidia/f1tenth_ws/install/particle_filter://home/nvidia/f1tenth_ws/install/new_map_saver://home/nvidia/f1tenth_ws/install/mouse_teleop://home/nvidia/f1tenth_ws/install/mapping://home/nvidia/f1tenth_ws/install/key_teleop://home/nvidia/f1tenth_ws/install/ackermann_mux:/opt/ros/foxy'), ('SHELL', '/bin/bash'), ('TERMINATOR_UUID', 'urn:uuid:ffa84fa6-9ec7-420e-953e-e336d0726543'), ('QT_ACCESSIBILITY', '1'), ('GDMSESSION', 'ubuntu'), ('LESSCLOSE', '/usr/bin/lesspipe %s %s'), ('GPG_AGENT_INFO', '/run/user/1000/gnupg/S.gpg-agent:0:1'), ('QT_IM_MODULE', 'ibus'), ('PWD', '/home/nvidia/f1tenth_ws/build/vesc_driver'), ('TURTLEBOT3_MODEL', 'waffle'), ('LC_ALL', 'en_US.UTF-8'), ('XDG_CONFIG_DIRS', '/etc/xdg/xdg-ubuntu:/etc/xdg'), ('XDG_DATA_DIRS', '/usr/share/ubuntu:/usr/local/share/:/usr/share/:/var/lib/snapd/desktop'), ('PYTHONPATH', '/home/nvidia/f1tenth_ws/install/vesc_msgs/lib/python3.8/site-packages://home/nvidia/f1tenth_ws/install/f1tenth_stack/lib/python3.8/site-packages://home/nvidia/f1tenth_ws/install/vesc_msgs/lib/python3.8/site-packages://home/nvidia/f1tenth_ws/install/joy_teleop/lib/python3.8/site-packages://home/nvidia/f1tenth_ws/install/teleop_tools_msgs/lib/python3.8/site-packages://home/nvidia/f1tenth_ws/install/phasespace/lib/python3.8/site-packages://home/nvidia/f1tenth_ws/install/particle_filter/lib/python3.8/site-packages://home/nvidia/f1tenth_ws/install/new_map_saver/lib/python3.8/site-packages://home/nvidia/f1tenth_ws/install/mouse_teleop/lib/python3.8/site-packages://home/nvidia/f1tenth_ws/install/mapping/lib/python3.8/site-packages://home/nvidia/f1tenth_ws/install/key_teleop/lib/python3.8/site-packages:/opt/ros/foxy/lib/python3.8/site-packages'), ('COLCON', '1'), ('VTE_VERSION', '6003'), ('CMAKE_PREFIX_PATH', '/home/nvidia/f1tenth_ws/install/vesc_msgs://home/nvidia/f1tenth_ws/install/vesc://home/nvidia/f1tenth_ws/install/vesc_driver://home/nvidia/f1tenth_ws/install/vesc_ackermann://home/nvidia/f1tenth_ws/install/vesc_msgs://home/nvidia/f1tenth_ws/install/teleop_tools://home/nvidia/f1tenth_ws/install/teleop_tools_msgs://home/nvidia/f1tenth_ws/install/range_lib://home/nvidia/f1tenth_ws/install/ackermann_mux://home/nvidia/f1tenth_ws/install/f1tenth_stack://home/nvidia/f1tenth_ws/install/joy_teleop://home/nvidia/f1tenth_ws/install/phasespace://home/nvidia/f1tenth_ws/install/particle_filter://home/nvidia/f1tenth_ws/install/new_map_saver://home/nvidia/f1tenth_ws/install/mouse_teleop://home/nvidia/f1tenth_ws/install/mapping://home/nvidia/f1tenth_ws/install/key_teleop:/opt/ros/foxy')]), 'shell': False}
[13.671925] (mouse_teleop) CommandEnded: {'returncode': 0}
[13.713130] (mouse_teleop) JobEnded: {'identifier': 'mouse_teleop', 'rc': 0}
[13.719403] (joy_teleop) Command: {'cmd': ['/usr/bin/python3', '-W', 'ignore:setup.py install is deprecated', 'setup.py', 'egg_info', '--egg-base', '../../../../build/joy_teleop', 'build', '--build-base', '/home/nvidia/f1tenth_ws/build/joy_teleop/build', 'install', '--record', '/home/nvidia/f1tenth_ws/build/joy_teleop/install.log', '--install-scripts', '$base/lib/joy_teleop', '--single-version-externally-managed', 'install_data'], 'cwd': '/home/nvidia/f1tenth_ws/src/f1tenth_system/teleop_tools/joy_teleop', 'env': {'LESSOPEN': '| /usr/bin/lesspipe %s', 'USER': 'nvidia', 'SSH_AGENT_PID': '3834', 'XDG_SESSION_TYPE': 'x11', 'SHLVL': '1', 'LD_LIBRARY_PATH': '/home/nvidia/f1tenth_ws/install/teleop_tools_msgs/lib://home/nvidia/f1tenth_ws/install/vesc_driver/lib://home/nvidia/f1tenth_ws/install/vesc_ackermann/lib://home/nvidia/f1tenth_ws/install/vesc_msgs/lib://home/nvidia/f1tenth_ws/install/teleop_tools_msgs/lib:/usr/lib/aarch64-linux-gnu/gazebo-11/plugins:/opt/ros/foxy/opt/yaml_cpp_vendor/lib:/opt/ros/foxy/opt/rviz_ogre_vendor/lib:/opt/ros/foxy/lib/aarch64-linux-gnu:/opt/ros/foxy/lib:/usr/local/cuda-11.4/lib64', 'HOME': '/home/nvidia', 'OLDPWD': '/home/nvidia/f1tenth_ws/src/f1tenth_controllers', 'DESKTOP_SESSION': 'ubuntu', 'ROS_PYTHON_VERSION': '3', 'GNOME_SHELL_SESSION_MODE': 'ubuntu', 'GTK_MODULES': 'gail:atk-bridge', 'MANAGERPID': '3734', 'DBUS_SESSION_BUS_ADDRESS': 'unix:path=/run/user/1000/bus', 'COLORTERM': 'truecolor', 'TERMINATOR_DBUS_NAME': 'net.tenshu.Terminator23558193cd9818af7fe4d2c2f5bd9d00f', 'GIO_LAUNCHED_DESKTOP_FILE_PID': '6532', 'IM_CONFIG_PHASE': '1', 'COLCON_PREFIX_PATH': '//home/nvidia/f1tenth_ws/install', 'ROS_DISTRO': 'foxy', 'LOGNAME': 'nvidia', 'JOURNAL_STREAM': '8:68012', '_': '/usr/bin/colcon', 'ROS_VERSION': '2', 'XDG_SESSION_CLASS': 'user', 'USERNAME': 'nvidia', 'TERM': 'xterm-256color', 'GAZEBO_MODEL_PATH': ':/opt/ros/foxy/share/turtlebot3_gazebo/models', 'GNOME_DESKTOP_SESSION_ID': 'this-is-deprecated', 'ROS_LOCALHOST_ONLY': '0', 'WINDOWPATH': '2', 'PATH': '//home/nvidia/f1tenth_ws/install/range_lib/bin:/opt/ros/foxy/bin:/usr/local/cuda-11.4/bin:/home/nvidia/.local/bin:/usr/local/sbin:/usr/local/bin:/usr/sbin:/usr/bin:/sbin:/bin:/usr/games:/usr/local/games:/snap/bin', 'SESSION_MANAGER': 'local/ubuntu:@/tmp/.ICE-unix/3871,unix/ubuntu:/tmp/.ICE-unix/3871', 'INVOCATION_ID': '3ef7397d0ea34bca9ca2a0d82e935ac2', 'XDG_MENU_PREFIX': 'gnome-', 'XDG_RUNTIME_DIR': '/run/user/1000', 'DISPLAY': ':1', 'TERMINATOR_DBUS_PATH': '/net/tenshu/Terminator2', 'LANG': 'en_US.UTF-8', 'XDG_CURRENT_DESKTOP': 'ubuntu:GNOME', 'XMODIFIERS': '@im=ibus', 'XDG_SESSION_DESKTOP': 'ubuntu', 'XAUTHORITY': '/run/user/1000/gdm/Xauthority', 'LS_COLORS': 'rs=0:di=01;34:ln=01;36:mh=00:pi=40;33:so=01;35:do=01;35:bd=40;33;01:cd=40;33;01:or=40;31;01:mi=00:su=37;41:sg=30;43:ca=30;41:tw=30;42:ow=34;42:st=37;44:ex=01;32:*.tar=01;31:*.tgz=01;31:*.arc=01;31:*.arj=01;31:*.taz=01;31:*.lha=01;31:*.lz4=01;31:*.lzh=01;31:*.lzma=01;31:*.tlz=01;31:*.txz=01;31:*.tzo=01;31:*.t7z=01;31:*.zip=01;31:*.z=01;31:*.dz=01;31:*.gz=01;31:*.lrz=01;31:*.lz=01;31:*.lzo=01;31:*.xz=01;31:*.zst=01;31:*.tzst=01;31:*.bz2=01;31:*.bz=01;31:*.tbz=01;31:*.tbz2=01;31:*.tz=01;31:*.deb=01;31:*.rpm=01;31:*.jar=01;31:*.war=01;31:*.ear=01;31:*.sar=01;31:*.rar=01;31:*.alz=01;31:*.ace=01;31:*.zoo=01;31:*.cpio=01;31:*.7z=01;31:*.rz=01;31:*.cab=01;31:*.wim=01;31:*.swm=01;31:*.dwm=01;31:*.esd=01;31:*.jpg=01;35:*.jpeg=01;35:*.mjpg=01;35:*.mjpeg=01;35:*.gif=01;35:*.bmp=01;35:*.pbm=01;35:*.pgm=01;35:*.ppm=01;35:*.tga=01;35:*.xbm=01;35:*.xpm=01;35:*.tif=01;35:*.tiff=01;35:*.png=01;35:*.svg=01;35:*.svgz=01;35:*.mng=01;35:*.pcx=01;35:*.mov=01;35:*.mpg=01;35:*.mpeg=01;35:*.m2v=01;35:*.mkv=01;35:*.webm=01;35:*.ogm=01;35:*.mp4=01;35:*.m4v=01;35:*.mp4v=01;35:*.vob=01;35:*.qt=01;35:*.nuv=01;35:*.wmv=01;35:*.asf=01;35:*.rm=01;35:*.rmvb=01;35:*.flc=01;35:*.avi=01;35:*.fli=01;35:*.flv=01;35:*.gl=01;35:*.dl=01;35:*.xcf=01;35:*.xwd=01;35:*.yuv=01;35:*.cgm=01;35:*.emf=01;35:*.ogv=01;35:*.ogx=01;35:*.aac=00;36:*.au=00;36:*.flac=00;36:*.m4a=00;36:*.mid=00;36:*.midi=00;36:*.mka=00;36:*.mp3=00;36:*.mpc=00;36:*.ogg=00;36:*.ra=00;36:*.wav=00;36:*.oga=00;36:*.opus=00;36:*.spx=00;36:*.xspf=00;36:', 'SSH_AUTH_SOCK': '/run/user/1000/keyring/ssh', 'ROS_DOMAIN_ID': '4', 'AMENT_PREFIX_PATH': '/home/nvidia/f1tenth_ws/install/teleop_tools_msgs://home/nvidia/f1tenth_ws/install/f1tenth_stack://home/nvidia/f1tenth_ws/install/vesc://home/nvidia/f1tenth_ws/install/vesc_driver://home/nvidia/f1tenth_ws/install/vesc_ackermann://home/nvidia/f1tenth_ws/install/vesc_msgs://home/nvidia/f1tenth_ws/install/teleop_tools://home/nvidia/f1tenth_ws/install/joy_teleop://home/nvidia/f1tenth_ws/install/teleop_tools_msgs://home/nvidia/f1tenth_ws/install/phasespace://home/nvidia/f1tenth_ws/install/particle_filter://home/nvidia/f1tenth_ws/install/new_map_saver://home/nvidia/f1tenth_ws/install/mouse_teleop://home/nvidia/f1tenth_ws/install/mapping://home/nvidia/f1tenth_ws/install/key_teleop://home/nvidia/f1tenth_ws/install/ackermann_mux:/opt/ros/foxy', 'SHELL': '/bin/bash', 'TERMINATOR_UUID': 'urn:uuid:ffa84fa6-9ec7-420e-953e-e336d0726543', 'QT_ACCESSIBILITY': '1', 'GDMSESSION': 'ubuntu', 'LESSCLOSE': '/usr/bin/lesspipe %s %s', 'GPG_AGENT_INFO': '/run/user/1000/gnupg/S.gpg-agent:0:1', 'QT_IM_MODULE': 'ibus', 'PWD': '/home/nvidia/f1tenth_ws/build/joy_teleop', 'TURTLEBOT3_MODEL': 'waffle', 'LC_ALL': 'en_US.UTF-8', 'XDG_CONFIG_DIRS': '/etc/xdg/xdg-ubuntu:/etc/xdg', 'XDG_DATA_DIRS': '/usr/share/ubuntu:/usr/local/share/:/usr/share/:/var/lib/snapd/desktop', 'PYTHONPATH': '/home/nvidia/f1tenth_ws/build/joy_teleop/prefix_override:/usr/lib/python3/dist-packages/colcon_core/task/python/colcon_distutils_commands:/home/nvidia/f1tenth_ws/install/joy_teleop/lib/python3.8/site-packages:/home/nvidia/f1tenth_ws/install/teleop_tools_msgs/lib/python3.8/site-packages://home/nvidia/f1tenth_ws/install/f1tenth_stack/lib/python3.8/site-packages://home/nvidia/f1tenth_ws/install/vesc_msgs/lib/python3.8/site-packages://home/nvidia/f1tenth_ws/install/joy_teleop/lib/python3.8/site-packages://home/nvidia/f1tenth_ws/install/teleop_tools_msgs/lib/python3.8/site-packages://home/nvidia/f1tenth_ws/install/phasespace/lib/python3.8/site-packages://home/nvidia/f1tenth_ws/install/particle_filter/lib/python3.8/site-packages://home/nvidia/f1tenth_ws/install/new_map_saver/lib/python3.8/site-packages://home/nvidia/f1tenth_ws/install/mouse_teleop/lib/python3.8/site-packages://home/nvidia/f1tenth_ws/install/mapping/lib/python3.8/site-packages://home/nvidia/f1tenth_ws/install/key_teleop/lib/python3.8/site-packages:/opt/ros/foxy/lib/python3.8/site-packages', 'COLCON': '1', 'VTE_VERSION': '6003', 'CMAKE_PREFIX_PATH': '/home/nvidia/f1tenth_ws/install/teleop_tools_msgs://home/nvidia/f1tenth_ws/install/vesc://home/nvidia/f1tenth_ws/install/vesc_driver://home/nvidia/f1tenth_ws/install/vesc_ackermann://home/nvidia/f1tenth_ws/install/vesc_msgs://home/nvidia/f1tenth_ws/install/teleop_tools://home/nvidia/f1tenth_ws/install/teleop_tools_msgs://home/nvidia/f1tenth_ws/install/range_lib://home/nvidia/f1tenth_ws/install/ackermann_mux'}, 'shell': False}
[13.739868] (-) TimerEvent: {}
[13.849908] (-) TimerEvent: {}
[13.952145] (-) TimerEvent: {}
[14.053336] (-) TimerEvent: {}
[14.154463] (-) TimerEvent: {}
[14.173809] (vesc_ackermann) StdoutLine: {'line': b'[ 28%] Built target ackermann_to_vesc_node\n'}
[14.177986] (vesc_ackermann) StdoutLine: {'line': b'[ 71%] Built target vesc_ackermann\n'}
[14.209815] (vesc_ackermann) StdoutLine: {'line': b'[100%] Built target vesc_to_odom_node\n'}
[14.254735] (-) TimerEvent: {}
[14.276254] (vesc_driver) StdoutLine: {'line': b'[ 20%] Built target vesc_driver_node\n'}
[14.285961] (vesc_ackermann) CommandEnded: {'returncode': 0}
[14.300388] (vesc_driver) StdoutLine: {'line': b'[ 70%] Built target vesc_driver\n'}
[14.355235] (-) TimerEvent: {}
[14.457246] (-) TimerEvent: {}
[14.483773] (vesc_driver) StdoutLine: {'line': b'[100%] Built target vesc_device_namer\n'}
[14.557529] (-) TimerEvent: {}
[14.571375] (vesc_driver) CommandEnded: {'returncode': 0}
[14.594854] (vesc_ackermann) JobProgress: {'identifier': 'vesc_ackermann', 'progress': 'install'}
[14.602402] (vesc_ackermann) Command: {'cmd': ['/usr/bin/cmake', '--install', '/home/nvidia/f1tenth_ws/build/vesc_ackermann'], 'cwd': '/home/nvidia/f1tenth_ws/build/vesc_ackermann', 'env': OrderedDict([('LESSOPEN', '| /usr/bin/lesspipe %s'), ('USER', 'nvidia'), ('SSH_AGENT_PID', '3834'), ('XDG_SESSION_TYPE', 'x11'), ('SHLVL', '1'), ('LD_LIBRARY_PATH', '/home/nvidia/f1tenth_ws/install/vesc_msgs/lib://home/nvidia/f1tenth_ws/install/vesc_driver/lib://home/nvidia/f1tenth_ws/install/vesc_ackermann/lib://home/nvidia/f1tenth_ws/install/vesc_msgs/lib://home/nvidia/f1tenth_ws/install/teleop_tools_msgs/lib:/usr/lib/aarch64-linux-gnu/gazebo-11/plugins:/opt/ros/foxy/opt/yaml_cpp_vendor/lib:/opt/ros/foxy/opt/rviz_ogre_vendor/lib:/opt/ros/foxy/lib/aarch64-linux-gnu:/opt/ros/foxy/lib:/usr/local/cuda-11.4/lib64'), ('HOME', '/home/nvidia'), ('OLDPWD', '/home/nvidia/f1tenth_ws/src/f1tenth_controllers'), ('DESKTOP_SESSION', 'ubuntu'), ('ROS_PYTHON_VERSION', '3'), ('GNOME_SHELL_SESSION_MODE', 'ubuntu'), ('GTK_MODULES', 'gail:atk-bridge'), ('MANAGERPID', '3734'), ('DBUS_SESSION_BUS_ADDRESS', 'unix:path=/run/user/1000/bus'), ('COLORTERM', 'truecolor'), ('TERMINATOR_DBUS_NAME', 'net.tenshu.Terminator23558193cd9818af7fe4d2c2f5bd9d00f'), ('GIO_LAUNCHED_DESKTOP_FILE_PID', '6532'), ('IM_CONFIG_PHASE', '1'), ('COLCON_PREFIX_PATH', '//home/nvidia/f1tenth_ws/install'), ('ROS_DISTRO', 'foxy'), ('LOGNAME', 'nvidia'), ('JOURNAL_STREAM', '8:68012'), ('_', '/usr/bin/colcon'), ('ROS_VERSION', '2'), ('XDG_SESSION_CLASS', 'user'), ('USERNAME', 'nvidia'), ('TERM', 'xterm-256color'), ('GAZEBO_MODEL_PATH', ':/opt/ros/foxy/share/turtlebot3_gazebo/models'), ('GNOME_DESKTOP_SESSION_ID', 'this-is-deprecated'), ('ROS_LOCALHOST_ONLY', '0'), ('WINDOWPATH', '2'), ('PATH', '//home/nvidia/f1tenth_ws/install/range_lib/bin:/opt/ros/foxy/bin:/usr/local/cuda-11.4/bin:/home/nvidia/.local/bin:/usr/local/sbin:/usr/local/bin:/usr/sbin:/usr/bin:/sbin:/bin:/usr/games:/usr/local/games:/snap/bin'), ('SESSION_MANAGER', 'local/ubuntu:@/tmp/.ICE-unix/3871,unix/ubuntu:/tmp/.ICE-unix/3871'), ('INVOCATION_ID', '3ef7397d0ea34bca9ca2a0d82e935ac2'), ('XDG_MENU_PREFIX', 'gnome-'), ('XDG_RUNTIME_DIR', '/run/user/1000'), ('DISPLAY', ':1'), ('TERMINATOR_DBUS_PATH', '/net/tenshu/Terminator2'), ('LANG', 'en_US.UTF-8'), ('XDG_CURRENT_DESKTOP', 'ubuntu:GNOME'), ('XMODIFIERS', '@im=ibus'), ('XDG_SESSION_DESKTOP', 'ubuntu'), ('XAUTHORITY', '/run/user/1000/gdm/Xauthority'), ('LS_COLORS', 'rs=0:di=01;34:ln=01;36:mh=00:pi=40;33:so=01;35:do=01;35:bd=40;33;01:cd=40;33;01:or=40;31;01:mi=00:su=37;41:sg=30;43:ca=30;41:tw=30;42:ow=34;42:st=37;44:ex=01;32:*.tar=01;31:*.tgz=01;31:*.arc=01;31:*.arj=01;31:*.taz=01;31:*.lha=01;31:*.lz4=01;31:*.lzh=01;31:*.lzma=01;31:*.tlz=01;31:*.txz=01;31:*.tzo=01;31:*.t7z=01;31:*.zip=01;31:*.z=01;31:*.dz=01;31:*.gz=01;31:*.lrz=01;31:*.lz=01;31:*.lzo=01;31:*.xz=01;31:*.zst=01;31:*.tzst=01;31:*.bz2=01;31:*.bz=01;31:*.tbz=01;31:*.tbz2=01;31:*.tz=01;31:*.deb=01;31:*.rpm=01;31:*.jar=01;31:*.war=01;31:*.ear=01;31:*.sar=01;31:*.rar=01;31:*.alz=01;31:*.ace=01;31:*.zoo=01;31:*.cpio=01;31:*.7z=01;31:*.rz=01;31:*.cab=01;31:*.wim=01;31:*.swm=01;31:*.dwm=01;31:*.esd=01;31:*.jpg=01;35:*.jpeg=01;35:*.mjpg=01;35:*.mjpeg=01;35:*.gif=01;35:*.bmp=01;35:*.pbm=01;35:*.pgm=01;35:*.ppm=01;35:*.tga=01;35:*.xbm=01;35:*.xpm=01;35:*.tif=01;35:*.tiff=01;35:*.png=01;35:*.svg=01;35:*.svgz=01;35:*.mng=01;35:*.pcx=01;35:*.mov=01;35:*.mpg=01;35:*.mpeg=01;35:*.m2v=01;35:*.mkv=01;35:*.webm=01;35:*.ogm=01;35:*.mp4=01;35:*.m4v=01;35:*.mp4v=01;35:*.vob=01;35:*.qt=01;35:*.nuv=01;35:*.wmv=01;35:*.asf=01;35:*.rm=01;35:*.rmvb=01;35:*.flc=01;35:*.avi=01;35:*.fli=01;35:*.flv=01;35:*.gl=01;35:*.dl=01;35:*.xcf=01;35:*.xwd=01;35:*.yuv=01;35:*.cgm=01;35:*.emf=01;35:*.ogv=01;35:*.ogx=01;35:*.aac=00;36:*.au=00;36:*.flac=00;36:*.m4a=00;36:*.mid=00;36:*.midi=00;36:*.mka=00;36:*.mp3=00;36:*.mpc=00;36:*.ogg=00;36:*.ra=00;36:*.wav=00;36:*.oga=00;36:*.opus=00;36:*.spx=00;36:*.xspf=00;36:'), ('SSH_AUTH_SOCK', '/run/user/1000/keyring/ssh'), ('ROS_DOMAIN_ID', '4'), ('AMENT_PREFIX_PATH', '/home/nvidia/f1tenth_ws/install/vesc_msgs://home/nvidia/f1tenth_ws/install/f1tenth_stack://home/nvidia/f1tenth_ws/install/vesc://home/nvidia/f1tenth_ws/install/vesc_driver://home/nvidia/f1tenth_ws/install/vesc_ackermann://home/nvidia/f1tenth_ws/install/vesc_msgs://home/nvidia/f1tenth_ws/install/teleop_tools://home/nvidia/f1tenth_ws/install/joy_teleop://home/nvidia/f1tenth_ws/install/teleop_tools_msgs://home/nvidia/f1tenth_ws/install/phasespace://home/nvidia/f1tenth_ws/install/particle_filter://home/nvidia/f1tenth_ws/install/new_map_saver://home/nvidia/f1tenth_ws/install/mouse_teleop://home/nvidia/f1tenth_ws/install/mapping://home/nvidia/f1tenth_ws/install/key_teleop://home/nvidia/f1tenth_ws/install/ackermann_mux:/opt/ros/foxy'), ('SHELL', '/bin/bash'), ('TERMINATOR_UUID', 'urn:uuid:ffa84fa6-9ec7-420e-953e-e336d0726543'), ('QT_ACCESSIBILITY', '1'), ('GDMSESSION', 'ubuntu'), ('LESSCLOSE', '/usr/bin/lesspipe %s %s'), ('GPG_AGENT_INFO', '/run/user/1000/gnupg/S.gpg-agent:0:1'), ('QT_IM_MODULE', 'ibus'), ('PWD', '/home/nvidia/f1tenth_ws/build/vesc_ackermann'), ('TURTLEBOT3_MODEL', 'waffle'), ('LC_ALL', 'en_US.UTF-8'), ('XDG_CONFIG_DIRS', '/etc/xdg/xdg-ubuntu:/etc/xdg'), ('XDG_DATA_DIRS', '/usr/share/ubuntu:/usr/local/share/:/usr/share/:/var/lib/snapd/desktop'), ('PYTHONPATH', '/home/nvidia/f1tenth_ws/install/vesc_msgs/lib/python3.8/site-packages://home/nvidia/f1tenth_ws/install/f1tenth_stack/lib/python3.8/site-packages://home/nvidia/f1tenth_ws/install/vesc_msgs/lib/python3.8/site-packages://home/nvidia/f1tenth_ws/install/joy_teleop/lib/python3.8/site-packages://home/nvidia/f1tenth_ws/install/teleop_tools_msgs/lib/python3.8/site-packages://home/nvidia/f1tenth_ws/install/phasespace/lib/python3.8/site-packages://home/nvidia/f1tenth_ws/install/particle_filter/lib/python3.8/site-packages://home/nvidia/f1tenth_ws/install/new_map_saver/lib/python3.8/site-packages://home/nvidia/f1tenth_ws/install/mouse_teleop/lib/python3.8/site-packages://home/nvidia/f1tenth_ws/install/mapping/lib/python3.8/site-packages://home/nvidia/f1tenth_ws/install/key_teleop/lib/python3.8/site-packages:/opt/ros/foxy/lib/python3.8/site-packages'), ('COLCON', '1'), ('VTE_VERSION', '6003'), ('CMAKE_PREFIX_PATH', '/home/nvidia/f1tenth_ws/install/vesc_msgs://home/nvidia/f1tenth_ws/install/vesc://home/nvidia/f1tenth_ws/install/vesc_driver://home/nvidia/f1tenth_ws/install/vesc_ackermann://home/nvidia/f1tenth_ws/install/vesc_msgs://home/nvidia/f1tenth_ws/install/teleop_tools://home/nvidia/f1tenth_ws/install/teleop_tools_msgs://home/nvidia/f1tenth_ws/install/range_lib://home/nvidia/f1tenth_ws/install/ackermann_mux://home/nvidia/f1tenth_ws/install/f1tenth_stack://home/nvidia/f1tenth_ws/install/joy_teleop://home/nvidia/f1tenth_ws/install/phasespace://home/nvidia/f1tenth_ws/install/particle_filter://home/nvidia/f1tenth_ws/install/new_map_saver://home/nvidia/f1tenth_ws/install/mouse_teleop://home/nvidia/f1tenth_ws/install/mapping://home/nvidia/f1tenth_ws/install/key_teleop:/opt/ros/foxy')]), 'shell': False}
[14.658365] (-) TimerEvent: {}
[14.675357] (vesc_ackermann) StdoutLine: {'line': b'-- Install configuration: ""\n'}
[14.682724] (vesc_ackermann) StdoutLine: {'line': b'-- Up-to-date: /home/nvidia/f1tenth_ws/install/vesc_ackermann/lib/vesc_ackermann/ackermann_to_vesc_node\n'}
[14.690104] (vesc_ackermann) StdoutLine: {'line': b'-- Up-to-date: /home/nvidia/f1tenth_ws/install/vesc_ackermann/lib/vesc_ackermann/vesc_to_odom_node\n'}
[14.691954] (vesc_ackermann) StdoutLine: {'line': b'-- Up-to-date: /home/nvidia/f1tenth_ws/install/vesc_ackermann/include\n'}
[14.693931] (vesc_ackermann) StdoutLine: {'line': b'-- Up-to-date: /home/nvidia/f1tenth_ws/install/vesc_ackermann/include/vesc_ackermann\n'}
[14.694678] (vesc_ackermann) StdoutLine: {'line': b'-- Up-to-date: /home/nvidia/f1tenth_ws/install/vesc_ackermann/include/vesc_ackermann/vesc_to_odom.hpp\n'}
[14.695205] (vesc_ackermann) StdoutLine: {'line': b'-- Up-to-date: /home/nvidia/f1tenth_ws/install/vesc_ackermann/include/vesc_ackermann/ackermann_to_vesc.hpp\n'}
[14.696020] (vesc_ackermann) StdoutLine: {'line': b'-- Up-to-date: /home/nvidia/f1tenth_ws/install/vesc_ackermann/share/vesc_ackermann/environment/library_path.sh\n'}
[14.696720] (vesc_ackermann) StdoutLine: {'line': b'-- Up-to-date: /home/nvidia/f1tenth_ws/install/vesc_ackermann/share/vesc_ackermann/environment/library_path.dsv\n'}
[14.697776] (vesc_ackermann) StdoutLine: {'line': b'-- Up-to-date: /home/nvidia/f1tenth_ws/install/vesc_ackermann/lib/libvesc_ackermann.so\n'}
[14.699528] (vesc_ackermann) StdoutLine: {'line': b'-- Up-to-date: /home/nvidia/f1tenth_ws/install/vesc_ackermann/share/vesc_ackermann/launch\n'}
[14.700429] (vesc_ackermann) StdoutLine: {'line': b'-- Up-to-date: /home/nvidia/f1tenth_ws/install/vesc_ackermann/share/vesc_ackermann/launch/ackermann_to_vesc_node.launch.xml\n'}
[14.702124] (vesc_ackermann) StdoutLine: {'line': b'-- Up-to-date: /home/nvidia/f1tenth_ws/install/vesc_ackermann/share/vesc_ackermann/launch/vesc_to_odom_node.launch.xml\n'}
[14.702671] (vesc_ackermann) StdoutLine: {'line': b'-- Up-to-date: /home/nvidia/f1tenth_ws/install/vesc_ackermann/share/ament_index/resource_index/package_run_dependencies/vesc_ackermann\n'}
[14.703335] (vesc_ackermann) StdoutLine: {'line': b'-- Up-to-date: /home/nvidia/f1tenth_ws/install/vesc_ackermann/share/ament_index/resource_index/parent_prefix_path/vesc_ackermann\n'}
[14.703802] (vesc_ackermann) StdoutLine: {'line': b'-- Up-to-date: /home/nvidia/f1tenth_ws/install/vesc_ackermann/share/vesc_ackermann/environment/ament_prefix_path.sh\n'}
[14.704226] (vesc_ackermann) StdoutLine: {'line': b'-- Up-to-date: /home/nvidia/f1tenth_ws/install/vesc_ackermann/share/vesc_ackermann/environment/ament_prefix_path.dsv\n'}
[14.705329] (vesc_ackermann) StdoutLine: {'line': b'-- Up-to-date: /home/nvidia/f1tenth_ws/install/vesc_ackermann/share/vesc_ackermann/environment/path.sh\n'}
[14.705872] (vesc_ackermann) StdoutLine: {'line': b'-- Up-to-date: /home/nvidia/f1tenth_ws/install/vesc_ackermann/share/vesc_ackermann/environment/path.dsv\n'}
[14.706326] (vesc_ackermann) StdoutLine: {'line': b'-- Up-to-date: /home/nvidia/f1tenth_ws/install/vesc_ackermann/share/vesc_ackermann/local_setup.bash\n'}
[14.709213] (vesc_ackermann) StdoutLine: {'line': b'-- Up-to-date: /home/nvidia/f1tenth_ws/install/vesc_ackermann/share/vesc_ackermann/local_setup.sh\n'}
[14.710854] (vesc_ackermann) StdoutLine: {'line': b'-- Up-to-date: /home/nvidia/f1tenth_ws/install/vesc_ackermann/share/vesc_ackermann/local_setup.zsh\n'}
[14.711620] (vesc_ackermann) StdoutLine: {'line': b'-- Up-to-date: /home/nvidia/f1tenth_ws/install/vesc_ackermann/share/vesc_ackermann/local_setup.dsv\n'}
[14.712507] (vesc_ackermann) StdoutLine: {'line': b'-- Installing: /home/nvidia/f1tenth_ws/install/vesc_ackermann/share/vesc_ackermann/package.dsv\n'}
[14.713430] (vesc_ackermann) StdoutLine: {'line': b'-- Up-to-date: /home/nvidia/f1tenth_ws/install/vesc_ackermann/share/ament_index/resource_index/packages/vesc_ackermann\n'}
[14.714136] (vesc_ackermann) StdoutLine: {'line': b'-- Up-to-date: /home/nvidia/f1tenth_ws/install/vesc_ackermann/share/ament_index/resource_index/rclcpp_components/vesc_ackermann\n'}
[14.714684] (vesc_ackermann) StdoutLine: {'line': b'-- Up-to-date: /home/nvidia/f1tenth_ws/install/vesc_ackermann/share/vesc_ackermann/cmake/ament_cmake_export_dependencies-extras.cmake\n'}
[14.715098] (vesc_ackermann) StdoutLine: {'line': b'-- Up-to-date: /home/nvidia/f1tenth_ws/install/vesc_ackermann/share/vesc_ackermann/cmake/ament_cmake_export_include_directories-extras.cmake\n'}
[14.715486] (vesc_ackermann) StdoutLine: {'line': b'-- Up-to-date: /home/nvidia/f1tenth_ws/install/vesc_ackermann/share/vesc_ackermann/cmake/ament_cmake_export_libraries-extras.cmake\n'}
[14.715931] (vesc_ackermann) StdoutLine: {'line': b'-- Up-to-date: /home/nvidia/f1tenth_ws/install/vesc_ackermann/share/vesc_ackermann/cmake/vesc_ackermannConfig.cmake\n'}
[14.716869] (vesc_ackermann) StdoutLine: {'line': b'-- Up-to-date: /home/nvidia/f1tenth_ws/install/vesc_ackermann/share/vesc_ackermann/cmake/vesc_ackermannConfig-version.cmake\n'}
[14.717285] (vesc_ackermann) StdoutLine: {'line': b'-- Up-to-date: /home/nvidia/f1tenth_ws/install/vesc_ackermann/share/vesc_ackermann/package.xml\n'}
[14.730012] (vesc_ackermann) CommandEnded: {'returncode': 0}
[14.758979] (-) TimerEvent: {}
[14.860630] (-) TimerEvent: {}
[14.938627] (vesc_driver) JobProgress: {'identifier': 'vesc_driver', 'progress': 'install'}
[14.941569] (vesc_driver) Command: {'cmd': ['/usr/bin/cmake', '--install', '/home/nvidia/f1tenth_ws/build/vesc_driver'], 'cwd': '/home/nvidia/f1tenth_ws/build/vesc_driver', 'env': OrderedDict([('LESSOPEN', '| /usr/bin/lesspipe %s'), ('USER', 'nvidia'), ('SSH_AGENT_PID', '3834'), ('XDG_SESSION_TYPE', 'x11'), ('SHLVL', '1'), ('LD_LIBRARY_PATH', '/home/nvidia/f1tenth_ws/install/vesc_msgs/lib://home/nvidia/f1tenth_ws/install/vesc_driver/lib://home/nvidia/f1tenth_ws/install/vesc_ackermann/lib://home/nvidia/f1tenth_ws/install/vesc_msgs/lib://home/nvidia/f1tenth_ws/install/teleop_tools_msgs/lib:/usr/lib/aarch64-linux-gnu/gazebo-11/plugins:/opt/ros/foxy/opt/yaml_cpp_vendor/lib:/opt/ros/foxy/opt/rviz_ogre_vendor/lib:/opt/ros/foxy/lib/aarch64-linux-gnu:/opt/ros/foxy/lib:/usr/local/cuda-11.4/lib64'), ('HOME', '/home/nvidia'), ('OLDPWD', '/home/nvidia/f1tenth_ws/src/f1tenth_controllers'), ('DESKTOP_SESSION', 'ubuntu'), ('ROS_PYTHON_VERSION', '3'), ('GNOME_SHELL_SESSION_MODE', 'ubuntu'), ('GTK_MODULES', 'gail:atk-bridge'), ('MANAGERPID', '3734'), ('DBUS_SESSION_BUS_ADDRESS', 'unix:path=/run/user/1000/bus'), ('COLORTERM', 'truecolor'), ('TERMINATOR_DBUS_NAME', 'net.tenshu.Terminator23558193cd9818af7fe4d2c2f5bd9d00f'), ('GIO_LAUNCHED_DESKTOP_FILE_PID', '6532'), ('IM_CONFIG_PHASE', '1'), ('COLCON_PREFIX_PATH', '//home/nvidia/f1tenth_ws/install'), ('ROS_DISTRO', 'foxy'), ('LOGNAME', 'nvidia'), ('JOURNAL_STREAM', '8:68012'), ('_', '/usr/bin/colcon'), ('ROS_VERSION', '2'), ('XDG_SESSION_CLASS', 'user'), ('USERNAME', 'nvidia'), ('TERM', 'xterm-256color'), ('GAZEBO_MODEL_PATH', ':/opt/ros/foxy/share/turtlebot3_gazebo/models'), ('GNOME_DESKTOP_SESSION_ID', 'this-is-deprecated'), ('ROS_LOCALHOST_ONLY', '0'), ('WINDOWPATH', '2'), ('PATH', '//home/nvidia/f1tenth_ws/install/range_lib/bin:/opt/ros/foxy/bin:/usr/local/cuda-11.4/bin:/home/nvidia/.local/bin:/usr/local/sbin:/usr/local/bin:/usr/sbin:/usr/bin:/sbin:/bin:/usr/games:/usr/local/games:/snap/bin'), ('SESSION_MANAGER', 'local/ubuntu:@/tmp/.ICE-unix/3871,unix/ubuntu:/tmp/.ICE-unix/3871'), ('INVOCATION_ID', '3ef7397d0ea34bca9ca2a0d82e935ac2'), ('XDG_MENU_PREFIX', 'gnome-'), ('XDG_RUNTIME_DIR', '/run/user/1000'), ('DISPLAY', ':1'), ('TERMINATOR_DBUS_PATH', '/net/tenshu/Terminator2'), ('LANG', 'en_US.UTF-8'), ('XDG_CURRENT_DESKTOP', 'ubuntu:GNOME'), ('XMODIFIERS', '@im=ibus'), ('XDG_SESSION_DESKTOP', 'ubuntu'), ('XAUTHORITY', '/run/user/1000/gdm/Xauthority'), ('LS_COLORS', 'rs=0:di=01;34:ln=01;36:mh=00:pi=40;33:so=01;35:do=01;35:bd=40;33;01:cd=40;33;01:or=40;31;01:mi=00:su=37;41:sg=30;43:ca=30;41:tw=30;42:ow=34;42:st=37;44:ex=01;32:*.tar=01;31:*.tgz=01;31:*.arc=01;31:*.arj=01;31:*.taz=01;31:*.lha=01;31:*.lz4=01;31:*.lzh=01;31:*.lzma=01;31:*.tlz=01;31:*.txz=01;31:*.tzo=01;31:*.t7z=01;31:*.zip=01;31:*.z=01;31:*.dz=01;31:*.gz=01;31:*.lrz=01;31:*.lz=01;31:*.lzo=01;31:*.xz=01;31:*.zst=01;31:*.tzst=01;31:*.bz2=01;31:*.bz=01;31:*.tbz=01;31:*.tbz2=01;31:*.tz=01;31:*.deb=01;31:*.rpm=01;31:*.jar=01;31:*.war=01;31:*.ear=01;31:*.sar=01;31:*.rar=01;31:*.alz=01;31:*.ace=01;31:*.zoo=01;31:*.cpio=01;31:*.7z=01;31:*.rz=01;31:*.cab=01;31:*.wim=01;31:*.swm=01;31:*.dwm=01;31:*.esd=01;31:*.jpg=01;35:*.jpeg=01;35:*.mjpg=01;35:*.mjpeg=01;35:*.gif=01;35:*.bmp=01;35:*.pbm=01;35:*.pgm=01;35:*.ppm=01;35:*.tga=01;35:*.xbm=01;35:*.xpm=01;35:*.tif=01;35:*.tiff=01;35:*.png=01;35:*.svg=01;35:*.svgz=01;35:*.mng=01;35:*.pcx=01;35:*.mov=01;35:*.mpg=01;35:*.mpeg=01;35:*.m2v=01;35:*.mkv=01;35:*.webm=01;35:*.ogm=01;35:*.mp4=01;35:*.m4v=01;35:*.mp4v=01;35:*.vob=01;35:*.qt=01;35:*.nuv=01;35:*.wmv=01;35:*.asf=01;35:*.rm=01;35:*.rmvb=01;35:*.flc=01;35:*.avi=01;35:*.fli=01;35:*.flv=01;35:*.gl=01;35:*.dl=01;35:*.xcf=01;35:*.xwd=01;35:*.yuv=01;35:*.cgm=01;35:*.emf=01;35:*.ogv=01;35:*.ogx=01;35:*.aac=00;36:*.au=00;36:*.flac=00;36:*.m4a=00;36:*.mid=00;36:*.midi=00;36:*.mka=00;36:*.mp3=00;36:*.mpc=00;36:*.ogg=00;36:*.ra=00;36:*.wav=00;36:*.oga=00;36:*.opus=00;36:*.spx=00;36:*.xspf=00;36:'), ('SSH_AUTH_SOCK', '/run/user/1000/keyring/ssh'), ('ROS_DOMAIN_ID', '4'), ('AMENT_PREFIX_PATH', '/home/nvidia/f1tenth_ws/install/vesc_msgs://home/nvidia/f1tenth_ws/install/f1tenth_stack://home/nvidia/f1tenth_ws/install/vesc://home/nvidia/f1tenth_ws/install/vesc_driver://home/nvidia/f1tenth_ws/install/vesc_ackermann://home/nvidia/f1tenth_ws/install/vesc_msgs://home/nvidia/f1tenth_ws/install/teleop_tools://home/nvidia/f1tenth_ws/install/joy_teleop://home/nvidia/f1tenth_ws/install/teleop_tools_msgs://home/nvidia/f1tenth_ws/install/phasespace://home/nvidia/f1tenth_ws/install/particle_filter://home/nvidia/f1tenth_ws/install/new_map_saver://home/nvidia/f1tenth_ws/install/mouse_teleop://home/nvidia/f1tenth_ws/install/mapping://home/nvidia/f1tenth_ws/install/key_teleop://home/nvidia/f1tenth_ws/install/ackermann_mux:/opt/ros/foxy'), ('SHELL', '/bin/bash'), ('TERMINATOR_UUID', 'urn:uuid:ffa84fa6-9ec7-420e-953e-e336d0726543'), ('QT_ACCESSIBILITY', '1'), ('GDMSESSION', 'ubuntu'), ('LESSCLOSE', '/usr/bin/lesspipe %s %s'), ('GPG_AGENT_INFO', '/run/user/1000/gnupg/S.gpg-agent:0:1'), ('QT_IM_MODULE', 'ibus'), ('PWD', '/home/nvidia/f1tenth_ws/build/vesc_driver'), ('TURTLEBOT3_MODEL', 'waffle'), ('LC_ALL', 'en_US.UTF-8'), ('XDG_CONFIG_DIRS', '/etc/xdg/xdg-ubuntu:/etc/xdg'), ('XDG_DATA_DIRS', '/usr/share/ubuntu:/usr/local/share/:/usr/share/:/var/lib/snapd/desktop'), ('PYTHONPATH', '/home/nvidia/f1tenth_ws/install/vesc_msgs/lib/python3.8/site-packages://home/nvidia/f1tenth_ws/install/f1tenth_stack/lib/python3.8/site-packages://home/nvidia/f1tenth_ws/install/vesc_msgs/lib/python3.8/site-packages://home/nvidia/f1tenth_ws/install/joy_teleop/lib/python3.8/site-packages://home/nvidia/f1tenth_ws/install/teleop_tools_msgs/lib/python3.8/site-packages://home/nvidia/f1tenth_ws/install/phasespace/lib/python3.8/site-packages://home/nvidia/f1tenth_ws/install/particle_filter/lib/python3.8/site-packages://home/nvidia/f1tenth_ws/install/new_map_saver/lib/python3.8/site-packages://home/nvidia/f1tenth_ws/install/mouse_teleop/lib/python3.8/site-packages://home/nvidia/f1tenth_ws/install/mapping/lib/python3.8/site-packages://home/nvidia/f1tenth_ws/install/key_teleop/lib/python3.8/site-packages:/opt/ros/foxy/lib/python3.8/site-packages'), ('COLCON', '1'), ('VTE_VERSION', '6003'), ('CMAKE_PREFIX_PATH', '/home/nvidia/f1tenth_ws/install/vesc_msgs://home/nvidia/f1tenth_ws/install/vesc://home/nvidia/f1tenth_ws/install/vesc_driver://home/nvidia/f1tenth_ws/install/vesc_ackermann://home/nvidia/f1tenth_ws/install/vesc_msgs://home/nvidia/f1tenth_ws/install/teleop_tools://home/nvidia/f1tenth_ws/install/teleop_tools_msgs://home/nvidia/f1tenth_ws/install/range_lib://home/nvidia/f1tenth_ws/install/ackermann_mux://home/nvidia/f1tenth_ws/install/f1tenth_stack://home/nvidia/f1tenth_ws/install/joy_teleop://home/nvidia/f1tenth_ws/install/phasespace://home/nvidia/f1tenth_ws/install/particle_filter://home/nvidia/f1tenth_ws/install/new_map_saver://home/nvidia/f1tenth_ws/install/mouse_teleop://home/nvidia/f1tenth_ws/install/mapping://home/nvidia/f1tenth_ws/install/key_teleop:/opt/ros/foxy')]), 'shell': False}
[14.966650] (-) TimerEvent: {}
[15.031551] (vesc_driver) StdoutLine: {'line': b'-- Install configuration: ""\n'}
[15.037841] (vesc_driver) StdoutLine: {'line': b'-- Up-to-date: /home/nvidia/f1tenth_ws/install/vesc_driver/lib/vesc_driver/vesc_driver_node\n'}
[15.042190] (vesc_driver) StdoutLine: {'line': b'-- Up-to-date: /home/nvidia/f1tenth_ws/install/vesc_driver/include\n'}
[15.043974] (vesc_driver) StdoutLine: {'line': b'-- Up-to-date: /home/nvidia/f1tenth_ws/install/vesc_driver/include/vesc_driver\n'}
[15.045917] (vesc_driver) StdoutLine: {'line': b'-- Up-to-date: /home/nvidia/f1tenth_ws/install/vesc_driver/include/vesc_driver/vesc_interface.hpp\n'}
[15.047079] (vesc_driver) StdoutLine: {'line': b'-- Up-to-date: /home/nvidia/f1tenth_ws/install/vesc_driver/include/vesc_driver/vesc_driver.hpp\n'}
[15.048131] (vesc_driver) StdoutLine: {'line': b'-- Up-to-date: /home/nvidia/f1tenth_ws/install/vesc_driver/include/vesc_driver/vesc_packet.hpp\n'}
[15.049170] (vesc_driver) StdoutLine: {'line': b'-- Up-to-date: /home/nvidia/f1tenth_ws/install/vesc_driver/include/vesc_driver/vesc_packet_factory.hpp\n'}
[15.050350] (vesc_driver) StdoutLine: {'line': b'-- Up-to-date: /home/nvidia/f1tenth_ws/install/vesc_driver/include/vesc_driver/datatypes.hpp\n'}
[15.053152] (vesc_driver) StdoutLine: {'line': b'-- Up-to-date: /home/nvidia/f1tenth_ws/install/vesc_driver/include/vesc_driver/crc.hpp\n'}
[15.053776] (vesc_driver) StdoutLine: {'line': b'-- Up-to-date: /home/nvidia/f1tenth_ws/install/vesc_driver/include/vesc_driver/vesc_device_uuid_lookup.hpp\n'}
[15.055989] (vesc_driver) StdoutLine: {'line': b'-- Up-to-date: /home/nvidia/f1tenth_ws/install/vesc_driver/share/vesc_driver/environment/library_path.sh\n'}
[15.062923] (vesc_driver) StdoutLine: {'line': b'-- Up-to-date: /home/nvidia/f1tenth_ws/install/vesc_driver/share/vesc_driver/environment/library_path.dsv\n'}
[15.069582] (-) TimerEvent: {}
[15.071214] (vesc_driver) StdoutLine: {'line': b'-- Up-to-date: /home/nvidia/f1tenth_ws/install/vesc_driver/lib/libvesc_driver.so\n'}
[15.073275] (vesc_driver) StdoutLine: {'line': b'-- Up-to-date: /home/nvidia/f1tenth_ws/install/vesc_driver/lib/vesc_driver/vesc_device_namer\n'}
[15.074884] (vesc_driver) StdoutLine: {'line': b'-- Up-to-date: /home/nvidia/f1tenth_ws/install/vesc_driver/share/vesc_driver/launch\n'}
[15.076784] (vesc_driver) StdoutLine: {'line': b'-- Up-to-date: /home/nvidia/f1tenth_ws/install/vesc_driver/share/vesc_driver/launch/vesc_driver_node.launch.py\n'}
[15.077353] (vesc_driver) StdoutLine: {'line': b'-- Up-to-date: /home/nvidia/f1tenth_ws/install/vesc_driver/share/vesc_driver/params\n'}
[15.078570] (vesc_driver) StdoutLine: {'line': b'-- Up-to-date: /home/nvidia/f1tenth_ws/install/vesc_driver/share/vesc_driver/params/vesc_config.yaml\n'}
[15.080593] (vesc_driver) StdoutLine: {'line': b'-- Up-to-date: /home/nvidia/f1tenth_ws/install/vesc_driver/share/ament_index/resource_index/package_run_dependencies/vesc_driver\n'}
[15.081247] (vesc_driver) StdoutLine: {'line': b'-- Up-to-date: /home/nvidia/f1tenth_ws/install/vesc_driver/share/ament_index/resource_index/parent_prefix_path/vesc_driver\n'}
[15.081871] (vesc_driver) StdoutLine: {'line': b'-- Up-to-date: /home/nvidia/f1tenth_ws/install/vesc_driver/share/vesc_driver/environment/ament_prefix_path.sh\n'}
[15.084576] (vesc_driver) StdoutLine: {'line': b'-- Up-to-date: /home/nvidia/f1tenth_ws/install/vesc_driver/share/vesc_driver/environment/ament_prefix_path.dsv\n'}
[15.085132] (vesc_driver) StdoutLine: {'line': b'-- Up-to-date: /home/nvidia/f1tenth_ws/install/vesc_driver/share/vesc_driver/environment/path.sh\n'}
[15.085610] (vesc_driver) StdoutLine: {'line': b'-- Up-to-date: /home/nvidia/f1tenth_ws/install/vesc_driver/share/vesc_driver/environment/path.dsv\n'}
[15.086511] (vesc_driver) StdoutLine: {'line': b'-- Up-to-date: /home/nvidia/f1tenth_ws/install/vesc_driver/share/vesc_driver/local_setup.bash\n'}
[15.087662] (vesc_driver) StdoutLine: {'line': b'-- Up-to-date: /home/nvidia/f1tenth_ws/install/vesc_driver/share/vesc_driver/local_setup.sh\n'}
[15.088315] (vesc_driver) StdoutLine: {'line': b'-- Up-to-date: /home/nvidia/f1tenth_ws/install/vesc_driver/share/vesc_driver/local_setup.zsh\n'}
[15.088836] (vesc_driver) StdoutLine: {'line': b'-- Up-to-date: /home/nvidia/f1tenth_ws/install/vesc_driver/share/vesc_driver/local_setup.dsv\n'}
[15.089365] (vesc_driver) StdoutLine: {'line': b'-- Installing: /home/nvidia/f1tenth_ws/install/vesc_driver/share/vesc_driver/package.dsv\n'}
[15.091182] (vesc_driver) StdoutLine: {'line': b'-- Up-to-date: /home/nvidia/f1tenth_ws/install/vesc_driver/share/ament_index/resource_index/packages/vesc_driver\n'}
[15.091926] (vesc_driver) StdoutLine: {'line': b'-- Up-to-date: /home/nvidia/f1tenth_ws/install/vesc_driver/share/ament_index/resource_index/rclcpp_components/vesc_driver\n'}
[15.093131] (vesc_driver) StdoutLine: {'line': b'-- Up-to-date: /home/nvidia/f1tenth_ws/install/vesc_driver/share/vesc_driver/cmake/ament_cmake_export_dependencies-extras.cmake\n'}
[15.093932] (vesc_driver) StdoutLine: {'line': b'-- Up-to-date: /home/nvidia/f1tenth_ws/install/vesc_driver/share/vesc_driver/cmake/ament_cmake_export_include_directories-extras.cmake\n'}
[15.094506] (vesc_driver) StdoutLine: {'line': b'-- Up-to-date: /home/nvidia/f1tenth_ws/install/vesc_driver/share/vesc_driver/cmake/ament_cmake_export_libraries-extras.cmake\n'}
[15.094991] (vesc_driver) StdoutLine: {'line': b'-- Up-to-date: /home/nvidia/f1tenth_ws/install/vesc_driver/share/vesc_driver/cmake/vesc_driverConfig.cmake\n'}
[15.095478] (vesc_driver) StdoutLine: {'line': b'-- Up-to-date: /home/nvidia/f1tenth_ws/install/vesc_driver/share/vesc_driver/cmake/vesc_driverConfig-version.cmake\n'}
[15.095966] (vesc_driver) StdoutLine: {'line': b'-- Up-to-date: /home/nvidia/f1tenth_ws/install/vesc_driver/share/vesc_driver/package.xml\n'}
[15.145625] (vesc_ackermann) JobEnded: {'identifier': 'vesc_ackermann', 'rc': 0}
[15.152478] (vesc_driver) CommandEnded: {'returncode': 0}
[15.169978] (-) TimerEvent: {}
[15.217982] (joy_teleop) StdoutLine: {'line': b'running egg_info\n'}
[15.227646] (joy_teleop) StdoutLine: {'line': b'writing ../../../../build/joy_teleop/joy_teleop.egg-info/PKG-INFO\n'}
[15.228328] (joy_teleop) StdoutLine: {'line': b'writing dependency_links to ../../../../build/joy_teleop/joy_teleop.egg-info/dependency_links.txt\n'}
[15.228876] (joy_teleop) StdoutLine: {'line': b'writing entry points to ../../../../build/joy_teleop/joy_teleop.egg-info/entry_points.txt\n'}
[15.229427] (joy_teleop) StdoutLine: {'line': b'writing requirements to ../../../../build/joy_teleop/joy_teleop.egg-info/requires.txt\n'}
[15.230053] (joy_teleop) StdoutLine: {'line': b'writing top-level names to ../../../../build/joy_teleop/joy_teleop.egg-info/top_level.txt\n'}
[15.270285] (-) TimerEvent: {}
[15.372498] (-) TimerEvent: {}
[15.417445] (joy_teleop) StdoutLine: {'line': b"reading manifest file '../../../../build/joy_teleop/joy_teleop.egg-info/SOURCES.txt'\n"}
[15.424941] (joy_teleop) StdoutLine: {'line': b"writing manifest file '../../../../build/joy_teleop/joy_teleop.egg-info/SOURCES.txt'\n"}
[15.426117] (joy_teleop) StdoutLine: {'line': b'running build\n'}
[15.426659] (joy_teleop) StdoutLine: {'line': b'running build_py\n'}
[15.429485] (joy_teleop) StdoutLine: {'line': b'running install\n'}
[15.434138] (joy_teleop) StdoutLine: {'line': b'running install_lib\n'}
[15.443943] (joy_teleop) StdoutLine: {'line': b'running install_data\n'}
[15.445836] (joy_teleop) StdoutLine: {'line': b'running install_egg_info\n'}
[15.455232] (joy_teleop) StdoutLine: {'line': b"removing '/home/nvidia/f1tenth_ws/install/joy_teleop/lib/python3.8/site-packages/joy_teleop-0.3.0-py3.8.egg-info' (and everything under it)\n"}
[15.458150] (joy_teleop) StdoutLine: {'line': b'Copying ../../../../build/joy_teleop/joy_teleop.egg-info to /home/nvidia/f1tenth_ws/install/joy_teleop/lib/python3.8/site-packages/joy_teleop-0.3.0-py3.8.egg-info\n'}
[15.465831] (joy_teleop) StdoutLine: {'line': b'running install_scripts\n'}
[15.473240] (-) TimerEvent: {}
[15.561224] (joy_teleop) StdoutLine: {'line': b'Installing incrementer_server script to /home/nvidia/f1tenth_ws/install/joy_teleop/lib/joy_teleop\n'}
[15.563420] (joy_teleop) StdoutLine: {'line': b'Installing joy_teleop script to /home/nvidia/f1tenth_ws/install/joy_teleop/lib/joy_teleop\n'}
[15.564514] (joy_teleop) StdoutLine: {'line': b"writing list of installed files to '/home/nvidia/f1tenth_ws/build/joy_teleop/install.log'\n"}
[15.574466] (vesc_driver) JobEnded: {'identifier': 'vesc_driver', 'rc': 0}
[15.583294] (-) TimerEvent: {}
[15.584619] (vesc) JobStarted: {'identifier': 'vesc'}
[15.684550] (-) TimerEvent: {}
[15.695749] (joy_teleop) CommandEnded: {'returncode': 0}
[15.744763] (joy_teleop) JobEnded: {'identifier': 'joy_teleop', 'rc': 0}
[15.754592] (teleop_tools) JobStarted: {'identifier': 'teleop_tools'}
[15.787107] (-) TimerEvent: {}
[15.811001] (vesc) JobProgress: {'identifier': 'vesc', 'progress': 'cmake'}
[15.818205] (vesc) JobProgress: {'identifier': 'vesc', 'progress': 'build'}
[15.821098] (vesc) Command: {'cmd': ['/usr/bin/cmake', '--build', '/home/nvidia/f1tenth_ws/build/vesc', '--', '-j6', '-l6'], 'cwd': '/home/nvidia/f1tenth_ws/build/vesc', 'env': OrderedDict([('LESSOPEN', '| /usr/bin/lesspipe %s'), ('USER', 'nvidia'), ('SSH_AGENT_PID', '3834'), ('XDG_SESSION_TYPE', 'x11'), ('SHLVL', '1'), ('LD_LIBRARY_PATH', '/home/nvidia/f1tenth_ws/install/vesc_driver/lib:/home/nvidia/f1tenth_ws/install/vesc_ackermann/lib:/home/nvidia/f1tenth_ws/install/vesc_msgs/lib://home/nvidia/f1tenth_ws/install/vesc_driver/lib://home/nvidia/f1tenth_ws/install/vesc_ackermann/lib://home/nvidia/f1tenth_ws/install/vesc_msgs/lib://home/nvidia/f1tenth_ws/install/teleop_tools_msgs/lib:/usr/lib/aarch64-linux-gnu/gazebo-11/plugins:/opt/ros/foxy/opt/yaml_cpp_vendor/lib:/opt/ros/foxy/opt/rviz_ogre_vendor/lib:/opt/ros/foxy/lib/aarch64-linux-gnu:/opt/ros/foxy/lib:/usr/local/cuda-11.4/lib64'), ('HOME', '/home/nvidia'), ('OLDPWD', '/home/nvidia/f1tenth_ws/src/f1tenth_controllers'), ('DESKTOP_SESSION', 'ubuntu'), ('ROS_PYTHON_VERSION', '3'), ('GNOME_SHELL_SESSION_MODE', 'ubuntu'), ('GTK_MODULES', 'gail:atk-bridge'), ('MANAGERPID', '3734'), ('DBUS_SESSION_BUS_ADDRESS', 'unix:path=/run/user/1000/bus'), ('COLORTERM', 'truecolor'), ('TERMINATOR_DBUS_NAME', 'net.tenshu.Terminator23558193cd9818af7fe4d2c2f5bd9d00f'), ('GIO_LAUNCHED_DESKTOP_FILE_PID', '6532'), ('IM_CONFIG_PHASE', '1'), ('COLCON_PREFIX_PATH', '//home/nvidia/f1tenth_ws/install'), ('ROS_DISTRO', 'foxy'), ('LOGNAME', 'nvidia'), ('JOURNAL_STREAM', '8:68012'), ('_', '/usr/bin/colcon'), ('ROS_VERSION', '2'), ('XDG_SESSION_CLASS', 'user'), ('USERNAME', 'nvidia'), ('TERM', 'xterm-256color'), ('GAZEBO_MODEL_PATH', ':/opt/ros/foxy/share/turtlebot3_gazebo/models'), ('GNOME_DESKTOP_SESSION_ID', 'this-is-deprecated'), ('ROS_LOCALHOST_ONLY', '0'), ('WINDOWPATH', '2'), ('PATH', '//home/nvidia/f1tenth_ws/install/range_lib/bin:/opt/ros/foxy/bin:/usr/local/cuda-11.4/bin:/home/nvidia/.local/bin:/usr/local/sbin:/usr/local/bin:/usr/sbin:/usr/bin:/sbin:/bin:/usr/games:/usr/local/games:/snap/bin'), ('SESSION_MANAGER', 'local/ubuntu:@/tmp/.ICE-unix/3871,unix/ubuntu:/tmp/.ICE-unix/3871'), ('INVOCATION_ID', '3ef7397d0ea34bca9ca2a0d82e935ac2'), ('XDG_MENU_PREFIX', 'gnome-'), ('XDG_RUNTIME_DIR', '/run/user/1000'), ('DISPLAY', ':1'), ('TERMINATOR_DBUS_PATH', '/net/tenshu/Terminator2'), ('LANG', 'en_US.UTF-8'), ('XDG_CURRENT_DESKTOP', 'ubuntu:GNOME'), ('XMODIFIERS', '@im=ibus'), ('XDG_SESSION_DESKTOP', 'ubuntu'), ('XAUTHORITY', '/run/user/1000/gdm/Xauthority'), ('LS_COLORS', 'rs=0:di=01;34:ln=01;36:mh=00:pi=40;33:so=01;35:do=01;35:bd=40;33;01:cd=40;33;01:or=40;31;01:mi=00:su=37;41:sg=30;43:ca=30;41:tw=30;42:ow=34;42:st=37;44:ex=01;32:*.tar=01;31:*.tgz=01;31:*.arc=01;31:*.arj=01;31:*.taz=01;31:*.lha=01;31:*.lz4=01;31:*.lzh=01;31:*.lzma=01;31:*.tlz=01;31:*.txz=01;31:*.tzo=01;31:*.t7z=01;31:*.zip=01;31:*.z=01;31:*.dz=01;31:*.gz=01;31:*.lrz=01;31:*.lz=01;31:*.lzo=01;31:*.xz=01;31:*.zst=01;31:*.tzst=01;31:*.bz2=01;31:*.bz=01;31:*.tbz=01;31:*.tbz2=01;31:*.tz=01;31:*.deb=01;31:*.rpm=01;31:*.jar=01;31:*.war=01;31:*.ear=01;31:*.sar=01;31:*.rar=01;31:*.alz=01;31:*.ace=01;31:*.zoo=01;31:*.cpio=01;31:*.7z=01;31:*.rz=01;31:*.cab=01;31:*.wim=01;31:*.swm=01;31:*.dwm=01;31:*.esd=01;31:*.jpg=01;35:*.jpeg=01;35:*.mjpg=01;35:*.mjpeg=01;35:*.gif=01;35:*.bmp=01;35:*.pbm=01;35:*.pgm=01;35:*.ppm=01;35:*.tga=01;35:*.xbm=01;35:*.xpm=01;35:*.tif=01;35:*.tiff=01;35:*.png=01;35:*.svg=01;35:*.svgz=01;35:*.mng=01;35:*.pcx=01;35:*.mov=01;35:*.mpg=01;35:*.mpeg=01;35:*.m2v=01;35:*.mkv=01;35:*.webm=01;35:*.ogm=01;35:*.mp4=01;35:*.m4v=01;35:*.mp4v=01;35:*.vob=01;35:*.qt=01;35:*.nuv=01;35:*.wmv=01;35:*.asf=01;35:*.rm=01;35:*.rmvb=01;35:*.flc=01;35:*.avi=01;35:*.fli=01;35:*.flv=01;35:*.gl=01;35:*.dl=01;35:*.xcf=01;35:*.xwd=01;35:*.yuv=01;35:*.cgm=01;35:*.emf=01;35:*.ogv=01;35:*.ogx=01;35:*.aac=00;36:*.au=00;36:*.flac=00;36:*.m4a=00;36:*.mid=00;36:*.midi=00;36:*.mka=00;36:*.mp3=00;36:*.mpc=00;36:*.ogg=00;36:*.ra=00;36:*.wav=00;36:*.oga=00;36:*.opus=00;36:*.spx=00;36:*.xspf=00;36:'), ('SSH_AUTH_SOCK', '/run/user/1000/keyring/ssh'), ('ROS_DOMAIN_ID', '4'), ('AMENT_PREFIX_PATH', '/home/nvidia/f1tenth_ws/install/vesc_driver:/home/nvidia/f1tenth_ws/install/vesc_ackermann:/home/nvidia/f1tenth_ws/install/vesc_msgs://home/nvidia/f1tenth_ws/install/f1tenth_stack://home/nvidia/f1tenth_ws/install/vesc://home/nvidia/f1tenth_ws/install/vesc_driver://home/nvidia/f1tenth_ws/install/vesc_ackermann://home/nvidia/f1tenth_ws/install/vesc_msgs://home/nvidia/f1tenth_ws/install/teleop_tools://home/nvidia/f1tenth_ws/install/joy_teleop://home/nvidia/f1tenth_ws/install/teleop_tools_msgs://home/nvidia/f1tenth_ws/install/phasespace://home/nvidia/f1tenth_ws/install/particle_filter://home/nvidia/f1tenth_ws/install/new_map_saver://home/nvidia/f1tenth_ws/install/mouse_teleop://home/nvidia/f1tenth_ws/install/mapping://home/nvidia/f1tenth_ws/install/key_teleop://home/nvidia/f1tenth_ws/install/ackermann_mux:/opt/ros/foxy'), ('SHELL', '/bin/bash'), ('TERMINATOR_UUID', 'urn:uuid:ffa84fa6-9ec7-420e-953e-e336d0726543'), ('QT_ACCESSIBILITY', '1'), ('GDMSESSION', 'ubuntu'), ('LESSCLOSE', '/usr/bin/lesspipe %s %s'), ('GPG_AGENT_INFO', '/run/user/1000/gnupg/S.gpg-agent:0:1'), ('QT_IM_MODULE', 'ibus'), ('PWD', '/home/nvidia/f1tenth_ws/build/vesc'), ('TURTLEBOT3_MODEL', 'waffle'), ('LC_ALL', 'en_US.UTF-8'), ('XDG_CONFIG_DIRS', '/etc/xdg/xdg-ubuntu:/etc/xdg'), ('XDG_DATA_DIRS', '/usr/share/ubuntu:/usr/local/share/:/usr/share/:/var/lib/snapd/desktop'), ('PYTHONPATH', '/home/nvidia/f1tenth_ws/install/vesc_msgs/lib/python3.8/site-packages://home/nvidia/f1tenth_ws/install/f1tenth_stack/lib/python3.8/site-packages://home/nvidia/f1tenth_ws/install/vesc_msgs/lib/python3.8/site-packages://home/nvidia/f1tenth_ws/install/joy_teleop/lib/python3.8/site-packages://home/nvidia/f1tenth_ws/install/teleop_tools_msgs/lib/python3.8/site-packages://home/nvidia/f1tenth_ws/install/phasespace/lib/python3.8/site-packages://home/nvidia/f1tenth_ws/install/particle_filter/lib/python3.8/site-packages://home/nvidia/f1tenth_ws/install/new_map_saver/lib/python3.8/site-packages://home/nvidia/f1tenth_ws/install/mouse_teleop/lib/python3.8/site-packages://home/nvidia/f1tenth_ws/install/mapping/lib/python3.8/site-packages://home/nvidia/f1tenth_ws/install/key_teleop/lib/python3.8/site-packages:/opt/ros/foxy/lib/python3.8/site-packages'), ('COLCON', '1'), ('VTE_VERSION', '6003'), ('CMAKE_PREFIX_PATH', '/home/nvidia/f1tenth_ws/install/vesc_driver:/home/nvidia/f1tenth_ws/install/vesc_ackermann:/home/nvidia/f1tenth_ws/install/vesc_msgs://home/nvidia/f1tenth_ws/install/vesc://home/nvidia/f1tenth_ws/install/vesc_driver://home/nvidia/f1tenth_ws/install/vesc_ackermann://home/nvidia/f1tenth_ws/install/vesc_msgs://home/nvidia/f1tenth_ws/install/teleop_tools://home/nvidia/f1tenth_ws/install/teleop_tools_msgs://home/nvidia/f1tenth_ws/install/range_lib://home/nvidia/f1tenth_ws/install/ackermann_mux://home/nvidia/f1tenth_ws/install/f1tenth_stack://home/nvidia/f1tenth_ws/install/joy_teleop://home/nvidia/f1tenth_ws/install/phasespace://home/nvidia/f1tenth_ws/install/particle_filter://home/nvidia/f1tenth_ws/install/new_map_saver://home/nvidia/f1tenth_ws/install/mouse_teleop://home/nvidia/f1tenth_ws/install/mapping://home/nvidia/f1tenth_ws/install/key_teleop:/opt/ros/foxy')]), 'shell': False}
[15.868723] (teleop_tools) JobProgress: {'identifier': 'teleop_tools', 'progress': 'cmake'}
[15.874224] (teleop_tools) JobProgress: {'identifier': 'teleop_tools', 'progress': 'build'}
[15.875868] (teleop_tools) Command: {'cmd': ['/usr/bin/cmake', '--build', '/home/nvidia/f1tenth_ws/build/teleop_tools', '--', '-j6', '-l6'], 'cwd': '/home/nvidia/f1tenth_ws/build/teleop_tools', 'env': OrderedDict([('LESSOPEN', '| /usr/bin/lesspipe %s'), ('USER', 'nvidia'), ('SSH_AGENT_PID', '3834'), ('XDG_SESSION_TYPE', 'x11'), ('SHLVL', '1'), ('LD_LIBRARY_PATH', '/home/nvidia/f1tenth_ws/install/teleop_tools_msgs/lib://home/nvidia/f1tenth_ws/install/vesc_driver/lib://home/nvidia/f1tenth_ws/install/vesc_ackermann/lib://home/nvidia/f1tenth_ws/install/vesc_msgs/lib://home/nvidia/f1tenth_ws/install/teleop_tools_msgs/lib:/usr/lib/aarch64-linux-gnu/gazebo-11/plugins:/opt/ros/foxy/opt/yaml_cpp_vendor/lib:/opt/ros/foxy/opt/rviz_ogre_vendor/lib:/opt/ros/foxy/lib/aarch64-linux-gnu:/opt/ros/foxy/lib:/usr/local/cuda-11.4/lib64'), ('HOME', '/home/nvidia'), ('OLDPWD', '/home/nvidia/f1tenth_ws/src/f1tenth_controllers'), ('DESKTOP_SESSION', 'ubuntu'), ('ROS_PYTHON_VERSION', '3'), ('GNOME_SHELL_SESSION_MODE', 'ubuntu'), ('GTK_MODULES', 'gail:atk-bridge'), ('MANAGERPID', '3734'), ('DBUS_SESSION_BUS_ADDRESS', 'unix:path=/run/user/1000/bus'), ('COLORTERM', 'truecolor'), ('TERMINATOR_DBUS_NAME', 'net.tenshu.Terminator23558193cd9818af7fe4d2c2f5bd9d00f'), ('GIO_LAUNCHED_DESKTOP_FILE_PID', '6532'), ('IM_CONFIG_PHASE', '1'), ('COLCON_PREFIX_PATH', '//home/nvidia/f1tenth_ws/install'), ('ROS_DISTRO', 'foxy'), ('LOGNAME', 'nvidia'), ('JOURNAL_STREAM', '8:68012'), ('_', '/usr/bin/colcon'), ('ROS_VERSION', '2'), ('XDG_SESSION_CLASS', 'user'), ('USERNAME', 'nvidia'), ('TERM', 'xterm-256color'), ('GAZEBO_MODEL_PATH', ':/opt/ros/foxy/share/turtlebot3_gazebo/models'), ('GNOME_DESKTOP_SESSION_ID', 'this-is-deprecated'), ('ROS_LOCALHOST_ONLY', '0'), ('WINDOWPATH', '2'), ('PATH', '//home/nvidia/f1tenth_ws/install/range_lib/bin:/opt/ros/foxy/bin:/usr/local/cuda-11.4/bin:/home/nvidia/.local/bin:/usr/local/sbin:/usr/local/bin:/usr/sbin:/usr/bin:/sbin:/bin:/usr/games:/usr/local/games:/snap/bin'), ('SESSION_MANAGER', 'local/ubuntu:@/tmp/.ICE-unix/3871,unix/ubuntu:/tmp/.ICE-unix/3871'), ('INVOCATION_ID', '3ef7397d0ea34bca9ca2a0d82e935ac2'), ('XDG_MENU_PREFIX', 'gnome-'), ('XDG_RUNTIME_DIR', '/run/user/1000'), ('DISPLAY', ':1'), ('TERMINATOR_DBUS_PATH', '/net/tenshu/Terminator2'), ('LANG', 'en_US.UTF-8'), ('XDG_CURRENT_DESKTOP', 'ubuntu:GNOME'), ('XMODIFIERS', '@im=ibus'), ('XDG_SESSION_DESKTOP', 'ubuntu'), ('XAUTHORITY', '/run/user/1000/gdm/Xauthority'), ('LS_COLORS', 'rs=0:di=01;34:ln=01;36:mh=00:pi=40;33:so=01;35:do=01;35:bd=40;33;01:cd=40;33;01:or=40;31;01:mi=00:su=37;41:sg=30;43:ca=30;41:tw=30;42:ow=34;42:st=37;44:ex=01;32:*.tar=01;31:*.tgz=01;31:*.arc=01;31:*.arj=01;31:*.taz=01;31:*.lha=01;31:*.lz4=01;31:*.lzh=01;31:*.lzma=01;31:*.tlz=01;31:*.txz=01;31:*.tzo=01;31:*.t7z=01;31:*.zip=01;31:*.z=01;31:*.dz=01;31:*.gz=01;31:*.lrz=01;31:*.lz=01;31:*.lzo=01;31:*.xz=01;31:*.zst=01;31:*.tzst=01;31:*.bz2=01;31:*.bz=01;31:*.tbz=01;31:*.tbz2=01;31:*.tz=01;31:*.deb=01;31:*.rpm=01;31:*.jar=01;31:*.war=01;31:*.ear=01;31:*.sar=01;31:*.rar=01;31:*.alz=01;31:*.ace=01;31:*.zoo=01;31:*.cpio=01;31:*.7z=01;31:*.rz=01;31:*.cab=01;31:*.wim=01;31:*.swm=01;31:*.dwm=01;31:*.esd=01;31:*.jpg=01;35:*.jpeg=01;35:*.mjpg=01;35:*.mjpeg=01;35:*.gif=01;35:*.bmp=01;35:*.pbm=01;35:*.pgm=01;35:*.ppm=01;35:*.tga=01;35:*.xbm=01;35:*.xpm=01;35:*.tif=01;35:*.tiff=01;35:*.png=01;35:*.svg=01;35:*.svgz=01;35:*.mng=01;35:*.pcx=01;35:*.mov=01;35:*.mpg=01;35:*.mpeg=01;35:*.m2v=01;35:*.mkv=01;35:*.webm=01;35:*.ogm=01;35:*.mp4=01;35:*.m4v=01;35:*.mp4v=01;35:*.vob=01;35:*.qt=01;35:*.nuv=01;35:*.wmv=01;35:*.asf=01;35:*.rm=01;35:*.rmvb=01;35:*.flc=01;35:*.avi=01;35:*.fli=01;35:*.flv=01;35:*.gl=01;35:*.dl=01;35:*.xcf=01;35:*.xwd=01;35:*.yuv=01;35:*.cgm=01;35:*.emf=01;35:*.ogv=01;35:*.ogx=01;35:*.aac=00;36:*.au=00;36:*.flac=00;36:*.m4a=00;36:*.mid=00;36:*.midi=00;36:*.mka=00;36:*.mp3=00;36:*.mpc=00;36:*.ogg=00;36:*.ra=00;36:*.wav=00;36:*.oga=00;36:*.opus=00;36:*.spx=00;36:*.xspf=00;36:'), ('SSH_AUTH_SOCK', '/run/user/1000/keyring/ssh'), ('ROS_DOMAIN_ID', '4'), ('AMENT_PREFIX_PATH', '/home/nvidia/f1tenth_ws/install/joy_teleop:/home/nvidia/f1tenth_ws/install/teleop_tools_msgs:/home/nvidia/f1tenth_ws/install/key_teleop://home/nvidia/f1tenth_ws/install/f1tenth_stack://home/nvidia/f1tenth_ws/install/vesc://home/nvidia/f1tenth_ws/install/vesc_driver://home/nvidia/f1tenth_ws/install/vesc_ackermann://home/nvidia/f1tenth_ws/install/vesc_msgs://home/nvidia/f1tenth_ws/install/teleop_tools://home/nvidia/f1tenth_ws/install/joy_teleop://home/nvidia/f1tenth_ws/install/teleop_tools_msgs://home/nvidia/f1tenth_ws/install/phasespace://home/nvidia/f1tenth_ws/install/particle_filter://home/nvidia/f1tenth_ws/install/new_map_saver://home/nvidia/f1tenth_ws/install/mouse_teleop://home/nvidia/f1tenth_ws/install/mapping://home/nvidia/f1tenth_ws/install/key_teleop://home/nvidia/f1tenth_ws/install/ackermann_mux:/opt/ros/foxy'), ('SHELL', '/bin/bash'), ('TERMINATOR_UUID', 'urn:uuid:ffa84fa6-9ec7-420e-953e-e336d0726543'), ('QT_ACCESSIBILITY', '1'), ('GDMSESSION', 'ubuntu'), ('LESSCLOSE', '/usr/bin/lesspipe %s %s'), ('GPG_AGENT_INFO', '/run/user/1000/gnupg/S.gpg-agent:0:1'), ('QT_IM_MODULE', 'ibus'), ('PWD', '/home/nvidia/f1tenth_ws/build/teleop_tools'), ('TURTLEBOT3_MODEL', 'waffle'), ('LC_ALL', 'en_US.UTF-8'), ('XDG_CONFIG_DIRS', '/etc/xdg/xdg-ubuntu:/etc/xdg'), ('XDG_DATA_DIRS', '/usr/share/ubuntu:/usr/local/share/:/usr/share/:/var/lib/snapd/desktop'), ('PYTHONPATH', '/home/nvidia/f1tenth_ws/install/joy_teleop/lib/python3.8/site-packages:/home/nvidia/f1tenth_ws/install/teleop_tools_msgs/lib/python3.8/site-packages:/home/nvidia/f1tenth_ws/install/key_teleop/lib/python3.8/site-packages://home/nvidia/f1tenth_ws/install/f1tenth_stack/lib/python3.8/site-packages://home/nvidia/f1tenth_ws/install/vesc_msgs/lib/python3.8/site-packages://home/nvidia/f1tenth_ws/install/joy_teleop/lib/python3.8/site-packages://home/nvidia/f1tenth_ws/install/teleop_tools_msgs/lib/python3.8/site-packages://home/nvidia/f1tenth_ws/install/phasespace/lib/python3.8/site-packages://home/nvidia/f1tenth_ws/install/particle_filter/lib/python3.8/site-packages://home/nvidia/f1tenth_ws/install/new_map_saver/lib/python3.8/site-packages://home/nvidia/f1tenth_ws/install/mouse_teleop/lib/python3.8/site-packages://home/nvidia/f1tenth_ws/install/mapping/lib/python3.8/site-packages://home/nvidia/f1tenth_ws/install/key_teleop/lib/python3.8/site-packages:/opt/ros/foxy/lib/python3.8/site-packages'), ('COLCON', '1'), ('VTE_VERSION', '6003'), ('CMAKE_PREFIX_PATH', '/home/nvidia/f1tenth_ws/install/teleop_tools_msgs://home/nvidia/f1tenth_ws/install/vesc://home/nvidia/f1tenth_ws/install/vesc_driver://home/nvidia/f1tenth_ws/install/vesc_ackermann://home/nvidia/f1tenth_ws/install/vesc_msgs://home/nvidia/f1tenth_ws/install/teleop_tools://home/nvidia/f1tenth_ws/install/teleop_tools_msgs://home/nvidia/f1tenth_ws/install/range_lib://home/nvidia/f1tenth_ws/install/ackermann_mux://home/nvidia/f1tenth_ws/install/f1tenth_stack://home/nvidia/f1tenth_ws/install/joy_teleop://home/nvidia/f1tenth_ws/install/phasespace://home/nvidia/f1tenth_ws/install/particle_filter://home/nvidia/f1tenth_ws/install/new_map_saver://home/nvidia/f1tenth_ws/install/mouse_teleop://home/nvidia/f1tenth_ws/install/mapping://home/nvidia/f1tenth_ws/install/key_teleop:/opt/ros/foxy')]), 'shell': False}
[15.890788] (-) TimerEvent: {}
[15.997611] (-) TimerEvent: {}
[16.099439] (-) TimerEvent: {}
[16.123510] (vesc) CommandEnded: {'returncode': 0}
[16.169460] (teleop_tools) CommandEnded: {'returncode': 0}
[16.200361] (-) TimerEvent: {}
[16.224636] (new_map_saver) Command: {'cmd': ['/usr/bin/python3', '-W', 'ignore:setup.py install is deprecated', 'setup.py', 'egg_info', '--egg-base', '../../build/new_map_saver', 'build', '--build-base', '/home/nvidia/f1tenth_ws/build/new_map_saver/build', 'install', '--record', '/home/nvidia/f1tenth_ws/build/new_map_saver/install.log', '--install-scripts', '$base/lib/new_map_saver', '--single-version-externally-managed', 'install_data'], 'cwd': '/home/nvidia/f1tenth_ws/src/new_map_saver', 'env': {'LESSOPEN': '| /usr/bin/lesspipe %s', 'USER': 'nvidia', 'SSH_AGENT_PID': '3834', 'XDG_SESSION_TYPE': 'x11', 'SHLVL': '1', 'LD_LIBRARY_PATH': '//home/nvidia/f1tenth_ws/install/vesc_driver/lib://home/nvidia/f1tenth_ws/install/vesc_ackermann/lib://home/nvidia/f1tenth_ws/install/vesc_msgs/lib://home/nvidia/f1tenth_ws/install/teleop_tools_msgs/lib:/usr/lib/aarch64-linux-gnu/gazebo-11/plugins:/opt/ros/foxy/opt/yaml_cpp_vendor/lib:/opt/ros/foxy/opt/rviz_ogre_vendor/lib:/opt/ros/foxy/lib/aarch64-linux-gnu:/opt/ros/foxy/lib:/usr/local/cuda-11.4/lib64:', 'HOME': '/home/nvidia', 'OLDPWD': '/home/nvidia/f1tenth_ws/src/f1tenth_controllers', 'DESKTOP_SESSION': 'ubuntu', 'ROS_PYTHON_VERSION': '3', 'GNOME_SHELL_SESSION_MODE': 'ubuntu', 'GTK_MODULES': 'gail:atk-bridge', 'MANAGERPID': '3734', 'DBUS_SESSION_BUS_ADDRESS': 'unix:path=/run/user/1000/bus', 'COLORTERM': 'truecolor', 'TERMINATOR_DBUS_NAME': 'net.tenshu.Terminator23558193cd9818af7fe4d2c2f5bd9d00f', 'GIO_LAUNCHED_DESKTOP_FILE_PID': '6532', 'IM_CONFIG_PHASE': '1', 'COLCON_PREFIX_PATH': '//home/nvidia/f1tenth_ws/install', 'ROS_DISTRO': 'foxy', 'LOGNAME': 'nvidia', 'JOURNAL_STREAM': '8:68012', '_': '/usr/bin/colcon', 'ROS_VERSION': '2', 'XDG_SESSION_CLASS': 'user', 'USERNAME': 'nvidia', 'TERM': 'xterm-256color', 'GAZEBO_MODEL_PATH': ':/opt/ros/foxy/share/turtlebot3_gazebo/models', 'GNOME_DESKTOP_SESSION_ID': 'this-is-deprecated', 'ROS_LOCALHOST_ONLY': '0', 'WINDOWPATH': '2', 'PATH': '//home/nvidia/f1tenth_ws/install/range_lib/bin:/opt/ros/foxy/bin:/usr/local/cuda-11.4/bin:/home/nvidia/.local/bin:/usr/local/sbin:/usr/local/bin:/usr/sbin:/usr/bin:/sbin:/bin:/usr/games:/usr/local/games:/snap/bin', 'SESSION_MANAGER': 'local/ubuntu:@/tmp/.ICE-unix/3871,unix/ubuntu:/tmp/.ICE-unix/3871', 'INVOCATION_ID': '3ef7397d0ea34bca9ca2a0d82e935ac2', 'XDG_MENU_PREFIX': 'gnome-', 'XDG_RUNTIME_DIR': '/run/user/1000', 'DISPLAY': ':1', 'TERMINATOR_DBUS_PATH': '/net/tenshu/Terminator2', 'LANG': 'en_US.UTF-8', 'XDG_CURRENT_DESKTOP': 'ubuntu:GNOME', 'XMODIFIERS': '@im=ibus', 'XDG_SESSION_DESKTOP': 'ubuntu', 'XAUTHORITY': '/run/user/1000/gdm/Xauthority', 'LS_COLORS': 'rs=0:di=01;34:ln=01;36:mh=00:pi=40;33:so=01;35:do=01;35:bd=40;33;01:cd=40;33;01:or=40;31;01:mi=00:su=37;41:sg=30;43:ca=30;41:tw=30;42:ow=34;42:st=37;44:ex=01;32:*.tar=01;31:*.tgz=01;31:*.arc=01;31:*.arj=01;31:*.taz=01;31:*.lha=01;31:*.lz4=01;31:*.lzh=01;31:*.lzma=01;31:*.tlz=01;31:*.txz=01;31:*.tzo=01;31:*.t7z=01;31:*.zip=01;31:*.z=01;31:*.dz=01;31:*.gz=01;31:*.lrz=01;31:*.lz=01;31:*.lzo=01;31:*.xz=01;31:*.zst=01;31:*.tzst=01;31:*.bz2=01;31:*.bz=01;31:*.tbz=01;31:*.tbz2=01;31:*.tz=01;31:*.deb=01;31:*.rpm=01;31:*.jar=01;31:*.war=01;31:*.ear=01;31:*.sar=01;31:*.rar=01;31:*.alz=01;31:*.ace=01;31:*.zoo=01;31:*.cpio=01;31:*.7z=01;31:*.rz=01;31:*.cab=01;31:*.wim=01;31:*.swm=01;31:*.dwm=01;31:*.esd=01;31:*.jpg=01;35:*.jpeg=01;35:*.mjpg=01;35:*.mjpeg=01;35:*.gif=01;35:*.bmp=01;35:*.pbm=01;35:*.pgm=01;35:*.ppm=01;35:*.tga=01;35:*.xbm=01;35:*.xpm=01;35:*.tif=01;35:*.tiff=01;35:*.png=01;35:*.svg=01;35:*.svgz=01;35:*.mng=01;35:*.pcx=01;35:*.mov=01;35:*.mpg=01;35:*.mpeg=01;35:*.m2v=01;35:*.mkv=01;35:*.webm=01;35:*.ogm=01;35:*.mp4=01;35:*.m4v=01;35:*.mp4v=01;35:*.vob=01;35:*.qt=01;35:*.nuv=01;35:*.wmv=01;35:*.asf=01;35:*.rm=01;35:*.rmvb=01;35:*.flc=01;35:*.avi=01;35:*.fli=01;35:*.flv=01;35:*.gl=01;35:*.dl=01;35:*.xcf=01;35:*.xwd=01;35:*.yuv=01;35:*.cgm=01;35:*.emf=01;35:*.ogv=01;35:*.ogx=01;35:*.aac=00;36:*.au=00;36:*.flac=00;36:*.m4a=00;36:*.mid=00;36:*.midi=00;36:*.mka=00;36:*.mp3=00;36:*.mpc=00;36:*.ogg=00;36:*.ra=00;36:*.wav=00;36:*.oga=00;36:*.opus=00;36:*.spx=00;36:*.xspf=00;36:', 'SSH_AUTH_SOCK': '/run/user/1000/keyring/ssh', 'ROS_DOMAIN_ID': '4', 'AMENT_PREFIX_PATH': '//home/nvidia/f1tenth_ws/install/f1tenth_stack://home/nvidia/f1tenth_ws/install/vesc://home/nvidia/f1tenth_ws/install/vesc_driver://home/nvidia/f1tenth_ws/install/vesc_ackermann://home/nvidia/f1tenth_ws/install/vesc_msgs://home/nvidia/f1tenth_ws/install/teleop_tools://home/nvidia/f1tenth_ws/install/joy_teleop://home/nvidia/f1tenth_ws/install/teleop_tools_msgs://home/nvidia/f1tenth_ws/install/phasespace://home/nvidia/f1tenth_ws/install/particle_filter://home/nvidia/f1tenth_ws/install/new_map_saver://home/nvidia/f1tenth_ws/install/mouse_teleop://home/nvidia/f1tenth_ws/install/mapping://home/nvidia/f1tenth_ws/install/key_teleop://home/nvidia/f1tenth_ws/install/ackermann_mux:/opt/ros/foxy', 'SHELL': '/bin/bash', 'TERMINATOR_UUID': 'urn:uuid:ffa84fa6-9ec7-420e-953e-e336d0726543', 'QT_ACCESSIBILITY': '1', 'GDMSESSION': 'ubuntu', 'LESSCLOSE': '/usr/bin/lesspipe %s %s', 'GPG_AGENT_INFO': '/run/user/1000/gnupg/S.gpg-agent:0:1', 'QT_IM_MODULE': 'ibus', 'PWD': '/home/nvidia/f1tenth_ws/build/new_map_saver', 'TURTLEBOT3_MODEL': 'waffle', 'LC_ALL': 'en_US.UTF-8', 'XDG_CONFIG_DIRS': '/etc/xdg/xdg-ubuntu:/etc/xdg', 'XDG_DATA_DIRS': '/usr/share/ubuntu:/usr/local/share/:/usr/share/:/var/lib/snapd/desktop', 'PYTHONPATH': '/home/nvidia/f1tenth_ws/build/new_map_saver/prefix_override:/usr/lib/python3/dist-packages/colcon_core/task/python/colcon_distutils_commands:/home/nvidia/f1tenth_ws/install/new_map_saver/lib/python3.8/site-packages://home/nvidia/f1tenth_ws/install/f1tenth_stack/lib/python3.8/site-packages://home/nvidia/f1tenth_ws/install/vesc_msgs/lib/python3.8/site-packages://home/nvidia/f1tenth_ws/install/joy_teleop/lib/python3.8/site-packages://home/nvidia/f1tenth_ws/install/teleop_tools_msgs/lib/python3.8/site-packages://home/nvidia/f1tenth_ws/install/phasespace/lib/python3.8/site-packages://home/nvidia/f1tenth_ws/install/particle_filter/lib/python3.8/site-packages://home/nvidia/f1tenth_ws/install/new_map_saver/lib/python3.8/site-packages://home/nvidia/f1tenth_ws/install/mouse_teleop/lib/python3.8/site-packages://home/nvidia/f1tenth_ws/install/mapping/lib/python3.8/site-packages://home/nvidia/f1tenth_ws/install/key_teleop/lib/python3.8/site-packages:/opt/ros/foxy/lib/python3.8/site-packages', 'COLCON': '1', 'VTE_VERSION': '6003', 'CMAKE_PREFIX_PATH': '//home/nvidia/f1tenth_ws/install/vesc://home/nvidia/f1tenth_ws/install/vesc_driver://home/nvidia/f1tenth_ws/install/vesc_ackermann://home/nvidia/f1tenth_ws/install/vesc_msgs://home/nvidia/f1tenth_ws/install/teleop_tools://home/nvidia/f1tenth_ws/install/teleop_tools_msgs://home/nvidia/f1tenth_ws/install/range_lib://home/nvidia/f1tenth_ws/install/ackermann_mux'}, 'shell': False}
[16.258419] (phasespace) Command: {'cmd': ['/usr/bin/python3', '-W', 'ignore:setup.py install is deprecated', 'setup.py', 'egg_info', '--egg-base', '../../build/phasespace', 'build', '--build-base', '/home/nvidia/f1tenth_ws/build/phasespace/build', 'install', '--record', '/home/nvidia/f1tenth_ws/build/phasespace/install.log', '--install-scripts', '$base/lib/phasespace', '--single-version-externally-managed', 'install_data'], 'cwd': '/home/nvidia/f1tenth_ws/src/phasespace', 'env': {'LESSOPEN': '| /usr/bin/lesspipe %s', 'USER': 'nvidia', 'SSH_AGENT_PID': '3834', 'XDG_SESSION_TYPE': 'x11', 'SHLVL': '1', 'LD_LIBRARY_PATH': '//home/nvidia/f1tenth_ws/install/vesc_driver/lib://home/nvidia/f1tenth_ws/install/vesc_ackermann/lib://home/nvidia/f1tenth_ws/install/vesc_msgs/lib://home/nvidia/f1tenth_ws/install/teleop_tools_msgs/lib:/usr/lib/aarch64-linux-gnu/gazebo-11/plugins:/opt/ros/foxy/opt/yaml_cpp_vendor/lib:/opt/ros/foxy/opt/rviz_ogre_vendor/lib:/opt/ros/foxy/lib/aarch64-linux-gnu:/opt/ros/foxy/lib:/usr/local/cuda-11.4/lib64:', 'HOME': '/home/nvidia', 'OLDPWD': '/home/nvidia/f1tenth_ws/src/f1tenth_controllers', 'DESKTOP_SESSION': 'ubuntu', 'ROS_PYTHON_VERSION': '3', 'GNOME_SHELL_SESSION_MODE': 'ubuntu', 'GTK_MODULES': 'gail:atk-bridge', 'MANAGERPID': '3734', 'DBUS_SESSION_BUS_ADDRESS': 'unix:path=/run/user/1000/bus', 'COLORTERM': 'truecolor', 'TERMINATOR_DBUS_NAME': 'net.tenshu.Terminator23558193cd9818af7fe4d2c2f5bd9d00f', 'GIO_LAUNCHED_DESKTOP_FILE_PID': '6532', 'IM_CONFIG_PHASE': '1', 'COLCON_PREFIX_PATH': '//home/nvidia/f1tenth_ws/install', 'ROS_DISTRO': 'foxy', 'LOGNAME': 'nvidia', 'JOURNAL_STREAM': '8:68012', '_': '/usr/bin/colcon', 'ROS_VERSION': '2', 'XDG_SESSION_CLASS': 'user', 'USERNAME': 'nvidia', 'TERM': 'xterm-256color', 'GAZEBO_MODEL_PATH': ':/opt/ros/foxy/share/turtlebot3_gazebo/models', 'GNOME_DESKTOP_SESSION_ID': 'this-is-deprecated', 'ROS_LOCALHOST_ONLY': '0', 'WINDOWPATH': '2', 'PATH': '//home/nvidia/f1tenth_ws/install/range_lib/bin:/opt/ros/foxy/bin:/usr/local/cuda-11.4/bin:/home/nvidia/.local/bin:/usr/local/sbin:/usr/local/bin:/usr/sbin:/usr/bin:/sbin:/bin:/usr/games:/usr/local/games:/snap/bin', 'SESSION_MANAGER': 'local/ubuntu:@/tmp/.ICE-unix/3871,unix/ubuntu:/tmp/.ICE-unix/3871', 'INVOCATION_ID': '3ef7397d0ea34bca9ca2a0d82e935ac2', 'XDG_MENU_PREFIX': 'gnome-', 'XDG_RUNTIME_DIR': '/run/user/1000', 'DISPLAY': ':1', 'TERMINATOR_DBUS_PATH': '/net/tenshu/Terminator2', 'LANG': 'en_US.UTF-8', 'XDG_CURRENT_DESKTOP': 'ubuntu:GNOME', 'XMODIFIERS': '@im=ibus', 'XDG_SESSION_DESKTOP': 'ubuntu', 'XAUTHORITY': '/run/user/1000/gdm/Xauthority', 'LS_COLORS': 'rs=0:di=01;34:ln=01;36:mh=00:pi=40;33:so=01;35:do=01;35:bd=40;33;01:cd=40;33;01:or=40;31;01:mi=00:su=37;41:sg=30;43:ca=30;41:tw=30;42:ow=34;42:st=37;44:ex=01;32:*.tar=01;31:*.tgz=01;31:*.arc=01;31:*.arj=01;31:*.taz=01;31:*.lha=01;31:*.lz4=01;31:*.lzh=01;31:*.lzma=01;31:*.tlz=01;31:*.txz=01;31:*.tzo=01;31:*.t7z=01;31:*.zip=01;31:*.z=01;31:*.dz=01;31:*.gz=01;31:*.lrz=01;31:*.lz=01;31:*.lzo=01;31:*.xz=01;31:*.zst=01;31:*.tzst=01;31:*.bz2=01;31:*.bz=01;31:*.tbz=01;31:*.tbz2=01;31:*.tz=01;31:*.deb=01;31:*.rpm=01;31:*.jar=01;31:*.war=01;31:*.ear=01;31:*.sar=01;31:*.rar=01;31:*.alz=01;31:*.ace=01;31:*.zoo=01;31:*.cpio=01;31:*.7z=01;31:*.rz=01;31:*.cab=01;31:*.wim=01;31:*.swm=01;31:*.dwm=01;31:*.esd=01;31:*.jpg=01;35:*.jpeg=01;35:*.mjpg=01;35:*.mjpeg=01;35:*.gif=01;35:*.bmp=01;35:*.pbm=01;35:*.pgm=01;35:*.ppm=01;35:*.tga=01;35:*.xbm=01;35:*.xpm=01;35:*.tif=01;35:*.tiff=01;35:*.png=01;35:*.svg=01;35:*.svgz=01;35:*.mng=01;35:*.pcx=01;35:*.mov=01;35:*.mpg=01;35:*.mpeg=01;35:*.m2v=01;35:*.mkv=01;35:*.webm=01;35:*.ogm=01;35:*.mp4=01;35:*.m4v=01;35:*.mp4v=01;35:*.vob=01;35:*.qt=01;35:*.nuv=01;35:*.wmv=01;35:*.asf=01;35:*.rm=01;35:*.rmvb=01;35:*.flc=01;35:*.avi=01;35:*.fli=01;35:*.flv=01;35:*.gl=01;35:*.dl=01;35:*.xcf=01;35:*.xwd=01;35:*.yuv=01;35:*.cgm=01;35:*.emf=01;35:*.ogv=01;35:*.ogx=01;35:*.aac=00;36:*.au=00;36:*.flac=00;36:*.m4a=00;36:*.mid=00;36:*.midi=00;36:*.mka=00;36:*.mp3=00;36:*.mpc=00;36:*.ogg=00;36:*.ra=00;36:*.wav=00;36:*.oga=00;36:*.opus=00;36:*.spx=00;36:*.xspf=00;36:', 'SSH_AUTH_SOCK': '/run/user/1000/keyring/ssh', 'ROS_DOMAIN_ID': '4', 'AMENT_PREFIX_PATH': '//home/nvidia/f1tenth_ws/install/f1tenth_stack://home/nvidia/f1tenth_ws/install/vesc://home/nvidia/f1tenth_ws/install/vesc_driver://home/nvidia/f1tenth_ws/install/vesc_ackermann://home/nvidia/f1tenth_ws/install/vesc_msgs://home/nvidia/f1tenth_ws/install/teleop_tools://home/nvidia/f1tenth_ws/install/joy_teleop://home/nvidia/f1tenth_ws/install/teleop_tools_msgs://home/nvidia/f1tenth_ws/install/phasespace://home/nvidia/f1tenth_ws/install/particle_filter://home/nvidia/f1tenth_ws/install/new_map_saver://home/nvidia/f1tenth_ws/install/mouse_teleop://home/nvidia/f1tenth_ws/install/mapping://home/nvidia/f1tenth_ws/install/key_teleop://home/nvidia/f1tenth_ws/install/ackermann_mux:/opt/ros/foxy', 'SHELL': '/bin/bash', 'TERMINATOR_UUID': 'urn:uuid:ffa84fa6-9ec7-420e-953e-e336d0726543', 'QT_ACCESSIBILITY': '1', 'GDMSESSION': 'ubuntu', 'LESSCLOSE': '/usr/bin/lesspipe %s %s', 'GPG_AGENT_INFO': '/run/user/1000/gnupg/S.gpg-agent:0:1', 'QT_IM_MODULE': 'ibus', 'PWD': '/home/nvidia/f1tenth_ws/build/phasespace', 'TURTLEBOT3_MODEL': 'waffle', 'LC_ALL': 'en_US.UTF-8', 'XDG_CONFIG_DIRS': '/etc/xdg/xdg-ubuntu:/etc/xdg', 'XDG_DATA_DIRS': '/usr/share/ubuntu:/usr/local/share/:/usr/share/:/var/lib/snapd/desktop', 'PYTHONPATH': '/home/nvidia/f1tenth_ws/build/phasespace/prefix_override:/usr/lib/python3/dist-packages/colcon_core/task/python/colcon_distutils_commands:/home/nvidia/f1tenth_ws/install/phasespace/lib/python3.8/site-packages://home/nvidia/f1tenth_ws/install/f1tenth_stack/lib/python3.8/site-packages://home/nvidia/f1tenth_ws/install/vesc_msgs/lib/python3.8/site-packages://home/nvidia/f1tenth_ws/install/joy_teleop/lib/python3.8/site-packages://home/nvidia/f1tenth_ws/install/teleop_tools_msgs/lib/python3.8/site-packages://home/nvidia/f1tenth_ws/install/phasespace/lib/python3.8/site-packages://home/nvidia/f1tenth_ws/install/particle_filter/lib/python3.8/site-packages://home/nvidia/f1tenth_ws/install/new_map_saver/lib/python3.8/site-packages://home/nvidia/f1tenth_ws/install/mouse_teleop/lib/python3.8/site-packages://home/nvidia/f1tenth_ws/install/mapping/lib/python3.8/site-packages://home/nvidia/f1tenth_ws/install/key_teleop/lib/python3.8/site-packages:/opt/ros/foxy/lib/python3.8/site-packages', 'COLCON': '1', 'VTE_VERSION': '6003', 'CMAKE_PREFIX_PATH': '//home/nvidia/f1tenth_ws/install/vesc://home/nvidia/f1tenth_ws/install/vesc_driver://home/nvidia/f1tenth_ws/install/vesc_ackermann://home/nvidia/f1tenth_ws/install/vesc_msgs://home/nvidia/f1tenth_ws/install/teleop_tools://home/nvidia/f1tenth_ws/install/teleop_tools_msgs://home/nvidia/f1tenth_ws/install/range_lib://home/nvidia/f1tenth_ws/install/ackermann_mux'}, 'shell': False}
[16.302527] (-) TimerEvent: {}
[16.311764] (vesc) JobProgress: {'identifier': 'vesc', 'progress': 'install'}
[16.321899] (vesc) Command: {'cmd': ['/usr/bin/cmake', '--install', '/home/nvidia/f1tenth_ws/build/vesc'], 'cwd': '/home/nvidia/f1tenth_ws/build/vesc', 'env': OrderedDict([('LESSOPEN', '| /usr/bin/lesspipe %s'), ('USER', 'nvidia'), ('SSH_AGENT_PID', '3834'), ('XDG_SESSION_TYPE', 'x11'), ('SHLVL', '1'), ('LD_LIBRARY_PATH', '/home/nvidia/f1tenth_ws/install/vesc_driver/lib:/home/nvidia/f1tenth_ws/install/vesc_ackermann/lib:/home/nvidia/f1tenth_ws/install/vesc_msgs/lib://home/nvidia/f1tenth_ws/install/vesc_driver/lib://home/nvidia/f1tenth_ws/install/vesc_ackermann/lib://home/nvidia/f1tenth_ws/install/vesc_msgs/lib://home/nvidia/f1tenth_ws/install/teleop_tools_msgs/lib:/usr/lib/aarch64-linux-gnu/gazebo-11/plugins:/opt/ros/foxy/opt/yaml_cpp_vendor/lib:/opt/ros/foxy/opt/rviz_ogre_vendor/lib:/opt/ros/foxy/lib/aarch64-linux-gnu:/opt/ros/foxy/lib:/usr/local/cuda-11.4/lib64'), ('HOME', '/home/nvidia'), ('OLDPWD', '/home/nvidia/f1tenth_ws/src/f1tenth_controllers'), ('DESKTOP_SESSION', 'ubuntu'), ('ROS_PYTHON_VERSION', '3'), ('GNOME_SHELL_SESSION_MODE', 'ubuntu'), ('GTK_MODULES', 'gail:atk-bridge'), ('MANAGERPID', '3734'), ('DBUS_SESSION_BUS_ADDRESS', 'unix:path=/run/user/1000/bus'), ('COLORTERM', 'truecolor'), ('TERMINATOR_DBUS_NAME', 'net.tenshu.Terminator23558193cd9818af7fe4d2c2f5bd9d00f'), ('GIO_LAUNCHED_DESKTOP_FILE_PID', '6532'), ('IM_CONFIG_PHASE', '1'), ('COLCON_PREFIX_PATH', '//home/nvidia/f1tenth_ws/install'), ('ROS_DISTRO', 'foxy'), ('LOGNAME', 'nvidia'), ('JOURNAL_STREAM', '8:68012'), ('_', '/usr/bin/colcon'), ('ROS_VERSION', '2'), ('XDG_SESSION_CLASS', 'user'), ('USERNAME', 'nvidia'), ('TERM', 'xterm-256color'), ('GAZEBO_MODEL_PATH', ':/opt/ros/foxy/share/turtlebot3_gazebo/models'), ('GNOME_DESKTOP_SESSION_ID', 'this-is-deprecated'), ('ROS_LOCALHOST_ONLY', '0'), ('WINDOWPATH', '2'), ('PATH', '//home/nvidia/f1tenth_ws/install/range_lib/bin:/opt/ros/foxy/bin:/usr/local/cuda-11.4/bin:/home/nvidia/.local/bin:/usr/local/sbin:/usr/local/bin:/usr/sbin:/usr/bin:/sbin:/bin:/usr/games:/usr/local/games:/snap/bin'), ('SESSION_MANAGER', 'local/ubuntu:@/tmp/.ICE-unix/3871,unix/ubuntu:/tmp/.ICE-unix/3871'), ('INVOCATION_ID', '3ef7397d0ea34bca9ca2a0d82e935ac2'), ('XDG_MENU_PREFIX', 'gnome-'), ('XDG_RUNTIME_DIR', '/run/user/1000'), ('DISPLAY', ':1'), ('TERMINATOR_DBUS_PATH', '/net/tenshu/Terminator2'), ('LANG', 'en_US.UTF-8'), ('XDG_CURRENT_DESKTOP', 'ubuntu:GNOME'), ('XMODIFIERS', '@im=ibus'), ('XDG_SESSION_DESKTOP', 'ubuntu'), ('XAUTHORITY', '/run/user/1000/gdm/Xauthority'), ('LS_COLORS', 'rs=0:di=01;34:ln=01;36:mh=00:pi=40;33:so=01;35:do=01;35:bd=40;33;01:cd=40;33;01:or=40;31;01:mi=00:su=37;41:sg=30;43:ca=30;41:tw=30;42:ow=34;42:st=37;44:ex=01;32:*.tar=01;31:*.tgz=01;31:*.arc=01;31:*.arj=01;31:*.taz=01;31:*.lha=01;31:*.lz4=01;31:*.lzh=01;31:*.lzma=01;31:*.tlz=01;31:*.txz=01;31:*.tzo=01;31:*.t7z=01;31:*.zip=01;31:*.z=01;31:*.dz=01;31:*.gz=01;31:*.lrz=01;31:*.lz=01;31:*.lzo=01;31:*.xz=01;31:*.zst=01;31:*.tzst=01;31:*.bz2=01;31:*.bz=01;31:*.tbz=01;31:*.tbz2=01;31:*.tz=01;31:*.deb=01;31:*.rpm=01;31:*.jar=01;31:*.war=01;31:*.ear=01;31:*.sar=01;31:*.rar=01;31:*.alz=01;31:*.ace=01;31:*.zoo=01;31:*.cpio=01;31:*.7z=01;31:*.rz=01;31:*.cab=01;31:*.wim=01;31:*.swm=01;31:*.dwm=01;31:*.esd=01;31:*.jpg=01;35:*.jpeg=01;35:*.mjpg=01;35:*.mjpeg=01;35:*.gif=01;35:*.bmp=01;35:*.pbm=01;35:*.pgm=01;35:*.ppm=01;35:*.tga=01;35:*.xbm=01;35:*.xpm=01;35:*.tif=01;35:*.tiff=01;35:*.png=01;35:*.svg=01;35:*.svgz=01;35:*.mng=01;35:*.pcx=01;35:*.mov=01;35:*.mpg=01;35:*.mpeg=01;35:*.m2v=01;35:*.mkv=01;35:*.webm=01;35:*.ogm=01;35:*.mp4=01;35:*.m4v=01;35:*.mp4v=01;35:*.vob=01;35:*.qt=01;35:*.nuv=01;35:*.wmv=01;35:*.asf=01;35:*.rm=01;35:*.rmvb=01;35:*.flc=01;35:*.avi=01;35:*.fli=01;35:*.flv=01;35:*.gl=01;35:*.dl=01;35:*.xcf=01;35:*.xwd=01;35:*.yuv=01;35:*.cgm=01;35:*.emf=01;35:*.ogv=01;35:*.ogx=01;35:*.aac=00;36:*.au=00;36:*.flac=00;36:*.m4a=00;36:*.mid=00;36:*.midi=00;36:*.mka=00;36:*.mp3=00;36:*.mpc=00;36:*.ogg=00;36:*.ra=00;36:*.wav=00;36:*.oga=00;36:*.opus=00;36:*.spx=00;36:*.xspf=00;36:'), ('SSH_AUTH_SOCK', '/run/user/1000/keyring/ssh'), ('ROS_DOMAIN_ID', '4'), ('AMENT_PREFIX_PATH', '/home/nvidia/f1tenth_ws/install/vesc_driver:/home/nvidia/f1tenth_ws/install/vesc_ackermann:/home/nvidia/f1tenth_ws/install/vesc_msgs://home/nvidia/f1tenth_ws/install/f1tenth_stack://home/nvidia/f1tenth_ws/install/vesc://home/nvidia/f1tenth_ws/install/vesc_driver://home/nvidia/f1tenth_ws/install/vesc_ackermann://home/nvidia/f1tenth_ws/install/vesc_msgs://home/nvidia/f1tenth_ws/install/teleop_tools://home/nvidia/f1tenth_ws/install/joy_teleop://home/nvidia/f1tenth_ws/install/teleop_tools_msgs://home/nvidia/f1tenth_ws/install/phasespace://home/nvidia/f1tenth_ws/install/particle_filter://home/nvidia/f1tenth_ws/install/new_map_saver://home/nvidia/f1tenth_ws/install/mouse_teleop://home/nvidia/f1tenth_ws/install/mapping://home/nvidia/f1tenth_ws/install/key_teleop://home/nvidia/f1tenth_ws/install/ackermann_mux:/opt/ros/foxy'), ('SHELL', '/bin/bash'), ('TERMINATOR_UUID', 'urn:uuid:ffa84fa6-9ec7-420e-953e-e336d0726543'), ('QT_ACCESSIBILITY', '1'), ('GDMSESSION', 'ubuntu'), ('LESSCLOSE', '/usr/bin/lesspipe %s %s'), ('GPG_AGENT_INFO', '/run/user/1000/gnupg/S.gpg-agent:0:1'), ('QT_IM_MODULE', 'ibus'), ('PWD', '/home/nvidia/f1tenth_ws/build/vesc'), ('TURTLEBOT3_MODEL', 'waffle'), ('LC_ALL', 'en_US.UTF-8'), ('XDG_CONFIG_DIRS', '/etc/xdg/xdg-ubuntu:/etc/xdg'), ('XDG_DATA_DIRS', '/usr/share/ubuntu:/usr/local/share/:/usr/share/:/var/lib/snapd/desktop'), ('PYTHONPATH', '/home/nvidia/f1tenth_ws/install/vesc_msgs/lib/python3.8/site-packages://home/nvidia/f1tenth_ws/install/f1tenth_stack/lib/python3.8/site-packages://home/nvidia/f1tenth_ws/install/vesc_msgs/lib/python3.8/site-packages://home/nvidia/f1tenth_ws/install/joy_teleop/lib/python3.8/site-packages://home/nvidia/f1tenth_ws/install/teleop_tools_msgs/lib/python3.8/site-packages://home/nvidia/f1tenth_ws/install/phasespace/lib/python3.8/site-packages://home/nvidia/f1tenth_ws/install/particle_filter/lib/python3.8/site-packages://home/nvidia/f1tenth_ws/install/new_map_saver/lib/python3.8/site-packages://home/nvidia/f1tenth_ws/install/mouse_teleop/lib/python3.8/site-packages://home/nvidia/f1tenth_ws/install/mapping/lib/python3.8/site-packages://home/nvidia/f1tenth_ws/install/key_teleop/lib/python3.8/site-packages:/opt/ros/foxy/lib/python3.8/site-packages'), ('COLCON', '1'), ('VTE_VERSION', '6003'), ('CMAKE_PREFIX_PATH', '/home/nvidia/f1tenth_ws/install/vesc_driver:/home/nvidia/f1tenth_ws/install/vesc_ackermann:/home/nvidia/f1tenth_ws/install/vesc_msgs://home/nvidia/f1tenth_ws/install/vesc://home/nvidia/f1tenth_ws/install/vesc_driver://home/nvidia/f1tenth_ws/install/vesc_ackermann://home/nvidia/f1tenth_ws/install/vesc_msgs://home/nvidia/f1tenth_ws/install/teleop_tools://home/nvidia/f1tenth_ws/install/teleop_tools_msgs://home/nvidia/f1tenth_ws/install/range_lib://home/nvidia/f1tenth_ws/install/ackermann_mux://home/nvidia/f1tenth_ws/install/f1tenth_stack://home/nvidia/f1tenth_ws/install/joy_teleop://home/nvidia/f1tenth_ws/install/phasespace://home/nvidia/f1tenth_ws/install/particle_filter://home/nvidia/f1tenth_ws/install/new_map_saver://home/nvidia/f1tenth_ws/install/mouse_teleop://home/nvidia/f1tenth_ws/install/mapping://home/nvidia/f1tenth_ws/install/key_teleop:/opt/ros/foxy')]), 'shell': False}
[16.344863] (teleop_tools) JobProgress: {'identifier': 'teleop_tools', 'progress': 'install'}
[16.346389] (teleop_tools) Command: {'cmd': ['/usr/bin/cmake', '--install', '/home/nvidia/f1tenth_ws/build/teleop_tools'], 'cwd': '/home/nvidia/f1tenth_ws/build/teleop_tools', 'env': OrderedDict([('LESSOPEN', '| /usr/bin/lesspipe %s'), ('USER', 'nvidia'), ('SSH_AGENT_PID', '3834'), ('XDG_SESSION_TYPE', 'x11'), ('SHLVL', '1'), ('LD_LIBRARY_PATH', '/home/nvidia/f1tenth_ws/install/teleop_tools_msgs/lib://home/nvidia/f1tenth_ws/install/vesc_driver/lib://home/nvidia/f1tenth_ws/install/vesc_ackermann/lib://home/nvidia/f1tenth_ws/install/vesc_msgs/lib://home/nvidia/f1tenth_ws/install/teleop_tools_msgs/lib:/usr/lib/aarch64-linux-gnu/gazebo-11/plugins:/opt/ros/foxy/opt/yaml_cpp_vendor/lib:/opt/ros/foxy/opt/rviz_ogre_vendor/lib:/opt/ros/foxy/lib/aarch64-linux-gnu:/opt/ros/foxy/lib:/usr/local/cuda-11.4/lib64'), ('HOME', '/home/nvidia'), ('OLDPWD', '/home/nvidia/f1tenth_ws/src/f1tenth_controllers'), ('DESKTOP_SESSION', 'ubuntu'), ('ROS_PYTHON_VERSION', '3'), ('GNOME_SHELL_SESSION_MODE', 'ubuntu'), ('GTK_MODULES', 'gail:atk-bridge'), ('MANAGERPID', '3734'), ('DBUS_SESSION_BUS_ADDRESS', 'unix:path=/run/user/1000/bus'), ('COLORTERM', 'truecolor'), ('TERMINATOR_DBUS_NAME', 'net.tenshu.Terminator23558193cd9818af7fe4d2c2f5bd9d00f'), ('GIO_LAUNCHED_DESKTOP_FILE_PID', '6532'), ('IM_CONFIG_PHASE', '1'), ('COLCON_PREFIX_PATH', '//home/nvidia/f1tenth_ws/install'), ('ROS_DISTRO', 'foxy'), ('LOGNAME', 'nvidia'), ('JOURNAL_STREAM', '8:68012'), ('_', '/usr/bin/colcon'), ('ROS_VERSION', '2'), ('XDG_SESSION_CLASS', 'user'), ('USERNAME', 'nvidia'), ('TERM', 'xterm-256color'), ('GAZEBO_MODEL_PATH', ':/opt/ros/foxy/share/turtlebot3_gazebo/models'), ('GNOME_DESKTOP_SESSION_ID', 'this-is-deprecated'), ('ROS_LOCALHOST_ONLY', '0'), ('WINDOWPATH', '2'), ('PATH', '//home/nvidia/f1tenth_ws/install/range_lib/bin:/opt/ros/foxy/bin:/usr/local/cuda-11.4/bin:/home/nvidia/.local/bin:/usr/local/sbin:/usr/local/bin:/usr/sbin:/usr/bin:/sbin:/bin:/usr/games:/usr/local/games:/snap/bin'), ('SESSION_MANAGER', 'local/ubuntu:@/tmp/.ICE-unix/3871,unix/ubuntu:/tmp/.ICE-unix/3871'), ('INVOCATION_ID', '3ef7397d0ea34bca9ca2a0d82e935ac2'), ('XDG_MENU_PREFIX', 'gnome-'), ('XDG_RUNTIME_DIR', '/run/user/1000'), ('DISPLAY', ':1'), ('TERMINATOR_DBUS_PATH', '/net/tenshu/Terminator2'), ('LANG', 'en_US.UTF-8'), ('XDG_CURRENT_DESKTOP', 'ubuntu:GNOME'), ('XMODIFIERS', '@im=ibus'), ('XDG_SESSION_DESKTOP', 'ubuntu'), ('XAUTHORITY', '/run/user/1000/gdm/Xauthority'), ('LS_COLORS', 'rs=0:di=01;34:ln=01;36:mh=00:pi=40;33:so=01;35:do=01;35:bd=40;33;01:cd=40;33;01:or=40;31;01:mi=00:su=37;41:sg=30;43:ca=30;41:tw=30;42:ow=34;42:st=37;44:ex=01;32:*.tar=01;31:*.tgz=01;31:*.arc=01;31:*.arj=01;31:*.taz=01;31:*.lha=01;31:*.lz4=01;31:*.lzh=01;31:*.lzma=01;31:*.tlz=01;31:*.txz=01;31:*.tzo=01;31:*.t7z=01;31:*.zip=01;31:*.z=01;31:*.dz=01;31:*.gz=01;31:*.lrz=01;31:*.lz=01;31:*.lzo=01;31:*.xz=01;31:*.zst=01;31:*.tzst=01;31:*.bz2=01;31:*.bz=01;31:*.tbz=01;31:*.tbz2=01;31:*.tz=01;31:*.deb=01;31:*.rpm=01;31:*.jar=01;31:*.war=01;31:*.ear=01;31:*.sar=01;31:*.rar=01;31:*.alz=01;31:*.ace=01;31:*.zoo=01;31:*.cpio=01;31:*.7z=01;31:*.rz=01;31:*.cab=01;31:*.wim=01;31:*.swm=01;31:*.dwm=01;31:*.esd=01;31:*.jpg=01;35:*.jpeg=01;35:*.mjpg=01;35:*.mjpeg=01;35:*.gif=01;35:*.bmp=01;35:*.pbm=01;35:*.pgm=01;35:*.ppm=01;35:*.tga=01;35:*.xbm=01;35:*.xpm=01;35:*.tif=01;35:*.tiff=01;35:*.png=01;35:*.svg=01;35:*.svgz=01;35:*.mng=01;35:*.pcx=01;35:*.mov=01;35:*.mpg=01;35:*.mpeg=01;35:*.m2v=01;35:*.mkv=01;35:*.webm=01;35:*.ogm=01;35:*.mp4=01;35:*.m4v=01;35:*.mp4v=01;35:*.vob=01;35:*.qt=01;35:*.nuv=01;35:*.wmv=01;35:*.asf=01;35:*.rm=01;35:*.rmvb=01;35:*.flc=01;35:*.avi=01;35:*.fli=01;35:*.flv=01;35:*.gl=01;35:*.dl=01;35:*.xcf=01;35:*.xwd=01;35:*.yuv=01;35:*.cgm=01;35:*.emf=01;35:*.ogv=01;35:*.ogx=01;35:*.aac=00;36:*.au=00;36:*.flac=00;36:*.m4a=00;36:*.mid=00;36:*.midi=00;36:*.mka=00;36:*.mp3=00;36:*.mpc=00;36:*.ogg=00;36:*.ra=00;36:*.wav=00;36:*.oga=00;36:*.opus=00;36:*.spx=00;36:*.xspf=00;36:'), ('SSH_AUTH_SOCK', '/run/user/1000/keyring/ssh'), ('ROS_DOMAIN_ID', '4'), ('AMENT_PREFIX_PATH', '/home/nvidia/f1tenth_ws/install/joy_teleop:/home/nvidia/f1tenth_ws/install/teleop_tools_msgs:/home/nvidia/f1tenth_ws/install/key_teleop://home/nvidia/f1tenth_ws/install/f1tenth_stack://home/nvidia/f1tenth_ws/install/vesc://home/nvidia/f1tenth_ws/install/vesc_driver://home/nvidia/f1tenth_ws/install/vesc_ackermann://home/nvidia/f1tenth_ws/install/vesc_msgs://home/nvidia/f1tenth_ws/install/teleop_tools://home/nvidia/f1tenth_ws/install/joy_teleop://home/nvidia/f1tenth_ws/install/teleop_tools_msgs://home/nvidia/f1tenth_ws/install/phasespace://home/nvidia/f1tenth_ws/install/particle_filter://home/nvidia/f1tenth_ws/install/new_map_saver://home/nvidia/f1tenth_ws/install/mouse_teleop://home/nvidia/f1tenth_ws/install/mapping://home/nvidia/f1tenth_ws/install/key_teleop://home/nvidia/f1tenth_ws/install/ackermann_mux:/opt/ros/foxy'), ('SHELL', '/bin/bash'), ('TERMINATOR_UUID', 'urn:uuid:ffa84fa6-9ec7-420e-953e-e336d0726543'), ('QT_ACCESSIBILITY', '1'), ('GDMSESSION', 'ubuntu'), ('LESSCLOSE', '/usr/bin/lesspipe %s %s'), ('GPG_AGENT_INFO', '/run/user/1000/gnupg/S.gpg-agent:0:1'), ('QT_IM_MODULE', 'ibus'), ('PWD', '/home/nvidia/f1tenth_ws/build/teleop_tools'), ('TURTLEBOT3_MODEL', 'waffle'), ('LC_ALL', 'en_US.UTF-8'), ('XDG_CONFIG_DIRS', '/etc/xdg/xdg-ubuntu:/etc/xdg'), ('XDG_DATA_DIRS', '/usr/share/ubuntu:/usr/local/share/:/usr/share/:/var/lib/snapd/desktop'), ('PYTHONPATH', '/home/nvidia/f1tenth_ws/install/joy_teleop/lib/python3.8/site-packages:/home/nvidia/f1tenth_ws/install/teleop_tools_msgs/lib/python3.8/site-packages:/home/nvidia/f1tenth_ws/install/key_teleop/lib/python3.8/site-packages://home/nvidia/f1tenth_ws/install/f1tenth_stack/lib/python3.8/site-packages://home/nvidia/f1tenth_ws/install/vesc_msgs/lib/python3.8/site-packages://home/nvidia/f1tenth_ws/install/joy_teleop/lib/python3.8/site-packages://home/nvidia/f1tenth_ws/install/teleop_tools_msgs/lib/python3.8/site-packages://home/nvidia/f1tenth_ws/install/phasespace/lib/python3.8/site-packages://home/nvidia/f1tenth_ws/install/particle_filter/lib/python3.8/site-packages://home/nvidia/f1tenth_ws/install/new_map_saver/lib/python3.8/site-packages://home/nvidia/f1tenth_ws/install/mouse_teleop/lib/python3.8/site-packages://home/nvidia/f1tenth_ws/install/mapping/lib/python3.8/site-packages://home/nvidia/f1tenth_ws/install/key_teleop/lib/python3.8/site-packages:/opt/ros/foxy/lib/python3.8/site-packages'), ('COLCON', '1'), ('VTE_VERSION', '6003'), ('CMAKE_PREFIX_PATH', '/home/nvidia/f1tenth_ws/install/teleop_tools_msgs://home/nvidia/f1tenth_ws/install/vesc://home/nvidia/f1tenth_ws/install/vesc_driver://home/nvidia/f1tenth_ws/install/vesc_ackermann://home/nvidia/f1tenth_ws/install/vesc_msgs://home/nvidia/f1tenth_ws/install/teleop_tools://home/nvidia/f1tenth_ws/install/teleop_tools_msgs://home/nvidia/f1tenth_ws/install/range_lib://home/nvidia/f1tenth_ws/install/ackermann_mux://home/nvidia/f1tenth_ws/install/f1tenth_stack://home/nvidia/f1tenth_ws/install/joy_teleop://home/nvidia/f1tenth_ws/install/phasespace://home/nvidia/f1tenth_ws/install/particle_filter://home/nvidia/f1tenth_ws/install/new_map_saver://home/nvidia/f1tenth_ws/install/mouse_teleop://home/nvidia/f1tenth_ws/install/mapping://home/nvidia/f1tenth_ws/install/key_teleop:/opt/ros/foxy')]), 'shell': False}
[16.387039] (vesc) StdoutLine: {'line': b'-- Install configuration: ""\n'}
[16.390669] (vesc) StdoutLine: {'line': b'-- Up-to-date: /home/nvidia/f1tenth_ws/install/vesc/share/ament_index/resource_index/package_run_dependencies/vesc\n'}
[16.391761] (vesc) StdoutLine: {'line': b'-- Up-to-date: /home/nvidia/f1tenth_ws/install/vesc/share/ament_index/resource_index/parent_prefix_path/vesc\n'}
[16.392487] (vesc) StdoutLine: {'line': b'-- Up-to-date: /home/nvidia/f1tenth_ws/install/vesc/share/vesc/environment/ament_prefix_path.sh\n'}
[16.392950] (vesc) StdoutLine: {'line': b'-- Up-to-date: /home/nvidia/f1tenth_ws/install/vesc/share/vesc/environment/ament_prefix_path.dsv\n'}
[16.394207] (vesc) StdoutLine: {'line': b'-- Up-to-date: /home/nvidia/f1tenth_ws/install/vesc/share/vesc/environment/path.sh\n'}
[16.394734] (vesc) StdoutLine: {'line': b'-- Up-to-date: /home/nvidia/f1tenth_ws/install/vesc/share/vesc/environment/path.dsv\n'}
[16.395214] (vesc) StdoutLine: {'line': b'-- Up-to-date: /home/nvidia/f1tenth_ws/install/vesc/share/vesc/local_setup.bash\n'}
[16.395645] (vesc) StdoutLine: {'line': b'-- Up-to-date: /home/nvidia/f1tenth_ws/install/vesc/share/vesc/local_setup.sh\n'}
[16.396068] (vesc) StdoutLine: {'line': b'-- Up-to-date: /home/nvidia/f1tenth_ws/install/vesc/share/vesc/local_setup.zsh\n'}
[16.396522] (vesc) StdoutLine: {'line': b'-- Up-to-date: /home/nvidia/f1tenth_ws/install/vesc/share/vesc/local_setup.dsv\n'}
[16.397207] (vesc) StdoutLine: {'line': b'-- Installing: /home/nvidia/f1tenth_ws/install/vesc/share/vesc/package.dsv\n'}
[16.397766] (vesc) StdoutLine: {'line': b'-- Up-to-date: /home/nvidia/f1tenth_ws/install/vesc/share/ament_index/resource_index/packages/vesc\n'}
[16.398562] (vesc) StdoutLine: {'line': b'-- Up-to-date: /home/nvidia/f1tenth_ws/install/vesc/share/vesc/cmake/vescConfig.cmake\n'}
[16.398998] (vesc) StdoutLine: {'line': b'-- Up-to-date: /home/nvidia/f1tenth_ws/install/vesc/share/vesc/cmake/vescConfig-version.cmake\n'}
[16.399843] (vesc) StdoutLine: {'line': b'-- Up-to-date: /home/nvidia/f1tenth_ws/install/vesc/share/vesc/package.xml\n'}
[16.402453] (-) TimerEvent: {}
[16.412239] (vesc) CommandEnded: {'returncode': 0}
[16.421759] (teleop_tools) StdoutLine: {'line': b'-- Install configuration: ""\n'}
[16.423079] (teleop_tools) StdoutLine: {'line': b'-- Up-to-date: /home/nvidia/f1tenth_ws/install/teleop_tools/share/ament_index/resource_index/package_run_dependencies/teleop_tools\n'}
[16.423853] (teleop_tools) StdoutLine: {'line': b'-- Up-to-date: /home/nvidia/f1tenth_ws/install/teleop_tools/share/ament_index/resource_index/parent_prefix_path/teleop_tools\n'}
[16.424425] (teleop_tools) StdoutLine: {'line': b'-- Up-to-date: /home/nvidia/f1tenth_ws/install/teleop_tools/share/teleop_tools/environment/ament_prefix_path.sh\n'}
[16.425295] (teleop_tools) StdoutLine: {'line': b'-- Up-to-date: /home/nvidia/f1tenth_ws/install/teleop_tools/share/teleop_tools/environment/ament_prefix_path.dsv\n'}
[16.426324] (teleop_tools) StdoutLine: {'line': b'-- Up-to-date: /home/nvidia/f1tenth_ws/install/teleop_tools/share/teleop_tools/environment/path.sh\n'}
[16.426864] (teleop_tools) StdoutLine: {'line': b'-- Up-to-date: /home/nvidia/f1tenth_ws/install/teleop_tools/share/teleop_tools/environment/path.dsv\n'}
[16.427339] (teleop_tools) StdoutLine: {'line': b'-- Up-to-date: /home/nvidia/f1tenth_ws/install/teleop_tools/share/teleop_tools/local_setup.bash\n'}
[16.427781] (teleop_tools) StdoutLine: {'line': b'-- Up-to-date: /home/nvidia/f1tenth_ws/install/teleop_tools/share/teleop_tools/local_setup.sh\n'}
[16.428222] (teleop_tools) StdoutLine: {'line': b'-- Up-to-date: /home/nvidia/f1tenth_ws/install/teleop_tools/share/teleop_tools/local_setup.zsh\n'}
[16.428668] (teleop_tools) StdoutLine: {'line': b'-- Up-to-date: /home/nvidia/f1tenth_ws/install/teleop_tools/share/teleop_tools/local_setup.dsv\n'}
[16.429123] (teleop_tools) StdoutLine: {'line': b'-- Installing: /home/nvidia/f1tenth_ws/install/teleop_tools/share/teleop_tools/package.dsv\n'}
[16.429559] (teleop_tools) StdoutLine: {'line': b'-- Up-to-date: /home/nvidia/f1tenth_ws/install/teleop_tools/share/ament_index/resource_index/packages/teleop_tools\n'}
[16.432396] (teleop_tools) StdoutLine: {'line': b'-- Up-to-date: /home/nvidia/f1tenth_ws/install/teleop_tools/share/teleop_tools/cmake/teleop_toolsConfig.cmake\n'}
[16.433040] (teleop_tools) StdoutLine: {'line': b'-- Up-to-date: /home/nvidia/f1tenth_ws/install/teleop_tools/share/teleop_tools/cmake/teleop_toolsConfig-version.cmake\n'}
[16.433849] (teleop_tools) StdoutLine: {'line': b'-- Up-to-date: /home/nvidia/f1tenth_ws/install/teleop_tools/share/teleop_tools/package.xml\n'}
[16.492291] (teleop_tools) CommandEnded: {'returncode': 0}
[16.502764] (-) TimerEvent: {}
[16.604906] (-) TimerEvent: {}
[16.683623] (vesc) JobEnded: {'identifier': 'vesc', 'rc': 0}
[16.688224] (f1tenth_stack) JobStarted: {'identifier': 'f1tenth_stack'}
[16.704843] (-) TimerEvent: {}
[16.800576] (teleop_tools) JobEnded: {'identifier': 'teleop_tools', 'rc': 0}
[16.805093] (-) TimerEvent: {}
[16.907367] (-) TimerEvent: {}
[17.010434] (-) TimerEvent: {}
[17.111521] (-) TimerEvent: {}
[17.212541] (-) TimerEvent: {}
[17.313657] (-) TimerEvent: {}
[17.414892] (-) TimerEvent: {}
[17.515887] (-) TimerEvent: {}
[17.611601] (phasespace) StdoutLine: {'line': b'running egg_info\n'}
[17.614380] (new_map_saver) StdoutLine: {'line': b'running egg_info\n'}
[17.615645] (phasespace) StdoutLine: {'line': b'writing ../../build/phasespace/phasespace.egg-info/PKG-INFO\n'}
[17.616277] (-) TimerEvent: {}
[17.617585] (phasespace) StdoutLine: {'line': b'writing dependency_links to ../../build/phasespace/phasespace.egg-info/dependency_links.txt\n'}
[17.618671] (new_map_saver) StdoutLine: {'line': b'writing ../../build/new_map_saver/new_map_saver.egg-info/PKG-INFO\n'}
[17.619692] (phasespace) StdoutLine: {'line': b'writing entry points to ../../build/phasespace/phasespace.egg-info/entry_points.txt\n'}
[17.620376] (phasespace) StdoutLine: {'line': b'writing requirements to ../../build/phasespace/phasespace.egg-info/requires.txt\n'}
[17.620836] (phasespace) StdoutLine: {'line': b'writing top-level names to ../../build/phasespace/phasespace.egg-info/top_level.txt\n'}
[17.622114] (new_map_saver) StdoutLine: {'line': b'writing dependency_links to ../../build/new_map_saver/new_map_saver.egg-info/dependency_links.txt\n'}
[17.622561] (new_map_saver) StdoutLine: {'line': b'writing entry points to ../../build/new_map_saver/new_map_saver.egg-info/entry_points.txt\n'}
[17.622977] (new_map_saver) StdoutLine: {'line': b'writing requirements to ../../build/new_map_saver/new_map_saver.egg-info/requires.txt\n'}
[17.623369] (new_map_saver) StdoutLine: {'line': b'writing top-level names to ../../build/new_map_saver/new_map_saver.egg-info/top_level.txt\n'}
[17.716545] (-) TimerEvent: {}
[17.804097] (new_map_saver) StdoutLine: {'line': b"reading manifest file '../../build/new_map_saver/new_map_saver.egg-info/SOURCES.txt'\n"}
[17.804972] (phasespace) StdoutLine: {'line': b"reading manifest file '../../build/phasespace/phasespace.egg-info/SOURCES.txt'\n"}
[17.808816] (phasespace) StdoutLine: {'line': b"writing manifest file '../../build/phasespace/phasespace.egg-info/SOURCES.txt'\n"}
[17.809978] (phasespace) StdoutLine: {'line': b'running build\n'}
[17.810640] (new_map_saver) StdoutLine: {'line': b"writing manifest file '../../build/new_map_saver/new_map_saver.egg-info/SOURCES.txt'\n"}
[17.811079] (new_map_saver) StdoutLine: {'line': b'running build\n'}
[17.811511] (new_map_saver) StdoutLine: {'line': b'running build_py\n'}
[17.811896] (phasespace) StdoutLine: {'line': b'running build_py\n'}
[17.812855] (new_map_saver) StdoutLine: {'line': b'running install\n'}
[17.813284] (phasespace) StdoutLine: {'line': b'running install\n'}
[17.817007] (phasespace) StdoutLine: {'line': b'running install_lib\n'}
[17.817520] (-) TimerEvent: {}
[17.818160] (new_map_saver) StdoutLine: {'line': b'running install_lib\n'}
[17.825310] (phasespace) StdoutLine: {'line': b'running install_data\n'}
[17.826306] (new_map_saver) StdoutLine: {'line': b'running install_data\n'}
[17.826800] (phasespace) StdoutLine: {'line': b'running install_egg_info\n'}
[17.827484] (new_map_saver) StdoutLine: {'line': b'running install_egg_info\n'}
[17.834793] (phasespace) StdoutLine: {'line': b"removing '/home/nvidia/f1tenth_ws/install/phasespace/lib/python3.8/site-packages/phasespace-0.0.0-py3.8.egg-info' (and everything under it)\n"}
[17.836140] (new_map_saver) StdoutLine: {'line': b"removing '/home/nvidia/f1tenth_ws/install/new_map_saver/lib/python3.8/site-packages/new_map_saver-0.0.0-py3.8.egg-info' (and everything under it)\n"}
[17.837001] (phasespace) StdoutLine: {'line': b'Copying ../../build/phasespace/phasespace.egg-info to /home/nvidia/f1tenth_ws/install/phasespace/lib/python3.8/site-packages/phasespace-0.0.0-py3.8.egg-info\n'}
[17.838505] (new_map_saver) StdoutLine: {'line': b'Copying ../../build/new_map_saver/new_map_saver.egg-info to /home/nvidia/f1tenth_ws/install/new_map_saver/lib/python3.8/site-packages/new_map_saver-0.0.0-py3.8.egg-info\n'}
[17.843827] (phasespace) StdoutLine: {'line': b'running install_scripts\n'}
[17.844942] (new_map_saver) StdoutLine: {'line': b'running install_scripts\n'}
[17.917842] (-) TimerEvent: {}
[17.932022] (phasespace) StdoutLine: {'line': b'Installing phasespace_node script to /home/nvidia/f1tenth_ws/install/phasespace/lib/phasespace\n'}
[17.934175] (new_map_saver) StdoutLine: {'line': b"writing list of installed files to '/home/nvidia/f1tenth_ws/build/new_map_saver/install.log'\n"}
[17.935099] (phasespace) StdoutLine: {'line': b"writing list of installed files to '/home/nvidia/f1tenth_ws/build/phasespace/install.log'\n"}
[18.018096] (-) TimerEvent: {}
[18.119406] (-) TimerEvent: {}
[18.220544] (-) TimerEvent: {}
[18.256056] (new_map_saver) CommandEnded: {'returncode': 0}
[18.298278] (new_map_saver) JobEnded: {'identifier': 'new_map_saver', 'rc': 0}
[18.304377] (phasespace) CommandEnded: {'returncode': 0}
[18.321191] (-) TimerEvent: {}
[18.337070] (phasespace) JobEnded: {'identifier': 'phasespace', 'rc': 0}
[18.422068] (-) TimerEvent: {}
[18.524308] (-) TimerEvent: {}
[18.625429] (-) TimerEvent: {}
[18.726550] (-) TimerEvent: {}
[18.827584] (-) TimerEvent: {}
[18.928636] (-) TimerEvent: {}
[19.029809] (-) TimerEvent: {}
[19.130803] (-) TimerEvent: {}
[19.231881] (-) TimerEvent: {}
[19.332964] (-) TimerEvent: {}
[19.434150] (-) TimerEvent: {}
[19.535206] (-) TimerEvent: {}
[19.636359] (-) TimerEvent: {}
[19.737452] (-) TimerEvent: {}
[19.838528] (-) TimerEvent: {}
[19.939673] (-) TimerEvent: {}
[20.040733] (-) TimerEvent: {}
[20.141860] (-) TimerEvent: {}
[20.242916] (-) TimerEvent: {}
[20.344160] (-) TimerEvent: {}
[20.390242] (f1tenth_stack) Command: {'cmd': ['/usr/bin/python3', '-W', 'ignore:setup.py install is deprecated', 'setup.py', 'egg_info', '--egg-base', '../../../build/f1tenth_stack', 'build', '--build-base', '/home/nvidia/f1tenth_ws/build/f1tenth_stack/build', 'install', '--record', '/home/nvidia/f1tenth_ws/build/f1tenth_stack/install.log', '--install-scripts', '$base/lib/f1tenth_stack', '--single-version-externally-managed', 'install_data'], 'cwd': '/home/nvidia/f1tenth_ws/src/f1tenth_system/f1tenth_stack', 'env': {'LESSOPEN': '| /usr/bin/lesspipe %s', 'USER': 'nvidia', 'SSH_AGENT_PID': '3834', 'XDG_SESSION_TYPE': 'x11', 'SHLVL': '1', 'LD_LIBRARY_PATH': '/home/nvidia/f1tenth_ws/install/vesc_driver/lib:/home/nvidia/f1tenth_ws/install/vesc_ackermann/lib:/home/nvidia/f1tenth_ws/install/vesc_msgs/lib:/home/nvidia/f1tenth_ws/install/teleop_tools_msgs/lib://home/nvidia/f1tenth_ws/install/vesc_driver/lib://home/nvidia/f1tenth_ws/install/vesc_ackermann/lib://home/nvidia/f1tenth_ws/install/vesc_msgs/lib://home/nvidia/f1tenth_ws/install/teleop_tools_msgs/lib:/usr/lib/aarch64-linux-gnu/gazebo-11/plugins:/opt/ros/foxy/opt/yaml_cpp_vendor/lib:/opt/ros/foxy/opt/rviz_ogre_vendor/lib:/opt/ros/foxy/lib/aarch64-linux-gnu:/opt/ros/foxy/lib:/usr/local/cuda-11.4/lib64', 'HOME': '/home/nvidia', 'OLDPWD': '/home/nvidia/f1tenth_ws/src/f1tenth_controllers', 'DESKTOP_SESSION': 'ubuntu', 'ROS_PYTHON_VERSION': '3', 'GNOME_SHELL_SESSION_MODE': 'ubuntu', 'GTK_MODULES': 'gail:atk-bridge', 'MANAGERPID': '3734', 'DBUS_SESSION_BUS_ADDRESS': 'unix:path=/run/user/1000/bus', 'COLORTERM': 'truecolor', 'TERMINATOR_DBUS_NAME': 'net.tenshu.Terminator23558193cd9818af7fe4d2c2f5bd9d00f', 'GIO_LAUNCHED_DESKTOP_FILE_PID': '6532', 'IM_CONFIG_PHASE': '1', 'COLCON_PREFIX_PATH': '//home/nvidia/f1tenth_ws/install', 'ROS_DISTRO': 'foxy', 'LOGNAME': 'nvidia', 'JOURNAL_STREAM': '8:68012', '_': '/usr/bin/colcon', 'ROS_VERSION': '2', 'XDG_SESSION_CLASS': 'user', 'USERNAME': 'nvidia', 'TERM': 'xterm-256color', 'GAZEBO_MODEL_PATH': ':/opt/ros/foxy/share/turtlebot3_gazebo/models', 'GNOME_DESKTOP_SESSION_ID': 'this-is-deprecated', 'ROS_LOCALHOST_ONLY': '0', 'WINDOWPATH': '2', 'PATH': '//home/nvidia/f1tenth_ws/install/range_lib/bin:/opt/ros/foxy/bin:/usr/local/cuda-11.4/bin:/home/nvidia/.local/bin:/usr/local/sbin:/usr/local/bin:/usr/sbin:/usr/bin:/sbin:/bin:/usr/games:/usr/local/games:/snap/bin', 'SESSION_MANAGER': 'local/ubuntu:@/tmp/.ICE-unix/3871,unix/ubuntu:/tmp/.ICE-unix/3871', 'INVOCATION_ID': '3ef7397d0ea34bca9ca2a0d82e935ac2', 'XDG_MENU_PREFIX': 'gnome-', 'XDG_RUNTIME_DIR': '/run/user/1000', 'DISPLAY': ':1', 'TERMINATOR_DBUS_PATH': '/net/tenshu/Terminator2', 'LANG': 'en_US.UTF-8', 'XDG_CURRENT_DESKTOP': 'ubuntu:GNOME', 'XMODIFIERS': '@im=ibus', 'XDG_SESSION_DESKTOP': 'ubuntu', 'XAUTHORITY': '/run/user/1000/gdm/Xauthority', 'LS_COLORS': 'rs=0:di=01;34:ln=01;36:mh=00:pi=40;33:so=01;35:do=01;35:bd=40;33;01:cd=40;33;01:or=40;31;01:mi=00:su=37;41:sg=30;43:ca=30;41:tw=30;42:ow=34;42:st=37;44:ex=01;32:*.tar=01;31:*.tgz=01;31:*.arc=01;31:*.arj=01;31:*.taz=01;31:*.lha=01;31:*.lz4=01;31:*.lzh=01;31:*.lzma=01;31:*.tlz=01;31:*.txz=01;31:*.tzo=01;31:*.t7z=01;31:*.zip=01;31:*.z=01;31:*.dz=01;31:*.gz=01;31:*.lrz=01;31:*.lz=01;31:*.lzo=01;31:*.xz=01;31:*.zst=01;31:*.tzst=01;31:*.bz2=01;31:*.bz=01;31:*.tbz=01;31:*.tbz2=01;31:*.tz=01;31:*.deb=01;31:*.rpm=01;31:*.jar=01;31:*.war=01;31:*.ear=01;31:*.sar=01;31:*.rar=01;31:*.alz=01;31:*.ace=01;31:*.zoo=01;31:*.cpio=01;31:*.7z=01;31:*.rz=01;31:*.cab=01;31:*.wim=01;31:*.swm=01;31:*.dwm=01;31:*.esd=01;31:*.jpg=01;35:*.jpeg=01;35:*.mjpg=01;35:*.mjpeg=01;35:*.gif=01;35:*.bmp=01;35:*.pbm=01;35:*.pgm=01;35:*.ppm=01;35:*.tga=01;35:*.xbm=01;35:*.xpm=01;35:*.tif=01;35:*.tiff=01;35:*.png=01;35:*.svg=01;35:*.svgz=01;35:*.mng=01;35:*.pcx=01;35:*.mov=01;35:*.mpg=01;35:*.mpeg=01;35:*.m2v=01;35:*.mkv=01;35:*.webm=01;35:*.ogm=01;35:*.mp4=01;35:*.m4v=01;35:*.mp4v=01;35:*.vob=01;35:*.qt=01;35:*.nuv=01;35:*.wmv=01;35:*.asf=01;35:*.rm=01;35:*.rmvb=01;35:*.flc=01;35:*.avi=01;35:*.fli=01;35:*.flv=01;35:*.gl=01;35:*.dl=01;35:*.xcf=01;35:*.xwd=01;35:*.yuv=01;35:*.cgm=01;35:*.emf=01;35:*.ogv=01;35:*.ogx=01;35:*.aac=00;36:*.au=00;36:*.flac=00;36:*.m4a=00;36:*.mid=00;36:*.midi=00;36:*.mka=00;36:*.mp3=00;36:*.mpc=00;36:*.ogg=00;36:*.ra=00;36:*.wav=00;36:*.oga=00;36:*.opus=00;36:*.spx=00;36:*.xspf=00;36:', 'SSH_AUTH_SOCK': '/run/user/1000/keyring/ssh', 'ROS_DOMAIN_ID': '4', 'AMENT_PREFIX_PATH': '/home/nvidia/f1tenth_ws/install/vesc:/home/nvidia/f1tenth_ws/install/vesc_driver:/home/nvidia/f1tenth_ws/install/vesc_ackermann:/home/nvidia/f1tenth_ws/install/joy_teleop:/home/nvidia/f1tenth_ws/install/vesc_msgs:/home/nvidia/f1tenth_ws/install/teleop_tools_msgs:/home/nvidia/f1tenth_ws/install/ackermann_mux://home/nvidia/f1tenth_ws/install/f1tenth_stack://home/nvidia/f1tenth_ws/install/vesc://home/nvidia/f1tenth_ws/install/vesc_driver://home/nvidia/f1tenth_ws/install/vesc_ackermann://home/nvidia/f1tenth_ws/install/vesc_msgs://home/nvidia/f1tenth_ws/install/teleop_tools://home/nvidia/f1tenth_ws/install/joy_teleop://home/nvidia/f1tenth_ws/install/teleop_tools_msgs://home/nvidia/f1tenth_ws/install/phasespace://home/nvidia/f1tenth_ws/install/particle_filter://home/nvidia/f1tenth_ws/install/new_map_saver://home/nvidia/f1tenth_ws/install/mouse_teleop://home/nvidia/f1tenth_ws/install/mapping://home/nvidia/f1tenth_ws/install/key_teleop://home/nvidia/f1tenth_ws/install/ackermann_mux:/opt/ros/foxy', 'SHELL': '/bin/bash', 'TERMINATOR_UUID': 'urn:uuid:ffa84fa6-9ec7-420e-953e-e336d0726543', 'QT_ACCESSIBILITY': '1', 'GDMSESSION': 'ubuntu', 'LESSCLOSE': '/usr/bin/lesspipe %s %s', 'GPG_AGENT_INFO': '/run/user/1000/gnupg/S.gpg-agent:0:1', 'QT_IM_MODULE': 'ibus', 'PWD': '/home/nvidia/f1tenth_ws/build/f1tenth_stack', 'TURTLEBOT3_MODEL': 'waffle', 'LC_ALL': 'en_US.UTF-8', 'XDG_CONFIG_DIRS': '/etc/xdg/xdg-ubuntu:/etc/xdg', 'XDG_DATA_DIRS': '/usr/share/ubuntu:/usr/local/share/:/usr/share/:/var/lib/snapd/desktop', 'PYTHONPATH': '/home/nvidia/f1tenth_ws/build/f1tenth_stack/prefix_override:/usr/lib/python3/dist-packages/colcon_core/task/python/colcon_distutils_commands:/home/nvidia/f1tenth_ws/install/f1tenth_stack/lib/python3.8/site-packages:/home/nvidia/f1tenth_ws/install/joy_teleop/lib/python3.8/site-packages:/home/nvidia/f1tenth_ws/install/vesc_msgs/lib/python3.8/site-packages:/home/nvidia/f1tenth_ws/install/teleop_tools_msgs/lib/python3.8/site-packages://home/nvidia/f1tenth_ws/install/f1tenth_stack/lib/python3.8/site-packages://home/nvidia/f1tenth_ws/install/vesc_msgs/lib/python3.8/site-packages://home/nvidia/f1tenth_ws/install/joy_teleop/lib/python3.8/site-packages://home/nvidia/f1tenth_ws/install/teleop_tools_msgs/lib/python3.8/site-packages://home/nvidia/f1tenth_ws/install/phasespace/lib/python3.8/site-packages://home/nvidia/f1tenth_ws/install/particle_filter/lib/python3.8/site-packages://home/nvidia/f1tenth_ws/install/new_map_saver/lib/python3.8/site-packages://home/nvidia/f1tenth_ws/install/mouse_teleop/lib/python3.8/site-packages://home/nvidia/f1tenth_ws/install/mapping/lib/python3.8/site-packages://home/nvidia/f1tenth_ws/install/key_teleop/lib/python3.8/site-packages:/opt/ros/foxy/lib/python3.8/site-packages', 'COLCON': '1', 'VTE_VERSION': '6003', 'CMAKE_PREFIX_PATH': '/home/nvidia/f1tenth_ws/install/vesc:/home/nvidia/f1tenth_ws/install/vesc_driver:/home/nvidia/f1tenth_ws/install/vesc_ackermann:/home/nvidia/f1tenth_ws/install/vesc_msgs:/home/nvidia/f1tenth_ws/install/teleop_tools_msgs:/home/nvidia/f1tenth_ws/install/ackermann_mux://home/nvidia/f1tenth_ws/install/vesc://home/nvidia/f1tenth_ws/install/vesc_driver://home/nvidia/f1tenth_ws/install/vesc_ackermann://home/nvidia/f1tenth_ws/install/vesc_msgs://home/nvidia/f1tenth_ws/install/teleop_tools://home/nvidia/f1tenth_ws/install/teleop_tools_msgs://home/nvidia/f1tenth_ws/install/range_lib://home/nvidia/f1tenth_ws/install/ackermann_mux'}, 'shell': False}
[20.444408] (-) TimerEvent: {}
[20.545885] (-) TimerEvent: {}
[20.646904] (-) TimerEvent: {}
[20.748355] (-) TimerEvent: {}
[20.849502] (-) TimerEvent: {}
[20.951053] (-) TimerEvent: {}
[21.052128] (-) TimerEvent: {}
[21.153123] (-) TimerEvent: {}
[21.254263] (-) TimerEvent: {}
[21.355334] (-) TimerEvent: {}
[21.456402] (-) TimerEvent: {}
[21.557524] (-) TimerEvent: {}
[21.596965] (f1tenth_stack) StdoutLine: {'line': b'running egg_info\n'}
[21.600676] (f1tenth_stack) StdoutLine: {'line': b'writing ../../../build/f1tenth_stack/f1tenth_stack.egg-info/PKG-INFO\n'}
[21.602578] (f1tenth_stack) StdoutLine: {'line': b'writing dependency_links to ../../../build/f1tenth_stack/f1tenth_stack.egg-info/dependency_links.txt\n'}
[21.603557] (f1tenth_stack) StdoutLine: {'line': b'writing entry points to ../../../build/f1tenth_stack/f1tenth_stack.egg-info/entry_points.txt\n'}
[21.604314] (f1tenth_stack) StdoutLine: {'line': b'writing requirements to ../../../build/f1tenth_stack/f1tenth_stack.egg-info/requires.txt\n'}
[21.604948] (f1tenth_stack) StdoutLine: {'line': b'writing top-level names to ../../../build/f1tenth_stack/f1tenth_stack.egg-info/top_level.txt\n'}
[21.657811] (-) TimerEvent: {}
[21.759386] (-) TimerEvent: {}
[21.775253] (f1tenth_stack) StdoutLine: {'line': b"reading manifest file '../../../build/f1tenth_stack/f1tenth_stack.egg-info/SOURCES.txt'\n"}
[21.780309] (f1tenth_stack) StdoutLine: {'line': b"writing manifest file '../../../build/f1tenth_stack/f1tenth_stack.egg-info/SOURCES.txt'\n"}
[21.781060] (f1tenth_stack) StdoutLine: {'line': b'running build\n'}
[21.781635] (f1tenth_stack) StdoutLine: {'line': b'running build_py\n'}
[21.784065] (f1tenth_stack) StdoutLine: {'line': b'running install\n'}
[21.788429] (f1tenth_stack) StdoutLine: {'line': b'running install_lib\n'}
[21.797387] (f1tenth_stack) StdoutLine: {'line': b'running install_data\n'}
[21.799006] (f1tenth_stack) StdoutLine: {'line': b'copying config/vesc.yaml -> /home/nvidia/f1tenth_ws/install/f1tenth_stack/share/f1tenth_stack/config\n'}
[21.800831] (f1tenth_stack) StdoutLine: {'line': b'running install_egg_info\n'}
[21.809609] (f1tenth_stack) StdoutLine: {'line': b"removing '/home/nvidia/f1tenth_ws/install/f1tenth_stack/lib/python3.8/site-packages/f1tenth_stack-0.0.1-py3.8.egg-info' (and everything under it)\n"}
[21.810568] (f1tenth_stack) StderrLine: {'line': b"error removing /home/nvidia/f1tenth_ws/install/f1tenth_stack/lib/python3.8/site-packages/f1tenth_stack-0.0.1-py3.8.egg-info: [Errno 13] Permission denied: '/home/nvidia/f1tenth_ws/install/f1tenth_stack/lib/python3.8/site-packages/f1tenth_stack-0.0.1-py3.8.egg-info/requires.txt'\n"}
[21.811408] (f1tenth_stack) StderrLine: {'line': b"error removing /home/nvidia/f1tenth_ws/install/f1tenth_stack/lib/python3.8/site-packages/f1tenth_stack-0.0.1-py3.8.egg-info: [Errno 13] Permission denied: '/home/nvidia/f1tenth_ws/install/f1tenth_stack/lib/python3.8/site-packages/f1tenth_stack-0.0.1-py3.8.egg-info/SOURCES.txt'\n"}
[21.812184] (f1tenth_stack) StderrLine: {'line': b"error removing /home/nvidia/f1tenth_ws/install/f1tenth_stack/lib/python3.8/site-packages/f1tenth_stack-0.0.1-py3.8.egg-info: [Errno 13] Permission denied: '/home/nvidia/f1tenth_ws/install/f1tenth_stack/lib/python3.8/site-packages/f1tenth_stack-0.0.1-py3.8.egg-info/top_level.txt'\n"}
[21.812976] (f1tenth_stack) StderrLine: {'line': b"error removing /home/nvidia/f1tenth_ws/install/f1tenth_stack/lib/python3.8/site-packages/f1tenth_stack-0.0.1-py3.8.egg-info: [Errno 13] Permission denied: '/home/nvidia/f1tenth_ws/install/f1tenth_stack/lib/python3.8/site-packages/f1tenth_stack-0.0.1-py3.8.egg-info/zip-safe'\n"}
[21.813480] (f1tenth_stack) StderrLine: {'line': b"error removing /home/nvidia/f1tenth_ws/install/f1tenth_stack/lib/python3.8/site-packages/f1tenth_stack-0.0.1-py3.8.egg-info: [Errno 13] Permission denied: '/home/nvidia/f1tenth_ws/install/f1tenth_stack/lib/python3.8/site-packages/f1tenth_stack-0.0.1-py3.8.egg-info/dependency_links.txt'\n"}
[21.814262] (f1tenth_stack) StderrLine: {'line': b"error removing /home/nvidia/f1tenth_ws/install/f1tenth_stack/lib/python3.8/site-packages/f1tenth_stack-0.0.1-py3.8.egg-info: [Errno 13] Permission denied: '/home/nvidia/f1tenth_ws/install/f1tenth_stack/lib/python3.8/site-packages/f1tenth_stack-0.0.1-py3.8.egg-info/PKG-INFO'\n"}
[21.814770] (f1tenth_stack) StderrLine: {'line': b"error removing /home/nvidia/f1tenth_ws/install/f1tenth_stack/lib/python3.8/site-packages/f1tenth_stack-0.0.1-py3.8.egg-info: [Errno 13] Permission denied: '/home/nvidia/f1tenth_ws/install/f1tenth_stack/lib/python3.8/site-packages/f1tenth_stack-0.0.1-py3.8.egg-info/entry_points.txt'\n"}
[21.815246] (f1tenth_stack) StdoutLine: {'line': b'Copying ../../../build/f1tenth_stack/f1tenth_stack.egg-info to /home/nvidia/f1tenth_ws/install/f1tenth_stack/lib/python3.8/site-packages/f1tenth_stack-0.0.1-py3.8.egg-info\n'}
[21.815955] (f1tenth_stack) StderrLine: {'line': b"error removing /home/nvidia/f1tenth_ws/install/f1tenth_stack/lib/python3.8/site-packages/f1tenth_stack-0.0.1-py3.8.egg-info: [Errno 39] Directory not empty: '/home/nvidia/f1tenth_ws/install/f1tenth_stack/lib/python3.8/site-packages/f1tenth_stack-0.0.1-py3.8.egg-info'\n"}
[21.816586] (f1tenth_stack) StderrLine: {'line': b"error: [Errno 13] Permission denied: '/home/nvidia/f1tenth_ws/install/f1tenth_stack/lib/python3.8/site-packages/f1tenth_stack-0.0.1-py3.8.egg-info/requires.txt'\n"}
[21.859716] (-) TimerEvent: {}
[21.907740] (f1tenth_stack) CommandEnded: {'returncode': 1}
[21.910068] (f1tenth_stack) JobEnded: {'identifier': 'f1tenth_stack', 'rc': 1}
[21.923262] (-) EventReactorShutdown: {}
