[0.000000] (-) TimerEvent: {}
[0.001345] (ackermann_mux) JobQueued: {'identifier': 'ackermann_mux', 'dependencies': OrderedDict()}
[0.003621] (f1tenth_controllers) JobQueued: {'identifier': 'f1tenth_controllers', 'dependencies': OrderedDict()}
[0.003774] (key_teleop) JobQueued: {'identifier': 'key_teleop', 'dependencies': OrderedDict()}
[0.003928] (mapping) JobQueued: {'identifier': 'mapping', 'dependencies': OrderedDict()}
[0.004932] (mouse_teleop) JobQueued: {'identifier': 'mouse_teleop', 'dependencies': OrderedDict()}
[0.006012] (new_map_saver) JobQueued: {'identifier': 'new_map_saver', 'dependencies': OrderedDict()}
[0.006344] (phasespace) JobQueued: {'identifier': 'phasespace', 'dependencies': OrderedDict()}
[0.006509] (pure_pursuit) JobQueued: {'identifier': 'pure_pursuit', 'dependencies': OrderedDict()}
[0.006632] (teleop_tools_msgs) JobQueued: {'identifier': 'teleop_tools_msgs', 'dependencies': OrderedDict()}
[0.006832] (vesc_msgs) JobQueued: {'identifier': 'vesc_msgs', 'dependencies': OrderedDict()}
[0.007021] (joy_teleop) JobQueued: {'identifier': 'joy_teleop', 'dependencies': OrderedDict([('teleop_tools_msgs', '/home/nvidia/f1tenth_ws/install/teleop_tools_msgs')])}
[0.007190] (vesc_ackermann) JobQueued: {'identifier': 'vesc_ackermann', 'dependencies': OrderedDict([('vesc_msgs', '/home/nvidia/f1tenth_ws/install/vesc_msgs')])}
[0.008143] (vesc_driver) JobQueued: {'identifier': 'vesc_driver', 'dependencies': OrderedDict([('vesc_msgs', '/home/nvidia/f1tenth_ws/install/vesc_msgs')])}
[0.008641] (teleop_tools) JobQueued: {'identifier': 'teleop_tools', 'dependencies': OrderedDict([('key_teleop', '/home/nvidia/f1tenth_ws/install/key_teleop'), ('teleop_tools_msgs', '/home/nvidia/f1tenth_ws/install/teleop_tools_msgs'), ('joy_teleop', '/home/nvidia/f1tenth_ws/install/joy_teleop')])}
[0.008831] (vesc) JobQueued: {'identifier': 'vesc', 'dependencies': OrderedDict([('vesc_msgs', '/home/nvidia/f1tenth_ws/install/vesc_msgs'), ('vesc_ackermann', '/home/nvidia/f1tenth_ws/install/vesc_ackermann'), ('vesc_driver', '/home/nvidia/f1tenth_ws/install/vesc_driver')])}
[0.009029] (f1tenth_stack) JobQueued: {'identifier': 'f1tenth_stack', 'dependencies': OrderedDict([('ackermann_mux', '/home/nvidia/f1tenth_ws/install/ackermann_mux'), ('teleop_tools_msgs', '/home/nvidia/f1tenth_ws/install/teleop_tools_msgs'), ('vesc_msgs', '/home/nvidia/f1tenth_ws/install/vesc_msgs'), ('joy_teleop', '/home/nvidia/f1tenth_ws/install/joy_teleop'), ('vesc_ackermann', '/home/nvidia/f1tenth_ws/install/vesc_ackermann'), ('vesc_driver', '/home/nvidia/f1tenth_ws/install/vesc_driver'), ('vesc', '/home/nvidia/f1tenth_ws/install/vesc')])}
[0.009365] (vesc_msgs) JobStarted: {'identifier': 'vesc_msgs'}
[0.049584] (teleop_tools_msgs) JobStarted: {'identifier': 'teleop_tools_msgs'}
[0.090104] (ackermann_mux) JobStarted: {'identifier': 'ackermann_mux'}
[0.099719] (-) TimerEvent: {}
[0.135144] (key_teleop) JobStarted: {'identifier': 'key_teleop'}
[0.187965] (f1tenth_controllers) JobStarted: {'identifier': 'f1tenth_controllers'}
[0.200012] (-) TimerEvent: {}
[0.239415] (mapping) JobStarted: {'identifier': 'mapping'}
[0.301570] (-) TimerEvent: {}
[0.315193] (vesc_msgs) JobProgress: {'identifier': 'vesc_msgs', 'progress': 'cmake'}
[0.316610] (vesc_msgs) Command: {'cmd': ['/usr/bin/cmake', '/home/nvidia/f1tenth_ws/src/f1tenth_system/vesc/vesc_msgs', '-DCMAKE_INSTALL_PREFIX=/home/nvidia/f1tenth_ws/install/vesc_msgs'], 'cwd': '/home/nvidia/f1tenth_ws/build/vesc_msgs', 'env': OrderedDict([('LESSOPEN', '| /usr/bin/lesspipe %s'), ('USER', 'nvidia'), ('SSH_CLIENT', '192.168.1.108 51828 22'), ('XDG_SESSION_TYPE', 'tty'), ('SHLVL', '1'), ('LD_LIBRARY_PATH', '//home/nvidia/f1tenth_ws/install/vesc_driver/lib://home/nvidia/f1tenth_ws/install/vesc_ackermann/lib://home/nvidia/f1tenth_ws/install/vesc_msgs/lib://home/nvidia/f1tenth_ws/install/teleop_tools_msgs/lib:/usr/lib/aarch64-linux-gnu/gazebo-11/plugins:/opt/ros/foxy/opt/yaml_cpp_vendor/lib:/opt/ros/foxy/opt/rviz_ogre_vendor/lib:/opt/ros/foxy/lib/aarch64-linux-gnu:/opt/ros/foxy/lib:/usr/local/cuda-11.4/lib64:'), ('MOTD_SHOWN', 'pam'), ('HOME', '/home/nvidia'), ('OLDPWD', '/home/nvidia'), ('SSH_TTY', '/dev/pts/0'), ('ROS_PYTHON_VERSION', '3'), ('DBUS_SESSION_BUS_ADDRESS', 'unix:path=/run/user/1000/bus'), ('COLCON_PREFIX_PATH', '//home/nvidia/f1tenth_ws/install'), ('ROS_DISTRO', 'foxy'), ('LOGNAME', 'nvidia'), ('_', '/usr/bin/colcon'), ('ROS_VERSION', '2'), ('XDG_SESSION_CLASS', 'user'), ('TERM', 'xterm-256color'), ('XDG_SESSION_ID', '8'), ('GAZEBO_MODEL_PATH', ':/opt/ros/foxy/share/turtlebot3_gazebo/models'), ('ROS_LOCALHOST_ONLY', '0'), ('PATH', '/home/nvidia/.local/bin:/opt/ros/foxy/bin:/usr/local/cuda-11.4/bin:/usr/local/sbin:/usr/local/bin:/usr/sbin:/usr/bin:/sbin:/bin:/usr/games:/usr/local/games:/snap/bin'), ('XDG_RUNTIME_DIR', '/run/user/1000'), ('LANG', 'en_US.UTF-8'), ('LS_COLORS', 'rs=0:di=01;34:ln=01;36:mh=00:pi=40;33:so=01;35:do=01;35:bd=40;33;01:cd=40;33;01:or=40;31;01:mi=00:su=37;41:sg=30;43:ca=30;41:tw=30;42:ow=34;42:st=37;44:ex=01;32:*.tar=01;31:*.tgz=01;31:*.arc=01;31:*.arj=01;31:*.taz=01;31:*.lha=01;31:*.lz4=01;31:*.lzh=01;31:*.lzma=01;31:*.tlz=01;31:*.txz=01;31:*.tzo=01;31:*.t7z=01;31:*.zip=01;31:*.z=01;31:*.dz=01;31:*.gz=01;31:*.lrz=01;31:*.lz=01;31:*.lzo=01;31:*.xz=01;31:*.zst=01;31:*.tzst=01;31:*.bz2=01;31:*.bz=01;31:*.tbz=01;31:*.tbz2=01;31:*.tz=01;31:*.deb=01;31:*.rpm=01;31:*.jar=01;31:*.war=01;31:*.ear=01;31:*.sar=01;31:*.rar=01;31:*.alz=01;31:*.ace=01;31:*.zoo=01;31:*.cpio=01;31:*.7z=01;31:*.rz=01;31:*.cab=01;31:*.wim=01;31:*.swm=01;31:*.dwm=01;31:*.esd=01;31:*.jpg=01;35:*.jpeg=01;35:*.mjpg=01;35:*.mjpeg=01;35:*.gif=01;35:*.bmp=01;35:*.pbm=01;35:*.pgm=01;35:*.ppm=01;35:*.tga=01;35:*.xbm=01;35:*.xpm=01;35:*.tif=01;35:*.tiff=01;35:*.png=01;35:*.svg=01;35:*.svgz=01;35:*.mng=01;35:*.pcx=01;35:*.mov=01;35:*.mpg=01;35:*.mpeg=01;35:*.m2v=01;35:*.mkv=01;35:*.webm=01;35:*.ogm=01;35:*.mp4=01;35:*.m4v=01;35:*.mp4v=01;35:*.vob=01;35:*.qt=01;35:*.nuv=01;35:*.wmv=01;35:*.asf=01;35:*.rm=01;35:*.rmvb=01;35:*.flc=01;35:*.avi=01;35:*.fli=01;35:*.flv=01;35:*.gl=01;35:*.dl=01;35:*.xcf=01;35:*.xwd=01;35:*.yuv=01;35:*.cgm=01;35:*.emf=01;35:*.ogv=01;35:*.ogx=01;35:*.aac=00;36:*.au=00;36:*.flac=00;36:*.m4a=00;36:*.mid=00;36:*.midi=00;36:*.mka=00;36:*.mp3=00;36:*.mpc=00;36:*.ogg=00;36:*.ra=00;36:*.wav=00;36:*.oga=00;36:*.opus=00;36:*.spx=00;36:*.xspf=00;36:'), ('ROS_DOMAIN_ID', '10'), ('AMENT_PREFIX_PATH', '//home/nvidia/f1tenth_ws/install/f1tenth_stack://home/nvidia/f1tenth_ws/install/vesc://home/nvidia/f1tenth_ws/install/vesc_driver://home/nvidia/f1tenth_ws/install/vesc_ackermann://home/nvidia/f1tenth_ws/install/vesc_msgs://home/nvidia/f1tenth_ws/install/teleop_tools://home/nvidia/f1tenth_ws/install/joy_teleop://home/nvidia/f1tenth_ws/install/teleop_tools_msgs://home/nvidia/f1tenth_ws/install/pure_pursuit://home/nvidia/f1tenth_ws/install/phasespace://home/nvidia/f1tenth_ws/install/new_map_saver://home/nvidia/f1tenth_ws/install/mouse_teleop://home/nvidia/f1tenth_ws/install/mapping://home/nvidia/f1tenth_ws/install/key_teleop://home/nvidia/f1tenth_ws/install/f1tenth_controllers://home/nvidia/f1tenth_ws/install/ackermann_mux:/opt/ros/foxy'), ('SHELL', '/bin/bash'), ('LESSCLOSE', '/usr/bin/lesspipe %s %s'), ('PWD', '/home/nvidia/f1tenth_ws/build/vesc_msgs'), ('TURTLEBOT3_MODEL', 'waffle'), ('LC_ALL', 'en_US.UTF-8'), ('SSH_CONNECTION', '192.168.1.108 51828 192.168.1.202 22'), ('XDG_DATA_DIRS', '/usr/local/share:/usr/share:/var/lib/snapd/desktop'), ('PYTHONPATH', '//home/nvidia/f1tenth_ws/install/f1tenth_stack/lib/python3.8/site-packages://home/nvidia/f1tenth_ws/install/vesc_msgs/lib/python3.8/site-packages://home/nvidia/f1tenth_ws/install/joy_teleop/lib/python3.8/site-packages://home/nvidia/f1tenth_ws/install/teleop_tools_msgs/lib/python3.8/site-packages://home/nvidia/f1tenth_ws/install/phasespace/lib/python3.8/site-packages://home/nvidia/f1tenth_ws/install/new_map_saver/lib/python3.8/site-packages://home/nvidia/f1tenth_ws/install/mouse_teleop/lib/python3.8/site-packages://home/nvidia/f1tenth_ws/install/mapping/lib/python3.8/site-packages://home/nvidia/f1tenth_ws/install/key_teleop/lib/python3.8/site-packages://home/nvidia/f1tenth_ws/install/f1tenth_controllers/lib/python3.8/site-packages:/opt/ros/foxy/lib/python3.8/site-packages'), ('COLCON', '1'), ('CMAKE_PREFIX_PATH', '//home/nvidia/f1tenth_ws/install/vesc://home/nvidia/f1tenth_ws/install/vesc_driver://home/nvidia/f1tenth_ws/install/vesc_ackermann://home/nvidia/f1tenth_ws/install/vesc_msgs://home/nvidia/f1tenth_ws/install/teleop_tools://home/nvidia/f1tenth_ws/install/teleop_tools_msgs://home/nvidia/f1tenth_ws/install/pure_pursuit://home/nvidia/f1tenth_ws/install/ackermann_mux://home/nvidia/f1tenth_ws/install/f1tenth_stack://home/nvidia/f1tenth_ws/install/joy_teleop://home/nvidia/f1tenth_ws/install/phasespace://home/nvidia/f1tenth_ws/install/new_map_saver://home/nvidia/f1tenth_ws/install/mouse_teleop://home/nvidia/f1tenth_ws/install/mapping://home/nvidia/f1tenth_ws/install/key_teleop://home/nvidia/f1tenth_ws/install/f1tenth_controllers:/opt/ros/foxy')]), 'shell': False}
[0.348844] (teleop_tools_msgs) JobProgress: {'identifier': 'teleop_tools_msgs', 'progress': 'cmake'}
[0.358954] (teleop_tools_msgs) Command: {'cmd': ['/usr/bin/cmake', '/home/nvidia/f1tenth_ws/src/f1tenth_system/teleop_tools/teleop_tools_msgs', '-DCMAKE_INSTALL_PREFIX=/home/nvidia/f1tenth_ws/install/teleop_tools_msgs'], 'cwd': '/home/nvidia/f1tenth_ws/build/teleop_tools_msgs', 'env': OrderedDict([('LESSOPEN', '| /usr/bin/lesspipe %s'), ('USER', 'nvidia'), ('SSH_CLIENT', '192.168.1.108 51828 22'), ('XDG_SESSION_TYPE', 'tty'), ('SHLVL', '1'), ('LD_LIBRARY_PATH', '//home/nvidia/f1tenth_ws/install/vesc_driver/lib://home/nvidia/f1tenth_ws/install/vesc_ackermann/lib://home/nvidia/f1tenth_ws/install/vesc_msgs/lib://home/nvidia/f1tenth_ws/install/teleop_tools_msgs/lib:/usr/lib/aarch64-linux-gnu/gazebo-11/plugins:/opt/ros/foxy/opt/yaml_cpp_vendor/lib:/opt/ros/foxy/opt/rviz_ogre_vendor/lib:/opt/ros/foxy/lib/aarch64-linux-gnu:/opt/ros/foxy/lib:/usr/local/cuda-11.4/lib64:'), ('MOTD_SHOWN', 'pam'), ('HOME', '/home/nvidia'), ('OLDPWD', '/home/nvidia'), ('SSH_TTY', '/dev/pts/0'), ('ROS_PYTHON_VERSION', '3'), ('DBUS_SESSION_BUS_ADDRESS', 'unix:path=/run/user/1000/bus'), ('COLCON_PREFIX_PATH', '//home/nvidia/f1tenth_ws/install'), ('ROS_DISTRO', 'foxy'), ('LOGNAME', 'nvidia'), ('_', '/usr/bin/colcon'), ('ROS_VERSION', '2'), ('XDG_SESSION_CLASS', 'user'), ('TERM', 'xterm-256color'), ('XDG_SESSION_ID', '8'), ('GAZEBO_MODEL_PATH', ':/opt/ros/foxy/share/turtlebot3_gazebo/models'), ('ROS_LOCALHOST_ONLY', '0'), ('PATH', '/home/nvidia/.local/bin:/opt/ros/foxy/bin:/usr/local/cuda-11.4/bin:/usr/local/sbin:/usr/local/bin:/usr/sbin:/usr/bin:/sbin:/bin:/usr/games:/usr/local/games:/snap/bin'), ('XDG_RUNTIME_DIR', '/run/user/1000'), ('LANG', 'en_US.UTF-8'), ('LS_COLORS', 'rs=0:di=01;34:ln=01;36:mh=00:pi=40;33:so=01;35:do=01;35:bd=40;33;01:cd=40;33;01:or=40;31;01:mi=00:su=37;41:sg=30;43:ca=30;41:tw=30;42:ow=34;42:st=37;44:ex=01;32:*.tar=01;31:*.tgz=01;31:*.arc=01;31:*.arj=01;31:*.taz=01;31:*.lha=01;31:*.lz4=01;31:*.lzh=01;31:*.lzma=01;31:*.tlz=01;31:*.txz=01;31:*.tzo=01;31:*.t7z=01;31:*.zip=01;31:*.z=01;31:*.dz=01;31:*.gz=01;31:*.lrz=01;31:*.lz=01;31:*.lzo=01;31:*.xz=01;31:*.zst=01;31:*.tzst=01;31:*.bz2=01;31:*.bz=01;31:*.tbz=01;31:*.tbz2=01;31:*.tz=01;31:*.deb=01;31:*.rpm=01;31:*.jar=01;31:*.war=01;31:*.ear=01;31:*.sar=01;31:*.rar=01;31:*.alz=01;31:*.ace=01;31:*.zoo=01;31:*.cpio=01;31:*.7z=01;31:*.rz=01;31:*.cab=01;31:*.wim=01;31:*.swm=01;31:*.dwm=01;31:*.esd=01;31:*.jpg=01;35:*.jpeg=01;35:*.mjpg=01;35:*.mjpeg=01;35:*.gif=01;35:*.bmp=01;35:*.pbm=01;35:*.pgm=01;35:*.ppm=01;35:*.tga=01;35:*.xbm=01;35:*.xpm=01;35:*.tif=01;35:*.tiff=01;35:*.png=01;35:*.svg=01;35:*.svgz=01;35:*.mng=01;35:*.pcx=01;35:*.mov=01;35:*.mpg=01;35:*.mpeg=01;35:*.m2v=01;35:*.mkv=01;35:*.webm=01;35:*.ogm=01;35:*.mp4=01;35:*.m4v=01;35:*.mp4v=01;35:*.vob=01;35:*.qt=01;35:*.nuv=01;35:*.wmv=01;35:*.asf=01;35:*.rm=01;35:*.rmvb=01;35:*.flc=01;35:*.avi=01;35:*.fli=01;35:*.flv=01;35:*.gl=01;35:*.dl=01;35:*.xcf=01;35:*.xwd=01;35:*.yuv=01;35:*.cgm=01;35:*.emf=01;35:*.ogv=01;35:*.ogx=01;35:*.aac=00;36:*.au=00;36:*.flac=00;36:*.m4a=00;36:*.mid=00;36:*.midi=00;36:*.mka=00;36:*.mp3=00;36:*.mpc=00;36:*.ogg=00;36:*.ra=00;36:*.wav=00;36:*.oga=00;36:*.opus=00;36:*.spx=00;36:*.xspf=00;36:'), ('ROS_DOMAIN_ID', '10'), ('AMENT_PREFIX_PATH', '//home/nvidia/f1tenth_ws/install/f1tenth_stack://home/nvidia/f1tenth_ws/install/vesc://home/nvidia/f1tenth_ws/install/vesc_driver://home/nvidia/f1tenth_ws/install/vesc_ackermann://home/nvidia/f1tenth_ws/install/vesc_msgs://home/nvidia/f1tenth_ws/install/teleop_tools://home/nvidia/f1tenth_ws/install/joy_teleop://home/nvidia/f1tenth_ws/install/teleop_tools_msgs://home/nvidia/f1tenth_ws/install/pure_pursuit://home/nvidia/f1tenth_ws/install/phasespace://home/nvidia/f1tenth_ws/install/new_map_saver://home/nvidia/f1tenth_ws/install/mouse_teleop://home/nvidia/f1tenth_ws/install/mapping://home/nvidia/f1tenth_ws/install/key_teleop://home/nvidia/f1tenth_ws/install/f1tenth_controllers://home/nvidia/f1tenth_ws/install/ackermann_mux:/opt/ros/foxy'), ('SHELL', '/bin/bash'), ('LESSCLOSE', '/usr/bin/lesspipe %s %s'), ('PWD', '/home/nvidia/f1tenth_ws/build/teleop_tools_msgs'), ('TURTLEBOT3_MODEL', 'waffle'), ('LC_ALL', 'en_US.UTF-8'), ('SSH_CONNECTION', '192.168.1.108 51828 192.168.1.202 22'), ('XDG_DATA_DIRS', '/usr/local/share:/usr/share:/var/lib/snapd/desktop'), ('PYTHONPATH', '//home/nvidia/f1tenth_ws/install/f1tenth_stack/lib/python3.8/site-packages://home/nvidia/f1tenth_ws/install/vesc_msgs/lib/python3.8/site-packages://home/nvidia/f1tenth_ws/install/joy_teleop/lib/python3.8/site-packages://home/nvidia/f1tenth_ws/install/teleop_tools_msgs/lib/python3.8/site-packages://home/nvidia/f1tenth_ws/install/phasespace/lib/python3.8/site-packages://home/nvidia/f1tenth_ws/install/new_map_saver/lib/python3.8/site-packages://home/nvidia/f1tenth_ws/install/mouse_teleop/lib/python3.8/site-packages://home/nvidia/f1tenth_ws/install/mapping/lib/python3.8/site-packages://home/nvidia/f1tenth_ws/install/key_teleop/lib/python3.8/site-packages://home/nvidia/f1tenth_ws/install/f1tenth_controllers/lib/python3.8/site-packages:/opt/ros/foxy/lib/python3.8/site-packages'), ('COLCON', '1'), ('CMAKE_PREFIX_PATH', '//home/nvidia/f1tenth_ws/install/vesc://home/nvidia/f1tenth_ws/install/vesc_driver://home/nvidia/f1tenth_ws/install/vesc_ackermann://home/nvidia/f1tenth_ws/install/vesc_msgs://home/nvidia/f1tenth_ws/install/teleop_tools://home/nvidia/f1tenth_ws/install/teleop_tools_msgs://home/nvidia/f1tenth_ws/install/pure_pursuit://home/nvidia/f1tenth_ws/install/ackermann_mux://home/nvidia/f1tenth_ws/install/f1tenth_stack://home/nvidia/f1tenth_ws/install/joy_teleop://home/nvidia/f1tenth_ws/install/phasespace://home/nvidia/f1tenth_ws/install/new_map_saver://home/nvidia/f1tenth_ws/install/mouse_teleop://home/nvidia/f1tenth_ws/install/mapping://home/nvidia/f1tenth_ws/install/key_teleop://home/nvidia/f1tenth_ws/install/f1tenth_controllers:/opt/ros/foxy')]), 'shell': False}
[0.377985] (ackermann_mux) JobProgress: {'identifier': 'ackermann_mux', 'progress': 'cmake'}
[0.388994] (ackermann_mux) Command: {'cmd': ['/usr/bin/cmake', '/home/nvidia/f1tenth_ws/src/f1tenth_system/ackermann_mux', '-DCMAKE_INSTALL_PREFIX=/home/nvidia/f1tenth_ws/install/ackermann_mux'], 'cwd': '/home/nvidia/f1tenth_ws/build/ackermann_mux', 'env': OrderedDict([('LESSOPEN', '| /usr/bin/lesspipe %s'), ('USER', 'nvidia'), ('SSH_CLIENT', '192.168.1.108 51828 22'), ('XDG_SESSION_TYPE', 'tty'), ('SHLVL', '1'), ('LD_LIBRARY_PATH', '//home/nvidia/f1tenth_ws/install/vesc_driver/lib://home/nvidia/f1tenth_ws/install/vesc_ackermann/lib://home/nvidia/f1tenth_ws/install/vesc_msgs/lib://home/nvidia/f1tenth_ws/install/teleop_tools_msgs/lib:/usr/lib/aarch64-linux-gnu/gazebo-11/plugins:/opt/ros/foxy/opt/yaml_cpp_vendor/lib:/opt/ros/foxy/opt/rviz_ogre_vendor/lib:/opt/ros/foxy/lib/aarch64-linux-gnu:/opt/ros/foxy/lib:/usr/local/cuda-11.4/lib64:'), ('MOTD_SHOWN', 'pam'), ('HOME', '/home/nvidia'), ('OLDPWD', '/home/nvidia'), ('SSH_TTY', '/dev/pts/0'), ('ROS_PYTHON_VERSION', '3'), ('DBUS_SESSION_BUS_ADDRESS', 'unix:path=/run/user/1000/bus'), ('COLCON_PREFIX_PATH', '//home/nvidia/f1tenth_ws/install'), ('ROS_DISTRO', 'foxy'), ('LOGNAME', 'nvidia'), ('_', '/usr/bin/colcon'), ('ROS_VERSION', '2'), ('XDG_SESSION_CLASS', 'user'), ('TERM', 'xterm-256color'), ('XDG_SESSION_ID', '8'), ('GAZEBO_MODEL_PATH', ':/opt/ros/foxy/share/turtlebot3_gazebo/models'), ('ROS_LOCALHOST_ONLY', '0'), ('PATH', '/home/nvidia/.local/bin:/opt/ros/foxy/bin:/usr/local/cuda-11.4/bin:/usr/local/sbin:/usr/local/bin:/usr/sbin:/usr/bin:/sbin:/bin:/usr/games:/usr/local/games:/snap/bin'), ('XDG_RUNTIME_DIR', '/run/user/1000'), ('LANG', 'en_US.UTF-8'), ('LS_COLORS', 'rs=0:di=01;34:ln=01;36:mh=00:pi=40;33:so=01;35:do=01;35:bd=40;33;01:cd=40;33;01:or=40;31;01:mi=00:su=37;41:sg=30;43:ca=30;41:tw=30;42:ow=34;42:st=37;44:ex=01;32:*.tar=01;31:*.tgz=01;31:*.arc=01;31:*.arj=01;31:*.taz=01;31:*.lha=01;31:*.lz4=01;31:*.lzh=01;31:*.lzma=01;31:*.tlz=01;31:*.txz=01;31:*.tzo=01;31:*.t7z=01;31:*.zip=01;31:*.z=01;31:*.dz=01;31:*.gz=01;31:*.lrz=01;31:*.lz=01;31:*.lzo=01;31:*.xz=01;31:*.zst=01;31:*.tzst=01;31:*.bz2=01;31:*.bz=01;31:*.tbz=01;31:*.tbz2=01;31:*.tz=01;31:*.deb=01;31:*.rpm=01;31:*.jar=01;31:*.war=01;31:*.ear=01;31:*.sar=01;31:*.rar=01;31:*.alz=01;31:*.ace=01;31:*.zoo=01;31:*.cpio=01;31:*.7z=01;31:*.rz=01;31:*.cab=01;31:*.wim=01;31:*.swm=01;31:*.dwm=01;31:*.esd=01;31:*.jpg=01;35:*.jpeg=01;35:*.mjpg=01;35:*.mjpeg=01;35:*.gif=01;35:*.bmp=01;35:*.pbm=01;35:*.pgm=01;35:*.ppm=01;35:*.tga=01;35:*.xbm=01;35:*.xpm=01;35:*.tif=01;35:*.tiff=01;35:*.png=01;35:*.svg=01;35:*.svgz=01;35:*.mng=01;35:*.pcx=01;35:*.mov=01;35:*.mpg=01;35:*.mpeg=01;35:*.m2v=01;35:*.mkv=01;35:*.webm=01;35:*.ogm=01;35:*.mp4=01;35:*.m4v=01;35:*.mp4v=01;35:*.vob=01;35:*.qt=01;35:*.nuv=01;35:*.wmv=01;35:*.asf=01;35:*.rm=01;35:*.rmvb=01;35:*.flc=01;35:*.avi=01;35:*.fli=01;35:*.flv=01;35:*.gl=01;35:*.dl=01;35:*.xcf=01;35:*.xwd=01;35:*.yuv=01;35:*.cgm=01;35:*.emf=01;35:*.ogv=01;35:*.ogx=01;35:*.aac=00;36:*.au=00;36:*.flac=00;36:*.m4a=00;36:*.mid=00;36:*.midi=00;36:*.mka=00;36:*.mp3=00;36:*.mpc=00;36:*.ogg=00;36:*.ra=00;36:*.wav=00;36:*.oga=00;36:*.opus=00;36:*.spx=00;36:*.xspf=00;36:'), ('ROS_DOMAIN_ID', '10'), ('AMENT_PREFIX_PATH', '//home/nvidia/f1tenth_ws/install/f1tenth_stack://home/nvidia/f1tenth_ws/install/vesc://home/nvidia/f1tenth_ws/install/vesc_driver://home/nvidia/f1tenth_ws/install/vesc_ackermann://home/nvidia/f1tenth_ws/install/vesc_msgs://home/nvidia/f1tenth_ws/install/teleop_tools://home/nvidia/f1tenth_ws/install/joy_teleop://home/nvidia/f1tenth_ws/install/teleop_tools_msgs://home/nvidia/f1tenth_ws/install/pure_pursuit://home/nvidia/f1tenth_ws/install/phasespace://home/nvidia/f1tenth_ws/install/new_map_saver://home/nvidia/f1tenth_ws/install/mouse_teleop://home/nvidia/f1tenth_ws/install/mapping://home/nvidia/f1tenth_ws/install/key_teleop://home/nvidia/f1tenth_ws/install/f1tenth_controllers://home/nvidia/f1tenth_ws/install/ackermann_mux:/opt/ros/foxy'), ('SHELL', '/bin/bash'), ('LESSCLOSE', '/usr/bin/lesspipe %s %s'), ('PWD', '/home/nvidia/f1tenth_ws/build/ackermann_mux'), ('TURTLEBOT3_MODEL', 'waffle'), ('LC_ALL', 'en_US.UTF-8'), ('SSH_CONNECTION', '192.168.1.108 51828 192.168.1.202 22'), ('XDG_DATA_DIRS', '/usr/local/share:/usr/share:/var/lib/snapd/desktop'), ('PYTHONPATH', '//home/nvidia/f1tenth_ws/install/f1tenth_stack/lib/python3.8/site-packages://home/nvidia/f1tenth_ws/install/vesc_msgs/lib/python3.8/site-packages://home/nvidia/f1tenth_ws/install/joy_teleop/lib/python3.8/site-packages://home/nvidia/f1tenth_ws/install/teleop_tools_msgs/lib/python3.8/site-packages://home/nvidia/f1tenth_ws/install/phasespace/lib/python3.8/site-packages://home/nvidia/f1tenth_ws/install/new_map_saver/lib/python3.8/site-packages://home/nvidia/f1tenth_ws/install/mouse_teleop/lib/python3.8/site-packages://home/nvidia/f1tenth_ws/install/mapping/lib/python3.8/site-packages://home/nvidia/f1tenth_ws/install/key_teleop/lib/python3.8/site-packages://home/nvidia/f1tenth_ws/install/f1tenth_controllers/lib/python3.8/site-packages:/opt/ros/foxy/lib/python3.8/site-packages'), ('COLCON', '1'), ('CMAKE_PREFIX_PATH', '//home/nvidia/f1tenth_ws/install/vesc://home/nvidia/f1tenth_ws/install/vesc_driver://home/nvidia/f1tenth_ws/install/vesc_ackermann://home/nvidia/f1tenth_ws/install/vesc_msgs://home/nvidia/f1tenth_ws/install/teleop_tools://home/nvidia/f1tenth_ws/install/teleop_tools_msgs://home/nvidia/f1tenth_ws/install/pure_pursuit://home/nvidia/f1tenth_ws/install/ackermann_mux://home/nvidia/f1tenth_ws/install/f1tenth_stack://home/nvidia/f1tenth_ws/install/joy_teleop://home/nvidia/f1tenth_ws/install/phasespace://home/nvidia/f1tenth_ws/install/new_map_saver://home/nvidia/f1tenth_ws/install/mouse_teleop://home/nvidia/f1tenth_ws/install/mapping://home/nvidia/f1tenth_ws/install/key_teleop://home/nvidia/f1tenth_ws/install/f1tenth_controllers:/opt/ros/foxy')]), 'shell': False}
[0.404764] (-) TimerEvent: {}
[0.517591] (-) TimerEvent: {}
[0.619685] (-) TimerEvent: {}
[0.720729] (-) TimerEvent: {}
[0.821874] (-) TimerEvent: {}
[0.923086] (-) TimerEvent: {}
[1.024169] (-) TimerEvent: {}
[1.126093] (-) TimerEvent: {}
[1.228295] (-) TimerEvent: {}
[1.329711] (-) TimerEvent: {}
[1.430825] (-) TimerEvent: {}
[1.531823] (-) TimerEvent: {}
[1.633139] (-) TimerEvent: {}
[1.734468] (-) TimerEvent: {}
[1.840346] (-) TimerEvent: {}
[1.942501] (-) TimerEvent: {}
[2.045564] (-) TimerEvent: {}
[2.146772] (-) TimerEvent: {}
[2.247950] (-) TimerEvent: {}
[2.349046] (-) TimerEvent: {}
[2.450297] (-) TimerEvent: {}
[2.551328] (-) TimerEvent: {}
[2.652402] (-) TimerEvent: {}
[2.753675] (-) TimerEvent: {}
[2.854797] (-) TimerEvent: {}
[2.955902] (-) TimerEvent: {}
[3.057025] (-) TimerEvent: {}
[3.159435] (-) TimerEvent: {}
[3.260913] (-) TimerEvent: {}
[3.364431] (-) TimerEvent: {}
[3.469855] (-) TimerEvent: {}
[3.572576] (-) TimerEvent: {}
[3.674147] (-) TimerEvent: {}
[3.775358] (-) TimerEvent: {}
[3.876622] (-) TimerEvent: {}
[3.978113] (-) TimerEvent: {}
[4.079201] (-) TimerEvent: {}
[4.180349] (-) TimerEvent: {}
[4.281444] (-) TimerEvent: {}
[4.382546] (-) TimerEvent: {}
[4.483705] (-) TimerEvent: {}
[4.586491] (-) TimerEvent: {}
[4.688518] (-) TimerEvent: {}
[4.790114] (-) TimerEvent: {}
[4.891195] (-) TimerEvent: {}
[4.992594] (-) TimerEvent: {}
[5.036612] (vesc_msgs) StdoutLine: {'line': b'-- The C compiler identification is GNU 9.4.0\n'}
[5.039024] (vesc_msgs) StdoutLine: {'line': b'-- The CXX compiler identification is GNU 9.4.0\n'}
[5.039611] (vesc_msgs) StdoutLine: {'line': b'-- Check for working C compiler: /usr/bin/cc\n'}
[5.040060] (vesc_msgs) StdoutLine: {'line': b'-- Check for working C compiler: /usr/bin/cc -- works\n'}
[5.040492] (vesc_msgs) StdoutLine: {'line': b'-- Detecting C compiler ABI info\n'}
[5.040890] (vesc_msgs) StdoutLine: {'line': b'-- Detecting C compiler ABI info - done\n'}
[5.041297] (vesc_msgs) StdoutLine: {'line': b'-- Detecting C compile features\n'}
[5.043711] (vesc_msgs) StdoutLine: {'line': b'-- Detecting C compile features - done\n'}
[5.044278] (vesc_msgs) StdoutLine: {'line': b'-- Check for working CXX compiler: /usr/bin/c++\n'}
[5.044700] (vesc_msgs) StdoutLine: {'line': b'-- Check for working CXX compiler: /usr/bin/c++ -- works\n'}
[5.045323] (vesc_msgs) StdoutLine: {'line': b'-- Detecting CXX compiler ABI info\n'}
[5.045825] (vesc_msgs) StdoutLine: {'line': b'-- Detecting CXX compiler ABI info - done\n'}
[5.046261] (vesc_msgs) StdoutLine: {'line': b'-- Detecting CXX compile features\n'}
[5.046675] (vesc_msgs) StdoutLine: {'line': b'-- Detecting CXX compile features - done\n'}
[5.047055] (vesc_msgs) StdoutLine: {'line': b'-- Found ament_cmake_auto: 0.9.12 (/opt/ros/foxy/share/ament_cmake_auto/cmake)\n'}
[5.047731] (vesc_msgs) StdoutLine: {'line': b'-- Found PythonInterp: /usr/bin/python3 (found suitable version "3.8.10", minimum required is "3") \n'}
[5.048216] (vesc_msgs) StdoutLine: {'line': b'-- Using PYTHON_EXECUTABLE: /usr/bin/python3\n'}
[5.052559] (teleop_tools_msgs) StdoutLine: {'line': b'-- The C compiler identification is GNU 9.4.0\n'}
[5.059027] (teleop_tools_msgs) StdoutLine: {'line': b'-- The CXX compiler identification is GNU 9.4.0\n'}
[5.061155] (teleop_tools_msgs) StdoutLine: {'line': b'-- Check for working C compiler: /usr/bin/cc\n'}
[5.062666] (teleop_tools_msgs) StdoutLine: {'line': b'-- Check for working C compiler: /usr/bin/cc -- works\n'}
[5.063111] (teleop_tools_msgs) StdoutLine: {'line': b'-- Detecting C compiler ABI info\n'}
[5.066261] (teleop_tools_msgs) StdoutLine: {'line': b'-- Detecting C compiler ABI info - done\n'}
[5.066756] (teleop_tools_msgs) StdoutLine: {'line': b'-- Detecting C compile features\n'}
[5.067187] (teleop_tools_msgs) StdoutLine: {'line': b'-- Detecting C compile features - done\n'}
[5.067584] (teleop_tools_msgs) StdoutLine: {'line': b'-- Check for working CXX compiler: /usr/bin/c++\n'}
[5.067988] (teleop_tools_msgs) StdoutLine: {'line': b'-- Check for working CXX compiler: /usr/bin/c++ -- works\n'}
[5.068680] (teleop_tools_msgs) StdoutLine: {'line': b'-- Detecting CXX compiler ABI info\n'}
[5.069316] (teleop_tools_msgs) StdoutLine: {'line': b'-- Detecting CXX compiler ABI info - done\n'}
[5.069868] (teleop_tools_msgs) StdoutLine: {'line': b'-- Detecting CXX compile features\n'}
[5.073582] (teleop_tools_msgs) StdoutLine: {'line': b'-- Detecting CXX compile features - done\n'}
[5.078248] (teleop_tools_msgs) StdoutLine: {'line': b'-- Found ament_cmake: 0.9.12 (/opt/ros/foxy/share/ament_cmake/cmake)\n'}
[5.078993] (teleop_tools_msgs) StdoutLine: {'line': b'-- Found PythonInterp: /usr/bin/python3 (found suitable version "3.8.10", minimum required is "3") \n'}
[5.079494] (teleop_tools_msgs) StdoutLine: {'line': b'-- Using PYTHON_EXECUTABLE: /usr/bin/python3\n'}
[5.079935] (ackermann_mux) StdoutLine: {'line': b'-- The C compiler identification is GNU 9.4.0\n'}
[5.080577] (ackermann_mux) StdoutLine: {'line': b'-- The CXX compiler identification is GNU 9.4.0\n'}
[5.080981] (ackermann_mux) StdoutLine: {'line': b'-- Check for working C compiler: /usr/bin/cc\n'}
[5.081390] (ackermann_mux) StdoutLine: {'line': b'-- Check for working C compiler: /usr/bin/cc -- works\n'}
[5.081856] (ackermann_mux) StdoutLine: {'line': b'-- Detecting C compiler ABI info\n'}
[5.083029] (ackermann_mux) StdoutLine: {'line': b'-- Detecting C compiler ABI info - done\n'}
[5.084262] (ackermann_mux) StdoutLine: {'line': b'-- Detecting C compile features\n'}
[5.085604] (ackermann_mux) StdoutLine: {'line': b'-- Detecting C compile features - done\n'}
[5.089062] (ackermann_mux) StdoutLine: {'line': b'-- Check for working CXX compiler: /usr/bin/c++\n'}
[5.093235] (-) TimerEvent: {}
[5.094837] (ackermann_mux) StdoutLine: {'line': b'-- Check for working CXX compiler: /usr/bin/c++ -- works\n'}
[5.095556] (ackermann_mux) StdoutLine: {'line': b'-- Detecting CXX compiler ABI info\n'}
[5.096698] (ackermann_mux) StdoutLine: {'line': b'-- Detecting CXX compiler ABI info - done\n'}
[5.102637] (ackermann_mux) StdoutLine: {'line': b'-- Detecting CXX compile features\n'}
[5.103513] (ackermann_mux) StdoutLine: {'line': b'-- Detecting CXX compile features - done\n'}
[5.104875] (ackermann_mux) StdoutLine: {'line': b'-- Found ament_cmake: 0.9.12 (/opt/ros/foxy/share/ament_cmake/cmake)\n'}
[5.106350] (ackermann_mux) StdoutLine: {'line': b'-- Found PythonInterp: /usr/bin/python3 (found suitable version "3.8.10", minimum required is "3") \n'}
[5.108801] (ackermann_mux) StdoutLine: {'line': b'-- Using PYTHON_EXECUTABLE: /usr/bin/python3\n'}
[5.196098] (-) TimerEvent: {}
[5.299187] (-) TimerEvent: {}
[5.401544] (-) TimerEvent: {}
[5.502633] (-) TimerEvent: {}
[5.603995] (-) TimerEvent: {}
[5.704954] (-) TimerEvent: {}
[5.807488] (-) TimerEvent: {}
[5.908923] (-) TimerEvent: {}
[6.010110] (-) TimerEvent: {}
[6.111070] (-) TimerEvent: {}
[6.130945] (teleop_tools_msgs) StdoutLine: {'line': b'-- Found rosidl_default_generators: 1.0.1 (/opt/ros/foxy/share/rosidl_default_generators/cmake)\n'}
[6.135736] (ackermann_mux) StdoutLine: {'line': b'-- Found rclcpp: 2.4.3 (/opt/ros/foxy/share/rclcpp/cmake)\n'}
[6.196741] (teleop_tools_msgs) StdoutLine: {'line': b'-- Using all available rosidl_typesupport_c: rosidl_typesupport_fastrtps_c;rosidl_typesupport_introspection_c\n'}
[6.211357] (-) TimerEvent: {}
[6.312398] (-) TimerEvent: {}
[6.334383] (teleop_tools_msgs) StdoutLine: {'line': b'-- Found rosidl_adapter: 1.3.1 (/opt/ros/foxy/share/rosidl_adapter/cmake)\n'}
[6.414087] (-) TimerEvent: {}
[6.515171] (-) TimerEvent: {}
[6.607703] (vesc_msgs) StdoutLine: {'line': b'-- Using all available rosidl_typesupport_c: rosidl_typesupport_fastrtps_c;rosidl_typesupport_introspection_c\n'}
[6.615398] (-) TimerEvent: {}
[6.715161] (vesc_msgs) StdoutLine: {'line': b'-- Found rosidl_adapter: 1.3.1 (/opt/ros/foxy/share/rosidl_adapter/cmake)\n'}
[6.716013] (-) TimerEvent: {}
[6.790166] (ackermann_mux) StdoutLine: {'line': b'-- Using all available rosidl_typesupport_c: rosidl_typesupport_fastrtps_c;rosidl_typesupport_introspection_c\n'}
[6.816283] (-) TimerEvent: {}
[6.844514] (ackermann_mux) StdoutLine: {'line': b'-- Found rosidl_adapter: 1.3.1 (/opt/ros/foxy/share/rosidl_adapter/cmake)\n'}
[6.916521] (-) TimerEvent: {}
[7.017568] (-) TimerEvent: {}
[7.119790] (-) TimerEvent: {}
[7.220831] (-) TimerEvent: {}
[7.321866] (-) TimerEvent: {}
[7.422907] (-) TimerEvent: {}
[7.501289] (teleop_tools_msgs) StdoutLine: {'line': b'-- Found OpenSSL: /usr/lib/aarch64-linux-gnu/libcrypto.so (found version "1.1.1f")  \n'}
[7.523143] (-) TimerEvent: {}
[7.575608] (ackermann_mux) StdoutLine: {'line': b'-- Found OpenSSL: /usr/lib/aarch64-linux-gnu/libcrypto.so (found version "1.1.1f")  \n'}
[7.623399] (-) TimerEvent: {}
[7.724469] (-) TimerEvent: {}
[7.807450] (teleop_tools_msgs) StdoutLine: {'line': b'-- Found FastRTPS: /opt/ros/foxy/include  \n'}
[7.824688] (-) TimerEvent: {}
[7.856852] (vesc_msgs) StdoutLine: {'line': b'-- Found OpenSSL: /usr/lib/aarch64-linux-gnu/libcrypto.so (found version "1.1.1f")  \n'}
[7.911280] (ackermann_mux) StdoutLine: {'line': b'-- Found FastRTPS: /opt/ros/foxy/include  \n'}
[7.925209] (-) TimerEvent: {}
[8.026323] (-) TimerEvent: {}
[8.096820] (vesc_msgs) StdoutLine: {'line': b'-- Found FastRTPS: /opt/ros/foxy/include  \n'}
[8.126554] (-) TimerEvent: {}
[8.227570] (-) TimerEvent: {}
[8.328732] (-) TimerEvent: {}
[8.429870] (-) TimerEvent: {}
[8.458698] (mapping) Command: {'cmd': ['/usr/bin/python3', '-W', 'ignore:setup.py install is deprecated', 'setup.py', 'egg_info', '--egg-base', '../../build/mapping', 'build', '--build-base', '/home/nvidia/f1tenth_ws/build/mapping/build', 'install', '--record', '/home/nvidia/f1tenth_ws/build/mapping/install.log', '--install-scripts', '$base/lib/mapping', '--single-version-externally-managed', 'install_data'], 'cwd': '/home/nvidia/f1tenth_ws/src/mapping', 'env': {'LESSOPEN': '| /usr/bin/lesspipe %s', 'USER': 'nvidia', 'SSH_CLIENT': '192.168.1.108 51828 22', 'XDG_SESSION_TYPE': 'tty', 'SHLVL': '1', 'LD_LIBRARY_PATH': '//home/nvidia/f1tenth_ws/install/vesc_driver/lib://home/nvidia/f1tenth_ws/install/vesc_ackermann/lib://home/nvidia/f1tenth_ws/install/vesc_msgs/lib://home/nvidia/f1tenth_ws/install/teleop_tools_msgs/lib:/usr/lib/aarch64-linux-gnu/gazebo-11/plugins:/opt/ros/foxy/opt/yaml_cpp_vendor/lib:/opt/ros/foxy/opt/rviz_ogre_vendor/lib:/opt/ros/foxy/lib/aarch64-linux-gnu:/opt/ros/foxy/lib:/usr/local/cuda-11.4/lib64:', 'MOTD_SHOWN': 'pam', 'HOME': '/home/nvidia', 'OLDPWD': '/home/nvidia', 'SSH_TTY': '/dev/pts/0', 'ROS_PYTHON_VERSION': '3', 'DBUS_SESSION_BUS_ADDRESS': 'unix:path=/run/user/1000/bus', 'COLCON_PREFIX_PATH': '//home/nvidia/f1tenth_ws/install', 'ROS_DISTRO': 'foxy', 'LOGNAME': 'nvidia', '_': '/usr/bin/colcon', 'ROS_VERSION': '2', 'XDG_SESSION_CLASS': 'user', 'TERM': 'xterm-256color', 'XDG_SESSION_ID': '8', 'GAZEBO_MODEL_PATH': ':/opt/ros/foxy/share/turtlebot3_gazebo/models', 'ROS_LOCALHOST_ONLY': '0', 'PATH': '/home/nvidia/.local/bin:/opt/ros/foxy/bin:/usr/local/cuda-11.4/bin:/usr/local/sbin:/usr/local/bin:/usr/sbin:/usr/bin:/sbin:/bin:/usr/games:/usr/local/games:/snap/bin', 'XDG_RUNTIME_DIR': '/run/user/1000', 'LANG': 'en_US.UTF-8', 'LS_COLORS': 'rs=0:di=01;34:ln=01;36:mh=00:pi=40;33:so=01;35:do=01;35:bd=40;33;01:cd=40;33;01:or=40;31;01:mi=00:su=37;41:sg=30;43:ca=30;41:tw=30;42:ow=34;42:st=37;44:ex=01;32:*.tar=01;31:*.tgz=01;31:*.arc=01;31:*.arj=01;31:*.taz=01;31:*.lha=01;31:*.lz4=01;31:*.lzh=01;31:*.lzma=01;31:*.tlz=01;31:*.txz=01;31:*.tzo=01;31:*.t7z=01;31:*.zip=01;31:*.z=01;31:*.dz=01;31:*.gz=01;31:*.lrz=01;31:*.lz=01;31:*.lzo=01;31:*.xz=01;31:*.zst=01;31:*.tzst=01;31:*.bz2=01;31:*.bz=01;31:*.tbz=01;31:*.tbz2=01;31:*.tz=01;31:*.deb=01;31:*.rpm=01;31:*.jar=01;31:*.war=01;31:*.ear=01;31:*.sar=01;31:*.rar=01;31:*.alz=01;31:*.ace=01;31:*.zoo=01;31:*.cpio=01;31:*.7z=01;31:*.rz=01;31:*.cab=01;31:*.wim=01;31:*.swm=01;31:*.dwm=01;31:*.esd=01;31:*.jpg=01;35:*.jpeg=01;35:*.mjpg=01;35:*.mjpeg=01;35:*.gif=01;35:*.bmp=01;35:*.pbm=01;35:*.pgm=01;35:*.ppm=01;35:*.tga=01;35:*.xbm=01;35:*.xpm=01;35:*.tif=01;35:*.tiff=01;35:*.png=01;35:*.svg=01;35:*.svgz=01;35:*.mng=01;35:*.pcx=01;35:*.mov=01;35:*.mpg=01;35:*.mpeg=01;35:*.m2v=01;35:*.mkv=01;35:*.webm=01;35:*.ogm=01;35:*.mp4=01;35:*.m4v=01;35:*.mp4v=01;35:*.vob=01;35:*.qt=01;35:*.nuv=01;35:*.wmv=01;35:*.asf=01;35:*.rm=01;35:*.rmvb=01;35:*.flc=01;35:*.avi=01;35:*.fli=01;35:*.flv=01;35:*.gl=01;35:*.dl=01;35:*.xcf=01;35:*.xwd=01;35:*.yuv=01;35:*.cgm=01;35:*.emf=01;35:*.ogv=01;35:*.ogx=01;35:*.aac=00;36:*.au=00;36:*.flac=00;36:*.m4a=00;36:*.mid=00;36:*.midi=00;36:*.mka=00;36:*.mp3=00;36:*.mpc=00;36:*.ogg=00;36:*.ra=00;36:*.wav=00;36:*.oga=00;36:*.opus=00;36:*.spx=00;36:*.xspf=00;36:', 'ROS_DOMAIN_ID': '10', 'AMENT_PREFIX_PATH': '//home/nvidia/f1tenth_ws/install/f1tenth_stack://home/nvidia/f1tenth_ws/install/vesc://home/nvidia/f1tenth_ws/install/vesc_driver://home/nvidia/f1tenth_ws/install/vesc_ackermann://home/nvidia/f1tenth_ws/install/vesc_msgs://home/nvidia/f1tenth_ws/install/teleop_tools://home/nvidia/f1tenth_ws/install/joy_teleop://home/nvidia/f1tenth_ws/install/teleop_tools_msgs://home/nvidia/f1tenth_ws/install/pure_pursuit://home/nvidia/f1tenth_ws/install/phasespace://home/nvidia/f1tenth_ws/install/new_map_saver://home/nvidia/f1tenth_ws/install/mouse_teleop://home/nvidia/f1tenth_ws/install/mapping://home/nvidia/f1tenth_ws/install/key_teleop://home/nvidia/f1tenth_ws/install/f1tenth_controllers://home/nvidia/f1tenth_ws/install/ackermann_mux:/opt/ros/foxy', 'SHELL': '/bin/bash', 'LESSCLOSE': '/usr/bin/lesspipe %s %s', 'PWD': '/home/nvidia/f1tenth_ws/build/mapping', 'TURTLEBOT3_MODEL': 'waffle', 'LC_ALL': 'en_US.UTF-8', 'SSH_CONNECTION': '192.168.1.108 51828 192.168.1.202 22', 'XDG_DATA_DIRS': '/usr/local/share:/usr/share:/var/lib/snapd/desktop', 'PYTHONPATH': '/home/nvidia/f1tenth_ws/build/mapping/prefix_override:/usr/lib/python3/dist-packages/colcon_core/task/python/colcon_distutils_commands:/home/nvidia/f1tenth_ws/install/mapping/lib/python3.8/site-packages://home/nvidia/f1tenth_ws/install/f1tenth_stack/lib/python3.8/site-packages://home/nvidia/f1tenth_ws/install/vesc_msgs/lib/python3.8/site-packages://home/nvidia/f1tenth_ws/install/joy_teleop/lib/python3.8/site-packages://home/nvidia/f1tenth_ws/install/teleop_tools_msgs/lib/python3.8/site-packages://home/nvidia/f1tenth_ws/install/phasespace/lib/python3.8/site-packages://home/nvidia/f1tenth_ws/install/new_map_saver/lib/python3.8/site-packages://home/nvidia/f1tenth_ws/install/mouse_teleop/lib/python3.8/site-packages://home/nvidia/f1tenth_ws/install/mapping/lib/python3.8/site-packages://home/nvidia/f1tenth_ws/install/key_teleop/lib/python3.8/site-packages://home/nvidia/f1tenth_ws/install/f1tenth_controllers/lib/python3.8/site-packages:/opt/ros/foxy/lib/python3.8/site-packages', 'COLCON': '1', 'CMAKE_PREFIX_PATH': '//home/nvidia/f1tenth_ws/install/vesc://home/nvidia/f1tenth_ws/install/vesc_driver://home/nvidia/f1tenth_ws/install/vesc_ackermann://home/nvidia/f1tenth_ws/install/vesc_msgs://home/nvidia/f1tenth_ws/install/teleop_tools://home/nvidia/f1tenth_ws/install/teleop_tools_msgs://home/nvidia/f1tenth_ws/install/pure_pursuit://home/nvidia/f1tenth_ws/install/ackermann_mux'}, 'shell': False}
[8.537426] (-) TimerEvent: {}
[8.549563] (key_teleop) Command: {'cmd': ['/usr/bin/python3', '-W', 'ignore:setup.py install is deprecated', 'setup.py', 'egg_info', '--egg-base', '../../../../build/key_teleop', 'build', '--build-base', '/home/nvidia/f1tenth_ws/build/key_teleop/build', 'install', '--record', '/home/nvidia/f1tenth_ws/build/key_teleop/install.log', '--install-scripts', '$base/lib/key_teleop', '--single-version-externally-managed', 'install_data'], 'cwd': '/home/nvidia/f1tenth_ws/src/f1tenth_system/teleop_tools/key_teleop', 'env': {'LESSOPEN': '| /usr/bin/lesspipe %s', 'USER': 'nvidia', 'SSH_CLIENT': '192.168.1.108 51828 22', 'XDG_SESSION_TYPE': 'tty', 'SHLVL': '1', 'LD_LIBRARY_PATH': '//home/nvidia/f1tenth_ws/install/vesc_driver/lib://home/nvidia/f1tenth_ws/install/vesc_ackermann/lib://home/nvidia/f1tenth_ws/install/vesc_msgs/lib://home/nvidia/f1tenth_ws/install/teleop_tools_msgs/lib:/usr/lib/aarch64-linux-gnu/gazebo-11/plugins:/opt/ros/foxy/opt/yaml_cpp_vendor/lib:/opt/ros/foxy/opt/rviz_ogre_vendor/lib:/opt/ros/foxy/lib/aarch64-linux-gnu:/opt/ros/foxy/lib:/usr/local/cuda-11.4/lib64:', 'MOTD_SHOWN': 'pam', 'HOME': '/home/nvidia', 'OLDPWD': '/home/nvidia', 'SSH_TTY': '/dev/pts/0', 'ROS_PYTHON_VERSION': '3', 'DBUS_SESSION_BUS_ADDRESS': 'unix:path=/run/user/1000/bus', 'COLCON_PREFIX_PATH': '//home/nvidia/f1tenth_ws/install', 'ROS_DISTRO': 'foxy', 'LOGNAME': 'nvidia', '_': '/usr/bin/colcon', 'ROS_VERSION': '2', 'XDG_SESSION_CLASS': 'user', 'TERM': 'xterm-256color', 'XDG_SESSION_ID': '8', 'GAZEBO_MODEL_PATH': ':/opt/ros/foxy/share/turtlebot3_gazebo/models', 'ROS_LOCALHOST_ONLY': '0', 'PATH': '/home/nvidia/.local/bin:/opt/ros/foxy/bin:/usr/local/cuda-11.4/bin:/usr/local/sbin:/usr/local/bin:/usr/sbin:/usr/bin:/sbin:/bin:/usr/games:/usr/local/games:/snap/bin', 'XDG_RUNTIME_DIR': '/run/user/1000', 'LANG': 'en_US.UTF-8', 'LS_COLORS': 'rs=0:di=01;34:ln=01;36:mh=00:pi=40;33:so=01;35:do=01;35:bd=40;33;01:cd=40;33;01:or=40;31;01:mi=00:su=37;41:sg=30;43:ca=30;41:tw=30;42:ow=34;42:st=37;44:ex=01;32:*.tar=01;31:*.tgz=01;31:*.arc=01;31:*.arj=01;31:*.taz=01;31:*.lha=01;31:*.lz4=01;31:*.lzh=01;31:*.lzma=01;31:*.tlz=01;31:*.txz=01;31:*.tzo=01;31:*.t7z=01;31:*.zip=01;31:*.z=01;31:*.dz=01;31:*.gz=01;31:*.lrz=01;31:*.lz=01;31:*.lzo=01;31:*.xz=01;31:*.zst=01;31:*.tzst=01;31:*.bz2=01;31:*.bz=01;31:*.tbz=01;31:*.tbz2=01;31:*.tz=01;31:*.deb=01;31:*.rpm=01;31:*.jar=01;31:*.war=01;31:*.ear=01;31:*.sar=01;31:*.rar=01;31:*.alz=01;31:*.ace=01;31:*.zoo=01;31:*.cpio=01;31:*.7z=01;31:*.rz=01;31:*.cab=01;31:*.wim=01;31:*.swm=01;31:*.dwm=01;31:*.esd=01;31:*.jpg=01;35:*.jpeg=01;35:*.mjpg=01;35:*.mjpeg=01;35:*.gif=01;35:*.bmp=01;35:*.pbm=01;35:*.pgm=01;35:*.ppm=01;35:*.tga=01;35:*.xbm=01;35:*.xpm=01;35:*.tif=01;35:*.tiff=01;35:*.png=01;35:*.svg=01;35:*.svgz=01;35:*.mng=01;35:*.pcx=01;35:*.mov=01;35:*.mpg=01;35:*.mpeg=01;35:*.m2v=01;35:*.mkv=01;35:*.webm=01;35:*.ogm=01;35:*.mp4=01;35:*.m4v=01;35:*.mp4v=01;35:*.vob=01;35:*.qt=01;35:*.nuv=01;35:*.wmv=01;35:*.asf=01;35:*.rm=01;35:*.rmvb=01;35:*.flc=01;35:*.avi=01;35:*.fli=01;35:*.flv=01;35:*.gl=01;35:*.dl=01;35:*.xcf=01;35:*.xwd=01;35:*.yuv=01;35:*.cgm=01;35:*.emf=01;35:*.ogv=01;35:*.ogx=01;35:*.aac=00;36:*.au=00;36:*.flac=00;36:*.m4a=00;36:*.mid=00;36:*.midi=00;36:*.mka=00;36:*.mp3=00;36:*.mpc=00;36:*.ogg=00;36:*.ra=00;36:*.wav=00;36:*.oga=00;36:*.opus=00;36:*.spx=00;36:*.xspf=00;36:', 'ROS_DOMAIN_ID': '10', 'AMENT_PREFIX_PATH': '//home/nvidia/f1tenth_ws/install/f1tenth_stack://home/nvidia/f1tenth_ws/install/vesc://home/nvidia/f1tenth_ws/install/vesc_driver://home/nvidia/f1tenth_ws/install/vesc_ackermann://home/nvidia/f1tenth_ws/install/vesc_msgs://home/nvidia/f1tenth_ws/install/teleop_tools://home/nvidia/f1tenth_ws/install/joy_teleop://home/nvidia/f1tenth_ws/install/teleop_tools_msgs://home/nvidia/f1tenth_ws/install/pure_pursuit://home/nvidia/f1tenth_ws/install/phasespace://home/nvidia/f1tenth_ws/install/new_map_saver://home/nvidia/f1tenth_ws/install/mouse_teleop://home/nvidia/f1tenth_ws/install/mapping://home/nvidia/f1tenth_ws/install/key_teleop://home/nvidia/f1tenth_ws/install/f1tenth_controllers://home/nvidia/f1tenth_ws/install/ackermann_mux:/opt/ros/foxy', 'SHELL': '/bin/bash', 'LESSCLOSE': '/usr/bin/lesspipe %s %s', 'PWD': '/home/nvidia/f1tenth_ws/build/key_teleop', 'TURTLEBOT3_MODEL': 'waffle', 'LC_ALL': 'en_US.UTF-8', 'SSH_CONNECTION': '192.168.1.108 51828 192.168.1.202 22', 'XDG_DATA_DIRS': '/usr/local/share:/usr/share:/var/lib/snapd/desktop', 'PYTHONPATH': '/home/nvidia/f1tenth_ws/build/key_teleop/prefix_override:/usr/lib/python3/dist-packages/colcon_core/task/python/colcon_distutils_commands:/home/nvidia/f1tenth_ws/install/key_teleop/lib/python3.8/site-packages://home/nvidia/f1tenth_ws/install/f1tenth_stack/lib/python3.8/site-packages://home/nvidia/f1tenth_ws/install/vesc_msgs/lib/python3.8/site-packages://home/nvidia/f1tenth_ws/install/joy_teleop/lib/python3.8/site-packages://home/nvidia/f1tenth_ws/install/teleop_tools_msgs/lib/python3.8/site-packages://home/nvidia/f1tenth_ws/install/phasespace/lib/python3.8/site-packages://home/nvidia/f1tenth_ws/install/new_map_saver/lib/python3.8/site-packages://home/nvidia/f1tenth_ws/install/mouse_teleop/lib/python3.8/site-packages://home/nvidia/f1tenth_ws/install/mapping/lib/python3.8/site-packages://home/nvidia/f1tenth_ws/install/key_teleop/lib/python3.8/site-packages://home/nvidia/f1tenth_ws/install/f1tenth_controllers/lib/python3.8/site-packages:/opt/ros/foxy/lib/python3.8/site-packages', 'COLCON': '1', 'CMAKE_PREFIX_PATH': '//home/nvidia/f1tenth_ws/install/vesc://home/nvidia/f1tenth_ws/install/vesc_driver://home/nvidia/f1tenth_ws/install/vesc_ackermann://home/nvidia/f1tenth_ws/install/vesc_msgs://home/nvidia/f1tenth_ws/install/teleop_tools://home/nvidia/f1tenth_ws/install/teleop_tools_msgs://home/nvidia/f1tenth_ws/install/pure_pursuit://home/nvidia/f1tenth_ws/install/ackermann_mux'}, 'shell': False}
[8.629931] (f1tenth_controllers) Command: {'cmd': ['/usr/bin/python3', '-W', 'ignore:setup.py install is deprecated', 'setup.py', 'egg_info', '--egg-base', '../../build/f1tenth_controllers', 'build', '--build-base', '/home/nvidia/f1tenth_ws/build/f1tenth_controllers/build', 'install', '--record', '/home/nvidia/f1tenth_ws/build/f1tenth_controllers/install.log', '--install-scripts', '$base/lib/f1tenth_controllers', '--single-version-externally-managed', 'install_data'], 'cwd': '/home/nvidia/f1tenth_ws/src/f1tenth_controllers', 'env': {'LESSOPEN': '| /usr/bin/lesspipe %s', 'USER': 'nvidia', 'SSH_CLIENT': '192.168.1.108 51828 22', 'XDG_SESSION_TYPE': 'tty', 'SHLVL': '1', 'LD_LIBRARY_PATH': '//home/nvidia/f1tenth_ws/install/vesc_driver/lib://home/nvidia/f1tenth_ws/install/vesc_ackermann/lib://home/nvidia/f1tenth_ws/install/vesc_msgs/lib://home/nvidia/f1tenth_ws/install/teleop_tools_msgs/lib:/usr/lib/aarch64-linux-gnu/gazebo-11/plugins:/opt/ros/foxy/opt/yaml_cpp_vendor/lib:/opt/ros/foxy/opt/rviz_ogre_vendor/lib:/opt/ros/foxy/lib/aarch64-linux-gnu:/opt/ros/foxy/lib:/usr/local/cuda-11.4/lib64:', 'MOTD_SHOWN': 'pam', 'HOME': '/home/nvidia', 'OLDPWD': '/home/nvidia', 'SSH_TTY': '/dev/pts/0', 'ROS_PYTHON_VERSION': '3', 'DBUS_SESSION_BUS_ADDRESS': 'unix:path=/run/user/1000/bus', 'COLCON_PREFIX_PATH': '//home/nvidia/f1tenth_ws/install', 'ROS_DISTRO': 'foxy', 'LOGNAME': 'nvidia', '_': '/usr/bin/colcon', 'ROS_VERSION': '2', 'XDG_SESSION_CLASS': 'user', 'TERM': 'xterm-256color', 'XDG_SESSION_ID': '8', 'GAZEBO_MODEL_PATH': ':/opt/ros/foxy/share/turtlebot3_gazebo/models', 'ROS_LOCALHOST_ONLY': '0', 'PATH': '/home/nvidia/.local/bin:/opt/ros/foxy/bin:/usr/local/cuda-11.4/bin:/usr/local/sbin:/usr/local/bin:/usr/sbin:/usr/bin:/sbin:/bin:/usr/games:/usr/local/games:/snap/bin', 'XDG_RUNTIME_DIR': '/run/user/1000', 'LANG': 'en_US.UTF-8', 'LS_COLORS': 'rs=0:di=01;34:ln=01;36:mh=00:pi=40;33:so=01;35:do=01;35:bd=40;33;01:cd=40;33;01:or=40;31;01:mi=00:su=37;41:sg=30;43:ca=30;41:tw=30;42:ow=34;42:st=37;44:ex=01;32:*.tar=01;31:*.tgz=01;31:*.arc=01;31:*.arj=01;31:*.taz=01;31:*.lha=01;31:*.lz4=01;31:*.lzh=01;31:*.lzma=01;31:*.tlz=01;31:*.txz=01;31:*.tzo=01;31:*.t7z=01;31:*.zip=01;31:*.z=01;31:*.dz=01;31:*.gz=01;31:*.lrz=01;31:*.lz=01;31:*.lzo=01;31:*.xz=01;31:*.zst=01;31:*.tzst=01;31:*.bz2=01;31:*.bz=01;31:*.tbz=01;31:*.tbz2=01;31:*.tz=01;31:*.deb=01;31:*.rpm=01;31:*.jar=01;31:*.war=01;31:*.ear=01;31:*.sar=01;31:*.rar=01;31:*.alz=01;31:*.ace=01;31:*.zoo=01;31:*.cpio=01;31:*.7z=01;31:*.rz=01;31:*.cab=01;31:*.wim=01;31:*.swm=01;31:*.dwm=01;31:*.esd=01;31:*.jpg=01;35:*.jpeg=01;35:*.mjpg=01;35:*.mjpeg=01;35:*.gif=01;35:*.bmp=01;35:*.pbm=01;35:*.pgm=01;35:*.ppm=01;35:*.tga=01;35:*.xbm=01;35:*.xpm=01;35:*.tif=01;35:*.tiff=01;35:*.png=01;35:*.svg=01;35:*.svgz=01;35:*.mng=01;35:*.pcx=01;35:*.mov=01;35:*.mpg=01;35:*.mpeg=01;35:*.m2v=01;35:*.mkv=01;35:*.webm=01;35:*.ogm=01;35:*.mp4=01;35:*.m4v=01;35:*.mp4v=01;35:*.vob=01;35:*.qt=01;35:*.nuv=01;35:*.wmv=01;35:*.asf=01;35:*.rm=01;35:*.rmvb=01;35:*.flc=01;35:*.avi=01;35:*.fli=01;35:*.flv=01;35:*.gl=01;35:*.dl=01;35:*.xcf=01;35:*.xwd=01;35:*.yuv=01;35:*.cgm=01;35:*.emf=01;35:*.ogv=01;35:*.ogx=01;35:*.aac=00;36:*.au=00;36:*.flac=00;36:*.m4a=00;36:*.mid=00;36:*.midi=00;36:*.mka=00;36:*.mp3=00;36:*.mpc=00;36:*.ogg=00;36:*.ra=00;36:*.wav=00;36:*.oga=00;36:*.opus=00;36:*.spx=00;36:*.xspf=00;36:', 'ROS_DOMAIN_ID': '10', 'AMENT_PREFIX_PATH': '//home/nvidia/f1tenth_ws/install/f1tenth_stack://home/nvidia/f1tenth_ws/install/vesc://home/nvidia/f1tenth_ws/install/vesc_driver://home/nvidia/f1tenth_ws/install/vesc_ackermann://home/nvidia/f1tenth_ws/install/vesc_msgs://home/nvidia/f1tenth_ws/install/teleop_tools://home/nvidia/f1tenth_ws/install/joy_teleop://home/nvidia/f1tenth_ws/install/teleop_tools_msgs://home/nvidia/f1tenth_ws/install/pure_pursuit://home/nvidia/f1tenth_ws/install/phasespace://home/nvidia/f1tenth_ws/install/new_map_saver://home/nvidia/f1tenth_ws/install/mouse_teleop://home/nvidia/f1tenth_ws/install/mapping://home/nvidia/f1tenth_ws/install/key_teleop://home/nvidia/f1tenth_ws/install/f1tenth_controllers://home/nvidia/f1tenth_ws/install/ackermann_mux:/opt/ros/foxy', 'SHELL': '/bin/bash', 'LESSCLOSE': '/usr/bin/lesspipe %s %s', 'PWD': '/home/nvidia/f1tenth_ws/build/f1tenth_controllers', 'TURTLEBOT3_MODEL': 'waffle', 'LC_ALL': 'en_US.UTF-8', 'SSH_CONNECTION': '192.168.1.108 51828 192.168.1.202 22', 'XDG_DATA_DIRS': '/usr/local/share:/usr/share:/var/lib/snapd/desktop', 'PYTHONPATH': '/home/nvidia/f1tenth_ws/build/f1tenth_controllers/prefix_override:/usr/lib/python3/dist-packages/colcon_core/task/python/colcon_distutils_commands:/home/nvidia/f1tenth_ws/install/f1tenth_controllers/lib/python3.8/site-packages://home/nvidia/f1tenth_ws/install/f1tenth_stack/lib/python3.8/site-packages://home/nvidia/f1tenth_ws/install/vesc_msgs/lib/python3.8/site-packages://home/nvidia/f1tenth_ws/install/joy_teleop/lib/python3.8/site-packages://home/nvidia/f1tenth_ws/install/teleop_tools_msgs/lib/python3.8/site-packages://home/nvidia/f1tenth_ws/install/phasespace/lib/python3.8/site-packages://home/nvidia/f1tenth_ws/install/new_map_saver/lib/python3.8/site-packages://home/nvidia/f1tenth_ws/install/mouse_teleop/lib/python3.8/site-packages://home/nvidia/f1tenth_ws/install/mapping/lib/python3.8/site-packages://home/nvidia/f1tenth_ws/install/key_teleop/lib/python3.8/site-packages://home/nvidia/f1tenth_ws/install/f1tenth_controllers/lib/python3.8/site-packages:/opt/ros/foxy/lib/python3.8/site-packages', 'COLCON': '1', 'CMAKE_PREFIX_PATH': '//home/nvidia/f1tenth_ws/install/vesc://home/nvidia/f1tenth_ws/install/vesc_driver://home/nvidia/f1tenth_ws/install/vesc_ackermann://home/nvidia/f1tenth_ws/install/vesc_msgs://home/nvidia/f1tenth_ws/install/teleop_tools://home/nvidia/f1tenth_ws/install/teleop_tools_msgs://home/nvidia/f1tenth_ws/install/pure_pursuit://home/nvidia/f1tenth_ws/install/ackermann_mux'}, 'shell': False}
[8.647254] (-) TimerEvent: {}
[8.683925] (ackermann_mux) StdoutLine: {'line': b'-- Using all available rosidl_typesupport_cpp: rosidl_typesupport_fastrtps_cpp;rosidl_typesupport_introspection_cpp\n'}
[8.737470] (teleop_tools_msgs) StdoutLine: {'line': b'-- Using all available rosidl_typesupport_cpp: rosidl_typesupport_fastrtps_cpp;rosidl_typesupport_introspection_cpp\n'}
[8.746650] (-) TimerEvent: {}
[8.809679] (vesc_msgs) StdoutLine: {'line': b'-- Using all available rosidl_typesupport_cpp: rosidl_typesupport_fastrtps_cpp;rosidl_typesupport_introspection_cpp\n'}
[8.846932] (-) TimerEvent: {}
[8.948009] (-) TimerEvent: {}
[9.050116] (-) TimerEvent: {}
[9.051692] (teleop_tools_msgs) StdoutLine: {'line': b'-- Found ament_lint_auto: 0.9.8 (/opt/ros/foxy/share/ament_lint_auto/cmake)\n'}
[9.150336] (-) TimerEvent: {}
[9.251296] (-) TimerEvent: {}
[9.352352] (-) TimerEvent: {}
[9.380302] (ackermann_mux) StdoutLine: {'line': b'-- Found rmw_implementation_cmake: 1.0.4 (/opt/ros/foxy/share/rmw_implementation_cmake/cmake)\n'}
[9.421459] (ackermann_mux) StdoutLine: {'line': b"-- Using RMW implementation 'rmw_fastrtps_cpp' as default\n"}
[9.441177] (ackermann_mux) StdoutLine: {'line': b'-- Looking for pthread.h\n'}
[9.452581] (-) TimerEvent: {}
[9.553568] (-) TimerEvent: {}
[9.654796] (-) TimerEvent: {}
[9.755782] (-) TimerEvent: {}
[9.856772] (-) TimerEvent: {}
[9.903394] (teleop_tools_msgs) StdoutLine: {'line': b'-- Found PythonInterp: /usr/bin/python3 (found version "3.8.10") \n'}
[9.957009] (-) TimerEvent: {}
[9.960854] (vesc_msgs) StdoutLine: {'line': b'-- Found PythonInterp: /usr/bin/python3 (found version "3.8.10") \n'}
[10.057273] (-) TimerEvent: {}
[10.080233] (key_teleop) StdoutLine: {'line': b'running egg_info\n'}
[10.083923] (key_teleop) StdoutLine: {'line': b'creating ../../../../build/key_teleop/key_teleop.egg-info\n'}
[10.084919] (key_teleop) StdoutLine: {'line': b'writing ../../../../build/key_teleop/key_teleop.egg-info/PKG-INFO\n'}
[10.086951] (key_teleop) StdoutLine: {'line': b'writing dependency_links to ../../../../build/key_teleop/key_teleop.egg-info/dependency_links.txt\n'}
[10.087807] (key_teleop) StdoutLine: {'line': b'writing entry points to ../../../../build/key_teleop/key_teleop.egg-info/entry_points.txt\n'}
[10.088430] (key_teleop) StdoutLine: {'line': b'writing requirements to ../../../../build/key_teleop/key_teleop.egg-info/requires.txt\n'}
[10.089172] (key_teleop) StdoutLine: {'line': b'writing top-level names to ../../../../build/key_teleop/key_teleop.egg-info/top_level.txt\n'}
[10.100597] (key_teleop) StdoutLine: {'line': b"writing manifest file '../../../../build/key_teleop/key_teleop.egg-info/SOURCES.txt'\n"}
[10.157722] (-) TimerEvent: {}
[10.258748] (-) TimerEvent: {}
[10.333046] (key_teleop) StdoutLine: {'line': b"reading manifest file '../../../../build/key_teleop/key_teleop.egg-info/SOURCES.txt'\n"}
[10.338868] (mapping) StdoutLine: {'line': b'running egg_info\n'}
[10.341573] (key_teleop) StdoutLine: {'line': b"writing manifest file '../../../../build/key_teleop/key_teleop.egg-info/SOURCES.txt'\n"}
[10.342818] (key_teleop) StdoutLine: {'line': b'running build\n'}
[10.343342] (key_teleop) StdoutLine: {'line': b'running build_py\n'}
[10.344394] (mapping) StdoutLine: {'line': b'creating ../../build/mapping/mapping.egg-info\n'}
[10.344936] (key_teleop) StdoutLine: {'line': b'creating /home/nvidia/f1tenth_ws/build/key_teleop/build\n'}
[10.345452] (mapping) StdoutLine: {'line': b'writing ../../build/mapping/mapping.egg-info/PKG-INFO\n'}
[10.347813] (key_teleop) StdoutLine: {'line': b'creating /home/nvidia/f1tenth_ws/build/key_teleop/build/lib\n'}
[10.348637] (key_teleop) StdoutLine: {'line': b'creating /home/nvidia/f1tenth_ws/build/key_teleop/build/lib/key_teleop\n'}
[10.349064] (mapping) StdoutLine: {'line': b'writing dependency_links to ../../build/mapping/mapping.egg-info/dependency_links.txt\n'}
[10.349459] (key_teleop) StdoutLine: {'line': b'copying key_teleop/key_teleop.py -> /home/nvidia/f1tenth_ws/build/key_teleop/build/lib/key_teleop\n'}
[10.351132] (key_teleop) StdoutLine: {'line': b'copying key_teleop/__init__.py -> /home/nvidia/f1tenth_ws/build/key_teleop/build/lib/key_teleop\n'}
[10.351566] (key_teleop) StdoutLine: {'line': b'running install\n'}
[10.355171] (mapping) StdoutLine: {'line': b'writing entry points to ../../build/mapping/mapping.egg-info/entry_points.txt\n'}
[10.355767] (mapping) StdoutLine: {'line': b'writing requirements to ../../build/mapping/mapping.egg-info/requires.txt\n'}
[10.356417] (mapping) StdoutLine: {'line': b'writing top-level names to ../../build/mapping/mapping.egg-info/top_level.txt\n'}
[10.361441] (-) TimerEvent: {}
[10.362454] (key_teleop) StdoutLine: {'line': b'running install_lib\n'}
[10.363277] (mapping) StdoutLine: {'line': b"writing manifest file '../../build/mapping/mapping.egg-info/SOURCES.txt'\n"}
[10.364000] (key_teleop) StdoutLine: {'line': b'creating /home/nvidia/f1tenth_ws/install/key_teleop/lib/python3.8/site-packages/key_teleop\n'}
[10.364465] (key_teleop) StdoutLine: {'line': b'copying /home/nvidia/f1tenth_ws/build/key_teleop/build/lib/key_teleop/key_teleop.py -> /home/nvidia/f1tenth_ws/install/key_teleop/lib/python3.8/site-packages/key_teleop\n'}
[10.365221] (key_teleop) StdoutLine: {'line': b'copying /home/nvidia/f1tenth_ws/build/key_teleop/build/lib/key_teleop/__init__.py -> /home/nvidia/f1tenth_ws/install/key_teleop/lib/python3.8/site-packages/key_teleop\n'}
[10.369735] (key_teleop) StdoutLine: {'line': b'byte-compiling /home/nvidia/f1tenth_ws/install/key_teleop/lib/python3.8/site-packages/key_teleop/key_teleop.py to key_teleop.cpython-38.pyc\n'}
[10.381493] (key_teleop) StdoutLine: {'line': b'byte-compiling /home/nvidia/f1tenth_ws/install/key_teleop/lib/python3.8/site-packages/key_teleop/__init__.py to __init__.cpython-38.pyc\n'}
[10.383074] (key_teleop) StdoutLine: {'line': b'running install_data\n'}
[10.384513] (key_teleop) StdoutLine: {'line': b'copying package.xml -> /home/nvidia/f1tenth_ws/install/key_teleop/share/key_teleop\n'}
[10.385124] (key_teleop) StdoutLine: {'line': b'creating /home/nvidia/f1tenth_ws/install/key_teleop/share/key_teleop/config\n'}
[10.386531] (key_teleop) StdoutLine: {'line': b'copying config/key_teleop.yaml -> /home/nvidia/f1tenth_ws/install/key_teleop/share/key_teleop/config\n'}
[10.387353] (key_teleop) StdoutLine: {'line': b'creating /home/nvidia/f1tenth_ws/install/key_teleop/share/ament_index\n'}
[10.387869] (key_teleop) StdoutLine: {'line': b'creating /home/nvidia/f1tenth_ws/install/key_teleop/share/ament_index/resource_index\n'}
[10.388293] (key_teleop) StdoutLine: {'line': b'creating /home/nvidia/f1tenth_ws/install/key_teleop/share/ament_index/resource_index/packages\n'}
[10.388919] (key_teleop) StdoutLine: {'line': b'copying resource/key_teleop -> /home/nvidia/f1tenth_ws/install/key_teleop/share/ament_index/resource_index/packages\n'}
[10.389776] (key_teleop) StdoutLine: {'line': b'running install_egg_info\n'}
[10.410132] (key_teleop) StdoutLine: {'line': b'Copying ../../../../build/key_teleop/key_teleop.egg-info to /home/nvidia/f1tenth_ws/install/key_teleop/lib/python3.8/site-packages/key_teleop-0.3.0-py3.8.egg-info\n'}
[10.415954] (ackermann_mux) StdoutLine: {'line': b'-- Looking for pthread.h - found\n'}
[10.419546] (ackermann_mux) StdoutLine: {'line': b'-- Performing Test CMAKE_HAVE_LIBC_PTHREAD\n'}
[10.427620] (key_teleop) StdoutLine: {'line': b'running install_scripts\n'}
[10.461780] (-) TimerEvent: {}
[10.562754] (-) TimerEvent: {}
[10.568588] (key_teleop) StdoutLine: {'line': b'Installing key_teleop script to /home/nvidia/f1tenth_ws/install/key_teleop/lib/key_teleop\n'}
[10.572888] (key_teleop) StdoutLine: {'line': b"writing list of installed files to '/home/nvidia/f1tenth_ws/build/key_teleop/install.log'\n"}
[10.631892] (mapping) StdoutLine: {'line': b"reading manifest file '../../build/mapping/mapping.egg-info/SOURCES.txt'\n"}
[10.635936] (mapping) StdoutLine: {'line': b"writing manifest file '../../build/mapping/mapping.egg-info/SOURCES.txt'\n"}
[10.636946] (mapping) StdoutLine: {'line': b'running build\n'}
[10.637470] (mapping) StdoutLine: {'line': b'running build_py\n'}
[10.639473] (mapping) StdoutLine: {'line': b'creating /home/nvidia/f1tenth_ws/build/mapping/build\n'}
[10.640134] (mapping) StdoutLine: {'line': b'creating /home/nvidia/f1tenth_ws/build/mapping/build/lib\n'}
[10.640765] (mapping) StdoutLine: {'line': b'creating /home/nvidia/f1tenth_ws/build/mapping/build/lib/mapping\n'}
[10.641204] (mapping) StdoutLine: {'line': b'copying mapping/local_mapping_gradient.py -> /home/nvidia/f1tenth_ws/build/mapping/build/lib/mapping\n'}
[10.641599] (mapping) StdoutLine: {'line': b'copying mapping/local_mapping.py -> /home/nvidia/f1tenth_ws/build/mapping/build/lib/mapping\n'}
[10.642634] (mapping) StdoutLine: {'line': b'copying mapping/__init__.py -> /home/nvidia/f1tenth_ws/build/mapping/build/lib/mapping\n'}
[10.643677] (mapping) StdoutLine: {'line': b'running install\n'}
[10.649952] (mapping) StdoutLine: {'line': b'running install_lib\n'}
[10.663027] (-) TimerEvent: {}
[10.664062] (mapping) StdoutLine: {'line': b'creating /home/nvidia/f1tenth_ws/install/mapping/lib/python3.8/site-packages/mapping\n'}
[10.664753] (mapping) StdoutLine: {'line': b'copying /home/nvidia/f1tenth_ws/build/mapping/build/lib/mapping/local_mapping_gradient.py -> /home/nvidia/f1tenth_ws/install/mapping/lib/python3.8/site-packages/mapping\n'}
[10.665745] (mapping) StdoutLine: {'line': b'copying /home/nvidia/f1tenth_ws/build/mapping/build/lib/mapping/local_mapping.py -> /home/nvidia/f1tenth_ws/install/mapping/lib/python3.8/site-packages/mapping\n'}
[10.669940] (mapping) StdoutLine: {'line': b'copying /home/nvidia/f1tenth_ws/build/mapping/build/lib/mapping/__init__.py -> /home/nvidia/f1tenth_ws/install/mapping/lib/python3.8/site-packages/mapping\n'}
[10.681822] (mapping) StdoutLine: {'line': b'byte-compiling /home/nvidia/f1tenth_ws/install/mapping/lib/python3.8/site-packages/mapping/local_mapping_gradient.py to local_mapping_gradient.cpython-38.pyc\n'}
[10.700092] (mapping) StdoutLine: {'line': b'byte-compiling /home/nvidia/f1tenth_ws/install/mapping/lib/python3.8/site-packages/mapping/local_mapping.py to local_mapping.cpython-38.pyc\n'}
[10.714506] (f1tenth_controllers) StdoutLine: {'line': b'running egg_info\n'}
[10.715457] (f1tenth_controllers) StdoutLine: {'line': b'creating ../../build/f1tenth_controllers/f1tenth_controllers.egg-info\n'}
[10.715953] (f1tenth_controllers) StdoutLine: {'line': b'writing ../../build/f1tenth_controllers/f1tenth_controllers.egg-info/PKG-INFO\n'}
[10.716369] (f1tenth_controllers) StdoutLine: {'line': b'writing dependency_links to ../../build/f1tenth_controllers/f1tenth_controllers.egg-info/dependency_links.txt\n'}
[10.716762] (f1tenth_controllers) StdoutLine: {'line': b'writing entry points to ../../build/f1tenth_controllers/f1tenth_controllers.egg-info/entry_points.txt\n'}
[10.717165] (f1tenth_controllers) StdoutLine: {'line': b'writing requirements to ../../build/f1tenth_controllers/f1tenth_controllers.egg-info/requires.txt\n'}
[10.717585] (f1tenth_controllers) StdoutLine: {'line': b'writing top-level names to ../../build/f1tenth_controllers/f1tenth_controllers.egg-info/top_level.txt\n'}
[10.719254] (f1tenth_controllers) StdoutLine: {'line': b"writing manifest file '../../build/f1tenth_controllers/f1tenth_controllers.egg-info/SOURCES.txt'\n"}
[10.719942] (f1tenth_controllers) StdoutLine: {'line': b"reading manifest file '../../build/f1tenth_controllers/f1tenth_controllers.egg-info/SOURCES.txt'\n"}
[10.726991] (f1tenth_controllers) StdoutLine: {'line': b"writing manifest file '../../build/f1tenth_controllers/f1tenth_controllers.egg-info/SOURCES.txt'\n"}
[10.727485] (f1tenth_controllers) StdoutLine: {'line': b'running build\n'}
[10.727916] (f1tenth_controllers) StdoutLine: {'line': b'running build_py\n'}
[10.728324] (f1tenth_controllers) StdoutLine: {'line': b'creating /home/nvidia/f1tenth_ws/build/f1tenth_controllers/build\n'}
[10.728720] (f1tenth_controllers) StdoutLine: {'line': b'creating /home/nvidia/f1tenth_ws/build/f1tenth_controllers/build/lib\n'}
[10.729098] (f1tenth_controllers) StdoutLine: {'line': b'creating /home/nvidia/f1tenth_ws/build/f1tenth_controllers/build/lib/f1tenth_controllers\n'}
[10.729964] (f1tenth_controllers) StdoutLine: {'line': b'copying f1tenth_controllers/__init__.py -> /home/nvidia/f1tenth_ws/build/f1tenth_controllers/build/lib/f1tenth_controllers\n'}
[10.730440] (f1tenth_controllers) StdoutLine: {'line': b'copying f1tenth_controllers/follow_the_gap_node.py -> /home/nvidia/f1tenth_ws/build/f1tenth_controllers/build/lib/f1tenth_controllers\n'}
[10.731014] (f1tenth_controllers) StdoutLine: {'line': b'running install\n'}
[10.742351] (key_teleop) CommandEnded: {'returncode': 0}
[10.745263] (mapping) StdoutLine: {'line': b'byte-compiling /home/nvidia/f1tenth_ws/install/mapping/lib/python3.8/site-packages/mapping/__init__.py to __init__.cpython-38.pyc\n'}
[10.746059] (mapping) StdoutLine: {'line': b'running install_data\n'}
[10.746565] (mapping) StdoutLine: {'line': b'creating /home/nvidia/f1tenth_ws/install/mapping/share/ament_index\n'}
[10.747248] (mapping) StdoutLine: {'line': b'creating /home/nvidia/f1tenth_ws/install/mapping/share/ament_index/resource_index\n'}
[10.747941] (mapping) StdoutLine: {'line': b'creating /home/nvidia/f1tenth_ws/install/mapping/share/ament_index/resource_index/packages\n'}
[10.756234] (mapping) StdoutLine: {'line': b'copying resource/mapping -> /home/nvidia/f1tenth_ws/install/mapping/share/ament_index/resource_index/packages\n'}
[10.756692] (mapping) StdoutLine: {'line': b'copying package.xml -> /home/nvidia/f1tenth_ws/install/mapping/share/mapping\n'}
[10.757100] (mapping) StdoutLine: {'line': b'running install_egg_info\n'}
[10.757736] (f1tenth_controllers) StdoutLine: {'line': b'running install_lib\n'}
[10.758468] (f1tenth_controllers) StdoutLine: {'line': b'creating /home/nvidia/f1tenth_ws/install/f1tenth_controllers/lib/python3.8/site-packages/f1tenth_controllers\n'}
[10.758899] (f1tenth_controllers) StdoutLine: {'line': b'copying /home/nvidia/f1tenth_ws/build/f1tenth_controllers/build/lib/f1tenth_controllers/__init__.py -> /home/nvidia/f1tenth_ws/install/f1tenth_controllers/lib/python3.8/site-packages/f1tenth_controllers\n'}
[10.759323] (f1tenth_controllers) StdoutLine: {'line': b'copying /home/nvidia/f1tenth_ws/build/f1tenth_controllers/build/lib/f1tenth_controllers/follow_the_gap_node.py -> /home/nvidia/f1tenth_ws/install/f1tenth_controllers/lib/python3.8/site-packages/f1tenth_controllers\n'}
[10.759726] (mapping) StdoutLine: {'line': b'Copying ../../build/mapping/mapping.egg-info to /home/nvidia/f1tenth_ws/install/mapping/lib/python3.8/site-packages/mapping-0.0.0-py3.8.egg-info\n'}
[10.763186] (-) TimerEvent: {}
[10.766162] (f1tenth_controllers) StdoutLine: {'line': b'byte-compiling /home/nvidia/f1tenth_ws/install/f1tenth_controllers/lib/python3.8/site-packages/f1tenth_controllers/__init__.py to __init__.cpython-38.pyc\n'}
[10.772251] (mapping) StdoutLine: {'line': b'running install_scripts\n'}
[10.779392] (f1tenth_controllers) StdoutLine: {'line': b'byte-compiling /home/nvidia/f1tenth_ws/install/f1tenth_controllers/lib/python3.8/site-packages/f1tenth_controllers/follow_the_gap_node.py to follow_the_gap_node.cpython-38.pyc\n'}
[10.805418] (f1tenth_controllers) StdoutLine: {'line': b'running install_data\n'}
[10.806712] (f1tenth_controllers) StdoutLine: {'line': b'creating /home/nvidia/f1tenth_ws/install/f1tenth_controllers/share/ament_index\n'}
[10.807317] (f1tenth_controllers) StdoutLine: {'line': b'creating /home/nvidia/f1tenth_ws/install/f1tenth_controllers/share/ament_index/resource_index\n'}
[10.807956] (f1tenth_controllers) StdoutLine: {'line': b'creating /home/nvidia/f1tenth_ws/install/f1tenth_controllers/share/ament_index/resource_index/packages\n'}
[10.808413] (f1tenth_controllers) StdoutLine: {'line': b'copying resource/f1tenth_controllers -> /home/nvidia/f1tenth_ws/install/f1tenth_controllers/share/ament_index/resource_index/packages\n'}
[10.809031] (f1tenth_controllers) StdoutLine: {'line': b'copying package.xml -> /home/nvidia/f1tenth_ws/install/f1tenth_controllers/share/f1tenth_controllers\n'}
[10.820500] (key_teleop) JobEnded: {'identifier': 'key_teleop', 'rc': 0}
[10.822368] (f1tenth_controllers) StdoutLine: {'line': b'running install_egg_info\n'}
[10.824900] (mouse_teleop) JobStarted: {'identifier': 'mouse_teleop'}
[10.842557] (f1tenth_controllers) StdoutLine: {'line': b'Copying ../../build/f1tenth_controllers/f1tenth_controllers.egg-info to /home/nvidia/f1tenth_ws/install/f1tenth_controllers/lib/python3.8/site-packages/f1tenth_controllers-0.0.0-py3.8.egg-info\n'}
[10.849299] (f1tenth_controllers) StdoutLine: {'line': b'running install_scripts\n'}
[10.865685] (-) TimerEvent: {}
[10.908625] (mapping) StdoutLine: {'line': b'Installing local_gradient_node script to /home/nvidia/f1tenth_ws/install/mapping/lib/mapping\n'}
[10.910425] (mapping) StdoutLine: {'line': b'Installing local_mapping_node script to /home/nvidia/f1tenth_ws/install/mapping/lib/mapping\n'}
[10.911224] (mapping) StdoutLine: {'line': b"writing list of installed files to '/home/nvidia/f1tenth_ws/build/mapping/install.log'\n"}
[10.960812] (f1tenth_controllers) StdoutLine: {'line': b'Installing follow_the_gap_node script to /home/nvidia/f1tenth_ws/install/f1tenth_controllers/lib/f1tenth_controllers\n'}
[10.964415] (f1tenth_controllers) StdoutLine: {'line': b"writing list of installed files to '/home/nvidia/f1tenth_ws/build/f1tenth_controllers/install.log'\n"}
[10.965190] (-) TimerEvent: {}
[11.069520] (-) TimerEvent: {}
[11.170690] (-) TimerEvent: {}
[11.190565] (vesc_msgs) StdoutLine: {'line': b'-- Found ament_cmake_ros: 0.9.2 (/opt/ros/foxy/share/ament_cmake_ros/cmake)\n'}
[11.243057] (ackermann_mux) StdoutLine: {'line': b'-- Performing Test CMAKE_HAVE_LIBC_PTHREAD - Failed\n'}
[11.248241] (ackermann_mux) StdoutLine: {'line': b'-- Looking for pthread_create in pthreads\n'}
[11.251854] (teleop_tools_msgs) StdoutLine: {'line': b'-- Found ament_cmake_ros: 0.9.2 (/opt/ros/foxy/share/ament_cmake_ros/cmake)\n'}
[11.272106] (-) TimerEvent: {}
[11.373148] (-) TimerEvent: {}
[11.474275] (-) TimerEvent: {}
[11.575449] (-) TimerEvent: {}
[11.676506] (-) TimerEvent: {}
[11.755524] (ackermann_mux) StdoutLine: {'line': b'-- Looking for pthread_create in pthreads - not found\n'}
[11.756788] (ackermann_mux) StdoutLine: {'line': b'-- Looking for pthread_create in pthread\n'}
[11.776743] (-) TimerEvent: {}
[11.878770] (-) TimerEvent: {}
[11.979869] (-) TimerEvent: {}
[12.081003] (-) TimerEvent: {}
[12.182159] (-) TimerEvent: {}
[12.283393] (-) TimerEvent: {}
[12.374908] (ackermann_mux) StdoutLine: {'line': b'-- Looking for pthread_create in pthread - found\n'}
[12.383670] (-) TimerEvent: {}
[12.387083] (ackermann_mux) StdoutLine: {'line': b'-- Found Threads: TRUE  \n'}
[12.397246] (teleop_tools_msgs) StdoutLine: {'line': b'-- Using all available rosidl_typesupport_c: rosidl_typesupport_fastrtps_c;rosidl_typesupport_introspection_c\n'}
[12.484242] (-) TimerEvent: {}
[12.519366] (mapping) CommandEnded: {'returncode': 0}
[12.568412] (mapping) JobEnded: {'identifier': 'mapping', 'rc': 0}
[12.577164] (new_map_saver) JobStarted: {'identifier': 'new_map_saver'}
[12.584608] (-) TimerEvent: {}
[12.646881] (f1tenth_controllers) CommandEnded: {'returncode': 0}
[12.685020] (-) TimerEvent: {}
[12.704099] (f1tenth_controllers) JobEnded: {'identifier': 'f1tenth_controllers', 'rc': 0}
[12.711034] (phasespace) JobStarted: {'identifier': 'phasespace'}
[12.715976] (teleop_tools_msgs) StdoutLine: {'line': b'-- Using all available rosidl_typesupport_cpp: rosidl_typesupport_fastrtps_cpp;rosidl_typesupport_introspection_cpp\n'}
[12.788374] (-) TimerEvent: {}
[12.894533] (-) TimerEvent: {}
[12.919523] (teleop_tools_msgs) StdoutLine: {'line': b'-- Found PythonInterp: /usr/bin/python3 (found suitable version "3.8.10", minimum required is "3.5") \n'}
[12.935995] (teleop_tools_msgs) StdoutLine: {'line': b'-- Found python_cmake_module: 0.8.1 (/opt/ros/foxy/share/python_cmake_module/cmake)\n'}
[12.994332] (-) TimerEvent: {}
[13.095945] (-) TimerEvent: {}
[13.131160] (vesc_msgs) StdoutLine: {'line': b'-- Using all available rosidl_typesupport_c: rosidl_typesupport_fastrtps_c;rosidl_typesupport_introspection_c\n'}
[13.172226] (teleop_tools_msgs) StdoutLine: {'line': b'-- Found PythonLibs: /usr/lib/aarch64-linux-gnu/libpython3.8.so (found suitable version "3.8.10", minimum required is "3.5") \n'}
[13.173441] (teleop_tools_msgs) StdoutLine: {'line': b'-- Using PYTHON_EXECUTABLE: /usr/bin/python3\n'}
[13.174136] (teleop_tools_msgs) StdoutLine: {'line': b'-- Using PYTHON_INCLUDE_DIRS: /usr/include/python3.8\n'}
[13.174562] (teleop_tools_msgs) StdoutLine: {'line': b'-- Using PYTHON_LIBRARIES: /usr/lib/aarch64-linux-gnu/libpython3.8.so\n'}
[13.196137] (-) TimerEvent: {}
[13.297187] (-) TimerEvent: {}
[13.355278] (teleop_tools_msgs) StdoutLine: {'line': b'-- Found PythonExtra: .so  \n'}
[13.397427] (-) TimerEvent: {}
[13.498526] (-) TimerEvent: {}
[13.599483] (-) TimerEvent: {}
[13.614361] (ackermann_mux) StdoutLine: {'line': b'-- Found ackermann_msgs: 2.0.2 (/opt/ros/foxy/share/ackermann_msgs/cmake)\n'}
[13.699874] (-) TimerEvent: {}
[13.806441] (-) TimerEvent: {}
[13.907814] (-) TimerEvent: {}
[13.966876] (teleop_tools_msgs) StdoutLine: {'line': b"-- Added test 'copyright' to check source files copyright and LICENSE\n"}
[13.988557] (teleop_tools_msgs) StdoutLine: {'line': b"-- Added test 'lint_cmake' to check CMake code style\n"}
[13.993375] (ackermann_mux) StdoutLine: {'line': b'-- Found diagnostic_updater: 3.1.2 (/opt/ros/foxy/share/diagnostic_updater/cmake)\n'}
[14.008034] (-) TimerEvent: {}
[14.011242] (teleop_tools_msgs) StdoutLine: {'line': b"-- Added test 'xmllint' to check XML markup files\n"}
[14.058042] (vesc_msgs) StdoutLine: {'line': b'-- Using all available rosidl_typesupport_cpp: rosidl_typesupport_fastrtps_cpp;rosidl_typesupport_introspection_cpp\n'}
[14.108271] (-) TimerEvent: {}
[14.114647] (teleop_tools_msgs) StdoutLine: {'line': b'-- Configuring done\n'}
[14.208517] (-) TimerEvent: {}
[14.233687] (vesc_msgs) StdoutLine: {'line': b'-- Found PythonInterp: /usr/bin/python3 (found suitable version "3.8.10", minimum required is "3.5") \n'}
[14.246274] (vesc_msgs) StdoutLine: {'line': b'-- Found python_cmake_module: 0.8.1 (/opt/ros/foxy/share/python_cmake_module/cmake)\n'}
[14.308769] (-) TimerEvent: {}
[14.409868] (-) TimerEvent: {}
[14.430119] (vesc_msgs) StdoutLine: {'line': b'-- Found PythonLibs: /usr/lib/aarch64-linux-gnu/libpython3.8.so (found suitable version "3.8.10", minimum required is "3.5") \n'}
[14.431338] (vesc_msgs) StdoutLine: {'line': b'-- Using PYTHON_EXECUTABLE: /usr/bin/python3\n'}
[14.431982] (vesc_msgs) StdoutLine: {'line': b'-- Using PYTHON_INCLUDE_DIRS: /usr/include/python3.8\n'}
[14.432484] (vesc_msgs) StdoutLine: {'line': b'-- Using PYTHON_LIBRARIES: /usr/lib/aarch64-linux-gnu/libpython3.8.so\n'}
[14.511143] (-) TimerEvent: {}
[14.571726] (vesc_msgs) StdoutLine: {'line': b'-- Found PythonExtra: .so  \n'}
[14.612667] (-) TimerEvent: {}
[14.666466] (teleop_tools_msgs) StdoutLine: {'line': b'-- Generating done\n'}
[14.669879] (ackermann_mux) StdoutLine: {'line': b'-- Found ament_lint_auto: 0.9.8 (/opt/ros/foxy/share/ament_lint_auto/cmake)\n'}
[14.700194] (teleop_tools_msgs) StdoutLine: {'line': b'-- Build files have been written to: /home/nvidia/f1tenth_ws/build/teleop_tools_msgs\n'}
[14.711501] (-) TimerEvent: {}
[14.813366] (-) TimerEvent: {}
[14.914655] (-) TimerEvent: {}
[15.015634] (-) TimerEvent: {}
[15.116728] (-) TimerEvent: {}
[15.217824] (-) TimerEvent: {}
[15.238519] (vesc_msgs) StdoutLine: {'line': b'-- Found ament_lint_auto: 0.9.8 (/opt/ros/foxy/share/ament_lint_auto/cmake)\n'}
[15.318242] (-) TimerEvent: {}
[15.418535] (vesc_msgs) StdoutLine: {'line': b"-- Added test 'copyright' to check source files copyright and LICENSE\n"}
[15.419383] (-) TimerEvent: {}
[15.435378] (vesc_msgs) StdoutLine: {'line': b"-- Added test 'lint_cmake' to check CMake code style\n"}
[15.447549] (vesc_msgs) StdoutLine: {'line': b"-- Added test 'xmllint' to check XML markup files\n"}
[15.495762] (vesc_msgs) StdoutLine: {'line': b'-- Configuring done\n'}
[15.512651] (ackermann_mux) StdoutLine: {'line': b'-- Found python_cmake_module: 0.8.1 (/opt/ros/foxy/share/python_cmake_module/cmake)\n'}
[15.519654] (-) TimerEvent: {}
[15.621105] (-) TimerEvent: {}
[15.647208] (ackermann_mux) StdoutLine: {'line': b'-- Found PythonInterp: /usr/bin/python3 (found suitable version "3.8.10", minimum required is "3.5") \n'}
[15.698060] (ackermann_mux) StdoutLine: {'line': b'-- Found PythonLibs: /usr/lib/aarch64-linux-gnu/libpython3.8.so (found suitable version "3.8.10", minimum required is "3.5") \n'}
[15.700152] (ackermann_mux) StdoutLine: {'line': b'-- Using PYTHON_EXECUTABLE: /usr/bin/python3\n'}
[15.700944] (ackermann_mux) StdoutLine: {'line': b'-- Using PYTHON_INCLUDE_DIRS: /usr/include/python3.8\n'}
[15.701516] (ackermann_mux) StdoutLine: {'line': b'-- Using PYTHON_LIBRARIES: /usr/lib/aarch64-linux-gnu/libpython3.8.so\n'}
[15.721348] (-) TimerEvent: {}
[15.822610] (-) TimerEvent: {}
[15.852550] (ackermann_mux) StdoutLine: {'line': b'-- Found PythonExtra: .so  \n'}
[15.922864] (-) TimerEvent: {}
[15.957251] (ackermann_mux) StdoutLine: {'line': b"-- Added test 'xmllint' to check XML markup files\n"}
[15.967211] (ackermann_mux) StdoutLine: {'line': b"-- Added test 'copyright' to check source files copyright and LICENSE\n"}
[15.983501] (vesc_msgs) StdoutLine: {'line': b'-- Generating done\n'}
[15.985857] (ackermann_mux) StdoutLine: {'line': b"-- Added test 'cppcheck' to perform static code analysis on C / C++ code\n"}
[15.988196] (ackermann_mux) StdoutLine: {'line': b'-- Configured cppcheck include dirs: /home/nvidia/f1tenth_ws/src/f1tenth_system/ackermann_mux/include\n'}
[15.988818] (ackermann_mux) StdoutLine: {'line': b'-- Configured cppcheck exclude dirs and/or files: \n'}
[16.002408] (vesc_msgs) StdoutLine: {'line': b'-- Build files have been written to: /home/nvidia/f1tenth_ws/build/vesc_msgs\n'}
[16.008102] (ackermann_mux) StdoutLine: {'line': b"-- Added test 'cpplint' to check C / C++ code against the Google style\n"}
[16.009797] (ackermann_mux) StdoutLine: {'line': b'-- Configured cpplint exclude dirs and/or files: \n'}
[16.015672] (ackermann_mux) StdoutLine: {'line': b"-- Added test 'flake8' to check Python code syntax and style conventions\n"}
[16.023104] (-) TimerEvent: {}
[16.027236] (ackermann_mux) StdoutLine: {'line': b"-- Added test 'lint_cmake' to check CMake code style\n"}
[16.033942] (ackermann_mux) StdoutLine: {'line': b"-- Added test 'pep257' to check Python code against some of the style conventions in PEP 257\n"}
[16.052413] (ackermann_mux) StdoutLine: {'line': b"-- Added test 'uncrustify' to check C / C++ code style\n"}
[16.053287] (ackermann_mux) StdoutLine: {'line': b'-- Configured uncrustify additional arguments: \n'}
[16.096289] (ackermann_mux) StdoutLine: {'line': b'-- Configuring done\n'}
[16.123421] (-) TimerEvent: {}
[16.170611] (ackermann_mux) StdoutLine: {'line': b'-- Generating done\n'}
[16.183337] (ackermann_mux) StdoutLine: {'line': b'-- Build files have been written to: /home/nvidia/f1tenth_ws/build/ackermann_mux\n'}
[16.206460] (teleop_tools_msgs) CommandEnded: {'returncode': 0}
[16.211783] (teleop_tools_msgs) JobProgress: {'identifier': 'teleop_tools_msgs', 'progress': 'build'}
[16.217158] (teleop_tools_msgs) Command: {'cmd': ['/usr/bin/cmake', '--build', '/home/nvidia/f1tenth_ws/build/teleop_tools_msgs', '--', '-j6', '-l6'], 'cwd': '/home/nvidia/f1tenth_ws/build/teleop_tools_msgs', 'env': OrderedDict([('LESSOPEN', '| /usr/bin/lesspipe %s'), ('USER', 'nvidia'), ('SSH_CLIENT', '192.168.1.108 51828 22'), ('XDG_SESSION_TYPE', 'tty'), ('SHLVL', '1'), ('LD_LIBRARY_PATH', '//home/nvidia/f1tenth_ws/install/vesc_driver/lib://home/nvidia/f1tenth_ws/install/vesc_ackermann/lib://home/nvidia/f1tenth_ws/install/vesc_msgs/lib://home/nvidia/f1tenth_ws/install/teleop_tools_msgs/lib:/usr/lib/aarch64-linux-gnu/gazebo-11/plugins:/opt/ros/foxy/opt/yaml_cpp_vendor/lib:/opt/ros/foxy/opt/rviz_ogre_vendor/lib:/opt/ros/foxy/lib/aarch64-linux-gnu:/opt/ros/foxy/lib:/usr/local/cuda-11.4/lib64:'), ('MOTD_SHOWN', 'pam'), ('HOME', '/home/nvidia'), ('OLDPWD', '/home/nvidia'), ('SSH_TTY', '/dev/pts/0'), ('ROS_PYTHON_VERSION', '3'), ('DBUS_SESSION_BUS_ADDRESS', 'unix:path=/run/user/1000/bus'), ('COLCON_PREFIX_PATH', '//home/nvidia/f1tenth_ws/install'), ('ROS_DISTRO', 'foxy'), ('LOGNAME', 'nvidia'), ('_', '/usr/bin/colcon'), ('ROS_VERSION', '2'), ('XDG_SESSION_CLASS', 'user'), ('TERM', 'xterm-256color'), ('XDG_SESSION_ID', '8'), ('GAZEBO_MODEL_PATH', ':/opt/ros/foxy/share/turtlebot3_gazebo/models'), ('ROS_LOCALHOST_ONLY', '0'), ('PATH', '/home/nvidia/.local/bin:/opt/ros/foxy/bin:/usr/local/cuda-11.4/bin:/usr/local/sbin:/usr/local/bin:/usr/sbin:/usr/bin:/sbin:/bin:/usr/games:/usr/local/games:/snap/bin'), ('XDG_RUNTIME_DIR', '/run/user/1000'), ('LANG', 'en_US.UTF-8'), ('LS_COLORS', 'rs=0:di=01;34:ln=01;36:mh=00:pi=40;33:so=01;35:do=01;35:bd=40;33;01:cd=40;33;01:or=40;31;01:mi=00:su=37;41:sg=30;43:ca=30;41:tw=30;42:ow=34;42:st=37;44:ex=01;32:*.tar=01;31:*.tgz=01;31:*.arc=01;31:*.arj=01;31:*.taz=01;31:*.lha=01;31:*.lz4=01;31:*.lzh=01;31:*.lzma=01;31:*.tlz=01;31:*.txz=01;31:*.tzo=01;31:*.t7z=01;31:*.zip=01;31:*.z=01;31:*.dz=01;31:*.gz=01;31:*.lrz=01;31:*.lz=01;31:*.lzo=01;31:*.xz=01;31:*.zst=01;31:*.tzst=01;31:*.bz2=01;31:*.bz=01;31:*.tbz=01;31:*.tbz2=01;31:*.tz=01;31:*.deb=01;31:*.rpm=01;31:*.jar=01;31:*.war=01;31:*.ear=01;31:*.sar=01;31:*.rar=01;31:*.alz=01;31:*.ace=01;31:*.zoo=01;31:*.cpio=01;31:*.7z=01;31:*.rz=01;31:*.cab=01;31:*.wim=01;31:*.swm=01;31:*.dwm=01;31:*.esd=01;31:*.jpg=01;35:*.jpeg=01;35:*.mjpg=01;35:*.mjpeg=01;35:*.gif=01;35:*.bmp=01;35:*.pbm=01;35:*.pgm=01;35:*.ppm=01;35:*.tga=01;35:*.xbm=01;35:*.xpm=01;35:*.tif=01;35:*.tiff=01;35:*.png=01;35:*.svg=01;35:*.svgz=01;35:*.mng=01;35:*.pcx=01;35:*.mov=01;35:*.mpg=01;35:*.mpeg=01;35:*.m2v=01;35:*.mkv=01;35:*.webm=01;35:*.ogm=01;35:*.mp4=01;35:*.m4v=01;35:*.mp4v=01;35:*.vob=01;35:*.qt=01;35:*.nuv=01;35:*.wmv=01;35:*.asf=01;35:*.rm=01;35:*.rmvb=01;35:*.flc=01;35:*.avi=01;35:*.fli=01;35:*.flv=01;35:*.gl=01;35:*.dl=01;35:*.xcf=01;35:*.xwd=01;35:*.yuv=01;35:*.cgm=01;35:*.emf=01;35:*.ogv=01;35:*.ogx=01;35:*.aac=00;36:*.au=00;36:*.flac=00;36:*.m4a=00;36:*.mid=00;36:*.midi=00;36:*.mka=00;36:*.mp3=00;36:*.mpc=00;36:*.ogg=00;36:*.ra=00;36:*.wav=00;36:*.oga=00;36:*.opus=00;36:*.spx=00;36:*.xspf=00;36:'), ('ROS_DOMAIN_ID', '10'), ('AMENT_PREFIX_PATH', '//home/nvidia/f1tenth_ws/install/f1tenth_stack://home/nvidia/f1tenth_ws/install/vesc://home/nvidia/f1tenth_ws/install/vesc_driver://home/nvidia/f1tenth_ws/install/vesc_ackermann://home/nvidia/f1tenth_ws/install/vesc_msgs://home/nvidia/f1tenth_ws/install/teleop_tools://home/nvidia/f1tenth_ws/install/joy_teleop://home/nvidia/f1tenth_ws/install/teleop_tools_msgs://home/nvidia/f1tenth_ws/install/pure_pursuit://home/nvidia/f1tenth_ws/install/phasespace://home/nvidia/f1tenth_ws/install/new_map_saver://home/nvidia/f1tenth_ws/install/mouse_teleop://home/nvidia/f1tenth_ws/install/mapping://home/nvidia/f1tenth_ws/install/key_teleop://home/nvidia/f1tenth_ws/install/f1tenth_controllers://home/nvidia/f1tenth_ws/install/ackermann_mux:/opt/ros/foxy'), ('SHELL', '/bin/bash'), ('LESSCLOSE', '/usr/bin/lesspipe %s %s'), ('PWD', '/home/nvidia/f1tenth_ws/build/teleop_tools_msgs'), ('TURTLEBOT3_MODEL', 'waffle'), ('LC_ALL', 'en_US.UTF-8'), ('SSH_CONNECTION', '192.168.1.108 51828 192.168.1.202 22'), ('XDG_DATA_DIRS', '/usr/local/share:/usr/share:/var/lib/snapd/desktop'), ('PYTHONPATH', '//home/nvidia/f1tenth_ws/install/f1tenth_stack/lib/python3.8/site-packages://home/nvidia/f1tenth_ws/install/vesc_msgs/lib/python3.8/site-packages://home/nvidia/f1tenth_ws/install/joy_teleop/lib/python3.8/site-packages://home/nvidia/f1tenth_ws/install/teleop_tools_msgs/lib/python3.8/site-packages://home/nvidia/f1tenth_ws/install/phasespace/lib/python3.8/site-packages://home/nvidia/f1tenth_ws/install/new_map_saver/lib/python3.8/site-packages://home/nvidia/f1tenth_ws/install/mouse_teleop/lib/python3.8/site-packages://home/nvidia/f1tenth_ws/install/mapping/lib/python3.8/site-packages://home/nvidia/f1tenth_ws/install/key_teleop/lib/python3.8/site-packages://home/nvidia/f1tenth_ws/install/f1tenth_controllers/lib/python3.8/site-packages:/opt/ros/foxy/lib/python3.8/site-packages'), ('COLCON', '1'), ('CMAKE_PREFIX_PATH', '//home/nvidia/f1tenth_ws/install/vesc://home/nvidia/f1tenth_ws/install/vesc_driver://home/nvidia/f1tenth_ws/install/vesc_ackermann://home/nvidia/f1tenth_ws/install/vesc_msgs://home/nvidia/f1tenth_ws/install/teleop_tools://home/nvidia/f1tenth_ws/install/teleop_tools_msgs://home/nvidia/f1tenth_ws/install/pure_pursuit://home/nvidia/f1tenth_ws/install/ackermann_mux://home/nvidia/f1tenth_ws/install/f1tenth_stack://home/nvidia/f1tenth_ws/install/joy_teleop://home/nvidia/f1tenth_ws/install/phasespace://home/nvidia/f1tenth_ws/install/new_map_saver://home/nvidia/f1tenth_ws/install/mouse_teleop://home/nvidia/f1tenth_ws/install/mapping://home/nvidia/f1tenth_ws/install/key_teleop://home/nvidia/f1tenth_ws/install/f1tenth_controllers:/opt/ros/foxy')]), 'shell': False}
[16.240079] (-) TimerEvent: {}
[16.244289] (vesc_msgs) CommandEnded: {'returncode': 0}
[16.247814] (vesc_msgs) JobProgress: {'identifier': 'vesc_msgs', 'progress': 'build'}
[16.249755] (vesc_msgs) Command: {'cmd': ['/usr/bin/cmake', '--build', '/home/nvidia/f1tenth_ws/build/vesc_msgs', '--', '-j6', '-l6'], 'cwd': '/home/nvidia/f1tenth_ws/build/vesc_msgs', 'env': OrderedDict([('LESSOPEN', '| /usr/bin/lesspipe %s'), ('USER', 'nvidia'), ('SSH_CLIENT', '192.168.1.108 51828 22'), ('XDG_SESSION_TYPE', 'tty'), ('SHLVL', '1'), ('LD_LIBRARY_PATH', '//home/nvidia/f1tenth_ws/install/vesc_driver/lib://home/nvidia/f1tenth_ws/install/vesc_ackermann/lib://home/nvidia/f1tenth_ws/install/vesc_msgs/lib://home/nvidia/f1tenth_ws/install/teleop_tools_msgs/lib:/usr/lib/aarch64-linux-gnu/gazebo-11/plugins:/opt/ros/foxy/opt/yaml_cpp_vendor/lib:/opt/ros/foxy/opt/rviz_ogre_vendor/lib:/opt/ros/foxy/lib/aarch64-linux-gnu:/opt/ros/foxy/lib:/usr/local/cuda-11.4/lib64:'), ('MOTD_SHOWN', 'pam'), ('HOME', '/home/nvidia'), ('OLDPWD', '/home/nvidia'), ('SSH_TTY', '/dev/pts/0'), ('ROS_PYTHON_VERSION', '3'), ('DBUS_SESSION_BUS_ADDRESS', 'unix:path=/run/user/1000/bus'), ('COLCON_PREFIX_PATH', '//home/nvidia/f1tenth_ws/install'), ('ROS_DISTRO', 'foxy'), ('LOGNAME', 'nvidia'), ('_', '/usr/bin/colcon'), ('ROS_VERSION', '2'), ('XDG_SESSION_CLASS', 'user'), ('TERM', 'xterm-256color'), ('XDG_SESSION_ID', '8'), ('GAZEBO_MODEL_PATH', ':/opt/ros/foxy/share/turtlebot3_gazebo/models'), ('ROS_LOCALHOST_ONLY', '0'), ('PATH', '/home/nvidia/.local/bin:/opt/ros/foxy/bin:/usr/local/cuda-11.4/bin:/usr/local/sbin:/usr/local/bin:/usr/sbin:/usr/bin:/sbin:/bin:/usr/games:/usr/local/games:/snap/bin'), ('XDG_RUNTIME_DIR', '/run/user/1000'), ('LANG', 'en_US.UTF-8'), ('LS_COLORS', 'rs=0:di=01;34:ln=01;36:mh=00:pi=40;33:so=01;35:do=01;35:bd=40;33;01:cd=40;33;01:or=40;31;01:mi=00:su=37;41:sg=30;43:ca=30;41:tw=30;42:ow=34;42:st=37;44:ex=01;32:*.tar=01;31:*.tgz=01;31:*.arc=01;31:*.arj=01;31:*.taz=01;31:*.lha=01;31:*.lz4=01;31:*.lzh=01;31:*.lzma=01;31:*.tlz=01;31:*.txz=01;31:*.tzo=01;31:*.t7z=01;31:*.zip=01;31:*.z=01;31:*.dz=01;31:*.gz=01;31:*.lrz=01;31:*.lz=01;31:*.lzo=01;31:*.xz=01;31:*.zst=01;31:*.tzst=01;31:*.bz2=01;31:*.bz=01;31:*.tbz=01;31:*.tbz2=01;31:*.tz=01;31:*.deb=01;31:*.rpm=01;31:*.jar=01;31:*.war=01;31:*.ear=01;31:*.sar=01;31:*.rar=01;31:*.alz=01;31:*.ace=01;31:*.zoo=01;31:*.cpio=01;31:*.7z=01;31:*.rz=01;31:*.cab=01;31:*.wim=01;31:*.swm=01;31:*.dwm=01;31:*.esd=01;31:*.jpg=01;35:*.jpeg=01;35:*.mjpg=01;35:*.mjpeg=01;35:*.gif=01;35:*.bmp=01;35:*.pbm=01;35:*.pgm=01;35:*.ppm=01;35:*.tga=01;35:*.xbm=01;35:*.xpm=01;35:*.tif=01;35:*.tiff=01;35:*.png=01;35:*.svg=01;35:*.svgz=01;35:*.mng=01;35:*.pcx=01;35:*.mov=01;35:*.mpg=01;35:*.mpeg=01;35:*.m2v=01;35:*.mkv=01;35:*.webm=01;35:*.ogm=01;35:*.mp4=01;35:*.m4v=01;35:*.mp4v=01;35:*.vob=01;35:*.qt=01;35:*.nuv=01;35:*.wmv=01;35:*.asf=01;35:*.rm=01;35:*.rmvb=01;35:*.flc=01;35:*.avi=01;35:*.fli=01;35:*.flv=01;35:*.gl=01;35:*.dl=01;35:*.xcf=01;35:*.xwd=01;35:*.yuv=01;35:*.cgm=01;35:*.emf=01;35:*.ogv=01;35:*.ogx=01;35:*.aac=00;36:*.au=00;36:*.flac=00;36:*.m4a=00;36:*.mid=00;36:*.midi=00;36:*.mka=00;36:*.mp3=00;36:*.mpc=00;36:*.ogg=00;36:*.ra=00;36:*.wav=00;36:*.oga=00;36:*.opus=00;36:*.spx=00;36:*.xspf=00;36:'), ('ROS_DOMAIN_ID', '10'), ('AMENT_PREFIX_PATH', '//home/nvidia/f1tenth_ws/install/f1tenth_stack://home/nvidia/f1tenth_ws/install/vesc://home/nvidia/f1tenth_ws/install/vesc_driver://home/nvidia/f1tenth_ws/install/vesc_ackermann://home/nvidia/f1tenth_ws/install/vesc_msgs://home/nvidia/f1tenth_ws/install/teleop_tools://home/nvidia/f1tenth_ws/install/joy_teleop://home/nvidia/f1tenth_ws/install/teleop_tools_msgs://home/nvidia/f1tenth_ws/install/pure_pursuit://home/nvidia/f1tenth_ws/install/phasespace://home/nvidia/f1tenth_ws/install/new_map_saver://home/nvidia/f1tenth_ws/install/mouse_teleop://home/nvidia/f1tenth_ws/install/mapping://home/nvidia/f1tenth_ws/install/key_teleop://home/nvidia/f1tenth_ws/install/f1tenth_controllers://home/nvidia/f1tenth_ws/install/ackermann_mux:/opt/ros/foxy'), ('SHELL', '/bin/bash'), ('LESSCLOSE', '/usr/bin/lesspipe %s %s'), ('PWD', '/home/nvidia/f1tenth_ws/build/vesc_msgs'), ('TURTLEBOT3_MODEL', 'waffle'), ('LC_ALL', 'en_US.UTF-8'), ('SSH_CONNECTION', '192.168.1.108 51828 192.168.1.202 22'), ('XDG_DATA_DIRS', '/usr/local/share:/usr/share:/var/lib/snapd/desktop'), ('PYTHONPATH', '//home/nvidia/f1tenth_ws/install/f1tenth_stack/lib/python3.8/site-packages://home/nvidia/f1tenth_ws/install/vesc_msgs/lib/python3.8/site-packages://home/nvidia/f1tenth_ws/install/joy_teleop/lib/python3.8/site-packages://home/nvidia/f1tenth_ws/install/teleop_tools_msgs/lib/python3.8/site-packages://home/nvidia/f1tenth_ws/install/phasespace/lib/python3.8/site-packages://home/nvidia/f1tenth_ws/install/new_map_saver/lib/python3.8/site-packages://home/nvidia/f1tenth_ws/install/mouse_teleop/lib/python3.8/site-packages://home/nvidia/f1tenth_ws/install/mapping/lib/python3.8/site-packages://home/nvidia/f1tenth_ws/install/key_teleop/lib/python3.8/site-packages://home/nvidia/f1tenth_ws/install/f1tenth_controllers/lib/python3.8/site-packages:/opt/ros/foxy/lib/python3.8/site-packages'), ('COLCON', '1'), ('CMAKE_PREFIX_PATH', '//home/nvidia/f1tenth_ws/install/vesc://home/nvidia/f1tenth_ws/install/vesc_driver://home/nvidia/f1tenth_ws/install/vesc_ackermann://home/nvidia/f1tenth_ws/install/vesc_msgs://home/nvidia/f1tenth_ws/install/teleop_tools://home/nvidia/f1tenth_ws/install/teleop_tools_msgs://home/nvidia/f1tenth_ws/install/pure_pursuit://home/nvidia/f1tenth_ws/install/ackermann_mux://home/nvidia/f1tenth_ws/install/f1tenth_stack://home/nvidia/f1tenth_ws/install/joy_teleop://home/nvidia/f1tenth_ws/install/phasespace://home/nvidia/f1tenth_ws/install/new_map_saver://home/nvidia/f1tenth_ws/install/mouse_teleop://home/nvidia/f1tenth_ws/install/mapping://home/nvidia/f1tenth_ws/install/key_teleop://home/nvidia/f1tenth_ws/install/f1tenth_controllers:/opt/ros/foxy')]), 'shell': False}
[16.324818] (mouse_teleop) Command: {'cmd': ['/usr/bin/python3', '-W', 'ignore:setup.py install is deprecated', 'setup.py', 'egg_info', '--egg-base', '../../../../build/mouse_teleop', 'build', '--build-base', '/home/nvidia/f1tenth_ws/build/mouse_teleop/build', 'install', '--record', '/home/nvidia/f1tenth_ws/build/mouse_teleop/install.log', '--install-scripts', '$base/lib/mouse_teleop', '--single-version-externally-managed', 'install_data'], 'cwd': '/home/nvidia/f1tenth_ws/src/f1tenth_system/teleop_tools/mouse_teleop', 'env': {'LESSOPEN': '| /usr/bin/lesspipe %s', 'USER': 'nvidia', 'SSH_CLIENT': '192.168.1.108 51828 22', 'XDG_SESSION_TYPE': 'tty', 'SHLVL': '1', 'LD_LIBRARY_PATH': '//home/nvidia/f1tenth_ws/install/vesc_driver/lib://home/nvidia/f1tenth_ws/install/vesc_ackermann/lib://home/nvidia/f1tenth_ws/install/vesc_msgs/lib://home/nvidia/f1tenth_ws/install/teleop_tools_msgs/lib:/usr/lib/aarch64-linux-gnu/gazebo-11/plugins:/opt/ros/foxy/opt/yaml_cpp_vendor/lib:/opt/ros/foxy/opt/rviz_ogre_vendor/lib:/opt/ros/foxy/lib/aarch64-linux-gnu:/opt/ros/foxy/lib:/usr/local/cuda-11.4/lib64:', 'MOTD_SHOWN': 'pam', 'HOME': '/home/nvidia', 'OLDPWD': '/home/nvidia', 'SSH_TTY': '/dev/pts/0', 'ROS_PYTHON_VERSION': '3', 'DBUS_SESSION_BUS_ADDRESS': 'unix:path=/run/user/1000/bus', 'COLCON_PREFIX_PATH': '//home/nvidia/f1tenth_ws/install', 'ROS_DISTRO': 'foxy', 'LOGNAME': 'nvidia', '_': '/usr/bin/colcon', 'ROS_VERSION': '2', 'XDG_SESSION_CLASS': 'user', 'TERM': 'xterm-256color', 'XDG_SESSION_ID': '8', 'GAZEBO_MODEL_PATH': ':/opt/ros/foxy/share/turtlebot3_gazebo/models', 'ROS_LOCALHOST_ONLY': '0', 'PATH': '/home/nvidia/.local/bin:/opt/ros/foxy/bin:/usr/local/cuda-11.4/bin:/usr/local/sbin:/usr/local/bin:/usr/sbin:/usr/bin:/sbin:/bin:/usr/games:/usr/local/games:/snap/bin', 'XDG_RUNTIME_DIR': '/run/user/1000', 'LANG': 'en_US.UTF-8', 'LS_COLORS': 'rs=0:di=01;34:ln=01;36:mh=00:pi=40;33:so=01;35:do=01;35:bd=40;33;01:cd=40;33;01:or=40;31;01:mi=00:su=37;41:sg=30;43:ca=30;41:tw=30;42:ow=34;42:st=37;44:ex=01;32:*.tar=01;31:*.tgz=01;31:*.arc=01;31:*.arj=01;31:*.taz=01;31:*.lha=01;31:*.lz4=01;31:*.lzh=01;31:*.lzma=01;31:*.tlz=01;31:*.txz=01;31:*.tzo=01;31:*.t7z=01;31:*.zip=01;31:*.z=01;31:*.dz=01;31:*.gz=01;31:*.lrz=01;31:*.lz=01;31:*.lzo=01;31:*.xz=01;31:*.zst=01;31:*.tzst=01;31:*.bz2=01;31:*.bz=01;31:*.tbz=01;31:*.tbz2=01;31:*.tz=01;31:*.deb=01;31:*.rpm=01;31:*.jar=01;31:*.war=01;31:*.ear=01;31:*.sar=01;31:*.rar=01;31:*.alz=01;31:*.ace=01;31:*.zoo=01;31:*.cpio=01;31:*.7z=01;31:*.rz=01;31:*.cab=01;31:*.wim=01;31:*.swm=01;31:*.dwm=01;31:*.esd=01;31:*.jpg=01;35:*.jpeg=01;35:*.mjpg=01;35:*.mjpeg=01;35:*.gif=01;35:*.bmp=01;35:*.pbm=01;35:*.pgm=01;35:*.ppm=01;35:*.tga=01;35:*.xbm=01;35:*.xpm=01;35:*.tif=01;35:*.tiff=01;35:*.png=01;35:*.svg=01;35:*.svgz=01;35:*.mng=01;35:*.pcx=01;35:*.mov=01;35:*.mpg=01;35:*.mpeg=01;35:*.m2v=01;35:*.mkv=01;35:*.webm=01;35:*.ogm=01;35:*.mp4=01;35:*.m4v=01;35:*.mp4v=01;35:*.vob=01;35:*.qt=01;35:*.nuv=01;35:*.wmv=01;35:*.asf=01;35:*.rm=01;35:*.rmvb=01;35:*.flc=01;35:*.avi=01;35:*.fli=01;35:*.flv=01;35:*.gl=01;35:*.dl=01;35:*.xcf=01;35:*.xwd=01;35:*.yuv=01;35:*.cgm=01;35:*.emf=01;35:*.ogv=01;35:*.ogx=01;35:*.aac=00;36:*.au=00;36:*.flac=00;36:*.m4a=00;36:*.mid=00;36:*.midi=00;36:*.mka=00;36:*.mp3=00;36:*.mpc=00;36:*.ogg=00;36:*.ra=00;36:*.wav=00;36:*.oga=00;36:*.opus=00;36:*.spx=00;36:*.xspf=00;36:', 'ROS_DOMAIN_ID': '10', 'AMENT_PREFIX_PATH': '//home/nvidia/f1tenth_ws/install/f1tenth_stack://home/nvidia/f1tenth_ws/install/vesc://home/nvidia/f1tenth_ws/install/vesc_driver://home/nvidia/f1tenth_ws/install/vesc_ackermann://home/nvidia/f1tenth_ws/install/vesc_msgs://home/nvidia/f1tenth_ws/install/teleop_tools://home/nvidia/f1tenth_ws/install/joy_teleop://home/nvidia/f1tenth_ws/install/teleop_tools_msgs://home/nvidia/f1tenth_ws/install/pure_pursuit://home/nvidia/f1tenth_ws/install/phasespace://home/nvidia/f1tenth_ws/install/new_map_saver://home/nvidia/f1tenth_ws/install/mouse_teleop://home/nvidia/f1tenth_ws/install/mapping://home/nvidia/f1tenth_ws/install/key_teleop://home/nvidia/f1tenth_ws/install/f1tenth_controllers://home/nvidia/f1tenth_ws/install/ackermann_mux:/opt/ros/foxy', 'SHELL': '/bin/bash', 'LESSCLOSE': '/usr/bin/lesspipe %s %s', 'PWD': '/home/nvidia/f1tenth_ws/build/mouse_teleop', 'TURTLEBOT3_MODEL': 'waffle', 'LC_ALL': 'en_US.UTF-8', 'SSH_CONNECTION': '192.168.1.108 51828 192.168.1.202 22', 'XDG_DATA_DIRS': '/usr/local/share:/usr/share:/var/lib/snapd/desktop', 'PYTHONPATH': '/home/nvidia/f1tenth_ws/build/mouse_teleop/prefix_override:/usr/lib/python3/dist-packages/colcon_core/task/python/colcon_distutils_commands:/home/nvidia/f1tenth_ws/install/mouse_teleop/lib/python3.8/site-packages://home/nvidia/f1tenth_ws/install/f1tenth_stack/lib/python3.8/site-packages://home/nvidia/f1tenth_ws/install/vesc_msgs/lib/python3.8/site-packages://home/nvidia/f1tenth_ws/install/joy_teleop/lib/python3.8/site-packages://home/nvidia/f1tenth_ws/install/teleop_tools_msgs/lib/python3.8/site-packages://home/nvidia/f1tenth_ws/install/phasespace/lib/python3.8/site-packages://home/nvidia/f1tenth_ws/install/new_map_saver/lib/python3.8/site-packages://home/nvidia/f1tenth_ws/install/mouse_teleop/lib/python3.8/site-packages://home/nvidia/f1tenth_ws/install/mapping/lib/python3.8/site-packages://home/nvidia/f1tenth_ws/install/key_teleop/lib/python3.8/site-packages://home/nvidia/f1tenth_ws/install/f1tenth_controllers/lib/python3.8/site-packages:/opt/ros/foxy/lib/python3.8/site-packages', 'COLCON': '1', 'CMAKE_PREFIX_PATH': '//home/nvidia/f1tenth_ws/install/vesc://home/nvidia/f1tenth_ws/install/vesc_driver://home/nvidia/f1tenth_ws/install/vesc_ackermann://home/nvidia/f1tenth_ws/install/vesc_msgs://home/nvidia/f1tenth_ws/install/teleop_tools://home/nvidia/f1tenth_ws/install/teleop_tools_msgs://home/nvidia/f1tenth_ws/install/pure_pursuit://home/nvidia/f1tenth_ws/install/ackermann_mux'}, 'shell': False}
[16.348633] (-) TimerEvent: {}
[16.404784] (ackermann_mux) CommandEnded: {'returncode': 0}
[16.414796] (ackermann_mux) JobProgress: {'identifier': 'ackermann_mux', 'progress': 'build'}
[16.419341] (ackermann_mux) Command: {'cmd': ['/usr/bin/cmake', '--build', '/home/nvidia/f1tenth_ws/build/ackermann_mux', '--', '-j6', '-l6'], 'cwd': '/home/nvidia/f1tenth_ws/build/ackermann_mux', 'env': OrderedDict([('LESSOPEN', '| /usr/bin/lesspipe %s'), ('USER', 'nvidia'), ('SSH_CLIENT', '192.168.1.108 51828 22'), ('XDG_SESSION_TYPE', 'tty'), ('SHLVL', '1'), ('LD_LIBRARY_PATH', '//home/nvidia/f1tenth_ws/install/vesc_driver/lib://home/nvidia/f1tenth_ws/install/vesc_ackermann/lib://home/nvidia/f1tenth_ws/install/vesc_msgs/lib://home/nvidia/f1tenth_ws/install/teleop_tools_msgs/lib:/usr/lib/aarch64-linux-gnu/gazebo-11/plugins:/opt/ros/foxy/opt/yaml_cpp_vendor/lib:/opt/ros/foxy/opt/rviz_ogre_vendor/lib:/opt/ros/foxy/lib/aarch64-linux-gnu:/opt/ros/foxy/lib:/usr/local/cuda-11.4/lib64:'), ('MOTD_SHOWN', 'pam'), ('HOME', '/home/nvidia'), ('OLDPWD', '/home/nvidia'), ('SSH_TTY', '/dev/pts/0'), ('ROS_PYTHON_VERSION', '3'), ('DBUS_SESSION_BUS_ADDRESS', 'unix:path=/run/user/1000/bus'), ('COLCON_PREFIX_PATH', '//home/nvidia/f1tenth_ws/install'), ('ROS_DISTRO', 'foxy'), ('LOGNAME', 'nvidia'), ('_', '/usr/bin/colcon'), ('ROS_VERSION', '2'), ('XDG_SESSION_CLASS', 'user'), ('TERM', 'xterm-256color'), ('XDG_SESSION_ID', '8'), ('GAZEBO_MODEL_PATH', ':/opt/ros/foxy/share/turtlebot3_gazebo/models'), ('ROS_LOCALHOST_ONLY', '0'), ('PATH', '/home/nvidia/.local/bin:/opt/ros/foxy/bin:/usr/local/cuda-11.4/bin:/usr/local/sbin:/usr/local/bin:/usr/sbin:/usr/bin:/sbin:/bin:/usr/games:/usr/local/games:/snap/bin'), ('XDG_RUNTIME_DIR', '/run/user/1000'), ('LANG', 'en_US.UTF-8'), ('LS_COLORS', 'rs=0:di=01;34:ln=01;36:mh=00:pi=40;33:so=01;35:do=01;35:bd=40;33;01:cd=40;33;01:or=40;31;01:mi=00:su=37;41:sg=30;43:ca=30;41:tw=30;42:ow=34;42:st=37;44:ex=01;32:*.tar=01;31:*.tgz=01;31:*.arc=01;31:*.arj=01;31:*.taz=01;31:*.lha=01;31:*.lz4=01;31:*.lzh=01;31:*.lzma=01;31:*.tlz=01;31:*.txz=01;31:*.tzo=01;31:*.t7z=01;31:*.zip=01;31:*.z=01;31:*.dz=01;31:*.gz=01;31:*.lrz=01;31:*.lz=01;31:*.lzo=01;31:*.xz=01;31:*.zst=01;31:*.tzst=01;31:*.bz2=01;31:*.bz=01;31:*.tbz=01;31:*.tbz2=01;31:*.tz=01;31:*.deb=01;31:*.rpm=01;31:*.jar=01;31:*.war=01;31:*.ear=01;31:*.sar=01;31:*.rar=01;31:*.alz=01;31:*.ace=01;31:*.zoo=01;31:*.cpio=01;31:*.7z=01;31:*.rz=01;31:*.cab=01;31:*.wim=01;31:*.swm=01;31:*.dwm=01;31:*.esd=01;31:*.jpg=01;35:*.jpeg=01;35:*.mjpg=01;35:*.mjpeg=01;35:*.gif=01;35:*.bmp=01;35:*.pbm=01;35:*.pgm=01;35:*.ppm=01;35:*.tga=01;35:*.xbm=01;35:*.xpm=01;35:*.tif=01;35:*.tiff=01;35:*.png=01;35:*.svg=01;35:*.svgz=01;35:*.mng=01;35:*.pcx=01;35:*.mov=01;35:*.mpg=01;35:*.mpeg=01;35:*.m2v=01;35:*.mkv=01;35:*.webm=01;35:*.ogm=01;35:*.mp4=01;35:*.m4v=01;35:*.mp4v=01;35:*.vob=01;35:*.qt=01;35:*.nuv=01;35:*.wmv=01;35:*.asf=01;35:*.rm=01;35:*.rmvb=01;35:*.flc=01;35:*.avi=01;35:*.fli=01;35:*.flv=01;35:*.gl=01;35:*.dl=01;35:*.xcf=01;35:*.xwd=01;35:*.yuv=01;35:*.cgm=01;35:*.emf=01;35:*.ogv=01;35:*.ogx=01;35:*.aac=00;36:*.au=00;36:*.flac=00;36:*.m4a=00;36:*.mid=00;36:*.midi=00;36:*.mka=00;36:*.mp3=00;36:*.mpc=00;36:*.ogg=00;36:*.ra=00;36:*.wav=00;36:*.oga=00;36:*.opus=00;36:*.spx=00;36:*.xspf=00;36:'), ('ROS_DOMAIN_ID', '10'), ('AMENT_PREFIX_PATH', '//home/nvidia/f1tenth_ws/install/f1tenth_stack://home/nvidia/f1tenth_ws/install/vesc://home/nvidia/f1tenth_ws/install/vesc_driver://home/nvidia/f1tenth_ws/install/vesc_ackermann://home/nvidia/f1tenth_ws/install/vesc_msgs://home/nvidia/f1tenth_ws/install/teleop_tools://home/nvidia/f1tenth_ws/install/joy_teleop://home/nvidia/f1tenth_ws/install/teleop_tools_msgs://home/nvidia/f1tenth_ws/install/pure_pursuit://home/nvidia/f1tenth_ws/install/phasespace://home/nvidia/f1tenth_ws/install/new_map_saver://home/nvidia/f1tenth_ws/install/mouse_teleop://home/nvidia/f1tenth_ws/install/mapping://home/nvidia/f1tenth_ws/install/key_teleop://home/nvidia/f1tenth_ws/install/f1tenth_controllers://home/nvidia/f1tenth_ws/install/ackermann_mux:/opt/ros/foxy'), ('SHELL', '/bin/bash'), ('LESSCLOSE', '/usr/bin/lesspipe %s %s'), ('PWD', '/home/nvidia/f1tenth_ws/build/ackermann_mux'), ('TURTLEBOT3_MODEL', 'waffle'), ('LC_ALL', 'en_US.UTF-8'), ('SSH_CONNECTION', '192.168.1.108 51828 192.168.1.202 22'), ('XDG_DATA_DIRS', '/usr/local/share:/usr/share:/var/lib/snapd/desktop'), ('PYTHONPATH', '//home/nvidia/f1tenth_ws/install/f1tenth_stack/lib/python3.8/site-packages://home/nvidia/f1tenth_ws/install/vesc_msgs/lib/python3.8/site-packages://home/nvidia/f1tenth_ws/install/joy_teleop/lib/python3.8/site-packages://home/nvidia/f1tenth_ws/install/teleop_tools_msgs/lib/python3.8/site-packages://home/nvidia/f1tenth_ws/install/phasespace/lib/python3.8/site-packages://home/nvidia/f1tenth_ws/install/new_map_saver/lib/python3.8/site-packages://home/nvidia/f1tenth_ws/install/mouse_teleop/lib/python3.8/site-packages://home/nvidia/f1tenth_ws/install/mapping/lib/python3.8/site-packages://home/nvidia/f1tenth_ws/install/key_teleop/lib/python3.8/site-packages://home/nvidia/f1tenth_ws/install/f1tenth_controllers/lib/python3.8/site-packages:/opt/ros/foxy/lib/python3.8/site-packages'), ('COLCON', '1'), ('CMAKE_PREFIX_PATH', '//home/nvidia/f1tenth_ws/install/vesc://home/nvidia/f1tenth_ws/install/vesc_driver://home/nvidia/f1tenth_ws/install/vesc_ackermann://home/nvidia/f1tenth_ws/install/vesc_msgs://home/nvidia/f1tenth_ws/install/teleop_tools://home/nvidia/f1tenth_ws/install/teleop_tools_msgs://home/nvidia/f1tenth_ws/install/pure_pursuit://home/nvidia/f1tenth_ws/install/ackermann_mux://home/nvidia/f1tenth_ws/install/f1tenth_stack://home/nvidia/f1tenth_ws/install/joy_teleop://home/nvidia/f1tenth_ws/install/phasespace://home/nvidia/f1tenth_ws/install/new_map_saver://home/nvidia/f1tenth_ws/install/mouse_teleop://home/nvidia/f1tenth_ws/install/mapping://home/nvidia/f1tenth_ws/install/key_teleop://home/nvidia/f1tenth_ws/install/f1tenth_controllers:/opt/ros/foxy')]), 'shell': False}
[16.440115] (teleop_tools_msgs) StdoutLine: {'line': b'-- Found ament_cmake: 0.9.12 (/opt/ros/foxy/share/ament_cmake/cmake)\n'}
[16.449914] (-) TimerEvent: {}
[16.533992] (vesc_msgs) StdoutLine: {'line': b'-- Found ament_cmake_auto: 0.9.12 (/opt/ros/foxy/share/ament_cmake_auto/cmake)\n'}
[16.550132] (-) TimerEvent: {}
[16.578493] (teleop_tools_msgs) StdoutLine: {'line': b'-- Found PythonInterp: /usr/bin/python3 (found suitable version "3.8.10", minimum required is "3") \n'}
[16.579626] (teleop_tools_msgs) StdoutLine: {'line': b'-- Using PYTHON_EXECUTABLE: /usr/bin/python3\n'}
[16.650367] (-) TimerEvent: {}
[16.737982] (vesc_msgs) StdoutLine: {'line': b'-- Found PythonInterp: /usr/bin/python3 (found suitable version "3.8.10", minimum required is "3") \n'}
[16.738720] (vesc_msgs) StdoutLine: {'line': b'-- Using PYTHON_EXECUTABLE: /usr/bin/python3\n'}
[16.750618] (-) TimerEvent: {}
[16.825958] (ackermann_mux) StdoutLine: {'line': b'-- Found ament_cmake: 0.9.12 (/opt/ros/foxy/share/ament_cmake/cmake)\n'}
[16.850867] (-) TimerEvent: {}
[16.951826] (-) TimerEvent: {}
[17.028484] (ackermann_mux) StdoutLine: {'line': b'-- Found PythonInterp: /usr/bin/python3 (found suitable version "3.8.10", minimum required is "3") \n'}
[17.032793] (ackermann_mux) StdoutLine: {'line': b'-- Using PYTHON_EXECUTABLE: /usr/bin/python3\n'}
[17.052061] (-) TimerEvent: {}
[17.153061] (-) TimerEvent: {}
[17.254426] (-) TimerEvent: {}
[17.355414] (-) TimerEvent: {}
[17.456422] (-) TimerEvent: {}
[17.557369] (-) TimerEvent: {}
[17.658512] (-) TimerEvent: {}
[17.760736] (-) TimerEvent: {}
[17.861811] (-) TimerEvent: {}
[17.962946] (-) TimerEvent: {}
[18.052535] (teleop_tools_msgs) StdoutLine: {'line': b'-- Found rosidl_default_generators: 1.0.1 (/opt/ros/foxy/share/rosidl_default_generators/cmake)\n'}
[18.063149] (-) TimerEvent: {}
[18.085852] (teleop_tools_msgs) StdoutLine: {'line': b'-- Using all available rosidl_typesupport_c: rosidl_typesupport_fastrtps_c;rosidl_typesupport_introspection_c\n'}
[18.095834] (mouse_teleop) StdoutLine: {'line': b'running egg_info\n'}
[18.099245] (mouse_teleop) StdoutLine: {'line': b'creating ../../../../build/mouse_teleop/mouse_teleop.egg-info\n'}
[18.101073] (mouse_teleop) StdoutLine: {'line': b'writing ../../../../build/mouse_teleop/mouse_teleop.egg-info/PKG-INFO\n'}
[18.105029] (mouse_teleop) StdoutLine: {'line': b'writing dependency_links to ../../../../build/mouse_teleop/mouse_teleop.egg-info/dependency_links.txt\n'}
[18.107231] (mouse_teleop) StdoutLine: {'line': b'writing entry points to ../../../../build/mouse_teleop/mouse_teleop.egg-info/entry_points.txt\n'}
[18.107986] (mouse_teleop) StdoutLine: {'line': b'writing requirements to ../../../../build/mouse_teleop/mouse_teleop.egg-info/requires.txt\n'}
[18.108464] (mouse_teleop) StdoutLine: {'line': b'writing top-level names to ../../../../build/mouse_teleop/mouse_teleop.egg-info/top_level.txt\n'}
[18.110427] (teleop_tools_msgs) StdoutLine: {'line': b'-- Found rosidl_adapter: 1.3.1 (/opt/ros/foxy/share/rosidl_adapter/cmake)\n'}
[18.114600] (mouse_teleop) StdoutLine: {'line': b"writing manifest file '../../../../build/mouse_teleop/mouse_teleop.egg-info/SOURCES.txt'\n"}
[18.163376] (-) TimerEvent: {}
[18.264370] (-) TimerEvent: {}
[18.344064] (mouse_teleop) StdoutLine: {'line': b"reading manifest file '../../../../build/mouse_teleop/mouse_teleop.egg-info/SOURCES.txt'\n"}
[18.348558] (mouse_teleop) StdoutLine: {'line': b"writing manifest file '../../../../build/mouse_teleop/mouse_teleop.egg-info/SOURCES.txt'\n"}
[18.350022] (mouse_teleop) StdoutLine: {'line': b'running build\n'}
[18.350532] (mouse_teleop) StdoutLine: {'line': b'running build_py\n'}
[18.351242] (mouse_teleop) StdoutLine: {'line': b'creating /home/nvidia/f1tenth_ws/build/mouse_teleop/build\n'}
[18.352042] (mouse_teleop) StdoutLine: {'line': b'creating /home/nvidia/f1tenth_ws/build/mouse_teleop/build/lib\n'}
[18.352676] (mouse_teleop) StdoutLine: {'line': b'creating /home/nvidia/f1tenth_ws/build/mouse_teleop/build/lib/mouse_teleop\n'}
[18.353108] (mouse_teleop) StdoutLine: {'line': b'copying mouse_teleop/__init__.py -> /home/nvidia/f1tenth_ws/build/mouse_teleop/build/lib/mouse_teleop\n'}
[18.353824] (mouse_teleop) StdoutLine: {'line': b'copying mouse_teleop/mouse_teleop.py -> /home/nvidia/f1tenth_ws/build/mouse_teleop/build/lib/mouse_teleop\n'}
[18.356518] (mouse_teleop) StdoutLine: {'line': b'running install\n'}
[18.364101] (mouse_teleop) StdoutLine: {'line': b'running install_lib\n'}
[18.364749] (-) TimerEvent: {}
[18.373599] (mouse_teleop) StdoutLine: {'line': b'creating /home/nvidia/f1tenth_ws/install/mouse_teleop/lib/python3.8/site-packages/mouse_teleop\n'}
[18.375279] (mouse_teleop) StdoutLine: {'line': b'copying /home/nvidia/f1tenth_ws/build/mouse_teleop/build/lib/mouse_teleop/__init__.py -> /home/nvidia/f1tenth_ws/install/mouse_teleop/lib/python3.8/site-packages/mouse_teleop\n'}
[18.376949] (mouse_teleop) StdoutLine: {'line': b'copying /home/nvidia/f1tenth_ws/build/mouse_teleop/build/lib/mouse_teleop/mouse_teleop.py -> /home/nvidia/f1tenth_ws/install/mouse_teleop/lib/python3.8/site-packages/mouse_teleop\n'}
[18.389252] (mouse_teleop) StdoutLine: {'line': b'byte-compiling /home/nvidia/f1tenth_ws/install/mouse_teleop/lib/python3.8/site-packages/mouse_teleop/__init__.py to __init__.cpython-38.pyc\n'}
[18.398330] (mouse_teleop) StdoutLine: {'line': b'byte-compiling /home/nvidia/f1tenth_ws/install/mouse_teleop/lib/python3.8/site-packages/mouse_teleop/mouse_teleop.py to mouse_teleop.cpython-38.pyc\n'}
[18.414520] (mouse_teleop) StdoutLine: {'line': b'running install_data\n'}
[18.417020] (mouse_teleop) StdoutLine: {'line': b'copying package.xml -> /home/nvidia/f1tenth_ws/install/mouse_teleop/share/mouse_teleop\n'}
[18.417778] (mouse_teleop) StdoutLine: {'line': b'creating /home/nvidia/f1tenth_ws/install/mouse_teleop/share/mouse_teleop/config\n'}
[18.419520] (mouse_teleop) StdoutLine: {'line': b'copying config/mouse_teleop.yaml -> /home/nvidia/f1tenth_ws/install/mouse_teleop/share/mouse_teleop/config\n'}
[18.423606] (mouse_teleop) StdoutLine: {'line': b'creating /home/nvidia/f1tenth_ws/install/mouse_teleop/share/mouse_teleop/launch\n'}
[18.427170] (mouse_teleop) StdoutLine: {'line': b'copying launch/mouse_teleop.launch.py -> /home/nvidia/f1tenth_ws/install/mouse_teleop/share/mouse_teleop/launch\n'}
[18.437543] (mouse_teleop) StdoutLine: {'line': b'creating /home/nvidia/f1tenth_ws/install/mouse_teleop/share/ament_index\n'}
[18.438843] (mouse_teleop) StdoutLine: {'line': b'creating /home/nvidia/f1tenth_ws/install/mouse_teleop/share/ament_index/resource_index\n'}
[18.439319] (mouse_teleop) StdoutLine: {'line': b'creating /home/nvidia/f1tenth_ws/install/mouse_teleop/share/ament_index/resource_index/packages\n'}
[18.439728] (mouse_teleop) StdoutLine: {'line': b'copying resource/mouse_teleop -> /home/nvidia/f1tenth_ws/install/mouse_teleop/share/ament_index/resource_index/packages\n'}
[18.440107] (mouse_teleop) StdoutLine: {'line': b'running install_egg_info\n'}
[18.459916] (mouse_teleop) StdoutLine: {'line': b'Copying ../../../../build/mouse_teleop/mouse_teleop.egg-info to /home/nvidia/f1tenth_ws/install/mouse_teleop/lib/python3.8/site-packages/mouse_teleop-0.3.0-py3.8.egg-info\n'}
[18.466320] (mouse_teleop) StdoutLine: {'line': b'running install_scripts\n'}
[18.467237] (-) TimerEvent: {}
[18.568101] (-) TimerEvent: {}
[18.569725] (mouse_teleop) StdoutLine: {'line': b'Installing mouse_teleop script to /home/nvidia/f1tenth_ws/install/mouse_teleop/lib/mouse_teleop\n'}
[18.571445] (mouse_teleop) StdoutLine: {'line': b"writing list of installed files to '/home/nvidia/f1tenth_ws/build/mouse_teleop/install.log'\n"}
[18.572401] (ackermann_mux) StdoutLine: {'line': b'-- Found rclcpp: 2.4.3 (/opt/ros/foxy/share/rclcpp/cmake)\n'}
[18.668365] (-) TimerEvent: {}
[18.695209] (mouse_teleop) CommandEnded: {'returncode': 0}
[18.774228] (-) TimerEvent: {}
[18.817710] (mouse_teleop) JobEnded: {'identifier': 'mouse_teleop', 'rc': 0}
[18.828435] (pure_pursuit) JobStarted: {'identifier': 'pure_pursuit'}
[18.880096] (-) TimerEvent: {}
[18.919859] (ackermann_mux) StdoutLine: {'line': b'-- Using all available rosidl_typesupport_c: rosidl_typesupport_fastrtps_c;rosidl_typesupport_introspection_c\n'}
[18.933503] (pure_pursuit) JobProgress: {'identifier': 'pure_pursuit', 'progress': 'cmake'}
[18.935921] (pure_pursuit) Command: {'cmd': ['/usr/bin/cmake', '/home/nvidia/f1tenth_ws/src/pure_pursuit', '-DCMAKE_INSTALL_PREFIX=/home/nvidia/f1tenth_ws/install/pure_pursuit'], 'cwd': '/home/nvidia/f1tenth_ws/build/pure_pursuit', 'env': OrderedDict([('LESSOPEN', '| /usr/bin/lesspipe %s'), ('USER', 'nvidia'), ('SSH_CLIENT', '192.168.1.108 51828 22'), ('XDG_SESSION_TYPE', 'tty'), ('SHLVL', '1'), ('LD_LIBRARY_PATH', '//home/nvidia/f1tenth_ws/install/vesc_driver/lib://home/nvidia/f1tenth_ws/install/vesc_ackermann/lib://home/nvidia/f1tenth_ws/install/vesc_msgs/lib://home/nvidia/f1tenth_ws/install/teleop_tools_msgs/lib:/usr/lib/aarch64-linux-gnu/gazebo-11/plugins:/opt/ros/foxy/opt/yaml_cpp_vendor/lib:/opt/ros/foxy/opt/rviz_ogre_vendor/lib:/opt/ros/foxy/lib/aarch64-linux-gnu:/opt/ros/foxy/lib:/usr/local/cuda-11.4/lib64:'), ('MOTD_SHOWN', 'pam'), ('HOME', '/home/nvidia'), ('OLDPWD', '/home/nvidia'), ('SSH_TTY', '/dev/pts/0'), ('ROS_PYTHON_VERSION', '3'), ('DBUS_SESSION_BUS_ADDRESS', 'unix:path=/run/user/1000/bus'), ('COLCON_PREFIX_PATH', '//home/nvidia/f1tenth_ws/install'), ('ROS_DISTRO', 'foxy'), ('LOGNAME', 'nvidia'), ('_', '/usr/bin/colcon'), ('ROS_VERSION', '2'), ('XDG_SESSION_CLASS', 'user'), ('TERM', 'xterm-256color'), ('XDG_SESSION_ID', '8'), ('GAZEBO_MODEL_PATH', ':/opt/ros/foxy/share/turtlebot3_gazebo/models'), ('ROS_LOCALHOST_ONLY', '0'), ('PATH', '/home/nvidia/.local/bin:/opt/ros/foxy/bin:/usr/local/cuda-11.4/bin:/usr/local/sbin:/usr/local/bin:/usr/sbin:/usr/bin:/sbin:/bin:/usr/games:/usr/local/games:/snap/bin'), ('XDG_RUNTIME_DIR', '/run/user/1000'), ('LANG', 'en_US.UTF-8'), ('LS_COLORS', 'rs=0:di=01;34:ln=01;36:mh=00:pi=40;33:so=01;35:do=01;35:bd=40;33;01:cd=40;33;01:or=40;31;01:mi=00:su=37;41:sg=30;43:ca=30;41:tw=30;42:ow=34;42:st=37;44:ex=01;32:*.tar=01;31:*.tgz=01;31:*.arc=01;31:*.arj=01;31:*.taz=01;31:*.lha=01;31:*.lz4=01;31:*.lzh=01;31:*.lzma=01;31:*.tlz=01;31:*.txz=01;31:*.tzo=01;31:*.t7z=01;31:*.zip=01;31:*.z=01;31:*.dz=01;31:*.gz=01;31:*.lrz=01;31:*.lz=01;31:*.lzo=01;31:*.xz=01;31:*.zst=01;31:*.tzst=01;31:*.bz2=01;31:*.bz=01;31:*.tbz=01;31:*.tbz2=01;31:*.tz=01;31:*.deb=01;31:*.rpm=01;31:*.jar=01;31:*.war=01;31:*.ear=01;31:*.sar=01;31:*.rar=01;31:*.alz=01;31:*.ace=01;31:*.zoo=01;31:*.cpio=01;31:*.7z=01;31:*.rz=01;31:*.cab=01;31:*.wim=01;31:*.swm=01;31:*.dwm=01;31:*.esd=01;31:*.jpg=01;35:*.jpeg=01;35:*.mjpg=01;35:*.mjpeg=01;35:*.gif=01;35:*.bmp=01;35:*.pbm=01;35:*.pgm=01;35:*.ppm=01;35:*.tga=01;35:*.xbm=01;35:*.xpm=01;35:*.tif=01;35:*.tiff=01;35:*.png=01;35:*.svg=01;35:*.svgz=01;35:*.mng=01;35:*.pcx=01;35:*.mov=01;35:*.mpg=01;35:*.mpeg=01;35:*.m2v=01;35:*.mkv=01;35:*.webm=01;35:*.ogm=01;35:*.mp4=01;35:*.m4v=01;35:*.mp4v=01;35:*.vob=01;35:*.qt=01;35:*.nuv=01;35:*.wmv=01;35:*.asf=01;35:*.rm=01;35:*.rmvb=01;35:*.flc=01;35:*.avi=01;35:*.fli=01;35:*.flv=01;35:*.gl=01;35:*.dl=01;35:*.xcf=01;35:*.xwd=01;35:*.yuv=01;35:*.cgm=01;35:*.emf=01;35:*.ogv=01;35:*.ogx=01;35:*.aac=00;36:*.au=00;36:*.flac=00;36:*.m4a=00;36:*.mid=00;36:*.midi=00;36:*.mka=00;36:*.mp3=00;36:*.mpc=00;36:*.ogg=00;36:*.ra=00;36:*.wav=00;36:*.oga=00;36:*.opus=00;36:*.spx=00;36:*.xspf=00;36:'), ('ROS_DOMAIN_ID', '10'), ('AMENT_PREFIX_PATH', '//home/nvidia/f1tenth_ws/install/f1tenth_stack://home/nvidia/f1tenth_ws/install/vesc://home/nvidia/f1tenth_ws/install/vesc_driver://home/nvidia/f1tenth_ws/install/vesc_ackermann://home/nvidia/f1tenth_ws/install/vesc_msgs://home/nvidia/f1tenth_ws/install/teleop_tools://home/nvidia/f1tenth_ws/install/joy_teleop://home/nvidia/f1tenth_ws/install/teleop_tools_msgs://home/nvidia/f1tenth_ws/install/pure_pursuit://home/nvidia/f1tenth_ws/install/phasespace://home/nvidia/f1tenth_ws/install/new_map_saver://home/nvidia/f1tenth_ws/install/mouse_teleop://home/nvidia/f1tenth_ws/install/mapping://home/nvidia/f1tenth_ws/install/key_teleop://home/nvidia/f1tenth_ws/install/f1tenth_controllers://home/nvidia/f1tenth_ws/install/ackermann_mux:/opt/ros/foxy'), ('SHELL', '/bin/bash'), ('LESSCLOSE', '/usr/bin/lesspipe %s %s'), ('PWD', '/home/nvidia/f1tenth_ws/build/pure_pursuit'), ('TURTLEBOT3_MODEL', 'waffle'), ('LC_ALL', 'en_US.UTF-8'), ('SSH_CONNECTION', '192.168.1.108 51828 192.168.1.202 22'), ('XDG_DATA_DIRS', '/usr/local/share:/usr/share:/var/lib/snapd/desktop'), ('PYTHONPATH', '//home/nvidia/f1tenth_ws/install/f1tenth_stack/lib/python3.8/site-packages://home/nvidia/f1tenth_ws/install/vesc_msgs/lib/python3.8/site-packages://home/nvidia/f1tenth_ws/install/joy_teleop/lib/python3.8/site-packages://home/nvidia/f1tenth_ws/install/teleop_tools_msgs/lib/python3.8/site-packages://home/nvidia/f1tenth_ws/install/phasespace/lib/python3.8/site-packages://home/nvidia/f1tenth_ws/install/new_map_saver/lib/python3.8/site-packages://home/nvidia/f1tenth_ws/install/mouse_teleop/lib/python3.8/site-packages://home/nvidia/f1tenth_ws/install/mapping/lib/python3.8/site-packages://home/nvidia/f1tenth_ws/install/key_teleop/lib/python3.8/site-packages://home/nvidia/f1tenth_ws/install/f1tenth_controllers/lib/python3.8/site-packages:/opt/ros/foxy/lib/python3.8/site-packages'), ('COLCON', '1'), ('CMAKE_PREFIX_PATH', '//home/nvidia/f1tenth_ws/install/vesc://home/nvidia/f1tenth_ws/install/vesc_driver://home/nvidia/f1tenth_ws/install/vesc_ackermann://home/nvidia/f1tenth_ws/install/vesc_msgs://home/nvidia/f1tenth_ws/install/teleop_tools://home/nvidia/f1tenth_ws/install/teleop_tools_msgs://home/nvidia/f1tenth_ws/install/pure_pursuit://home/nvidia/f1tenth_ws/install/ackermann_mux://home/nvidia/f1tenth_ws/install/f1tenth_stack://home/nvidia/f1tenth_ws/install/joy_teleop://home/nvidia/f1tenth_ws/install/phasespace://home/nvidia/f1tenth_ws/install/new_map_saver://home/nvidia/f1tenth_ws/install/mouse_teleop://home/nvidia/f1tenth_ws/install/mapping://home/nvidia/f1tenth_ws/install/key_teleop://home/nvidia/f1tenth_ws/install/f1tenth_controllers:/opt/ros/foxy')]), 'shell': False}
[18.958302] (ackermann_mux) StdoutLine: {'line': b'-- Found rosidl_adapter: 1.3.1 (/opt/ros/foxy/share/rosidl_adapter/cmake)\n'}
[18.981925] (-) TimerEvent: {}
[19.008214] (vesc_msgs) StdoutLine: {'line': b'-- Using all available rosidl_typesupport_c: rosidl_typesupport_fastrtps_c;rosidl_typesupport_introspection_c\n'}
[19.034972] (vesc_msgs) StdoutLine: {'line': b'-- Found rosidl_adapter: 1.3.1 (/opt/ros/foxy/share/rosidl_adapter/cmake)\n'}
[19.082166] (-) TimerEvent: {}
[19.183227] (-) TimerEvent: {}
[19.284303] (-) TimerEvent: {}
[19.344507] (new_map_saver) Command: {'cmd': ['/usr/bin/python3', '-W', 'ignore:setup.py install is deprecated', 'setup.py', 'egg_info', '--egg-base', '../../build/new_map_saver', 'build', '--build-base', '/home/nvidia/f1tenth_ws/build/new_map_saver/build', 'install', '--record', '/home/nvidia/f1tenth_ws/build/new_map_saver/install.log', '--install-scripts', '$base/lib/new_map_saver', '--single-version-externally-managed', 'install_data'], 'cwd': '/home/nvidia/f1tenth_ws/src/new_map_saver', 'env': {'LESSOPEN': '| /usr/bin/lesspipe %s', 'USER': 'nvidia', 'SSH_CLIENT': '192.168.1.108 51828 22', 'XDG_SESSION_TYPE': 'tty', 'SHLVL': '1', 'LD_LIBRARY_PATH': '//home/nvidia/f1tenth_ws/install/vesc_driver/lib://home/nvidia/f1tenth_ws/install/vesc_ackermann/lib://home/nvidia/f1tenth_ws/install/vesc_msgs/lib://home/nvidia/f1tenth_ws/install/teleop_tools_msgs/lib:/usr/lib/aarch64-linux-gnu/gazebo-11/plugins:/opt/ros/foxy/opt/yaml_cpp_vendor/lib:/opt/ros/foxy/opt/rviz_ogre_vendor/lib:/opt/ros/foxy/lib/aarch64-linux-gnu:/opt/ros/foxy/lib:/usr/local/cuda-11.4/lib64:', 'MOTD_SHOWN': 'pam', 'HOME': '/home/nvidia', 'OLDPWD': '/home/nvidia', 'SSH_TTY': '/dev/pts/0', 'ROS_PYTHON_VERSION': '3', 'DBUS_SESSION_BUS_ADDRESS': 'unix:path=/run/user/1000/bus', 'COLCON_PREFIX_PATH': '//home/nvidia/f1tenth_ws/install', 'ROS_DISTRO': 'foxy', 'LOGNAME': 'nvidia', '_': '/usr/bin/colcon', 'ROS_VERSION': '2', 'XDG_SESSION_CLASS': 'user', 'TERM': 'xterm-256color', 'XDG_SESSION_ID': '8', 'GAZEBO_MODEL_PATH': ':/opt/ros/foxy/share/turtlebot3_gazebo/models', 'ROS_LOCALHOST_ONLY': '0', 'PATH': '/home/nvidia/.local/bin:/opt/ros/foxy/bin:/usr/local/cuda-11.4/bin:/usr/local/sbin:/usr/local/bin:/usr/sbin:/usr/bin:/sbin:/bin:/usr/games:/usr/local/games:/snap/bin', 'XDG_RUNTIME_DIR': '/run/user/1000', 'LANG': 'en_US.UTF-8', 'LS_COLORS': 'rs=0:di=01;34:ln=01;36:mh=00:pi=40;33:so=01;35:do=01;35:bd=40;33;01:cd=40;33;01:or=40;31;01:mi=00:su=37;41:sg=30;43:ca=30;41:tw=30;42:ow=34;42:st=37;44:ex=01;32:*.tar=01;31:*.tgz=01;31:*.arc=01;31:*.arj=01;31:*.taz=01;31:*.lha=01;31:*.lz4=01;31:*.lzh=01;31:*.lzma=01;31:*.tlz=01;31:*.txz=01;31:*.tzo=01;31:*.t7z=01;31:*.zip=01;31:*.z=01;31:*.dz=01;31:*.gz=01;31:*.lrz=01;31:*.lz=01;31:*.lzo=01;31:*.xz=01;31:*.zst=01;31:*.tzst=01;31:*.bz2=01;31:*.bz=01;31:*.tbz=01;31:*.tbz2=01;31:*.tz=01;31:*.deb=01;31:*.rpm=01;31:*.jar=01;31:*.war=01;31:*.ear=01;31:*.sar=01;31:*.rar=01;31:*.alz=01;31:*.ace=01;31:*.zoo=01;31:*.cpio=01;31:*.7z=01;31:*.rz=01;31:*.cab=01;31:*.wim=01;31:*.swm=01;31:*.dwm=01;31:*.esd=01;31:*.jpg=01;35:*.jpeg=01;35:*.mjpg=01;35:*.mjpeg=01;35:*.gif=01;35:*.bmp=01;35:*.pbm=01;35:*.pgm=01;35:*.ppm=01;35:*.tga=01;35:*.xbm=01;35:*.xpm=01;35:*.tif=01;35:*.tiff=01;35:*.png=01;35:*.svg=01;35:*.svgz=01;35:*.mng=01;35:*.pcx=01;35:*.mov=01;35:*.mpg=01;35:*.mpeg=01;35:*.m2v=01;35:*.mkv=01;35:*.webm=01;35:*.ogm=01;35:*.mp4=01;35:*.m4v=01;35:*.mp4v=01;35:*.vob=01;35:*.qt=01;35:*.nuv=01;35:*.wmv=01;35:*.asf=01;35:*.rm=01;35:*.rmvb=01;35:*.flc=01;35:*.avi=01;35:*.fli=01;35:*.flv=01;35:*.gl=01;35:*.dl=01;35:*.xcf=01;35:*.xwd=01;35:*.yuv=01;35:*.cgm=01;35:*.emf=01;35:*.ogv=01;35:*.ogx=01;35:*.aac=00;36:*.au=00;36:*.flac=00;36:*.m4a=00;36:*.mid=00;36:*.midi=00;36:*.mka=00;36:*.mp3=00;36:*.mpc=00;36:*.ogg=00;36:*.ra=00;36:*.wav=00;36:*.oga=00;36:*.opus=00;36:*.spx=00;36:*.xspf=00;36:', 'ROS_DOMAIN_ID': '10', 'AMENT_PREFIX_PATH': '//home/nvidia/f1tenth_ws/install/f1tenth_stack://home/nvidia/f1tenth_ws/install/vesc://home/nvidia/f1tenth_ws/install/vesc_driver://home/nvidia/f1tenth_ws/install/vesc_ackermann://home/nvidia/f1tenth_ws/install/vesc_msgs://home/nvidia/f1tenth_ws/install/teleop_tools://home/nvidia/f1tenth_ws/install/joy_teleop://home/nvidia/f1tenth_ws/install/teleop_tools_msgs://home/nvidia/f1tenth_ws/install/pure_pursuit://home/nvidia/f1tenth_ws/install/phasespace://home/nvidia/f1tenth_ws/install/new_map_saver://home/nvidia/f1tenth_ws/install/mouse_teleop://home/nvidia/f1tenth_ws/install/mapping://home/nvidia/f1tenth_ws/install/key_teleop://home/nvidia/f1tenth_ws/install/f1tenth_controllers://home/nvidia/f1tenth_ws/install/ackermann_mux:/opt/ros/foxy', 'SHELL': '/bin/bash', 'LESSCLOSE': '/usr/bin/lesspipe %s %s', 'PWD': '/home/nvidia/f1tenth_ws/build/new_map_saver', 'TURTLEBOT3_MODEL': 'waffle', 'LC_ALL': 'en_US.UTF-8', 'SSH_CONNECTION': '192.168.1.108 51828 192.168.1.202 22', 'XDG_DATA_DIRS': '/usr/local/share:/usr/share:/var/lib/snapd/desktop', 'PYTHONPATH': '/home/nvidia/f1tenth_ws/build/new_map_saver/prefix_override:/usr/lib/python3/dist-packages/colcon_core/task/python/colcon_distutils_commands:/home/nvidia/f1tenth_ws/install/new_map_saver/lib/python3.8/site-packages://home/nvidia/f1tenth_ws/install/f1tenth_stack/lib/python3.8/site-packages://home/nvidia/f1tenth_ws/install/vesc_msgs/lib/python3.8/site-packages://home/nvidia/f1tenth_ws/install/joy_teleop/lib/python3.8/site-packages://home/nvidia/f1tenth_ws/install/teleop_tools_msgs/lib/python3.8/site-packages://home/nvidia/f1tenth_ws/install/phasespace/lib/python3.8/site-packages://home/nvidia/f1tenth_ws/install/new_map_saver/lib/python3.8/site-packages://home/nvidia/f1tenth_ws/install/mouse_teleop/lib/python3.8/site-packages://home/nvidia/f1tenth_ws/install/mapping/lib/python3.8/site-packages://home/nvidia/f1tenth_ws/install/key_teleop/lib/python3.8/site-packages://home/nvidia/f1tenth_ws/install/f1tenth_controllers/lib/python3.8/site-packages:/opt/ros/foxy/lib/python3.8/site-packages', 'COLCON': '1', 'CMAKE_PREFIX_PATH': '//home/nvidia/f1tenth_ws/install/vesc://home/nvidia/f1tenth_ws/install/vesc_driver://home/nvidia/f1tenth_ws/install/vesc_ackermann://home/nvidia/f1tenth_ws/install/vesc_msgs://home/nvidia/f1tenth_ws/install/teleop_tools://home/nvidia/f1tenth_ws/install/teleop_tools_msgs://home/nvidia/f1tenth_ws/install/pure_pursuit://home/nvidia/f1tenth_ws/install/ackermann_mux'}, 'shell': False}
[19.381830] (teleop_tools_msgs) StdoutLine: {'line': b'-- Using all available rosidl_typesupport_cpp: rosidl_typesupport_fastrtps_cpp;rosidl_typesupport_introspection_cpp\n'}
[19.384466] (-) TimerEvent: {}
[19.486827] (-) TimerEvent: {}
[19.583119] (teleop_tools_msgs) StdoutLine: {'line': b'-- Found ament_lint_auto: 0.9.8 (/opt/ros/foxy/share/ament_lint_auto/cmake)\n'}
[19.587070] (-) TimerEvent: {}
[19.624321] (phasespace) Command: {'cmd': ['/usr/bin/python3', '-W', 'ignore:setup.py install is deprecated', 'setup.py', 'egg_info', '--egg-base', '../../build/phasespace', 'build', '--build-base', '/home/nvidia/f1tenth_ws/build/phasespace/build', 'install', '--record', '/home/nvidia/f1tenth_ws/build/phasespace/install.log', '--install-scripts', '$base/lib/phasespace', '--single-version-externally-managed', 'install_data'], 'cwd': '/home/nvidia/f1tenth_ws/src/phasespace', 'env': {'LESSOPEN': '| /usr/bin/lesspipe %s', 'USER': 'nvidia', 'SSH_CLIENT': '192.168.1.108 51828 22', 'XDG_SESSION_TYPE': 'tty', 'SHLVL': '1', 'LD_LIBRARY_PATH': '//home/nvidia/f1tenth_ws/install/vesc_driver/lib://home/nvidia/f1tenth_ws/install/vesc_ackermann/lib://home/nvidia/f1tenth_ws/install/vesc_msgs/lib://home/nvidia/f1tenth_ws/install/teleop_tools_msgs/lib:/usr/lib/aarch64-linux-gnu/gazebo-11/plugins:/opt/ros/foxy/opt/yaml_cpp_vendor/lib:/opt/ros/foxy/opt/rviz_ogre_vendor/lib:/opt/ros/foxy/lib/aarch64-linux-gnu:/opt/ros/foxy/lib:/usr/local/cuda-11.4/lib64:', 'MOTD_SHOWN': 'pam', 'HOME': '/home/nvidia', 'OLDPWD': '/home/nvidia', 'SSH_TTY': '/dev/pts/0', 'ROS_PYTHON_VERSION': '3', 'DBUS_SESSION_BUS_ADDRESS': 'unix:path=/run/user/1000/bus', 'COLCON_PREFIX_PATH': '//home/nvidia/f1tenth_ws/install', 'ROS_DISTRO': 'foxy', 'LOGNAME': 'nvidia', '_': '/usr/bin/colcon', 'ROS_VERSION': '2', 'XDG_SESSION_CLASS': 'user', 'TERM': 'xterm-256color', 'XDG_SESSION_ID': '8', 'GAZEBO_MODEL_PATH': ':/opt/ros/foxy/share/turtlebot3_gazebo/models', 'ROS_LOCALHOST_ONLY': '0', 'PATH': '/home/nvidia/.local/bin:/opt/ros/foxy/bin:/usr/local/cuda-11.4/bin:/usr/local/sbin:/usr/local/bin:/usr/sbin:/usr/bin:/sbin:/bin:/usr/games:/usr/local/games:/snap/bin', 'XDG_RUNTIME_DIR': '/run/user/1000', 'LANG': 'en_US.UTF-8', 'LS_COLORS': 'rs=0:di=01;34:ln=01;36:mh=00:pi=40;33:so=01;35:do=01;35:bd=40;33;01:cd=40;33;01:or=40;31;01:mi=00:su=37;41:sg=30;43:ca=30;41:tw=30;42:ow=34;42:st=37;44:ex=01;32:*.tar=01;31:*.tgz=01;31:*.arc=01;31:*.arj=01;31:*.taz=01;31:*.lha=01;31:*.lz4=01;31:*.lzh=01;31:*.lzma=01;31:*.tlz=01;31:*.txz=01;31:*.tzo=01;31:*.t7z=01;31:*.zip=01;31:*.z=01;31:*.dz=01;31:*.gz=01;31:*.lrz=01;31:*.lz=01;31:*.lzo=01;31:*.xz=01;31:*.zst=01;31:*.tzst=01;31:*.bz2=01;31:*.bz=01;31:*.tbz=01;31:*.tbz2=01;31:*.tz=01;31:*.deb=01;31:*.rpm=01;31:*.jar=01;31:*.war=01;31:*.ear=01;31:*.sar=01;31:*.rar=01;31:*.alz=01;31:*.ace=01;31:*.zoo=01;31:*.cpio=01;31:*.7z=01;31:*.rz=01;31:*.cab=01;31:*.wim=01;31:*.swm=01;31:*.dwm=01;31:*.esd=01;31:*.jpg=01;35:*.jpeg=01;35:*.mjpg=01;35:*.mjpeg=01;35:*.gif=01;35:*.bmp=01;35:*.pbm=01;35:*.pgm=01;35:*.ppm=01;35:*.tga=01;35:*.xbm=01;35:*.xpm=01;35:*.tif=01;35:*.tiff=01;35:*.png=01;35:*.svg=01;35:*.svgz=01;35:*.mng=01;35:*.pcx=01;35:*.mov=01;35:*.mpg=01;35:*.mpeg=01;35:*.m2v=01;35:*.mkv=01;35:*.webm=01;35:*.ogm=01;35:*.mp4=01;35:*.m4v=01;35:*.mp4v=01;35:*.vob=01;35:*.qt=01;35:*.nuv=01;35:*.wmv=01;35:*.asf=01;35:*.rm=01;35:*.rmvb=01;35:*.flc=01;35:*.avi=01;35:*.fli=01;35:*.flv=01;35:*.gl=01;35:*.dl=01;35:*.xcf=01;35:*.xwd=01;35:*.yuv=01;35:*.cgm=01;35:*.emf=01;35:*.ogv=01;35:*.ogx=01;35:*.aac=00;36:*.au=00;36:*.flac=00;36:*.m4a=00;36:*.mid=00;36:*.midi=00;36:*.mka=00;36:*.mp3=00;36:*.mpc=00;36:*.ogg=00;36:*.ra=00;36:*.wav=00;36:*.oga=00;36:*.opus=00;36:*.spx=00;36:*.xspf=00;36:', 'ROS_DOMAIN_ID': '10', 'AMENT_PREFIX_PATH': '//home/nvidia/f1tenth_ws/install/f1tenth_stack://home/nvidia/f1tenth_ws/install/vesc://home/nvidia/f1tenth_ws/install/vesc_driver://home/nvidia/f1tenth_ws/install/vesc_ackermann://home/nvidia/f1tenth_ws/install/vesc_msgs://home/nvidia/f1tenth_ws/install/teleop_tools://home/nvidia/f1tenth_ws/install/joy_teleop://home/nvidia/f1tenth_ws/install/teleop_tools_msgs://home/nvidia/f1tenth_ws/install/pure_pursuit://home/nvidia/f1tenth_ws/install/phasespace://home/nvidia/f1tenth_ws/install/new_map_saver://home/nvidia/f1tenth_ws/install/mouse_teleop://home/nvidia/f1tenth_ws/install/mapping://home/nvidia/f1tenth_ws/install/key_teleop://home/nvidia/f1tenth_ws/install/f1tenth_controllers://home/nvidia/f1tenth_ws/install/ackermann_mux:/opt/ros/foxy', 'SHELL': '/bin/bash', 'LESSCLOSE': '/usr/bin/lesspipe %s %s', 'PWD': '/home/nvidia/f1tenth_ws/build/phasespace', 'TURTLEBOT3_MODEL': 'waffle', 'LC_ALL': 'en_US.UTF-8', 'SSH_CONNECTION': '192.168.1.108 51828 192.168.1.202 22', 'XDG_DATA_DIRS': '/usr/local/share:/usr/share:/var/lib/snapd/desktop', 'PYTHONPATH': '/home/nvidia/f1tenth_ws/build/phasespace/prefix_override:/usr/lib/python3/dist-packages/colcon_core/task/python/colcon_distutils_commands:/home/nvidia/f1tenth_ws/install/phasespace/lib/python3.8/site-packages://home/nvidia/f1tenth_ws/install/f1tenth_stack/lib/python3.8/site-packages://home/nvidia/f1tenth_ws/install/vesc_msgs/lib/python3.8/site-packages://home/nvidia/f1tenth_ws/install/joy_teleop/lib/python3.8/site-packages://home/nvidia/f1tenth_ws/install/teleop_tools_msgs/lib/python3.8/site-packages://home/nvidia/f1tenth_ws/install/phasespace/lib/python3.8/site-packages://home/nvidia/f1tenth_ws/install/new_map_saver/lib/python3.8/site-packages://home/nvidia/f1tenth_ws/install/mouse_teleop/lib/python3.8/site-packages://home/nvidia/f1tenth_ws/install/mapping/lib/python3.8/site-packages://home/nvidia/f1tenth_ws/install/key_teleop/lib/python3.8/site-packages://home/nvidia/f1tenth_ws/install/f1tenth_controllers/lib/python3.8/site-packages:/opt/ros/foxy/lib/python3.8/site-packages', 'COLCON': '1', 'CMAKE_PREFIX_PATH': '//home/nvidia/f1tenth_ws/install/vesc://home/nvidia/f1tenth_ws/install/vesc_driver://home/nvidia/f1tenth_ws/install/vesc_ackermann://home/nvidia/f1tenth_ws/install/vesc_msgs://home/nvidia/f1tenth_ws/install/teleop_tools://home/nvidia/f1tenth_ws/install/teleop_tools_msgs://home/nvidia/f1tenth_ws/install/pure_pursuit://home/nvidia/f1tenth_ws/install/ackermann_mux'}, 'shell': False}
[19.646749] (pure_pursuit) StdoutLine: {'line': b'-- The C compiler identification is GNU 9.4.0\n'}
[19.687403] (-) TimerEvent: {}
[19.789211] (-) TimerEvent: {}
[19.890301] (-) TimerEvent: {}
[19.920256] (ackermann_mux) StdoutLine: {'line': b'-- Using all available rosidl_typesupport_cpp: rosidl_typesupport_fastrtps_cpp;rosidl_typesupport_introspection_cpp\n'}
[19.990549] (-) TimerEvent: {}
[20.091655] (-) TimerEvent: {}
[20.192712] (-) TimerEvent: {}
[20.287055] (vesc_msgs) StdoutLine: {'line': b'-- Using all available rosidl_typesupport_cpp: rosidl_typesupport_fastrtps_cpp;rosidl_typesupport_introspection_cpp\n'}
[20.292950] (-) TimerEvent: {}
[20.321684] (pure_pursuit) StdoutLine: {'line': b'-- The CXX compiler identification is GNU 9.4.0\n'}
[20.346337] (ackermann_mux) StdoutLine: {'line': b'-- Found rmw_implementation_cmake: 1.0.4 (/opt/ros/foxy/share/rmw_implementation_cmake/cmake)\n'}
[20.358542] (teleop_tools_msgs) StdoutLine: {'line': b'-- Found PythonInterp: /usr/bin/python3 (found version "3.8.10") \n'}
[20.361267] (ackermann_mux) StdoutLine: {'line': b"-- Using RMW implementation 'rmw_fastrtps_cpp' as default\n"}
[20.392224] (pure_pursuit) StdoutLine: {'line': b'-- Check for working C compiler: /usr/bin/cc\n'}
[20.392954] (-) TimerEvent: {}
[20.493797] (-) TimerEvent: {}
[20.594817] (-) TimerEvent: {}
[20.695841] (-) TimerEvent: {}
[20.796856] (-) TimerEvent: {}
[20.897947] (-) TimerEvent: {}
[20.999005] (-) TimerEvent: {}
[21.039413] (new_map_saver) StdoutLine: {'line': b'running egg_info\n'}
[21.044328] (new_map_saver) StdoutLine: {'line': b'creating ../../build/new_map_saver/new_map_saver.egg-info\n'}
[21.047036] (new_map_saver) StdoutLine: {'line': b'writing ../../build/new_map_saver/new_map_saver.egg-info/PKG-INFO\n'}
[21.049746] (new_map_saver) StdoutLine: {'line': b'writing dependency_links to ../../build/new_map_saver/new_map_saver.egg-info/dependency_links.txt\n'}
[21.051385] (new_map_saver) StdoutLine: {'line': b'writing entry points to ../../build/new_map_saver/new_map_saver.egg-info/entry_points.txt\n'}
[21.055022] (new_map_saver) StdoutLine: {'line': b'writing requirements to ../../build/new_map_saver/new_map_saver.egg-info/requires.txt\n'}
[21.056640] (new_map_saver) StdoutLine: {'line': b'writing top-level names to ../../build/new_map_saver/new_map_saver.egg-info/top_level.txt\n'}
[21.065901] (new_map_saver) StdoutLine: {'line': b"writing manifest file '../../build/new_map_saver/new_map_saver.egg-info/SOURCES.txt'\n"}
[21.099279] (-) TimerEvent: {}
[21.116802] (pure_pursuit) StdoutLine: {'line': b'-- Check for working C compiler: /usr/bin/cc -- works\n'}
[21.122084] (pure_pursuit) StdoutLine: {'line': b'-- Detecting C compiler ABI info\n'}
[21.199506] (-) TimerEvent: {}
[21.287758] (new_map_saver) StdoutLine: {'line': b"reading manifest file '../../build/new_map_saver/new_map_saver.egg-info/SOURCES.txt'\n"}
[21.294137] (new_map_saver) StdoutLine: {'line': b"writing manifest file '../../build/new_map_saver/new_map_saver.egg-info/SOURCES.txt'\n"}
[21.295655] (new_map_saver) StdoutLine: {'line': b'running build\n'}
[21.296217] (new_map_saver) StdoutLine: {'line': b'running build_py\n'}
[21.297985] (new_map_saver) StdoutLine: {'line': b'creating /home/nvidia/f1tenth_ws/build/new_map_saver/build\n'}
[21.299103] (new_map_saver) StdoutLine: {'line': b'creating /home/nvidia/f1tenth_ws/build/new_map_saver/build/lib\n'}
[21.299627] (-) TimerEvent: {}
[21.300661] (new_map_saver) StdoutLine: {'line': b'creating /home/nvidia/f1tenth_ws/build/new_map_saver/build/lib/new_map_saver\n'}
[21.302029] (new_map_saver) StdoutLine: {'line': b'copying new_map_saver/__init__.py -> /home/nvidia/f1tenth_ws/build/new_map_saver/build/lib/new_map_saver\n'}
[21.303857] (new_map_saver) StdoutLine: {'line': b'running install\n'}
[21.311546] (new_map_saver) StdoutLine: {'line': b'running install_lib\n'}
[21.318180] (new_map_saver) StdoutLine: {'line': b'creating /home/nvidia/f1tenth_ws/install/new_map_saver/lib/python3.8/site-packages/new_map_saver\n'}
[21.320955] (new_map_saver) StdoutLine: {'line': b'copying /home/nvidia/f1tenth_ws/build/new_map_saver/build/lib/new_map_saver/__init__.py -> /home/nvidia/f1tenth_ws/install/new_map_saver/lib/python3.8/site-packages/new_map_saver\n'}
[21.325754] (new_map_saver) StdoutLine: {'line': b'byte-compiling /home/nvidia/f1tenth_ws/install/new_map_saver/lib/python3.8/site-packages/new_map_saver/__init__.py to __init__.cpython-38.pyc\n'}
[21.332954] (new_map_saver) StdoutLine: {'line': b'running install_data\n'}
[21.335663] (new_map_saver) StdoutLine: {'line': b'creating /home/nvidia/f1tenth_ws/install/new_map_saver/share/ament_index\n'}
[21.337000] (new_map_saver) StdoutLine: {'line': b'creating /home/nvidia/f1tenth_ws/install/new_map_saver/share/ament_index/resource_index\n'}
[21.338261] (new_map_saver) StdoutLine: {'line': b'creating /home/nvidia/f1tenth_ws/install/new_map_saver/share/ament_index/resource_index/packages\n'}
[21.339603] (new_map_saver) StdoutLine: {'line': b'copying resource/new_map_saver -> /home/nvidia/f1tenth_ws/install/new_map_saver/share/ament_index/resource_index/packages\n'}
[21.341414] (new_map_saver) StdoutLine: {'line': b'copying package.xml -> /home/nvidia/f1tenth_ws/install/new_map_saver/share/new_map_saver\n'}
[21.343321] (new_map_saver) StdoutLine: {'line': b'creating /home/nvidia/f1tenth_ws/install/new_map_saver/share/new_map_saver/launch\n'}
[21.346614] (new_map_saver) StdoutLine: {'line': b'copying launch/map_saver.launch.py -> /home/nvidia/f1tenth_ws/install/new_map_saver/share/new_map_saver/launch\n'}
[21.349065] (new_map_saver) StdoutLine: {'line': b'creating /home/nvidia/f1tenth_ws/install/new_map_saver/share/new_map_saver/config\n'}
[21.350687] (new_map_saver) StdoutLine: {'line': b'copying config/map_saver_params.yaml -> /home/nvidia/f1tenth_ws/install/new_map_saver/share/new_map_saver/config\n'}
[21.352480] (new_map_saver) StdoutLine: {'line': b'running install_egg_info\n'}
[21.363505] (new_map_saver) StdoutLine: {'line': b'Copying ../../build/new_map_saver/new_map_saver.egg-info to /home/nvidia/f1tenth_ws/install/new_map_saver/lib/python3.8/site-packages/new_map_saver-0.0.0-py3.8.egg-info\n'}
[21.372879] (new_map_saver) StdoutLine: {'line': b'running install_scripts\n'}
[21.373983] (vesc_msgs) StdoutLine: {'line': b'-- Found PythonInterp: /usr/bin/python3 (found version "3.8.10") \n'}
[21.399827] (-) TimerEvent: {}
[21.472561] (new_map_saver) StdoutLine: {'line': b"writing list of installed files to '/home/nvidia/f1tenth_ws/build/new_map_saver/install.log'\n"}
[21.490905] (teleop_tools_msgs) StdoutLine: {'line': b'-- Found ament_cmake_ros: 0.9.2 (/opt/ros/foxy/share/ament_cmake_ros/cmake)\n'}
[21.500096] (-) TimerEvent: {}
[21.601328] (new_map_saver) CommandEnded: {'returncode': 0}
[21.605074] (-) TimerEvent: {}
[21.606271] (phasespace) StdoutLine: {'line': b'running egg_info\n'}
[21.607679] (phasespace) StdoutLine: {'line': b'creating ../../build/phasespace/phasespace.egg-info\n'}
[21.608260] (phasespace) StdoutLine: {'line': b'writing ../../build/phasespace/phasespace.egg-info/PKG-INFO\n'}
[21.608952] (phasespace) StdoutLine: {'line': b'writing dependency_links to ../../build/phasespace/phasespace.egg-info/dependency_links.txt\n'}
[21.609466] (phasespace) StdoutLine: {'line': b'writing entry points to ../../build/phasespace/phasespace.egg-info/entry_points.txt\n'}
[21.610049] (phasespace) StdoutLine: {'line': b'writing requirements to ../../build/phasespace/phasespace.egg-info/requires.txt\n'}
[21.610534] (phasespace) StdoutLine: {'line': b'writing top-level names to ../../build/phasespace/phasespace.egg-info/top_level.txt\n'}
[21.610990] (phasespace) StdoutLine: {'line': b"writing manifest file '../../build/phasespace/phasespace.egg-info/SOURCES.txt'\n"}
[21.632186] (ackermann_mux) StdoutLine: {'line': b'-- Found ackermann_msgs: 2.0.2 (/opt/ros/foxy/share/ackermann_msgs/cmake)\n'}
[21.685924] (new_map_saver) JobEnded: {'identifier': 'new_map_saver', 'rc': 0}
[21.694370] (phasespace) StdoutLine: {'line': b"reading manifest file '../../build/phasespace/phasespace.egg-info/SOURCES.txt'\n"}
[21.699126] (phasespace) StdoutLine: {'line': b"writing manifest file '../../build/phasespace/phasespace.egg-info/SOURCES.txt'\n"}
[21.700301] (phasespace) StdoutLine: {'line': b'running build\n'}
[21.700933] (phasespace) StdoutLine: {'line': b'running build_py\n'}
[21.701992] (phasespace) StdoutLine: {'line': b'creating /home/nvidia/f1tenth_ws/build/phasespace/build\n'}
[21.702634] (phasespace) StdoutLine: {'line': b'creating /home/nvidia/f1tenth_ws/build/phasespace/build/lib\n'}
[21.703178] (phasespace) StdoutLine: {'line': b'creating /home/nvidia/f1tenth_ws/build/phasespace/build/lib/phasespace\n'}
[21.704049] (phasespace) StdoutLine: {'line': b'copying phasespace/__init__.py -> /home/nvidia/f1tenth_ws/build/phasespace/build/lib/phasespace\n'}
[21.704832] (phasespace) StdoutLine: {'line': b'copying phasespace/phasespace_node_ros2.py -> /home/nvidia/f1tenth_ws/build/phasespace/build/lib/phasespace\n'}
[21.705260] (-) TimerEvent: {}
[21.707895] (phasespace) StdoutLine: {'line': b'running install\n'}
[21.713537] (phasespace) StdoutLine: {'line': b'running install_lib\n'}
[21.721885] (phasespace) StdoutLine: {'line': b'creating /home/nvidia/f1tenth_ws/install/phasespace/lib/python3.8/site-packages/phasespace\n'}
[21.723399] (phasespace) StdoutLine: {'line': b'copying /home/nvidia/f1tenth_ws/build/phasespace/build/lib/phasespace/__init__.py -> /home/nvidia/f1tenth_ws/install/phasespace/lib/python3.8/site-packages/phasespace\n'}
[21.725108] (phasespace) StdoutLine: {'line': b'copying /home/nvidia/f1tenth_ws/build/phasespace/build/lib/phasespace/phasespace_node_ros2.py -> /home/nvidia/f1tenth_ws/install/phasespace/lib/python3.8/site-packages/phasespace\n'}
[21.731904] (phasespace) StdoutLine: {'line': b'byte-compiling /home/nvidia/f1tenth_ws/install/phasespace/lib/python3.8/site-packages/phasespace/__init__.py to __init__.cpython-38.pyc\n'}
[21.738803] (phasespace) StdoutLine: {'line': b'byte-compiling /home/nvidia/f1tenth_ws/install/phasespace/lib/python3.8/site-packages/phasespace/phasespace_node_ros2.py to phasespace_node_ros2.cpython-38.pyc\n'}
[21.805541] (-) TimerEvent: {}
[21.816356] (phasespace) StdoutLine: {'line': b'running install_data\n'}
[21.817962] (phasespace) StdoutLine: {'line': b'creating /home/nvidia/f1tenth_ws/install/phasespace/share/ament_index\n'}
[21.819247] (phasespace) StdoutLine: {'line': b'creating /home/nvidia/f1tenth_ws/install/phasespace/share/ament_index/resource_index\n'}
[21.820336] (phasespace) StdoutLine: {'line': b'creating /home/nvidia/f1tenth_ws/install/phasespace/share/ament_index/resource_index/packages\n'}
[21.822535] (phasespace) StdoutLine: {'line': b'copying resource/phasespace -> /home/nvidia/f1tenth_ws/install/phasespace/share/ament_index/resource_index/packages\n'}
[21.825213] (phasespace) StdoutLine: {'line': b'copying package.xml -> /home/nvidia/f1tenth_ws/install/phasespace/share/phasespace\n'}
[21.826850] (phasespace) StdoutLine: {'line': b'running install_egg_info\n'}
[21.838773] (phasespace) StdoutLine: {'line': b'Copying ../../build/phasespace/phasespace.egg-info to /home/nvidia/f1tenth_ws/install/phasespace/lib/python3.8/site-packages/phasespace-0.0.0-py3.8.egg-info\n'}
[21.847103] (phasespace) StdoutLine: {'line': b'running install_scripts\n'}
[21.862578] (ackermann_mux) StdoutLine: {'line': b'-- Found diagnostic_updater: 3.1.2 (/opt/ros/foxy/share/diagnostic_updater/cmake)\n'}
[21.901325] (pure_pursuit) StdoutLine: {'line': b'-- Detecting C compiler ABI info - done\n'}
[21.905819] (-) TimerEvent: {}
[21.957127] (phasespace) StdoutLine: {'line': b'Installing phasespace_node script to /home/nvidia/f1tenth_ws/install/phasespace/lib/phasespace\n'}
[21.960348] (phasespace) StdoutLine: {'line': b"writing list of installed files to '/home/nvidia/f1tenth_ws/build/phasespace/install.log'\n"}
[21.979250] (pure_pursuit) StdoutLine: {'line': b'-- Detecting C compile features\n'}
[21.981091] (pure_pursuit) StdoutLine: {'line': b'-- Detecting C compile features - done\n'}
[21.998059] (pure_pursuit) StdoutLine: {'line': b'-- Check for working CXX compiler: /usr/bin/c++\n'}
[22.006081] (-) TimerEvent: {}
[22.092128] (phasespace) CommandEnded: {'returncode': 0}
[22.106271] (-) TimerEvent: {}
[22.122636] (phasespace) JobEnded: {'identifier': 'phasespace', 'rc': 0}
[22.206554] (-) TimerEvent: {}
[22.257045] (ackermann_mux) StdoutLine: {'line': b'-- Found ament_lint_auto: 0.9.8 (/opt/ros/foxy/share/ament_lint_auto/cmake)\n'}
[22.306777] (-) TimerEvent: {}
[22.407762] (-) TimerEvent: {}
[22.473272] (vesc_msgs) StdoutLine: {'line': b'-- Found ament_cmake_ros: 0.9.2 (/opt/ros/foxy/share/ament_cmake_ros/cmake)\n'}
[22.508003] (-) TimerEvent: {}
[22.585740] (pure_pursuit) StdoutLine: {'line': b'-- Check for working CXX compiler: /usr/bin/c++ -- works\n'}
[22.593329] (pure_pursuit) StdoutLine: {'line': b'-- Detecting CXX compiler ABI info\n'}
[22.608235] (-) TimerEvent: {}
[22.684684] (teleop_tools_msgs) StdoutLine: {'line': b'-- Using all available rosidl_typesupport_c: rosidl_typesupport_fastrtps_c;rosidl_typesupport_introspection_c\n'}
[22.708532] (-) TimerEvent: {}
[22.809740] (-) TimerEvent: {}
[22.818112] (ackermann_mux) StdoutLine: {'line': b'-- Found python_cmake_module: 0.8.1 (/opt/ros/foxy/share/python_cmake_module/cmake)\n'}
[22.909878] (-) TimerEvent: {}
[22.932312] (teleop_tools_msgs) StdoutLine: {'line': b'-- Using all available rosidl_typesupport_cpp: rosidl_typesupport_fastrtps_cpp;rosidl_typesupport_introspection_cpp\n'}
[22.964114] (ackermann_mux) StdoutLine: {'line': b'-- Found PythonInterp: /usr/bin/python3 (found suitable version "3.8.10", minimum required is "3.5") \n'}
[22.976086] (ackermann_mux) StdoutLine: {'line': b'-- Using PYTHON_EXECUTABLE: /usr/bin/python3\n'}
[22.976914] (ackermann_mux) StdoutLine: {'line': b'-- Using PYTHON_INCLUDE_DIRS: /usr/include/python3.8\n'}
[22.977357] (ackermann_mux) StdoutLine: {'line': b'-- Using PYTHON_LIBRARIES: /usr/lib/aarch64-linux-gnu/libpython3.8.so\n'}
[23.010188] (-) TimerEvent: {}
[23.069517] (ackermann_mux) StdoutLine: {'line': b"-- Added test 'xmllint' to check XML markup files\n"}
[23.071081] (ackermann_mux) StdoutLine: {'line': b"-- Added test 'copyright' to check source files copyright and LICENSE\n"}
[23.085405] (ackermann_mux) StdoutLine: {'line': b"-- Added test 'cppcheck' to perform static code analysis on C / C++ code\n"}
[23.088263] (ackermann_mux) StdoutLine: {'line': b'-- Configured cppcheck include dirs: /home/nvidia/f1tenth_ws/src/f1tenth_system/ackermann_mux/include\n'}
[23.089361] (ackermann_mux) StdoutLine: {'line': b'-- Configured cppcheck exclude dirs and/or files: \n'}
[23.101726] (ackermann_mux) StdoutLine: {'line': b"-- Added test 'cpplint' to check C / C++ code against the Google style\n"}
[23.107537] (ackermann_mux) StdoutLine: {'line': b'-- Configured cpplint exclude dirs and/or files: \n'}
[23.108424] (ackermann_mux) StdoutLine: {'line': b"-- Added test 'flake8' to check Python code syntax and style conventions\n"}
[23.110422] (-) TimerEvent: {}
[23.111838] (ackermann_mux) StdoutLine: {'line': b"-- Added test 'lint_cmake' to check CMake code style\n"}
[23.114391] (ackermann_mux) StdoutLine: {'line': b"-- Added test 'pep257' to check Python code against some of the style conventions in PEP 257\n"}
[23.128404] (ackermann_mux) StdoutLine: {'line': b"-- Added test 'uncrustify' to check C / C++ code style\n"}
[23.129585] (ackermann_mux) StdoutLine: {'line': b'-- Configured uncrustify additional arguments: \n'}
[23.134947] (teleop_tools_msgs) StdoutLine: {'line': b'-- Found PythonInterp: /usr/bin/python3 (found suitable version "3.8.10", minimum required is "3.5") \n'}
[23.138341] (teleop_tools_msgs) StdoutLine: {'line': b'-- Found python_cmake_module: 0.8.1 (/opt/ros/foxy/share/python_cmake_module/cmake)\n'}
[23.160284] (ackermann_mux) StdoutLine: {'line': b'-- Configuring done\n'}
[23.210777] (-) TimerEvent: {}
[23.222218] (ackermann_mux) StdoutLine: {'line': b'-- Generating done\n'}
[23.231427] (ackermann_mux) StdoutLine: {'line': b'-- Build files have been written to: /home/nvidia/f1tenth_ws/build/ackermann_mux\n'}
[23.245383] (pure_pursuit) StdoutLine: {'line': b'-- Detecting CXX compiler ABI info - done\n'}
[23.302213] (teleop_tools_msgs) StdoutLine: {'line': b'-- Using PYTHON_EXECUTABLE: /usr/bin/python3\n'}
[23.302953] (teleop_tools_msgs) StdoutLine: {'line': b'-- Using PYTHON_INCLUDE_DIRS: /usr/include/python3.8\n'}
[23.303396] (teleop_tools_msgs) StdoutLine: {'line': b'-- Using PYTHON_LIBRARIES: /usr/lib/aarch64-linux-gnu/libpython3.8.so\n'}
[23.311226] (-) TimerEvent: {}
[23.336140] (pure_pursuit) StdoutLine: {'line': b'-- Detecting CXX compile features\n'}
[23.339627] (pure_pursuit) StdoutLine: {'line': b'-- Detecting CXX compile features - done\n'}
[23.361445] (pure_pursuit) StdoutLine: {'line': b'-- Found ament_cmake: 0.9.12 (/opt/ros/foxy/share/ament_cmake/cmake)\n'}
[23.411524] (-) TimerEvent: {}
[23.427064] (ackermann_mux) StdoutLine: {'line': b'\x1b[35m\x1b[1mScanning dependencies of target ackermann_mux\x1b[0m\n'}
[23.511748] (-) TimerEvent: {}
[23.544016] (pure_pursuit) StdoutLine: {'line': b'-- Found PythonInterp: /usr/bin/python3 (found suitable version "3.8.10", minimum required is "3") \n'}
[23.545146] (pure_pursuit) StdoutLine: {'line': b'-- Using PYTHON_EXECUTABLE: /usr/bin/python3\n'}
[23.555617] (teleop_tools_msgs) StdoutLine: {'line': b"-- Added test 'copyright' to check source files copyright and LICENSE\n"}
[23.568142] (teleop_tools_msgs) StdoutLine: {'line': b"-- Added test 'lint_cmake' to check CMake code style\n"}
[23.573717] (teleop_tools_msgs) StdoutLine: {'line': b"-- Added test 'xmllint' to check XML markup files\n"}
[23.612005] (-) TimerEvent: {}
[23.620799] (teleop_tools_msgs) StdoutLine: {'line': b'-- Configuring done\n'}
[23.712273] (-) TimerEvent: {}
[23.814435] (-) TimerEvent: {}
[23.872428] (ackermann_mux) StderrLine: {'line': b"make[2]: Warning: File '/home/nvidia/f1tenth_ws/src/f1tenth_system/ackermann_mux/src/ackermann_mux.cpp' has modification time 777672248 s in the future\n"}
[23.914701] (-) TimerEvent: {}
[23.991431] (teleop_tools_msgs) StdoutLine: {'line': b'-- Generating done\n'}
[24.002236] (ackermann_mux) StdoutLine: {'line': b'[ 25%] \x1b[32mBuilding CXX object CMakeFiles/ackermann_mux.dir/src/ackermann_mux.cpp.o\x1b[0m\n'}
[24.014937] (-) TimerEvent: {}
[24.016865] (ackermann_mux) StdoutLine: {'line': b'[ 50%] \x1b[32mBuilding CXX object CMakeFiles/ackermann_mux.dir/src/ackermann_mux_diagnostics.cpp.o\x1b[0m\n'}
[24.022502] (teleop_tools_msgs) StdoutLine: {'line': b'-- Build files have been written to: /home/nvidia/f1tenth_ws/build/teleop_tools_msgs\n'}
[24.028165] (ackermann_mux) StdoutLine: {'line': b'[ 75%] \x1b[32mBuilding CXX object CMakeFiles/ackermann_mux.dir/src/ackermann_mux_node.cpp.o\x1b[0m\n'}
[24.115200] (-) TimerEvent: {}
[24.216220] (-) TimerEvent: {}
[24.253943] (teleop_tools_msgs) StderrLine: {'line': b"make[2]: Warning: File '/opt/ros/foxy/share/unique_identifier_msgs/msg/UUID.idl' has modification time 738474450 s in the future\n"}
[24.316592] (-) TimerEvent: {}
[24.324131] (teleop_tools_msgs) StdoutLine: {'line': b'\x1b[35m\x1b[1mScanning dependencies of target teleop_tools_msgs__cpp\x1b[0m\n'}
[24.355562] (teleop_tools_msgs) StderrLine: {'line': b"make[2]: Warning: File '/opt/ros/foxy/share/unique_identifier_msgs/msg/UUID.idl' has modification time 738474450 s in the future\n"}
[24.366321] (teleop_tools_msgs) StdoutLine: {'line': b'[  3%] \x1b[34m\x1b[1mGenerating C code for ROS interfaces\x1b[0m\n'}
[24.416902] (-) TimerEvent: {}
[24.421363] (teleop_tools_msgs) StdoutLine: {'line': b'[  6%] \x1b[34m\x1b[1mGenerating C++ code for ROS interfaces\x1b[0m\n'}
[24.449716] (vesc_msgs) StdoutLine: {'line': b'-- Using all available rosidl_typesupport_c: rosidl_typesupport_fastrtps_c;rosidl_typesupport_introspection_c\n'}
[24.517137] (-) TimerEvent: {}
[24.618309] (-) TimerEvent: {}
[24.719285] (-) TimerEvent: {}
[24.820353] (-) TimerEvent: {}
[24.921377] (-) TimerEvent: {}
[25.022840] (-) TimerEvent: {}
[25.036281] (pure_pursuit) StdoutLine: {'line': b'-- Found rclcpp: 2.4.3 (/opt/ros/foxy/share/rclcpp/cmake)\n'}
[25.123074] (-) TimerEvent: {}
[25.224650] (-) TimerEvent: {}
[25.325763] (-) TimerEvent: {}
[25.382283] (pure_pursuit) StdoutLine: {'line': b'-- Using all available rosidl_typesupport_c: rosidl_typesupport_fastrtps_c;rosidl_typesupport_introspection_c\n'}
[25.426296] (-) TimerEvent: {}
[25.436113] (pure_pursuit) StdoutLine: {'line': b'-- Found rosidl_adapter: 1.3.1 (/opt/ros/foxy/share/rosidl_adapter/cmake)\n'}
[25.526526] (-) TimerEvent: {}
[25.627608] (-) TimerEvent: {}
[25.728954] (-) TimerEvent: {}
[25.830157] (-) TimerEvent: {}
[25.840721] (vesc_msgs) StdoutLine: {'line': b'-- Using all available rosidl_typesupport_cpp: rosidl_typesupport_fastrtps_cpp;rosidl_typesupport_introspection_cpp\n'}
[25.930376] (-) TimerEvent: {}
[26.031491] (-) TimerEvent: {}
[26.132867] (-) TimerEvent: {}
[26.146668] (vesc_msgs) StdoutLine: {'line': b'-- Found PythonInterp: /usr/bin/python3 (found suitable version "3.8.10", minimum required is "3.5") \n'}
[26.149134] (vesc_msgs) StdoutLine: {'line': b'-- Found python_cmake_module: 0.8.1 (/opt/ros/foxy/share/python_cmake_module/cmake)\n'}
[26.233553] (-) TimerEvent: {}
[26.303851] (vesc_msgs) StdoutLine: {'line': b'-- Using PYTHON_EXECUTABLE: /usr/bin/python3\n'}
[26.304762] (vesc_msgs) StdoutLine: {'line': b'-- Using PYTHON_INCLUDE_DIRS: /usr/include/python3.8\n'}
[26.305311] (vesc_msgs) StdoutLine: {'line': b'-- Using PYTHON_LIBRARIES: /usr/lib/aarch64-linux-gnu/libpython3.8.so\n'}
[26.333842] (-) TimerEvent: {}
[26.434957] (-) TimerEvent: {}
[26.536024] (-) TimerEvent: {}
[26.555509] (pure_pursuit) StdoutLine: {'line': b'-- Found OpenSSL: /usr/lib/aarch64-linux-gnu/libcrypto.so (found version "1.1.1f")  \n'}
[26.636284] (-) TimerEvent: {}
[26.728615] (vesc_msgs) StdoutLine: {'line': b'-- Found ament_lint_auto: 0.9.8 (/opt/ros/foxy/share/ament_lint_auto/cmake)\n'}
[26.736539] (-) TimerEvent: {}
[26.809486] (vesc_msgs) StdoutLine: {'line': b"-- Added test 'copyright' to check source files copyright and LICENSE\n"}
[26.822959] (vesc_msgs) StdoutLine: {'line': b"-- Added test 'lint_cmake' to check CMake code style\n"}
[26.830082] (vesc_msgs) StdoutLine: {'line': b"-- Added test 'xmllint' to check XML markup files\n"}
[26.836740] (-) TimerEvent: {}
[26.861599] (vesc_msgs) StdoutLine: {'line': b'-- Configuring done\n'}
[26.903495] (pure_pursuit) StdoutLine: {'line': b'-- Found FastRTPS: /opt/ros/foxy/include  \n'}
[26.936972] (-) TimerEvent: {}
[27.038889] (-) TimerEvent: {}
[27.141364] (-) TimerEvent: {}
[27.242453] (-) TimerEvent: {}
[27.345783] (-) TimerEvent: {}
[27.425923] (vesc_msgs) StdoutLine: {'line': b'-- Generating done\n'}
[27.446021] (-) TimerEvent: {}
[27.451801] (vesc_msgs) StdoutLine: {'line': b'-- Build files have been written to: /home/nvidia/f1tenth_ws/build/vesc_msgs\n'}
[27.546281] (-) TimerEvent: {}
[27.583326] (teleop_tools_msgs) StderrLine: {'line': b'make[2]: warning:  Clock skew detected.  Your build may be incomplete.\n'}
[27.646517] (-) TimerEvent: {}
[27.651876] (teleop_tools_msgs) StdoutLine: {'line': b'[  6%] Built target teleop_tools_msgs__cpp\n'}
[27.676850] (teleop_tools_msgs) StderrLine: {'line': b"make[2]: Warning: File '/opt/ros/foxy/share/unique_identifier_msgs/msg/UUID.idl' has modification time 738474447 s in the future\n"}
[27.680177] (teleop_tools_msgs) StderrLine: {'line': b"make[2]: Warning: File '/opt/ros/foxy/share/unique_identifier_msgs/msg/UUID.idl' has modification time 738474447 s in the future\n"}
[27.709786] (vesc_msgs) StderrLine: {'line': b"make[2]: Warning: File '/opt/ros/foxy/share/geometry_msgs/msg/WrenchStamped.idl' has modification time 738475146 s in the future\n"}
[27.734942] (teleop_tools_msgs) StderrLine: {'line': b"make[2]: Warning: File '/opt/ros/foxy/share/unique_identifier_msgs/msg/UUID.idl' has modification time 738474447 s in the future\n"}
[27.747065] (-) TimerEvent: {}
[27.822655] (pure_pursuit) StdoutLine: {'line': b'-- Using all available rosidl_typesupport_cpp: rosidl_typesupport_fastrtps_cpp;rosidl_typesupport_introspection_cpp\n'}
[27.843038] (teleop_tools_msgs) StdoutLine: {'line': b'[  9%] \x1b[34m\x1b[1mGenerating C++ introspection for ROS interfaces\x1b[0m\n'}
[27.848430] (-) TimerEvent: {}
[27.869391] (teleop_tools_msgs) StdoutLine: {'line': b'[ 12%] \x1b[34m\x1b[1mGenerating C++ type support for eProsima Fast-RTPS\x1b[0m\n'}
[27.871017] (teleop_tools_msgs) StdoutLine: {'line': b'[ 16%] \x1b[34m\x1b[1mGenerating C++ type support dispatch for ROS interfaces\x1b[0m\n'}
[27.874502] (vesc_msgs) StdoutLine: {'line': b'\x1b[35m\x1b[1mScanning dependencies of target vesc_msgs__cpp\x1b[0m\n'}
[27.879409] (vesc_msgs) StdoutLine: {'line': b'[  1%] \x1b[34m\x1b[1mGenerating C code for ROS interfaces\x1b[0m\n'}
[27.919616] (vesc_msgs) StderrLine: {'line': b"make[2]: Warning: File '/opt/ros/foxy/share/geometry_msgs/msg/WrenchStamped.idl' has modification time 738475146 s in the future\n"}
[27.931741] (teleop_tools_msgs) StdoutLine: {'line': b'\x1b[35m\x1b[1mScanning dependencies of target teleop_tools_msgs__rosidl_generator_c\x1b[0m\n'}
[27.950538] (-) TimerEvent: {}
[27.987391] (teleop_tools_msgs) StderrLine: {'line': b'make[2]: warning:  Clock skew detected.  Your build may be incomplete.\n'}
[28.041145] (teleop_tools_msgs) StderrLine: {'line': b"make[2]: Warning: File '/opt/ros/foxy/share/unique_identifier_msgs/msg/UUID.idl' has modification time 738474447 s in the future\n"}
[28.050796] (-) TimerEvent: {}
[28.067169] (vesc_msgs) StdoutLine: {'line': b'[  3%] \x1b[34m\x1b[1mGenerating C++ code for ROS interfaces\x1b[0m\n'}
[28.151030] (-) TimerEvent: {}
[28.236680] (teleop_tools_msgs) StdoutLine: {'line': b'[ 16%] \x1b[34m\x1b[1mGenerating C code for ROS interfaces\x1b[0m\n'}
[28.251279] (-) TimerEvent: {}
[28.352328] (-) TimerEvent: {}
[28.453588] (-) TimerEvent: {}
[28.554705] (-) TimerEvent: {}
[28.655817] (-) TimerEvent: {}
[28.712686] (pure_pursuit) StdoutLine: {'line': b'-- Found rmw_implementation_cmake: 1.0.4 (/opt/ros/foxy/share/rmw_implementation_cmake/cmake)\n'}
[28.744199] (pure_pursuit) StdoutLine: {'line': b"-- Using RMW implementation 'rmw_fastrtps_cpp' as default\n"}
[28.755247] (pure_pursuit) StdoutLine: {'line': b'-- Looking for pthread.h\n'}
[28.755920] (-) TimerEvent: {}
[28.856778] (-) TimerEvent: {}
[28.957897] (-) TimerEvent: {}
[29.061462] (-) TimerEvent: {}
[29.162620] (-) TimerEvent: {}
[29.263755] (-) TimerEvent: {}
[29.364831] (-) TimerEvent: {}
[29.466252] (-) TimerEvent: {}
[29.567925] (-) TimerEvent: {}
[29.669503] (-) TimerEvent: {}
[29.772053] (-) TimerEvent: {}
[29.873229] (-) TimerEvent: {}
[29.974330] (-) TimerEvent: {}
[30.075353] (-) TimerEvent: {}
[30.097306] (pure_pursuit) StdoutLine: {'line': b'-- Looking for pthread.h - found\n'}
[30.101256] (pure_pursuit) StdoutLine: {'line': b'-- Performing Test CMAKE_HAVE_LIBC_PTHREAD\n'}
[30.175589] (-) TimerEvent: {}
[30.276631] (-) TimerEvent: {}
[30.377768] (-) TimerEvent: {}
[30.482066] (-) TimerEvent: {}
[30.583330] (-) TimerEvent: {}
[30.685499] (-) TimerEvent: {}
[30.788091] (-) TimerEvent: {}
[30.890212] (-) TimerEvent: {}
[30.991799] (-) TimerEvent: {}
[31.094676] (-) TimerEvent: {}
[31.198209] (-) TimerEvent: {}
[31.268132] (teleop_tools_msgs) StdoutLine: {'line': b'\x1b[35m\x1b[1mScanning dependencies of target teleop_tools_msgs__rosidl_typesupport_cpp\x1b[0m\n'}
[31.284160] (pure_pursuit) StdoutLine: {'line': b'-- Performing Test CMAKE_HAVE_LIBC_PTHREAD - Failed\n'}
[31.286018] (pure_pursuit) StdoutLine: {'line': b'-- Looking for pthread_create in pthreads\n'}
[31.298777] (-) TimerEvent: {}
[31.333446] (teleop_tools_msgs) StderrLine: {'line': b'make[2]: warning:  Clock skew detected.  Your build may be incomplete.\n'}
[31.376264] (teleop_tools_msgs) StderrLine: {'line': b"make[2]: Warning: File '/opt/ros/foxy/share/unique_identifier_msgs/msg/UUID.idl' has modification time 738474443 s in the future\n"}
[31.393087] (teleop_tools_msgs) StdoutLine: {'line': b'\x1b[35m\x1b[1mScanning dependencies of target teleop_tools_msgs__rosidl_typesupport_introspection_cpp\x1b[0m\n'}
[31.398998] (-) TimerEvent: {}
[31.436878] (teleop_tools_msgs) StdoutLine: {'line': b'\x1b[35m\x1b[1mScanning dependencies of target teleop_tools_msgs__rosidl_typesupport_fastrtps_cpp\x1b[0m\n'}
[31.475026] (teleop_tools_msgs) StderrLine: {'line': b'make[2]: warning:  Clock skew detected.  Your build may be incomplete.\n'}
[31.499245] (-) TimerEvent: {}
[31.503716] (teleop_tools_msgs) StderrLine: {'line': b"make[2]: Warning: File '/opt/ros/foxy/share/unique_identifier_msgs/msg/UUID.idl' has modification time 738474443 s in the future\n"}
[31.521970] (teleop_tools_msgs) StdoutLine: {'line': b'[ 16%] \x1b[34m\x1b[1mGenerating C++ type support dispatch for ROS interfaces\x1b[0m\n'}
[31.599495] (-) TimerEvent: {}
[31.643706] (teleop_tools_msgs) StderrLine: {'line': b'make[2]: warning:  Clock skew detected.  Your build may be incomplete.\n'}
[31.652075] (teleop_tools_msgs) StdoutLine: {'line': b'[ 16%] \x1b[34m\x1b[1mGenerating C++ introspection for ROS interfaces\x1b[0m\n'}
[31.686927] (teleop_tools_msgs) StderrLine: {'line': b"make[2]: Warning: File '/opt/ros/foxy/share/unique_identifier_msgs/msg/UUID.idl' has modification time 738474443 s in the future\n"}
[31.699715] (-) TimerEvent: {}
[31.800720] (-) TimerEvent: {}
[31.869460] (teleop_tools_msgs) StdoutLine: {'line': b'[ 16%] \x1b[34m\x1b[1mGenerating C++ type support for eProsima Fast-RTPS\x1b[0m\n'}
[31.900938] (-) TimerEvent: {}
[32.001869] (-) TimerEvent: {}
[32.102811] (-) TimerEvent: {}
[32.203733] (-) TimerEvent: {}
[32.304748] (-) TimerEvent: {}
[32.374560] (pure_pursuit) StdoutLine: {'line': b'-- Looking for pthread_create in pthreads - not found\n'}
[32.375824] (pure_pursuit) StdoutLine: {'line': b'-- Looking for pthread_create in pthread\n'}
[32.404968] (-) TimerEvent: {}
[32.506635] (-) TimerEvent: {}
[32.607553] (-) TimerEvent: {}
[32.708513] (-) TimerEvent: {}
[32.726025] (teleop_tools_msgs) StdoutLine: {'line': b'[ 19%] \x1b[32mBuilding C object CMakeFiles/teleop_tools_msgs__rosidl_generator_c.dir/rosidl_generator_c/teleop_tools_msgs/action/detail/increment__functions.c.o\x1b[0m\n'}
[32.808776] (-) TimerEvent: {}
[32.909783] (-) TimerEvent: {}
[33.010697] (-) TimerEvent: {}
[33.111622] (-) TimerEvent: {}
[33.212562] (-) TimerEvent: {}
[33.313479] (-) TimerEvent: {}
[33.414443] (-) TimerEvent: {}
[33.515389] (-) TimerEvent: {}
[33.616383] (-) TimerEvent: {}
[33.631552] (pure_pursuit) StdoutLine: {'line': b'-- Looking for pthread_create in pthread - found\n'}
[33.641824] (pure_pursuit) StdoutLine: {'line': b'-- Found Threads: TRUE  \n'}
[33.716908] (-) TimerEvent: {}
[33.817967] (-) TimerEvent: {}
[33.919003] (-) TimerEvent: {}
[34.020078] (-) TimerEvent: {}
[34.121108] (-) TimerEvent: {}
[34.222182] (-) TimerEvent: {}
[34.323172] (-) TimerEvent: {}
[34.424236] (-) TimerEvent: {}
[34.525269] (-) TimerEvent: {}
[34.626387] (-) TimerEvent: {}
[34.640921] (vesc_msgs) StdoutLine: {'line': b'\x1b[35m\x1b[1mScanning dependencies of target vesc_msgs__rosidl_generator_c\x1b[0m\n'}
[34.713374] (vesc_msgs) StderrLine: {'line': b'make[2]: warning:  Clock skew detected.  Your build may be incomplete.\n'}
[34.726640] (-) TimerEvent: {}
[34.742555] (vesc_msgs) StderrLine: {'line': b"make[2]: Warning: File '/opt/ros/foxy/share/geometry_msgs/msg/WrenchStamped.idl' has modification time 738475139 s in the future\n"}
[34.826880] (-) TimerEvent: {}
[34.928143] (-) TimerEvent: {}
[34.954040] (vesc_msgs) StdoutLine: {'line': b'[  3%] \x1b[34m\x1b[1mGenerating C code for ROS interfaces\x1b[0m\n'}
[34.975198] (teleop_tools_msgs) StdoutLine: {'line': b'[ 22%] \x1b[32mBuilding CXX object CMakeFiles/teleop_tools_msgs__rosidl_typesupport_cpp.dir/rosidl_typesupport_cpp/teleop_tools_msgs/action/increment__type_support.cpp.o\x1b[0m\n'}
[34.977707] (teleop_tools_msgs) StdoutLine: {'line': b'[ 25%] \x1b[32m\x1b[1mLinking C shared library libteleop_tools_msgs__rosidl_generator_c.so\x1b[0m\n'}
[35.028359] (-) TimerEvent: {}
[35.047419] (vesc_msgs) StderrLine: {'line': b'make[2]: warning:  Clock skew detected.  Your build may be incomplete.\n'}
[35.128613] (-) TimerEvent: {}
[35.196730] (vesc_msgs) StdoutLine: {'line': b'[  3%] Built target vesc_msgs__cpp\n'}
[35.228842] (-) TimerEvent: {}
[35.245237] (vesc_msgs) StderrLine: {'line': b"make[2]: Warning: File '/opt/ros/foxy/share/geometry_msgs/msg/WrenchStamped.idl' has modification time 738475138 s in the future\n"}
[35.280877] (vesc_msgs) StderrLine: {'line': b"make[2]: Warning: File '/opt/ros/foxy/share/geometry_msgs/msg/WrenchStamped.idl' has modification time 738475138 s in the future\n"}
[35.292116] (vesc_msgs) StderrLine: {'line': b"make[2]: Warning: File '/opt/ros/foxy/share/geometry_msgs/msg/WrenchStamped.idl' has modification time 738475138 s in the future\n"}
[35.329082] (-) TimerEvent: {}
[35.430114] (-) TimerEvent: {}
[35.439201] (vesc_msgs) StdoutLine: {'line': b'[  5%] \x1b[34m\x1b[1mGenerating C++ introspection for ROS interfaces\x1b[0m\n'}
[35.468579] (vesc_msgs) StdoutLine: {'line': b'[  7%] \x1b[34m\x1b[1mGenerating C++ type support dispatch for ROS interfaces\x1b[0m\n'}
[35.495493] (vesc_msgs) StdoutLine: {'line': b'[  9%] \x1b[34m\x1b[1mGenerating C++ type support for eProsima Fast-RTPS\x1b[0m\n'}
[35.529833] (teleop_tools_msgs) StderrLine: {'line': b'make[2]: warning:  Clock skew detected.  Your build may be incomplete.\n'}
[35.530566] (-) TimerEvent: {}
[35.565910] (teleop_tools_msgs) StdoutLine: {'line': b'[ 29%] \x1b[32mBuilding CXX object CMakeFiles/teleop_tools_msgs__rosidl_typesupport_introspection_cpp.dir/rosidl_typesupport_introspection_cpp/teleop_tools_msgs/action/detail/increment__type_support.cpp.o\x1b[0m\n'}
[35.630851] (-) TimerEvent: {}
[35.668779] (teleop_tools_msgs) StdoutLine: {'line': b'[ 29%] Built target teleop_tools_msgs__rosidl_generator_c\n'}
[35.711610] (teleop_tools_msgs) StderrLine: {'line': b"make[2]: Warning: File '/opt/ros/foxy/share/unique_identifier_msgs/msg/UUID.idl' has modification time 738474439 s in the future\n"}
[35.728684] (teleop_tools_msgs) StderrLine: {'line': b"make[2]: Warning: File '/opt/ros/foxy/share/unique_identifier_msgs/msg/UUID.idl' has modification time 738474439 s in the future\n"}
[35.733061] (-) TimerEvent: {}
[35.835688] (-) TimerEvent: {}
[35.913106] (teleop_tools_msgs) StdoutLine: {'line': b'[ 32%] \x1b[34m\x1b[1mGenerating C introspection for ROS interfaces\x1b[0m\n'}
[35.934944] (teleop_tools_msgs) StdoutLine: {'line': b'[ 35%] \x1b[34m\x1b[1mGenerating C type support dispatch for ROS interfaces\x1b[0m\n'}
[35.935686] (-) TimerEvent: {}
[36.043333] (-) TimerEvent: {}
[36.146803] (-) TimerEvent: {}
[36.248634] (-) TimerEvent: {}
[36.350306] (-) TimerEvent: {}
[36.452770] (-) TimerEvent: {}
[36.555148] (-) TimerEvent: {}
[36.556931] (teleop_tools_msgs) StdoutLine: {'line': b'[ 38%] \x1b[32mBuilding CXX object CMakeFiles/teleop_tools_msgs__rosidl_typesupport_fastrtps_cpp.dir/rosidl_typesupport_fastrtps_cpp/teleop_tools_msgs/action/detail/dds_fastrtps/increment__type_support.cpp.o\x1b[0m\n'}
[36.593528] (pure_pursuit) StdoutLine: {'line': b'-- Found rclpy: 1.0.13 (/opt/ros/foxy/share/rclpy/cmake)\n'}
[36.622149] (pure_pursuit) StdoutLine: {'line': b'-- Found geometry_msgs: 2.0.5 (/opt/ros/foxy/share/geometry_msgs/cmake)\n'}
[36.655424] (-) TimerEvent: {}
[36.757054] (-) TimerEvent: {}
[36.861138] (-) TimerEvent: {}
[36.963107] (-) TimerEvent: {}
[37.065887] (-) TimerEvent: {}
[37.167549] (-) TimerEvent: {}
[37.269119] (-) TimerEvent: {}
[37.328517] (pure_pursuit) StdoutLine: {'line': b'-- Found nav_msgs: 2.0.5 (/opt/ros/foxy/share/nav_msgs/cmake)\n'}
[37.369373] (-) TimerEvent: {}
[37.471151] (-) TimerEvent: {}
[37.572729] (-) TimerEvent: {}
[37.674592] (-) TimerEvent: {}
[37.776685] (-) TimerEvent: {}
[37.881679] (-) TimerEvent: {}
[37.983421] (-) TimerEvent: {}
[38.085819] (-) TimerEvent: {}
[38.189948] (-) TimerEvent: {}
[38.292217] (-) TimerEvent: {}
[38.393840] (-) TimerEvent: {}
[38.481259] (pure_pursuit) StdoutLine: {'line': b'-- Found ackermann_msgs: 2.0.2 (/opt/ros/foxy/share/ackermann_msgs/cmake)\n'}
[38.495184] (-) TimerEvent: {}
[38.596929] (-) TimerEvent: {}
[38.699574] (-) TimerEvent: {}
[38.808398] (-) TimerEvent: {}
[38.911162] (-) TimerEvent: {}
[39.007919] (pure_pursuit) StdoutLine: {'line': b'-- Found sensor_msgs: 2.0.5 (/opt/ros/foxy/share/sensor_msgs/cmake)\n'}
[39.011905] (-) TimerEvent: {}
[39.113914] (-) TimerEvent: {}
[39.216501] (-) TimerEvent: {}
[39.321089] (-) TimerEvent: {}
[39.422813] (-) TimerEvent: {}
[39.525063] (-) TimerEvent: {}
[39.627822] (-) TimerEvent: {}
[39.729671] (-) TimerEvent: {}
[39.832595] (-) TimerEvent: {}
[39.835735] (teleop_tools_msgs) StdoutLine: {'line': b'\x1b[35m\x1b[1mScanning dependencies of target teleop_tools_msgs__rosidl_typesupport_c\x1b[0m\n'}
[39.904742] (teleop_tools_msgs) StderrLine: {'line': b'make[2]: warning:  Clock skew detected.  Your build may be incomplete.\n'}
[39.933773] (-) TimerEvent: {}
[39.940151] (teleop_tools_msgs) StderrLine: {'line': b"make[2]: Warning: File '/opt/ros/foxy/share/unique_identifier_msgs/msg/UUID.idl' has modification time 738474435 s in the future\n"}
[40.035845] (-) TimerEvent: {}
[40.112810] (teleop_tools_msgs) StdoutLine: {'line': b'[ 38%] \x1b[34m\x1b[1mGenerating C type support dispatch for ROS interfaces\x1b[0m\n'}
[40.136916] (-) TimerEvent: {}
[40.183252] (pure_pursuit) StdoutLine: {'line': b'-- Found visualization_msgs: 2.0.5 (/opt/ros/foxy/share/visualization_msgs/cmake)\n'}
[40.237904] (-) TimerEvent: {}
[40.343195] (-) TimerEvent: {}
[40.426598] (teleop_tools_msgs) StdoutLine: {'line': b'[ 41%] \x1b[32m\x1b[1mLinking CXX shared library libteleop_tools_msgs__rosidl_typesupport_cpp.so\x1b[0m\n'}
[40.444162] (-) TimerEvent: {}
[40.546828] (-) TimerEvent: {}
[40.574555] (teleop_tools_msgs) StdoutLine: {'line': b'\x1b[35m\x1b[1mScanning dependencies of target teleop_tools_msgs__rosidl_typesupport_introspection_c\x1b[0m\n'}
[40.641027] (teleop_tools_msgs) StderrLine: {'line': b'make[2]: warning:  Clock skew detected.  Your build may be incomplete.\n'}
[40.647059] (-) TimerEvent: {}
[40.673504] (teleop_tools_msgs) StderrLine: {'line': b"make[2]: Warning: File '/opt/ros/foxy/share/unique_identifier_msgs/msg/UUID.idl' has modification time 738474434 s in the future\n"}
[40.747264] (-) TimerEvent: {}
[40.848208] (-) TimerEvent: {}
[40.928838] (teleop_tools_msgs) StdoutLine: {'line': b'[ 41%] \x1b[34m\x1b[1mGenerating C introspection for ROS interfaces\x1b[0m\n'}
[40.948458] (-) TimerEvent: {}
[41.044669] (teleop_tools_msgs) StderrLine: {'line': b'make[2]: warning:  Clock skew detected.  Your build may be incomplete.\n'}
[41.048722] (-) TimerEvent: {}
[41.149790] (-) TimerEvent: {}
[41.205462] (teleop_tools_msgs) StdoutLine: {'line': b'[ 41%] Built target teleop_tools_msgs__rosidl_typesupport_cpp\n'}
[41.249989] (-) TimerEvent: {}
[41.351558] (-) TimerEvent: {}
[41.447735] (pure_pursuit) StdoutLine: {'line': b'-- Found eigen3_cmake_module: 0.1.1 (/opt/ros/foxy/share/eigen3_cmake_module/cmake)\n'}
[41.451777] (-) TimerEvent: {}
[41.512244] (pure_pursuit) StdoutLine: {'line': b'-- Found Eigen3: TRUE (found version "3.3.7") \n'}
[41.548520] (pure_pursuit) StdoutLine: {'line': b'-- Found tf2_ros: 0.13.14 (/opt/ros/foxy/share/tf2_ros/cmake)\n'}
[41.552039] (-) TimerEvent: {}
[41.653904] (-) TimerEvent: {}
[41.756116] (-) TimerEvent: {}
[41.861035] (-) TimerEvent: {}
[41.963391] (-) TimerEvent: {}
[42.065715] (-) TimerEvent: {}
[42.130688] (vesc_msgs) StdoutLine: {'line': b'\x1b[35m\x1b[1mScanning dependencies of target vesc_msgs__rosidl_typesupport_cpp\x1b[0m\n'}
[42.166334] (-) TimerEvent: {}
[42.202127] (vesc_msgs) StderrLine: {'line': b'make[2]: warning:  Clock skew detected.  Your build may be incomplete.\n'}
[42.256907] (vesc_msgs) StderrLine: {'line': b"make[2]: Warning: File '/opt/ros/foxy/share/geometry_msgs/msg/WrenchStamped.idl' has modification time 738475131 s in the future\n"}
[42.266692] (-) TimerEvent: {}
[42.276115] (teleop_tools_msgs) StdoutLine: {'line': b'[ 45%] \x1b[32m\x1b[1mLinking CXX shared library libteleop_tools_msgs__rosidl_typesupport_introspection_cpp.so\x1b[0m\n'}
[42.367061] (-) TimerEvent: {}
[42.413391] (vesc_msgs) StdoutLine: {'line': b'[  9%] \x1b[34m\x1b[1mGenerating C++ type support dispatch for ROS interfaces\x1b[0m\n'}
[42.467314] (-) TimerEvent: {}
[42.568291] (-) TimerEvent: {}
[42.669261] (-) TimerEvent: {}
[42.770316] (-) TimerEvent: {}
[42.871330] (-) TimerEvent: {}
[42.908169] (vesc_msgs) StdoutLine: {'line': b'\x1b[35m\x1b[1mScanning dependencies of target vesc_msgs__rosidl_typesupport_fastrtps_cpp\x1b[0m\n'}
[42.971580] (-) TimerEvent: {}
[43.023342] (vesc_msgs) StderrLine: {'line': b'make[2]: warning:  Clock skew detected.  Your build may be incomplete.\n'}
[43.069249] (vesc_msgs) StderrLine: {'line': b"make[2]: Warning: File '/opt/ros/foxy/share/geometry_msgs/msg/WrenchStamped.idl' has modification time 738475131 s in the future\n"}
[43.071792] (-) TimerEvent: {}
[43.173363] (-) TimerEvent: {}
[43.227266] (vesc_msgs) StdoutLine: {'line': b'[  9%] \x1b[34m\x1b[1mGenerating C++ type support for eProsima Fast-RTPS\x1b[0m\n'}
[43.273582] (-) TimerEvent: {}
[43.288794] (teleop_tools_msgs) StderrLine: {'line': b'make[2]: warning:  Clock skew detected.  Your build may be incomplete.\n'}
[43.373835] (-) TimerEvent: {}
[43.475406] (-) TimerEvent: {}
[43.489967] (teleop_tools_msgs) StdoutLine: {'line': b'[ 45%] Built target teleop_tools_msgs__rosidl_typesupport_introspection_cpp\n'}
[43.575648] (-) TimerEvent: {}
[43.668175] (teleop_tools_msgs) StdoutLine: {'line': b'[ 48%] \x1b[32mBuilding CXX object CMakeFiles/teleop_tools_msgs__rosidl_typesupport_c.dir/rosidl_typesupport_c/teleop_tools_msgs/action/increment__type_support.cpp.o\x1b[0m\n'}
[43.675886] (-) TimerEvent: {}
[43.727252] (vesc_msgs) StdoutLine: {'line': b'\x1b[35m\x1b[1mScanning dependencies of target vesc_msgs__rosidl_typesupport_introspection_cpp\x1b[0m\n'}
[43.773016] (vesc_msgs) StderrLine: {'line': b'make[2]: warning:  Clock skew detected.  Your build may be incomplete.\n'}
[43.776065] (-) TimerEvent: {}
[43.814815] (vesc_msgs) StderrLine: {'line': b"make[2]: Warning: File '/opt/ros/foxy/share/geometry_msgs/msg/WrenchStamped.idl' has modification time 738475130 s in the future\n"}
[43.876308] (-) TimerEvent: {}
[43.978876] (-) TimerEvent: {}
[44.006259] (vesc_msgs) StdoutLine: {'line': b'[ 10%] \x1b[32mBuilding C object CMakeFiles/vesc_msgs__rosidl_generator_c.dir/rosidl_generator_c/vesc_msgs/msg/detail/vesc_state__functions.c.o\x1b[0m\n'}
[44.017652] (vesc_msgs) StdoutLine: {'line': b'[ 10%] \x1b[34m\x1b[1mGenerating C++ introspection for ROS interfaces\x1b[0m\n'}
[44.079573] (-) TimerEvent: {}
[44.182308] (-) TimerEvent: {}
[44.283885] (-) TimerEvent: {}
[44.387453] (-) TimerEvent: {}
[44.489038] (-) TimerEvent: {}
[44.590742] (-) TimerEvent: {}
[44.625938] (teleop_tools_msgs) StdoutLine: {'line': b'[ 51%] \x1b[32m\x1b[1mLinking CXX shared library libteleop_tools_msgs__rosidl_typesupport_c.so\x1b[0m\n'}
[44.698487] (-) TimerEvent: {}
[44.799802] (-) TimerEvent: {}
[44.902171] (-) TimerEvent: {}
[44.970506] (vesc_msgs) StdoutLine: {'line': b'[ 12%] \x1b[32mBuilding C object CMakeFiles/vesc_msgs__rosidl_generator_c.dir/rosidl_generator_c/vesc_msgs/msg/detail/vesc_state_stamped__functions.c.o\x1b[0m\n'}
[45.002385] (-) TimerEvent: {}
[45.016473] (teleop_tools_msgs) StdoutLine: {'line': b'[ 54%] \x1b[32mBuilding C object CMakeFiles/teleop_tools_msgs__rosidl_typesupport_introspection_c.dir/rosidl_typesupport_introspection_c/teleop_tools_msgs/action/detail/increment__type_support.c.o\x1b[0m\n'}
[45.102606] (-) TimerEvent: {}
[45.175552] (teleop_tools_msgs) StderrLine: {'line': b'make[2]: warning:  Clock skew detected.  Your build may be incomplete.\n'}
[45.202845] (-) TimerEvent: {}
[45.304796] (-) TimerEvent: {}
[45.323493] (teleop_tools_msgs) StdoutLine: {'line': b'[ 54%] Built target teleop_tools_msgs__rosidl_typesupport_c\n'}
[45.405008] (-) TimerEvent: {}
[45.507596] (-) TimerEvent: {}
[45.609457] (-) TimerEvent: {}
[45.653104] (teleop_tools_msgs) StdoutLine: {'line': b'[ 58%] \x1b[32m\x1b[1mLinking CXX shared library libteleop_tools_msgs__rosidl_typesupport_fastrtps_cpp.so\x1b[0m\n'}
[45.709755] (-) TimerEvent: {}
[45.772028] (vesc_msgs) StdoutLine: {'line': b'[ 14%] \x1b[32mBuilding C object CMakeFiles/vesc_msgs__rosidl_generator_c.dir/rosidl_generator_c/vesc_msgs/msg/detail/vesc_imu__functions.c.o\x1b[0m\n'}
[45.811113] (-) TimerEvent: {}
[45.879729] (teleop_tools_msgs) StdoutLine: {'line': b'[ 61%] \x1b[32m\x1b[1mLinking C shared library libteleop_tools_msgs__rosidl_typesupport_introspection_c.so\x1b[0m\n'}
[45.911322] (-) TimerEvent: {}
[46.014158] (-) TimerEvent: {}
[46.115828] (-) TimerEvent: {}
[46.217444] (-) TimerEvent: {}
[46.289716] (teleop_tools_msgs) StderrLine: {'line': b'make[2]: warning:  Clock skew detected.  Your build may be incomplete.\n'}
[46.319603] (-) TimerEvent: {}
[46.422898] (-) TimerEvent: {}
[46.469231] (teleop_tools_msgs) StdoutLine: {'line': b'[ 61%] Built target teleop_tools_msgs__rosidl_typesupport_introspection_c\n'}
[46.524534] (-) TimerEvent: {}
[46.626388] (-) TimerEvent: {}
[46.720325] (teleop_tools_msgs) StderrLine: {'line': b'make[2]: warning:  Clock skew detected.  Your build may be incomplete.\n'}
[46.726613] (-) TimerEvent: {}
[46.792243] (vesc_msgs) StdoutLine: {'line': b'[ 16%] \x1b[32mBuilding C object CMakeFiles/vesc_msgs__rosidl_generator_c.dir/rosidl_generator_c/vesc_msgs/msg/detail/vesc_imu_stamped__functions.c.o\x1b[0m\n'}
[46.826828] (-) TimerEvent: {}
[46.904196] (teleop_tools_msgs) StdoutLine: {'line': b'[ 61%] Built target teleop_tools_msgs__rosidl_typesupport_fastrtps_cpp\n'}
[46.927053] (-) TimerEvent: {}
[46.941119] (teleop_tools_msgs) StderrLine: {'line': b"make[2]: Warning: File '/opt/ros/foxy/share/unique_identifier_msgs/msg/UUID.idl' has modification time 738474428 s in the future\n"}
[47.027282] (-) TimerEvent: {}
[47.063559] (teleop_tools_msgs) StdoutLine: {'line': b'[ 64%] \x1b[34m\x1b[1mGenerating C type support for eProsima Fast-RTPS\x1b[0m\n'}
[47.127482] (-) TimerEvent: {}
[47.151017] (vesc_msgs) StdoutLine: {'line': b'[ 18%] \x1b[32mBuilding CXX object CMakeFiles/vesc_msgs__rosidl_typesupport_cpp.dir/rosidl_typesupport_cpp/vesc_msgs/msg/vesc_state__type_support.cpp.o\x1b[0m\n'}
[47.227696] (-) TimerEvent: {}
[47.329468] (-) TimerEvent: {}
[47.407663] (pure_pursuit) StdoutLine: {'line': b'-- Configuring done\n'}
[47.430098] (-) TimerEvent: {}
[47.531739] (-) TimerEvent: {}
[47.587469] (vesc_msgs) StdoutLine: {'line': b'[ 20%] \x1b[32m\x1b[1mLinking C shared library libvesc_msgs__rosidl_generator_c.so\x1b[0m\n'}
[47.618261] (pure_pursuit) StdoutLine: {'line': b'-- Generating done\n'}
[47.631972] (-) TimerEvent: {}
[47.633382] (pure_pursuit) StdoutLine: {'line': b'-- Build files have been written to: /home/nvidia/f1tenth_ws/build/pure_pursuit\n'}
[47.706261] (pure_pursuit) CommandEnded: {'returncode': 0}
[47.726806] (pure_pursuit) JobProgress: {'identifier': 'pure_pursuit', 'progress': 'build'}
[47.727374] (pure_pursuit) Command: {'cmd': ['/usr/bin/cmake', '--build', '/home/nvidia/f1tenth_ws/build/pure_pursuit', '--', '-j6', '-l6'], 'cwd': '/home/nvidia/f1tenth_ws/build/pure_pursuit', 'env': OrderedDict([('LESSOPEN', '| /usr/bin/lesspipe %s'), ('USER', 'nvidia'), ('SSH_CLIENT', '192.168.1.108 51828 22'), ('XDG_SESSION_TYPE', 'tty'), ('SHLVL', '1'), ('LD_LIBRARY_PATH', '//home/nvidia/f1tenth_ws/install/vesc_driver/lib://home/nvidia/f1tenth_ws/install/vesc_ackermann/lib://home/nvidia/f1tenth_ws/install/vesc_msgs/lib://home/nvidia/f1tenth_ws/install/teleop_tools_msgs/lib:/usr/lib/aarch64-linux-gnu/gazebo-11/plugins:/opt/ros/foxy/opt/yaml_cpp_vendor/lib:/opt/ros/foxy/opt/rviz_ogre_vendor/lib:/opt/ros/foxy/lib/aarch64-linux-gnu:/opt/ros/foxy/lib:/usr/local/cuda-11.4/lib64:'), ('MOTD_SHOWN', 'pam'), ('HOME', '/home/nvidia'), ('OLDPWD', '/home/nvidia'), ('SSH_TTY', '/dev/pts/0'), ('ROS_PYTHON_VERSION', '3'), ('DBUS_SESSION_BUS_ADDRESS', 'unix:path=/run/user/1000/bus'), ('COLCON_PREFIX_PATH', '//home/nvidia/f1tenth_ws/install'), ('ROS_DISTRO', 'foxy'), ('LOGNAME', 'nvidia'), ('_', '/usr/bin/colcon'), ('ROS_VERSION', '2'), ('XDG_SESSION_CLASS', 'user'), ('TERM', 'xterm-256color'), ('XDG_SESSION_ID', '8'), ('GAZEBO_MODEL_PATH', ':/opt/ros/foxy/share/turtlebot3_gazebo/models'), ('ROS_LOCALHOST_ONLY', '0'), ('PATH', '/home/nvidia/.local/bin:/opt/ros/foxy/bin:/usr/local/cuda-11.4/bin:/usr/local/sbin:/usr/local/bin:/usr/sbin:/usr/bin:/sbin:/bin:/usr/games:/usr/local/games:/snap/bin'), ('XDG_RUNTIME_DIR', '/run/user/1000'), ('LANG', 'en_US.UTF-8'), ('LS_COLORS', 'rs=0:di=01;34:ln=01;36:mh=00:pi=40;33:so=01;35:do=01;35:bd=40;33;01:cd=40;33;01:or=40;31;01:mi=00:su=37;41:sg=30;43:ca=30;41:tw=30;42:ow=34;42:st=37;44:ex=01;32:*.tar=01;31:*.tgz=01;31:*.arc=01;31:*.arj=01;31:*.taz=01;31:*.lha=01;31:*.lz4=01;31:*.lzh=01;31:*.lzma=01;31:*.tlz=01;31:*.txz=01;31:*.tzo=01;31:*.t7z=01;31:*.zip=01;31:*.z=01;31:*.dz=01;31:*.gz=01;31:*.lrz=01;31:*.lz=01;31:*.lzo=01;31:*.xz=01;31:*.zst=01;31:*.tzst=01;31:*.bz2=01;31:*.bz=01;31:*.tbz=01;31:*.tbz2=01;31:*.tz=01;31:*.deb=01;31:*.rpm=01;31:*.jar=01;31:*.war=01;31:*.ear=01;31:*.sar=01;31:*.rar=01;31:*.alz=01;31:*.ace=01;31:*.zoo=01;31:*.cpio=01;31:*.7z=01;31:*.rz=01;31:*.cab=01;31:*.wim=01;31:*.swm=01;31:*.dwm=01;31:*.esd=01;31:*.jpg=01;35:*.jpeg=01;35:*.mjpg=01;35:*.mjpeg=01;35:*.gif=01;35:*.bmp=01;35:*.pbm=01;35:*.pgm=01;35:*.ppm=01;35:*.tga=01;35:*.xbm=01;35:*.xpm=01;35:*.tif=01;35:*.tiff=01;35:*.png=01;35:*.svg=01;35:*.svgz=01;35:*.mng=01;35:*.pcx=01;35:*.mov=01;35:*.mpg=01;35:*.mpeg=01;35:*.m2v=01;35:*.mkv=01;35:*.webm=01;35:*.ogm=01;35:*.mp4=01;35:*.m4v=01;35:*.mp4v=01;35:*.vob=01;35:*.qt=01;35:*.nuv=01;35:*.wmv=01;35:*.asf=01;35:*.rm=01;35:*.rmvb=01;35:*.flc=01;35:*.avi=01;35:*.fli=01;35:*.flv=01;35:*.gl=01;35:*.dl=01;35:*.xcf=01;35:*.xwd=01;35:*.yuv=01;35:*.cgm=01;35:*.emf=01;35:*.ogv=01;35:*.ogx=01;35:*.aac=00;36:*.au=00;36:*.flac=00;36:*.m4a=00;36:*.mid=00;36:*.midi=00;36:*.mka=00;36:*.mp3=00;36:*.mpc=00;36:*.ogg=00;36:*.ra=00;36:*.wav=00;36:*.oga=00;36:*.opus=00;36:*.spx=00;36:*.xspf=00;36:'), ('ROS_DOMAIN_ID', '10'), ('AMENT_PREFIX_PATH', '//home/nvidia/f1tenth_ws/install/f1tenth_stack://home/nvidia/f1tenth_ws/install/vesc://home/nvidia/f1tenth_ws/install/vesc_driver://home/nvidia/f1tenth_ws/install/vesc_ackermann://home/nvidia/f1tenth_ws/install/vesc_msgs://home/nvidia/f1tenth_ws/install/teleop_tools://home/nvidia/f1tenth_ws/install/joy_teleop://home/nvidia/f1tenth_ws/install/teleop_tools_msgs://home/nvidia/f1tenth_ws/install/pure_pursuit://home/nvidia/f1tenth_ws/install/phasespace://home/nvidia/f1tenth_ws/install/new_map_saver://home/nvidia/f1tenth_ws/install/mouse_teleop://home/nvidia/f1tenth_ws/install/mapping://home/nvidia/f1tenth_ws/install/key_teleop://home/nvidia/f1tenth_ws/install/f1tenth_controllers://home/nvidia/f1tenth_ws/install/ackermann_mux:/opt/ros/foxy'), ('SHELL', '/bin/bash'), ('LESSCLOSE', '/usr/bin/lesspipe %s %s'), ('PWD', '/home/nvidia/f1tenth_ws/build/pure_pursuit'), ('TURTLEBOT3_MODEL', 'waffle'), ('LC_ALL', 'en_US.UTF-8'), ('SSH_CONNECTION', '192.168.1.108 51828 192.168.1.202 22'), ('XDG_DATA_DIRS', '/usr/local/share:/usr/share:/var/lib/snapd/desktop'), ('PYTHONPATH', '//home/nvidia/f1tenth_ws/install/f1tenth_stack/lib/python3.8/site-packages://home/nvidia/f1tenth_ws/install/vesc_msgs/lib/python3.8/site-packages://home/nvidia/f1tenth_ws/install/joy_teleop/lib/python3.8/site-packages://home/nvidia/f1tenth_ws/install/teleop_tools_msgs/lib/python3.8/site-packages://home/nvidia/f1tenth_ws/install/phasespace/lib/python3.8/site-packages://home/nvidia/f1tenth_ws/install/new_map_saver/lib/python3.8/site-packages://home/nvidia/f1tenth_ws/install/mouse_teleop/lib/python3.8/site-packages://home/nvidia/f1tenth_ws/install/mapping/lib/python3.8/site-packages://home/nvidia/f1tenth_ws/install/key_teleop/lib/python3.8/site-packages://home/nvidia/f1tenth_ws/install/f1tenth_controllers/lib/python3.8/site-packages:/opt/ros/foxy/lib/python3.8/site-packages'), ('COLCON', '1'), ('CMAKE_PREFIX_PATH', '//home/nvidia/f1tenth_ws/install/vesc://home/nvidia/f1tenth_ws/install/vesc_driver://home/nvidia/f1tenth_ws/install/vesc_ackermann://home/nvidia/f1tenth_ws/install/vesc_msgs://home/nvidia/f1tenth_ws/install/teleop_tools://home/nvidia/f1tenth_ws/install/teleop_tools_msgs://home/nvidia/f1tenth_ws/install/pure_pursuit://home/nvidia/f1tenth_ws/install/ackermann_mux://home/nvidia/f1tenth_ws/install/f1tenth_stack://home/nvidia/f1tenth_ws/install/joy_teleop://home/nvidia/f1tenth_ws/install/phasespace://home/nvidia/f1tenth_ws/install/new_map_saver://home/nvidia/f1tenth_ws/install/mouse_teleop://home/nvidia/f1tenth_ws/install/mapping://home/nvidia/f1tenth_ws/install/key_teleop://home/nvidia/f1tenth_ws/install/f1tenth_controllers:/opt/ros/foxy')]), 'shell': False}
[47.732332] (-) TimerEvent: {}
[47.842744] (-) TimerEvent: {}
[47.944481] (-) TimerEvent: {}
[48.046657] (-) TimerEvent: {}
[48.048628] (pure_pursuit) StdoutLine: {'line': b'-- Found ament_cmake: 0.9.12 (/opt/ros/foxy/share/ament_cmake/cmake)\n'}
[48.072620] (vesc_msgs) StderrLine: {'line': b'make[2]: warning:  Clock skew detected.  Your build may be incomplete.\n'}
[48.148459] (-) TimerEvent: {}
[48.207845] (vesc_msgs) StdoutLine: {'line': b'[ 20%] Built target vesc_msgs__rosidl_generator_c\n'}
[48.248713] (-) TimerEvent: {}
[48.288080] (pure_pursuit) StdoutLine: {'line': b'-- Using PYTHON_EXECUTABLE: /usr/bin/python3\n'}
[48.348928] (-) TimerEvent: {}
[48.450629] (-) TimerEvent: {}
[48.552237] (-) TimerEvent: {}
[48.653835] (-) TimerEvent: {}
[48.755492] (-) TimerEvent: {}
[48.857547] (-) TimerEvent: {}
[48.961066] (-) TimerEvent: {}
[49.062762] (-) TimerEvent: {}
[49.164449] (-) TimerEvent: {}
[49.210207] (vesc_msgs) StdoutLine: {'line': b'[ 21%] \x1b[32mBuilding CXX object CMakeFiles/vesc_msgs__rosidl_typesupport_fastrtps_cpp.dir/rosidl_typesupport_fastrtps_cpp/vesc_msgs/msg/detail/dds_fastrtps/vesc_state__type_support.cpp.o\x1b[0m\n'}
[49.265008] (-) TimerEvent: {}
[49.368381] (-) TimerEvent: {}
[49.426387] (vesc_msgs) StdoutLine: {'line': b'[ 23%] \x1b[32mBuilding CXX object CMakeFiles/vesc_msgs__rosidl_typesupport_introspection_cpp.dir/rosidl_typesupport_introspection_cpp/vesc_msgs/msg/detail/vesc_state__type_support.cpp.o\x1b[0m\n'}
[49.468612] (-) TimerEvent: {}
[49.570259] (-) TimerEvent: {}
[49.671837] (-) TimerEvent: {}
[49.773481] (-) TimerEvent: {}
[49.875274] (-) TimerEvent: {}
[49.976923] (-) TimerEvent: {}
[50.080243] (-) TimerEvent: {}
[50.102357] (teleop_tools_msgs) StdoutLine: {'line': b'\x1b[35m\x1b[1mScanning dependencies of target teleop_tools_msgs__rosidl_typesupport_fastrtps_c\x1b[0m\n'}
[50.143950] (pure_pursuit) StdoutLine: {'line': b'-- Found rclcpp: 2.4.3 (/opt/ros/foxy/share/rclcpp/cmake)\n'}
[50.180491] (-) TimerEvent: {}
[50.272091] (teleop_tools_msgs) StderrLine: {'line': b'make[2]: warning:  Clock skew detected.  Your build may be incomplete.\n'}
[50.280737] (-) TimerEvent: {}
[50.284364] (vesc_msgs) StdoutLine: {'line': b'[ 25%] \x1b[32mBuilding CXX object CMakeFiles/vesc_msgs__rosidl_typesupport_cpp.dir/rosidl_typesupport_cpp/vesc_msgs/msg/vesc_state_stamped__type_support.cpp.o\x1b[0m\n'}
[50.314951] (teleop_tools_msgs) StderrLine: {'line': b"make[2]: Warning: File '/opt/ros/foxy/share/unique_identifier_msgs/msg/UUID.idl' has modification time 738474424 s in the future\n"}
[50.380985] (-) TimerEvent: {}
[50.461992] (teleop_tools_msgs) StdoutLine: {'line': b'[ 64%] \x1b[34m\x1b[1mGenerating C type support for eProsima Fast-RTPS\x1b[0m\n'}
[50.481263] (-) TimerEvent: {}
[50.582407] (-) TimerEvent: {}
[50.650259] (pure_pursuit) StdoutLine: {'line': b'-- Using all available rosidl_typesupport_c: rosidl_typesupport_fastrtps_c;rosidl_typesupport_introspection_c\n'}
[50.682621] (-) TimerEvent: {}
[50.690749] (pure_pursuit) StdoutLine: {'line': b'-- Found rosidl_adapter: 1.3.1 (/opt/ros/foxy/share/rosidl_adapter/cmake)\n'}
[50.782906] (-) TimerEvent: {}
[50.883937] (-) TimerEvent: {}
[50.985058] (-) TimerEvent: {}
[51.086124] (-) TimerEvent: {}
[51.187211] (-) TimerEvent: {}
[51.288347] (-) TimerEvent: {}
[51.389678] (-) TimerEvent: {}
[51.490753] (-) TimerEvent: {}
[51.592961] (-) TimerEvent: {}
[51.694052] (-) TimerEvent: {}
[51.795116] (-) TimerEvent: {}
[51.896207] (-) TimerEvent: {}
[51.997296] (-) TimerEvent: {}
[52.004653] (pure_pursuit) StdoutLine: {'line': b'-- Using all available rosidl_typesupport_cpp: rosidl_typesupport_fastrtps_cpp;rosidl_typesupport_introspection_cpp\n'}
[52.097564] (-) TimerEvent: {}
[52.199163] (-) TimerEvent: {}
[52.300112] (-) TimerEvent: {}
[52.353545] (vesc_msgs) StdoutLine: {'line': b'[ 27%] \x1b[32mBuilding CXX object CMakeFiles/vesc_msgs__rosidl_typesupport_introspection_cpp.dir/rosidl_typesupport_introspection_cpp/vesc_msgs/msg/detail/vesc_state_stamped__type_support.cpp.o\x1b[0m\n'}
[52.400412] (-) TimerEvent: {}
[52.501453] (-) TimerEvent: {}
[52.555652] (pure_pursuit) StdoutLine: {'line': b'-- Found rmw_implementation_cmake: 1.0.4 (/opt/ros/foxy/share/rmw_implementation_cmake/cmake)\n'}
[52.595518] (pure_pursuit) StdoutLine: {'line': b"-- Using RMW implementation 'rmw_fastrtps_cpp' as default\n"}
[52.601700] (-) TimerEvent: {}
[52.644336] (vesc_msgs) StdoutLine: {'line': b'[ 29%] \x1b[32mBuilding CXX object CMakeFiles/vesc_msgs__rosidl_typesupport_cpp.dir/rosidl_typesupport_cpp/vesc_msgs/msg/vesc_imu__type_support.cpp.o\x1b[0m\n'}
[52.702956] (-) TimerEvent: {}
[52.804912] (-) TimerEvent: {}
[52.907249] (-) TimerEvent: {}
[53.009964] (-) TimerEvent: {}
[53.111422] (-) TimerEvent: {}
[53.162306] (vesc_msgs) StdoutLine: {'line': b'[ 30%] \x1b[32mBuilding CXX object CMakeFiles/vesc_msgs__rosidl_typesupport_fastrtps_cpp.dir/rosidl_typesupport_fastrtps_cpp/vesc_msgs/msg/detail/dds_fastrtps/vesc_imu__type_support.cpp.o\x1b[0m\n'}
[53.214094] (-) TimerEvent: {}
[53.315559] (-) TimerEvent: {}
[53.417787] (-) TimerEvent: {}
[53.518751] (-) TimerEvent: {}
[53.619995] (-) TimerEvent: {}
[53.721042] (-) TimerEvent: {}
[53.822197] (-) TimerEvent: {}
[53.860278] (teleop_tools_msgs) StdoutLine: {'line': b'[ 67%] \x1b[32mBuilding CXX object CMakeFiles/teleop_tools_msgs__rosidl_typesupport_fastrtps_c.dir/rosidl_typesupport_fastrtps_c/teleop_tools_msgs/action/detail/increment__type_support_c.cpp.o\x1b[0m\n'}
[53.922459] (-) TimerEvent: {}
[53.949248] (pure_pursuit) StdoutLine: {'line': b'-- Found rclpy: 1.0.13 (/opt/ros/foxy/share/rclpy/cmake)\n'}
[53.950418] (pure_pursuit) StdoutLine: {'line': b'-- Found geometry_msgs: 2.0.5 (/opt/ros/foxy/share/geometry_msgs/cmake)\n'}
[54.022711] (-) TimerEvent: {}
[54.123763] (-) TimerEvent: {}
[54.224846] (-) TimerEvent: {}
[54.326310] (-) TimerEvent: {}
[54.390649] (pure_pursuit) StdoutLine: {'line': b'-- Found nav_msgs: 2.0.5 (/opt/ros/foxy/share/nav_msgs/cmake)\n'}
[54.426767] (-) TimerEvent: {}
[54.527912] (-) TimerEvent: {}
[54.628938] (-) TimerEvent: {}
[54.730042] (-) TimerEvent: {}
[54.831054] (-) TimerEvent: {}
[54.932139] (-) TimerEvent: {}
[54.990729] (pure_pursuit) StdoutLine: {'line': b'-- Found ackermann_msgs: 2.0.2 (/opt/ros/foxy/share/ackermann_msgs/cmake)\n'}
[55.032993] (-) TimerEvent: {}
[55.134122] (-) TimerEvent: {}
[55.235269] (-) TimerEvent: {}
[55.336553] (-) TimerEvent: {}
[55.375084] (vesc_msgs) StdoutLine: {'line': b'[ 32%] \x1b[32mBuilding CXX object CMakeFiles/vesc_msgs__rosidl_typesupport_introspection_cpp.dir/rosidl_typesupport_introspection_cpp/vesc_msgs/msg/detail/vesc_imu__type_support.cpp.o\x1b[0m\n'}
[55.393367] (pure_pursuit) StdoutLine: {'line': b'-- Found sensor_msgs: 2.0.5 (/opt/ros/foxy/share/sensor_msgs/cmake)\n'}
[55.436840] (-) TimerEvent: {}
[55.540763] (-) TimerEvent: {}
[55.550095] (vesc_msgs) StdoutLine: {'line': b'[ 34%] \x1b[32mBuilding CXX object CMakeFiles/vesc_msgs__rosidl_typesupport_cpp.dir/rosidl_typesupport_cpp/vesc_msgs/msg/vesc_imu_stamped__type_support.cpp.o\x1b[0m\n'}
[55.641031] (-) TimerEvent: {}
[55.742777] (-) TimerEvent: {}
[55.844450] (-) TimerEvent: {}
[55.948621] (-) TimerEvent: {}
[56.021365] (pure_pursuit) StdoutLine: {'line': b'-- Found visualization_msgs: 2.0.5 (/opt/ros/foxy/share/visualization_msgs/cmake)\n'}
[56.048869] (-) TimerEvent: {}
[56.150151] (-) TimerEvent: {}
[56.251188] (-) TimerEvent: {}
[56.352211] (-) TimerEvent: {}
[56.453246] (-) TimerEvent: {}
[56.554342] (-) TimerEvent: {}
[56.655416] (-) TimerEvent: {}
[56.743716] (pure_pursuit) StdoutLine: {'line': b'-- Found eigen3_cmake_module: 0.1.1 (/opt/ros/foxy/share/eigen3_cmake_module/cmake)\n'}
[56.754539] (pure_pursuit) StdoutLine: {'line': b'-- Found tf2_ros: 0.13.14 (/opt/ros/foxy/share/tf2_ros/cmake)\n'}
[56.755742] (-) TimerEvent: {}
[56.841292] (vesc_msgs) StdoutLine: {'line': b'[ 36%] \x1b[32mBuilding CXX object CMakeFiles/vesc_msgs__rosidl_typesupport_fastrtps_cpp.dir/rosidl_typesupport_fastrtps_cpp/vesc_msgs/msg/detail/dds_fastrtps/vesc_state_stamped__type_support.cpp.o\x1b[0m\n'}
[56.856049] (-) TimerEvent: {}
[56.957138] (-) TimerEvent: {}
[57.058278] (-) TimerEvent: {}
[57.159332] (-) TimerEvent: {}
[57.260365] (-) TimerEvent: {}
[57.361431] (-) TimerEvent: {}
[57.462597] (-) TimerEvent: {}
[57.563650] (-) TimerEvent: {}
[57.664723] (-) TimerEvent: {}
[57.765815] (-) TimerEvent: {}
[57.868051] (-) TimerEvent: {}
[57.969107] (-) TimerEvent: {}
[58.030866] (teleop_tools_msgs) StdoutLine: {'line': b'[ 70%] \x1b[32m\x1b[1mLinking CXX shared library libteleop_tools_msgs__rosidl_typesupport_fastrtps_c.so\x1b[0m\n'}
[58.069371] (-) TimerEvent: {}
[58.170564] (-) TimerEvent: {}
[58.195174] (vesc_msgs) StdoutLine: {'line': b'[ 38%] \x1b[32mBuilding CXX object CMakeFiles/vesc_msgs__rosidl_typesupport_introspection_cpp.dir/rosidl_typesupport_introspection_cpp/vesc_msgs/msg/detail/vesc_imu_stamped__type_support.cpp.o\x1b[0m\n'}
[58.270861] (-) TimerEvent: {}
[58.372004] (-) TimerEvent: {}
[58.473209] (-) TimerEvent: {}
[58.517304] (vesc_msgs) StdoutLine: {'line': b'[ 40%] \x1b[32m\x1b[1mLinking CXX shared library libvesc_msgs__rosidl_typesupport_cpp.so\x1b[0m\n'}
[58.573513] (-) TimerEvent: {}
[58.674823] (-) TimerEvent: {}
[58.775869] (-) TimerEvent: {}
[58.877494] (-) TimerEvent: {}
[58.937068] (teleop_tools_msgs) StderrLine: {'line': b'make[2]: warning:  Clock skew detected.  Your build may be incomplete.\n'}
[58.977832] (-) TimerEvent: {}
[59.055773] (vesc_msgs) StderrLine: {'line': b'make[2]: warning:  Clock skew detected.  Your build may be incomplete.\n'}
[59.077317] (teleop_tools_msgs) StdoutLine: {'line': b'[ 70%] Built target teleop_tools_msgs__rosidl_typesupport_fastrtps_c\n'}
[59.078170] (-) TimerEvent: {}
[59.150766] (vesc_msgs) StdoutLine: {'line': b'[ 40%] Built target vesc_msgs__rosidl_typesupport_cpp\n'}
[59.178424] (-) TimerEvent: {}
[59.216932] (teleop_tools_msgs) StdoutLine: {'line': b'\x1b[35m\x1b[1mScanning dependencies of target teleop_tools_msgs\x1b[0m\n'}
[59.235255] (teleop_tools_msgs) StderrLine: {'line': b"make[2]: Warning: File '/home/nvidia/f1tenth_ws/src/f1tenth_system/teleop_tools/teleop_tools_msgs/action/Increment.action' has modification time 777672213 s in the future\n"}
[59.239090] (teleop_tools_msgs) StderrLine: {'line': b'make[2]: warning:  Clock skew detected.  Your build may be incomplete.\n'}
[59.278648] (-) TimerEvent: {}
[59.313104] (teleop_tools_msgs) StdoutLine: {'line': b'[ 70%] Built target teleop_tools_msgs\n'}
[59.378881] (-) TimerEvent: {}
[59.410631] (teleop_tools_msgs) StdoutLine: {'line': b'\x1b[35m\x1b[1mScanning dependencies of target teleop_tools_msgs__py\x1b[0m\n'}
[59.429248] (teleop_tools_msgs) StderrLine: {'line': b"make[2]: Warning: File '/opt/ros/foxy/share/unique_identifier_msgs/msg/UUID.idl' has modification time 738474415 s in the future\n"}
[59.479109] (-) TimerEvent: {}
[59.509282] (teleop_tools_msgs) StdoutLine: {'line': b'[ 74%] \x1b[34m\x1b[1mGenerating Python code for ROS interfaces\x1b[0m\n'}
[59.579327] (-) TimerEvent: {}
[59.680377] (-) TimerEvent: {}
[59.781387] (-) TimerEvent: {}
[59.795915] (pure_pursuit) StdoutLine: {'line': b'-- Configuring done\n'}
[59.881705] (-) TimerEvent: {}
[59.958811] (pure_pursuit) StdoutLine: {'line': b'-- Generating done\n'}
[59.972918] (pure_pursuit) StdoutLine: {'line': b'-- Build files have been written to: /home/nvidia/f1tenth_ws/build/pure_pursuit\n'}
[59.981924] (-) TimerEvent: {}
[60.082952] (-) TimerEvent: {}
[60.184018] (-) TimerEvent: {}
[60.285088] (-) TimerEvent: {}
[60.335515] (pure_pursuit) StdoutLine: {'line': b'\x1b[35m\x1b[1mScanning dependencies of target waypoint_visualizer\x1b[0m\n'}
[60.385769] (-) TimerEvent: {}
[60.486819] (-) TimerEvent: {}
[60.587851] (-) TimerEvent: {}
[60.688907] (-) TimerEvent: {}
[60.699104] (pure_pursuit) StderrLine: {'line': b"make[2]: Warning: File '/home/nvidia/f1tenth_ws/src/pure_pursuit/src/waypoint_visualizer.cpp' has modification time 782321553 s in the future\n"}
[60.789170] (-) TimerEvent: {}
[60.796174] (vesc_msgs) StdoutLine: {'line': b'[ 41%] \x1b[32mBuilding CXX object CMakeFiles/vesc_msgs__rosidl_typesupport_fastrtps_cpp.dir/rosidl_typesupport_fastrtps_cpp/vesc_msgs/msg/detail/dds_fastrtps/vesc_imu_stamped__type_support.cpp.o\x1b[0m\n'}
[60.863754] (pure_pursuit) StdoutLine: {'line': b'[ 25%] \x1b[32mBuilding CXX object CMakeFiles/waypoint_visualizer.dir/src/waypoint_visualizer.cpp.o\x1b[0m\n'}
[60.889401] (-) TimerEvent: {}
[60.991226] (-) TimerEvent: {}
[61.051226] (vesc_msgs) StdoutLine: {'line': b'[ 43%] \x1b[32m\x1b[1mLinking CXX shared library libvesc_msgs__rosidl_typesupport_introspection_cpp.so\x1b[0m\n'}
[61.091437] (-) TimerEvent: {}
[61.193409] (-) TimerEvent: {}
[61.295169] (-) TimerEvent: {}
[61.396919] (-) TimerEvent: {}
[61.461281] (vesc_msgs) StderrLine: {'line': b'make[2]: warning:  Clock skew detected.  Your build may be incomplete.\n'}
[61.497198] (-) TimerEvent: {}
[61.550975] (vesc_msgs) StdoutLine: {'line': b'[ 43%] Built target vesc_msgs__rosidl_typesupport_introspection_cpp\n'}
[61.597432] (-) TimerEvent: {}
[61.700693] (-) TimerEvent: {}
[61.803008] (-) TimerEvent: {}
[61.906490] (-) TimerEvent: {}
[62.008116] (-) TimerEvent: {}
[62.110321] (-) TimerEvent: {}
[62.212046] (-) TimerEvent: {}
[62.313762] (-) TimerEvent: {}
[62.415513] (-) TimerEvent: {}
[62.516555] (-) TimerEvent: {}
[62.617693] (-) TimerEvent: {}
[62.720191] (-) TimerEvent: {}
[62.822630] (-) TimerEvent: {}
[62.924110] (-) TimerEvent: {}
[63.025856] (-) TimerEvent: {}
[63.127685] (-) TimerEvent: {}
[63.232187] (-) TimerEvent: {}
[63.333971] (-) TimerEvent: {}
[63.436373] (-) TimerEvent: {}
[63.538997] (-) TimerEvent: {}
[63.642177] (-) TimerEvent: {}
[63.734597] (vesc_msgs) StdoutLine: {'line': b'[ 45%] \x1b[32m\x1b[1mLinking CXX shared library libvesc_msgs__rosidl_typesupport_fastrtps_cpp.so\x1b[0m\n'}
[63.742406] (-) TimerEvent: {}
[63.844806] (-) TimerEvent: {}
[63.946916] (-) TimerEvent: {}
[64.048582] (-) TimerEvent: {}
[64.150298] (-) TimerEvent: {}
[64.251989] (-) TimerEvent: {}
[64.261950] (vesc_msgs) StderrLine: {'line': b'make[2]: warning:  Clock skew detected.  Your build may be incomplete.\n'}
[64.327640] (vesc_msgs) StdoutLine: {'line': b'[ 45%] Built target vesc_msgs__rosidl_typesupport_fastrtps_cpp\n'}
[64.345399] (vesc_msgs) StderrLine: {'line': b"make[2]: Warning: File '/opt/ros/foxy/share/geometry_msgs/msg/WrenchStamped.idl' has modification time 738475109 s in the future\n"}
[64.352266] (-) TimerEvent: {}
[64.359401] (teleop_tools_msgs) StderrLine: {'line': b'make[2]: warning:  Clock skew detected.  Your build may be incomplete.\n'}
[64.415463] (vesc_msgs) StdoutLine: {'line': b'[ 47%] \x1b[34m\x1b[1mGenerating C introspection for ROS interfaces\x1b[0m\n'}
[64.444208] (teleop_tools_msgs) StdoutLine: {'line': b'[ 74%] Built target teleop_tools_msgs__py\n'}
[64.452537] (-) TimerEvent: {}
[64.549824] (teleop_tools_msgs) StdoutLine: {'line': b'\x1b[35m\x1b[1mScanning dependencies of target teleop_tools_msgs__python\x1b[0m\n'}
[64.552794] (-) TimerEvent: {}
[64.654739] (-) TimerEvent: {}
[64.726734] (teleop_tools_msgs) StderrLine: {'line': b"make[2]: Warning: File '/opt/ros/foxy/include/builtin_interfaces/msg/detail/time__struct.h' has modification time 738473811 s in the future\n"}
[64.755320] (-) TimerEvent: {}
[64.862042] (-) TimerEvent: {}
[64.873381] (teleop_tools_msgs) StdoutLine: {'line': b'[ 77%] \x1b[32mBuilding C object CMakeFiles/teleop_tools_msgs__python.dir/rosidl_generator_py/teleop_tools_msgs/action/_increment_s.c.o\x1b[0m\n'}
[64.962342] (-) TimerEvent: {}
[65.065394] (-) TimerEvent: {}
[65.167668] (-) TimerEvent: {}
[65.270176] (-) TimerEvent: {}
[65.372040] (-) TimerEvent: {}
[65.473811] (-) TimerEvent: {}
[65.576605] (-) TimerEvent: {}
[65.677727] (-) TimerEvent: {}
[65.780360] (-) TimerEvent: {}
[65.886220] (-) TimerEvent: {}
[65.987917] (-) TimerEvent: {}
[66.089597] (-) TimerEvent: {}
[66.191435] (-) TimerEvent: {}
[66.293024] (-) TimerEvent: {}
[66.394815] (-) TimerEvent: {}
[66.496226] (teleop_tools_msgs) StdoutLine: {'line': b'[ 80%] \x1b[32m\x1b[1mLinking C shared library rosidl_generator_py/teleop_tools_msgs/libteleop_tools_msgs__python.so\x1b[0m\n'}
[66.497455] (-) TimerEvent: {}
[66.601659] (-) TimerEvent: {}
[66.703416] (-) TimerEvent: {}
[66.806462] (-) TimerEvent: {}
[66.909542] (-) TimerEvent: {}
[66.966830] (teleop_tools_msgs) StderrLine: {'line': b'make[2]: warning:  Clock skew detected.  Your build may be incomplete.\n'}
[67.009891] (-) TimerEvent: {}
[67.074121] (teleop_tools_msgs) StdoutLine: {'line': b'[ 80%] Built target teleop_tools_msgs__python\n'}
[67.110125] (-) TimerEvent: {}
[67.212208] (-) TimerEvent: {}
[67.223752] (teleop_tools_msgs) StdoutLine: {'line': b'\x1b[35m\x1b[1mScanning dependencies of target teleop_tools_msgs__rosidl_typesupport_c__pyext\x1b[0m\n'}
[67.312445] (-) TimerEvent: {}
[67.350591] (teleop_tools_msgs) StderrLine: {'line': b"make[2]: Warning: File '/opt/ros/foxy/include/builtin_interfaces/msg/detail/time__struct.h' has modification time 738473808 s in the future\n"}
[67.412730] (-) TimerEvent: {}
[67.463108] (teleop_tools_msgs) StdoutLine: {'line': b'[ 83%] \x1b[32mBuilding C object CMakeFiles/teleop_tools_msgs__rosidl_typesupport_c__pyext.dir/rosidl_generator_py/teleop_tools_msgs/_teleop_tools_msgs_s.ep.rosidl_typesupport_c.c.o\x1b[0m\n'}
[67.513781] (-) TimerEvent: {}
[67.550381] (vesc_msgs) StdoutLine: {'line': b'\x1b[35m\x1b[1mScanning dependencies of target vesc_msgs__rosidl_typesupport_introspection_c\x1b[0m\n'}
[67.613249] (-) TimerEvent: {}
[67.635788] (vesc_msgs) StderrLine: {'line': b'make[2]: warning:  Clock skew detected.  Your build may be incomplete.\n'}
[67.663924] (vesc_msgs) StderrLine: {'line': b"make[2]: Warning: File '/opt/ros/foxy/share/geometry_msgs/msg/WrenchStamped.idl' has modification time 738475106 s in the future\n"}
[67.713529] (-) TimerEvent: {}
[67.814949] (vesc_msgs) StdoutLine: {'line': b'[ 47%] \x1b[34m\x1b[1mGenerating C introspection for ROS interfaces\x1b[0m\n'}
[67.815705] (-) TimerEvent: {}
[67.917242] (-) TimerEvent: {}
[68.021270] (-) TimerEvent: {}
[68.123170] (-) TimerEvent: {}
[68.224880] (-) TimerEvent: {}
[68.249119] (teleop_tools_msgs) StdoutLine: {'line': b'[ 87%] \x1b[32m\x1b[1mLinking C shared library rosidl_generator_py/teleop_tools_msgs/teleop_tools_msgs_s__rosidl_typesupport_c.cpython-38-aarch64-linux-gnu.so\x1b[0m\n'}
[68.325187] (-) TimerEvent: {}
[68.427301] (-) TimerEvent: {}
[68.491571] (teleop_tools_msgs) StderrLine: {'line': b'make[2]: warning:  Clock skew detected.  Your build may be incomplete.\n'}
[68.527528] (-) TimerEvent: {}
[68.561605] (teleop_tools_msgs) StdoutLine: {'line': b'[ 87%] Built target teleop_tools_msgs__rosidl_typesupport_c__pyext\n'}
[68.627780] (-) TimerEvent: {}
[68.640786] (teleop_tools_msgs) StdoutLine: {'line': b'\x1b[35m\x1b[1mScanning dependencies of target teleop_tools_msgs__rosidl_typesupport_fastrtps_c__pyext\x1b[0m\n'}
[68.728049] (-) TimerEvent: {}
[68.739626] (teleop_tools_msgs) StderrLine: {'line': b"make[2]: Warning: File '/opt/ros/foxy/include/builtin_interfaces/msg/detail/time__struct.h' has modification time 738473807 s in the future\n"}
[68.826520] (teleop_tools_msgs) StdoutLine: {'line': b'[ 90%] \x1b[32mBuilding C object CMakeFiles/teleop_tools_msgs__rosidl_typesupport_fastrtps_c__pyext.dir/rosidl_generator_py/teleop_tools_msgs/_teleop_tools_msgs_s.ep.rosidl_typesupport_fastrtps_c.c.o\x1b[0m\n'}
[68.828324] (-) TimerEvent: {}
[68.930017] (-) TimerEvent: {}
[69.031626] (-) TimerEvent: {}
[69.133927] (-) TimerEvent: {}
[69.236178] (-) TimerEvent: {}
[69.337826] (-) TimerEvent: {}
[69.442583] (-) TimerEvent: {}
[69.544207] (-) TimerEvent: {}
[69.623910] (teleop_tools_msgs) StdoutLine: {'line': b'[ 93%] \x1b[32m\x1b[1mLinking CXX shared library rosidl_generator_py/teleop_tools_msgs/teleop_tools_msgs_s__rosidl_typesupport_fastrtps_c.cpython-38-aarch64-linux-gnu.so\x1b[0m\n'}
[69.644499] (-) TimerEvent: {}
[69.747330] (-) TimerEvent: {}
[69.850055] (-) TimerEvent: {}
[69.951643] (-) TimerEvent: {}
[70.046232] (teleop_tools_msgs) StderrLine: {'line': b'make[2]: warning:  Clock skew detected.  Your build may be incomplete.\n'}
[70.051901] (-) TimerEvent: {}
[70.111819] (teleop_tools_msgs) StdoutLine: {'line': b'[ 93%] Built target teleop_tools_msgs__rosidl_typesupport_fastrtps_c__pyext\n'}
[70.152111] (-) TimerEvent: {}
[70.188565] (teleop_tools_msgs) StdoutLine: {'line': b'\x1b[35m\x1b[1mScanning dependencies of target teleop_tools_msgs__rosidl_typesupport_introspection_c__pyext\x1b[0m\n'}
[70.252357] (-) TimerEvent: {}
[70.270259] (teleop_tools_msgs) StderrLine: {'line': b"make[2]: Warning: File '/opt/ros/foxy/include/builtin_interfaces/msg/detail/time__struct.h' has modification time 738473805 s in the future\n"}
[70.352623] (-) TimerEvent: {}
[70.370017] (teleop_tools_msgs) StdoutLine: {'line': b'[ 96%] \x1b[32mBuilding C object CMakeFiles/teleop_tools_msgs__rosidl_typesupport_introspection_c__pyext.dir/rosidl_generator_py/teleop_tools_msgs/_teleop_tools_msgs_s.ep.rosidl_typesupport_introspection_c.c.o\x1b[0m\n'}
[70.452880] (-) TimerEvent: {}
[70.554572] (-) TimerEvent: {}
[70.655601] (-) TimerEvent: {}
[70.756618] (-) TimerEvent: {}
[70.857753] (-) TimerEvent: {}
[70.962462] (-) TimerEvent: {}
[71.063523] (-) TimerEvent: {}
[71.165344] (-) TimerEvent: {}
[71.213444] (teleop_tools_msgs) StdoutLine: {'line': b'[100%] \x1b[32m\x1b[1mLinking C shared library rosidl_generator_py/teleop_tools_msgs/teleop_tools_msgs_s__rosidl_typesupport_introspection_c.cpython-38-aarch64-linux-gnu.so\x1b[0m\n'}
[71.265566] (-) TimerEvent: {}
[71.356321] (vesc_msgs) StdoutLine: {'line': b'[ 49%] \x1b[32mBuilding C object CMakeFiles/vesc_msgs__rosidl_typesupport_introspection_c.dir/rosidl_typesupport_introspection_c/vesc_msgs/msg/detail/vesc_state__type_support.c.o\x1b[0m\n'}
[71.365906] (-) TimerEvent: {}
[71.454325] (teleop_tools_msgs) StderrLine: {'line': b'make[2]: warning:  Clock skew detected.  Your build may be incomplete.\n'}
[71.466189] (-) TimerEvent: {}
[71.536883] (teleop_tools_msgs) StdoutLine: {'line': b'[100%] Built target teleop_tools_msgs__rosidl_typesupport_introspection_c__pyext\n'}
[71.566416] (-) TimerEvent: {}
[71.651342] (teleop_tools_msgs) CommandEnded: {'returncode': 0}
[71.666894] (vesc_msgs) StdoutLine: {'line': b'[ 50%] \x1b[32mBuilding C object CMakeFiles/vesc_msgs__rosidl_typesupport_introspection_c.dir/rosidl_typesupport_introspection_c/vesc_msgs/msg/detail/vesc_imu__type_support.c.o\x1b[0m\n'}
[71.671865] (-) TimerEvent: {}
[71.774818] (-) TimerEvent: {}
[71.876774] (-) TimerEvent: {}
[71.981961] (-) TimerEvent: {}
[72.042768] (vesc_msgs) StdoutLine: {'line': b'[ 52%] \x1b[32mBuilding C object CMakeFiles/vesc_msgs__rosidl_typesupport_introspection_c.dir/rosidl_typesupport_introspection_c/vesc_msgs/msg/detail/vesc_imu_stamped__type_support.c.o\x1b[0m\n'}
[72.082502] (-) TimerEvent: {}
[72.151576] (teleop_tools_msgs) JobProgress: {'identifier': 'teleop_tools_msgs', 'progress': 'install'}
[72.183650] (-) TimerEvent: {}
[72.255683] (teleop_tools_msgs) Command: {'cmd': ['/usr/bin/cmake', '--install', '/home/nvidia/f1tenth_ws/build/teleop_tools_msgs'], 'cwd': '/home/nvidia/f1tenth_ws/build/teleop_tools_msgs', 'env': OrderedDict([('LESSOPEN', '| /usr/bin/lesspipe %s'), ('USER', 'nvidia'), ('SSH_CLIENT', '192.168.1.108 51828 22'), ('XDG_SESSION_TYPE', 'tty'), ('SHLVL', '1'), ('LD_LIBRARY_PATH', '//home/nvidia/f1tenth_ws/install/vesc_driver/lib://home/nvidia/f1tenth_ws/install/vesc_ackermann/lib://home/nvidia/f1tenth_ws/install/vesc_msgs/lib://home/nvidia/f1tenth_ws/install/teleop_tools_msgs/lib:/usr/lib/aarch64-linux-gnu/gazebo-11/plugins:/opt/ros/foxy/opt/yaml_cpp_vendor/lib:/opt/ros/foxy/opt/rviz_ogre_vendor/lib:/opt/ros/foxy/lib/aarch64-linux-gnu:/opt/ros/foxy/lib:/usr/local/cuda-11.4/lib64:'), ('MOTD_SHOWN', 'pam'), ('HOME', '/home/nvidia'), ('OLDPWD', '/home/nvidia'), ('SSH_TTY', '/dev/pts/0'), ('ROS_PYTHON_VERSION', '3'), ('DBUS_SESSION_BUS_ADDRESS', 'unix:path=/run/user/1000/bus'), ('COLCON_PREFIX_PATH', '//home/nvidia/f1tenth_ws/install'), ('ROS_DISTRO', 'foxy'), ('LOGNAME', 'nvidia'), ('_', '/usr/bin/colcon'), ('ROS_VERSION', '2'), ('XDG_SESSION_CLASS', 'user'), ('TERM', 'xterm-256color'), ('XDG_SESSION_ID', '8'), ('GAZEBO_MODEL_PATH', ':/opt/ros/foxy/share/turtlebot3_gazebo/models'), ('ROS_LOCALHOST_ONLY', '0'), ('PATH', '/home/nvidia/.local/bin:/opt/ros/foxy/bin:/usr/local/cuda-11.4/bin:/usr/local/sbin:/usr/local/bin:/usr/sbin:/usr/bin:/sbin:/bin:/usr/games:/usr/local/games:/snap/bin'), ('XDG_RUNTIME_DIR', '/run/user/1000'), ('LANG', 'en_US.UTF-8'), ('LS_COLORS', 'rs=0:di=01;34:ln=01;36:mh=00:pi=40;33:so=01;35:do=01;35:bd=40;33;01:cd=40;33;01:or=40;31;01:mi=00:su=37;41:sg=30;43:ca=30;41:tw=30;42:ow=34;42:st=37;44:ex=01;32:*.tar=01;31:*.tgz=01;31:*.arc=01;31:*.arj=01;31:*.taz=01;31:*.lha=01;31:*.lz4=01;31:*.lzh=01;31:*.lzma=01;31:*.tlz=01;31:*.txz=01;31:*.tzo=01;31:*.t7z=01;31:*.zip=01;31:*.z=01;31:*.dz=01;31:*.gz=01;31:*.lrz=01;31:*.lz=01;31:*.lzo=01;31:*.xz=01;31:*.zst=01;31:*.tzst=01;31:*.bz2=01;31:*.bz=01;31:*.tbz=01;31:*.tbz2=01;31:*.tz=01;31:*.deb=01;31:*.rpm=01;31:*.jar=01;31:*.war=01;31:*.ear=01;31:*.sar=01;31:*.rar=01;31:*.alz=01;31:*.ace=01;31:*.zoo=01;31:*.cpio=01;31:*.7z=01;31:*.rz=01;31:*.cab=01;31:*.wim=01;31:*.swm=01;31:*.dwm=01;31:*.esd=01;31:*.jpg=01;35:*.jpeg=01;35:*.mjpg=01;35:*.mjpeg=01;35:*.gif=01;35:*.bmp=01;35:*.pbm=01;35:*.pgm=01;35:*.ppm=01;35:*.tga=01;35:*.xbm=01;35:*.xpm=01;35:*.tif=01;35:*.tiff=01;35:*.png=01;35:*.svg=01;35:*.svgz=01;35:*.mng=01;35:*.pcx=01;35:*.mov=01;35:*.mpg=01;35:*.mpeg=01;35:*.m2v=01;35:*.mkv=01;35:*.webm=01;35:*.ogm=01;35:*.mp4=01;35:*.m4v=01;35:*.mp4v=01;35:*.vob=01;35:*.qt=01;35:*.nuv=01;35:*.wmv=01;35:*.asf=01;35:*.rm=01;35:*.rmvb=01;35:*.flc=01;35:*.avi=01;35:*.fli=01;35:*.flv=01;35:*.gl=01;35:*.dl=01;35:*.xcf=01;35:*.xwd=01;35:*.yuv=01;35:*.cgm=01;35:*.emf=01;35:*.ogv=01;35:*.ogx=01;35:*.aac=00;36:*.au=00;36:*.flac=00;36:*.m4a=00;36:*.mid=00;36:*.midi=00;36:*.mka=00;36:*.mp3=00;36:*.mpc=00;36:*.ogg=00;36:*.ra=00;36:*.wav=00;36:*.oga=00;36:*.opus=00;36:*.spx=00;36:*.xspf=00;36:'), ('ROS_DOMAIN_ID', '10'), ('AMENT_PREFIX_PATH', '//home/nvidia/f1tenth_ws/install/f1tenth_stack://home/nvidia/f1tenth_ws/install/vesc://home/nvidia/f1tenth_ws/install/vesc_driver://home/nvidia/f1tenth_ws/install/vesc_ackermann://home/nvidia/f1tenth_ws/install/vesc_msgs://home/nvidia/f1tenth_ws/install/teleop_tools://home/nvidia/f1tenth_ws/install/joy_teleop://home/nvidia/f1tenth_ws/install/teleop_tools_msgs://home/nvidia/f1tenth_ws/install/pure_pursuit://home/nvidia/f1tenth_ws/install/phasespace://home/nvidia/f1tenth_ws/install/new_map_saver://home/nvidia/f1tenth_ws/install/mouse_teleop://home/nvidia/f1tenth_ws/install/mapping://home/nvidia/f1tenth_ws/install/key_teleop://home/nvidia/f1tenth_ws/install/f1tenth_controllers://home/nvidia/f1tenth_ws/install/ackermann_mux:/opt/ros/foxy'), ('SHELL', '/bin/bash'), ('LESSCLOSE', '/usr/bin/lesspipe %s %s'), ('PWD', '/home/nvidia/f1tenth_ws/build/teleop_tools_msgs'), ('TURTLEBOT3_MODEL', 'waffle'), ('LC_ALL', 'en_US.UTF-8'), ('SSH_CONNECTION', '192.168.1.108 51828 192.168.1.202 22'), ('XDG_DATA_DIRS', '/usr/local/share:/usr/share:/var/lib/snapd/desktop'), ('PYTHONPATH', '//home/nvidia/f1tenth_ws/install/f1tenth_stack/lib/python3.8/site-packages://home/nvidia/f1tenth_ws/install/vesc_msgs/lib/python3.8/site-packages://home/nvidia/f1tenth_ws/install/joy_teleop/lib/python3.8/site-packages://home/nvidia/f1tenth_ws/install/teleop_tools_msgs/lib/python3.8/site-packages://home/nvidia/f1tenth_ws/install/phasespace/lib/python3.8/site-packages://home/nvidia/f1tenth_ws/install/new_map_saver/lib/python3.8/site-packages://home/nvidia/f1tenth_ws/install/mouse_teleop/lib/python3.8/site-packages://home/nvidia/f1tenth_ws/install/mapping/lib/python3.8/site-packages://home/nvidia/f1tenth_ws/install/key_teleop/lib/python3.8/site-packages://home/nvidia/f1tenth_ws/install/f1tenth_controllers/lib/python3.8/site-packages:/opt/ros/foxy/lib/python3.8/site-packages'), ('COLCON', '1'), ('CMAKE_PREFIX_PATH', '//home/nvidia/f1tenth_ws/install/vesc://home/nvidia/f1tenth_ws/install/vesc_driver://home/nvidia/f1tenth_ws/install/vesc_ackermann://home/nvidia/f1tenth_ws/install/vesc_msgs://home/nvidia/f1tenth_ws/install/teleop_tools://home/nvidia/f1tenth_ws/install/teleop_tools_msgs://home/nvidia/f1tenth_ws/install/pure_pursuit://home/nvidia/f1tenth_ws/install/ackermann_mux://home/nvidia/f1tenth_ws/install/f1tenth_stack://home/nvidia/f1tenth_ws/install/joy_teleop://home/nvidia/f1tenth_ws/install/phasespace://home/nvidia/f1tenth_ws/install/new_map_saver://home/nvidia/f1tenth_ws/install/mouse_teleop://home/nvidia/f1tenth_ws/install/mapping://home/nvidia/f1tenth_ws/install/key_teleop://home/nvidia/f1tenth_ws/install/f1tenth_controllers:/opt/ros/foxy')]), 'shell': False}
[72.283628] (-) TimerEvent: {}
[72.367997] (teleop_tools_msgs) StdoutLine: {'line': b'-- Install configuration: ""\n'}
[72.372291] (teleop_tools_msgs) StdoutLine: {'line': b'-- Installing: /home/nvidia/f1tenth_ws/install/teleop_tools_msgs/share/ament_index/resource_index/rosidl_interfaces/teleop_tools_msgs\n'}
[72.375142] (teleop_tools_msgs) StdoutLine: {'line': b'-- Installing: /home/nvidia/f1tenth_ws/install/teleop_tools_msgs/include/teleop_tools_msgs\n'}
[72.377123] (teleop_tools_msgs) StdoutLine: {'line': b'-- Installing: /home/nvidia/f1tenth_ws/install/teleop_tools_msgs/include/teleop_tools_msgs/action\n'}
[72.378862] (teleop_tools_msgs) StdoutLine: {'line': b'-- Installing: /home/nvidia/f1tenth_ws/install/teleop_tools_msgs/include/teleop_tools_msgs/action/increment.h\n'}
[72.381762] (teleop_tools_msgs) StdoutLine: {'line': b'-- Installing: /home/nvidia/f1tenth_ws/install/teleop_tools_msgs/include/teleop_tools_msgs/action/detail\n'}
[72.383439] (teleop_tools_msgs) StdoutLine: {'line': b'-- Installing: /home/nvidia/f1tenth_ws/install/teleop_tools_msgs/include/teleop_tools_msgs/action/detail/increment__type_support.h\n'}
[72.384006] (-) TimerEvent: {}
[72.387938] (teleop_tools_msgs) StdoutLine: {'line': b'-- Installing: /home/nvidia/f1tenth_ws/install/teleop_tools_msgs/include/teleop_tools_msgs/action/detail/increment__functions.c\n'}
[72.394628] (teleop_tools_msgs) StdoutLine: {'line': b'-- Installing: /home/nvidia/f1tenth_ws/install/teleop_tools_msgs/include/teleop_tools_msgs/action/detail/increment__struct.h\n'}
[72.397055] (teleop_tools_msgs) StdoutLine: {'line': b'-- Installing: /home/nvidia/f1tenth_ws/install/teleop_tools_msgs/include/teleop_tools_msgs/action/detail/increment__functions.h\n'}
[72.400431] (teleop_tools_msgs) StdoutLine: {'line': b'-- Installing: /home/nvidia/f1tenth_ws/install/teleop_tools_msgs/include/teleop_tools_msgs/msg\n'}
[72.403279] (teleop_tools_msgs) StdoutLine: {'line': b'-- Installing: /home/nvidia/f1tenth_ws/install/teleop_tools_msgs/include/teleop_tools_msgs/msg/rosidl_generator_c__visibility_control.h\n'}
[72.408687] (teleop_tools_msgs) StdoutLine: {'line': b'-- Installing: /home/nvidia/f1tenth_ws/install/teleop_tools_msgs/share/teleop_tools_msgs/environment/library_path.sh\n'}
[72.411129] (teleop_tools_msgs) StdoutLine: {'line': b'-- Installing: /home/nvidia/f1tenth_ws/install/teleop_tools_msgs/share/teleop_tools_msgs/environment/library_path.dsv\n'}
[72.414425] (teleop_tools_msgs) StdoutLine: {'line': b'-- Installing: /home/nvidia/f1tenth_ws/install/teleop_tools_msgs/lib/libteleop_tools_msgs__rosidl_generator_c.so\n'}
[72.420417] (teleop_tools_msgs) StdoutLine: {'line': b'-- Set runtime path of "/home/nvidia/f1tenth_ws/install/teleop_tools_msgs/lib/libteleop_tools_msgs__rosidl_generator_c.so" to ""\n'}
[72.422297] (teleop_tools_msgs) StdoutLine: {'line': b'-- Up-to-date: /home/nvidia/f1tenth_ws/install/teleop_tools_msgs/include/teleop_tools_msgs\n'}
[72.423590] (teleop_tools_msgs) StdoutLine: {'line': b'-- Up-to-date: /home/nvidia/f1tenth_ws/install/teleop_tools_msgs/include/teleop_tools_msgs/action\n'}
[72.427938] (teleop_tools_msgs) StdoutLine: {'line': b'-- Up-to-date: /home/nvidia/f1tenth_ws/install/teleop_tools_msgs/include/teleop_tools_msgs/action/detail\n'}
[72.429365] (teleop_tools_msgs) StdoutLine: {'line': b'-- Installing: /home/nvidia/f1tenth_ws/install/teleop_tools_msgs/include/teleop_tools_msgs/action/detail/increment__rosidl_typesupport_fastrtps_c.h\n'}
[72.431674] (teleop_tools_msgs) StdoutLine: {'line': b'-- Up-to-date: /home/nvidia/f1tenth_ws/install/teleop_tools_msgs/include/teleop_tools_msgs/msg\n'}
[72.432924] (teleop_tools_msgs) StdoutLine: {'line': b'-- Installing: /home/nvidia/f1tenth_ws/install/teleop_tools_msgs/include/teleop_tools_msgs/msg/rosidl_typesupport_fastrtps_c__visibility_control.h\n'}
[72.435416] (teleop_tools_msgs) StdoutLine: {'line': b'-- Installing: /home/nvidia/f1tenth_ws/install/teleop_tools_msgs/lib/libteleop_tools_msgs__rosidl_typesupport_fastrtps_c.so\n'}
[72.444901] (teleop_tools_msgs) StdoutLine: {'line': b'-- Set runtime path of "/home/nvidia/f1tenth_ws/install/teleop_tools_msgs/lib/libteleop_tools_msgs__rosidl_typesupport_fastrtps_c.so" to ""\n'}
[72.448713] (teleop_tools_msgs) StdoutLine: {'line': b'-- Up-to-date: /home/nvidia/f1tenth_ws/install/teleop_tools_msgs/include/teleop_tools_msgs\n'}
[72.450259] (teleop_tools_msgs) StdoutLine: {'line': b'-- Up-to-date: /home/nvidia/f1tenth_ws/install/teleop_tools_msgs/include/teleop_tools_msgs/action\n'}
[72.451461] (teleop_tools_msgs) StdoutLine: {'line': b'-- Up-to-date: /home/nvidia/f1tenth_ws/install/teleop_tools_msgs/include/teleop_tools_msgs/action/detail\n'}
[72.452605] (teleop_tools_msgs) StdoutLine: {'line': b'-- Installing: /home/nvidia/f1tenth_ws/install/teleop_tools_msgs/include/teleop_tools_msgs/action/detail/increment__rosidl_typesupport_fastrtps_cpp.hpp\n'}
[72.454653] (teleop_tools_msgs) StdoutLine: {'line': b'-- Installing: /home/nvidia/f1tenth_ws/install/teleop_tools_msgs/include/teleop_tools_msgs/action/detail/dds_fastrtps\n'}
[72.456121] (teleop_tools_msgs) StdoutLine: {'line': b'-- Up-to-date: /home/nvidia/f1tenth_ws/install/teleop_tools_msgs/include/teleop_tools_msgs/msg\n'}
[72.457274] (teleop_tools_msgs) StdoutLine: {'line': b'-- Installing: /home/nvidia/f1tenth_ws/install/teleop_tools_msgs/include/teleop_tools_msgs/msg/rosidl_typesupport_fastrtps_cpp__visibility_control.h\n'}
[72.460297] (teleop_tools_msgs) StdoutLine: {'line': b'-- Installing: /home/nvidia/f1tenth_ws/install/teleop_tools_msgs/lib/libteleop_tools_msgs__rosidl_typesupport_fastrtps_cpp.so\n'}
[72.468019] (teleop_tools_msgs) StdoutLine: {'line': b'-- Set runtime path of "/home/nvidia/f1tenth_ws/install/teleop_tools_msgs/lib/libteleop_tools_msgs__rosidl_typesupport_fastrtps_cpp.so" to ""\n'}
[72.471080] (teleop_tools_msgs) StdoutLine: {'line': b'-- Up-to-date: /home/nvidia/f1tenth_ws/install/teleop_tools_msgs/include/teleop_tools_msgs\n'}
[72.472330] (teleop_tools_msgs) StdoutLine: {'line': b'-- Up-to-date: /home/nvidia/f1tenth_ws/install/teleop_tools_msgs/include/teleop_tools_msgs/action\n'}
[72.473415] (teleop_tools_msgs) StdoutLine: {'line': b'-- Up-to-date: /home/nvidia/f1tenth_ws/install/teleop_tools_msgs/include/teleop_tools_msgs/action/detail\n'}
[72.474759] (teleop_tools_msgs) StdoutLine: {'line': b'-- Installing: /home/nvidia/f1tenth_ws/install/teleop_tools_msgs/include/teleop_tools_msgs/action/detail/increment__rosidl_typesupport_introspection_c.h\n'}
[72.476817] (teleop_tools_msgs) StdoutLine: {'line': b'-- Installing: /home/nvidia/f1tenth_ws/install/teleop_tools_msgs/include/teleop_tools_msgs/action/detail/increment__type_support.c\n'}
[72.479672] (teleop_tools_msgs) StdoutLine: {'line': b'-- Up-to-date: /home/nvidia/f1tenth_ws/install/teleop_tools_msgs/include/teleop_tools_msgs/msg\n'}
[72.481420] (teleop_tools_msgs) StdoutLine: {'line': b'-- Installing: /home/nvidia/f1tenth_ws/install/teleop_tools_msgs/include/teleop_tools_msgs/msg/rosidl_typesupport_introspection_c__visibility_control.h\n'}
[72.484615] (teleop_tools_msgs) StdoutLine: {'line': b'-- Installing: /home/nvidia/f1tenth_ws/install/teleop_tools_msgs/lib/libteleop_tools_msgs__rosidl_typesupport_introspection_c.so\n'}
[72.485156] (-) TimerEvent: {}
[72.491209] (teleop_tools_msgs) StdoutLine: {'line': b'-- Set runtime path of "/home/nvidia/f1tenth_ws/install/teleop_tools_msgs/lib/libteleop_tools_msgs__rosidl_typesupport_introspection_c.so" to ""\n'}
[72.495734] (teleop_tools_msgs) StdoutLine: {'line': b'-- Installing: /home/nvidia/f1tenth_ws/install/teleop_tools_msgs/lib/libteleop_tools_msgs__rosidl_typesupport_c.so\n'}
[72.501975] (teleop_tools_msgs) StdoutLine: {'line': b'-- Set runtime path of "/home/nvidia/f1tenth_ws/install/teleop_tools_msgs/lib/libteleop_tools_msgs__rosidl_typesupport_c.so" to ""\n'}
[72.503596] (teleop_tools_msgs) StdoutLine: {'line': b'-- Up-to-date: /home/nvidia/f1tenth_ws/install/teleop_tools_msgs/include/teleop_tools_msgs\n'}
[72.505898] (teleop_tools_msgs) StdoutLine: {'line': b'-- Up-to-date: /home/nvidia/f1tenth_ws/install/teleop_tools_msgs/include/teleop_tools_msgs/action\n'}
[72.507428] (teleop_tools_msgs) StdoutLine: {'line': b'-- Up-to-date: /home/nvidia/f1tenth_ws/install/teleop_tools_msgs/include/teleop_tools_msgs/action/detail\n'}
[72.508838] (teleop_tools_msgs) StdoutLine: {'line': b'-- Installing: /home/nvidia/f1tenth_ws/install/teleop_tools_msgs/include/teleop_tools_msgs/action/detail/increment__type_support.hpp\n'}
[72.511424] (teleop_tools_msgs) StdoutLine: {'line': b'-- Installing: /home/nvidia/f1tenth_ws/install/teleop_tools_msgs/include/teleop_tools_msgs/action/detail/increment__traits.hpp\n'}
[72.513537] (teleop_tools_msgs) StdoutLine: {'line': b'-- Installing: /home/nvidia/f1tenth_ws/install/teleop_tools_msgs/include/teleop_tools_msgs/action/detail/increment__struct.hpp\n'}
[72.515885] (teleop_tools_msgs) StdoutLine: {'line': b'-- Installing: /home/nvidia/f1tenth_ws/install/teleop_tools_msgs/include/teleop_tools_msgs/action/detail/increment__builder.hpp\n'}
[72.517891] (teleop_tools_msgs) StdoutLine: {'line': b'-- Installing: /home/nvidia/f1tenth_ws/install/teleop_tools_msgs/include/teleop_tools_msgs/action/increment.hpp\n'}
[72.521550] (teleop_tools_msgs) StdoutLine: {'line': b'-- Up-to-date: /home/nvidia/f1tenth_ws/install/teleop_tools_msgs/include/teleop_tools_msgs/msg\n'}
[72.522893] (teleop_tools_msgs) StdoutLine: {'line': b'-- Installing: /home/nvidia/f1tenth_ws/install/teleop_tools_msgs/include/teleop_tools_msgs/msg/rosidl_generator_cpp__visibility_control.hpp\n'}
[72.525525] (teleop_tools_msgs) StdoutLine: {'line': b'-- Up-to-date: /home/nvidia/f1tenth_ws/install/teleop_tools_msgs/include/teleop_tools_msgs\n'}
[72.527062] (teleop_tools_msgs) StdoutLine: {'line': b'-- Up-to-date: /home/nvidia/f1tenth_ws/install/teleop_tools_msgs/include/teleop_tools_msgs/action\n'}
[72.528180] (teleop_tools_msgs) StdoutLine: {'line': b'-- Up-to-date: /home/nvidia/f1tenth_ws/install/teleop_tools_msgs/include/teleop_tools_msgs/action/detail\n'}
[72.529267] (teleop_tools_msgs) StdoutLine: {'line': b'-- Installing: /home/nvidia/f1tenth_ws/install/teleop_tools_msgs/include/teleop_tools_msgs/action/detail/increment__type_support.cpp\n'}
[72.531689] (teleop_tools_msgs) StdoutLine: {'line': b'-- Installing: /home/nvidia/f1tenth_ws/install/teleop_tools_msgs/include/teleop_tools_msgs/action/detail/increment__rosidl_typesupport_introspection_cpp.hpp\n'}
[72.534300] (teleop_tools_msgs) StdoutLine: {'line': b'-- Installing: /home/nvidia/f1tenth_ws/install/teleop_tools_msgs/lib/libteleop_tools_msgs__rosidl_typesupport_introspection_cpp.so\n'}
[72.541239] (teleop_tools_msgs) StdoutLine: {'line': b'-- Set runtime path of "/home/nvidia/f1tenth_ws/install/teleop_tools_msgs/lib/libteleop_tools_msgs__rosidl_typesupport_introspection_cpp.so" to ""\n'}
[72.546803] (teleop_tools_msgs) StdoutLine: {'line': b'-- Installing: /home/nvidia/f1tenth_ws/install/teleop_tools_msgs/lib/libteleop_tools_msgs__rosidl_typesupport_cpp.so\n'}
[72.551606] (teleop_tools_msgs) StdoutLine: {'line': b'-- Set runtime path of "/home/nvidia/f1tenth_ws/install/teleop_tools_msgs/lib/libteleop_tools_msgs__rosidl_typesupport_cpp.so" to ""\n'}
[72.553186] (teleop_tools_msgs) StdoutLine: {'line': b'-- Installing: /home/nvidia/f1tenth_ws/install/teleop_tools_msgs/share/teleop_tools_msgs/environment/pythonpath.sh\n'}
[72.555374] (teleop_tools_msgs) StdoutLine: {'line': b'-- Installing: /home/nvidia/f1tenth_ws/install/teleop_tools_msgs/share/teleop_tools_msgs/environment/pythonpath.dsv\n'}
[72.558354] (teleop_tools_msgs) StdoutLine: {'line': b'-- Installing: /home/nvidia/f1tenth_ws/install/teleop_tools_msgs/lib/python3.8/site-packages/teleop_tools_msgs/__init__.py\n'}
[72.585597] (-) TimerEvent: {}
[72.617070] (vesc_msgs) StdoutLine: {'line': b'[ 54%] \x1b[32mBuilding C object CMakeFiles/vesc_msgs__rosidl_typesupport_introspection_c.dir/rosidl_typesupport_introspection_c/vesc_msgs/msg/detail/vesc_state_stamped__type_support.c.o\x1b[0m\n'}
[72.685847] (-) TimerEvent: {}
[72.786842] (-) TimerEvent: {}
[72.825408] (teleop_tools_msgs) StdoutLine: {'line': b"Compiling '/home/nvidia/f1tenth_ws/install/teleop_tools_msgs/lib/python3.8/site-packages/teleop_tools_msgs/__init__.py'...\n"}
[72.857512] (teleop_tools_msgs) StdoutLine: {'line': b'-- Installing: /home/nvidia/f1tenth_ws/install/teleop_tools_msgs/lib/python3.8/site-packages/teleop_tools_msgs/action\n'}
[72.858380] (teleop_tools_msgs) StdoutLine: {'line': b'-- Installing: /home/nvidia/f1tenth_ws/install/teleop_tools_msgs/lib/python3.8/site-packages/teleop_tools_msgs/action/_increment_s.c\n'}
[72.858951] (teleop_tools_msgs) StdoutLine: {'line': b'-- Installing: /home/nvidia/f1tenth_ws/install/teleop_tools_msgs/lib/python3.8/site-packages/teleop_tools_msgs/action/__init__.py\n'}
[72.859392] (teleop_tools_msgs) StdoutLine: {'line': b'-- Installing: /home/nvidia/f1tenth_ws/install/teleop_tools_msgs/lib/python3.8/site-packages/teleop_tools_msgs/action/_increment.py\n'}
[72.862850] (teleop_tools_msgs) StdoutLine: {'line': b'-- Installing: /home/nvidia/f1tenth_ws/install/teleop_tools_msgs/lib/python3.8/site-packages/teleop_tools_msgs/teleop_tools_msgs_s__rosidl_typesupport_fastrtps_c.cpython-38-aarch64-linux-gnu.so\n'}
[72.868721] (teleop_tools_msgs) StdoutLine: {'line': b'-- Set runtime path of "/home/nvidia/f1tenth_ws/install/teleop_tools_msgs/lib/python3.8/site-packages/teleop_tools_msgs/teleop_tools_msgs_s__rosidl_typesupport_fastrtps_c.cpython-38-aarch64-linux-gnu.so" to ""\n'}
[72.871022] (teleop_tools_msgs) StdoutLine: {'line': b'-- Installing: /home/nvidia/f1tenth_ws/install/teleop_tools_msgs/lib/python3.8/site-packages/teleop_tools_msgs/teleop_tools_msgs_s__rosidl_typesupport_introspection_c.cpython-38-aarch64-linux-gnu.so\n'}
[72.876023] (teleop_tools_msgs) StdoutLine: {'line': b'-- Set runtime path of "/home/nvidia/f1tenth_ws/install/teleop_tools_msgs/lib/python3.8/site-packages/teleop_tools_msgs/teleop_tools_msgs_s__rosidl_typesupport_introspection_c.cpython-38-aarch64-linux-gnu.so" to ""\n'}
[72.878175] (teleop_tools_msgs) StdoutLine: {'line': b'-- Installing: /home/nvidia/f1tenth_ws/install/teleop_tools_msgs/lib/python3.8/site-packages/teleop_tools_msgs/teleop_tools_msgs_s__rosidl_typesupport_c.cpython-38-aarch64-linux-gnu.so\n'}
[72.884867] (teleop_tools_msgs) StdoutLine: {'line': b'-- Set runtime path of "/home/nvidia/f1tenth_ws/install/teleop_tools_msgs/lib/python3.8/site-packages/teleop_tools_msgs/teleop_tools_msgs_s__rosidl_typesupport_c.cpython-38-aarch64-linux-gnu.so" to ""\n'}
[72.887080] (-) TimerEvent: {}
[72.888069] (teleop_tools_msgs) StdoutLine: {'line': b'-- Installing: /home/nvidia/f1tenth_ws/install/teleop_tools_msgs/lib/libteleop_tools_msgs__python.so\n'}
[72.893189] (teleop_tools_msgs) StdoutLine: {'line': b'-- Set runtime path of "/home/nvidia/f1tenth_ws/install/teleop_tools_msgs/lib/libteleop_tools_msgs__python.so" to ""\n'}
[72.895279] (teleop_tools_msgs) StdoutLine: {'line': b'-- Installing: /home/nvidia/f1tenth_ws/install/teleop_tools_msgs/share/teleop_tools_msgs/action/Increment.idl\n'}
[72.897452] (teleop_tools_msgs) StdoutLine: {'line': b'-- Installing: /home/nvidia/f1tenth_ws/install/teleop_tools_msgs/share/teleop_tools_msgs/action/Increment.action\n'}
[72.900380] (teleop_tools_msgs) StdoutLine: {'line': b'-- Installing: /home/nvidia/f1tenth_ws/install/teleop_tools_msgs/share/ament_index/resource_index/package_run_dependencies/teleop_tools_msgs\n'}
[72.907635] (teleop_tools_msgs) StdoutLine: {'line': b'-- Installing: /home/nvidia/f1tenth_ws/install/teleop_tools_msgs/share/ament_index/resource_index/parent_prefix_path/teleop_tools_msgs\n'}
[72.910175] (teleop_tools_msgs) StdoutLine: {'line': b'-- Installing: /home/nvidia/f1tenth_ws/install/teleop_tools_msgs/share/teleop_tools_msgs/environment/ament_prefix_path.sh\n'}
[72.912469] (teleop_tools_msgs) StdoutLine: {'line': b'-- Installing: /home/nvidia/f1tenth_ws/install/teleop_tools_msgs/share/teleop_tools_msgs/environment/ament_prefix_path.dsv\n'}
[72.914766] (teleop_tools_msgs) StdoutLine: {'line': b'-- Installing: /home/nvidia/f1tenth_ws/install/teleop_tools_msgs/share/teleop_tools_msgs/environment/path.sh\n'}
[72.916962] (teleop_tools_msgs) StdoutLine: {'line': b'-- Installing: /home/nvidia/f1tenth_ws/install/teleop_tools_msgs/share/teleop_tools_msgs/environment/path.dsv\n'}
[72.919270] (teleop_tools_msgs) StdoutLine: {'line': b'-- Installing: /home/nvidia/f1tenth_ws/install/teleop_tools_msgs/share/teleop_tools_msgs/local_setup.bash\n'}
[72.921439] (teleop_tools_msgs) StdoutLine: {'line': b'-- Installing: /home/nvidia/f1tenth_ws/install/teleop_tools_msgs/share/teleop_tools_msgs/local_setup.sh\n'}
[72.925390] (teleop_tools_msgs) StdoutLine: {'line': b'-- Installing: /home/nvidia/f1tenth_ws/install/teleop_tools_msgs/share/teleop_tools_msgs/local_setup.zsh\n'}
[72.927835] (teleop_tools_msgs) StdoutLine: {'line': b'-- Installing: /home/nvidia/f1tenth_ws/install/teleop_tools_msgs/share/teleop_tools_msgs/local_setup.dsv\n'}
[72.930275] (teleop_tools_msgs) StdoutLine: {'line': b'-- Installing: /home/nvidia/f1tenth_ws/install/teleop_tools_msgs/share/teleop_tools_msgs/package.dsv\n'}
[72.932769] (teleop_tools_msgs) StdoutLine: {'line': b'-- Installing: /home/nvidia/f1tenth_ws/install/teleop_tools_msgs/share/ament_index/resource_index/packages/teleop_tools_msgs\n'}
[72.935489] (teleop_tools_msgs) StdoutLine: {'line': b'-- Installing: /home/nvidia/f1tenth_ws/install/teleop_tools_msgs/share/teleop_tools_msgs/cmake/teleop_tools_msgs__rosidl_generator_cExport.cmake\n'}
[72.937875] (teleop_tools_msgs) StdoutLine: {'line': b'-- Installing: /home/nvidia/f1tenth_ws/install/teleop_tools_msgs/share/teleop_tools_msgs/cmake/teleop_tools_msgs__rosidl_generator_cExport-noconfig.cmake\n'}
[72.940493] (teleop_tools_msgs) StdoutLine: {'line': b'-- Installing: /home/nvidia/f1tenth_ws/install/teleop_tools_msgs/share/teleop_tools_msgs/cmake/teleop_tools_msgs__rosidl_typesupport_introspection_cExport.cmake\n'}
[72.942925] (teleop_tools_msgs) StdoutLine: {'line': b'-- Installing: /home/nvidia/f1tenth_ws/install/teleop_tools_msgs/share/teleop_tools_msgs/cmake/teleop_tools_msgs__rosidl_typesupport_introspection_cExport-noconfig.cmake\n'}
[72.947492] (teleop_tools_msgs) StdoutLine: {'line': b'-- Installing: /home/nvidia/f1tenth_ws/install/teleop_tools_msgs/share/teleop_tools_msgs/cmake/teleop_tools_msgs__rosidl_typesupport_cExport.cmake\n'}
[72.950195] (teleop_tools_msgs) StdoutLine: {'line': b'-- Installing: /home/nvidia/f1tenth_ws/install/teleop_tools_msgs/share/teleop_tools_msgs/cmake/teleop_tools_msgs__rosidl_typesupport_cExport-noconfig.cmake\n'}
[72.954610] (vesc_msgs) StdoutLine: {'line': b'[ 56%] \x1b[32m\x1b[1mLinking C shared library libvesc_msgs__rosidl_typesupport_introspection_c.so\x1b[0m\n'}
[72.956020] (teleop_tools_msgs) StdoutLine: {'line': b'-- Installing: /home/nvidia/f1tenth_ws/install/teleop_tools_msgs/share/teleop_tools_msgs/cmake/teleop_tools_msgs__rosidl_generator_cppExport.cmake\n'}
[72.958768] (teleop_tools_msgs) StdoutLine: {'line': b'-- Installing: /home/nvidia/f1tenth_ws/install/teleop_tools_msgs/share/teleop_tools_msgs/cmake/teleop_tools_msgs__rosidl_typesupport_introspection_cppExport.cmake\n'}
[72.961449] (teleop_tools_msgs) StdoutLine: {'line': b'-- Installing: /home/nvidia/f1tenth_ws/install/teleop_tools_msgs/share/teleop_tools_msgs/cmake/teleop_tools_msgs__rosidl_typesupport_introspection_cppExport-noconfig.cmake\n'}
[72.964022] (teleop_tools_msgs) StdoutLine: {'line': b'-- Installing: /home/nvidia/f1tenth_ws/install/teleop_tools_msgs/share/teleop_tools_msgs/cmake/teleop_tools_msgs__rosidl_typesupport_cppExport.cmake\n'}
[72.967686] (teleop_tools_msgs) StdoutLine: {'line': b'-- Installing: /home/nvidia/f1tenth_ws/install/teleop_tools_msgs/share/teleop_tools_msgs/cmake/teleop_tools_msgs__rosidl_typesupport_cppExport-noconfig.cmake\n'}
[72.970073] (teleop_tools_msgs) StdoutLine: {'line': b'-- Installing: /home/nvidia/f1tenth_ws/install/teleop_tools_msgs/share/teleop_tools_msgs/cmake/rosidl_cmake-extras.cmake\n'}
[72.972365] (teleop_tools_msgs) StdoutLine: {'line': b'-- Installing: /home/nvidia/f1tenth_ws/install/teleop_tools_msgs/share/teleop_tools_msgs/cmake/ament_cmake_export_dependencies-extras.cmake\n'}
[72.974573] (teleop_tools_msgs) StdoutLine: {'line': b'-- Installing: /home/nvidia/f1tenth_ws/install/teleop_tools_msgs/share/teleop_tools_msgs/cmake/ament_cmake_export_libraries-extras.cmake\n'}
[72.976728] (teleop_tools_msgs) StdoutLine: {'line': b'-- Installing: /home/nvidia/f1tenth_ws/install/teleop_tools_msgs/share/teleop_tools_msgs/cmake/ament_cmake_export_targets-extras.cmake\n'}
[72.979078] (teleop_tools_msgs) StdoutLine: {'line': b'-- Installing: /home/nvidia/f1tenth_ws/install/teleop_tools_msgs/share/teleop_tools_msgs/cmake/ament_cmake_export_include_directories-extras.cmake\n'}
[72.982444] (teleop_tools_msgs) StdoutLine: {'line': b'-- Installing: /home/nvidia/f1tenth_ws/install/teleop_tools_msgs/share/teleop_tools_msgs/cmake/rosidl_cmake_export_typesupport_libraries-extras.cmake\n'}
[72.985172] (teleop_tools_msgs) StdoutLine: {'line': b'-- Installing: /home/nvidia/f1tenth_ws/install/teleop_tools_msgs/share/teleop_tools_msgs/cmake/rosidl_cmake_export_typesupport_targets-extras.cmake\n'}
[72.987414] (teleop_tools_msgs) StdoutLine: {'line': b'-- Installing: /home/nvidia/f1tenth_ws/install/teleop_tools_msgs/share/teleop_tools_msgs/cmake/teleop_tools_msgsConfig.cmake\n'}
[72.988001] (-) TimerEvent: {}
[72.990284] (teleop_tools_msgs) StdoutLine: {'line': b'-- Installing: /home/nvidia/f1tenth_ws/install/teleop_tools_msgs/share/teleop_tools_msgs/cmake/teleop_tools_msgsConfig-version.cmake\n'}
[72.992539] (teleop_tools_msgs) StdoutLine: {'line': b'-- Installing: /home/nvidia/f1tenth_ws/install/teleop_tools_msgs/share/teleop_tools_msgs/package.xml\n'}
[73.015328] (teleop_tools_msgs) CommandEnded: {'returncode': 0}
[73.089601] (-) TimerEvent: {}
[73.193802] (-) TimerEvent: {}
[73.201284] (vesc_msgs) StderrLine: {'line': b'make[2]: warning:  Clock skew detected.  Your build may be incomplete.\n'}
[73.276643] (vesc_msgs) StdoutLine: {'line': b'[ 56%] Built target vesc_msgs__rosidl_typesupport_introspection_c\n'}
[73.294133] (-) TimerEvent: {}
[73.295734] (vesc_msgs) StderrLine: {'line': b"make[2]: Warning: File '/opt/ros/foxy/share/geometry_msgs/msg/WrenchStamped.idl' has modification time 738475100 s in the future\n"}
[73.384520] (vesc_msgs) StdoutLine: {'line': b'[ 58%] \x1b[34m\x1b[1mGenerating C type support for eProsima Fast-RTPS\x1b[0m\n'}
[73.394347] (-) TimerEvent: {}
[73.495457] (-) TimerEvent: {}
[73.596389] (-) TimerEvent: {}
[73.698033] (-) TimerEvent: {}
[73.708644] (teleop_tools_msgs) JobEnded: {'identifier': 'teleop_tools_msgs', 'rc': 0}
[73.712744] (joy_teleop) JobStarted: {'identifier': 'joy_teleop'}
[73.798855] (-) TimerEvent: {}
[73.903566] (-) TimerEvent: {}
[74.007384] (-) TimerEvent: {}
[74.108717] (-) TimerEvent: {}
[74.209773] (-) TimerEvent: {}
[74.310794] (-) TimerEvent: {}
[74.411760] (-) TimerEvent: {}
[74.512775] (-) TimerEvent: {}
[74.613841] (-) TimerEvent: {}
[74.714922] (-) TimerEvent: {}
[74.815889] (-) TimerEvent: {}
[74.916871] (-) TimerEvent: {}
[75.017880] (-) TimerEvent: {}
[75.118995] (-) TimerEvent: {}
[75.219982] (-) TimerEvent: {}
[75.320997] (-) TimerEvent: {}
[75.422083] (-) TimerEvent: {}
[75.530534] (-) TimerEvent: {}
[75.644405] (-) TimerEvent: {}
[75.747293] (-) TimerEvent: {}
[75.849570] (-) TimerEvent: {}
[75.950650] (-) TimerEvent: {}
[76.051811] (-) TimerEvent: {}
[76.152791] (-) TimerEvent: {}
[76.254390] (-) TimerEvent: {}
[76.355499] (-) TimerEvent: {}
[76.456508] (-) TimerEvent: {}
[76.489089] (vesc_msgs) StdoutLine: {'line': b'\x1b[35m\x1b[1mScanning dependencies of target vesc_msgs__rosidl_typesupport_fastrtps_c\x1b[0m\n'}
[76.557327] (-) TimerEvent: {}
[76.564363] (vesc_msgs) StderrLine: {'line': b'make[2]: warning:  Clock skew detected.  Your build may be incomplete.\n'}
[76.583150] (vesc_msgs) StderrLine: {'line': b"make[2]: Warning: File '/opt/ros/foxy/share/geometry_msgs/msg/WrenchStamped.idl' has modification time 738475097 s in the future\n"}
[76.657866] (-) TimerEvent: {}
[76.668463] (vesc_msgs) StdoutLine: {'line': b'[ 58%] \x1b[34m\x1b[1mGenerating C type support for eProsima Fast-RTPS\x1b[0m\n'}
[76.758270] (-) TimerEvent: {}
[76.859317] (-) TimerEvent: {}
[76.960505] (-) TimerEvent: {}
[77.061793] (-) TimerEvent: {}
[77.162797] (-) TimerEvent: {}
[77.264942] (-) TimerEvent: {}
[77.366054] (-) TimerEvent: {}
[77.467134] (-) TimerEvent: {}
[77.568369] (-) TimerEvent: {}
[77.669521] (-) TimerEvent: {}
[77.778103] (-) TimerEvent: {}
[77.879231] (-) TimerEvent: {}
[77.980286] (-) TimerEvent: {}
[78.081377] (-) TimerEvent: {}
[78.182745] (-) TimerEvent: {}
[78.283899] (-) TimerEvent: {}
[78.340227] (joy_teleop) Command: {'cmd': ['/usr/bin/python3', '-W', 'ignore:setup.py install is deprecated', 'setup.py', 'egg_info', '--egg-base', '../../../../build/joy_teleop', 'build', '--build-base', '/home/nvidia/f1tenth_ws/build/joy_teleop/build', 'install', '--record', '/home/nvidia/f1tenth_ws/build/joy_teleop/install.log', '--install-scripts', '$base/lib/joy_teleop', '--single-version-externally-managed', 'install_data'], 'cwd': '/home/nvidia/f1tenth_ws/src/f1tenth_system/teleop_tools/joy_teleop', 'env': {'LESSOPEN': '| /usr/bin/lesspipe %s', 'USER': 'nvidia', 'SSH_CLIENT': '192.168.1.108 51828 22', 'XDG_SESSION_TYPE': 'tty', 'SHLVL': '1', 'LD_LIBRARY_PATH': '/home/nvidia/f1tenth_ws/install/teleop_tools_msgs/lib://home/nvidia/f1tenth_ws/install/vesc_driver/lib://home/nvidia/f1tenth_ws/install/vesc_ackermann/lib://home/nvidia/f1tenth_ws/install/vesc_msgs/lib://home/nvidia/f1tenth_ws/install/teleop_tools_msgs/lib:/usr/lib/aarch64-linux-gnu/gazebo-11/plugins:/opt/ros/foxy/opt/yaml_cpp_vendor/lib:/opt/ros/foxy/opt/rviz_ogre_vendor/lib:/opt/ros/foxy/lib/aarch64-linux-gnu:/opt/ros/foxy/lib:/usr/local/cuda-11.4/lib64', 'MOTD_SHOWN': 'pam', 'HOME': '/home/nvidia', 'OLDPWD': '/home/nvidia', 'SSH_TTY': '/dev/pts/0', 'ROS_PYTHON_VERSION': '3', 'DBUS_SESSION_BUS_ADDRESS': 'unix:path=/run/user/1000/bus', 'COLCON_PREFIX_PATH': '//home/nvidia/f1tenth_ws/install', 'ROS_DISTRO': 'foxy', 'LOGNAME': 'nvidia', '_': '/usr/bin/colcon', 'ROS_VERSION': '2', 'XDG_SESSION_CLASS': 'user', 'TERM': 'xterm-256color', 'XDG_SESSION_ID': '8', 'GAZEBO_MODEL_PATH': ':/opt/ros/foxy/share/turtlebot3_gazebo/models', 'ROS_LOCALHOST_ONLY': '0', 'PATH': '/home/nvidia/.local/bin:/opt/ros/foxy/bin:/usr/local/cuda-11.4/bin:/usr/local/sbin:/usr/local/bin:/usr/sbin:/usr/bin:/sbin:/bin:/usr/games:/usr/local/games:/snap/bin', 'XDG_RUNTIME_DIR': '/run/user/1000', 'LANG': 'en_US.UTF-8', 'LS_COLORS': 'rs=0:di=01;34:ln=01;36:mh=00:pi=40;33:so=01;35:do=01;35:bd=40;33;01:cd=40;33;01:or=40;31;01:mi=00:su=37;41:sg=30;43:ca=30;41:tw=30;42:ow=34;42:st=37;44:ex=01;32:*.tar=01;31:*.tgz=01;31:*.arc=01;31:*.arj=01;31:*.taz=01;31:*.lha=01;31:*.lz4=01;31:*.lzh=01;31:*.lzma=01;31:*.tlz=01;31:*.txz=01;31:*.tzo=01;31:*.t7z=01;31:*.zip=01;31:*.z=01;31:*.dz=01;31:*.gz=01;31:*.lrz=01;31:*.lz=01;31:*.lzo=01;31:*.xz=01;31:*.zst=01;31:*.tzst=01;31:*.bz2=01;31:*.bz=01;31:*.tbz=01;31:*.tbz2=01;31:*.tz=01;31:*.deb=01;31:*.rpm=01;31:*.jar=01;31:*.war=01;31:*.ear=01;31:*.sar=01;31:*.rar=01;31:*.alz=01;31:*.ace=01;31:*.zoo=01;31:*.cpio=01;31:*.7z=01;31:*.rz=01;31:*.cab=01;31:*.wim=01;31:*.swm=01;31:*.dwm=01;31:*.esd=01;31:*.jpg=01;35:*.jpeg=01;35:*.mjpg=01;35:*.mjpeg=01;35:*.gif=01;35:*.bmp=01;35:*.pbm=01;35:*.pgm=01;35:*.ppm=01;35:*.tga=01;35:*.xbm=01;35:*.xpm=01;35:*.tif=01;35:*.tiff=01;35:*.png=01;35:*.svg=01;35:*.svgz=01;35:*.mng=01;35:*.pcx=01;35:*.mov=01;35:*.mpg=01;35:*.mpeg=01;35:*.m2v=01;35:*.mkv=01;35:*.webm=01;35:*.ogm=01;35:*.mp4=01;35:*.m4v=01;35:*.mp4v=01;35:*.vob=01;35:*.qt=01;35:*.nuv=01;35:*.wmv=01;35:*.asf=01;35:*.rm=01;35:*.rmvb=01;35:*.flc=01;35:*.avi=01;35:*.fli=01;35:*.flv=01;35:*.gl=01;35:*.dl=01;35:*.xcf=01;35:*.xwd=01;35:*.yuv=01;35:*.cgm=01;35:*.emf=01;35:*.ogv=01;35:*.ogx=01;35:*.aac=00;36:*.au=00;36:*.flac=00;36:*.m4a=00;36:*.mid=00;36:*.midi=00;36:*.mka=00;36:*.mp3=00;36:*.mpc=00;36:*.ogg=00;36:*.ra=00;36:*.wav=00;36:*.oga=00;36:*.opus=00;36:*.spx=00;36:*.xspf=00;36:', 'ROS_DOMAIN_ID': '10', 'AMENT_PREFIX_PATH': '/home/nvidia/f1tenth_ws/install/teleop_tools_msgs://home/nvidia/f1tenth_ws/install/f1tenth_stack://home/nvidia/f1tenth_ws/install/vesc://home/nvidia/f1tenth_ws/install/vesc_driver://home/nvidia/f1tenth_ws/install/vesc_ackermann://home/nvidia/f1tenth_ws/install/vesc_msgs://home/nvidia/f1tenth_ws/install/teleop_tools://home/nvidia/f1tenth_ws/install/joy_teleop://home/nvidia/f1tenth_ws/install/teleop_tools_msgs://home/nvidia/f1tenth_ws/install/pure_pursuit://home/nvidia/f1tenth_ws/install/phasespace://home/nvidia/f1tenth_ws/install/new_map_saver://home/nvidia/f1tenth_ws/install/mouse_teleop://home/nvidia/f1tenth_ws/install/mapping://home/nvidia/f1tenth_ws/install/key_teleop://home/nvidia/f1tenth_ws/install/f1tenth_controllers://home/nvidia/f1tenth_ws/install/ackermann_mux:/opt/ros/foxy', 'SHELL': '/bin/bash', 'LESSCLOSE': '/usr/bin/lesspipe %s %s', 'PWD': '/home/nvidia/f1tenth_ws/build/joy_teleop', 'TURTLEBOT3_MODEL': 'waffle', 'LC_ALL': 'en_US.UTF-8', 'SSH_CONNECTION': '192.168.1.108 51828 192.168.1.202 22', 'XDG_DATA_DIRS': '/usr/local/share:/usr/share:/var/lib/snapd/desktop', 'PYTHONPATH': '/home/nvidia/f1tenth_ws/build/joy_teleop/prefix_override:/usr/lib/python3/dist-packages/colcon_core/task/python/colcon_distutils_commands:/home/nvidia/f1tenth_ws/install/joy_teleop/lib/python3.8/site-packages:/home/nvidia/f1tenth_ws/install/teleop_tools_msgs/lib/python3.8/site-packages://home/nvidia/f1tenth_ws/install/f1tenth_stack/lib/python3.8/site-packages://home/nvidia/f1tenth_ws/install/vesc_msgs/lib/python3.8/site-packages://home/nvidia/f1tenth_ws/install/joy_teleop/lib/python3.8/site-packages://home/nvidia/f1tenth_ws/install/teleop_tools_msgs/lib/python3.8/site-packages://home/nvidia/f1tenth_ws/install/phasespace/lib/python3.8/site-packages://home/nvidia/f1tenth_ws/install/new_map_saver/lib/python3.8/site-packages://home/nvidia/f1tenth_ws/install/mouse_teleop/lib/python3.8/site-packages://home/nvidia/f1tenth_ws/install/mapping/lib/python3.8/site-packages://home/nvidia/f1tenth_ws/install/key_teleop/lib/python3.8/site-packages://home/nvidia/f1tenth_ws/install/f1tenth_controllers/lib/python3.8/site-packages:/opt/ros/foxy/lib/python3.8/site-packages', 'COLCON': '1', 'CMAKE_PREFIX_PATH': '/home/nvidia/f1tenth_ws/install/teleop_tools_msgs://home/nvidia/f1tenth_ws/install/vesc://home/nvidia/f1tenth_ws/install/vesc_driver://home/nvidia/f1tenth_ws/install/vesc_ackermann://home/nvidia/f1tenth_ws/install/vesc_msgs://home/nvidia/f1tenth_ws/install/teleop_tools://home/nvidia/f1tenth_ws/install/teleop_tools_msgs://home/nvidia/f1tenth_ws/install/pure_pursuit://home/nvidia/f1tenth_ws/install/ackermann_mux'}, 'shell': False}
[78.384914] (-) TimerEvent: {}
[78.487638] (-) TimerEvent: {}
[78.588741] (-) TimerEvent: {}
[78.689855] (-) TimerEvent: {}
[78.790915] (-) TimerEvent: {}
[78.891926] (-) TimerEvent: {}
[78.992951] (-) TimerEvent: {}
[79.093869] (-) TimerEvent: {}
[79.194872] (-) TimerEvent: {}
[79.295835] (-) TimerEvent: {}
[79.396857] (-) TimerEvent: {}
[79.497997] (-) TimerEvent: {}
[79.598954] (-) TimerEvent: {}
[79.666176] (vesc_msgs) StdoutLine: {'line': b'[ 60%] \x1b[32mBuilding CXX object CMakeFiles/vesc_msgs__rosidl_typesupport_fastrtps_c.dir/rosidl_typesupport_fastrtps_c/vesc_msgs/msg/detail/vesc_state__type_support_c.cpp.o\x1b[0m\n'}
[79.699275] (-) TimerEvent: {}
[79.800219] (-) TimerEvent: {}
[79.835389] (joy_teleop) StdoutLine: {'line': b'running egg_info\n'}
[79.840016] (joy_teleop) StdoutLine: {'line': b'creating ../../../../build/joy_teleop/joy_teleop.egg-info\n'}
[79.841893] (joy_teleop) StdoutLine: {'line': b'writing ../../../../build/joy_teleop/joy_teleop.egg-info/PKG-INFO\n'}
[79.845923] (joy_teleop) StdoutLine: {'line': b'writing dependency_links to ../../../../build/joy_teleop/joy_teleop.egg-info/dependency_links.txt\n'}
[79.847784] (joy_teleop) StdoutLine: {'line': b'writing entry points to ../../../../build/joy_teleop/joy_teleop.egg-info/entry_points.txt\n'}
[79.849273] (joy_teleop) StdoutLine: {'line': b'writing requirements to ../../../../build/joy_teleop/joy_teleop.egg-info/requires.txt\n'}
[79.850622] (joy_teleop) StdoutLine: {'line': b'writing top-level names to ../../../../build/joy_teleop/joy_teleop.egg-info/top_level.txt\n'}
[79.859078] (joy_teleop) StdoutLine: {'line': b"writing manifest file '../../../../build/joy_teleop/joy_teleop.egg-info/SOURCES.txt'\n"}
[79.900477] (-) TimerEvent: {}
[80.001667] (-) TimerEvent: {}
[80.053977] (joy_teleop) StdoutLine: {'line': b"reading manifest file '../../../../build/joy_teleop/joy_teleop.egg-info/SOURCES.txt'\n"}
[80.059471] (joy_teleop) StdoutLine: {'line': b"writing manifest file '../../../../build/joy_teleop/joy_teleop.egg-info/SOURCES.txt'\n"}
[80.061259] (joy_teleop) StdoutLine: {'line': b'running build\n'}
[80.061924] (joy_teleop) StdoutLine: {'line': b'running build_py\n'}
[80.063815] (joy_teleop) StdoutLine: {'line': b'creating /home/nvidia/f1tenth_ws/build/joy_teleop/build\n'}
[80.065746] (joy_teleop) StdoutLine: {'line': b'creating /home/nvidia/f1tenth_ws/build/joy_teleop/build/lib\n'}
[80.067078] (joy_teleop) StdoutLine: {'line': b'creating /home/nvidia/f1tenth_ws/build/joy_teleop/build/lib/joy_teleop\n'}
[80.068472] (joy_teleop) StdoutLine: {'line': b'copying joy_teleop/incrementer_server.py -> /home/nvidia/f1tenth_ws/build/joy_teleop/build/lib/joy_teleop\n'}
[80.070992] (joy_teleop) StdoutLine: {'line': b'copying joy_teleop/__init__.py -> /home/nvidia/f1tenth_ws/build/joy_teleop/build/lib/joy_teleop\n'}
[80.072893] (joy_teleop) StdoutLine: {'line': b'copying joy_teleop/joy_teleop.py -> /home/nvidia/f1tenth_ws/build/joy_teleop/build/lib/joy_teleop\n'}
[80.075610] (joy_teleop) StdoutLine: {'line': b'running install\n'}
[80.081297] (joy_teleop) StdoutLine: {'line': b'running install_lib\n'}
[80.088794] (joy_teleop) StdoutLine: {'line': b'creating /home/nvidia/f1tenth_ws/install/joy_teleop/lib/python3.8/site-packages/joy_teleop\n'}
[80.090396] (joy_teleop) StdoutLine: {'line': b'copying /home/nvidia/f1tenth_ws/build/joy_teleop/build/lib/joy_teleop/incrementer_server.py -> /home/nvidia/f1tenth_ws/install/joy_teleop/lib/python3.8/site-packages/joy_teleop\n'}
[80.092260] (joy_teleop) StdoutLine: {'line': b'copying /home/nvidia/f1tenth_ws/build/joy_teleop/build/lib/joy_teleop/__init__.py -> /home/nvidia/f1tenth_ws/install/joy_teleop/lib/python3.8/site-packages/joy_teleop\n'}
[80.093887] (joy_teleop) StdoutLine: {'line': b'copying /home/nvidia/f1tenth_ws/build/joy_teleop/build/lib/joy_teleop/joy_teleop.py -> /home/nvidia/f1tenth_ws/install/joy_teleop/lib/python3.8/site-packages/joy_teleop\n'}
[80.098610] (joy_teleop) StdoutLine: {'line': b'byte-compiling /home/nvidia/f1tenth_ws/install/joy_teleop/lib/python3.8/site-packages/joy_teleop/incrementer_server.py to incrementer_server.cpython-38.pyc\n'}
[80.101826] (-) TimerEvent: {}
[80.109341] (joy_teleop) StdoutLine: {'line': b'byte-compiling /home/nvidia/f1tenth_ws/install/joy_teleop/lib/python3.8/site-packages/joy_teleop/__init__.py to __init__.cpython-38.pyc\n'}
[80.112969] (joy_teleop) StdoutLine: {'line': b'byte-compiling /home/nvidia/f1tenth_ws/install/joy_teleop/lib/python3.8/site-packages/joy_teleop/joy_teleop.py to joy_teleop.cpython-38.pyc\n'}
[80.126116] (joy_teleop) StdoutLine: {'line': b'running install_data\n'}
[80.127869] (joy_teleop) StdoutLine: {'line': b'copying package.xml -> /home/nvidia/f1tenth_ws/install/joy_teleop/share/joy_teleop\n'}
[80.129895] (joy_teleop) StdoutLine: {'line': b'creating /home/nvidia/f1tenth_ws/install/joy_teleop/share/joy_teleop/config\n'}
[80.131262] (joy_teleop) StdoutLine: {'line': b'copying config/joy_teleop_example.yaml -> /home/nvidia/f1tenth_ws/install/joy_teleop/share/joy_teleop/config\n'}
[80.133193] (joy_teleop) StdoutLine: {'line': b'creating /home/nvidia/f1tenth_ws/install/joy_teleop/share/joy_teleop/launch\n'}
[80.134508] (joy_teleop) StdoutLine: {'line': b'copying launch/example.launch.py -> /home/nvidia/f1tenth_ws/install/joy_teleop/share/joy_teleop/launch\n'}
[80.136951] (joy_teleop) StdoutLine: {'line': b'creating /home/nvidia/f1tenth_ws/install/joy_teleop/share/ament_index\n'}
[80.138432] (joy_teleop) StdoutLine: {'line': b'creating /home/nvidia/f1tenth_ws/install/joy_teleop/share/ament_index/resource_index\n'}
[80.139094] (joy_teleop) StdoutLine: {'line': b'creating /home/nvidia/f1tenth_ws/install/joy_teleop/share/ament_index/resource_index/packages\n'}
[80.140215] (joy_teleop) StdoutLine: {'line': b'copying resource/joy_teleop -> /home/nvidia/f1tenth_ws/install/joy_teleop/share/ament_index/resource_index/packages\n'}
[80.141524] (joy_teleop) StdoutLine: {'line': b'running install_egg_info\n'}
[80.152500] (joy_teleop) StdoutLine: {'line': b'Copying ../../../../build/joy_teleop/joy_teleop.egg-info to /home/nvidia/f1tenth_ws/install/joy_teleop/lib/python3.8/site-packages/joy_teleop-0.3.0-py3.8.egg-info\n'}
[80.161482] (joy_teleop) StdoutLine: {'line': b'running install_scripts\n'}
[80.202079] (-) TimerEvent: {}
[80.263514] (joy_teleop) StdoutLine: {'line': b'Installing incrementer_server script to /home/nvidia/f1tenth_ws/install/joy_teleop/lib/joy_teleop\n'}
[80.266791] (joy_teleop) StdoutLine: {'line': b'Installing joy_teleop script to /home/nvidia/f1tenth_ws/install/joy_teleop/lib/joy_teleop\n'}
[80.269722] (joy_teleop) StdoutLine: {'line': b"writing list of installed files to '/home/nvidia/f1tenth_ws/build/joy_teleop/install.log'\n"}
[80.302359] (-) TimerEvent: {}
[80.397960] (joy_teleop) CommandEnded: {'returncode': 0}
[80.402631] (-) TimerEvent: {}
[80.439939] (joy_teleop) JobEnded: {'identifier': 'joy_teleop', 'rc': 0}
[80.443778] (teleop_tools) JobStarted: {'identifier': 'teleop_tools'}
[80.503414] (-) TimerEvent: {}
[80.565560] (teleop_tools) JobProgress: {'identifier': 'teleop_tools', 'progress': 'cmake'}
[80.567586] (teleop_tools) Command: {'cmd': ['/usr/bin/cmake', '/home/nvidia/f1tenth_ws/src/f1tenth_system/teleop_tools/teleop_tools', '-DCMAKE_INSTALL_PREFIX=/home/nvidia/f1tenth_ws/install/teleop_tools'], 'cwd': '/home/nvidia/f1tenth_ws/build/teleop_tools', 'env': OrderedDict([('LESSOPEN', '| /usr/bin/lesspipe %s'), ('USER', 'nvidia'), ('SSH_CLIENT', '192.168.1.108 51828 22'), ('XDG_SESSION_TYPE', 'tty'), ('SHLVL', '1'), ('LD_LIBRARY_PATH', '/home/nvidia/f1tenth_ws/install/teleop_tools_msgs/lib://home/nvidia/f1tenth_ws/install/vesc_driver/lib://home/nvidia/f1tenth_ws/install/vesc_ackermann/lib://home/nvidia/f1tenth_ws/install/vesc_msgs/lib://home/nvidia/f1tenth_ws/install/teleop_tools_msgs/lib:/usr/lib/aarch64-linux-gnu/gazebo-11/plugins:/opt/ros/foxy/opt/yaml_cpp_vendor/lib:/opt/ros/foxy/opt/rviz_ogre_vendor/lib:/opt/ros/foxy/lib/aarch64-linux-gnu:/opt/ros/foxy/lib:/usr/local/cuda-11.4/lib64'), ('MOTD_SHOWN', 'pam'), ('HOME', '/home/nvidia'), ('OLDPWD', '/home/nvidia'), ('SSH_TTY', '/dev/pts/0'), ('ROS_PYTHON_VERSION', '3'), ('DBUS_SESSION_BUS_ADDRESS', 'unix:path=/run/user/1000/bus'), ('COLCON_PREFIX_PATH', '//home/nvidia/f1tenth_ws/install'), ('ROS_DISTRO', 'foxy'), ('LOGNAME', 'nvidia'), ('_', '/usr/bin/colcon'), ('ROS_VERSION', '2'), ('XDG_SESSION_CLASS', 'user'), ('TERM', 'xterm-256color'), ('XDG_SESSION_ID', '8'), ('GAZEBO_MODEL_PATH', ':/opt/ros/foxy/share/turtlebot3_gazebo/models'), ('ROS_LOCALHOST_ONLY', '0'), ('PATH', '/home/nvidia/.local/bin:/opt/ros/foxy/bin:/usr/local/cuda-11.4/bin:/usr/local/sbin:/usr/local/bin:/usr/sbin:/usr/bin:/sbin:/bin:/usr/games:/usr/local/games:/snap/bin'), ('XDG_RUNTIME_DIR', '/run/user/1000'), ('LANG', 'en_US.UTF-8'), ('LS_COLORS', 'rs=0:di=01;34:ln=01;36:mh=00:pi=40;33:so=01;35:do=01;35:bd=40;33;01:cd=40;33;01:or=40;31;01:mi=00:su=37;41:sg=30;43:ca=30;41:tw=30;42:ow=34;42:st=37;44:ex=01;32:*.tar=01;31:*.tgz=01;31:*.arc=01;31:*.arj=01;31:*.taz=01;31:*.lha=01;31:*.lz4=01;31:*.lzh=01;31:*.lzma=01;31:*.tlz=01;31:*.txz=01;31:*.tzo=01;31:*.t7z=01;31:*.zip=01;31:*.z=01;31:*.dz=01;31:*.gz=01;31:*.lrz=01;31:*.lz=01;31:*.lzo=01;31:*.xz=01;31:*.zst=01;31:*.tzst=01;31:*.bz2=01;31:*.bz=01;31:*.tbz=01;31:*.tbz2=01;31:*.tz=01;31:*.deb=01;31:*.rpm=01;31:*.jar=01;31:*.war=01;31:*.ear=01;31:*.sar=01;31:*.rar=01;31:*.alz=01;31:*.ace=01;31:*.zoo=01;31:*.cpio=01;31:*.7z=01;31:*.rz=01;31:*.cab=01;31:*.wim=01;31:*.swm=01;31:*.dwm=01;31:*.esd=01;31:*.jpg=01;35:*.jpeg=01;35:*.mjpg=01;35:*.mjpeg=01;35:*.gif=01;35:*.bmp=01;35:*.pbm=01;35:*.pgm=01;35:*.ppm=01;35:*.tga=01;35:*.xbm=01;35:*.xpm=01;35:*.tif=01;35:*.tiff=01;35:*.png=01;35:*.svg=01;35:*.svgz=01;35:*.mng=01;35:*.pcx=01;35:*.mov=01;35:*.mpg=01;35:*.mpeg=01;35:*.m2v=01;35:*.mkv=01;35:*.webm=01;35:*.ogm=01;35:*.mp4=01;35:*.m4v=01;35:*.mp4v=01;35:*.vob=01;35:*.qt=01;35:*.nuv=01;35:*.wmv=01;35:*.asf=01;35:*.rm=01;35:*.rmvb=01;35:*.flc=01;35:*.avi=01;35:*.fli=01;35:*.flv=01;35:*.gl=01;35:*.dl=01;35:*.xcf=01;35:*.xwd=01;35:*.yuv=01;35:*.cgm=01;35:*.emf=01;35:*.ogv=01;35:*.ogx=01;35:*.aac=00;36:*.au=00;36:*.flac=00;36:*.m4a=00;36:*.mid=00;36:*.midi=00;36:*.mka=00;36:*.mp3=00;36:*.mpc=00;36:*.ogg=00;36:*.ra=00;36:*.wav=00;36:*.oga=00;36:*.opus=00;36:*.spx=00;36:*.xspf=00;36:'), ('ROS_DOMAIN_ID', '10'), ('AMENT_PREFIX_PATH', '/home/nvidia/f1tenth_ws/install/joy_teleop:/home/nvidia/f1tenth_ws/install/teleop_tools_msgs:/home/nvidia/f1tenth_ws/install/key_teleop://home/nvidia/f1tenth_ws/install/f1tenth_stack://home/nvidia/f1tenth_ws/install/vesc://home/nvidia/f1tenth_ws/install/vesc_driver://home/nvidia/f1tenth_ws/install/vesc_ackermann://home/nvidia/f1tenth_ws/install/vesc_msgs://home/nvidia/f1tenth_ws/install/teleop_tools://home/nvidia/f1tenth_ws/install/joy_teleop://home/nvidia/f1tenth_ws/install/teleop_tools_msgs://home/nvidia/f1tenth_ws/install/pure_pursuit://home/nvidia/f1tenth_ws/install/phasespace://home/nvidia/f1tenth_ws/install/new_map_saver://home/nvidia/f1tenth_ws/install/mouse_teleop://home/nvidia/f1tenth_ws/install/mapping://home/nvidia/f1tenth_ws/install/key_teleop://home/nvidia/f1tenth_ws/install/f1tenth_controllers://home/nvidia/f1tenth_ws/install/ackermann_mux:/opt/ros/foxy'), ('SHELL', '/bin/bash'), ('LESSCLOSE', '/usr/bin/lesspipe %s %s'), ('PWD', '/home/nvidia/f1tenth_ws/build/teleop_tools'), ('TURTLEBOT3_MODEL', 'waffle'), ('LC_ALL', 'en_US.UTF-8'), ('SSH_CONNECTION', '192.168.1.108 51828 192.168.1.202 22'), ('XDG_DATA_DIRS', '/usr/local/share:/usr/share:/var/lib/snapd/desktop'), ('PYTHONPATH', '/home/nvidia/f1tenth_ws/install/joy_teleop/lib/python3.8/site-packages:/home/nvidia/f1tenth_ws/install/teleop_tools_msgs/lib/python3.8/site-packages:/home/nvidia/f1tenth_ws/install/key_teleop/lib/python3.8/site-packages://home/nvidia/f1tenth_ws/install/f1tenth_stack/lib/python3.8/site-packages://home/nvidia/f1tenth_ws/install/vesc_msgs/lib/python3.8/site-packages://home/nvidia/f1tenth_ws/install/joy_teleop/lib/python3.8/site-packages://home/nvidia/f1tenth_ws/install/teleop_tools_msgs/lib/python3.8/site-packages://home/nvidia/f1tenth_ws/install/phasespace/lib/python3.8/site-packages://home/nvidia/f1tenth_ws/install/new_map_saver/lib/python3.8/site-packages://home/nvidia/f1tenth_ws/install/mouse_teleop/lib/python3.8/site-packages://home/nvidia/f1tenth_ws/install/mapping/lib/python3.8/site-packages://home/nvidia/f1tenth_ws/install/key_teleop/lib/python3.8/site-packages://home/nvidia/f1tenth_ws/install/f1tenth_controllers/lib/python3.8/site-packages:/opt/ros/foxy/lib/python3.8/site-packages'), ('COLCON', '1'), ('CMAKE_PREFIX_PATH', '/home/nvidia/f1tenth_ws/install/teleop_tools_msgs://home/nvidia/f1tenth_ws/install/vesc://home/nvidia/f1tenth_ws/install/vesc_driver://home/nvidia/f1tenth_ws/install/vesc_ackermann://home/nvidia/f1tenth_ws/install/vesc_msgs://home/nvidia/f1tenth_ws/install/teleop_tools://home/nvidia/f1tenth_ws/install/teleop_tools_msgs://home/nvidia/f1tenth_ws/install/pure_pursuit://home/nvidia/f1tenth_ws/install/ackermann_mux://home/nvidia/f1tenth_ws/install/f1tenth_stack://home/nvidia/f1tenth_ws/install/joy_teleop://home/nvidia/f1tenth_ws/install/phasespace://home/nvidia/f1tenth_ws/install/new_map_saver://home/nvidia/f1tenth_ws/install/mouse_teleop://home/nvidia/f1tenth_ws/install/mapping://home/nvidia/f1tenth_ws/install/key_teleop://home/nvidia/f1tenth_ws/install/f1tenth_controllers:/opt/ros/foxy')]), 'shell': False}
[80.603820] (-) TimerEvent: {}
[80.706348] (-) TimerEvent: {}
[80.753529] (teleop_tools) StdoutLine: {'line': b'-- Found ament_cmake: 0.9.12 (/opt/ros/foxy/share/ament_cmake/cmake)\n'}
[80.806641] (-) TimerEvent: {}
[80.907733] (-) TimerEvent: {}
[80.980383] (teleop_tools) StdoutLine: {'line': b'-- Found PythonInterp: /usr/bin/python3 (found suitable version "3.8.10", minimum required is "3") \n'}
[80.982302] (teleop_tools) StdoutLine: {'line': b'-- Using PYTHON_EXECUTABLE: /usr/bin/python3\n'}
[81.008060] (-) TimerEvent: {}
[81.109312] (-) TimerEvent: {}
[81.210406] (-) TimerEvent: {}
[81.313094] (-) TimerEvent: {}
[81.414308] (-) TimerEvent: {}
[81.515350] (-) TimerEvent: {}
[81.616442] (-) TimerEvent: {}
[81.717795] (-) TimerEvent: {}
[81.824400] (-) TimerEvent: {}
[81.927554] (-) TimerEvent: {}
[82.029367] (-) TimerEvent: {}
[82.101748] (vesc_msgs) StdoutLine: {'line': b'[ 61%] \x1b[32mBuilding CXX object CMakeFiles/vesc_msgs__rosidl_typesupport_fastrtps_c.dir/rosidl_typesupport_fastrtps_c/vesc_msgs/msg/detail/vesc_imu_stamped__type_support_c.cpp.o\x1b[0m\n'}
[82.129935] (-) TimerEvent: {}
[82.234141] (-) TimerEvent: {}
[82.336015] (-) TimerEvent: {}
[82.437167] (-) TimerEvent: {}
[82.538988] (-) TimerEvent: {}
[82.612000] (ackermann_mux) StdoutLine: {'line': b'[100%] \x1b[32m\x1b[1mLinking CXX executable ackermann_mux\x1b[0m\n'}
[82.639206] (-) TimerEvent: {}
[82.704924] (pure_pursuit) StdoutLine: {'line': b'[ 50%] \x1b[32m\x1b[1mLinking CXX executable waypoint_visualizer\x1b[0m\n'}
[82.739442] (-) TimerEvent: {}
[82.840492] (-) TimerEvent: {}
[82.882703] (teleop_tools) StdoutLine: {'line': b'-- Configuring done\n'}
[82.895536] (teleop_tools) StdoutLine: {'line': b'-- Generating done\n'}
[82.899897] (teleop_tools) StdoutLine: {'line': b'-- Build files have been written to: /home/nvidia/f1tenth_ws/build/teleop_tools\n'}
[82.921272] (teleop_tools) CommandEnded: {'returncode': 0}
[82.924508] (teleop_tools) JobProgress: {'identifier': 'teleop_tools', 'progress': 'build'}
[82.924672] (teleop_tools) Command: {'cmd': ['/usr/bin/cmake', '--build', '/home/nvidia/f1tenth_ws/build/teleop_tools', '--', '-j6', '-l6'], 'cwd': '/home/nvidia/f1tenth_ws/build/teleop_tools', 'env': OrderedDict([('LESSOPEN', '| /usr/bin/lesspipe %s'), ('USER', 'nvidia'), ('SSH_CLIENT', '192.168.1.108 51828 22'), ('XDG_SESSION_TYPE', 'tty'), ('SHLVL', '1'), ('LD_LIBRARY_PATH', '/home/nvidia/f1tenth_ws/install/teleop_tools_msgs/lib://home/nvidia/f1tenth_ws/install/vesc_driver/lib://home/nvidia/f1tenth_ws/install/vesc_ackermann/lib://home/nvidia/f1tenth_ws/install/vesc_msgs/lib://home/nvidia/f1tenth_ws/install/teleop_tools_msgs/lib:/usr/lib/aarch64-linux-gnu/gazebo-11/plugins:/opt/ros/foxy/opt/yaml_cpp_vendor/lib:/opt/ros/foxy/opt/rviz_ogre_vendor/lib:/opt/ros/foxy/lib/aarch64-linux-gnu:/opt/ros/foxy/lib:/usr/local/cuda-11.4/lib64'), ('MOTD_SHOWN', 'pam'), ('HOME', '/home/nvidia'), ('OLDPWD', '/home/nvidia'), ('SSH_TTY', '/dev/pts/0'), ('ROS_PYTHON_VERSION', '3'), ('DBUS_SESSION_BUS_ADDRESS', 'unix:path=/run/user/1000/bus'), ('COLCON_PREFIX_PATH', '//home/nvidia/f1tenth_ws/install'), ('ROS_DISTRO', 'foxy'), ('LOGNAME', 'nvidia'), ('_', '/usr/bin/colcon'), ('ROS_VERSION', '2'), ('XDG_SESSION_CLASS', 'user'), ('TERM', 'xterm-256color'), ('XDG_SESSION_ID', '8'), ('GAZEBO_MODEL_PATH', ':/opt/ros/foxy/share/turtlebot3_gazebo/models'), ('ROS_LOCALHOST_ONLY', '0'), ('PATH', '/home/nvidia/.local/bin:/opt/ros/foxy/bin:/usr/local/cuda-11.4/bin:/usr/local/sbin:/usr/local/bin:/usr/sbin:/usr/bin:/sbin:/bin:/usr/games:/usr/local/games:/snap/bin'), ('XDG_RUNTIME_DIR', '/run/user/1000'), ('LANG', 'en_US.UTF-8'), ('LS_COLORS', 'rs=0:di=01;34:ln=01;36:mh=00:pi=40;33:so=01;35:do=01;35:bd=40;33;01:cd=40;33;01:or=40;31;01:mi=00:su=37;41:sg=30;43:ca=30;41:tw=30;42:ow=34;42:st=37;44:ex=01;32:*.tar=01;31:*.tgz=01;31:*.arc=01;31:*.arj=01;31:*.taz=01;31:*.lha=01;31:*.lz4=01;31:*.lzh=01;31:*.lzma=01;31:*.tlz=01;31:*.txz=01;31:*.tzo=01;31:*.t7z=01;31:*.zip=01;31:*.z=01;31:*.dz=01;31:*.gz=01;31:*.lrz=01;31:*.lz=01;31:*.lzo=01;31:*.xz=01;31:*.zst=01;31:*.tzst=01;31:*.bz2=01;31:*.bz=01;31:*.tbz=01;31:*.tbz2=01;31:*.tz=01;31:*.deb=01;31:*.rpm=01;31:*.jar=01;31:*.war=01;31:*.ear=01;31:*.sar=01;31:*.rar=01;31:*.alz=01;31:*.ace=01;31:*.zoo=01;31:*.cpio=01;31:*.7z=01;31:*.rz=01;31:*.cab=01;31:*.wim=01;31:*.swm=01;31:*.dwm=01;31:*.esd=01;31:*.jpg=01;35:*.jpeg=01;35:*.mjpg=01;35:*.mjpeg=01;35:*.gif=01;35:*.bmp=01;35:*.pbm=01;35:*.pgm=01;35:*.ppm=01;35:*.tga=01;35:*.xbm=01;35:*.xpm=01;35:*.tif=01;35:*.tiff=01;35:*.png=01;35:*.svg=01;35:*.svgz=01;35:*.mng=01;35:*.pcx=01;35:*.mov=01;35:*.mpg=01;35:*.mpeg=01;35:*.m2v=01;35:*.mkv=01;35:*.webm=01;35:*.ogm=01;35:*.mp4=01;35:*.m4v=01;35:*.mp4v=01;35:*.vob=01;35:*.qt=01;35:*.nuv=01;35:*.wmv=01;35:*.asf=01;35:*.rm=01;35:*.rmvb=01;35:*.flc=01;35:*.avi=01;35:*.fli=01;35:*.flv=01;35:*.gl=01;35:*.dl=01;35:*.xcf=01;35:*.xwd=01;35:*.yuv=01;35:*.cgm=01;35:*.emf=01;35:*.ogv=01;35:*.ogx=01;35:*.aac=00;36:*.au=00;36:*.flac=00;36:*.m4a=00;36:*.mid=00;36:*.midi=00;36:*.mka=00;36:*.mp3=00;36:*.mpc=00;36:*.ogg=00;36:*.ra=00;36:*.wav=00;36:*.oga=00;36:*.opus=00;36:*.spx=00;36:*.xspf=00;36:'), ('ROS_DOMAIN_ID', '10'), ('AMENT_PREFIX_PATH', '/home/nvidia/f1tenth_ws/install/joy_teleop:/home/nvidia/f1tenth_ws/install/teleop_tools_msgs:/home/nvidia/f1tenth_ws/install/key_teleop://home/nvidia/f1tenth_ws/install/f1tenth_stack://home/nvidia/f1tenth_ws/install/vesc://home/nvidia/f1tenth_ws/install/vesc_driver://home/nvidia/f1tenth_ws/install/vesc_ackermann://home/nvidia/f1tenth_ws/install/vesc_msgs://home/nvidia/f1tenth_ws/install/teleop_tools://home/nvidia/f1tenth_ws/install/joy_teleop://home/nvidia/f1tenth_ws/install/teleop_tools_msgs://home/nvidia/f1tenth_ws/install/pure_pursuit://home/nvidia/f1tenth_ws/install/phasespace://home/nvidia/f1tenth_ws/install/new_map_saver://home/nvidia/f1tenth_ws/install/mouse_teleop://home/nvidia/f1tenth_ws/install/mapping://home/nvidia/f1tenth_ws/install/key_teleop://home/nvidia/f1tenth_ws/install/f1tenth_controllers://home/nvidia/f1tenth_ws/install/ackermann_mux:/opt/ros/foxy'), ('SHELL', '/bin/bash'), ('LESSCLOSE', '/usr/bin/lesspipe %s %s'), ('PWD', '/home/nvidia/f1tenth_ws/build/teleop_tools'), ('TURTLEBOT3_MODEL', 'waffle'), ('LC_ALL', 'en_US.UTF-8'), ('SSH_CONNECTION', '192.168.1.108 51828 192.168.1.202 22'), ('XDG_DATA_DIRS', '/usr/local/share:/usr/share:/var/lib/snapd/desktop'), ('PYTHONPATH', '/home/nvidia/f1tenth_ws/install/joy_teleop/lib/python3.8/site-packages:/home/nvidia/f1tenth_ws/install/teleop_tools_msgs/lib/python3.8/site-packages:/home/nvidia/f1tenth_ws/install/key_teleop/lib/python3.8/site-packages://home/nvidia/f1tenth_ws/install/f1tenth_stack/lib/python3.8/site-packages://home/nvidia/f1tenth_ws/install/vesc_msgs/lib/python3.8/site-packages://home/nvidia/f1tenth_ws/install/joy_teleop/lib/python3.8/site-packages://home/nvidia/f1tenth_ws/install/teleop_tools_msgs/lib/python3.8/site-packages://home/nvidia/f1tenth_ws/install/phasespace/lib/python3.8/site-packages://home/nvidia/f1tenth_ws/install/new_map_saver/lib/python3.8/site-packages://home/nvidia/f1tenth_ws/install/mouse_teleop/lib/python3.8/site-packages://home/nvidia/f1tenth_ws/install/mapping/lib/python3.8/site-packages://home/nvidia/f1tenth_ws/install/key_teleop/lib/python3.8/site-packages://home/nvidia/f1tenth_ws/install/f1tenth_controllers/lib/python3.8/site-packages:/opt/ros/foxy/lib/python3.8/site-packages'), ('COLCON', '1'), ('CMAKE_PREFIX_PATH', '/home/nvidia/f1tenth_ws/install/teleop_tools_msgs://home/nvidia/f1tenth_ws/install/vesc://home/nvidia/f1tenth_ws/install/vesc_driver://home/nvidia/f1tenth_ws/install/vesc_ackermann://home/nvidia/f1tenth_ws/install/vesc_msgs://home/nvidia/f1tenth_ws/install/teleop_tools://home/nvidia/f1tenth_ws/install/teleop_tools_msgs://home/nvidia/f1tenth_ws/install/pure_pursuit://home/nvidia/f1tenth_ws/install/ackermann_mux://home/nvidia/f1tenth_ws/install/f1tenth_stack://home/nvidia/f1tenth_ws/install/joy_teleop://home/nvidia/f1tenth_ws/install/phasespace://home/nvidia/f1tenth_ws/install/new_map_saver://home/nvidia/f1tenth_ws/install/mouse_teleop://home/nvidia/f1tenth_ws/install/mapping://home/nvidia/f1tenth_ws/install/key_teleop://home/nvidia/f1tenth_ws/install/f1tenth_controllers:/opt/ros/foxy')]), 'shell': False}
[82.946579] (-) TimerEvent: {}
[83.049410] (-) TimerEvent: {}
[83.090616] (teleop_tools) StdoutLine: {'line': b'-- Found ament_cmake: 0.9.12 (/opt/ros/foxy/share/ament_cmake/cmake)\n'}
[83.149924] (-) TimerEvent: {}
[83.251524] (-) TimerEvent: {}
[83.314868] (teleop_tools) StdoutLine: {'line': b'-- Using PYTHON_EXECUTABLE: /usr/bin/python3\n'}
[83.351843] (-) TimerEvent: {}
[83.453128] (-) TimerEvent: {}
[83.556188] (-) TimerEvent: {}
[83.657309] (-) TimerEvent: {}
[83.742520] (pure_pursuit) StderrLine: {'line': b'make[2]: warning:  Clock skew detected.  Your build may be incomplete.\n'}
[83.757573] (-) TimerEvent: {}
[83.816488] (pure_pursuit) StdoutLine: {'line': b'[ 50%] Built target waypoint_visualizer\n'}
[83.857905] (-) TimerEvent: {}
[83.903239] (pure_pursuit) StdoutLine: {'line': b'\x1b[35m\x1b[1mScanning dependencies of target pure_pursuit\x1b[0m\n'}
[83.958171] (-) TimerEvent: {}
[84.059227] (-) TimerEvent: {}
[84.160192] (-) TimerEvent: {}
[84.261127] (-) TimerEvent: {}
[84.362302] (-) TimerEvent: {}
[84.463619] (-) TimerEvent: {}
[84.504633] (pure_pursuit) StderrLine: {'line': b"make[2]: Warning: File '/home/nvidia/f1tenth_ws/src/pure_pursuit/src/pure_pursuit.cpp' has modification time 782321529 s in the future\n"}
[84.523861] (vesc_msgs) StdoutLine: {'line': b'[ 63%] \x1b[32mBuilding CXX object CMakeFiles/vesc_msgs__rosidl_typesupport_fastrtps_c.dir/rosidl_typesupport_fastrtps_c/vesc_msgs/msg/detail/vesc_imu__type_support_c.cpp.o\x1b[0m\n'}
[84.563965] (-) TimerEvent: {}
[84.644853] (pure_pursuit) StdoutLine: {'line': b'[ 75%] \x1b[32mBuilding CXX object CMakeFiles/pure_pursuit.dir/src/pure_pursuit.cpp.o\x1b[0m\n'}
[84.664153] (-) TimerEvent: {}
[84.765117] (-) TimerEvent: {}
[84.866081] (-) TimerEvent: {}
[84.967221] (-) TimerEvent: {}
[84.969118] (ackermann_mux) StderrLine: {'line': b'make[2]: warning:  Clock skew detected.  Your build may be incomplete.\n'}
[85.036286] (ackermann_mux) StdoutLine: {'line': b'[100%] Built target ackermann_mux\n'}
[85.041086] (teleop_tools) StdoutLine: {'line': b'-- Configuring done\n'}
[85.056210] (teleop_tools) StdoutLine: {'line': b'-- Generating done\n'}
[85.061762] (teleop_tools) StdoutLine: {'line': b'-- Build files have been written to: /home/nvidia/f1tenth_ws/build/teleop_tools\n'}
[85.067470] (-) TimerEvent: {}
[85.133992] (ackermann_mux) CommandEnded: {'returncode': 0}
[85.167998] (-) TimerEvent: {}
[85.214751] (teleop_tools) CommandEnded: {'returncode': 0}
[85.268742] (-) TimerEvent: {}
[85.372503] (-) TimerEvent: {}
[85.398948] (teleop_tools) JobProgress: {'identifier': 'teleop_tools', 'progress': 'install'}
[85.400701] (teleop_tools) Command: {'cmd': ['/usr/bin/cmake', '--install', '/home/nvidia/f1tenth_ws/build/teleop_tools'], 'cwd': '/home/nvidia/f1tenth_ws/build/teleop_tools', 'env': OrderedDict([('LESSOPEN', '| /usr/bin/lesspipe %s'), ('USER', 'nvidia'), ('SSH_CLIENT', '192.168.1.108 51828 22'), ('XDG_SESSION_TYPE', 'tty'), ('SHLVL', '1'), ('LD_LIBRARY_PATH', '/home/nvidia/f1tenth_ws/install/teleop_tools_msgs/lib://home/nvidia/f1tenth_ws/install/vesc_driver/lib://home/nvidia/f1tenth_ws/install/vesc_ackermann/lib://home/nvidia/f1tenth_ws/install/vesc_msgs/lib://home/nvidia/f1tenth_ws/install/teleop_tools_msgs/lib:/usr/lib/aarch64-linux-gnu/gazebo-11/plugins:/opt/ros/foxy/opt/yaml_cpp_vendor/lib:/opt/ros/foxy/opt/rviz_ogre_vendor/lib:/opt/ros/foxy/lib/aarch64-linux-gnu:/opt/ros/foxy/lib:/usr/local/cuda-11.4/lib64'), ('MOTD_SHOWN', 'pam'), ('HOME', '/home/nvidia'), ('OLDPWD', '/home/nvidia'), ('SSH_TTY', '/dev/pts/0'), ('ROS_PYTHON_VERSION', '3'), ('DBUS_SESSION_BUS_ADDRESS', 'unix:path=/run/user/1000/bus'), ('COLCON_PREFIX_PATH', '//home/nvidia/f1tenth_ws/install'), ('ROS_DISTRO', 'foxy'), ('LOGNAME', 'nvidia'), ('_', '/usr/bin/colcon'), ('ROS_VERSION', '2'), ('XDG_SESSION_CLASS', 'user'), ('TERM', 'xterm-256color'), ('XDG_SESSION_ID', '8'), ('GAZEBO_MODEL_PATH', ':/opt/ros/foxy/share/turtlebot3_gazebo/models'), ('ROS_LOCALHOST_ONLY', '0'), ('PATH', '/home/nvidia/.local/bin:/opt/ros/foxy/bin:/usr/local/cuda-11.4/bin:/usr/local/sbin:/usr/local/bin:/usr/sbin:/usr/bin:/sbin:/bin:/usr/games:/usr/local/games:/snap/bin'), ('XDG_RUNTIME_DIR', '/run/user/1000'), ('LANG', 'en_US.UTF-8'), ('LS_COLORS', 'rs=0:di=01;34:ln=01;36:mh=00:pi=40;33:so=01;35:do=01;35:bd=40;33;01:cd=40;33;01:or=40;31;01:mi=00:su=37;41:sg=30;43:ca=30;41:tw=30;42:ow=34;42:st=37;44:ex=01;32:*.tar=01;31:*.tgz=01;31:*.arc=01;31:*.arj=01;31:*.taz=01;31:*.lha=01;31:*.lz4=01;31:*.lzh=01;31:*.lzma=01;31:*.tlz=01;31:*.txz=01;31:*.tzo=01;31:*.t7z=01;31:*.zip=01;31:*.z=01;31:*.dz=01;31:*.gz=01;31:*.lrz=01;31:*.lz=01;31:*.lzo=01;31:*.xz=01;31:*.zst=01;31:*.tzst=01;31:*.bz2=01;31:*.bz=01;31:*.tbz=01;31:*.tbz2=01;31:*.tz=01;31:*.deb=01;31:*.rpm=01;31:*.jar=01;31:*.war=01;31:*.ear=01;31:*.sar=01;31:*.rar=01;31:*.alz=01;31:*.ace=01;31:*.zoo=01;31:*.cpio=01;31:*.7z=01;31:*.rz=01;31:*.cab=01;31:*.wim=01;31:*.swm=01;31:*.dwm=01;31:*.esd=01;31:*.jpg=01;35:*.jpeg=01;35:*.mjpg=01;35:*.mjpeg=01;35:*.gif=01;35:*.bmp=01;35:*.pbm=01;35:*.pgm=01;35:*.ppm=01;35:*.tga=01;35:*.xbm=01;35:*.xpm=01;35:*.tif=01;35:*.tiff=01;35:*.png=01;35:*.svg=01;35:*.svgz=01;35:*.mng=01;35:*.pcx=01;35:*.mov=01;35:*.mpg=01;35:*.mpeg=01;35:*.m2v=01;35:*.mkv=01;35:*.webm=01;35:*.ogm=01;35:*.mp4=01;35:*.m4v=01;35:*.mp4v=01;35:*.vob=01;35:*.qt=01;35:*.nuv=01;35:*.wmv=01;35:*.asf=01;35:*.rm=01;35:*.rmvb=01;35:*.flc=01;35:*.avi=01;35:*.fli=01;35:*.flv=01;35:*.gl=01;35:*.dl=01;35:*.xcf=01;35:*.xwd=01;35:*.yuv=01;35:*.cgm=01;35:*.emf=01;35:*.ogv=01;35:*.ogx=01;35:*.aac=00;36:*.au=00;36:*.flac=00;36:*.m4a=00;36:*.mid=00;36:*.midi=00;36:*.mka=00;36:*.mp3=00;36:*.mpc=00;36:*.ogg=00;36:*.ra=00;36:*.wav=00;36:*.oga=00;36:*.opus=00;36:*.spx=00;36:*.xspf=00;36:'), ('ROS_DOMAIN_ID', '10'), ('AMENT_PREFIX_PATH', '/home/nvidia/f1tenth_ws/install/joy_teleop:/home/nvidia/f1tenth_ws/install/teleop_tools_msgs:/home/nvidia/f1tenth_ws/install/key_teleop://home/nvidia/f1tenth_ws/install/f1tenth_stack://home/nvidia/f1tenth_ws/install/vesc://home/nvidia/f1tenth_ws/install/vesc_driver://home/nvidia/f1tenth_ws/install/vesc_ackermann://home/nvidia/f1tenth_ws/install/vesc_msgs://home/nvidia/f1tenth_ws/install/teleop_tools://home/nvidia/f1tenth_ws/install/joy_teleop://home/nvidia/f1tenth_ws/install/teleop_tools_msgs://home/nvidia/f1tenth_ws/install/pure_pursuit://home/nvidia/f1tenth_ws/install/phasespace://home/nvidia/f1tenth_ws/install/new_map_saver://home/nvidia/f1tenth_ws/install/mouse_teleop://home/nvidia/f1tenth_ws/install/mapping://home/nvidia/f1tenth_ws/install/key_teleop://home/nvidia/f1tenth_ws/install/f1tenth_controllers://home/nvidia/f1tenth_ws/install/ackermann_mux:/opt/ros/foxy'), ('SHELL', '/bin/bash'), ('LESSCLOSE', '/usr/bin/lesspipe %s %s'), ('PWD', '/home/nvidia/f1tenth_ws/build/teleop_tools'), ('TURTLEBOT3_MODEL', 'waffle'), ('LC_ALL', 'en_US.UTF-8'), ('SSH_CONNECTION', '192.168.1.108 51828 192.168.1.202 22'), ('XDG_DATA_DIRS', '/usr/local/share:/usr/share:/var/lib/snapd/desktop'), ('PYTHONPATH', '/home/nvidia/f1tenth_ws/install/joy_teleop/lib/python3.8/site-packages:/home/nvidia/f1tenth_ws/install/teleop_tools_msgs/lib/python3.8/site-packages:/home/nvidia/f1tenth_ws/install/key_teleop/lib/python3.8/site-packages://home/nvidia/f1tenth_ws/install/f1tenth_stack/lib/python3.8/site-packages://home/nvidia/f1tenth_ws/install/vesc_msgs/lib/python3.8/site-packages://home/nvidia/f1tenth_ws/install/joy_teleop/lib/python3.8/site-packages://home/nvidia/f1tenth_ws/install/teleop_tools_msgs/lib/python3.8/site-packages://home/nvidia/f1tenth_ws/install/phasespace/lib/python3.8/site-packages://home/nvidia/f1tenth_ws/install/new_map_saver/lib/python3.8/site-packages://home/nvidia/f1tenth_ws/install/mouse_teleop/lib/python3.8/site-packages://home/nvidia/f1tenth_ws/install/mapping/lib/python3.8/site-packages://home/nvidia/f1tenth_ws/install/key_teleop/lib/python3.8/site-packages://home/nvidia/f1tenth_ws/install/f1tenth_controllers/lib/python3.8/site-packages:/opt/ros/foxy/lib/python3.8/site-packages'), ('COLCON', '1'), ('CMAKE_PREFIX_PATH', '/home/nvidia/f1tenth_ws/install/teleop_tools_msgs://home/nvidia/f1tenth_ws/install/vesc://home/nvidia/f1tenth_ws/install/vesc_driver://home/nvidia/f1tenth_ws/install/vesc_ackermann://home/nvidia/f1tenth_ws/install/vesc_msgs://home/nvidia/f1tenth_ws/install/teleop_tools://home/nvidia/f1tenth_ws/install/teleop_tools_msgs://home/nvidia/f1tenth_ws/install/pure_pursuit://home/nvidia/f1tenth_ws/install/ackermann_mux://home/nvidia/f1tenth_ws/install/f1tenth_stack://home/nvidia/f1tenth_ws/install/joy_teleop://home/nvidia/f1tenth_ws/install/phasespace://home/nvidia/f1tenth_ws/install/new_map_saver://home/nvidia/f1tenth_ws/install/mouse_teleop://home/nvidia/f1tenth_ws/install/mapping://home/nvidia/f1tenth_ws/install/key_teleop://home/nvidia/f1tenth_ws/install/f1tenth_controllers:/opt/ros/foxy')]), 'shell': False}
[85.433733] (ackermann_mux) JobProgress: {'identifier': 'ackermann_mux', 'progress': 'install'}
[85.438783] (ackermann_mux) Command: {'cmd': ['/usr/bin/cmake', '--install', '/home/nvidia/f1tenth_ws/build/ackermann_mux'], 'cwd': '/home/nvidia/f1tenth_ws/build/ackermann_mux', 'env': OrderedDict([('LESSOPEN', '| /usr/bin/lesspipe %s'), ('USER', 'nvidia'), ('SSH_CLIENT', '192.168.1.108 51828 22'), ('XDG_SESSION_TYPE', 'tty'), ('SHLVL', '1'), ('LD_LIBRARY_PATH', '//home/nvidia/f1tenth_ws/install/vesc_driver/lib://home/nvidia/f1tenth_ws/install/vesc_ackermann/lib://home/nvidia/f1tenth_ws/install/vesc_msgs/lib://home/nvidia/f1tenth_ws/install/teleop_tools_msgs/lib:/usr/lib/aarch64-linux-gnu/gazebo-11/plugins:/opt/ros/foxy/opt/yaml_cpp_vendor/lib:/opt/ros/foxy/opt/rviz_ogre_vendor/lib:/opt/ros/foxy/lib/aarch64-linux-gnu:/opt/ros/foxy/lib:/usr/local/cuda-11.4/lib64:'), ('MOTD_SHOWN', 'pam'), ('HOME', '/home/nvidia'), ('OLDPWD', '/home/nvidia'), ('SSH_TTY', '/dev/pts/0'), ('ROS_PYTHON_VERSION', '3'), ('DBUS_SESSION_BUS_ADDRESS', 'unix:path=/run/user/1000/bus'), ('COLCON_PREFIX_PATH', '//home/nvidia/f1tenth_ws/install'), ('ROS_DISTRO', 'foxy'), ('LOGNAME', 'nvidia'), ('_', '/usr/bin/colcon'), ('ROS_VERSION', '2'), ('XDG_SESSION_CLASS', 'user'), ('TERM', 'xterm-256color'), ('XDG_SESSION_ID', '8'), ('GAZEBO_MODEL_PATH', ':/opt/ros/foxy/share/turtlebot3_gazebo/models'), ('ROS_LOCALHOST_ONLY', '0'), ('PATH', '/home/nvidia/.local/bin:/opt/ros/foxy/bin:/usr/local/cuda-11.4/bin:/usr/local/sbin:/usr/local/bin:/usr/sbin:/usr/bin:/sbin:/bin:/usr/games:/usr/local/games:/snap/bin'), ('XDG_RUNTIME_DIR', '/run/user/1000'), ('LANG', 'en_US.UTF-8'), ('LS_COLORS', 'rs=0:di=01;34:ln=01;36:mh=00:pi=40;33:so=01;35:do=01;35:bd=40;33;01:cd=40;33;01:or=40;31;01:mi=00:su=37;41:sg=30;43:ca=30;41:tw=30;42:ow=34;42:st=37;44:ex=01;32:*.tar=01;31:*.tgz=01;31:*.arc=01;31:*.arj=01;31:*.taz=01;31:*.lha=01;31:*.lz4=01;31:*.lzh=01;31:*.lzma=01;31:*.tlz=01;31:*.txz=01;31:*.tzo=01;31:*.t7z=01;31:*.zip=01;31:*.z=01;31:*.dz=01;31:*.gz=01;31:*.lrz=01;31:*.lz=01;31:*.lzo=01;31:*.xz=01;31:*.zst=01;31:*.tzst=01;31:*.bz2=01;31:*.bz=01;31:*.tbz=01;31:*.tbz2=01;31:*.tz=01;31:*.deb=01;31:*.rpm=01;31:*.jar=01;31:*.war=01;31:*.ear=01;31:*.sar=01;31:*.rar=01;31:*.alz=01;31:*.ace=01;31:*.zoo=01;31:*.cpio=01;31:*.7z=01;31:*.rz=01;31:*.cab=01;31:*.wim=01;31:*.swm=01;31:*.dwm=01;31:*.esd=01;31:*.jpg=01;35:*.jpeg=01;35:*.mjpg=01;35:*.mjpeg=01;35:*.gif=01;35:*.bmp=01;35:*.pbm=01;35:*.pgm=01;35:*.ppm=01;35:*.tga=01;35:*.xbm=01;35:*.xpm=01;35:*.tif=01;35:*.tiff=01;35:*.png=01;35:*.svg=01;35:*.svgz=01;35:*.mng=01;35:*.pcx=01;35:*.mov=01;35:*.mpg=01;35:*.mpeg=01;35:*.m2v=01;35:*.mkv=01;35:*.webm=01;35:*.ogm=01;35:*.mp4=01;35:*.m4v=01;35:*.mp4v=01;35:*.vob=01;35:*.qt=01;35:*.nuv=01;35:*.wmv=01;35:*.asf=01;35:*.rm=01;35:*.rmvb=01;35:*.flc=01;35:*.avi=01;35:*.fli=01;35:*.flv=01;35:*.gl=01;35:*.dl=01;35:*.xcf=01;35:*.xwd=01;35:*.yuv=01;35:*.cgm=01;35:*.emf=01;35:*.ogv=01;35:*.ogx=01;35:*.aac=00;36:*.au=00;36:*.flac=00;36:*.m4a=00;36:*.mid=00;36:*.midi=00;36:*.mka=00;36:*.mp3=00;36:*.mpc=00;36:*.ogg=00;36:*.ra=00;36:*.wav=00;36:*.oga=00;36:*.opus=00;36:*.spx=00;36:*.xspf=00;36:'), ('ROS_DOMAIN_ID', '10'), ('AMENT_PREFIX_PATH', '//home/nvidia/f1tenth_ws/install/f1tenth_stack://home/nvidia/f1tenth_ws/install/vesc://home/nvidia/f1tenth_ws/install/vesc_driver://home/nvidia/f1tenth_ws/install/vesc_ackermann://home/nvidia/f1tenth_ws/install/vesc_msgs://home/nvidia/f1tenth_ws/install/teleop_tools://home/nvidia/f1tenth_ws/install/joy_teleop://home/nvidia/f1tenth_ws/install/teleop_tools_msgs://home/nvidia/f1tenth_ws/install/pure_pursuit://home/nvidia/f1tenth_ws/install/phasespace://home/nvidia/f1tenth_ws/install/new_map_saver://home/nvidia/f1tenth_ws/install/mouse_teleop://home/nvidia/f1tenth_ws/install/mapping://home/nvidia/f1tenth_ws/install/key_teleop://home/nvidia/f1tenth_ws/install/f1tenth_controllers://home/nvidia/f1tenth_ws/install/ackermann_mux:/opt/ros/foxy'), ('SHELL', '/bin/bash'), ('LESSCLOSE', '/usr/bin/lesspipe %s %s'), ('PWD', '/home/nvidia/f1tenth_ws/build/ackermann_mux'), ('TURTLEBOT3_MODEL', 'waffle'), ('LC_ALL', 'en_US.UTF-8'), ('SSH_CONNECTION', '192.168.1.108 51828 192.168.1.202 22'), ('XDG_DATA_DIRS', '/usr/local/share:/usr/share:/var/lib/snapd/desktop'), ('PYTHONPATH', '//home/nvidia/f1tenth_ws/install/f1tenth_stack/lib/python3.8/site-packages://home/nvidia/f1tenth_ws/install/vesc_msgs/lib/python3.8/site-packages://home/nvidia/f1tenth_ws/install/joy_teleop/lib/python3.8/site-packages://home/nvidia/f1tenth_ws/install/teleop_tools_msgs/lib/python3.8/site-packages://home/nvidia/f1tenth_ws/install/phasespace/lib/python3.8/site-packages://home/nvidia/f1tenth_ws/install/new_map_saver/lib/python3.8/site-packages://home/nvidia/f1tenth_ws/install/mouse_teleop/lib/python3.8/site-packages://home/nvidia/f1tenth_ws/install/mapping/lib/python3.8/site-packages://home/nvidia/f1tenth_ws/install/key_teleop/lib/python3.8/site-packages://home/nvidia/f1tenth_ws/install/f1tenth_controllers/lib/python3.8/site-packages:/opt/ros/foxy/lib/python3.8/site-packages'), ('COLCON', '1'), ('CMAKE_PREFIX_PATH', '//home/nvidia/f1tenth_ws/install/vesc://home/nvidia/f1tenth_ws/install/vesc_driver://home/nvidia/f1tenth_ws/install/vesc_ackermann://home/nvidia/f1tenth_ws/install/vesc_msgs://home/nvidia/f1tenth_ws/install/teleop_tools://home/nvidia/f1tenth_ws/install/teleop_tools_msgs://home/nvidia/f1tenth_ws/install/pure_pursuit://home/nvidia/f1tenth_ws/install/ackermann_mux://home/nvidia/f1tenth_ws/install/f1tenth_stack://home/nvidia/f1tenth_ws/install/joy_teleop://home/nvidia/f1tenth_ws/install/phasespace://home/nvidia/f1tenth_ws/install/new_map_saver://home/nvidia/f1tenth_ws/install/mouse_teleop://home/nvidia/f1tenth_ws/install/mapping://home/nvidia/f1tenth_ws/install/key_teleop://home/nvidia/f1tenth_ws/install/f1tenth_controllers:/opt/ros/foxy')]), 'shell': False}
[85.472440] (teleop_tools) StdoutLine: {'line': b'-- Install configuration: ""\n'}
[85.474968] (-) TimerEvent: {}
[85.478399] (teleop_tools) StdoutLine: {'line': b'-- Installing: /home/nvidia/f1tenth_ws/install/teleop_tools/share/ament_index/resource_index/package_run_dependencies/teleop_tools\n'}
[85.479531] (teleop_tools) StdoutLine: {'line': b'-- Installing: /home/nvidia/f1tenth_ws/install/teleop_tools/share/ament_index/resource_index/parent_prefix_path/teleop_tools\n'}
[85.480322] (teleop_tools) StdoutLine: {'line': b'-- Installing: /home/nvidia/f1tenth_ws/install/teleop_tools/share/teleop_tools/environment/ament_prefix_path.sh\n'}
[85.480862] (teleop_tools) StdoutLine: {'line': b'-- Installing: /home/nvidia/f1tenth_ws/install/teleop_tools/share/teleop_tools/environment/ament_prefix_path.dsv\n'}
[85.484755] (teleop_tools) StdoutLine: {'line': b'-- Installing: /home/nvidia/f1tenth_ws/install/teleop_tools/share/teleop_tools/environment/path.sh\n'}
[85.485268] (teleop_tools) StdoutLine: {'line': b'-- Installing: /home/nvidia/f1tenth_ws/install/teleop_tools/share/teleop_tools/environment/path.dsv\n'}
[85.486653] (teleop_tools) StdoutLine: {'line': b'-- Installing: /home/nvidia/f1tenth_ws/install/teleop_tools/share/teleop_tools/local_setup.bash\n'}
[85.487551] (teleop_tools) StdoutLine: {'line': b'-- Installing: /home/nvidia/f1tenth_ws/install/teleop_tools/share/teleop_tools/local_setup.sh\n'}
[85.489406] (teleop_tools) StdoutLine: {'line': b'-- Installing: /home/nvidia/f1tenth_ws/install/teleop_tools/share/teleop_tools/local_setup.zsh\n'}
[85.490098] (teleop_tools) StdoutLine: {'line': b'-- Installing: /home/nvidia/f1tenth_ws/install/teleop_tools/share/teleop_tools/local_setup.dsv\n'}
[85.490527] (teleop_tools) StdoutLine: {'line': b'-- Installing: /home/nvidia/f1tenth_ws/install/teleop_tools/share/teleop_tools/package.dsv\n'}
[85.491251] (teleop_tools) StdoutLine: {'line': b'-- Installing: /home/nvidia/f1tenth_ws/install/teleop_tools/share/ament_index/resource_index/packages/teleop_tools\n'}
[85.492245] (teleop_tools) StdoutLine: {'line': b'-- Installing: /home/nvidia/f1tenth_ws/install/teleop_tools/share/teleop_tools/cmake/teleop_toolsConfig.cmake\n'}
[85.493095] (teleop_tools) StdoutLine: {'line': b'-- Installing: /home/nvidia/f1tenth_ws/install/teleop_tools/share/teleop_tools/cmake/teleop_toolsConfig-version.cmake\n'}
[85.494545] (teleop_tools) StdoutLine: {'line': b'-- Installing: /home/nvidia/f1tenth_ws/install/teleop_tools/share/teleop_tools/package.xml\n'}
[85.526873] (teleop_tools) CommandEnded: {'returncode': 0}
[85.536883] (ackermann_mux) StdoutLine: {'line': b'-- Install configuration: ""\n'}
[85.543996] (ackermann_mux) StdoutLine: {'line': b'-- Installing: /home/nvidia/f1tenth_ws/install/ackermann_mux/lib/ackermann_mux/ackermann_mux\n'}
[85.576541] (-) TimerEvent: {}
[85.587672] (ackermann_mux) StdoutLine: {'line': b'-- Set runtime path of "/home/nvidia/f1tenth_ws/install/ackermann_mux/lib/ackermann_mux/ackermann_mux" to ""\n'}
[85.590251] (ackermann_mux) StdoutLine: {'line': b'-- Installing: /home/nvidia/f1tenth_ws/install/ackermann_mux/share/ackermann_mux/launch\n'}
[85.590874] (ackermann_mux) StdoutLine: {'line': b'-- Installing: /home/nvidia/f1tenth_ws/install/ackermann_mux/share/ackermann_mux/launch/ackermann_mux_launch.py\n'}
[85.593117] (ackermann_mux) StdoutLine: {'line': b'-- Installing: /home/nvidia/f1tenth_ws/install/ackermann_mux/share/ackermann_mux/config\n'}
[85.594176] (ackermann_mux) StdoutLine: {'line': b'-- Installing: /home/nvidia/f1tenth_ws/install/ackermann_mux/share/ackermann_mux/config/ackermann_mux_topics.yaml\n'}
[85.596652] (ackermann_mux) StdoutLine: {'line': b'-- Installing: /home/nvidia/f1tenth_ws/install/ackermann_mux/share/ackermann_mux/config/joystick.yaml\n'}
[85.598206] (ackermann_mux) StdoutLine: {'line': b'-- Installing: /home/nvidia/f1tenth_ws/install/ackermann_mux/share/ackermann_mux/config/ackermann_mux_locks.yaml\n'}
[85.600558] (ackermann_mux) StdoutLine: {'line': b'-- Installing: /home/nvidia/f1tenth_ws/install/ackermann_mux/include\n'}
[85.601278] (ackermann_mux) StdoutLine: {'line': b'-- Installing: /home/nvidia/f1tenth_ws/install/ackermann_mux/include/ackermann_mux\n'}
[85.602267] (ackermann_mux) StdoutLine: {'line': b'-- Installing: /home/nvidia/f1tenth_ws/install/ackermann_mux/include/ackermann_mux/ackermann_mux_diagnostics.hpp\n'}
[85.603121] (ackermann_mux) StdoutLine: {'line': b'-- Installing: /home/nvidia/f1tenth_ws/install/ackermann_mux/include/ackermann_mux/params_helpers.hpp\n'}
[85.604110] (ackermann_mux) StdoutLine: {'line': b'-- Installing: /home/nvidia/f1tenth_ws/install/ackermann_mux/include/ackermann_mux/ackermann_mux_diagnostics_status.hpp\n'}
[85.605124] (ackermann_mux) StdoutLine: {'line': b'-- Installing: /home/nvidia/f1tenth_ws/install/ackermann_mux/include/ackermann_mux/ackermann_mux.hpp\n'}
[85.606890] (ackermann_mux) StdoutLine: {'line': b'-- Installing: /home/nvidia/f1tenth_ws/install/ackermann_mux/include/ackermann_mux/topic_handle.hpp\n'}
[85.607684] (ackermann_mux) StdoutLine: {'line': b'-- Installing: /home/nvidia/f1tenth_ws/install/ackermann_mux/include/ackermann_mux/utils.hpp\n'}
[85.609760] (ackermann_mux) StdoutLine: {'line': b'-- Installing: /home/nvidia/f1tenth_ws/install/ackermann_mux/share/ament_index/resource_index/package_run_dependencies/ackermann_mux\n'}
[85.611647] (ackermann_mux) StdoutLine: {'line': b'-- Installing: /home/nvidia/f1tenth_ws/install/ackermann_mux/share/ament_index/resource_index/parent_prefix_path/ackermann_mux\n'}
[85.613278] (ackermann_mux) StdoutLine: {'line': b'-- Installing: /home/nvidia/f1tenth_ws/install/ackermann_mux/share/ackermann_mux/environment/ament_prefix_path.sh\n'}
[85.614708] (ackermann_mux) StdoutLine: {'line': b'-- Installing: /home/nvidia/f1tenth_ws/install/ackermann_mux/share/ackermann_mux/environment/ament_prefix_path.dsv\n'}
[85.616057] (ackermann_mux) StdoutLine: {'line': b'-- Installing: /home/nvidia/f1tenth_ws/install/ackermann_mux/share/ackermann_mux/environment/path.sh\n'}
[85.620902] (ackermann_mux) StdoutLine: {'line': b'-- Installing: /home/nvidia/f1tenth_ws/install/ackermann_mux/share/ackermann_mux/environment/path.dsv\n'}
[85.621476] (ackermann_mux) StdoutLine: {'line': b'-- Installing: /home/nvidia/f1tenth_ws/install/ackermann_mux/share/ackermann_mux/local_setup.bash\n'}
[85.623542] (ackermann_mux) StdoutLine: {'line': b'-- Installing: /home/nvidia/f1tenth_ws/install/ackermann_mux/share/ackermann_mux/local_setup.sh\n'}
[85.624039] (ackermann_mux) StdoutLine: {'line': b'-- Installing: /home/nvidia/f1tenth_ws/install/ackermann_mux/share/ackermann_mux/local_setup.zsh\n'}
[85.625673] (ackermann_mux) StdoutLine: {'line': b'-- Installing: /home/nvidia/f1tenth_ws/install/ackermann_mux/share/ackermann_mux/local_setup.dsv\n'}
[85.626588] (ackermann_mux) StdoutLine: {'line': b'-- Installing: /home/nvidia/f1tenth_ws/install/ackermann_mux/share/ackermann_mux/package.dsv\n'}
[85.628081] (ackermann_mux) StdoutLine: {'line': b'-- Installing: /home/nvidia/f1tenth_ws/install/ackermann_mux/share/ament_index/resource_index/packages/ackermann_mux\n'}
[85.630123] (ackermann_mux) StdoutLine: {'line': b'-- Installing: /home/nvidia/f1tenth_ws/install/ackermann_mux/share/ackermann_mux/cmake/ament_cmake_export_include_directories-extras.cmake\n'}
[85.631153] (ackermann_mux) StdoutLine: {'line': b'-- Installing: /home/nvidia/f1tenth_ws/install/ackermann_mux/share/ackermann_mux/cmake/ament_cmake_export_dependencies-extras.cmake\n'}
[85.632535] (ackermann_mux) StdoutLine: {'line': b'-- Installing: /home/nvidia/f1tenth_ws/install/ackermann_mux/share/ackermann_mux/cmake/ackermann_muxConfig.cmake\n'}
[85.633552] (ackermann_mux) StdoutLine: {'line': b'-- Installing: /home/nvidia/f1tenth_ws/install/ackermann_mux/share/ackermann_mux/cmake/ackermann_muxConfig-version.cmake\n'}
[85.640345] (ackermann_mux) StdoutLine: {'line': b'-- Installing: /home/nvidia/f1tenth_ws/install/ackermann_mux/share/ackermann_mux/package.xml\n'}
[85.662194] (ackermann_mux) CommandEnded: {'returncode': 0}
[85.676546] (-) TimerEvent: {}
[85.782077] (-) TimerEvent: {}
[85.842746] (teleop_tools) JobEnded: {'identifier': 'teleop_tools', 'rc': 0}
[85.881986] (-) TimerEvent: {}
[85.983026] (-) TimerEvent: {}
[86.037681] (ackermann_mux) JobEnded: {'identifier': 'ackermann_mux', 'rc': 0}
[86.083307] (-) TimerEvent: {}
[86.184897] (-) TimerEvent: {}
[86.287974] (-) TimerEvent: {}
[86.389488] (-) TimerEvent: {}
[86.491082] (-) TimerEvent: {}
[86.592235] (-) TimerEvent: {}
[86.693417] (-) TimerEvent: {}
[86.794673] (-) TimerEvent: {}
[86.895767] (-) TimerEvent: {}
[86.996821] (-) TimerEvent: {}
[87.098941] (-) TimerEvent: {}
[87.101722] (vesc_msgs) StdoutLine: {'line': b'[ 65%] \x1b[32mBuilding CXX object CMakeFiles/vesc_msgs__rosidl_typesupport_fastrtps_c.dir/rosidl_typesupport_fastrtps_c/vesc_msgs/msg/detail/vesc_state_stamped__type_support_c.cpp.o\x1b[0m\n'}
[87.199178] (-) TimerEvent: {}
[87.300345] (-) TimerEvent: {}
[87.401433] (-) TimerEvent: {}
[87.502509] (-) TimerEvent: {}
[87.604207] (-) TimerEvent: {}
[87.706048] (-) TimerEvent: {}
[87.807935] (-) TimerEvent: {}
[87.909603] (-) TimerEvent: {}
[88.011431] (-) TimerEvent: {}
[88.113122] (-) TimerEvent: {}
[88.214858] (-) TimerEvent: {}
[88.316460] (-) TimerEvent: {}
[88.418241] (-) TimerEvent: {}
[88.519865] (-) TimerEvent: {}
[88.621803] (-) TimerEvent: {}
[88.723465] (-) TimerEvent: {}
[88.825155] (-) TimerEvent: {}
[88.926887] (-) TimerEvent: {}
[89.028626] (-) TimerEvent: {}
[89.130429] (-) TimerEvent: {}
[89.231527] (-) TimerEvent: {}
[89.332611] (-) TimerEvent: {}
[89.411079] (vesc_msgs) StdoutLine: {'line': b'[ 67%] \x1b[32m\x1b[1mLinking CXX shared library libvesc_msgs__rosidl_typesupport_fastrtps_c.so\x1b[0m\n'}
[89.432833] (-) TimerEvent: {}
[89.533948] (-) TimerEvent: {}
[89.634999] (-) TimerEvent: {}
[89.736139] (-) TimerEvent: {}
[89.837143] (-) TimerEvent: {}
[89.919590] (vesc_msgs) StderrLine: {'line': b'make[2]: warning:  Clock skew detected.  Your build may be incomplete.\n'}
[89.937387] (-) TimerEvent: {}
[89.983336] (vesc_msgs) StdoutLine: {'line': b'[ 67%] Built target vesc_msgs__rosidl_typesupport_fastrtps_c\n'}
[89.999015] (vesc_msgs) StderrLine: {'line': b"make[2]: Warning: File '/opt/ros/foxy/share/geometry_msgs/msg/WrenchStamped.idl' has modification time 738475084 s in the future\n"}
[90.037779] (-) TimerEvent: {}
[90.057449] (vesc_msgs) StdoutLine: {'line': b'[ 69%] \x1b[34m\x1b[1mGenerating C type support dispatch for ROS interfaces\x1b[0m\n'}
[90.137866] (-) TimerEvent: {}
[90.238944] (-) TimerEvent: {}
[90.340099] (-) TimerEvent: {}
[90.441207] (-) TimerEvent: {}
[90.542299] (-) TimerEvent: {}
[90.643406] (-) TimerEvent: {}
[90.744513] (-) TimerEvent: {}
[90.845570] (-) TimerEvent: {}
[90.946709] (-) TimerEvent: {}
[91.047698] (-) TimerEvent: {}
[91.148645] (-) TimerEvent: {}
[91.249675] (-) TimerEvent: {}
[91.350801] (-) TimerEvent: {}
[91.451784] (-) TimerEvent: {}
[91.552847] (-) TimerEvent: {}
[91.654004] (-) TimerEvent: {}
[91.754969] (-) TimerEvent: {}
[91.856097] (-) TimerEvent: {}
[91.957060] (-) TimerEvent: {}
[92.058191] (-) TimerEvent: {}
[92.159308] (-) TimerEvent: {}
[92.260407] (-) TimerEvent: {}
[92.304555] (vesc_msgs) StdoutLine: {'line': b'\x1b[35m\x1b[1mScanning dependencies of target vesc_msgs__rosidl_typesupport_c\x1b[0m\n'}
[92.327253] (vesc_msgs) StderrLine: {'line': b'make[2]: warning:  Clock skew detected.  Your build may be incomplete.\n'}
[92.341387] (vesc_msgs) StderrLine: {'line': b"make[2]: Warning: File '/opt/ros/foxy/share/geometry_msgs/msg/WrenchStamped.idl' has modification time 738475081 s in the future\n"}
[92.360646] (-) TimerEvent: {}
[92.411150] (vesc_msgs) StdoutLine: {'line': b'[ 69%] \x1b[34m\x1b[1mGenerating C type support dispatch for ROS interfaces\x1b[0m\n'}
[92.460899] (-) TimerEvent: {}
[92.561922] (-) TimerEvent: {}
[92.662901] (-) TimerEvent: {}
[92.763903] (-) TimerEvent: {}
[92.864916] (-) TimerEvent: {}
[92.965928] (-) TimerEvent: {}
[93.067050] (-) TimerEvent: {}
[93.167972] (-) TimerEvent: {}
[93.268960] (-) TimerEvent: {}
[93.370161] (-) TimerEvent: {}
[93.471184] (-) TimerEvent: {}
[93.572099] (-) TimerEvent: {}
[93.673162] (-) TimerEvent: {}
[93.774643] (-) TimerEvent: {}
[93.875786] (-) TimerEvent: {}
[93.976879] (-) TimerEvent: {}
[94.078031] (-) TimerEvent: {}
[94.178980] (-) TimerEvent: {}
[94.280128] (-) TimerEvent: {}
[94.381301] (-) TimerEvent: {}
[94.482354] (-) TimerEvent: {}
[94.583390] (-) TimerEvent: {}
[94.656803] (vesc_msgs) StdoutLine: {'line': b'[ 70%] \x1b[32mBuilding CXX object CMakeFiles/vesc_msgs__rosidl_typesupport_c.dir/rosidl_typesupport_c/vesc_msgs/msg/vesc_state__type_support.cpp.o\x1b[0m\n'}
[94.683664] (-) TimerEvent: {}
[94.786203] (-) TimerEvent: {}
[94.887815] (-) TimerEvent: {}
[94.988969] (-) TimerEvent: {}
[95.013215] (vesc_msgs) StdoutLine: {'line': b'[ 72%] \x1b[32mBuilding CXX object CMakeFiles/vesc_msgs__rosidl_typesupport_c.dir/rosidl_typesupport_c/vesc_msgs/msg/vesc_imu_stamped__type_support.cpp.o\x1b[0m\n'}
[95.089281] (-) TimerEvent: {}
[95.190630] (-) TimerEvent: {}
[95.261522] (vesc_msgs) StdoutLine: {'line': b'[ 74%] \x1b[32mBuilding CXX object CMakeFiles/vesc_msgs__rosidl_typesupport_c.dir/rosidl_typesupport_c/vesc_msgs/msg/vesc_imu__type_support.cpp.o\x1b[0m\n'}
[95.290908] (-) TimerEvent: {}
[95.392181] (-) TimerEvent: {}
[95.493241] (-) TimerEvent: {}
[95.565445] (vesc_msgs) StdoutLine: {'line': b'[ 76%] \x1b[32mBuilding CXX object CMakeFiles/vesc_msgs__rosidl_typesupport_c.dir/rosidl_typesupport_c/vesc_msgs/msg/vesc_state_stamped__type_support.cpp.o\x1b[0m\n'}
[95.593459] (-) TimerEvent: {}
[95.694600] (-) TimerEvent: {}
[95.795656] (vesc_msgs) StdoutLine: {'line': b'[ 78%] \x1b[32m\x1b[1mLinking CXX shared library libvesc_msgs__rosidl_typesupport_c.so\x1b[0m\n'}
[95.796517] (-) TimerEvent: {}
[95.897337] (-) TimerEvent: {}
[95.998617] (-) TimerEvent: {}
[96.022080] (vesc_msgs) StderrLine: {'line': b'make[2]: warning:  Clock skew detected.  Your build may be incomplete.\n'}
[96.079584] (vesc_msgs) StdoutLine: {'line': b'[ 78%] Built target vesc_msgs__rosidl_typesupport_c\n'}
[96.099106] (-) TimerEvent: {}
[96.152960] (vesc_msgs) StdoutLine: {'line': b'\x1b[35m\x1b[1mScanning dependencies of target vesc_msgs\x1b[0m\n'}
[96.169679] (vesc_msgs) StderrLine: {'line': b"make[2]: Warning: File '/home/nvidia/f1tenth_ws/src/f1tenth_system/vesc/vesc_msgs/msg/VescState.msg' has modification time 777672176 s in the future\n"}
[96.174162] (vesc_msgs) StderrLine: {'line': b'make[2]: warning:  Clock skew detected.  Your build may be incomplete.\n'}
[96.199047] (-) TimerEvent: {}
[96.228927] (vesc_msgs) StdoutLine: {'line': b'[ 78%] Built target vesc_msgs\n'}
[96.299315] (-) TimerEvent: {}
[96.304485] (vesc_msgs) StdoutLine: {'line': b'\x1b[35m\x1b[1mScanning dependencies of target vesc_msgs__py\x1b[0m\n'}
[96.323616] (vesc_msgs) StderrLine: {'line': b"make[2]: Warning: File '/opt/ros/foxy/share/geometry_msgs/msg/WrenchStamped.idl' has modification time 738475077 s in the future\n"}
[96.388326] (vesc_msgs) StdoutLine: {'line': b'[ 80%] \x1b[34m\x1b[1mGenerating Python code for ROS interfaces\x1b[0m\n'}
[96.399539] (-) TimerEvent: {}
[96.502134] (-) TimerEvent: {}
[96.603231] (-) TimerEvent: {}
[96.704589] (-) TimerEvent: {}
[96.805806] (-) TimerEvent: {}
[96.906817] (-) TimerEvent: {}
[97.007787] (-) TimerEvent: {}
[97.108874] (-) TimerEvent: {}
[97.210327] (-) TimerEvent: {}
[97.311384] (-) TimerEvent: {}
[97.413576] (-) TimerEvent: {}
[97.514747] (-) TimerEvent: {}
[97.615892] (-) TimerEvent: {}
[97.717031] (-) TimerEvent: {}
[97.818342] (-) TimerEvent: {}
[97.919318] (-) TimerEvent: {}
[98.020348] (-) TimerEvent: {}
[98.121518] (-) TimerEvent: {}
[98.223231] (-) TimerEvent: {}
[98.324464] (-) TimerEvent: {}
[98.425872] (-) TimerEvent: {}
[98.526979] (-) TimerEvent: {}
[98.628139] (-) TimerEvent: {}
[98.729367] (-) TimerEvent: {}
[98.830511] (-) TimerEvent: {}
[98.931612] (-) TimerEvent: {}
[99.032700] (-) TimerEvent: {}
[99.133961] (-) TimerEvent: {}
[99.235089] (-) TimerEvent: {}
[99.336121] (-) TimerEvent: {}
[99.437189] (-) TimerEvent: {}
[99.538329] (-) TimerEvent: {}
[99.639418] (-) TimerEvent: {}
[99.740477] (-) TimerEvent: {}
[99.841588] (-) TimerEvent: {}
[99.942815] (-) TimerEvent: {}
[100.043919] (-) TimerEvent: {}
[100.144981] (-) TimerEvent: {}
[100.246136] (-) TimerEvent: {}
[100.347192] (-) TimerEvent: {}
[100.448292] (-) TimerEvent: {}
[100.549422] (-) TimerEvent: {}
[100.650598] (-) TimerEvent: {}
[100.751633] (-) TimerEvent: {}
[100.852717] (-) TimerEvent: {}
[100.953884] (-) TimerEvent: {}
[101.055072] (-) TimerEvent: {}
[101.156388] (-) TimerEvent: {}
[101.257768] (-) TimerEvent: {}
[101.331285] (vesc_msgs) StderrLine: {'line': b'make[2]: warning:  Clock skew detected.  Your build may be incomplete.\n'}
[101.358040] (-) TimerEvent: {}
[101.382936] (vesc_msgs) StdoutLine: {'line': b'[ 80%] Built target vesc_msgs__py\n'}
[101.449522] (vesc_msgs) StdoutLine: {'line': b'\x1b[35m\x1b[1mScanning dependencies of target vesc_msgs__python\x1b[0m\n'}
[101.458252] (-) TimerEvent: {}
[101.559386] (-) TimerEvent: {}
[101.574251] (vesc_msgs) StderrLine: {'line': b"make[2]: Warning: File '/opt/ros/foxy/include/rosidl_runtime_c/visibility_control.h' has modification time 738463768 s in the future\n"}
[101.633181] (vesc_msgs) StdoutLine: {'line': b'[ 81%] \x1b[32mBuilding C object CMakeFiles/vesc_msgs__python.dir/rosidl_generator_py/vesc_msgs/msg/_vesc_state_s.c.o\x1b[0m\n'}
[101.638712] (vesc_msgs) StdoutLine: {'line': b'[ 83%] \x1b[32mBuilding C object CMakeFiles/vesc_msgs__python.dir/rosidl_generator_py/vesc_msgs/msg/_vesc_state_stamped_s.c.o\x1b[0m\n'}
[101.659665] (-) TimerEvent: {}
[101.760972] (-) TimerEvent: {}
[101.862174] (-) TimerEvent: {}
[101.963379] (-) TimerEvent: {}
[102.064485] (-) TimerEvent: {}
[102.165563] (-) TimerEvent: {}
[102.266763] (-) TimerEvent: {}
[102.267939] (vesc_msgs) StdoutLine: {'line': b'[ 85%] \x1b[32mBuilding C object CMakeFiles/vesc_msgs__python.dir/rosidl_generator_py/vesc_msgs/msg/_vesc_imu_stamped_s.c.o\x1b[0m\n'}
[102.367018] (-) TimerEvent: {}
[102.397997] (vesc_msgs) StdoutLine: {'line': b'[ 87%] \x1b[32mBuilding C object CMakeFiles/vesc_msgs__python.dir/rosidl_generator_py/vesc_msgs/msg/_vesc_imu_s.c.o\x1b[0m\n'}
[102.467333] (-) TimerEvent: {}
[102.568527] (-) TimerEvent: {}
[102.669802] (-) TimerEvent: {}
[102.770922] (-) TimerEvent: {}
[102.872001] (-) TimerEvent: {}
[102.973121] (-) TimerEvent: {}
[102.999984] (vesc_msgs) StdoutLine: {'line': b'[ 89%] \x1b[32m\x1b[1mLinking C shared library rosidl_generator_py/vesc_msgs/libvesc_msgs__python.so\x1b[0m\n'}
[103.073366] (-) TimerEvent: {}
[103.174504] (-) TimerEvent: {}
[103.227277] (vesc_msgs) StderrLine: {'line': b'make[2]: warning:  Clock skew detected.  Your build may be incomplete.\n'}
[103.274742] (-) TimerEvent: {}
[103.280125] (vesc_msgs) StdoutLine: {'line': b'[ 89%] Built target vesc_msgs__python\n'}
[103.348400] (vesc_msgs) StdoutLine: {'line': b'\x1b[35m\x1b[1mScanning dependencies of target vesc_msgs__rosidl_typesupport_c__pyext\x1b[0m\n'}
[103.350376] (vesc_msgs) StdoutLine: {'line': b'\x1b[35m\x1b[1mScanning dependencies of target vesc_msgs__rosidl_typesupport_introspection_c__pyext\x1b[0m\n'}
[103.375012] (-) TimerEvent: {}
[103.416744] (vesc_msgs) StderrLine: {'line': b"make[2]: Warning: File '/opt/ros/foxy/include/builtin_interfaces/msg/detail/time__struct.h' has modification time 738473772 s in the future\n"}
[103.420291] (vesc_msgs) StderrLine: {'line': b"make[2]: Warning: File '/opt/ros/foxy/include/builtin_interfaces/msg/detail/time__struct.h' has modification time 738473772 s in the future\n"}
[103.475308] (-) TimerEvent: {}
[103.480754] (vesc_msgs) StdoutLine: {'line': b'[ 90%] \x1b[32mBuilding C object CMakeFiles/vesc_msgs__rosidl_typesupport_c__pyext.dir/rosidl_generator_py/vesc_msgs/_vesc_msgs_s.ep.rosidl_typesupport_c.c.o\x1b[0m\n'}
[103.481852] (vesc_msgs) StdoutLine: {'line': b'[ 92%] \x1b[32mBuilding C object CMakeFiles/vesc_msgs__rosidl_typesupport_introspection_c__pyext.dir/rosidl_generator_py/vesc_msgs/_vesc_msgs_s.ep.rosidl_typesupport_introspection_c.c.o\x1b[0m\n'}
[103.575607] (-) TimerEvent: {}
[103.676799] (-) TimerEvent: {}
[103.778290] (-) TimerEvent: {}
[103.879514] (-) TimerEvent: {}
[103.980762] (-) TimerEvent: {}
[104.049253] (vesc_msgs) StdoutLine: {'line': b'[ 96%] \x1b[32m\x1b[1mLinking C shared library rosidl_generator_py/vesc_msgs/vesc_msgs_s__rosidl_typesupport_introspection_c.cpython-38-aarch64-linux-gnu.so\x1b[0m\n'}
[104.050145] (vesc_msgs) StdoutLine: {'line': b'[ 96%] \x1b[32m\x1b[1mLinking C shared library rosidl_generator_py/vesc_msgs/vesc_msgs_s__rosidl_typesupport_c.cpython-38-aarch64-linux-gnu.so\x1b[0m\n'}
[104.081027] (-) TimerEvent: {}
[104.182325] (-) TimerEvent: {}
[104.243917] (vesc_msgs) StderrLine: {'line': b'make[2]: warning:  Clock skew detected.  Your build may be incomplete.\n'}
[104.246660] (vesc_msgs) StderrLine: {'line': b'make[2]: warning:  Clock skew detected.  Your build may be incomplete.\n'}
[104.282605] (-) TimerEvent: {}
[104.298099] (vesc_msgs) StdoutLine: {'line': b'[ 96%] Built target vesc_msgs__rosidl_typesupport_c__pyext\n'}
[104.300823] (vesc_msgs) StdoutLine: {'line': b'[ 96%] Built target vesc_msgs__rosidl_typesupport_introspection_c__pyext\n'}
[104.363130] (vesc_msgs) StdoutLine: {'line': b'\x1b[35m\x1b[1mScanning dependencies of target vesc_msgs__rosidl_typesupport_fastrtps_c__pyext\x1b[0m\n'}
[104.382828] (-) TimerEvent: {}
[104.450932] (vesc_msgs) StderrLine: {'line': b"make[2]: Warning: File '/opt/ros/foxy/include/builtin_interfaces/msg/detail/time__struct.h' has modification time 738473771 s in the future\n"}
[104.483127] (-) TimerEvent: {}
[104.510483] (vesc_msgs) StdoutLine: {'line': b'[ 98%] \x1b[32mBuilding C object CMakeFiles/vesc_msgs__rosidl_typesupport_fastrtps_c__pyext.dir/rosidl_generator_py/vesc_msgs/_vesc_msgs_s.ep.rosidl_typesupport_fastrtps_c.c.o\x1b[0m\n'}
[104.583398] (-) TimerEvent: {}
[104.684431] (-) TimerEvent: {}
[104.785287] (-) TimerEvent: {}
[104.886462] (-) TimerEvent: {}
[104.987542] (-) TimerEvent: {}
[105.082527] (vesc_msgs) StdoutLine: {'line': b'[100%] \x1b[32m\x1b[1mLinking CXX shared library rosidl_generator_py/vesc_msgs/vesc_msgs_s__rosidl_typesupport_fastrtps_c.cpython-38-aarch64-linux-gnu.so\x1b[0m\n'}
[105.087748] (-) TimerEvent: {}
[105.188829] (-) TimerEvent: {}
[105.289886] (-) TimerEvent: {}
[105.391032] (-) TimerEvent: {}
[105.428122] (vesc_msgs) StderrLine: {'line': b'make[2]: warning:  Clock skew detected.  Your build may be incomplete.\n'}
[105.479682] (vesc_msgs) StdoutLine: {'line': b'[100%] Built target vesc_msgs__rosidl_typesupport_fastrtps_c__pyext\n'}
[105.491237] (-) TimerEvent: {}
[105.554615] (vesc_msgs) CommandEnded: {'returncode': 0}
[105.592018] (-) TimerEvent: {}
[105.694219] (-) TimerEvent: {}
[105.795241] (-) TimerEvent: {}
[105.896842] (-) TimerEvent: {}
[105.998166] (-) TimerEvent: {}
[106.099233] (-) TimerEvent: {}
[106.200817] (-) TimerEvent: {}
[106.254148] (vesc_msgs) JobProgress: {'identifier': 'vesc_msgs', 'progress': 'install'}
[106.256603] (vesc_msgs) Command: {'cmd': ['/usr/bin/cmake', '--install', '/home/nvidia/f1tenth_ws/build/vesc_msgs'], 'cwd': '/home/nvidia/f1tenth_ws/build/vesc_msgs', 'env': OrderedDict([('LESSOPEN', '| /usr/bin/lesspipe %s'), ('USER', 'nvidia'), ('SSH_CLIENT', '192.168.1.108 51828 22'), ('XDG_SESSION_TYPE', 'tty'), ('SHLVL', '1'), ('LD_LIBRARY_PATH', '//home/nvidia/f1tenth_ws/install/vesc_driver/lib://home/nvidia/f1tenth_ws/install/vesc_ackermann/lib://home/nvidia/f1tenth_ws/install/vesc_msgs/lib://home/nvidia/f1tenth_ws/install/teleop_tools_msgs/lib:/usr/lib/aarch64-linux-gnu/gazebo-11/plugins:/opt/ros/foxy/opt/yaml_cpp_vendor/lib:/opt/ros/foxy/opt/rviz_ogre_vendor/lib:/opt/ros/foxy/lib/aarch64-linux-gnu:/opt/ros/foxy/lib:/usr/local/cuda-11.4/lib64:'), ('MOTD_SHOWN', 'pam'), ('HOME', '/home/nvidia'), ('OLDPWD', '/home/nvidia'), ('SSH_TTY', '/dev/pts/0'), ('ROS_PYTHON_VERSION', '3'), ('DBUS_SESSION_BUS_ADDRESS', 'unix:path=/run/user/1000/bus'), ('COLCON_PREFIX_PATH', '//home/nvidia/f1tenth_ws/install'), ('ROS_DISTRO', 'foxy'), ('LOGNAME', 'nvidia'), ('_', '/usr/bin/colcon'), ('ROS_VERSION', '2'), ('XDG_SESSION_CLASS', 'user'), ('TERM', 'xterm-256color'), ('XDG_SESSION_ID', '8'), ('GAZEBO_MODEL_PATH', ':/opt/ros/foxy/share/turtlebot3_gazebo/models'), ('ROS_LOCALHOST_ONLY', '0'), ('PATH', '/home/nvidia/.local/bin:/opt/ros/foxy/bin:/usr/local/cuda-11.4/bin:/usr/local/sbin:/usr/local/bin:/usr/sbin:/usr/bin:/sbin:/bin:/usr/games:/usr/local/games:/snap/bin'), ('XDG_RUNTIME_DIR', '/run/user/1000'), ('LANG', 'en_US.UTF-8'), ('LS_COLORS', 'rs=0:di=01;34:ln=01;36:mh=00:pi=40;33:so=01;35:do=01;35:bd=40;33;01:cd=40;33;01:or=40;31;01:mi=00:su=37;41:sg=30;43:ca=30;41:tw=30;42:ow=34;42:st=37;44:ex=01;32:*.tar=01;31:*.tgz=01;31:*.arc=01;31:*.arj=01;31:*.taz=01;31:*.lha=01;31:*.lz4=01;31:*.lzh=01;31:*.lzma=01;31:*.tlz=01;31:*.txz=01;31:*.tzo=01;31:*.t7z=01;31:*.zip=01;31:*.z=01;31:*.dz=01;31:*.gz=01;31:*.lrz=01;31:*.lz=01;31:*.lzo=01;31:*.xz=01;31:*.zst=01;31:*.tzst=01;31:*.bz2=01;31:*.bz=01;31:*.tbz=01;31:*.tbz2=01;31:*.tz=01;31:*.deb=01;31:*.rpm=01;31:*.jar=01;31:*.war=01;31:*.ear=01;31:*.sar=01;31:*.rar=01;31:*.alz=01;31:*.ace=01;31:*.zoo=01;31:*.cpio=01;31:*.7z=01;31:*.rz=01;31:*.cab=01;31:*.wim=01;31:*.swm=01;31:*.dwm=01;31:*.esd=01;31:*.jpg=01;35:*.jpeg=01;35:*.mjpg=01;35:*.mjpeg=01;35:*.gif=01;35:*.bmp=01;35:*.pbm=01;35:*.pgm=01;35:*.ppm=01;35:*.tga=01;35:*.xbm=01;35:*.xpm=01;35:*.tif=01;35:*.tiff=01;35:*.png=01;35:*.svg=01;35:*.svgz=01;35:*.mng=01;35:*.pcx=01;35:*.mov=01;35:*.mpg=01;35:*.mpeg=01;35:*.m2v=01;35:*.mkv=01;35:*.webm=01;35:*.ogm=01;35:*.mp4=01;35:*.m4v=01;35:*.mp4v=01;35:*.vob=01;35:*.qt=01;35:*.nuv=01;35:*.wmv=01;35:*.asf=01;35:*.rm=01;35:*.rmvb=01;35:*.flc=01;35:*.avi=01;35:*.fli=01;35:*.flv=01;35:*.gl=01;35:*.dl=01;35:*.xcf=01;35:*.xwd=01;35:*.yuv=01;35:*.cgm=01;35:*.emf=01;35:*.ogv=01;35:*.ogx=01;35:*.aac=00;36:*.au=00;36:*.flac=00;36:*.m4a=00;36:*.mid=00;36:*.midi=00;36:*.mka=00;36:*.mp3=00;36:*.mpc=00;36:*.ogg=00;36:*.ra=00;36:*.wav=00;36:*.oga=00;36:*.opus=00;36:*.spx=00;36:*.xspf=00;36:'), ('ROS_DOMAIN_ID', '10'), ('AMENT_PREFIX_PATH', '//home/nvidia/f1tenth_ws/install/f1tenth_stack://home/nvidia/f1tenth_ws/install/vesc://home/nvidia/f1tenth_ws/install/vesc_driver://home/nvidia/f1tenth_ws/install/vesc_ackermann://home/nvidia/f1tenth_ws/install/vesc_msgs://home/nvidia/f1tenth_ws/install/teleop_tools://home/nvidia/f1tenth_ws/install/joy_teleop://home/nvidia/f1tenth_ws/install/teleop_tools_msgs://home/nvidia/f1tenth_ws/install/pure_pursuit://home/nvidia/f1tenth_ws/install/phasespace://home/nvidia/f1tenth_ws/install/new_map_saver://home/nvidia/f1tenth_ws/install/mouse_teleop://home/nvidia/f1tenth_ws/install/mapping://home/nvidia/f1tenth_ws/install/key_teleop://home/nvidia/f1tenth_ws/install/f1tenth_controllers://home/nvidia/f1tenth_ws/install/ackermann_mux:/opt/ros/foxy'), ('SHELL', '/bin/bash'), ('LESSCLOSE', '/usr/bin/lesspipe %s %s'), ('PWD', '/home/nvidia/f1tenth_ws/build/vesc_msgs'), ('TURTLEBOT3_MODEL', 'waffle'), ('LC_ALL', 'en_US.UTF-8'), ('SSH_CONNECTION', '192.168.1.108 51828 192.168.1.202 22'), ('XDG_DATA_DIRS', '/usr/local/share:/usr/share:/var/lib/snapd/desktop'), ('PYTHONPATH', '//home/nvidia/f1tenth_ws/install/f1tenth_stack/lib/python3.8/site-packages://home/nvidia/f1tenth_ws/install/vesc_msgs/lib/python3.8/site-packages://home/nvidia/f1tenth_ws/install/joy_teleop/lib/python3.8/site-packages://home/nvidia/f1tenth_ws/install/teleop_tools_msgs/lib/python3.8/site-packages://home/nvidia/f1tenth_ws/install/phasespace/lib/python3.8/site-packages://home/nvidia/f1tenth_ws/install/new_map_saver/lib/python3.8/site-packages://home/nvidia/f1tenth_ws/install/mouse_teleop/lib/python3.8/site-packages://home/nvidia/f1tenth_ws/install/mapping/lib/python3.8/site-packages://home/nvidia/f1tenth_ws/install/key_teleop/lib/python3.8/site-packages://home/nvidia/f1tenth_ws/install/f1tenth_controllers/lib/python3.8/site-packages:/opt/ros/foxy/lib/python3.8/site-packages'), ('COLCON', '1'), ('CMAKE_PREFIX_PATH', '//home/nvidia/f1tenth_ws/install/vesc://home/nvidia/f1tenth_ws/install/vesc_driver://home/nvidia/f1tenth_ws/install/vesc_ackermann://home/nvidia/f1tenth_ws/install/vesc_msgs://home/nvidia/f1tenth_ws/install/teleop_tools://home/nvidia/f1tenth_ws/install/teleop_tools_msgs://home/nvidia/f1tenth_ws/install/pure_pursuit://home/nvidia/f1tenth_ws/install/ackermann_mux://home/nvidia/f1tenth_ws/install/f1tenth_stack://home/nvidia/f1tenth_ws/install/joy_teleop://home/nvidia/f1tenth_ws/install/phasespace://home/nvidia/f1tenth_ws/install/new_map_saver://home/nvidia/f1tenth_ws/install/mouse_teleop://home/nvidia/f1tenth_ws/install/mapping://home/nvidia/f1tenth_ws/install/key_teleop://home/nvidia/f1tenth_ws/install/f1tenth_controllers:/opt/ros/foxy')]), 'shell': False}
[106.301340] (-) TimerEvent: {}
[106.323332] (vesc_msgs) StdoutLine: {'line': b'-- Install configuration: ""\n'}
[106.324832] (vesc_msgs) StdoutLine: {'line': b'-- Installing: /home/nvidia/f1tenth_ws/install/vesc_msgs/share/ament_index/resource_index/rosidl_interfaces/vesc_msgs\n'}
[106.326043] (vesc_msgs) StdoutLine: {'line': b'-- Installing: /home/nvidia/f1tenth_ws/install/vesc_msgs/include/vesc_msgs\n'}
[106.326744] (vesc_msgs) StdoutLine: {'line': b'-- Installing: /home/nvidia/f1tenth_ws/install/vesc_msgs/include/vesc_msgs/msg\n'}
[106.327399] (vesc_msgs) StdoutLine: {'line': b'-- Installing: /home/nvidia/f1tenth_ws/install/vesc_msgs/include/vesc_msgs/msg/vesc_imu.h\n'}
[106.328035] (vesc_msgs) StdoutLine: {'line': b'-- Installing: /home/nvidia/f1tenth_ws/install/vesc_msgs/include/vesc_msgs/msg/vesc_state_stamped.h\n'}
[106.328735] (vesc_msgs) StdoutLine: {'line': b'-- Installing: /home/nvidia/f1tenth_ws/install/vesc_msgs/include/vesc_msgs/msg/detail\n'}
[106.329388] (vesc_msgs) StdoutLine: {'line': b'-- Installing: /home/nvidia/f1tenth_ws/install/vesc_msgs/include/vesc_msgs/msg/detail/vesc_imu_stamped__functions.c\n'}
[106.330661] (vesc_msgs) StdoutLine: {'line': b'-- Installing: /home/nvidia/f1tenth_ws/install/vesc_msgs/include/vesc_msgs/msg/detail/vesc_state__functions.c\n'}
[106.331591] (vesc_msgs) StdoutLine: {'line': b'-- Installing: /home/nvidia/f1tenth_ws/install/vesc_msgs/include/vesc_msgs/msg/detail/vesc_imu__type_support.h\n'}
[106.332294] (vesc_msgs) StdoutLine: {'line': b'-- Installing: /home/nvidia/f1tenth_ws/install/vesc_msgs/include/vesc_msgs/msg/detail/vesc_imu_stamped__functions.h\n'}
[106.333091] (vesc_msgs) StdoutLine: {'line': b'-- Installing: /home/nvidia/f1tenth_ws/install/vesc_msgs/include/vesc_msgs/msg/detail/vesc_state__struct.h\n'}
[106.333925] (vesc_msgs) StdoutLine: {'line': b'-- Installing: /home/nvidia/f1tenth_ws/install/vesc_msgs/include/vesc_msgs/msg/detail/vesc_imu__functions.h\n'}
[106.334711] (vesc_msgs) StdoutLine: {'line': b'-- Installing: /home/nvidia/f1tenth_ws/install/vesc_msgs/include/vesc_msgs/msg/detail/vesc_state__functions.h\n'}
[106.335504] (vesc_msgs) StdoutLine: {'line': b'-- Installing: /home/nvidia/f1tenth_ws/install/vesc_msgs/include/vesc_msgs/msg/detail/vesc_state_stamped__functions.h\n'}
[106.336319] (vesc_msgs) StdoutLine: {'line': b'-- Installing: /home/nvidia/f1tenth_ws/install/vesc_msgs/include/vesc_msgs/msg/detail/vesc_imu_stamped__type_support.h\n'}
[106.337098] (vesc_msgs) StdoutLine: {'line': b'-- Installing: /home/nvidia/f1tenth_ws/install/vesc_msgs/include/vesc_msgs/msg/detail/vesc_imu__struct.h\n'}
[106.337914] (vesc_msgs) StdoutLine: {'line': b'-- Installing: /home/nvidia/f1tenth_ws/install/vesc_msgs/include/vesc_msgs/msg/detail/vesc_state_stamped__type_support.h\n'}
[106.338629] (vesc_msgs) StdoutLine: {'line': b'-- Installing: /home/nvidia/f1tenth_ws/install/vesc_msgs/include/vesc_msgs/msg/detail/vesc_imu_stamped__struct.h\n'}
[106.339422] (vesc_msgs) StdoutLine: {'line': b'-- Installing: /home/nvidia/f1tenth_ws/install/vesc_msgs/include/vesc_msgs/msg/detail/vesc_state__type_support.h\n'}
[106.340218] (vesc_msgs) StdoutLine: {'line': b'-- Installing: /home/nvidia/f1tenth_ws/install/vesc_msgs/include/vesc_msgs/msg/detail/vesc_state_stamped__struct.h\n'}
[106.340942] (vesc_msgs) StdoutLine: {'line': b'-- Installing: /home/nvidia/f1tenth_ws/install/vesc_msgs/include/vesc_msgs/msg/detail/vesc_state_stamped__functions.c\n'}
[106.341845] (vesc_msgs) StdoutLine: {'line': b'-- Installing: /home/nvidia/f1tenth_ws/install/vesc_msgs/include/vesc_msgs/msg/detail/vesc_imu__functions.c\n'}
[106.342790] (vesc_msgs) StdoutLine: {'line': b'-- Installing: /home/nvidia/f1tenth_ws/install/vesc_msgs/include/vesc_msgs/msg/vesc_state.h\n'}
[106.343445] (vesc_msgs) StdoutLine: {'line': b'-- Installing: /home/nvidia/f1tenth_ws/install/vesc_msgs/include/vesc_msgs/msg/rosidl_generator_c__visibility_control.h\n'}
[106.344238] (vesc_msgs) StdoutLine: {'line': b'-- Installing: /home/nvidia/f1tenth_ws/install/vesc_msgs/include/vesc_msgs/msg/vesc_imu_stamped.h\n'}
[106.345856] (vesc_msgs) StdoutLine: {'line': b'-- Installing: /home/nvidia/f1tenth_ws/install/vesc_msgs/share/vesc_msgs/environment/library_path.sh\n'}
[106.346858] (vesc_msgs) StdoutLine: {'line': b'-- Installing: /home/nvidia/f1tenth_ws/install/vesc_msgs/share/vesc_msgs/environment/library_path.dsv\n'}
[106.348340] (vesc_msgs) StdoutLine: {'line': b'-- Installing: /home/nvidia/f1tenth_ws/install/vesc_msgs/lib/libvesc_msgs__rosidl_generator_c.so\n'}
[106.351971] (vesc_msgs) StdoutLine: {'line': b'-- Set runtime path of "/home/nvidia/f1tenth_ws/install/vesc_msgs/lib/libvesc_msgs__rosidl_generator_c.so" to ""\n'}
[106.352589] (vesc_msgs) StdoutLine: {'line': b'-- Up-to-date: /home/nvidia/f1tenth_ws/install/vesc_msgs/include/vesc_msgs\n'}
[106.353331] (vesc_msgs) StdoutLine: {'line': b'-- Up-to-date: /home/nvidia/f1tenth_ws/install/vesc_msgs/include/vesc_msgs/msg\n'}
[106.353835] (vesc_msgs) StdoutLine: {'line': b'-- Up-to-date: /home/nvidia/f1tenth_ws/install/vesc_msgs/include/vesc_msgs/msg/detail\n'}
[106.354312] (vesc_msgs) StdoutLine: {'line': b'-- Installing: /home/nvidia/f1tenth_ws/install/vesc_msgs/include/vesc_msgs/msg/detail/vesc_imu__rosidl_typesupport_fastrtps_c.h\n'}
[106.354913] (vesc_msgs) StdoutLine: {'line': b'-- Installing: /home/nvidia/f1tenth_ws/install/vesc_msgs/include/vesc_msgs/msg/detail/vesc_state_stamped__rosidl_typesupport_fastrtps_c.h\n'}
[106.355455] (vesc_msgs) StdoutLine: {'line': b'-- Installing: /home/nvidia/f1tenth_ws/install/vesc_msgs/include/vesc_msgs/msg/detail/vesc_imu_stamped__rosidl_typesupport_fastrtps_c.h\n'}
[106.356020] (vesc_msgs) StdoutLine: {'line': b'-- Installing: /home/nvidia/f1tenth_ws/install/vesc_msgs/include/vesc_msgs/msg/detail/vesc_state__rosidl_typesupport_fastrtps_c.h\n'}
[106.356660] (vesc_msgs) StdoutLine: {'line': b'-- Installing: /home/nvidia/f1tenth_ws/install/vesc_msgs/include/vesc_msgs/msg/rosidl_typesupport_fastrtps_c__visibility_control.h\n'}
[106.357943] (vesc_msgs) StdoutLine: {'line': b'-- Installing: /home/nvidia/f1tenth_ws/install/vesc_msgs/lib/libvesc_msgs__rosidl_typesupport_fastrtps_c.so\n'}
[106.361299] (vesc_msgs) StdoutLine: {'line': b'-- Set runtime path of "/home/nvidia/f1tenth_ws/install/vesc_msgs/lib/libvesc_msgs__rosidl_typesupport_fastrtps_c.so" to ""\n'}
[106.362052] (vesc_msgs) StdoutLine: {'line': b'-- Up-to-date: /home/nvidia/f1tenth_ws/install/vesc_msgs/include/vesc_msgs\n'}
[106.362761] (vesc_msgs) StdoutLine: {'line': b'-- Up-to-date: /home/nvidia/f1tenth_ws/install/vesc_msgs/include/vesc_msgs/msg\n'}
[106.363269] (vesc_msgs) StdoutLine: {'line': b'-- Installing: /home/nvidia/f1tenth_ws/install/vesc_msgs/include/vesc_msgs/msg/rosidl_typesupport_fastrtps_cpp__visibility_control.h\n'}
[106.363819] (vesc_msgs) StdoutLine: {'line': b'-- Up-to-date: /home/nvidia/f1tenth_ws/install/vesc_msgs/include/vesc_msgs/msg/detail\n'}
[106.364204] (vesc_msgs) StdoutLine: {'line': b'-- Installing: /home/nvidia/f1tenth_ws/install/vesc_msgs/include/vesc_msgs/msg/detail/vesc_imu__rosidl_typesupport_fastrtps_cpp.hpp\n'}
[106.364747] (vesc_msgs) StdoutLine: {'line': b'-- Installing: /home/nvidia/f1tenth_ws/install/vesc_msgs/include/vesc_msgs/msg/detail/vesc_imu_stamped__rosidl_typesupport_fastrtps_cpp.hpp\n'}
[106.365354] (vesc_msgs) StdoutLine: {'line': b'-- Installing: /home/nvidia/f1tenth_ws/install/vesc_msgs/include/vesc_msgs/msg/detail/vesc_state__rosidl_typesupport_fastrtps_cpp.hpp\n'}
[106.366039] (vesc_msgs) StdoutLine: {'line': b'-- Installing: /home/nvidia/f1tenth_ws/install/vesc_msgs/include/vesc_msgs/msg/detail/dds_fastrtps\n'}
[106.366679] (vesc_msgs) StdoutLine: {'line': b'-- Installing: /home/nvidia/f1tenth_ws/install/vesc_msgs/include/vesc_msgs/msg/detail/vesc_state_stamped__rosidl_typesupport_fastrtps_cpp.hpp\n'}
[106.367915] (vesc_msgs) StdoutLine: {'line': b'-- Installing: /home/nvidia/f1tenth_ws/install/vesc_msgs/lib/libvesc_msgs__rosidl_typesupport_fastrtps_cpp.so\n'}
[106.371487] (vesc_msgs) StdoutLine: {'line': b'-- Set runtime path of "/home/nvidia/f1tenth_ws/install/vesc_msgs/lib/libvesc_msgs__rosidl_typesupport_fastrtps_cpp.so" to ""\n'}
[106.372116] (vesc_msgs) StdoutLine: {'line': b'-- Up-to-date: /home/nvidia/f1tenth_ws/install/vesc_msgs/include/vesc_msgs\n'}
[106.372938] (vesc_msgs) StdoutLine: {'line': b'-- Up-to-date: /home/nvidia/f1tenth_ws/install/vesc_msgs/include/vesc_msgs/msg\n'}
[106.373321] (vesc_msgs) StdoutLine: {'line': b'-- Up-to-date: /home/nvidia/f1tenth_ws/install/vesc_msgs/include/vesc_msgs/msg/detail\n'}
[106.373898] (vesc_msgs) StdoutLine: {'line': b'-- Installing: /home/nvidia/f1tenth_ws/install/vesc_msgs/include/vesc_msgs/msg/detail/vesc_state__rosidl_typesupport_introspection_c.h\n'}
[106.374281] (vesc_msgs) StdoutLine: {'line': b'-- Installing: /home/nvidia/f1tenth_ws/install/vesc_msgs/include/vesc_msgs/msg/detail/vesc_imu__rosidl_typesupport_introspection_c.h\n'}
[106.374881] (vesc_msgs) StdoutLine: {'line': b'-- Installing: /home/nvidia/f1tenth_ws/install/vesc_msgs/include/vesc_msgs/msg/detail/vesc_imu_stamped__type_support.c\n'}
[106.375536] (vesc_msgs) StdoutLine: {'line': b'-- Installing: /home/nvidia/f1tenth_ws/install/vesc_msgs/include/vesc_msgs/msg/detail/vesc_state__type_support.c\n'}
[106.376540] (vesc_msgs) StdoutLine: {'line': b'-- Installing: /home/nvidia/f1tenth_ws/install/vesc_msgs/include/vesc_msgs/msg/detail/vesc_imu_stamped__rosidl_typesupport_introspection_c.h\n'}
[106.377295] (vesc_msgs) StdoutLine: {'line': b'-- Installing: /home/nvidia/f1tenth_ws/install/vesc_msgs/include/vesc_msgs/msg/detail/vesc_imu__type_support.c\n'}
[106.378177] (vesc_msgs) StdoutLine: {'line': b'-- Installing: /home/nvidia/f1tenth_ws/install/vesc_msgs/include/vesc_msgs/msg/detail/vesc_state_stamped__rosidl_typesupport_introspection_c.h\n'}
[106.378991] (vesc_msgs) StdoutLine: {'line': b'-- Installing: /home/nvidia/f1tenth_ws/install/vesc_msgs/include/vesc_msgs/msg/detail/vesc_state_stamped__type_support.c\n'}
[106.379774] (vesc_msgs) StdoutLine: {'line': b'-- Installing: /home/nvidia/f1tenth_ws/install/vesc_msgs/include/vesc_msgs/msg/rosidl_typesupport_introspection_c__visibility_control.h\n'}
[106.381164] (vesc_msgs) StdoutLine: {'line': b'-- Installing: /home/nvidia/f1tenth_ws/install/vesc_msgs/lib/libvesc_msgs__rosidl_typesupport_introspection_c.so\n'}
[106.384275] (vesc_msgs) StdoutLine: {'line': b'-- Set runtime path of "/home/nvidia/f1tenth_ws/install/vesc_msgs/lib/libvesc_msgs__rosidl_typesupport_introspection_c.so" to ""\n'}
[106.384994] (vesc_msgs) StdoutLine: {'line': b'-- Installing: /home/nvidia/f1tenth_ws/install/vesc_msgs/lib/libvesc_msgs__rosidl_typesupport_c.so\n'}
[106.387924] (vesc_msgs) StdoutLine: {'line': b'-- Set runtime path of "/home/nvidia/f1tenth_ws/install/vesc_msgs/lib/libvesc_msgs__rosidl_typesupport_c.so" to ""\n'}
[106.388537] (vesc_msgs) StdoutLine: {'line': b'-- Up-to-date: /home/nvidia/f1tenth_ws/install/vesc_msgs/include/vesc_msgs\n'}
[106.389208] (vesc_msgs) StdoutLine: {'line': b'-- Up-to-date: /home/nvidia/f1tenth_ws/install/vesc_msgs/include/vesc_msgs/msg\n'}
[106.389563] (vesc_msgs) StdoutLine: {'line': b'-- Installing: /home/nvidia/f1tenth_ws/install/vesc_msgs/include/vesc_msgs/msg/vesc_imu.hpp\n'}
[106.390280] (vesc_msgs) StdoutLine: {'line': b'-- Up-to-date: /home/nvidia/f1tenth_ws/install/vesc_msgs/include/vesc_msgs/msg/detail\n'}
[106.390716] (vesc_msgs) StdoutLine: {'line': b'-- Installing: /home/nvidia/f1tenth_ws/install/vesc_msgs/include/vesc_msgs/msg/detail/vesc_imu__struct.hpp\n'}
[106.391237] (vesc_msgs) StdoutLine: {'line': b'-- Installing: /home/nvidia/f1tenth_ws/install/vesc_msgs/include/vesc_msgs/msg/detail/vesc_imu__builder.hpp\n'}
[106.391733] (vesc_msgs) StdoutLine: {'line': b'-- Installing: /home/nvidia/f1tenth_ws/install/vesc_msgs/include/vesc_msgs/msg/detail/vesc_state_stamped__type_support.hpp\n'}
[106.392485] (vesc_msgs) StdoutLine: {'line': b'-- Installing: /home/nvidia/f1tenth_ws/install/vesc_msgs/include/vesc_msgs/msg/detail/vesc_imu__traits.hpp\n'}
[106.393287] (vesc_msgs) StdoutLine: {'line': b'-- Installing: /home/nvidia/f1tenth_ws/install/vesc_msgs/include/vesc_msgs/msg/detail/vesc_imu_stamped__traits.hpp\n'}
[106.394134] (vesc_msgs) StdoutLine: {'line': b'-- Installing: /home/nvidia/f1tenth_ws/install/vesc_msgs/include/vesc_msgs/msg/detail/vesc_state_stamped__traits.hpp\n'}
[106.394904] (vesc_msgs) StdoutLine: {'line': b'-- Installing: /home/nvidia/f1tenth_ws/install/vesc_msgs/include/vesc_msgs/msg/detail/vesc_imu_stamped__type_support.hpp\n'}
[106.395641] (vesc_msgs) StdoutLine: {'line': b'-- Installing: /home/nvidia/f1tenth_ws/install/vesc_msgs/include/vesc_msgs/msg/detail/vesc_state_stamped__builder.hpp\n'}
[106.396502] (vesc_msgs) StdoutLine: {'line': b'-- Installing: /home/nvidia/f1tenth_ws/install/vesc_msgs/include/vesc_msgs/msg/detail/vesc_imu_stamped__struct.hpp\n'}
[106.397206] (vesc_msgs) StdoutLine: {'line': b'-- Installing: /home/nvidia/f1tenth_ws/install/vesc_msgs/include/vesc_msgs/msg/detail/vesc_state_stamped__struct.hpp\n'}
[106.398160] (vesc_msgs) StdoutLine: {'line': b'-- Installing: /home/nvidia/f1tenth_ws/install/vesc_msgs/include/vesc_msgs/msg/detail/vesc_state__struct.hpp\n'}
[106.399075] (vesc_msgs) StdoutLine: {'line': b'-- Installing: /home/nvidia/f1tenth_ws/install/vesc_msgs/include/vesc_msgs/msg/detail/vesc_imu_stamped__builder.hpp\n'}
[106.399803] (vesc_msgs) StdoutLine: {'line': b'-- Installing: /home/nvidia/f1tenth_ws/install/vesc_msgs/include/vesc_msgs/msg/detail/vesc_state__type_support.hpp\n'}
[106.400615] (vesc_msgs) StdoutLine: {'line': b'-- Installing: /home/nvidia/f1tenth_ws/install/vesc_msgs/include/vesc_msgs/msg/detail/vesc_state__builder.hpp\n'}
[106.401298] (-) TimerEvent: {}
[106.402698] (vesc_msgs) StdoutLine: {'line': b'-- Installing: /home/nvidia/f1tenth_ws/install/vesc_msgs/include/vesc_msgs/msg/detail/vesc_imu__type_support.hpp\n'}
[106.403324] (vesc_msgs) StdoutLine: {'line': b'-- Installing: /home/nvidia/f1tenth_ws/install/vesc_msgs/include/vesc_msgs/msg/detail/vesc_state__traits.hpp\n'}
[106.403737] (vesc_msgs) StdoutLine: {'line': b'-- Installing: /home/nvidia/f1tenth_ws/install/vesc_msgs/include/vesc_msgs/msg/rosidl_generator_cpp__visibility_control.hpp\n'}
[106.404268] (vesc_msgs) StdoutLine: {'line': b'-- Installing: /home/nvidia/f1tenth_ws/install/vesc_msgs/include/vesc_msgs/msg/vesc_state_stamped.hpp\n'}
[106.404943] (vesc_msgs) StdoutLine: {'line': b'-- Installing: /home/nvidia/f1tenth_ws/install/vesc_msgs/include/vesc_msgs/msg/vesc_imu_stamped.hpp\n'}
[106.405662] (vesc_msgs) StdoutLine: {'line': b'-- Installing: /home/nvidia/f1tenth_ws/install/vesc_msgs/include/vesc_msgs/msg/vesc_state.hpp\n'}
[106.408581] (vesc_msgs) StdoutLine: {'line': b'-- Up-to-date: /home/nvidia/f1tenth_ws/install/vesc_msgs/include/vesc_msgs\n'}
[106.409211] (vesc_msgs) StdoutLine: {'line': b'-- Up-to-date: /home/nvidia/f1tenth_ws/install/vesc_msgs/include/vesc_msgs/msg\n'}
[106.410107] (vesc_msgs) StdoutLine: {'line': b'-- Up-to-date: /home/nvidia/f1tenth_ws/install/vesc_msgs/include/vesc_msgs/msg/detail\n'}
[106.410697] (vesc_msgs) StdoutLine: {'line': b'-- Installing: /home/nvidia/f1tenth_ws/install/vesc_msgs/include/vesc_msgs/msg/detail/vesc_imu_stamped__type_support.cpp\n'}
[106.411197] (vesc_msgs) StdoutLine: {'line': b'-- Installing: /home/nvidia/f1tenth_ws/install/vesc_msgs/include/vesc_msgs/msg/detail/vesc_state__rosidl_typesupport_introspection_cpp.hpp\n'}
[106.412063] (vesc_msgs) StdoutLine: {'line': b'-- Installing: /home/nvidia/f1tenth_ws/install/vesc_msgs/include/vesc_msgs/msg/detail/vesc_imu_stamped__rosidl_typesupport_introspection_cpp.hpp\n'}
[106.413074] (vesc_msgs) StdoutLine: {'line': b'-- Installing: /home/nvidia/f1tenth_ws/install/vesc_msgs/include/vesc_msgs/msg/detail/vesc_state__type_support.cpp\n'}
[106.413967] (vesc_msgs) StdoutLine: {'line': b'-- Installing: /home/nvidia/f1tenth_ws/install/vesc_msgs/include/vesc_msgs/msg/detail/vesc_imu__rosidl_typesupport_introspection_cpp.hpp\n'}
[106.414847] (vesc_msgs) StdoutLine: {'line': b'-- Installing: /home/nvidia/f1tenth_ws/install/vesc_msgs/include/vesc_msgs/msg/detail/vesc_state_stamped__type_support.cpp\n'}
[106.415734] (vesc_msgs) StdoutLine: {'line': b'-- Installing: /home/nvidia/f1tenth_ws/install/vesc_msgs/include/vesc_msgs/msg/detail/vesc_state_stamped__rosidl_typesupport_introspection_cpp.hpp\n'}
[106.416582] (vesc_msgs) StdoutLine: {'line': b'-- Installing: /home/nvidia/f1tenth_ws/install/vesc_msgs/include/vesc_msgs/msg/detail/vesc_imu__type_support.cpp\n'}
[106.418264] (vesc_msgs) StdoutLine: {'line': b'-- Installing: /home/nvidia/f1tenth_ws/install/vesc_msgs/lib/libvesc_msgs__rosidl_typesupport_introspection_cpp.so\n'}
[106.421874] (vesc_msgs) StdoutLine: {'line': b'-- Set runtime path of "/home/nvidia/f1tenth_ws/install/vesc_msgs/lib/libvesc_msgs__rosidl_typesupport_introspection_cpp.so" to ""\n'}
[106.422729] (vesc_msgs) StdoutLine: {'line': b'-- Installing: /home/nvidia/f1tenth_ws/install/vesc_msgs/lib/libvesc_msgs__rosidl_typesupport_cpp.so\n'}
[106.425776] (vesc_msgs) StdoutLine: {'line': b'-- Set runtime path of "/home/nvidia/f1tenth_ws/install/vesc_msgs/lib/libvesc_msgs__rosidl_typesupport_cpp.so" to ""\n'}
[106.426499] (vesc_msgs) StdoutLine: {'line': b'-- Installing: /home/nvidia/f1tenth_ws/install/vesc_msgs/share/vesc_msgs/environment/pythonpath.sh\n'}
[106.427638] (vesc_msgs) StdoutLine: {'line': b'-- Installing: /home/nvidia/f1tenth_ws/install/vesc_msgs/share/vesc_msgs/environment/pythonpath.dsv\n'}
[106.429296] (vesc_msgs) StdoutLine: {'line': b'-- Installing: /home/nvidia/f1tenth_ws/install/vesc_msgs/lib/python3.8/site-packages/vesc_msgs/__init__.py\n'}
[106.501598] (-) TimerEvent: {}
[106.602761] (-) TimerEvent: {}
[106.612087] (vesc_msgs) StdoutLine: {'line': b"Compiling '/home/nvidia/f1tenth_ws/install/vesc_msgs/lib/python3.8/site-packages/vesc_msgs/__init__.py'...\n"}
[106.630779] (vesc_msgs) StdoutLine: {'line': b'-- Installing: /home/nvidia/f1tenth_ws/install/vesc_msgs/lib/python3.8/site-packages/vesc_msgs/msg\n'}
[106.631880] (vesc_msgs) StdoutLine: {'line': b'-- Installing: /home/nvidia/f1tenth_ws/install/vesc_msgs/lib/python3.8/site-packages/vesc_msgs/msg/_vesc_state_stamped.py\n'}
[106.632662] (vesc_msgs) StdoutLine: {'line': b'-- Installing: /home/nvidia/f1tenth_ws/install/vesc_msgs/lib/python3.8/site-packages/vesc_msgs/msg/_vesc_state_s.c\n'}
[106.633367] (vesc_msgs) StdoutLine: {'line': b'-- Installing: /home/nvidia/f1tenth_ws/install/vesc_msgs/lib/python3.8/site-packages/vesc_msgs/msg/__init__.py\n'}
[106.634116] (vesc_msgs) StdoutLine: {'line': b'-- Installing: /home/nvidia/f1tenth_ws/install/vesc_msgs/lib/python3.8/site-packages/vesc_msgs/msg/_vesc_state_stamped_s.c\n'}
[106.635022] (vesc_msgs) StdoutLine: {'line': b'-- Installing: /home/nvidia/f1tenth_ws/install/vesc_msgs/lib/python3.8/site-packages/vesc_msgs/msg/_vesc_imu.py\n'}
[106.635823] (vesc_msgs) StdoutLine: {'line': b'-- Installing: /home/nvidia/f1tenth_ws/install/vesc_msgs/lib/python3.8/site-packages/vesc_msgs/msg/_vesc_imu_stamped.py\n'}
[106.636574] (vesc_msgs) StdoutLine: {'line': b'-- Installing: /home/nvidia/f1tenth_ws/install/vesc_msgs/lib/python3.8/site-packages/vesc_msgs/msg/_vesc_state.py\n'}
[106.637551] (vesc_msgs) StdoutLine: {'line': b'-- Installing: /home/nvidia/f1tenth_ws/install/vesc_msgs/lib/python3.8/site-packages/vesc_msgs/msg/_vesc_imu_stamped_s.c\n'}
[106.638426] (vesc_msgs) StdoutLine: {'line': b'-- Installing: /home/nvidia/f1tenth_ws/install/vesc_msgs/lib/python3.8/site-packages/vesc_msgs/msg/_vesc_imu_s.c\n'}
[106.640054] (vesc_msgs) StdoutLine: {'line': b'-- Installing: /home/nvidia/f1tenth_ws/install/vesc_msgs/lib/python3.8/site-packages/vesc_msgs/vesc_msgs_s__rosidl_typesupport_fastrtps_c.cpython-38-aarch64-linux-gnu.so\n'}
[106.643535] (vesc_msgs) StdoutLine: {'line': b'-- Set runtime path of "/home/nvidia/f1tenth_ws/install/vesc_msgs/lib/python3.8/site-packages/vesc_msgs/vesc_msgs_s__rosidl_typesupport_fastrtps_c.cpython-38-aarch64-linux-gnu.so" to ""\n'}
[106.644453] (vesc_msgs) StdoutLine: {'line': b'-- Installing: /home/nvidia/f1tenth_ws/install/vesc_msgs/lib/python3.8/site-packages/vesc_msgs/vesc_msgs_s__rosidl_typesupport_introspection_c.cpython-38-aarch64-linux-gnu.so\n'}
[106.647817] (vesc_msgs) StdoutLine: {'line': b'-- Set runtime path of "/home/nvidia/f1tenth_ws/install/vesc_msgs/lib/python3.8/site-packages/vesc_msgs/vesc_msgs_s__rosidl_typesupport_introspection_c.cpython-38-aarch64-linux-gnu.so" to ""\n'}
[106.648710] (vesc_msgs) StdoutLine: {'line': b'-- Installing: /home/nvidia/f1tenth_ws/install/vesc_msgs/lib/python3.8/site-packages/vesc_msgs/vesc_msgs_s__rosidl_typesupport_c.cpython-38-aarch64-linux-gnu.so\n'}
[106.651988] (vesc_msgs) StdoutLine: {'line': b'-- Set runtime path of "/home/nvidia/f1tenth_ws/install/vesc_msgs/lib/python3.8/site-packages/vesc_msgs/vesc_msgs_s__rosidl_typesupport_c.cpython-38-aarch64-linux-gnu.so" to ""\n'}
[106.652624] (vesc_msgs) StdoutLine: {'line': b'-- Installing: /home/nvidia/f1tenth_ws/install/vesc_msgs/lib/libvesc_msgs__python.so\n'}
[106.656012] (vesc_msgs) StdoutLine: {'line': b'-- Set runtime path of "/home/nvidia/f1tenth_ws/install/vesc_msgs/lib/libvesc_msgs__python.so" to ""\n'}
[106.656824] (vesc_msgs) StdoutLine: {'line': b'-- Installing: /home/nvidia/f1tenth_ws/install/vesc_msgs/share/vesc_msgs/msg/VescState.idl\n'}
[106.657877] (vesc_msgs) StdoutLine: {'line': b'-- Installing: /home/nvidia/f1tenth_ws/install/vesc_msgs/share/vesc_msgs/msg/VescStateStamped.idl\n'}
[106.658898] (vesc_msgs) StdoutLine: {'line': b'-- Installing: /home/nvidia/f1tenth_ws/install/vesc_msgs/share/vesc_msgs/msg/VescImu.idl\n'}
[106.659879] (vesc_msgs) StdoutLine: {'line': b'-- Installing: /home/nvidia/f1tenth_ws/install/vesc_msgs/share/vesc_msgs/msg/VescImuStamped.idl\n'}
[106.660886] (vesc_msgs) StdoutLine: {'line': b'-- Installing: /home/nvidia/f1tenth_ws/install/vesc_msgs/share/vesc_msgs/msg/VescState.msg\n'}
[106.661840] (vesc_msgs) StdoutLine: {'line': b'-- Installing: /home/nvidia/f1tenth_ws/install/vesc_msgs/share/vesc_msgs/msg/VescStateStamped.msg\n'}
[106.662806] (vesc_msgs) StdoutLine: {'line': b'-- Installing: /home/nvidia/f1tenth_ws/install/vesc_msgs/share/vesc_msgs/msg/VescImu.msg\n'}
[106.663761] (vesc_msgs) StdoutLine: {'line': b'-- Installing: /home/nvidia/f1tenth_ws/install/vesc_msgs/share/vesc_msgs/msg/VescImuStamped.msg\n'}
[106.665012] (vesc_msgs) StdoutLine: {'line': b'-- Installing: /home/nvidia/f1tenth_ws/install/vesc_msgs/share/ament_index/resource_index/package_run_dependencies/vesc_msgs\n'}
[106.666310] (vesc_msgs) StdoutLine: {'line': b'-- Installing: /home/nvidia/f1tenth_ws/install/vesc_msgs/share/ament_index/resource_index/parent_prefix_path/vesc_msgs\n'}
[106.667291] (vesc_msgs) StdoutLine: {'line': b'-- Installing: /home/nvidia/f1tenth_ws/install/vesc_msgs/share/vesc_msgs/environment/ament_prefix_path.sh\n'}
[106.668218] (vesc_msgs) StdoutLine: {'line': b'-- Installing: /home/nvidia/f1tenth_ws/install/vesc_msgs/share/vesc_msgs/environment/ament_prefix_path.dsv\n'}
[106.669198] (vesc_msgs) StdoutLine: {'line': b'-- Installing: /home/nvidia/f1tenth_ws/install/vesc_msgs/share/vesc_msgs/environment/path.sh\n'}
[106.670135] (vesc_msgs) StdoutLine: {'line': b'-- Installing: /home/nvidia/f1tenth_ws/install/vesc_msgs/share/vesc_msgs/environment/path.dsv\n'}
[106.671122] (vesc_msgs) StdoutLine: {'line': b'-- Installing: /home/nvidia/f1tenth_ws/install/vesc_msgs/share/vesc_msgs/local_setup.bash\n'}
[106.672113] (vesc_msgs) StdoutLine: {'line': b'-- Installing: /home/nvidia/f1tenth_ws/install/vesc_msgs/share/vesc_msgs/local_setup.sh\n'}
[106.673010] (vesc_msgs) StdoutLine: {'line': b'-- Installing: /home/nvidia/f1tenth_ws/install/vesc_msgs/share/vesc_msgs/local_setup.zsh\n'}
[106.673973] (vesc_msgs) StdoutLine: {'line': b'-- Installing: /home/nvidia/f1tenth_ws/install/vesc_msgs/share/vesc_msgs/local_setup.dsv\n'}
[106.674926] (vesc_msgs) StdoutLine: {'line': b'-- Installing: /home/nvidia/f1tenth_ws/install/vesc_msgs/share/vesc_msgs/package.dsv\n'}
[106.676102] (vesc_msgs) StdoutLine: {'line': b'-- Installing: /home/nvidia/f1tenth_ws/install/vesc_msgs/share/ament_index/resource_index/packages/vesc_msgs\n'}
[106.677459] (vesc_msgs) StdoutLine: {'line': b'-- Installing: /home/nvidia/f1tenth_ws/install/vesc_msgs/share/vesc_msgs/cmake/vesc_msgs__rosidl_generator_cExport.cmake\n'}
[106.678549] (vesc_msgs) StdoutLine: {'line': b'-- Installing: /home/nvidia/f1tenth_ws/install/vesc_msgs/share/vesc_msgs/cmake/vesc_msgs__rosidl_generator_cExport-noconfig.cmake\n'}
[106.679783] (vesc_msgs) StdoutLine: {'line': b'-- Installing: /home/nvidia/f1tenth_ws/install/vesc_msgs/share/vesc_msgs/cmake/vesc_msgs__rosidl_typesupport_introspection_cExport.cmake\n'}
[106.680791] (vesc_msgs) StdoutLine: {'line': b'-- Installing: /home/nvidia/f1tenth_ws/install/vesc_msgs/share/vesc_msgs/cmake/vesc_msgs__rosidl_typesupport_introspection_cExport-noconfig.cmake\n'}
[106.682059] (vesc_msgs) StdoutLine: {'line': b'-- Installing: /home/nvidia/f1tenth_ws/install/vesc_msgs/share/vesc_msgs/cmake/vesc_msgs__rosidl_typesupport_cExport.cmake\n'}
[106.683130] (vesc_msgs) StdoutLine: {'line': b'-- Installing: /home/nvidia/f1tenth_ws/install/vesc_msgs/share/vesc_msgs/cmake/vesc_msgs__rosidl_typesupport_cExport-noconfig.cmake\n'}
[106.684184] (vesc_msgs) StdoutLine: {'line': b'-- Installing: /home/nvidia/f1tenth_ws/install/vesc_msgs/share/vesc_msgs/cmake/vesc_msgs__rosidl_generator_cppExport.cmake\n'}
[106.685400] (vesc_msgs) StdoutLine: {'line': b'-- Installing: /home/nvidia/f1tenth_ws/install/vesc_msgs/share/vesc_msgs/cmake/vesc_msgs__rosidl_typesupport_introspection_cppExport.cmake\n'}
[106.686551] (vesc_msgs) StdoutLine: {'line': b'-- Installing: /home/nvidia/f1tenth_ws/install/vesc_msgs/share/vesc_msgs/cmake/vesc_msgs__rosidl_typesupport_introspection_cppExport-noconfig.cmake\n'}
[106.687712] (vesc_msgs) StdoutLine: {'line': b'-- Installing: /home/nvidia/f1tenth_ws/install/vesc_msgs/share/vesc_msgs/cmake/vesc_msgs__rosidl_typesupport_cppExport.cmake\n'}
[106.688774] (vesc_msgs) StdoutLine: {'line': b'-- Installing: /home/nvidia/f1tenth_ws/install/vesc_msgs/share/vesc_msgs/cmake/vesc_msgs__rosidl_typesupport_cppExport-noconfig.cmake\n'}
[106.689730] (vesc_msgs) StdoutLine: {'line': b'-- Installing: /home/nvidia/f1tenth_ws/install/vesc_msgs/share/vesc_msgs/cmake/rosidl_cmake-extras.cmake\n'}
[106.690678] (vesc_msgs) StdoutLine: {'line': b'-- Installing: /home/nvidia/f1tenth_ws/install/vesc_msgs/share/vesc_msgs/cmake/ament_cmake_export_dependencies-extras.cmake\n'}
[106.691645] (vesc_msgs) StdoutLine: {'line': b'-- Installing: /home/nvidia/f1tenth_ws/install/vesc_msgs/share/vesc_msgs/cmake/ament_cmake_export_libraries-extras.cmake\n'}
[106.692636] (vesc_msgs) StdoutLine: {'line': b'-- Installing: /home/nvidia/f1tenth_ws/install/vesc_msgs/share/vesc_msgs/cmake/ament_cmake_export_targets-extras.cmake\n'}
[106.693794] (vesc_msgs) StdoutLine: {'line': b'-- Installing: /home/nvidia/f1tenth_ws/install/vesc_msgs/share/vesc_msgs/cmake/ament_cmake_export_include_directories-extras.cmake\n'}
[106.694620] (vesc_msgs) StdoutLine: {'line': b'-- Installing: /home/nvidia/f1tenth_ws/install/vesc_msgs/share/vesc_msgs/cmake/rosidl_cmake_export_typesupport_libraries-extras.cmake\n'}
[106.695511] (vesc_msgs) StdoutLine: {'line': b'-- Installing: /home/nvidia/f1tenth_ws/install/vesc_msgs/share/vesc_msgs/cmake/rosidl_cmake_export_typesupport_targets-extras.cmake\n'}
[106.696536] (vesc_msgs) StdoutLine: {'line': b'-- Installing: /home/nvidia/f1tenth_ws/install/vesc_msgs/share/vesc_msgs/cmake/vesc_msgsConfig.cmake\n'}
[106.697262] (vesc_msgs) StdoutLine: {'line': b'-- Installing: /home/nvidia/f1tenth_ws/install/vesc_msgs/share/vesc_msgs/cmake/vesc_msgsConfig-version.cmake\n'}
[106.698349] (vesc_msgs) StdoutLine: {'line': b'-- Installing: /home/nvidia/f1tenth_ws/install/vesc_msgs/share/vesc_msgs/package.xml\n'}
[106.702935] (-) TimerEvent: {}
[106.711311] (vesc_msgs) CommandEnded: {'returncode': 0}
[106.803716] (-) TimerEvent: {}
[106.905820] (-) TimerEvent: {}
[107.007652] (-) TimerEvent: {}
[107.109316] (-) TimerEvent: {}
[107.210974] (-) TimerEvent: {}
[107.312102] (-) TimerEvent: {}
[107.413235] (-) TimerEvent: {}
[107.514258] (-) TimerEvent: {}
[107.534171] (vesc_msgs) JobEnded: {'identifier': 'vesc_msgs', 'rc': 0}
[107.547228] (vesc_ackermann) JobStarted: {'identifier': 'vesc_ackermann'}
[107.576899] (vesc_driver) JobStarted: {'identifier': 'vesc_driver'}
[107.618157] (-) TimerEvent: {}
[107.636560] (vesc_ackermann) JobProgress: {'identifier': 'vesc_ackermann', 'progress': 'cmake'}
[107.638050] (vesc_ackermann) Command: {'cmd': ['/usr/bin/cmake', '/home/nvidia/f1tenth_ws/src/f1tenth_system/vesc/vesc_ackermann', '-DCMAKE_INSTALL_PREFIX=/home/nvidia/f1tenth_ws/install/vesc_ackermann'], 'cwd': '/home/nvidia/f1tenth_ws/build/vesc_ackermann', 'env': OrderedDict([('LESSOPEN', '| /usr/bin/lesspipe %s'), ('USER', 'nvidia'), ('SSH_CLIENT', '192.168.1.108 51828 22'), ('XDG_SESSION_TYPE', 'tty'), ('SHLVL', '1'), ('LD_LIBRARY_PATH', '/home/nvidia/f1tenth_ws/install/vesc_msgs/lib://home/nvidia/f1tenth_ws/install/vesc_driver/lib://home/nvidia/f1tenth_ws/install/vesc_ackermann/lib://home/nvidia/f1tenth_ws/install/vesc_msgs/lib://home/nvidia/f1tenth_ws/install/teleop_tools_msgs/lib:/usr/lib/aarch64-linux-gnu/gazebo-11/plugins:/opt/ros/foxy/opt/yaml_cpp_vendor/lib:/opt/ros/foxy/opt/rviz_ogre_vendor/lib:/opt/ros/foxy/lib/aarch64-linux-gnu:/opt/ros/foxy/lib:/usr/local/cuda-11.4/lib64'), ('MOTD_SHOWN', 'pam'), ('HOME', '/home/nvidia'), ('OLDPWD', '/home/nvidia'), ('SSH_TTY', '/dev/pts/0'), ('ROS_PYTHON_VERSION', '3'), ('DBUS_SESSION_BUS_ADDRESS', 'unix:path=/run/user/1000/bus'), ('COLCON_PREFIX_PATH', '//home/nvidia/f1tenth_ws/install'), ('ROS_DISTRO', 'foxy'), ('LOGNAME', 'nvidia'), ('_', '/usr/bin/colcon'), ('ROS_VERSION', '2'), ('XDG_SESSION_CLASS', 'user'), ('TERM', 'xterm-256color'), ('XDG_SESSION_ID', '8'), ('GAZEBO_MODEL_PATH', ':/opt/ros/foxy/share/turtlebot3_gazebo/models'), ('ROS_LOCALHOST_ONLY', '0'), ('PATH', '/home/nvidia/.local/bin:/opt/ros/foxy/bin:/usr/local/cuda-11.4/bin:/usr/local/sbin:/usr/local/bin:/usr/sbin:/usr/bin:/sbin:/bin:/usr/games:/usr/local/games:/snap/bin'), ('XDG_RUNTIME_DIR', '/run/user/1000'), ('LANG', 'en_US.UTF-8'), ('LS_COLORS', 'rs=0:di=01;34:ln=01;36:mh=00:pi=40;33:so=01;35:do=01;35:bd=40;33;01:cd=40;33;01:or=40;31;01:mi=00:su=37;41:sg=30;43:ca=30;41:tw=30;42:ow=34;42:st=37;44:ex=01;32:*.tar=01;31:*.tgz=01;31:*.arc=01;31:*.arj=01;31:*.taz=01;31:*.lha=01;31:*.lz4=01;31:*.lzh=01;31:*.lzma=01;31:*.tlz=01;31:*.txz=01;31:*.tzo=01;31:*.t7z=01;31:*.zip=01;31:*.z=01;31:*.dz=01;31:*.gz=01;31:*.lrz=01;31:*.lz=01;31:*.lzo=01;31:*.xz=01;31:*.zst=01;31:*.tzst=01;31:*.bz2=01;31:*.bz=01;31:*.tbz=01;31:*.tbz2=01;31:*.tz=01;31:*.deb=01;31:*.rpm=01;31:*.jar=01;31:*.war=01;31:*.ear=01;31:*.sar=01;31:*.rar=01;31:*.alz=01;31:*.ace=01;31:*.zoo=01;31:*.cpio=01;31:*.7z=01;31:*.rz=01;31:*.cab=01;31:*.wim=01;31:*.swm=01;31:*.dwm=01;31:*.esd=01;31:*.jpg=01;35:*.jpeg=01;35:*.mjpg=01;35:*.mjpeg=01;35:*.gif=01;35:*.bmp=01;35:*.pbm=01;35:*.pgm=01;35:*.ppm=01;35:*.tga=01;35:*.xbm=01;35:*.xpm=01;35:*.tif=01;35:*.tiff=01;35:*.png=01;35:*.svg=01;35:*.svgz=01;35:*.mng=01;35:*.pcx=01;35:*.mov=01;35:*.mpg=01;35:*.mpeg=01;35:*.m2v=01;35:*.mkv=01;35:*.webm=01;35:*.ogm=01;35:*.mp4=01;35:*.m4v=01;35:*.mp4v=01;35:*.vob=01;35:*.qt=01;35:*.nuv=01;35:*.wmv=01;35:*.asf=01;35:*.rm=01;35:*.rmvb=01;35:*.flc=01;35:*.avi=01;35:*.fli=01;35:*.flv=01;35:*.gl=01;35:*.dl=01;35:*.xcf=01;35:*.xwd=01;35:*.yuv=01;35:*.cgm=01;35:*.emf=01;35:*.ogv=01;35:*.ogx=01;35:*.aac=00;36:*.au=00;36:*.flac=00;36:*.m4a=00;36:*.mid=00;36:*.midi=00;36:*.mka=00;36:*.mp3=00;36:*.mpc=00;36:*.ogg=00;36:*.ra=00;36:*.wav=00;36:*.oga=00;36:*.opus=00;36:*.spx=00;36:*.xspf=00;36:'), ('ROS_DOMAIN_ID', '10'), ('AMENT_PREFIX_PATH', '/home/nvidia/f1tenth_ws/install/vesc_msgs://home/nvidia/f1tenth_ws/install/f1tenth_stack://home/nvidia/f1tenth_ws/install/vesc://home/nvidia/f1tenth_ws/install/vesc_driver://home/nvidia/f1tenth_ws/install/vesc_ackermann://home/nvidia/f1tenth_ws/install/vesc_msgs://home/nvidia/f1tenth_ws/install/teleop_tools://home/nvidia/f1tenth_ws/install/joy_teleop://home/nvidia/f1tenth_ws/install/teleop_tools_msgs://home/nvidia/f1tenth_ws/install/pure_pursuit://home/nvidia/f1tenth_ws/install/phasespace://home/nvidia/f1tenth_ws/install/new_map_saver://home/nvidia/f1tenth_ws/install/mouse_teleop://home/nvidia/f1tenth_ws/install/mapping://home/nvidia/f1tenth_ws/install/key_teleop://home/nvidia/f1tenth_ws/install/f1tenth_controllers://home/nvidia/f1tenth_ws/install/ackermann_mux:/opt/ros/foxy'), ('SHELL', '/bin/bash'), ('LESSCLOSE', '/usr/bin/lesspipe %s %s'), ('PWD', '/home/nvidia/f1tenth_ws/build/vesc_ackermann'), ('TURTLEBOT3_MODEL', 'waffle'), ('LC_ALL', 'en_US.UTF-8'), ('SSH_CONNECTION', '192.168.1.108 51828 192.168.1.202 22'), ('XDG_DATA_DIRS', '/usr/local/share:/usr/share:/var/lib/snapd/desktop'), ('PYTHONPATH', '/home/nvidia/f1tenth_ws/install/vesc_msgs/lib/python3.8/site-packages://home/nvidia/f1tenth_ws/install/f1tenth_stack/lib/python3.8/site-packages://home/nvidia/f1tenth_ws/install/vesc_msgs/lib/python3.8/site-packages://home/nvidia/f1tenth_ws/install/joy_teleop/lib/python3.8/site-packages://home/nvidia/f1tenth_ws/install/teleop_tools_msgs/lib/python3.8/site-packages://home/nvidia/f1tenth_ws/install/phasespace/lib/python3.8/site-packages://home/nvidia/f1tenth_ws/install/new_map_saver/lib/python3.8/site-packages://home/nvidia/f1tenth_ws/install/mouse_teleop/lib/python3.8/site-packages://home/nvidia/f1tenth_ws/install/mapping/lib/python3.8/site-packages://home/nvidia/f1tenth_ws/install/key_teleop/lib/python3.8/site-packages://home/nvidia/f1tenth_ws/install/f1tenth_controllers/lib/python3.8/site-packages:/opt/ros/foxy/lib/python3.8/site-packages'), ('COLCON', '1'), ('CMAKE_PREFIX_PATH', '/home/nvidia/f1tenth_ws/install/vesc_msgs://home/nvidia/f1tenth_ws/install/vesc://home/nvidia/f1tenth_ws/install/vesc_driver://home/nvidia/f1tenth_ws/install/vesc_ackermann://home/nvidia/f1tenth_ws/install/vesc_msgs://home/nvidia/f1tenth_ws/install/teleop_tools://home/nvidia/f1tenth_ws/install/teleop_tools_msgs://home/nvidia/f1tenth_ws/install/pure_pursuit://home/nvidia/f1tenth_ws/install/ackermann_mux://home/nvidia/f1tenth_ws/install/f1tenth_stack://home/nvidia/f1tenth_ws/install/joy_teleop://home/nvidia/f1tenth_ws/install/phasespace://home/nvidia/f1tenth_ws/install/new_map_saver://home/nvidia/f1tenth_ws/install/mouse_teleop://home/nvidia/f1tenth_ws/install/mapping://home/nvidia/f1tenth_ws/install/key_teleop://home/nvidia/f1tenth_ws/install/f1tenth_controllers:/opt/ros/foxy')]), 'shell': False}
[107.680837] (vesc_driver) JobProgress: {'identifier': 'vesc_driver', 'progress': 'cmake'}
[107.682461] (vesc_driver) Command: {'cmd': ['/usr/bin/cmake', '/home/nvidia/f1tenth_ws/src/f1tenth_system/vesc/vesc_driver', '-DCMAKE_INSTALL_PREFIX=/home/nvidia/f1tenth_ws/install/vesc_driver'], 'cwd': '/home/nvidia/f1tenth_ws/build/vesc_driver', 'env': OrderedDict([('LESSOPEN', '| /usr/bin/lesspipe %s'), ('USER', 'nvidia'), ('SSH_CLIENT', '192.168.1.108 51828 22'), ('XDG_SESSION_TYPE', 'tty'), ('SHLVL', '1'), ('LD_LIBRARY_PATH', '/home/nvidia/f1tenth_ws/install/vesc_msgs/lib://home/nvidia/f1tenth_ws/install/vesc_driver/lib://home/nvidia/f1tenth_ws/install/vesc_ackermann/lib://home/nvidia/f1tenth_ws/install/vesc_msgs/lib://home/nvidia/f1tenth_ws/install/teleop_tools_msgs/lib:/usr/lib/aarch64-linux-gnu/gazebo-11/plugins:/opt/ros/foxy/opt/yaml_cpp_vendor/lib:/opt/ros/foxy/opt/rviz_ogre_vendor/lib:/opt/ros/foxy/lib/aarch64-linux-gnu:/opt/ros/foxy/lib:/usr/local/cuda-11.4/lib64'), ('MOTD_SHOWN', 'pam'), ('HOME', '/home/nvidia'), ('OLDPWD', '/home/nvidia'), ('SSH_TTY', '/dev/pts/0'), ('ROS_PYTHON_VERSION', '3'), ('DBUS_SESSION_BUS_ADDRESS', 'unix:path=/run/user/1000/bus'), ('COLCON_PREFIX_PATH', '//home/nvidia/f1tenth_ws/install'), ('ROS_DISTRO', 'foxy'), ('LOGNAME', 'nvidia'), ('_', '/usr/bin/colcon'), ('ROS_VERSION', '2'), ('XDG_SESSION_CLASS', 'user'), ('TERM', 'xterm-256color'), ('XDG_SESSION_ID', '8'), ('GAZEBO_MODEL_PATH', ':/opt/ros/foxy/share/turtlebot3_gazebo/models'), ('ROS_LOCALHOST_ONLY', '0'), ('PATH', '/home/nvidia/.local/bin:/opt/ros/foxy/bin:/usr/local/cuda-11.4/bin:/usr/local/sbin:/usr/local/bin:/usr/sbin:/usr/bin:/sbin:/bin:/usr/games:/usr/local/games:/snap/bin'), ('XDG_RUNTIME_DIR', '/run/user/1000'), ('LANG', 'en_US.UTF-8'), ('LS_COLORS', 'rs=0:di=01;34:ln=01;36:mh=00:pi=40;33:so=01;35:do=01;35:bd=40;33;01:cd=40;33;01:or=40;31;01:mi=00:su=37;41:sg=30;43:ca=30;41:tw=30;42:ow=34;42:st=37;44:ex=01;32:*.tar=01;31:*.tgz=01;31:*.arc=01;31:*.arj=01;31:*.taz=01;31:*.lha=01;31:*.lz4=01;31:*.lzh=01;31:*.lzma=01;31:*.tlz=01;31:*.txz=01;31:*.tzo=01;31:*.t7z=01;31:*.zip=01;31:*.z=01;31:*.dz=01;31:*.gz=01;31:*.lrz=01;31:*.lz=01;31:*.lzo=01;31:*.xz=01;31:*.zst=01;31:*.tzst=01;31:*.bz2=01;31:*.bz=01;31:*.tbz=01;31:*.tbz2=01;31:*.tz=01;31:*.deb=01;31:*.rpm=01;31:*.jar=01;31:*.war=01;31:*.ear=01;31:*.sar=01;31:*.rar=01;31:*.alz=01;31:*.ace=01;31:*.zoo=01;31:*.cpio=01;31:*.7z=01;31:*.rz=01;31:*.cab=01;31:*.wim=01;31:*.swm=01;31:*.dwm=01;31:*.esd=01;31:*.jpg=01;35:*.jpeg=01;35:*.mjpg=01;35:*.mjpeg=01;35:*.gif=01;35:*.bmp=01;35:*.pbm=01;35:*.pgm=01;35:*.ppm=01;35:*.tga=01;35:*.xbm=01;35:*.xpm=01;35:*.tif=01;35:*.tiff=01;35:*.png=01;35:*.svg=01;35:*.svgz=01;35:*.mng=01;35:*.pcx=01;35:*.mov=01;35:*.mpg=01;35:*.mpeg=01;35:*.m2v=01;35:*.mkv=01;35:*.webm=01;35:*.ogm=01;35:*.mp4=01;35:*.m4v=01;35:*.mp4v=01;35:*.vob=01;35:*.qt=01;35:*.nuv=01;35:*.wmv=01;35:*.asf=01;35:*.rm=01;35:*.rmvb=01;35:*.flc=01;35:*.avi=01;35:*.fli=01;35:*.flv=01;35:*.gl=01;35:*.dl=01;35:*.xcf=01;35:*.xwd=01;35:*.yuv=01;35:*.cgm=01;35:*.emf=01;35:*.ogv=01;35:*.ogx=01;35:*.aac=00;36:*.au=00;36:*.flac=00;36:*.m4a=00;36:*.mid=00;36:*.midi=00;36:*.mka=00;36:*.mp3=00;36:*.mpc=00;36:*.ogg=00;36:*.ra=00;36:*.wav=00;36:*.oga=00;36:*.opus=00;36:*.spx=00;36:*.xspf=00;36:'), ('ROS_DOMAIN_ID', '10'), ('AMENT_PREFIX_PATH', '/home/nvidia/f1tenth_ws/install/vesc_msgs://home/nvidia/f1tenth_ws/install/f1tenth_stack://home/nvidia/f1tenth_ws/install/vesc://home/nvidia/f1tenth_ws/install/vesc_driver://home/nvidia/f1tenth_ws/install/vesc_ackermann://home/nvidia/f1tenth_ws/install/vesc_msgs://home/nvidia/f1tenth_ws/install/teleop_tools://home/nvidia/f1tenth_ws/install/joy_teleop://home/nvidia/f1tenth_ws/install/teleop_tools_msgs://home/nvidia/f1tenth_ws/install/pure_pursuit://home/nvidia/f1tenth_ws/install/phasespace://home/nvidia/f1tenth_ws/install/new_map_saver://home/nvidia/f1tenth_ws/install/mouse_teleop://home/nvidia/f1tenth_ws/install/mapping://home/nvidia/f1tenth_ws/install/key_teleop://home/nvidia/f1tenth_ws/install/f1tenth_controllers://home/nvidia/f1tenth_ws/install/ackermann_mux:/opt/ros/foxy'), ('SHELL', '/bin/bash'), ('LESSCLOSE', '/usr/bin/lesspipe %s %s'), ('PWD', '/home/nvidia/f1tenth_ws/build/vesc_driver'), ('TURTLEBOT3_MODEL', 'waffle'), ('LC_ALL', 'en_US.UTF-8'), ('SSH_CONNECTION', '192.168.1.108 51828 192.168.1.202 22'), ('XDG_DATA_DIRS', '/usr/local/share:/usr/share:/var/lib/snapd/desktop'), ('PYTHONPATH', '/home/nvidia/f1tenth_ws/install/vesc_msgs/lib/python3.8/site-packages://home/nvidia/f1tenth_ws/install/f1tenth_stack/lib/python3.8/site-packages://home/nvidia/f1tenth_ws/install/vesc_msgs/lib/python3.8/site-packages://home/nvidia/f1tenth_ws/install/joy_teleop/lib/python3.8/site-packages://home/nvidia/f1tenth_ws/install/teleop_tools_msgs/lib/python3.8/site-packages://home/nvidia/f1tenth_ws/install/phasespace/lib/python3.8/site-packages://home/nvidia/f1tenth_ws/install/new_map_saver/lib/python3.8/site-packages://home/nvidia/f1tenth_ws/install/mouse_teleop/lib/python3.8/site-packages://home/nvidia/f1tenth_ws/install/mapping/lib/python3.8/site-packages://home/nvidia/f1tenth_ws/install/key_teleop/lib/python3.8/site-packages://home/nvidia/f1tenth_ws/install/f1tenth_controllers/lib/python3.8/site-packages:/opt/ros/foxy/lib/python3.8/site-packages'), ('COLCON', '1'), ('CMAKE_PREFIX_PATH', '/home/nvidia/f1tenth_ws/install/vesc_msgs://home/nvidia/f1tenth_ws/install/vesc://home/nvidia/f1tenth_ws/install/vesc_driver://home/nvidia/f1tenth_ws/install/vesc_ackermann://home/nvidia/f1tenth_ws/install/vesc_msgs://home/nvidia/f1tenth_ws/install/teleop_tools://home/nvidia/f1tenth_ws/install/teleop_tools_msgs://home/nvidia/f1tenth_ws/install/pure_pursuit://home/nvidia/f1tenth_ws/install/ackermann_mux://home/nvidia/f1tenth_ws/install/f1tenth_stack://home/nvidia/f1tenth_ws/install/joy_teleop://home/nvidia/f1tenth_ws/install/phasespace://home/nvidia/f1tenth_ws/install/new_map_saver://home/nvidia/f1tenth_ws/install/mouse_teleop://home/nvidia/f1tenth_ws/install/mapping://home/nvidia/f1tenth_ws/install/key_teleop://home/nvidia/f1tenth_ws/install/f1tenth_controllers:/opt/ros/foxy')]), 'shell': False}
[107.718044] (-) TimerEvent: {}
[107.819905] (-) TimerEvent: {}
[107.921065] (-) TimerEvent: {}
[108.022224] (-) TimerEvent: {}
[108.028945] (vesc_ackermann) StdoutLine: {'line': b'-- The C compiler identification is GNU 9.4.0\n'}
[108.060485] (vesc_driver) StdoutLine: {'line': b'-- The C compiler identification is GNU 9.4.0\n'}
[108.122510] (-) TimerEvent: {}
[108.223716] (-) TimerEvent: {}
[108.324943] (-) TimerEvent: {}
[108.395296] (vesc_ackermann) StdoutLine: {'line': b'-- The CXX compiler identification is GNU 9.4.0\n'}
[108.424175] (vesc_driver) StdoutLine: {'line': b'-- The CXX compiler identification is GNU 9.4.0\n'}
[108.424991] (-) TimerEvent: {}
[108.430982] (vesc_ackermann) StdoutLine: {'line': b'-- Check for working C compiler: /usr/bin/cc\n'}
[108.458626] (vesc_driver) StdoutLine: {'line': b'-- Check for working C compiler: /usr/bin/cc\n'}
[108.525304] (-) TimerEvent: {}
[108.626584] (-) TimerEvent: {}
[108.727794] (-) TimerEvent: {}
[108.828869] (-) TimerEvent: {}
[108.874835] (vesc_ackermann) StdoutLine: {'line': b'-- Check for working C compiler: /usr/bin/cc -- works\n'}
[108.880621] (vesc_ackermann) StdoutLine: {'line': b'-- Detecting C compiler ABI info\n'}
[108.903811] (vesc_driver) StdoutLine: {'line': b'-- Check for working C compiler: /usr/bin/cc -- works\n'}
[108.909300] (vesc_driver) StdoutLine: {'line': b'-- Detecting C compiler ABI info\n'}
[108.929132] (-) TimerEvent: {}
[109.030492] (-) TimerEvent: {}
[109.131625] (-) TimerEvent: {}
[109.232829] (-) TimerEvent: {}
[109.334253] (vesc_ackermann) StdoutLine: {'line': b'-- Detecting C compiler ABI info - done\n'}
[109.335046] (-) TimerEvent: {}
[109.351845] (vesc_driver) StdoutLine: {'line': b'-- Detecting C compiler ABI info - done\n'}
[109.402110] (vesc_ackermann) StdoutLine: {'line': b'-- Detecting C compile features\n'}
[109.404084] (vesc_ackermann) StdoutLine: {'line': b'-- Detecting C compile features - done\n'}
[109.417858] (vesc_driver) StdoutLine: {'line': b'-- Detecting C compile features\n'}
[109.419681] (vesc_ackermann) StdoutLine: {'line': b'-- Check for working CXX compiler: /usr/bin/c++\n'}
[109.420386] (vesc_driver) StdoutLine: {'line': b'-- Detecting C compile features - done\n'}
[109.434863] (vesc_driver) StdoutLine: {'line': b'-- Check for working CXX compiler: /usr/bin/c++\n'}
[109.435691] (-) TimerEvent: {}
[109.536574] (-) TimerEvent: {}
[109.637780] (-) TimerEvent: {}
[109.739011] (-) TimerEvent: {}
[109.840279] (-) TimerEvent: {}
[109.916438] (vesc_ackermann) StdoutLine: {'line': b'-- Check for working CXX compiler: /usr/bin/c++ -- works\n'}
[109.921186] (vesc_driver) StdoutLine: {'line': b'-- Check for working CXX compiler: /usr/bin/c++ -- works\n'}
[109.923000] (vesc_ackermann) StdoutLine: {'line': b'-- Detecting CXX compiler ABI info\n'}
[109.927434] (vesc_driver) StdoutLine: {'line': b'-- Detecting CXX compiler ABI info\n'}
[109.940508] (-) TimerEvent: {}
[110.041582] (-) TimerEvent: {}
[110.143394] (-) TimerEvent: {}
[110.244746] (-) TimerEvent: {}
[110.346208] (-) TimerEvent: {}
[110.420883] (vesc_driver) StdoutLine: {'line': b'-- Detecting CXX compiler ABI info - done\n'}
[110.421837] (vesc_ackermann) StdoutLine: {'line': b'-- Detecting CXX compiler ABI info - done\n'}
[110.446443] (-) TimerEvent: {}
[110.488132] (vesc_ackermann) StdoutLine: {'line': b'-- Detecting CXX compile features\n'}
[110.489046] (vesc_driver) StdoutLine: {'line': b'-- Detecting CXX compile features\n'}
[110.491022] (vesc_ackermann) StdoutLine: {'line': b'-- Detecting CXX compile features - done\n'}
[110.491752] (vesc_driver) StdoutLine: {'line': b'-- Detecting CXX compile features - done\n'}
[110.511543] (vesc_ackermann) StdoutLine: {'line': b'-- Found ament_cmake_auto: 0.9.12 (/opt/ros/foxy/share/ament_cmake_auto/cmake)\n'}
[110.512529] (vesc_driver) StdoutLine: {'line': b'-- Found ament_cmake_auto: 0.9.12 (/opt/ros/foxy/share/ament_cmake_auto/cmake)\n'}
[110.546684] (-) TimerEvent: {}
[110.647905] (-) TimerEvent: {}
[110.699152] (vesc_driver) StdoutLine: {'line': b'-- Found PythonInterp: /usr/bin/python3 (found suitable version "3.8.10", minimum required is "3") \n'}
[110.700269] (vesc_driver) StdoutLine: {'line': b'-- Using PYTHON_EXECUTABLE: /usr/bin/python3\n'}
[110.702501] (vesc_ackermann) StdoutLine: {'line': b'-- Found PythonInterp: /usr/bin/python3 (found suitable version "3.8.10", minimum required is "3") \n'}
[110.703312] (vesc_ackermann) StdoutLine: {'line': b'-- Using PYTHON_EXECUTABLE: /usr/bin/python3\n'}
[110.748164] (-) TimerEvent: {}
[110.849244] (-) TimerEvent: {}
[110.950402] (-) TimerEvent: {}
[111.051443] (-) TimerEvent: {}
[111.152506] (-) TimerEvent: {}
[111.253562] (-) TimerEvent: {}
[111.354641] (-) TimerEvent: {}
[111.455665] (-) TimerEvent: {}
[111.556720] (-) TimerEvent: {}
[111.657897] (-) TimerEvent: {}
[111.759033] (-) TimerEvent: {}
[111.860369] (-) TimerEvent: {}
[111.961667] (-) TimerEvent: {}
[112.062910] (-) TimerEvent: {}
[112.164072] (-) TimerEvent: {}
[112.265206] (-) TimerEvent: {}
[112.366527] (-) TimerEvent: {}
[112.468415] (-) TimerEvent: {}
[112.570453] (-) TimerEvent: {}
[112.621867] (vesc_ackermann) StdoutLine: {'line': b'-- Using all available rosidl_typesupport_c: rosidl_typesupport_fastrtps_c;rosidl_typesupport_introspection_c\n'}
[112.670748] (-) TimerEvent: {}
[112.672389] (vesc_driver) StdoutLine: {'line': b'-- Using all available rosidl_typesupport_c: rosidl_typesupport_fastrtps_c;rosidl_typesupport_introspection_c\n'}
[112.687912] (vesc_ackermann) StdoutLine: {'line': b'-- Found rosidl_adapter: 1.3.1 (/opt/ros/foxy/share/rosidl_adapter/cmake)\n'}
[112.738147] (vesc_driver) StdoutLine: {'line': b'-- Found rosidl_adapter: 1.3.1 (/opt/ros/foxy/share/rosidl_adapter/cmake)\n'}
[112.770997] (-) TimerEvent: {}
[112.872568] (-) TimerEvent: {}
[112.974255] (-) TimerEvent: {}
[113.075482] (-) TimerEvent: {}
[113.176656] (-) TimerEvent: {}
[113.277908] (-) TimerEvent: {}
[113.332068] (vesc_ackermann) StdoutLine: {'line': b'-- Found OpenSSL: /usr/lib/aarch64-linux-gnu/libcrypto.so (found version "1.1.1f")  \n'}
[113.370923] (vesc_driver) StdoutLine: {'line': b'-- Found OpenSSL: /usr/lib/aarch64-linux-gnu/libcrypto.so (found version "1.1.1f")  \n'}
[113.378086] (-) TimerEvent: {}
[113.479256] (-) TimerEvent: {}
[113.507235] (vesc_ackermann) StdoutLine: {'line': b'-- Found FastRTPS: /opt/ros/foxy/include  \n'}
[113.543040] (vesc_driver) StdoutLine: {'line': b'-- Found FastRTPS: /opt/ros/foxy/include  \n'}
[113.579576] (-) TimerEvent: {}
[113.680803] (-) TimerEvent: {}
[113.782260] (-) TimerEvent: {}
[113.883506] (-) TimerEvent: {}
[113.984793] (-) TimerEvent: {}
[114.014082] (vesc_ackermann) StdoutLine: {'line': b'-- Using all available rosidl_typesupport_cpp: rosidl_typesupport_fastrtps_cpp;rosidl_typesupport_introspection_cpp\n'}
[114.041873] (vesc_driver) StdoutLine: {'line': b'-- Using all available rosidl_typesupport_cpp: rosidl_typesupport_fastrtps_cpp;rosidl_typesupport_introspection_cpp\n'}
[114.085045] (-) TimerEvent: {}
[114.187217] (-) TimerEvent: {}
[114.289204] (-) TimerEvent: {}
[114.391334] (-) TimerEvent: {}
[114.419148] (vesc_driver) StdoutLine: {'line': b'-- Found rmw_implementation_cmake: 1.0.4 (/opt/ros/foxy/share/rmw_implementation_cmake/cmake)\n'}
[114.430857] (vesc_driver) StdoutLine: {'line': b"-- Using RMW implementation 'rmw_fastrtps_cpp' as default\n"}
[114.435460] (vesc_driver) StdoutLine: {'line': b'-- Looking for pthread.h\n'}
[114.491595] (-) TimerEvent: {}
[114.593757] (-) TimerEvent: {}
[114.695669] (-) TimerEvent: {}
[114.797876] (-) TimerEvent: {}
[114.890369] (vesc_driver) StdoutLine: {'line': b'-- Looking for pthread.h - found\n'}
[114.892004] (vesc_driver) StdoutLine: {'line': b'-- Performing Test CMAKE_HAVE_LIBC_PTHREAD\n'}
[114.898102] (-) TimerEvent: {}
[114.999671] (-) TimerEvent: {}
[115.101808] (-) TimerEvent: {}
[115.203937] (-) TimerEvent: {}
[115.306113] (-) TimerEvent: {}
[115.350630] (vesc_driver) StdoutLine: {'line': b'-- Performing Test CMAKE_HAVE_LIBC_PTHREAD - Failed\n'}
[115.352046] (vesc_driver) StdoutLine: {'line': b'-- Looking for pthread_create in pthreads\n'}
[115.389248] (vesc_ackermann) StdoutLine: {'line': b'-- Found rmw_implementation_cmake: 1.0.4 (/opt/ros/foxy/share/rmw_implementation_cmake/cmake)\n'}
[115.401464] (vesc_ackermann) StdoutLine: {'line': b"-- Using RMW implementation 'rmw_fastrtps_cpp' as default\n"}
[115.406458] (vesc_ackermann) StdoutLine: {'line': b'-- Looking for pthread.h\n'}
[115.407209] (-) TimerEvent: {}
[115.508628] (-) TimerEvent: {}
[115.610485] (-) TimerEvent: {}
[115.711884] (-) TimerEvent: {}
[115.727089] (vesc_driver) StdoutLine: {'line': b'-- Looking for pthread_create in pthreads - not found\n'}
[115.728346] (vesc_driver) StdoutLine: {'line': b'-- Looking for pthread_create in pthread\n'}
[115.812151] (-) TimerEvent: {}
[115.870769] (vesc_ackermann) StdoutLine: {'line': b'-- Looking for pthread.h - found\n'}
[115.872699] (vesc_ackermann) StdoutLine: {'line': b'-- Performing Test CMAKE_HAVE_LIBC_PTHREAD\n'}
[115.912463] (-) TimerEvent: {}
[116.013850] (-) TimerEvent: {}
[116.115953] (-) TimerEvent: {}
[116.170865] (vesc_driver) StdoutLine: {'line': b'-- Looking for pthread_create in pthread - found\n'}
[116.178114] (vesc_driver) StdoutLine: {'line': b'-- Found Threads: TRUE  \n'}
[116.216251] (-) TimerEvent: {}
[116.318591] (-) TimerEvent: {}
[116.344672] (vesc_ackermann) StdoutLine: {'line': b'-- Performing Test CMAKE_HAVE_LIBC_PTHREAD - Failed\n'}
[116.346225] (vesc_ackermann) StdoutLine: {'line': b'-- Looking for pthread_create in pthreads\n'}
[116.418917] (-) TimerEvent: {}
[116.520243] (-) TimerEvent: {}
[116.621694] (-) TimerEvent: {}
[116.723152] (-) TimerEvent: {}
[116.729039] (vesc_ackermann) StdoutLine: {'line': b'-- Looking for pthread_create in pthreads - not found\n'}
[116.730690] (vesc_ackermann) StdoutLine: {'line': b'-- Looking for pthread_create in pthread\n'}
[116.823436] (-) TimerEvent: {}
[116.925828] (-) TimerEvent: {}
[117.027976] (-) TimerEvent: {}
[117.130212] (-) TimerEvent: {}
[117.173372] (vesc_ackermann) StdoutLine: {'line': b'-- Looking for pthread_create in pthread - found\n'}
[117.180461] (vesc_ackermann) StdoutLine: {'line': b'-- Found Threads: TRUE  \n'}
[117.230514] (-) TimerEvent: {}
[117.332581] (-) TimerEvent: {}
[117.434861] (-) TimerEvent: {}
[117.536932] (-) TimerEvent: {}
[117.639249] (-) TimerEvent: {}
[117.741281] (-) TimerEvent: {}
[117.842673] (-) TimerEvent: {}
[117.944020] (-) TimerEvent: {}
[118.045354] (-) TimerEvent: {}
[118.146831] (-) TimerEvent: {}
[118.248962] (-) TimerEvent: {}
[118.350496] (-) TimerEvent: {}
[118.451994] (-) TimerEvent: {}
[118.553434] (-) TimerEvent: {}
[118.655117] (-) TimerEvent: {}
[118.756552] (-) TimerEvent: {}
[118.858200] (-) TimerEvent: {}
[118.959714] (-) TimerEvent: {}
[119.061937] (-) TimerEvent: {}
[119.164181] (-) TimerEvent: {}
[119.266453] (-) TimerEvent: {}
[119.368630] (-) TimerEvent: {}
[119.470892] (-) TimerEvent: {}
[119.572918] (-) TimerEvent: {}
[119.674247] (-) TimerEvent: {}
[119.775673] (-) TimerEvent: {}
[119.876989] (-) TimerEvent: {}
[119.978407] (-) TimerEvent: {}
[120.078026] (vesc_driver) StdoutLine: {'line': b'-- Found ament_lint_auto: 0.9.8 (/opt/ros/foxy/share/ament_lint_auto/cmake)\n'}
[120.078862] (-) TimerEvent: {}
[120.122127] (vesc_ackermann) StdoutLine: {'line': b'-- Found ament_lint_auto: 0.9.8 (/opt/ros/foxy/share/ament_lint_auto/cmake)\n'}
[120.179136] (-) TimerEvent: {}
[120.263326] (vesc_driver) StdoutLine: {'line': b"-- Added test 'copyright' to check source files copyright and LICENSE\n"}
[120.277958] (vesc_driver) StdoutLine: {'line': b"-- Added test 'cppcheck' to perform static code analysis on C / C++ code\n"}
[120.279347] (vesc_driver) StdoutLine: {'line': b'-- Configured cppcheck include dirs: /home/nvidia/f1tenth_ws/src/f1tenth_system/vesc/vesc_driver/include\n'}
[120.279938] (-) TimerEvent: {}
[120.281185] (vesc_driver) StdoutLine: {'line': b'-- Configured cppcheck exclude dirs and/or files: \n'}
[120.292582] (vesc_driver) StdoutLine: {'line': b"-- Added test 'cpplint' to check C / C++ code against the Google style\n"}
[120.293188] (vesc_driver) StdoutLine: {'line': b'-- Configured cpplint exclude dirs and/or files: \n'}
[120.297737] (vesc_driver) StdoutLine: {'line': b"-- Added test 'flake8' to check Python code syntax and style conventions\n"}
[120.303826] (vesc_driver) StdoutLine: {'line': b"-- Added test 'lint_cmake' to check CMake code style\n"}
[120.308214] (vesc_ackermann) StdoutLine: {'line': b"-- Added test 'copyright' to check source files copyright and LICENSE\n"}
[120.308951] (vesc_driver) StdoutLine: {'line': b"-- Added test 'pep257' to check Python code against some of the style conventions in PEP 257\n"}
[120.318887] (vesc_ackermann) StdoutLine: {'line': b"-- Added test 'cppcheck' to perform static code analysis on C / C++ code\n"}
[120.320177] (vesc_ackermann) StdoutLine: {'line': b'-- Configured cppcheck include dirs: /home/nvidia/f1tenth_ws/src/f1tenth_system/vesc/vesc_ackermann/include\n'}
[120.320753] (vesc_ackermann) StdoutLine: {'line': b'-- Configured cppcheck exclude dirs and/or files: \n'}
[120.321543] (vesc_driver) StdoutLine: {'line': b"-- Added test 'uncrustify' to check C / C++ code style\n"}
[120.322135] (vesc_driver) StdoutLine: {'line': b'-- Configured uncrustify additional arguments: \n'}
[120.326771] (vesc_driver) StdoutLine: {'line': b"-- Added test 'xmllint' to check XML markup files\n"}
[120.329586] (vesc_ackermann) StdoutLine: {'line': b"-- Added test 'cpplint' to check C / C++ code against the Google style\n"}
[120.330079] (vesc_ackermann) StdoutLine: {'line': b'-- Configured cpplint exclude dirs and/or files: \n'}
[120.336063] (vesc_ackermann) StdoutLine: {'line': b"-- Added test 'lint_cmake' to check CMake code style\n"}
[120.346527] (vesc_ackermann) StdoutLine: {'line': b"-- Added test 'uncrustify' to check C / C++ code style\n"}
[120.347098] (vesc_ackermann) StdoutLine: {'line': b'-- Configured uncrustify additional arguments: \n'}
[120.351092] (vesc_ackermann) StdoutLine: {'line': b"-- Added test 'xmllint' to check XML markup files\n"}
[120.372066] (vesc_driver) StdoutLine: {'line': b'-- Configuring done\n'}
[120.380138] (-) TimerEvent: {}
[120.395539] (vesc_ackermann) StdoutLine: {'line': b'-- Configuring done\n'}
[120.480414] (-) TimerEvent: {}
[120.525590] (vesc_ackermann) StdoutLine: {'line': b'-- Generating done\n'}
[120.536698] (vesc_ackermann) StdoutLine: {'line': b'-- Build files have been written to: /home/nvidia/f1tenth_ws/build/vesc_ackermann\n'}
[120.580655] (-) TimerEvent: {}
[120.584863] (vesc_ackermann) CommandEnded: {'returncode': 0}
[120.588381] (vesc_ackermann) JobProgress: {'identifier': 'vesc_ackermann', 'progress': 'build'}
[120.590460] (vesc_ackermann) Command: {'cmd': ['/usr/bin/cmake', '--build', '/home/nvidia/f1tenth_ws/build/vesc_ackermann', '--', '-j6', '-l6'], 'cwd': '/home/nvidia/f1tenth_ws/build/vesc_ackermann', 'env': OrderedDict([('LESSOPEN', '| /usr/bin/lesspipe %s'), ('USER', 'nvidia'), ('SSH_CLIENT', '192.168.1.108 51828 22'), ('XDG_SESSION_TYPE', 'tty'), ('SHLVL', '1'), ('LD_LIBRARY_PATH', '/home/nvidia/f1tenth_ws/install/vesc_msgs/lib://home/nvidia/f1tenth_ws/install/vesc_driver/lib://home/nvidia/f1tenth_ws/install/vesc_ackermann/lib://home/nvidia/f1tenth_ws/install/vesc_msgs/lib://home/nvidia/f1tenth_ws/install/teleop_tools_msgs/lib:/usr/lib/aarch64-linux-gnu/gazebo-11/plugins:/opt/ros/foxy/opt/yaml_cpp_vendor/lib:/opt/ros/foxy/opt/rviz_ogre_vendor/lib:/opt/ros/foxy/lib/aarch64-linux-gnu:/opt/ros/foxy/lib:/usr/local/cuda-11.4/lib64'), ('MOTD_SHOWN', 'pam'), ('HOME', '/home/nvidia'), ('OLDPWD', '/home/nvidia'), ('SSH_TTY', '/dev/pts/0'), ('ROS_PYTHON_VERSION', '3'), ('DBUS_SESSION_BUS_ADDRESS', 'unix:path=/run/user/1000/bus'), ('COLCON_PREFIX_PATH', '//home/nvidia/f1tenth_ws/install'), ('ROS_DISTRO', 'foxy'), ('LOGNAME', 'nvidia'), ('_', '/usr/bin/colcon'), ('ROS_VERSION', '2'), ('XDG_SESSION_CLASS', 'user'), ('TERM', 'xterm-256color'), ('XDG_SESSION_ID', '8'), ('GAZEBO_MODEL_PATH', ':/opt/ros/foxy/share/turtlebot3_gazebo/models'), ('ROS_LOCALHOST_ONLY', '0'), ('PATH', '/home/nvidia/.local/bin:/opt/ros/foxy/bin:/usr/local/cuda-11.4/bin:/usr/local/sbin:/usr/local/bin:/usr/sbin:/usr/bin:/sbin:/bin:/usr/games:/usr/local/games:/snap/bin'), ('XDG_RUNTIME_DIR', '/run/user/1000'), ('LANG', 'en_US.UTF-8'), ('LS_COLORS', 'rs=0:di=01;34:ln=01;36:mh=00:pi=40;33:so=01;35:do=01;35:bd=40;33;01:cd=40;33;01:or=40;31;01:mi=00:su=37;41:sg=30;43:ca=30;41:tw=30;42:ow=34;42:st=37;44:ex=01;32:*.tar=01;31:*.tgz=01;31:*.arc=01;31:*.arj=01;31:*.taz=01;31:*.lha=01;31:*.lz4=01;31:*.lzh=01;31:*.lzma=01;31:*.tlz=01;31:*.txz=01;31:*.tzo=01;31:*.t7z=01;31:*.zip=01;31:*.z=01;31:*.dz=01;31:*.gz=01;31:*.lrz=01;31:*.lz=01;31:*.lzo=01;31:*.xz=01;31:*.zst=01;31:*.tzst=01;31:*.bz2=01;31:*.bz=01;31:*.tbz=01;31:*.tbz2=01;31:*.tz=01;31:*.deb=01;31:*.rpm=01;31:*.jar=01;31:*.war=01;31:*.ear=01;31:*.sar=01;31:*.rar=01;31:*.alz=01;31:*.ace=01;31:*.zoo=01;31:*.cpio=01;31:*.7z=01;31:*.rz=01;31:*.cab=01;31:*.wim=01;31:*.swm=01;31:*.dwm=01;31:*.esd=01;31:*.jpg=01;35:*.jpeg=01;35:*.mjpg=01;35:*.mjpeg=01;35:*.gif=01;35:*.bmp=01;35:*.pbm=01;35:*.pgm=01;35:*.ppm=01;35:*.tga=01;35:*.xbm=01;35:*.xpm=01;35:*.tif=01;35:*.tiff=01;35:*.png=01;35:*.svg=01;35:*.svgz=01;35:*.mng=01;35:*.pcx=01;35:*.mov=01;35:*.mpg=01;35:*.mpeg=01;35:*.m2v=01;35:*.mkv=01;35:*.webm=01;35:*.ogm=01;35:*.mp4=01;35:*.m4v=01;35:*.mp4v=01;35:*.vob=01;35:*.qt=01;35:*.nuv=01;35:*.wmv=01;35:*.asf=01;35:*.rm=01;35:*.rmvb=01;35:*.flc=01;35:*.avi=01;35:*.fli=01;35:*.flv=01;35:*.gl=01;35:*.dl=01;35:*.xcf=01;35:*.xwd=01;35:*.yuv=01;35:*.cgm=01;35:*.emf=01;35:*.ogv=01;35:*.ogx=01;35:*.aac=00;36:*.au=00;36:*.flac=00;36:*.m4a=00;36:*.mid=00;36:*.midi=00;36:*.mka=00;36:*.mp3=00;36:*.mpc=00;36:*.ogg=00;36:*.ra=00;36:*.wav=00;36:*.oga=00;36:*.opus=00;36:*.spx=00;36:*.xspf=00;36:'), ('ROS_DOMAIN_ID', '10'), ('AMENT_PREFIX_PATH', '/home/nvidia/f1tenth_ws/install/vesc_msgs://home/nvidia/f1tenth_ws/install/f1tenth_stack://home/nvidia/f1tenth_ws/install/vesc://home/nvidia/f1tenth_ws/install/vesc_driver://home/nvidia/f1tenth_ws/install/vesc_ackermann://home/nvidia/f1tenth_ws/install/vesc_msgs://home/nvidia/f1tenth_ws/install/teleop_tools://home/nvidia/f1tenth_ws/install/joy_teleop://home/nvidia/f1tenth_ws/install/teleop_tools_msgs://home/nvidia/f1tenth_ws/install/pure_pursuit://home/nvidia/f1tenth_ws/install/phasespace://home/nvidia/f1tenth_ws/install/new_map_saver://home/nvidia/f1tenth_ws/install/mouse_teleop://home/nvidia/f1tenth_ws/install/mapping://home/nvidia/f1tenth_ws/install/key_teleop://home/nvidia/f1tenth_ws/install/f1tenth_controllers://home/nvidia/f1tenth_ws/install/ackermann_mux:/opt/ros/foxy'), ('SHELL', '/bin/bash'), ('LESSCLOSE', '/usr/bin/lesspipe %s %s'), ('PWD', '/home/nvidia/f1tenth_ws/build/vesc_ackermann'), ('TURTLEBOT3_MODEL', 'waffle'), ('LC_ALL', 'en_US.UTF-8'), ('SSH_CONNECTION', '192.168.1.108 51828 192.168.1.202 22'), ('XDG_DATA_DIRS', '/usr/local/share:/usr/share:/var/lib/snapd/desktop'), ('PYTHONPATH', '/home/nvidia/f1tenth_ws/install/vesc_msgs/lib/python3.8/site-packages://home/nvidia/f1tenth_ws/install/f1tenth_stack/lib/python3.8/site-packages://home/nvidia/f1tenth_ws/install/vesc_msgs/lib/python3.8/site-packages://home/nvidia/f1tenth_ws/install/joy_teleop/lib/python3.8/site-packages://home/nvidia/f1tenth_ws/install/teleop_tools_msgs/lib/python3.8/site-packages://home/nvidia/f1tenth_ws/install/phasespace/lib/python3.8/site-packages://home/nvidia/f1tenth_ws/install/new_map_saver/lib/python3.8/site-packages://home/nvidia/f1tenth_ws/install/mouse_teleop/lib/python3.8/site-packages://home/nvidia/f1tenth_ws/install/mapping/lib/python3.8/site-packages://home/nvidia/f1tenth_ws/install/key_teleop/lib/python3.8/site-packages://home/nvidia/f1tenth_ws/install/f1tenth_controllers/lib/python3.8/site-packages:/opt/ros/foxy/lib/python3.8/site-packages'), ('COLCON', '1'), ('CMAKE_PREFIX_PATH', '/home/nvidia/f1tenth_ws/install/vesc_msgs://home/nvidia/f1tenth_ws/install/vesc://home/nvidia/f1tenth_ws/install/vesc_driver://home/nvidia/f1tenth_ws/install/vesc_ackermann://home/nvidia/f1tenth_ws/install/vesc_msgs://home/nvidia/f1tenth_ws/install/teleop_tools://home/nvidia/f1tenth_ws/install/teleop_tools_msgs://home/nvidia/f1tenth_ws/install/pure_pursuit://home/nvidia/f1tenth_ws/install/ackermann_mux://home/nvidia/f1tenth_ws/install/f1tenth_stack://home/nvidia/f1tenth_ws/install/joy_teleop://home/nvidia/f1tenth_ws/install/phasespace://home/nvidia/f1tenth_ws/install/new_map_saver://home/nvidia/f1tenth_ws/install/mouse_teleop://home/nvidia/f1tenth_ws/install/mapping://home/nvidia/f1tenth_ws/install/key_teleop://home/nvidia/f1tenth_ws/install/f1tenth_controllers:/opt/ros/foxy')]), 'shell': False}
[120.681333] (-) TimerEvent: {}
[120.750078] (vesc_driver) StdoutLine: {'line': b'-- Generating done\n'}
[120.759871] (vesc_driver) StdoutLine: {'line': b'-- Build files have been written to: /home/nvidia/f1tenth_ws/build/vesc_driver\n'}
[120.766859] (vesc_ackermann) StdoutLine: {'line': b'-- Found ament_cmake_auto: 0.9.12 (/opt/ros/foxy/share/ament_cmake_auto/cmake)\n'}
[120.781478] (-) TimerEvent: {}
[120.804682] (vesc_driver) CommandEnded: {'returncode': 0}
[120.808307] (vesc_driver) JobProgress: {'identifier': 'vesc_driver', 'progress': 'build'}
[120.810062] (vesc_driver) Command: {'cmd': ['/usr/bin/cmake', '--build', '/home/nvidia/f1tenth_ws/build/vesc_driver', '--', '-j6', '-l6'], 'cwd': '/home/nvidia/f1tenth_ws/build/vesc_driver', 'env': OrderedDict([('LESSOPEN', '| /usr/bin/lesspipe %s'), ('USER', 'nvidia'), ('SSH_CLIENT', '192.168.1.108 51828 22'), ('XDG_SESSION_TYPE', 'tty'), ('SHLVL', '1'), ('LD_LIBRARY_PATH', '/home/nvidia/f1tenth_ws/install/vesc_msgs/lib://home/nvidia/f1tenth_ws/install/vesc_driver/lib://home/nvidia/f1tenth_ws/install/vesc_ackermann/lib://home/nvidia/f1tenth_ws/install/vesc_msgs/lib://home/nvidia/f1tenth_ws/install/teleop_tools_msgs/lib:/usr/lib/aarch64-linux-gnu/gazebo-11/plugins:/opt/ros/foxy/opt/yaml_cpp_vendor/lib:/opt/ros/foxy/opt/rviz_ogre_vendor/lib:/opt/ros/foxy/lib/aarch64-linux-gnu:/opt/ros/foxy/lib:/usr/local/cuda-11.4/lib64'), ('MOTD_SHOWN', 'pam'), ('HOME', '/home/nvidia'), ('OLDPWD', '/home/nvidia'), ('SSH_TTY', '/dev/pts/0'), ('ROS_PYTHON_VERSION', '3'), ('DBUS_SESSION_BUS_ADDRESS', 'unix:path=/run/user/1000/bus'), ('COLCON_PREFIX_PATH', '//home/nvidia/f1tenth_ws/install'), ('ROS_DISTRO', 'foxy'), ('LOGNAME', 'nvidia'), ('_', '/usr/bin/colcon'), ('ROS_VERSION', '2'), ('XDG_SESSION_CLASS', 'user'), ('TERM', 'xterm-256color'), ('XDG_SESSION_ID', '8'), ('GAZEBO_MODEL_PATH', ':/opt/ros/foxy/share/turtlebot3_gazebo/models'), ('ROS_LOCALHOST_ONLY', '0'), ('PATH', '/home/nvidia/.local/bin:/opt/ros/foxy/bin:/usr/local/cuda-11.4/bin:/usr/local/sbin:/usr/local/bin:/usr/sbin:/usr/bin:/sbin:/bin:/usr/games:/usr/local/games:/snap/bin'), ('XDG_RUNTIME_DIR', '/run/user/1000'), ('LANG', 'en_US.UTF-8'), ('LS_COLORS', 'rs=0:di=01;34:ln=01;36:mh=00:pi=40;33:so=01;35:do=01;35:bd=40;33;01:cd=40;33;01:or=40;31;01:mi=00:su=37;41:sg=30;43:ca=30;41:tw=30;42:ow=34;42:st=37;44:ex=01;32:*.tar=01;31:*.tgz=01;31:*.arc=01;31:*.arj=01;31:*.taz=01;31:*.lha=01;31:*.lz4=01;31:*.lzh=01;31:*.lzma=01;31:*.tlz=01;31:*.txz=01;31:*.tzo=01;31:*.t7z=01;31:*.zip=01;31:*.z=01;31:*.dz=01;31:*.gz=01;31:*.lrz=01;31:*.lz=01;31:*.lzo=01;31:*.xz=01;31:*.zst=01;31:*.tzst=01;31:*.bz2=01;31:*.bz=01;31:*.tbz=01;31:*.tbz2=01;31:*.tz=01;31:*.deb=01;31:*.rpm=01;31:*.jar=01;31:*.war=01;31:*.ear=01;31:*.sar=01;31:*.rar=01;31:*.alz=01;31:*.ace=01;31:*.zoo=01;31:*.cpio=01;31:*.7z=01;31:*.rz=01;31:*.cab=01;31:*.wim=01;31:*.swm=01;31:*.dwm=01;31:*.esd=01;31:*.jpg=01;35:*.jpeg=01;35:*.mjpg=01;35:*.mjpeg=01;35:*.gif=01;35:*.bmp=01;35:*.pbm=01;35:*.pgm=01;35:*.ppm=01;35:*.tga=01;35:*.xbm=01;35:*.xpm=01;35:*.tif=01;35:*.tiff=01;35:*.png=01;35:*.svg=01;35:*.svgz=01;35:*.mng=01;35:*.pcx=01;35:*.mov=01;35:*.mpg=01;35:*.mpeg=01;35:*.m2v=01;35:*.mkv=01;35:*.webm=01;35:*.ogm=01;35:*.mp4=01;35:*.m4v=01;35:*.mp4v=01;35:*.vob=01;35:*.qt=01;35:*.nuv=01;35:*.wmv=01;35:*.asf=01;35:*.rm=01;35:*.rmvb=01;35:*.flc=01;35:*.avi=01;35:*.fli=01;35:*.flv=01;35:*.gl=01;35:*.dl=01;35:*.xcf=01;35:*.xwd=01;35:*.yuv=01;35:*.cgm=01;35:*.emf=01;35:*.ogv=01;35:*.ogx=01;35:*.aac=00;36:*.au=00;36:*.flac=00;36:*.m4a=00;36:*.mid=00;36:*.midi=00;36:*.mka=00;36:*.mp3=00;36:*.mpc=00;36:*.ogg=00;36:*.ra=00;36:*.wav=00;36:*.oga=00;36:*.opus=00;36:*.spx=00;36:*.xspf=00;36:'), ('ROS_DOMAIN_ID', '10'), ('AMENT_PREFIX_PATH', '/home/nvidia/f1tenth_ws/install/vesc_msgs://home/nvidia/f1tenth_ws/install/f1tenth_stack://home/nvidia/f1tenth_ws/install/vesc://home/nvidia/f1tenth_ws/install/vesc_driver://home/nvidia/f1tenth_ws/install/vesc_ackermann://home/nvidia/f1tenth_ws/install/vesc_msgs://home/nvidia/f1tenth_ws/install/teleop_tools://home/nvidia/f1tenth_ws/install/joy_teleop://home/nvidia/f1tenth_ws/install/teleop_tools_msgs://home/nvidia/f1tenth_ws/install/pure_pursuit://home/nvidia/f1tenth_ws/install/phasespace://home/nvidia/f1tenth_ws/install/new_map_saver://home/nvidia/f1tenth_ws/install/mouse_teleop://home/nvidia/f1tenth_ws/install/mapping://home/nvidia/f1tenth_ws/install/key_teleop://home/nvidia/f1tenth_ws/install/f1tenth_controllers://home/nvidia/f1tenth_ws/install/ackermann_mux:/opt/ros/foxy'), ('SHELL', '/bin/bash'), ('LESSCLOSE', '/usr/bin/lesspipe %s %s'), ('PWD', '/home/nvidia/f1tenth_ws/build/vesc_driver'), ('TURTLEBOT3_MODEL', 'waffle'), ('LC_ALL', 'en_US.UTF-8'), ('SSH_CONNECTION', '192.168.1.108 51828 192.168.1.202 22'), ('XDG_DATA_DIRS', '/usr/local/share:/usr/share:/var/lib/snapd/desktop'), ('PYTHONPATH', '/home/nvidia/f1tenth_ws/install/vesc_msgs/lib/python3.8/site-packages://home/nvidia/f1tenth_ws/install/f1tenth_stack/lib/python3.8/site-packages://home/nvidia/f1tenth_ws/install/vesc_msgs/lib/python3.8/site-packages://home/nvidia/f1tenth_ws/install/joy_teleop/lib/python3.8/site-packages://home/nvidia/f1tenth_ws/install/teleop_tools_msgs/lib/python3.8/site-packages://home/nvidia/f1tenth_ws/install/phasespace/lib/python3.8/site-packages://home/nvidia/f1tenth_ws/install/new_map_saver/lib/python3.8/site-packages://home/nvidia/f1tenth_ws/install/mouse_teleop/lib/python3.8/site-packages://home/nvidia/f1tenth_ws/install/mapping/lib/python3.8/site-packages://home/nvidia/f1tenth_ws/install/key_teleop/lib/python3.8/site-packages://home/nvidia/f1tenth_ws/install/f1tenth_controllers/lib/python3.8/site-packages:/opt/ros/foxy/lib/python3.8/site-packages'), ('COLCON', '1'), ('CMAKE_PREFIX_PATH', '/home/nvidia/f1tenth_ws/install/vesc_msgs://home/nvidia/f1tenth_ws/install/vesc://home/nvidia/f1tenth_ws/install/vesc_driver://home/nvidia/f1tenth_ws/install/vesc_ackermann://home/nvidia/f1tenth_ws/install/vesc_msgs://home/nvidia/f1tenth_ws/install/teleop_tools://home/nvidia/f1tenth_ws/install/teleop_tools_msgs://home/nvidia/f1tenth_ws/install/pure_pursuit://home/nvidia/f1tenth_ws/install/ackermann_mux://home/nvidia/f1tenth_ws/install/f1tenth_stack://home/nvidia/f1tenth_ws/install/joy_teleop://home/nvidia/f1tenth_ws/install/phasespace://home/nvidia/f1tenth_ws/install/new_map_saver://home/nvidia/f1tenth_ws/install/mouse_teleop://home/nvidia/f1tenth_ws/install/mapping://home/nvidia/f1tenth_ws/install/key_teleop://home/nvidia/f1tenth_ws/install/f1tenth_controllers:/opt/ros/foxy')]), 'shell': False}
[120.881900] (-) TimerEvent: {}
[120.909578] (vesc_ackermann) StdoutLine: {'line': b'-- Using PYTHON_EXECUTABLE: /usr/bin/python3\n'}
[120.979006] (vesc_driver) StdoutLine: {'line': b'-- Found ament_cmake_auto: 0.9.12 (/opt/ros/foxy/share/ament_cmake_auto/cmake)\n'}
[120.982054] (-) TimerEvent: {}
[121.083641] (-) TimerEvent: {}
[121.110283] (vesc_driver) StdoutLine: {'line': b'-- Using PYTHON_EXECUTABLE: /usr/bin/python3\n'}
[121.183915] (-) TimerEvent: {}
[121.285775] (-) TimerEvent: {}
[121.386699] (-) TimerEvent: {}
[121.487732] (-) TimerEvent: {}
[121.588736] (-) TimerEvent: {}
[121.690289] (-) TimerEvent: {}
[121.791441] (-) TimerEvent: {}
[121.893210] (-) TimerEvent: {}
[121.995267] (-) TimerEvent: {}
[122.097133] (-) TimerEvent: {}
[122.174747] (pure_pursuit) StdoutLine: {'line': b'[100%] \x1b[32m\x1b[1mLinking CXX executable pure_pursuit\x1b[0m\n'}
[122.197413] (-) TimerEvent: {}
[122.299464] (-) TimerEvent: {}
[122.401557] (-) TimerEvent: {}
[122.443455] (vesc_ackermann) StdoutLine: {'line': b'-- Using all available rosidl_typesupport_c: rosidl_typesupport_fastrtps_c;rosidl_typesupport_introspection_c\n'}
[122.463233] (vesc_ackermann) StdoutLine: {'line': b'-- Found rosidl_adapter: 1.3.1 (/opt/ros/foxy/share/rosidl_adapter/cmake)\n'}
[122.501822] (-) TimerEvent: {}
[122.603622] (-) TimerEvent: {}
[122.680791] (vesc_driver) StdoutLine: {'line': b'-- Using all available rosidl_typesupport_c: rosidl_typesupport_fastrtps_c;rosidl_typesupport_introspection_c\n'}
[122.699954] (vesc_driver) StdoutLine: {'line': b'-- Found rosidl_adapter: 1.3.1 (/opt/ros/foxy/share/rosidl_adapter/cmake)\n'}
[122.703793] (-) TimerEvent: {}
[122.805508] (-) TimerEvent: {}
[122.907544] (-) TimerEvent: {}
[123.009442] (-) TimerEvent: {}
[123.111521] (-) TimerEvent: {}
[123.140255] (vesc_ackermann) StdoutLine: {'line': b'-- Using all available rosidl_typesupport_cpp: rosidl_typesupport_fastrtps_cpp;rosidl_typesupport_introspection_cpp\n'}
[123.211795] (-) TimerEvent: {}
[123.313839] (-) TimerEvent: {}
[123.370005] (vesc_driver) StdoutLine: {'line': b'-- Using all available rosidl_typesupport_cpp: rosidl_typesupport_fastrtps_cpp;rosidl_typesupport_introspection_cpp\n'}
[123.414116] (-) TimerEvent: {}
[123.515898] (-) TimerEvent: {}
[123.617550] (-) TimerEvent: {}
[123.635461] (vesc_driver) StdoutLine: {'line': b'-- Found rmw_implementation_cmake: 1.0.4 (/opt/ros/foxy/share/rmw_implementation_cmake/cmake)\n'}
[123.646719] (vesc_driver) StdoutLine: {'line': b"-- Using RMW implementation 'rmw_fastrtps_cpp' as default\n"}
[123.718073] (-) TimerEvent: {}
[123.793995] (pure_pursuit) StderrLine: {'line': b'make[2]: warning:  Clock skew detected.  Your build may be incomplete.\n'}
[123.818327] (-) TimerEvent: {}
[123.848785] (pure_pursuit) StdoutLine: {'line': b'[100%] Built target pure_pursuit\n'}
[123.917440] (pure_pursuit) CommandEnded: {'returncode': 0}
[123.921370] (-) TimerEvent: {}
[124.029700] (-) TimerEvent: {}
[124.098876] (pure_pursuit) JobProgress: {'identifier': 'pure_pursuit', 'progress': 'install'}
[124.102628] (pure_pursuit) Command: {'cmd': ['/usr/bin/cmake', '--install', '/home/nvidia/f1tenth_ws/build/pure_pursuit'], 'cwd': '/home/nvidia/f1tenth_ws/build/pure_pursuit', 'env': OrderedDict([('LESSOPEN', '| /usr/bin/lesspipe %s'), ('USER', 'nvidia'), ('SSH_CLIENT', '192.168.1.108 51828 22'), ('XDG_SESSION_TYPE', 'tty'), ('SHLVL', '1'), ('LD_LIBRARY_PATH', '//home/nvidia/f1tenth_ws/install/vesc_driver/lib://home/nvidia/f1tenth_ws/install/vesc_ackermann/lib://home/nvidia/f1tenth_ws/install/vesc_msgs/lib://home/nvidia/f1tenth_ws/install/teleop_tools_msgs/lib:/usr/lib/aarch64-linux-gnu/gazebo-11/plugins:/opt/ros/foxy/opt/yaml_cpp_vendor/lib:/opt/ros/foxy/opt/rviz_ogre_vendor/lib:/opt/ros/foxy/lib/aarch64-linux-gnu:/opt/ros/foxy/lib:/usr/local/cuda-11.4/lib64:'), ('MOTD_SHOWN', 'pam'), ('HOME', '/home/nvidia'), ('OLDPWD', '/home/nvidia'), ('SSH_TTY', '/dev/pts/0'), ('ROS_PYTHON_VERSION', '3'), ('DBUS_SESSION_BUS_ADDRESS', 'unix:path=/run/user/1000/bus'), ('COLCON_PREFIX_PATH', '//home/nvidia/f1tenth_ws/install'), ('ROS_DISTRO', 'foxy'), ('LOGNAME', 'nvidia'), ('_', '/usr/bin/colcon'), ('ROS_VERSION', '2'), ('XDG_SESSION_CLASS', 'user'), ('TERM', 'xterm-256color'), ('XDG_SESSION_ID', '8'), ('GAZEBO_MODEL_PATH', ':/opt/ros/foxy/share/turtlebot3_gazebo/models'), ('ROS_LOCALHOST_ONLY', '0'), ('PATH', '/home/nvidia/.local/bin:/opt/ros/foxy/bin:/usr/local/cuda-11.4/bin:/usr/local/sbin:/usr/local/bin:/usr/sbin:/usr/bin:/sbin:/bin:/usr/games:/usr/local/games:/snap/bin'), ('XDG_RUNTIME_DIR', '/run/user/1000'), ('LANG', 'en_US.UTF-8'), ('LS_COLORS', 'rs=0:di=01;34:ln=01;36:mh=00:pi=40;33:so=01;35:do=01;35:bd=40;33;01:cd=40;33;01:or=40;31;01:mi=00:su=37;41:sg=30;43:ca=30;41:tw=30;42:ow=34;42:st=37;44:ex=01;32:*.tar=01;31:*.tgz=01;31:*.arc=01;31:*.arj=01;31:*.taz=01;31:*.lha=01;31:*.lz4=01;31:*.lzh=01;31:*.lzma=01;31:*.tlz=01;31:*.txz=01;31:*.tzo=01;31:*.t7z=01;31:*.zip=01;31:*.z=01;31:*.dz=01;31:*.gz=01;31:*.lrz=01;31:*.lz=01;31:*.lzo=01;31:*.xz=01;31:*.zst=01;31:*.tzst=01;31:*.bz2=01;31:*.bz=01;31:*.tbz=01;31:*.tbz2=01;31:*.tz=01;31:*.deb=01;31:*.rpm=01;31:*.jar=01;31:*.war=01;31:*.ear=01;31:*.sar=01;31:*.rar=01;31:*.alz=01;31:*.ace=01;31:*.zoo=01;31:*.cpio=01;31:*.7z=01;31:*.rz=01;31:*.cab=01;31:*.wim=01;31:*.swm=01;31:*.dwm=01;31:*.esd=01;31:*.jpg=01;35:*.jpeg=01;35:*.mjpg=01;35:*.mjpeg=01;35:*.gif=01;35:*.bmp=01;35:*.pbm=01;35:*.pgm=01;35:*.ppm=01;35:*.tga=01;35:*.xbm=01;35:*.xpm=01;35:*.tif=01;35:*.tiff=01;35:*.png=01;35:*.svg=01;35:*.svgz=01;35:*.mng=01;35:*.pcx=01;35:*.mov=01;35:*.mpg=01;35:*.mpeg=01;35:*.m2v=01;35:*.mkv=01;35:*.webm=01;35:*.ogm=01;35:*.mp4=01;35:*.m4v=01;35:*.mp4v=01;35:*.vob=01;35:*.qt=01;35:*.nuv=01;35:*.wmv=01;35:*.asf=01;35:*.rm=01;35:*.rmvb=01;35:*.flc=01;35:*.avi=01;35:*.fli=01;35:*.flv=01;35:*.gl=01;35:*.dl=01;35:*.xcf=01;35:*.xwd=01;35:*.yuv=01;35:*.cgm=01;35:*.emf=01;35:*.ogv=01;35:*.ogx=01;35:*.aac=00;36:*.au=00;36:*.flac=00;36:*.m4a=00;36:*.mid=00;36:*.midi=00;36:*.mka=00;36:*.mp3=00;36:*.mpc=00;36:*.ogg=00;36:*.ra=00;36:*.wav=00;36:*.oga=00;36:*.opus=00;36:*.spx=00;36:*.xspf=00;36:'), ('ROS_DOMAIN_ID', '10'), ('AMENT_PREFIX_PATH', '//home/nvidia/f1tenth_ws/install/f1tenth_stack://home/nvidia/f1tenth_ws/install/vesc://home/nvidia/f1tenth_ws/install/vesc_driver://home/nvidia/f1tenth_ws/install/vesc_ackermann://home/nvidia/f1tenth_ws/install/vesc_msgs://home/nvidia/f1tenth_ws/install/teleop_tools://home/nvidia/f1tenth_ws/install/joy_teleop://home/nvidia/f1tenth_ws/install/teleop_tools_msgs://home/nvidia/f1tenth_ws/install/pure_pursuit://home/nvidia/f1tenth_ws/install/phasespace://home/nvidia/f1tenth_ws/install/new_map_saver://home/nvidia/f1tenth_ws/install/mouse_teleop://home/nvidia/f1tenth_ws/install/mapping://home/nvidia/f1tenth_ws/install/key_teleop://home/nvidia/f1tenth_ws/install/f1tenth_controllers://home/nvidia/f1tenth_ws/install/ackermann_mux:/opt/ros/foxy'), ('SHELL', '/bin/bash'), ('LESSCLOSE', '/usr/bin/lesspipe %s %s'), ('PWD', '/home/nvidia/f1tenth_ws/build/pure_pursuit'), ('TURTLEBOT3_MODEL', 'waffle'), ('LC_ALL', 'en_US.UTF-8'), ('SSH_CONNECTION', '192.168.1.108 51828 192.168.1.202 22'), ('XDG_DATA_DIRS', '/usr/local/share:/usr/share:/var/lib/snapd/desktop'), ('PYTHONPATH', '//home/nvidia/f1tenth_ws/install/f1tenth_stack/lib/python3.8/site-packages://home/nvidia/f1tenth_ws/install/vesc_msgs/lib/python3.8/site-packages://home/nvidia/f1tenth_ws/install/joy_teleop/lib/python3.8/site-packages://home/nvidia/f1tenth_ws/install/teleop_tools_msgs/lib/python3.8/site-packages://home/nvidia/f1tenth_ws/install/phasespace/lib/python3.8/site-packages://home/nvidia/f1tenth_ws/install/new_map_saver/lib/python3.8/site-packages://home/nvidia/f1tenth_ws/install/mouse_teleop/lib/python3.8/site-packages://home/nvidia/f1tenth_ws/install/mapping/lib/python3.8/site-packages://home/nvidia/f1tenth_ws/install/key_teleop/lib/python3.8/site-packages://home/nvidia/f1tenth_ws/install/f1tenth_controllers/lib/python3.8/site-packages:/opt/ros/foxy/lib/python3.8/site-packages'), ('COLCON', '1'), ('CMAKE_PREFIX_PATH', '//home/nvidia/f1tenth_ws/install/vesc://home/nvidia/f1tenth_ws/install/vesc_driver://home/nvidia/f1tenth_ws/install/vesc_ackermann://home/nvidia/f1tenth_ws/install/vesc_msgs://home/nvidia/f1tenth_ws/install/teleop_tools://home/nvidia/f1tenth_ws/install/teleop_tools_msgs://home/nvidia/f1tenth_ws/install/pure_pursuit://home/nvidia/f1tenth_ws/install/ackermann_mux://home/nvidia/f1tenth_ws/install/f1tenth_stack://home/nvidia/f1tenth_ws/install/joy_teleop://home/nvidia/f1tenth_ws/install/phasespace://home/nvidia/f1tenth_ws/install/new_map_saver://home/nvidia/f1tenth_ws/install/mouse_teleop://home/nvidia/f1tenth_ws/install/mapping://home/nvidia/f1tenth_ws/install/key_teleop://home/nvidia/f1tenth_ws/install/f1tenth_controllers:/opt/ros/foxy')]), 'shell': False}
[124.129841] (-) TimerEvent: {}
[124.164607] (pure_pursuit) StdoutLine: {'line': b'-- Install configuration: ""\n'}
[124.166158] (pure_pursuit) StdoutLine: {'line': b'-- Installing: /home/nvidia/f1tenth_ws/install/pure_pursuit/lib/pure_pursuit/pure_pursuit\n'}
[124.193101] (pure_pursuit) StdoutLine: {'line': b'-- Set runtime path of "/home/nvidia/f1tenth_ws/install/pure_pursuit/lib/pure_pursuit/pure_pursuit" to ""\n'}
[124.194396] (pure_pursuit) StdoutLine: {'line': b'-- Installing: /home/nvidia/f1tenth_ws/install/pure_pursuit/lib/pure_pursuit/waypoint_visualizer\n'}
[124.205045] (pure_pursuit) StdoutLine: {'line': b'-- Set runtime path of "/home/nvidia/f1tenth_ws/install/pure_pursuit/lib/pure_pursuit/waypoint_visualizer" to ""\n'}
[124.206561] (pure_pursuit) StdoutLine: {'line': b'-- Installing: /home/nvidia/f1tenth_ws/install/pure_pursuit/share/pure_pursuit/launch\n'}
[124.207047] (pure_pursuit) StdoutLine: {'line': b'-- Installing: /home/nvidia/f1tenth_ws/install/pure_pursuit/share/pure_pursuit/launch/pure_pursuit_launch.py\n'}
[124.207801] (pure_pursuit) StdoutLine: {'line': b'-- Installing: /home/nvidia/f1tenth_ws/install/pure_pursuit/share/pure_pursuit/launch/sim_pure_pursuit_launch.py\n'}
[124.208479] (pure_pursuit) StdoutLine: {'line': b'-- Installing: /home/nvidia/f1tenth_ws/install/pure_pursuit/share/pure_pursuit/launch/pure_pursuit.rviz\n'}
[124.209288] (pure_pursuit) StdoutLine: {'line': b'-- Installing: /home/nvidia/f1tenth_ws/install/pure_pursuit/share/pure_pursuit/launch/sim_pure_pursuit.rviz\n'}
[124.210524] (pure_pursuit) StdoutLine: {'line': b'-- Installing: /home/nvidia/f1tenth_ws/install/pure_pursuit/share/pure_pursuit/config\n'}
[124.211200] (pure_pursuit) StdoutLine: {'line': b'-- Installing: /home/nvidia/f1tenth_ws/install/pure_pursuit/share/pure_pursuit/config/config.yaml\n'}
[124.211912] (pure_pursuit) StdoutLine: {'line': b'-- Installing: /home/nvidia/f1tenth_ws/install/pure_pursuit/share/pure_pursuit/config/sim_config.yaml\n'}
[124.213451] (pure_pursuit) StdoutLine: {'line': b'-- Installing: /home/nvidia/f1tenth_ws/install/pure_pursuit/share/ament_index/resource_index/package_run_dependencies/pure_pursuit\n'}
[124.214825] (pure_pursuit) StdoutLine: {'line': b'-- Installing: /home/nvidia/f1tenth_ws/install/pure_pursuit/share/ament_index/resource_index/parent_prefix_path/pure_pursuit\n'}
[124.216103] (pure_pursuit) StdoutLine: {'line': b'-- Installing: /home/nvidia/f1tenth_ws/install/pure_pursuit/share/pure_pursuit/environment/ament_prefix_path.sh\n'}
[124.217090] (pure_pursuit) StdoutLine: {'line': b'-- Installing: /home/nvidia/f1tenth_ws/install/pure_pursuit/share/pure_pursuit/environment/ament_prefix_path.dsv\n'}
[124.218224] (pure_pursuit) StdoutLine: {'line': b'-- Installing: /home/nvidia/f1tenth_ws/install/pure_pursuit/share/pure_pursuit/environment/path.sh\n'}
[124.219162] (pure_pursuit) StdoutLine: {'line': b'-- Installing: /home/nvidia/f1tenth_ws/install/pure_pursuit/share/pure_pursuit/environment/path.dsv\n'}
[124.220142] (pure_pursuit) StdoutLine: {'line': b'-- Installing: /home/nvidia/f1tenth_ws/install/pure_pursuit/share/pure_pursuit/local_setup.bash\n'}
[124.221064] (pure_pursuit) StdoutLine: {'line': b'-- Installing: /home/nvidia/f1tenth_ws/install/pure_pursuit/share/pure_pursuit/local_setup.sh\n'}
[124.222158] (pure_pursuit) StdoutLine: {'line': b'-- Installing: /home/nvidia/f1tenth_ws/install/pure_pursuit/share/pure_pursuit/local_setup.zsh\n'}
[124.223109] (pure_pursuit) StdoutLine: {'line': b'-- Installing: /home/nvidia/f1tenth_ws/install/pure_pursuit/share/pure_pursuit/local_setup.dsv\n'}
[124.224076] (pure_pursuit) StdoutLine: {'line': b'-- Installing: /home/nvidia/f1tenth_ws/install/pure_pursuit/share/pure_pursuit/package.dsv\n'}
[124.225307] (pure_pursuit) StdoutLine: {'line': b'-- Installing: /home/nvidia/f1tenth_ws/install/pure_pursuit/share/ament_index/resource_index/packages/pure_pursuit\n'}
[124.226692] (pure_pursuit) StdoutLine: {'line': b'-- Installing: /home/nvidia/f1tenth_ws/install/pure_pursuit/share/pure_pursuit/cmake/pure_pursuitConfig.cmake\n'}
[124.227475] (pure_pursuit) StdoutLine: {'line': b'-- Installing: /home/nvidia/f1tenth_ws/install/pure_pursuit/share/pure_pursuit/cmake/pure_pursuitConfig-version.cmake\n'}
[124.228388] (pure_pursuit) StdoutLine: {'line': b'-- Installing: /home/nvidia/f1tenth_ws/install/pure_pursuit/share/pure_pursuit/package.xml\n'}
[124.229888] (-) TimerEvent: {}
[124.238195] (pure_pursuit) CommandEnded: {'returncode': 0}
[124.260898] (vesc_ackermann) StdoutLine: {'line': b'-- Found rmw_implementation_cmake: 1.0.4 (/opt/ros/foxy/share/rmw_implementation_cmake/cmake)\n'}
[124.272519] (vesc_ackermann) StdoutLine: {'line': b"-- Using RMW implementation 'rmw_fastrtps_cpp' as default\n"}
[124.330811] (-) TimerEvent: {}
[124.433597] (-) TimerEvent: {}
[124.501589] (pure_pursuit) JobEnded: {'identifier': 'pure_pursuit', 'rc': 0}
[124.533815] (-) TimerEvent: {}
[124.634736] (-) TimerEvent: {}
[124.735865] (-) TimerEvent: {}
[124.836960] (-) TimerEvent: {}
[124.939031] (-) TimerEvent: {}
[125.041013] (-) TimerEvent: {}
[125.143100] (-) TimerEvent: {}
[125.245186] (-) TimerEvent: {}
[125.347063] (-) TimerEvent: {}
[125.448851] (-) TimerEvent: {}
[125.550939] (-) TimerEvent: {}
[125.652059] (-) TimerEvent: {}
[125.753539] (-) TimerEvent: {}
[125.854637] (-) TimerEvent: {}
[125.955770] (-) TimerEvent: {}
[126.056908] (-) TimerEvent: {}
[126.158072] (-) TimerEvent: {}
[126.259174] (-) TimerEvent: {}
[126.360337] (-) TimerEvent: {}
[126.461464] (-) TimerEvent: {}
[126.562642] (-) TimerEvent: {}
[126.663774] (-) TimerEvent: {}
[126.764961] (-) TimerEvent: {}
[126.804637] (vesc_ackermann) StdoutLine: {'line': b'-- Found ament_lint_auto: 0.9.8 (/opt/ros/foxy/share/ament_lint_auto/cmake)\n'}
[126.856794] (vesc_ackermann) StdoutLine: {'line': b"-- Added test 'copyright' to check source files copyright and LICENSE\n"}
[126.864376] (vesc_ackermann) StdoutLine: {'line': b"-- Added test 'cppcheck' to perform static code analysis on C / C++ code\n"}
[126.864977] (-) TimerEvent: {}
[126.866013] (vesc_ackermann) StdoutLine: {'line': b'-- Configured cppcheck include dirs: /home/nvidia/f1tenth_ws/src/f1tenth_system/vesc/vesc_ackermann/include\n'}
[126.866738] (vesc_ackermann) StdoutLine: {'line': b'-- Configured cppcheck exclude dirs and/or files: \n'}
[126.872440] (vesc_ackermann) StdoutLine: {'line': b"-- Added test 'cpplint' to check C / C++ code against the Google style\n"}
[126.872913] (vesc_ackermann) StdoutLine: {'line': b'-- Configured cpplint exclude dirs and/or files: \n'}
[126.876470] (vesc_ackermann) StdoutLine: {'line': b"-- Added test 'lint_cmake' to check CMake code style\n"}
[126.884231] (vesc_ackermann) StdoutLine: {'line': b"-- Added test 'uncrustify' to check C / C++ code style\n"}
[126.884778] (vesc_ackermann) StdoutLine: {'line': b'-- Configured uncrustify additional arguments: \n'}
[126.886363] (vesc_ackermann) StdoutLine: {'line': b"-- Added test 'xmllint' to check XML markup files\n"}
[126.918785] (vesc_ackermann) StdoutLine: {'line': b'-- Configuring done\n'}
[126.965214] (-) TimerEvent: {}
[127.036553] (vesc_ackermann) StdoutLine: {'line': b'-- Generating done\n'}
[127.047936] (vesc_driver) StdoutLine: {'line': b'-- Found ament_lint_auto: 0.9.8 (/opt/ros/foxy/share/ament_lint_auto/cmake)\n'}
[127.049005] (vesc_ackermann) StdoutLine: {'line': b'-- Build files have been written to: /home/nvidia/f1tenth_ws/build/vesc_ackermann\n'}
[127.065502] (-) TimerEvent: {}
[127.102448] (vesc_driver) StdoutLine: {'line': b"-- Added test 'copyright' to check source files copyright and LICENSE\n"}
[127.114039] (vesc_driver) StdoutLine: {'line': b"-- Added test 'cppcheck' to perform static code analysis on C / C++ code\n"}
[127.115340] (vesc_driver) StdoutLine: {'line': b'-- Configured cppcheck include dirs: /home/nvidia/f1tenth_ws/src/f1tenth_system/vesc/vesc_driver/include\n'}
[127.116039] (vesc_driver) StdoutLine: {'line': b'-- Configured cppcheck exclude dirs and/or files: \n'}
[127.126056] (vesc_driver) StdoutLine: {'line': b"-- Added test 'cpplint' to check C / C++ code against the Google style\n"}
[127.126711] (vesc_driver) StdoutLine: {'line': b'-- Configured cpplint exclude dirs and/or files: \n'}
[127.128717] (vesc_driver) StdoutLine: {'line': b"-- Added test 'flake8' to check Python code syntax and style conventions\n"}
[127.132247] (vesc_driver) StdoutLine: {'line': b"-- Added test 'lint_cmake' to check CMake code style\n"}
[127.134745] (vesc_driver) StdoutLine: {'line': b"-- Added test 'pep257' to check Python code against some of the style conventions in PEP 257\n"}
[127.145453] (vesc_driver) StdoutLine: {'line': b"-- Added test 'uncrustify' to check C / C++ code style\n"}
[127.146434] (vesc_driver) StdoutLine: {'line': b'-- Configured uncrustify additional arguments: \n'}
[127.148033] (vesc_driver) StdoutLine: {'line': b"-- Added test 'xmllint' to check XML markup files\n"}
[127.165864] (-) TimerEvent: {}
[127.182719] (vesc_driver) StdoutLine: {'line': b'-- Configuring done\n'}
[127.197707] (vesc_ackermann) StdoutLine: {'line': b'\x1b[35m\x1b[1mScanning dependencies of target vesc_to_odom_node\x1b[0m\n'}
[127.199486] (vesc_ackermann) StdoutLine: {'line': b'\x1b[35m\x1b[1mScanning dependencies of target vesc_ackermann\x1b[0m\n'}
[127.201820] (vesc_ackermann) StdoutLine: {'line': b'\x1b[35m\x1b[1mScanning dependencies of target ackermann_to_vesc_node\x1b[0m\n'}
[127.266103] (-) TimerEvent: {}
[127.368067] (-) TimerEvent: {}
[127.394340] (vesc_ackermann) StderrLine: {'line': b"make[2]: Warning: File '/opt/ros/foxy/include/builtin_interfaces/msg/detail/duration__builder.hpp' has modification time 738473748 s in the future\n"}
[127.399784] (vesc_ackermann) StderrLine: {'line': b"make[2]: Warning: File '/opt/ros/foxy/include/builtin_interfaces/msg/detail/duration__builder.hpp' has modification time 738473748 s in the future\n"}
[127.467602] (vesc_ackermann) StdoutLine: {'line': b'[ 14%] \x1b[32mBuilding CXX object CMakeFiles/ackermann_to_vesc_node.dir/rclcpp_components/node_main_ackermann_to_vesc_node.cpp.o\x1b[0m\n'}
[127.468457] (-) TimerEvent: {}
[127.475007] (vesc_ackermann) StdoutLine: {'line': b'[ 28%] \x1b[32mBuilding CXX object CMakeFiles/vesc_to_odom_node.dir/rclcpp_components/node_main_vesc_to_odom_node.cpp.o\x1b[0m\n'}
[127.476452] (vesc_ackermann) StderrLine: {'line': b"make[2]: Warning: File '/home/nvidia/f1tenth_ws/src/f1tenth_system/vesc/vesc_ackermann/src/ackermann_to_vesc.cpp' has modification time 777672145 s in the future\n"}
[127.549149] (vesc_driver) StdoutLine: {'line': b'-- Generating done\n'}
[127.556271] (vesc_ackermann) StdoutLine: {'line': b'[ 42%] \x1b[32mBuilding CXX object CMakeFiles/vesc_ackermann.dir/src/ackermann_to_vesc.cpp.o\x1b[0m\n'}
[127.562655] (vesc_driver) StdoutLine: {'line': b'-- Build files have been written to: /home/nvidia/f1tenth_ws/build/vesc_driver\n'}
[127.564087] (vesc_ackermann) StdoutLine: {'line': b'[ 57%] \x1b[32mBuilding CXX object CMakeFiles/vesc_ackermann.dir/src/vesc_to_odom.cpp.o\x1b[0m\n'}
[127.568755] (-) TimerEvent: {}
[127.671037] (-) TimerEvent: {}
[127.724687] (vesc_driver) StdoutLine: {'line': b'\x1b[35m\x1b[1mScanning dependencies of target vesc_driver_node\x1b[0m\n'}
[127.725776] (vesc_driver) StdoutLine: {'line': b'\x1b[35m\x1b[1mScanning dependencies of target vesc_driver\x1b[0m\n'}
[127.771286] (-) TimerEvent: {}
[127.872342] (-) TimerEvent: {}
[127.918415] (vesc_driver) StderrLine: {'line': b"make[2]: Warning: File '/opt/ros/foxy/include/builtin_interfaces/msg/detail/duration__builder.hpp' has modification time 738473748 s in the future\n"}
[127.972621] (-) TimerEvent: {}
[127.995551] (vesc_driver) StderrLine: {'line': b"make[2]: Warning: File '/home/nvidia/f1tenth_ws/src/f1tenth_system/vesc/vesc_driver/src/vesc_driver.cpp' has modification time 777672145 s in the future\n"}
[128.018525] (vesc_driver) StdoutLine: {'line': b'[ 10%] \x1b[32mBuilding CXX object CMakeFiles/vesc_driver_node.dir/rclcpp_components/node_main_vesc_driver_node.cpp.o\x1b[0m\n'}
[128.072896] (-) TimerEvent: {}
[128.098032] (vesc_driver) StdoutLine: {'line': b'[ 20%] \x1b[32mBuilding CXX object CMakeFiles/vesc_driver.dir/src/vesc_driver.cpp.o\x1b[0m\n'}
[128.154045] (vesc_driver) StdoutLine: {'line': b'[ 30%] \x1b[32mBuilding CXX object CMakeFiles/vesc_driver.dir/src/vesc_packet_factory.cpp.o\x1b[0m\n'}
[128.162005] (vesc_driver) StdoutLine: {'line': b'[ 50%] \x1b[32mBuilding CXX object CMakeFiles/vesc_driver.dir/src/vesc_packet.cpp.o\x1b[0m\n'}
[128.170540] (vesc_driver) StdoutLine: {'line': b'[ 40%] \x1b[32mBuilding CXX object CMakeFiles/vesc_driver.dir/src/vesc_interface.cpp.o\x1b[0m\n'}
[128.173134] (-) TimerEvent: {}
[128.274178] (-) TimerEvent: {}
[128.376266] (-) TimerEvent: {}
[128.479049] (-) TimerEvent: {}
[128.581035] (-) TimerEvent: {}
[128.682825] (-) TimerEvent: {}
[128.784807] (-) TimerEvent: {}
[128.886638] (-) TimerEvent: {}
[128.988601] (-) TimerEvent: {}
[129.091096] (-) TimerEvent: {}
[129.193163] (-) TimerEvent: {}
[129.294993] (-) TimerEvent: {}
[129.397100] (-) TimerEvent: {}
[129.499225] (-) TimerEvent: {}
[129.601262] (-) TimerEvent: {}
[129.703366] (-) TimerEvent: {}
[129.805466] (-) TimerEvent: {}
[129.907699] (-) TimerEvent: {}
[130.010533] (-) TimerEvent: {}
[130.112563] (-) TimerEvent: {}
[130.214417] (-) TimerEvent: {}
[130.316483] (-) TimerEvent: {}
[130.418900] (-) TimerEvent: {}
[130.520943] (-) TimerEvent: {}
[130.623044] (-) TimerEvent: {}
[130.725131] (-) TimerEvent: {}
[130.828423] (-) TimerEvent: {}
[130.931600] (-) TimerEvent: {}
[131.033790] (-) TimerEvent: {}
[131.136769] (-) TimerEvent: {}
[131.238895] (-) TimerEvent: {}
[131.341019] (-) TimerEvent: {}
[131.442926] (-) TimerEvent: {}
[131.544787] (-) TimerEvent: {}
[131.646979] (-) TimerEvent: {}
[131.749056] (-) TimerEvent: {}
[131.850245] (-) TimerEvent: {}
[131.951361] (-) TimerEvent: {}
[132.052466] (-) TimerEvent: {}
[132.154170] (-) TimerEvent: {}
[132.255285] (-) TimerEvent: {}
[132.356519] (-) TimerEvent: {}
[132.457842] (-) TimerEvent: {}
[132.559062] (-) TimerEvent: {}
[132.660316] (-) TimerEvent: {}
[132.761569] (-) TimerEvent: {}
[132.862955] (-) TimerEvent: {}
[132.964241] (-) TimerEvent: {}
[133.065522] (-) TimerEvent: {}
[133.166846] (-) TimerEvent: {}
[133.268894] (-) TimerEvent: {}
[133.371113] (-) TimerEvent: {}
[133.473345] (-) TimerEvent: {}
[133.575482] (-) TimerEvent: {}
[133.677547] (-) TimerEvent: {}
[133.779605] (-) TimerEvent: {}
[133.881933] (-) TimerEvent: {}
[133.983935] (-) TimerEvent: {}
[134.085737] (-) TimerEvent: {}
[134.187759] (-) TimerEvent: {}
[134.289668] (-) TimerEvent: {}
[134.391686] (-) TimerEvent: {}
[134.493836] (-) TimerEvent: {}
[134.595691] (-) TimerEvent: {}
[134.697955] (-) TimerEvent: {}
[134.800135] (-) TimerEvent: {}
[134.902335] (-) TimerEvent: {}
[135.004235] (-) TimerEvent: {}
[135.106422] (-) TimerEvent: {}
[135.208546] (-) TimerEvent: {}
[135.310779] (-) TimerEvent: {}
[135.413574] (-) TimerEvent: {}
[135.515996] (-) TimerEvent: {}
[135.618150] (-) TimerEvent: {}
[135.721191] (-) TimerEvent: {}
[135.823497] (-) TimerEvent: {}
[135.925384] (-) TimerEvent: {}
[136.027531] (-) TimerEvent: {}
[136.129436] (-) TimerEvent: {}
[136.231365] (-) TimerEvent: {}
[136.333199] (-) TimerEvent: {}
[136.435441] (-) TimerEvent: {}
[136.537459] (-) TimerEvent: {}
[136.639481] (-) TimerEvent: {}
[136.740635] (-) TimerEvent: {}
[136.841926] (-) TimerEvent: {}
[136.944011] (-) TimerEvent: {}
[137.045178] (-) TimerEvent: {}
[137.146384] (-) TimerEvent: {}
[137.248633] (-) TimerEvent: {}
[137.349886] (-) TimerEvent: {}
[137.451014] (-) TimerEvent: {}
[137.552189] (-) TimerEvent: {}
[137.653383] (-) TimerEvent: {}
[137.755606] (-) TimerEvent: {}
[137.857493] (-) TimerEvent: {}
[137.959732] (-) TimerEvent: {}
[138.061868] (-) TimerEvent: {}
[138.163933] (-) TimerEvent: {}
[138.265869] (-) TimerEvent: {}
[138.368009] (-) TimerEvent: {}
[138.471328] (-) TimerEvent: {}
[138.573426] (-) TimerEvent: {}
[138.675656] (-) TimerEvent: {}
[138.777957] (-) TimerEvent: {}
[138.880334] (-) TimerEvent: {}
[138.983056] (-) TimerEvent: {}
[139.085252] (-) TimerEvent: {}
[139.187557] (-) TimerEvent: {}
[139.289803] (-) TimerEvent: {}
[139.391763] (-) TimerEvent: {}
[139.494562] (-) TimerEvent: {}
[139.596934] (-) TimerEvent: {}
[139.698880] (-) TimerEvent: {}
[139.801135] (-) TimerEvent: {}
[139.903415] (-) TimerEvent: {}
[140.005264] (-) TimerEvent: {}
[140.107459] (-) TimerEvent: {}
[140.209275] (-) TimerEvent: {}
[140.311505] (-) TimerEvent: {}
[140.413709] (-) TimerEvent: {}
[140.516642] (-) TimerEvent: {}
[140.618605] (-) TimerEvent: {}
[140.720722] (-) TimerEvent: {}
[140.822911] (-) TimerEvent: {}
[140.925293] (-) TimerEvent: {}
[141.027876] (-) TimerEvent: {}
[141.130466] (-) TimerEvent: {}
[141.232975] (-) TimerEvent: {}
[141.335405] (-) TimerEvent: {}
[141.437444] (-) TimerEvent: {}
[141.539842] (-) TimerEvent: {}
[141.642432] (-) TimerEvent: {}
[141.744577] (-) TimerEvent: {}
[141.847367] (-) TimerEvent: {}
[141.950105] (-) TimerEvent: {}
[142.052346] (-) TimerEvent: {}
[142.153579] (-) TimerEvent: {}
[142.254754] (-) TimerEvent: {}
[142.356051] (-) TimerEvent: {}
[142.457301] (-) TimerEvent: {}
[142.558765] (-) TimerEvent: {}
[142.566920] (vesc_ackermann) StdoutLine: {'line': b'[ 71%] \x1b[32m\x1b[1mLinking CXX executable vesc_to_odom_node\x1b[0m\n'}
[142.659085] (-) TimerEvent: {}
[142.760423] (-) TimerEvent: {}
[142.861827] (-) TimerEvent: {}
[142.964347] (-) TimerEvent: {}
[143.065842] (-) TimerEvent: {}
[143.167263] (-) TimerEvent: {}
[143.251255] (vesc_ackermann) StderrLine: {'line': b'make[2]: warning:  Clock skew detected.  Your build may be incomplete.\n'}
[143.267531] (-) TimerEvent: {}
[143.307608] (vesc_ackermann) StdoutLine: {'line': b'[ 85%] \x1b[32m\x1b[1mLinking CXX executable ackermann_to_vesc_node\x1b[0m\n'}
[143.320961] (vesc_ackermann) StdoutLine: {'line': b'[ 85%] Built target vesc_to_odom_node\n'}
[143.367851] (-) TimerEvent: {}
[143.469352] (-) TimerEvent: {}
[143.570696] (-) TimerEvent: {}
[143.672056] (-) TimerEvent: {}
[143.724388] (vesc_driver) StdoutLine: {'line': b'[ 60%] \x1b[32m\x1b[1mLinking CXX executable vesc_driver_node\x1b[0m\n'}
[143.772390] (-) TimerEvent: {}
[143.873858] (-) TimerEvent: {}
[143.923648] (vesc_ackermann) StderrLine: {'line': b'make[2]: warning:  Clock skew detected.  Your build may be incomplete.\n'}
[143.974021] (-) TimerEvent: {}
[143.977925] (vesc_ackermann) StdoutLine: {'line': b'[ 85%] Built target ackermann_to_vesc_node\n'}
[144.074343] (-) TimerEvent: {}
[144.175750] (-) TimerEvent: {}
[144.277204] (-) TimerEvent: {}
[144.353806] (vesc_driver) StderrLine: {'line': b'make[2]: warning:  Clock skew detected.  Your build may be incomplete.\n'}
[144.377472] (-) TimerEvent: {}
[144.407731] (vesc_driver) StdoutLine: {'line': b'[ 60%] Built target vesc_driver_node\n'}
[144.477951] (-) TimerEvent: {}
[144.579226] (-) TimerEvent: {}
[144.680514] (-) TimerEvent: {}
[144.781872] (-) TimerEvent: {}
[144.882960] (-) TimerEvent: {}
[144.984083] (-) TimerEvent: {}
[145.085356] (-) TimerEvent: {}
[145.186623] (-) TimerEvent: {}
[145.287799] (-) TimerEvent: {}
[145.389094] (-) TimerEvent: {}
[145.490428] (-) TimerEvent: {}
[145.591731] (-) TimerEvent: {}
[145.694016] (-) TimerEvent: {}
[145.795268] (-) TimerEvent: {}
[145.897139] (-) TimerEvent: {}
[145.999099] (-) TimerEvent: {}
[146.101039] (-) TimerEvent: {}
[146.203079] (-) TimerEvent: {}
[146.305085] (-) TimerEvent: {}
[146.407224] (-) TimerEvent: {}
[146.509353] (-) TimerEvent: {}
[146.610682] (-) TimerEvent: {}
[146.711897] (-) TimerEvent: {}
[146.813171] (-) TimerEvent: {}
[146.914486] (-) TimerEvent: {}
[147.016451] (-) TimerEvent: {}
[147.118716] (-) TimerEvent: {}
[147.219886] (-) TimerEvent: {}
[147.321088] (-) TimerEvent: {}
[147.422362] (-) TimerEvent: {}
[147.524443] (-) TimerEvent: {}
[147.626380] (-) TimerEvent: {}
[147.727564] (-) TimerEvent: {}
[147.829515] (-) TimerEvent: {}
[147.931615] (-) TimerEvent: {}
[148.033569] (-) TimerEvent: {}
[148.134911] (-) TimerEvent: {}
[148.236201] (-) TimerEvent: {}
[148.338197] (-) TimerEvent: {}
[148.440089] (-) TimerEvent: {}
[148.542522] (-) TimerEvent: {}
[148.644534] (-) TimerEvent: {}
[148.746918] (-) TimerEvent: {}
[148.848678] (-) TimerEvent: {}
[148.949965] (-) TimerEvent: {}
[149.051852] (-) TimerEvent: {}
[149.153874] (-) TimerEvent: {}
[149.255769] (-) TimerEvent: {}
[149.357844] (-) TimerEvent: {}
[149.458995] (-) TimerEvent: {}
[149.560349] (-) TimerEvent: {}
[149.662525] (-) TimerEvent: {}
[149.764666] (-) TimerEvent: {}
[149.866026] (-) TimerEvent: {}
[149.967328] (-) TimerEvent: {}
[150.068611] (-) TimerEvent: {}
[150.169908] (-) TimerEvent: {}
[150.271241] (-) TimerEvent: {}
[150.372617] (-) TimerEvent: {}
[150.474113] (-) TimerEvent: {}
[150.575483] (-) TimerEvent: {}
[150.676783] (-) TimerEvent: {}
[150.778228] (-) TimerEvent: {}
[150.879508] (-) TimerEvent: {}
[150.980838] (-) TimerEvent: {}
[151.082337] (-) TimerEvent: {}
[151.183611] (-) TimerEvent: {}
[151.284878] (-) TimerEvent: {}
[151.386453] (-) TimerEvent: {}
[151.487910] (-) TimerEvent: {}
[151.589401] (-) TimerEvent: {}
[151.691080] (-) TimerEvent: {}
[151.792329] (-) TimerEvent: {}
[151.893558] (-) TimerEvent: {}
[151.994963] (-) TimerEvent: {}
[152.096373] (-) TimerEvent: {}
[152.200279] (-) TimerEvent: {}
[152.301807] (-) TimerEvent: {}
[152.403253] (-) TimerEvent: {}
[152.504682] (-) TimerEvent: {}
[152.606191] (-) TimerEvent: {}
[152.707607] (-) TimerEvent: {}
[152.808904] (-) TimerEvent: {}
[152.910298] (-) TimerEvent: {}
[153.011676] (-) TimerEvent: {}
[153.113079] (-) TimerEvent: {}
[153.214739] (-) TimerEvent: {}
[153.316137] (-) TimerEvent: {}
[153.417606] (-) TimerEvent: {}
[153.519091] (-) TimerEvent: {}
[153.620589] (-) TimerEvent: {}
[153.722165] (-) TimerEvent: {}
[153.823608] (-) TimerEvent: {}
[153.925041] (-) TimerEvent: {}
[154.026533] (-) TimerEvent: {}
[154.129017] (-) TimerEvent: {}
[154.230537] (-) TimerEvent: {}
[154.331994] (-) TimerEvent: {}
[154.433530] (-) TimerEvent: {}
[154.535167] (-) TimerEvent: {}
[154.637123] (-) TimerEvent: {}
[154.738779] (-) TimerEvent: {}
[154.840291] (-) TimerEvent: {}
[154.941915] (-) TimerEvent: {}
[155.043268] (-) TimerEvent: {}
[155.144519] (-) TimerEvent: {}
[155.245899] (-) TimerEvent: {}
[155.347075] (-) TimerEvent: {}
[155.448312] (-) TimerEvent: {}
[155.549798] (-) TimerEvent: {}
[155.651039] (-) TimerEvent: {}
[155.752390] (-) TimerEvent: {}
[155.853745] (-) TimerEvent: {}
[155.954846] (-) TimerEvent: {}
[156.056078] (-) TimerEvent: {}
[156.157301] (-) TimerEvent: {}
[156.258669] (-) TimerEvent: {}
[156.359939] (-) TimerEvent: {}
[156.461293] (-) TimerEvent: {}
[156.562754] (-) TimerEvent: {}
[156.664134] (-) TimerEvent: {}
[156.765542] (-) TimerEvent: {}
[156.867085] (-) TimerEvent: {}
[156.968132] (-) TimerEvent: {}
[157.069191] (-) TimerEvent: {}
[157.170182] (-) TimerEvent: {}
[157.271180] (-) TimerEvent: {}
[157.372344] (-) TimerEvent: {}
[157.473471] (-) TimerEvent: {}
[157.574613] (-) TimerEvent: {}
[157.675714] (-) TimerEvent: {}
[157.776876] (-) TimerEvent: {}
[157.878081] (-) TimerEvent: {}
[157.979018] (-) TimerEvent: {}
[158.080070] (-) TimerEvent: {}
[158.181195] (-) TimerEvent: {}
[158.282373] (-) TimerEvent: {}
[158.383488] (-) TimerEvent: {}
[158.484591] (-) TimerEvent: {}
[158.585967] (-) TimerEvent: {}
[158.687058] (-) TimerEvent: {}
[158.788084] (-) TimerEvent: {}
[158.889139] (-) TimerEvent: {}
[158.990214] (-) TimerEvent: {}
[159.091237] (-) TimerEvent: {}
[159.192246] (-) TimerEvent: {}
[159.293292] (-) TimerEvent: {}
[159.394450] (-) TimerEvent: {}
[159.495463] (-) TimerEvent: {}
[159.596463] (-) TimerEvent: {}
[159.697602] (-) TimerEvent: {}
[159.798777] (-) TimerEvent: {}
[159.899840] (-) TimerEvent: {}
[160.000907] (-) TimerEvent: {}
[160.101984] (-) TimerEvent: {}
[160.203013] (-) TimerEvent: {}
[160.304051] (-) TimerEvent: {}
[160.405140] (-) TimerEvent: {}
[160.506304] (-) TimerEvent: {}
[160.607798] (-) TimerEvent: {}
[160.709963] (-) TimerEvent: {}
[160.811958] (-) TimerEvent: {}
[160.913884] (-) TimerEvent: {}
[161.015066] (-) TimerEvent: {}
[161.116318] (-) TimerEvent: {}
[161.218037] (-) TimerEvent: {}
[161.319215] (-) TimerEvent: {}
[161.420413] (-) TimerEvent: {}
[161.521592] (-) TimerEvent: {}
[161.622922] (-) TimerEvent: {}
[161.724085] (-) TimerEvent: {}
[161.825356] (-) TimerEvent: {}
[161.926738] (-) TimerEvent: {}
[162.027987] (-) TimerEvent: {}
[162.129244] (-) TimerEvent: {}
[162.230675] (-) TimerEvent: {}
[162.331949] (-) TimerEvent: {}
[162.433240] (-) TimerEvent: {}
[162.534726] (-) TimerEvent: {}
[162.635963] (-) TimerEvent: {}
[162.737216] (-) TimerEvent: {}
[162.838576] (-) TimerEvent: {}
[162.939855] (-) TimerEvent: {}
[163.041114] (-) TimerEvent: {}
[163.142514] (-) TimerEvent: {}
[163.193697] (vesc_driver) StdoutLine: {'line': b'[ 70%] \x1b[32m\x1b[1mLinking CXX shared library libvesc_driver.so\x1b[0m\n'}
[163.242762] (-) TimerEvent: {}
[163.344090] (-) TimerEvent: {}
[163.445334] (-) TimerEvent: {}
[163.546803] (-) TimerEvent: {}
[163.648174] (-) TimerEvent: {}
[163.749458] (-) TimerEvent: {}
[163.850856] (-) TimerEvent: {}
[163.952060] (-) TimerEvent: {}
[164.053306] (-) TimerEvent: {}
[164.154647] (-) TimerEvent: {}
[164.255800] (-) TimerEvent: {}
[164.356959] (-) TimerEvent: {}
[164.458217] (-) TimerEvent: {}
[164.559588] (-) TimerEvent: {}
[164.660977] (-) TimerEvent: {}
[164.762361] (-) TimerEvent: {}
[164.851102] (vesc_ackermann) StdoutLine: {'line': b'[100%] \x1b[32m\x1b[1mLinking CXX shared library libvesc_ackermann.so\x1b[0m\n'}
[164.862590] (-) TimerEvent: {}
[164.963807] (-) TimerEvent: {}
[165.065308] (-) TimerEvent: {}
[165.167923] (-) TimerEvent: {}
[165.274078] (-) TimerEvent: {}
[165.306704] (vesc_driver) StderrLine: {'line': b'make[2]: warning:  Clock skew detected.  Your build may be incomplete.\n'}
[165.356317] (vesc_driver) StdoutLine: {'line': b'[ 70%] Built target vesc_driver\n'}
[165.374293] (-) TimerEvent: {}
[165.421547] (vesc_driver) StdoutLine: {'line': b'\x1b[35m\x1b[1mScanning dependencies of target vesc_device_namer\x1b[0m\n'}
[165.448362] (vesc_driver) StderrLine: {'line': b"make[2]: Warning: File '/home/nvidia/f1tenth_ws/src/f1tenth_system/vesc/vesc_driver/src/vesc_device_namer.cpp' has modification time 777672107 s in the future\n"}
[165.474567] (-) TimerEvent: {}
[165.498437] (vesc_driver) StdoutLine: {'line': b'[ 80%] \x1b[32mBuilding CXX object CMakeFiles/vesc_device_namer.dir/src/vesc_device_namer.cpp.o\x1b[0m\n'}
[165.503812] (vesc_driver) StdoutLine: {'line': b'[ 90%] \x1b[32mBuilding CXX object CMakeFiles/vesc_device_namer.dir/src/vesc_device_uuid_lookup.cpp.o\x1b[0m\n'}
[165.574876] (-) TimerEvent: {}
[165.677228] (-) TimerEvent: {}
[165.779937] (-) TimerEvent: {}
[165.882540] (-) TimerEvent: {}
[165.984848] (-) TimerEvent: {}
[166.087178] (-) TimerEvent: {}
[166.189056] (-) TimerEvent: {}
[166.290867] (-) TimerEvent: {}
[166.392657] (-) TimerEvent: {}
[166.494466] (-) TimerEvent: {}
[166.596266] (-) TimerEvent: {}
[166.697550] (-) TimerEvent: {}
[166.798941] (-) TimerEvent: {}
[166.900314] (-) TimerEvent: {}
[167.001785] (-) TimerEvent: {}
[167.103193] (-) TimerEvent: {}
[167.204429] (-) TimerEvent: {}
[167.305568] (-) TimerEvent: {}
[167.323741] (vesc_ackermann) StderrLine: {'line': b'make[2]: warning:  Clock skew detected.  Your build may be incomplete.\n'}
[167.375542] (vesc_ackermann) StdoutLine: {'line': b'[100%] Built target vesc_ackermann\n'}
[167.405865] (-) TimerEvent: {}
[167.441130] (vesc_ackermann) CommandEnded: {'returncode': 0}
[167.506673] (-) TimerEvent: {}
[167.609118] (-) TimerEvent: {}
[167.664498] (vesc_ackermann) JobProgress: {'identifier': 'vesc_ackermann', 'progress': 'install'}
[167.674782] (vesc_ackermann) Command: {'cmd': ['/usr/bin/cmake', '--install', '/home/nvidia/f1tenth_ws/build/vesc_ackermann'], 'cwd': '/home/nvidia/f1tenth_ws/build/vesc_ackermann', 'env': OrderedDict([('LESSOPEN', '| /usr/bin/lesspipe %s'), ('USER', 'nvidia'), ('SSH_CLIENT', '192.168.1.108 51828 22'), ('XDG_SESSION_TYPE', 'tty'), ('SHLVL', '1'), ('LD_LIBRARY_PATH', '/home/nvidia/f1tenth_ws/install/vesc_msgs/lib://home/nvidia/f1tenth_ws/install/vesc_driver/lib://home/nvidia/f1tenth_ws/install/vesc_ackermann/lib://home/nvidia/f1tenth_ws/install/vesc_msgs/lib://home/nvidia/f1tenth_ws/install/teleop_tools_msgs/lib:/usr/lib/aarch64-linux-gnu/gazebo-11/plugins:/opt/ros/foxy/opt/yaml_cpp_vendor/lib:/opt/ros/foxy/opt/rviz_ogre_vendor/lib:/opt/ros/foxy/lib/aarch64-linux-gnu:/opt/ros/foxy/lib:/usr/local/cuda-11.4/lib64'), ('MOTD_SHOWN', 'pam'), ('HOME', '/home/nvidia'), ('OLDPWD', '/home/nvidia'), ('SSH_TTY', '/dev/pts/0'), ('ROS_PYTHON_VERSION', '3'), ('DBUS_SESSION_BUS_ADDRESS', 'unix:path=/run/user/1000/bus'), ('COLCON_PREFIX_PATH', '//home/nvidia/f1tenth_ws/install'), ('ROS_DISTRO', 'foxy'), ('LOGNAME', 'nvidia'), ('_', '/usr/bin/colcon'), ('ROS_VERSION', '2'), ('XDG_SESSION_CLASS', 'user'), ('TERM', 'xterm-256color'), ('XDG_SESSION_ID', '8'), ('GAZEBO_MODEL_PATH', ':/opt/ros/foxy/share/turtlebot3_gazebo/models'), ('ROS_LOCALHOST_ONLY', '0'), ('PATH', '/home/nvidia/.local/bin:/opt/ros/foxy/bin:/usr/local/cuda-11.4/bin:/usr/local/sbin:/usr/local/bin:/usr/sbin:/usr/bin:/sbin:/bin:/usr/games:/usr/local/games:/snap/bin'), ('XDG_RUNTIME_DIR', '/run/user/1000'), ('LANG', 'en_US.UTF-8'), ('LS_COLORS', 'rs=0:di=01;34:ln=01;36:mh=00:pi=40;33:so=01;35:do=01;35:bd=40;33;01:cd=40;33;01:or=40;31;01:mi=00:su=37;41:sg=30;43:ca=30;41:tw=30;42:ow=34;42:st=37;44:ex=01;32:*.tar=01;31:*.tgz=01;31:*.arc=01;31:*.arj=01;31:*.taz=01;31:*.lha=01;31:*.lz4=01;31:*.lzh=01;31:*.lzma=01;31:*.tlz=01;31:*.txz=01;31:*.tzo=01;31:*.t7z=01;31:*.zip=01;31:*.z=01;31:*.dz=01;31:*.gz=01;31:*.lrz=01;31:*.lz=01;31:*.lzo=01;31:*.xz=01;31:*.zst=01;31:*.tzst=01;31:*.bz2=01;31:*.bz=01;31:*.tbz=01;31:*.tbz2=01;31:*.tz=01;31:*.deb=01;31:*.rpm=01;31:*.jar=01;31:*.war=01;31:*.ear=01;31:*.sar=01;31:*.rar=01;31:*.alz=01;31:*.ace=01;31:*.zoo=01;31:*.cpio=01;31:*.7z=01;31:*.rz=01;31:*.cab=01;31:*.wim=01;31:*.swm=01;31:*.dwm=01;31:*.esd=01;31:*.jpg=01;35:*.jpeg=01;35:*.mjpg=01;35:*.mjpeg=01;35:*.gif=01;35:*.bmp=01;35:*.pbm=01;35:*.pgm=01;35:*.ppm=01;35:*.tga=01;35:*.xbm=01;35:*.xpm=01;35:*.tif=01;35:*.tiff=01;35:*.png=01;35:*.svg=01;35:*.svgz=01;35:*.mng=01;35:*.pcx=01;35:*.mov=01;35:*.mpg=01;35:*.mpeg=01;35:*.m2v=01;35:*.mkv=01;35:*.webm=01;35:*.ogm=01;35:*.mp4=01;35:*.m4v=01;35:*.mp4v=01;35:*.vob=01;35:*.qt=01;35:*.nuv=01;35:*.wmv=01;35:*.asf=01;35:*.rm=01;35:*.rmvb=01;35:*.flc=01;35:*.avi=01;35:*.fli=01;35:*.flv=01;35:*.gl=01;35:*.dl=01;35:*.xcf=01;35:*.xwd=01;35:*.yuv=01;35:*.cgm=01;35:*.emf=01;35:*.ogv=01;35:*.ogx=01;35:*.aac=00;36:*.au=00;36:*.flac=00;36:*.m4a=00;36:*.mid=00;36:*.midi=00;36:*.mka=00;36:*.mp3=00;36:*.mpc=00;36:*.ogg=00;36:*.ra=00;36:*.wav=00;36:*.oga=00;36:*.opus=00;36:*.spx=00;36:*.xspf=00;36:'), ('ROS_DOMAIN_ID', '10'), ('AMENT_PREFIX_PATH', '/home/nvidia/f1tenth_ws/install/vesc_msgs://home/nvidia/f1tenth_ws/install/f1tenth_stack://home/nvidia/f1tenth_ws/install/vesc://home/nvidia/f1tenth_ws/install/vesc_driver://home/nvidia/f1tenth_ws/install/vesc_ackermann://home/nvidia/f1tenth_ws/install/vesc_msgs://home/nvidia/f1tenth_ws/install/teleop_tools://home/nvidia/f1tenth_ws/install/joy_teleop://home/nvidia/f1tenth_ws/install/teleop_tools_msgs://home/nvidia/f1tenth_ws/install/pure_pursuit://home/nvidia/f1tenth_ws/install/phasespace://home/nvidia/f1tenth_ws/install/new_map_saver://home/nvidia/f1tenth_ws/install/mouse_teleop://home/nvidia/f1tenth_ws/install/mapping://home/nvidia/f1tenth_ws/install/key_teleop://home/nvidia/f1tenth_ws/install/f1tenth_controllers://home/nvidia/f1tenth_ws/install/ackermann_mux:/opt/ros/foxy'), ('SHELL', '/bin/bash'), ('LESSCLOSE', '/usr/bin/lesspipe %s %s'), ('PWD', '/home/nvidia/f1tenth_ws/build/vesc_ackermann'), ('TURTLEBOT3_MODEL', 'waffle'), ('LC_ALL', 'en_US.UTF-8'), ('SSH_CONNECTION', '192.168.1.108 51828 192.168.1.202 22'), ('XDG_DATA_DIRS', '/usr/local/share:/usr/share:/var/lib/snapd/desktop'), ('PYTHONPATH', '/home/nvidia/f1tenth_ws/install/vesc_msgs/lib/python3.8/site-packages://home/nvidia/f1tenth_ws/install/f1tenth_stack/lib/python3.8/site-packages://home/nvidia/f1tenth_ws/install/vesc_msgs/lib/python3.8/site-packages://home/nvidia/f1tenth_ws/install/joy_teleop/lib/python3.8/site-packages://home/nvidia/f1tenth_ws/install/teleop_tools_msgs/lib/python3.8/site-packages://home/nvidia/f1tenth_ws/install/phasespace/lib/python3.8/site-packages://home/nvidia/f1tenth_ws/install/new_map_saver/lib/python3.8/site-packages://home/nvidia/f1tenth_ws/install/mouse_teleop/lib/python3.8/site-packages://home/nvidia/f1tenth_ws/install/mapping/lib/python3.8/site-packages://home/nvidia/f1tenth_ws/install/key_teleop/lib/python3.8/site-packages://home/nvidia/f1tenth_ws/install/f1tenth_controllers/lib/python3.8/site-packages:/opt/ros/foxy/lib/python3.8/site-packages'), ('COLCON', '1'), ('CMAKE_PREFIX_PATH', '/home/nvidia/f1tenth_ws/install/vesc_msgs://home/nvidia/f1tenth_ws/install/vesc://home/nvidia/f1tenth_ws/install/vesc_driver://home/nvidia/f1tenth_ws/install/vesc_ackermann://home/nvidia/f1tenth_ws/install/vesc_msgs://home/nvidia/f1tenth_ws/install/teleop_tools://home/nvidia/f1tenth_ws/install/teleop_tools_msgs://home/nvidia/f1tenth_ws/install/pure_pursuit://home/nvidia/f1tenth_ws/install/ackermann_mux://home/nvidia/f1tenth_ws/install/f1tenth_stack://home/nvidia/f1tenth_ws/install/joy_teleop://home/nvidia/f1tenth_ws/install/phasespace://home/nvidia/f1tenth_ws/install/new_map_saver://home/nvidia/f1tenth_ws/install/mouse_teleop://home/nvidia/f1tenth_ws/install/mapping://home/nvidia/f1tenth_ws/install/key_teleop://home/nvidia/f1tenth_ws/install/f1tenth_controllers:/opt/ros/foxy')]), 'shell': False}
[167.709495] (-) TimerEvent: {}
[167.724232] (vesc_ackermann) StdoutLine: {'line': b'-- Install configuration: ""\n'}
[167.725582] (vesc_ackermann) StdoutLine: {'line': b'-- Installing: /home/nvidia/f1tenth_ws/install/vesc_ackermann/lib/vesc_ackermann/ackermann_to_vesc_node\n'}
[167.731698] (vesc_ackermann) StdoutLine: {'line': b'-- Set runtime path of "/home/nvidia/f1tenth_ws/install/vesc_ackermann/lib/vesc_ackermann/ackermann_to_vesc_node" to ""\n'}
[167.732836] (vesc_ackermann) StdoutLine: {'line': b'-- Installing: /home/nvidia/f1tenth_ws/install/vesc_ackermann/lib/vesc_ackermann/vesc_to_odom_node\n'}
[167.737852] (vesc_ackermann) StdoutLine: {'line': b'-- Set runtime path of "/home/nvidia/f1tenth_ws/install/vesc_ackermann/lib/vesc_ackermann/vesc_to_odom_node" to ""\n'}
[167.739005] (vesc_ackermann) StdoutLine: {'line': b'-- Installing: /home/nvidia/f1tenth_ws/install/vesc_ackermann/include\n'}
[167.739973] (vesc_ackermann) StdoutLine: {'line': b'-- Installing: /home/nvidia/f1tenth_ws/install/vesc_ackermann/include/vesc_ackermann\n'}
[167.740496] (vesc_ackermann) StdoutLine: {'line': b'-- Installing: /home/nvidia/f1tenth_ws/install/vesc_ackermann/include/vesc_ackermann/vesc_to_odom.hpp\n'}
[167.740934] (vesc_ackermann) StdoutLine: {'line': b'-- Installing: /home/nvidia/f1tenth_ws/install/vesc_ackermann/include/vesc_ackermann/ackermann_to_vesc.hpp\n'}
[167.741764] (vesc_ackermann) StdoutLine: {'line': b'-- Installing: /home/nvidia/f1tenth_ws/install/vesc_ackermann/share/vesc_ackermann/environment/library_path.sh\n'}
[167.743093] (vesc_ackermann) StdoutLine: {'line': b'-- Installing: /home/nvidia/f1tenth_ws/install/vesc_ackermann/share/vesc_ackermann/environment/library_path.dsv\n'}
[167.744271] (vesc_ackermann) StdoutLine: {'line': b'-- Installing: /home/nvidia/f1tenth_ws/install/vesc_ackermann/lib/libvesc_ackermann.so\n'}
[167.810016] (vesc_ackermann) StdoutLine: {'line': b'-- Set runtime path of "/home/nvidia/f1tenth_ws/install/vesc_ackermann/lib/libvesc_ackermann.so" to ""\n'}
[167.811446] (-) TimerEvent: {}
[167.812321] (vesc_ackermann) StdoutLine: {'line': b'-- Installing: /home/nvidia/f1tenth_ws/install/vesc_ackermann/share/vesc_ackermann/launch\n'}
[167.813327] (vesc_ackermann) StdoutLine: {'line': b'-- Installing: /home/nvidia/f1tenth_ws/install/vesc_ackermann/share/vesc_ackermann/launch/ackermann_to_vesc_node.launch.xml\n'}
[167.814034] (vesc_ackermann) StdoutLine: {'line': b'-- Installing: /home/nvidia/f1tenth_ws/install/vesc_ackermann/share/vesc_ackermann/launch/vesc_to_odom_node.launch.xml\n'}
[167.815248] (vesc_ackermann) StdoutLine: {'line': b'-- Installing: /home/nvidia/f1tenth_ws/install/vesc_ackermann/share/ament_index/resource_index/package_run_dependencies/vesc_ackermann\n'}
[167.816101] (vesc_ackermann) StdoutLine: {'line': b'-- Installing: /home/nvidia/f1tenth_ws/install/vesc_ackermann/share/ament_index/resource_index/parent_prefix_path/vesc_ackermann\n'}
[167.817191] (vesc_ackermann) StdoutLine: {'line': b'-- Installing: /home/nvidia/f1tenth_ws/install/vesc_ackermann/share/vesc_ackermann/environment/ament_prefix_path.sh\n'}
[167.818166] (vesc_ackermann) StdoutLine: {'line': b'-- Installing: /home/nvidia/f1tenth_ws/install/vesc_ackermann/share/vesc_ackermann/environment/ament_prefix_path.dsv\n'}
[167.819184] (vesc_ackermann) StdoutLine: {'line': b'-- Installing: /home/nvidia/f1tenth_ws/install/vesc_ackermann/share/vesc_ackermann/environment/path.sh\n'}
[167.820220] (vesc_ackermann) StdoutLine: {'line': b'-- Installing: /home/nvidia/f1tenth_ws/install/vesc_ackermann/share/vesc_ackermann/environment/path.dsv\n'}
[167.821307] (vesc_ackermann) StdoutLine: {'line': b'-- Installing: /home/nvidia/f1tenth_ws/install/vesc_ackermann/share/vesc_ackermann/local_setup.bash\n'}
[167.822283] (vesc_ackermann) StdoutLine: {'line': b'-- Installing: /home/nvidia/f1tenth_ws/install/vesc_ackermann/share/vesc_ackermann/local_setup.sh\n'}
[167.823243] (vesc_ackermann) StdoutLine: {'line': b'-- Installing: /home/nvidia/f1tenth_ws/install/vesc_ackermann/share/vesc_ackermann/local_setup.zsh\n'}
[167.824278] (vesc_ackermann) StdoutLine: {'line': b'-- Installing: /home/nvidia/f1tenth_ws/install/vesc_ackermann/share/vesc_ackermann/local_setup.dsv\n'}
[167.825255] (vesc_ackermann) StdoutLine: {'line': b'-- Installing: /home/nvidia/f1tenth_ws/install/vesc_ackermann/share/vesc_ackermann/package.dsv\n'}
[167.826637] (vesc_ackermann) StdoutLine: {'line': b'-- Installing: /home/nvidia/f1tenth_ws/install/vesc_ackermann/share/ament_index/resource_index/packages/vesc_ackermann\n'}
[167.827843] (vesc_ackermann) StdoutLine: {'line': b'-- Installing: /home/nvidia/f1tenth_ws/install/vesc_ackermann/share/ament_index/resource_index/rclcpp_components/vesc_ackermann\n'}
[167.829169] (vesc_ackermann) StdoutLine: {'line': b'-- Installing: /home/nvidia/f1tenth_ws/install/vesc_ackermann/share/vesc_ackermann/cmake/ament_cmake_export_dependencies-extras.cmake\n'}
[167.830141] (vesc_ackermann) StdoutLine: {'line': b'-- Installing: /home/nvidia/f1tenth_ws/install/vesc_ackermann/share/vesc_ackermann/cmake/ament_cmake_export_include_directories-extras.cmake\n'}
[167.831227] (vesc_ackermann) StdoutLine: {'line': b'-- Installing: /home/nvidia/f1tenth_ws/install/vesc_ackermann/share/vesc_ackermann/cmake/ament_cmake_export_libraries-extras.cmake\n'}
[167.832269] (vesc_ackermann) StdoutLine: {'line': b'-- Installing: /home/nvidia/f1tenth_ws/install/vesc_ackermann/share/vesc_ackermann/cmake/vesc_ackermannConfig.cmake\n'}
[167.833132] (vesc_ackermann) StdoutLine: {'line': b'-- Installing: /home/nvidia/f1tenth_ws/install/vesc_ackermann/share/vesc_ackermann/cmake/vesc_ackermannConfig-version.cmake\n'}
[167.834040] (vesc_ackermann) StdoutLine: {'line': b'-- Installing: /home/nvidia/f1tenth_ws/install/vesc_ackermann/share/vesc_ackermann/package.xml\n'}
[167.843735] (vesc_ackermann) CommandEnded: {'returncode': 0}
[167.912237] (-) TimerEvent: {}
[168.014633] (-) TimerEvent: {}
[168.116601] (-) TimerEvent: {}
[168.157801] (vesc_ackermann) JobEnded: {'identifier': 'vesc_ackermann', 'rc': 0}
[168.216809] (-) TimerEvent: {}
[168.317845] (-) TimerEvent: {}
[168.418967] (-) TimerEvent: {}
[168.453925] (vesc_driver) StdoutLine: {'line': b'[100%] \x1b[32m\x1b[1mLinking CXX executable vesc_device_namer\x1b[0m\n'}
[168.519193] (-) TimerEvent: {}
[168.620285] (-) TimerEvent: {}
[168.721832] (-) TimerEvent: {}
[168.823199] (-) TimerEvent: {}
[168.924398] (-) TimerEvent: {}
[169.025593] (-) TimerEvent: {}
[169.126846] (-) TimerEvent: {}
[169.228067] (-) TimerEvent: {}
[169.329391] (-) TimerEvent: {}
[169.389473] (vesc_driver) StderrLine: {'line': b'make[2]: warning:  Clock skew detected.  Your build may be incomplete.\n'}
[169.429586] (-) TimerEvent: {}
[169.439480] (vesc_driver) StdoutLine: {'line': b'[100%] Built target vesc_device_namer\n'}
[169.505198] (vesc_driver) CommandEnded: {'returncode': 0}
[169.530306] (-) TimerEvent: {}
[169.632319] (-) TimerEvent: {}
[169.733238] (-) TimerEvent: {}
[169.764304] (vesc_driver) JobProgress: {'identifier': 'vesc_driver', 'progress': 'install'}
[169.768802] (vesc_driver) Command: {'cmd': ['/usr/bin/cmake', '--install', '/home/nvidia/f1tenth_ws/build/vesc_driver'], 'cwd': '/home/nvidia/f1tenth_ws/build/vesc_driver', 'env': OrderedDict([('LESSOPEN', '| /usr/bin/lesspipe %s'), ('USER', 'nvidia'), ('SSH_CLIENT', '192.168.1.108 51828 22'), ('XDG_SESSION_TYPE', 'tty'), ('SHLVL', '1'), ('LD_LIBRARY_PATH', '/home/nvidia/f1tenth_ws/install/vesc_msgs/lib://home/nvidia/f1tenth_ws/install/vesc_driver/lib://home/nvidia/f1tenth_ws/install/vesc_ackermann/lib://home/nvidia/f1tenth_ws/install/vesc_msgs/lib://home/nvidia/f1tenth_ws/install/teleop_tools_msgs/lib:/usr/lib/aarch64-linux-gnu/gazebo-11/plugins:/opt/ros/foxy/opt/yaml_cpp_vendor/lib:/opt/ros/foxy/opt/rviz_ogre_vendor/lib:/opt/ros/foxy/lib/aarch64-linux-gnu:/opt/ros/foxy/lib:/usr/local/cuda-11.4/lib64'), ('MOTD_SHOWN', 'pam'), ('HOME', '/home/nvidia'), ('OLDPWD', '/home/nvidia'), ('SSH_TTY', '/dev/pts/0'), ('ROS_PYTHON_VERSION', '3'), ('DBUS_SESSION_BUS_ADDRESS', 'unix:path=/run/user/1000/bus'), ('COLCON_PREFIX_PATH', '//home/nvidia/f1tenth_ws/install'), ('ROS_DISTRO', 'foxy'), ('LOGNAME', 'nvidia'), ('_', '/usr/bin/colcon'), ('ROS_VERSION', '2'), ('XDG_SESSION_CLASS', 'user'), ('TERM', 'xterm-256color'), ('XDG_SESSION_ID', '8'), ('GAZEBO_MODEL_PATH', ':/opt/ros/foxy/share/turtlebot3_gazebo/models'), ('ROS_LOCALHOST_ONLY', '0'), ('PATH', '/home/nvidia/.local/bin:/opt/ros/foxy/bin:/usr/local/cuda-11.4/bin:/usr/local/sbin:/usr/local/bin:/usr/sbin:/usr/bin:/sbin:/bin:/usr/games:/usr/local/games:/snap/bin'), ('XDG_RUNTIME_DIR', '/run/user/1000'), ('LANG', 'en_US.UTF-8'), ('LS_COLORS', 'rs=0:di=01;34:ln=01;36:mh=00:pi=40;33:so=01;35:do=01;35:bd=40;33;01:cd=40;33;01:or=40;31;01:mi=00:su=37;41:sg=30;43:ca=30;41:tw=30;42:ow=34;42:st=37;44:ex=01;32:*.tar=01;31:*.tgz=01;31:*.arc=01;31:*.arj=01;31:*.taz=01;31:*.lha=01;31:*.lz4=01;31:*.lzh=01;31:*.lzma=01;31:*.tlz=01;31:*.txz=01;31:*.tzo=01;31:*.t7z=01;31:*.zip=01;31:*.z=01;31:*.dz=01;31:*.gz=01;31:*.lrz=01;31:*.lz=01;31:*.lzo=01;31:*.xz=01;31:*.zst=01;31:*.tzst=01;31:*.bz2=01;31:*.bz=01;31:*.tbz=01;31:*.tbz2=01;31:*.tz=01;31:*.deb=01;31:*.rpm=01;31:*.jar=01;31:*.war=01;31:*.ear=01;31:*.sar=01;31:*.rar=01;31:*.alz=01;31:*.ace=01;31:*.zoo=01;31:*.cpio=01;31:*.7z=01;31:*.rz=01;31:*.cab=01;31:*.wim=01;31:*.swm=01;31:*.dwm=01;31:*.esd=01;31:*.jpg=01;35:*.jpeg=01;35:*.mjpg=01;35:*.mjpeg=01;35:*.gif=01;35:*.bmp=01;35:*.pbm=01;35:*.pgm=01;35:*.ppm=01;35:*.tga=01;35:*.xbm=01;35:*.xpm=01;35:*.tif=01;35:*.tiff=01;35:*.png=01;35:*.svg=01;35:*.svgz=01;35:*.mng=01;35:*.pcx=01;35:*.mov=01;35:*.mpg=01;35:*.mpeg=01;35:*.m2v=01;35:*.mkv=01;35:*.webm=01;35:*.ogm=01;35:*.mp4=01;35:*.m4v=01;35:*.mp4v=01;35:*.vob=01;35:*.qt=01;35:*.nuv=01;35:*.wmv=01;35:*.asf=01;35:*.rm=01;35:*.rmvb=01;35:*.flc=01;35:*.avi=01;35:*.fli=01;35:*.flv=01;35:*.gl=01;35:*.dl=01;35:*.xcf=01;35:*.xwd=01;35:*.yuv=01;35:*.cgm=01;35:*.emf=01;35:*.ogv=01;35:*.ogx=01;35:*.aac=00;36:*.au=00;36:*.flac=00;36:*.m4a=00;36:*.mid=00;36:*.midi=00;36:*.mka=00;36:*.mp3=00;36:*.mpc=00;36:*.ogg=00;36:*.ra=00;36:*.wav=00;36:*.oga=00;36:*.opus=00;36:*.spx=00;36:*.xspf=00;36:'), ('ROS_DOMAIN_ID', '10'), ('AMENT_PREFIX_PATH', '/home/nvidia/f1tenth_ws/install/vesc_msgs://home/nvidia/f1tenth_ws/install/f1tenth_stack://home/nvidia/f1tenth_ws/install/vesc://home/nvidia/f1tenth_ws/install/vesc_driver://home/nvidia/f1tenth_ws/install/vesc_ackermann://home/nvidia/f1tenth_ws/install/vesc_msgs://home/nvidia/f1tenth_ws/install/teleop_tools://home/nvidia/f1tenth_ws/install/joy_teleop://home/nvidia/f1tenth_ws/install/teleop_tools_msgs://home/nvidia/f1tenth_ws/install/pure_pursuit://home/nvidia/f1tenth_ws/install/phasespace://home/nvidia/f1tenth_ws/install/new_map_saver://home/nvidia/f1tenth_ws/install/mouse_teleop://home/nvidia/f1tenth_ws/install/mapping://home/nvidia/f1tenth_ws/install/key_teleop://home/nvidia/f1tenth_ws/install/f1tenth_controllers://home/nvidia/f1tenth_ws/install/ackermann_mux:/opt/ros/foxy'), ('SHELL', '/bin/bash'), ('LESSCLOSE', '/usr/bin/lesspipe %s %s'), ('PWD', '/home/nvidia/f1tenth_ws/build/vesc_driver'), ('TURTLEBOT3_MODEL', 'waffle'), ('LC_ALL', 'en_US.UTF-8'), ('SSH_CONNECTION', '192.168.1.108 51828 192.168.1.202 22'), ('XDG_DATA_DIRS', '/usr/local/share:/usr/share:/var/lib/snapd/desktop'), ('PYTHONPATH', '/home/nvidia/f1tenth_ws/install/vesc_msgs/lib/python3.8/site-packages://home/nvidia/f1tenth_ws/install/f1tenth_stack/lib/python3.8/site-packages://home/nvidia/f1tenth_ws/install/vesc_msgs/lib/python3.8/site-packages://home/nvidia/f1tenth_ws/install/joy_teleop/lib/python3.8/site-packages://home/nvidia/f1tenth_ws/install/teleop_tools_msgs/lib/python3.8/site-packages://home/nvidia/f1tenth_ws/install/phasespace/lib/python3.8/site-packages://home/nvidia/f1tenth_ws/install/new_map_saver/lib/python3.8/site-packages://home/nvidia/f1tenth_ws/install/mouse_teleop/lib/python3.8/site-packages://home/nvidia/f1tenth_ws/install/mapping/lib/python3.8/site-packages://home/nvidia/f1tenth_ws/install/key_teleop/lib/python3.8/site-packages://home/nvidia/f1tenth_ws/install/f1tenth_controllers/lib/python3.8/site-packages:/opt/ros/foxy/lib/python3.8/site-packages'), ('COLCON', '1'), ('CMAKE_PREFIX_PATH', '/home/nvidia/f1tenth_ws/install/vesc_msgs://home/nvidia/f1tenth_ws/install/vesc://home/nvidia/f1tenth_ws/install/vesc_driver://home/nvidia/f1tenth_ws/install/vesc_ackermann://home/nvidia/f1tenth_ws/install/vesc_msgs://home/nvidia/f1tenth_ws/install/teleop_tools://home/nvidia/f1tenth_ws/install/teleop_tools_msgs://home/nvidia/f1tenth_ws/install/pure_pursuit://home/nvidia/f1tenth_ws/install/ackermann_mux://home/nvidia/f1tenth_ws/install/f1tenth_stack://home/nvidia/f1tenth_ws/install/joy_teleop://home/nvidia/f1tenth_ws/install/phasespace://home/nvidia/f1tenth_ws/install/new_map_saver://home/nvidia/f1tenth_ws/install/mouse_teleop://home/nvidia/f1tenth_ws/install/mapping://home/nvidia/f1tenth_ws/install/key_teleop://home/nvidia/f1tenth_ws/install/f1tenth_controllers:/opt/ros/foxy')]), 'shell': False}
[169.826446] (vesc_driver) StdoutLine: {'line': b'-- Install configuration: ""\n'}
[169.827725] (vesc_driver) StdoutLine: {'line': b'-- Installing: /home/nvidia/f1tenth_ws/install/vesc_driver/lib/vesc_driver/vesc_driver_node\n'}
[169.833404] (-) TimerEvent: {}
[169.834733] (vesc_driver) StdoutLine: {'line': b'-- Set runtime path of "/home/nvidia/f1tenth_ws/install/vesc_driver/lib/vesc_driver/vesc_driver_node" to ""\n'}
[169.835566] (vesc_driver) StdoutLine: {'line': b'-- Installing: /home/nvidia/f1tenth_ws/install/vesc_driver/include\n'}
[169.836166] (vesc_driver) StdoutLine: {'line': b'-- Installing: /home/nvidia/f1tenth_ws/install/vesc_driver/include/vesc_driver\n'}
[169.836565] (vesc_driver) StdoutLine: {'line': b'-- Installing: /home/nvidia/f1tenth_ws/install/vesc_driver/include/vesc_driver/vesc_interface.hpp\n'}
[169.837248] (vesc_driver) StdoutLine: {'line': b'-- Installing: /home/nvidia/f1tenth_ws/install/vesc_driver/include/vesc_driver/vesc_driver.hpp\n'}
[169.837841] (vesc_driver) StdoutLine: {'line': b'-- Installing: /home/nvidia/f1tenth_ws/install/vesc_driver/include/vesc_driver/vesc_packet.hpp\n'}
[169.838250] (vesc_driver) StdoutLine: {'line': b'-- Installing: /home/nvidia/f1tenth_ws/install/vesc_driver/include/vesc_driver/vesc_packet_factory.hpp\n'}
[169.838908] (vesc_driver) StdoutLine: {'line': b'-- Installing: /home/nvidia/f1tenth_ws/install/vesc_driver/include/vesc_driver/datatypes.hpp\n'}
[169.839435] (vesc_driver) StdoutLine: {'line': b'-- Installing: /home/nvidia/f1tenth_ws/install/vesc_driver/include/vesc_driver/crc.hpp\n'}
[169.840670] (vesc_driver) StdoutLine: {'line': b'-- Installing: /home/nvidia/f1tenth_ws/install/vesc_driver/include/vesc_driver/vesc_device_uuid_lookup.hpp\n'}
[169.842217] (vesc_driver) StdoutLine: {'line': b'-- Installing: /home/nvidia/f1tenth_ws/install/vesc_driver/share/vesc_driver/environment/library_path.sh\n'}
[169.843302] (vesc_driver) StdoutLine: {'line': b'-- Installing: /home/nvidia/f1tenth_ws/install/vesc_driver/share/vesc_driver/environment/library_path.dsv\n'}
[169.844404] (vesc_driver) StdoutLine: {'line': b'-- Installing: /home/nvidia/f1tenth_ws/install/vesc_driver/lib/libvesc_driver.so\n'}
[169.894240] (vesc_driver) StdoutLine: {'line': b'-- Set runtime path of "/home/nvidia/f1tenth_ws/install/vesc_driver/lib/libvesc_driver.so" to ""\n'}
[169.895059] (vesc_driver) StdoutLine: {'line': b'-- Installing: /home/nvidia/f1tenth_ws/install/vesc_driver/lib/vesc_driver/vesc_device_namer\n'}
[169.898934] (vesc_driver) StdoutLine: {'line': b'-- Set runtime path of "/home/nvidia/f1tenth_ws/install/vesc_driver/lib/vesc_driver/vesc_device_namer" to ""\n'}
[169.899491] (vesc_driver) StdoutLine: {'line': b'-- Installing: /home/nvidia/f1tenth_ws/install/vesc_driver/share/vesc_driver/launch\n'}
[169.900075] (vesc_driver) StdoutLine: {'line': b'-- Installing: /home/nvidia/f1tenth_ws/install/vesc_driver/share/vesc_driver/launch/vesc_driver_node.launch.py\n'}
[169.901106] (vesc_driver) StdoutLine: {'line': b'-- Installing: /home/nvidia/f1tenth_ws/install/vesc_driver/share/vesc_driver/params\n'}
[169.901705] (vesc_driver) StdoutLine: {'line': b'-- Installing: /home/nvidia/f1tenth_ws/install/vesc_driver/share/vesc_driver/params/vesc_config.yaml\n'}
[169.903309] (vesc_driver) StdoutLine: {'line': b'-- Installing: /home/nvidia/f1tenth_ws/install/vesc_driver/share/ament_index/resource_index/package_run_dependencies/vesc_driver\n'}
[169.904542] (vesc_driver) StdoutLine: {'line': b'-- Installing: /home/nvidia/f1tenth_ws/install/vesc_driver/share/ament_index/resource_index/parent_prefix_path/vesc_driver\n'}
[169.905481] (vesc_driver) StdoutLine: {'line': b'-- Installing: /home/nvidia/f1tenth_ws/install/vesc_driver/share/vesc_driver/environment/ament_prefix_path.sh\n'}
[169.906527] (vesc_driver) StdoutLine: {'line': b'-- Installing: /home/nvidia/f1tenth_ws/install/vesc_driver/share/vesc_driver/environment/ament_prefix_path.dsv\n'}
[169.907471] (vesc_driver) StdoutLine: {'line': b'-- Installing: /home/nvidia/f1tenth_ws/install/vesc_driver/share/vesc_driver/environment/path.sh\n'}
[169.908421] (vesc_driver) StdoutLine: {'line': b'-- Installing: /home/nvidia/f1tenth_ws/install/vesc_driver/share/vesc_driver/environment/path.dsv\n'}
[169.909382] (vesc_driver) StdoutLine: {'line': b'-- Installing: /home/nvidia/f1tenth_ws/install/vesc_driver/share/vesc_driver/local_setup.bash\n'}
[169.910356] (vesc_driver) StdoutLine: {'line': b'-- Installing: /home/nvidia/f1tenth_ws/install/vesc_driver/share/vesc_driver/local_setup.sh\n'}
[169.911291] (vesc_driver) StdoutLine: {'line': b'-- Installing: /home/nvidia/f1tenth_ws/install/vesc_driver/share/vesc_driver/local_setup.zsh\n'}
[169.912299] (vesc_driver) StdoutLine: {'line': b'-- Installing: /home/nvidia/f1tenth_ws/install/vesc_driver/share/vesc_driver/local_setup.dsv\n'}
[169.913209] (vesc_driver) StdoutLine: {'line': b'-- Installing: /home/nvidia/f1tenth_ws/install/vesc_driver/share/vesc_driver/package.dsv\n'}
[169.914492] (vesc_driver) StdoutLine: {'line': b'-- Installing: /home/nvidia/f1tenth_ws/install/vesc_driver/share/ament_index/resource_index/packages/vesc_driver\n'}
[169.915671] (vesc_driver) StdoutLine: {'line': b'-- Installing: /home/nvidia/f1tenth_ws/install/vesc_driver/share/ament_index/resource_index/rclcpp_components/vesc_driver\n'}
[169.916857] (vesc_driver) StdoutLine: {'line': b'-- Installing: /home/nvidia/f1tenth_ws/install/vesc_driver/share/vesc_driver/cmake/ament_cmake_export_dependencies-extras.cmake\n'}
[169.917833] (vesc_driver) StdoutLine: {'line': b'-- Installing: /home/nvidia/f1tenth_ws/install/vesc_driver/share/vesc_driver/cmake/ament_cmake_export_include_directories-extras.cmake\n'}
[169.918878] (vesc_driver) StdoutLine: {'line': b'-- Installing: /home/nvidia/f1tenth_ws/install/vesc_driver/share/vesc_driver/cmake/ament_cmake_export_libraries-extras.cmake\n'}
[169.919785] (vesc_driver) StdoutLine: {'line': b'-- Installing: /home/nvidia/f1tenth_ws/install/vesc_driver/share/vesc_driver/cmake/vesc_driverConfig.cmake\n'}
[169.920502] (vesc_driver) StdoutLine: {'line': b'-- Installing: /home/nvidia/f1tenth_ws/install/vesc_driver/share/vesc_driver/cmake/vesc_driverConfig-version.cmake\n'}
[169.921404] (vesc_driver) StdoutLine: {'line': b'-- Installing: /home/nvidia/f1tenth_ws/install/vesc_driver/share/vesc_driver/package.xml\n'}
[169.931037] (vesc_driver) CommandEnded: {'returncode': 0}
[169.937683] (-) TimerEvent: {}
[170.039553] (-) TimerEvent: {}
[170.141762] (-) TimerEvent: {}
[170.244265] (-) TimerEvent: {}
[170.290664] (vesc_driver) JobEnded: {'identifier': 'vesc_driver', 'rc': 0}
[170.297712] (vesc) JobStarted: {'identifier': 'vesc'}
[170.345107] (-) TimerEvent: {}
[170.393896] (vesc) JobProgress: {'identifier': 'vesc', 'progress': 'cmake'}
[170.395294] (vesc) Command: {'cmd': ['/usr/bin/cmake', '/home/nvidia/f1tenth_ws/src/f1tenth_system/vesc/vesc', '-DCMAKE_INSTALL_PREFIX=/home/nvidia/f1tenth_ws/install/vesc'], 'cwd': '/home/nvidia/f1tenth_ws/build/vesc', 'env': OrderedDict([('LESSOPEN', '| /usr/bin/lesspipe %s'), ('USER', 'nvidia'), ('SSH_CLIENT', '192.168.1.108 51828 22'), ('XDG_SESSION_TYPE', 'tty'), ('SHLVL', '1'), ('LD_LIBRARY_PATH', '/home/nvidia/f1tenth_ws/install/vesc_driver/lib:/home/nvidia/f1tenth_ws/install/vesc_ackermann/lib:/home/nvidia/f1tenth_ws/install/vesc_msgs/lib://home/nvidia/f1tenth_ws/install/vesc_driver/lib://home/nvidia/f1tenth_ws/install/vesc_ackermann/lib://home/nvidia/f1tenth_ws/install/vesc_msgs/lib://home/nvidia/f1tenth_ws/install/teleop_tools_msgs/lib:/usr/lib/aarch64-linux-gnu/gazebo-11/plugins:/opt/ros/foxy/opt/yaml_cpp_vendor/lib:/opt/ros/foxy/opt/rviz_ogre_vendor/lib:/opt/ros/foxy/lib/aarch64-linux-gnu:/opt/ros/foxy/lib:/usr/local/cuda-11.4/lib64'), ('MOTD_SHOWN', 'pam'), ('HOME', '/home/nvidia'), ('OLDPWD', '/home/nvidia'), ('SSH_TTY', '/dev/pts/0'), ('ROS_PYTHON_VERSION', '3'), ('DBUS_SESSION_BUS_ADDRESS', 'unix:path=/run/user/1000/bus'), ('COLCON_PREFIX_PATH', '//home/nvidia/f1tenth_ws/install'), ('ROS_DISTRO', 'foxy'), ('LOGNAME', 'nvidia'), ('_', '/usr/bin/colcon'), ('ROS_VERSION', '2'), ('XDG_SESSION_CLASS', 'user'), ('TERM', 'xterm-256color'), ('XDG_SESSION_ID', '8'), ('GAZEBO_MODEL_PATH', ':/opt/ros/foxy/share/turtlebot3_gazebo/models'), ('ROS_LOCALHOST_ONLY', '0'), ('PATH', '/home/nvidia/.local/bin:/opt/ros/foxy/bin:/usr/local/cuda-11.4/bin:/usr/local/sbin:/usr/local/bin:/usr/sbin:/usr/bin:/sbin:/bin:/usr/games:/usr/local/games:/snap/bin'), ('XDG_RUNTIME_DIR', '/run/user/1000'), ('LANG', 'en_US.UTF-8'), ('LS_COLORS', 'rs=0:di=01;34:ln=01;36:mh=00:pi=40;33:so=01;35:do=01;35:bd=40;33;01:cd=40;33;01:or=40;31;01:mi=00:su=37;41:sg=30;43:ca=30;41:tw=30;42:ow=34;42:st=37;44:ex=01;32:*.tar=01;31:*.tgz=01;31:*.arc=01;31:*.arj=01;31:*.taz=01;31:*.lha=01;31:*.lz4=01;31:*.lzh=01;31:*.lzma=01;31:*.tlz=01;31:*.txz=01;31:*.tzo=01;31:*.t7z=01;31:*.zip=01;31:*.z=01;31:*.dz=01;31:*.gz=01;31:*.lrz=01;31:*.lz=01;31:*.lzo=01;31:*.xz=01;31:*.zst=01;31:*.tzst=01;31:*.bz2=01;31:*.bz=01;31:*.tbz=01;31:*.tbz2=01;31:*.tz=01;31:*.deb=01;31:*.rpm=01;31:*.jar=01;31:*.war=01;31:*.ear=01;31:*.sar=01;31:*.rar=01;31:*.alz=01;31:*.ace=01;31:*.zoo=01;31:*.cpio=01;31:*.7z=01;31:*.rz=01;31:*.cab=01;31:*.wim=01;31:*.swm=01;31:*.dwm=01;31:*.esd=01;31:*.jpg=01;35:*.jpeg=01;35:*.mjpg=01;35:*.mjpeg=01;35:*.gif=01;35:*.bmp=01;35:*.pbm=01;35:*.pgm=01;35:*.ppm=01;35:*.tga=01;35:*.xbm=01;35:*.xpm=01;35:*.tif=01;35:*.tiff=01;35:*.png=01;35:*.svg=01;35:*.svgz=01;35:*.mng=01;35:*.pcx=01;35:*.mov=01;35:*.mpg=01;35:*.mpeg=01;35:*.m2v=01;35:*.mkv=01;35:*.webm=01;35:*.ogm=01;35:*.mp4=01;35:*.m4v=01;35:*.mp4v=01;35:*.vob=01;35:*.qt=01;35:*.nuv=01;35:*.wmv=01;35:*.asf=01;35:*.rm=01;35:*.rmvb=01;35:*.flc=01;35:*.avi=01;35:*.fli=01;35:*.flv=01;35:*.gl=01;35:*.dl=01;35:*.xcf=01;35:*.xwd=01;35:*.yuv=01;35:*.cgm=01;35:*.emf=01;35:*.ogv=01;35:*.ogx=01;35:*.aac=00;36:*.au=00;36:*.flac=00;36:*.m4a=00;36:*.mid=00;36:*.midi=00;36:*.mka=00;36:*.mp3=00;36:*.mpc=00;36:*.ogg=00;36:*.ra=00;36:*.wav=00;36:*.oga=00;36:*.opus=00;36:*.spx=00;36:*.xspf=00;36:'), ('ROS_DOMAIN_ID', '10'), ('AMENT_PREFIX_PATH', '/home/nvidia/f1tenth_ws/install/vesc_driver:/home/nvidia/f1tenth_ws/install/vesc_ackermann:/home/nvidia/f1tenth_ws/install/vesc_msgs://home/nvidia/f1tenth_ws/install/f1tenth_stack://home/nvidia/f1tenth_ws/install/vesc://home/nvidia/f1tenth_ws/install/vesc_driver://home/nvidia/f1tenth_ws/install/vesc_ackermann://home/nvidia/f1tenth_ws/install/vesc_msgs://home/nvidia/f1tenth_ws/install/teleop_tools://home/nvidia/f1tenth_ws/install/joy_teleop://home/nvidia/f1tenth_ws/install/teleop_tools_msgs://home/nvidia/f1tenth_ws/install/pure_pursuit://home/nvidia/f1tenth_ws/install/phasespace://home/nvidia/f1tenth_ws/install/new_map_saver://home/nvidia/f1tenth_ws/install/mouse_teleop://home/nvidia/f1tenth_ws/install/mapping://home/nvidia/f1tenth_ws/install/key_teleop://home/nvidia/f1tenth_ws/install/f1tenth_controllers://home/nvidia/f1tenth_ws/install/ackermann_mux:/opt/ros/foxy'), ('SHELL', '/bin/bash'), ('LESSCLOSE', '/usr/bin/lesspipe %s %s'), ('PWD', '/home/nvidia/f1tenth_ws/build/vesc'), ('TURTLEBOT3_MODEL', 'waffle'), ('LC_ALL', 'en_US.UTF-8'), ('SSH_CONNECTION', '192.168.1.108 51828 192.168.1.202 22'), ('XDG_DATA_DIRS', '/usr/local/share:/usr/share:/var/lib/snapd/desktop'), ('PYTHONPATH', '/home/nvidia/f1tenth_ws/install/vesc_msgs/lib/python3.8/site-packages://home/nvidia/f1tenth_ws/install/f1tenth_stack/lib/python3.8/site-packages://home/nvidia/f1tenth_ws/install/vesc_msgs/lib/python3.8/site-packages://home/nvidia/f1tenth_ws/install/joy_teleop/lib/python3.8/site-packages://home/nvidia/f1tenth_ws/install/teleop_tools_msgs/lib/python3.8/site-packages://home/nvidia/f1tenth_ws/install/phasespace/lib/python3.8/site-packages://home/nvidia/f1tenth_ws/install/new_map_saver/lib/python3.8/site-packages://home/nvidia/f1tenth_ws/install/mouse_teleop/lib/python3.8/site-packages://home/nvidia/f1tenth_ws/install/mapping/lib/python3.8/site-packages://home/nvidia/f1tenth_ws/install/key_teleop/lib/python3.8/site-packages://home/nvidia/f1tenth_ws/install/f1tenth_controllers/lib/python3.8/site-packages:/opt/ros/foxy/lib/python3.8/site-packages'), ('COLCON', '1'), ('CMAKE_PREFIX_PATH', '/home/nvidia/f1tenth_ws/install/vesc_driver:/home/nvidia/f1tenth_ws/install/vesc_ackermann:/home/nvidia/f1tenth_ws/install/vesc_msgs://home/nvidia/f1tenth_ws/install/vesc://home/nvidia/f1tenth_ws/install/vesc_driver://home/nvidia/f1tenth_ws/install/vesc_ackermann://home/nvidia/f1tenth_ws/install/vesc_msgs://home/nvidia/f1tenth_ws/install/teleop_tools://home/nvidia/f1tenth_ws/install/teleop_tools_msgs://home/nvidia/f1tenth_ws/install/pure_pursuit://home/nvidia/f1tenth_ws/install/ackermann_mux://home/nvidia/f1tenth_ws/install/f1tenth_stack://home/nvidia/f1tenth_ws/install/joy_teleop://home/nvidia/f1tenth_ws/install/phasespace://home/nvidia/f1tenth_ws/install/new_map_saver://home/nvidia/f1tenth_ws/install/mouse_teleop://home/nvidia/f1tenth_ws/install/mapping://home/nvidia/f1tenth_ws/install/key_teleop://home/nvidia/f1tenth_ws/install/f1tenth_controllers:/opt/ros/foxy')]), 'shell': False}
[170.445203] (-) TimerEvent: {}
[170.546803] (-) TimerEvent: {}
[170.647918] (-) TimerEvent: {}
[170.748967] (-) TimerEvent: {}
[170.769437] (vesc) StdoutLine: {'line': b'-- The C compiler identification is GNU 9.4.0\n'}
[170.849181] (-) TimerEvent: {}
[170.950383] (-) TimerEvent: {}
[171.051944] (-) TimerEvent: {}
[171.117510] (vesc) StdoutLine: {'line': b'-- The CXX compiler identification is GNU 9.4.0\n'}
[171.147791] (vesc) StdoutLine: {'line': b'-- Check for working C compiler: /usr/bin/cc\n'}
[171.152062] (-) TimerEvent: {}
[171.252873] (-) TimerEvent: {}
[171.354048] (-) TimerEvent: {}
[171.455091] (-) TimerEvent: {}
[171.556194] (-) TimerEvent: {}
[171.582795] (vesc) StdoutLine: {'line': b'-- Check for working C compiler: /usr/bin/cc -- works\n'}
[171.587519] (vesc) StdoutLine: {'line': b'-- Detecting C compiler ABI info\n'}
[171.656444] (-) TimerEvent: {}
[171.757545] (-) TimerEvent: {}
[171.858601] (-) TimerEvent: {}
[171.959676] (-) TimerEvent: {}
[172.025218] (vesc) StdoutLine: {'line': b'-- Detecting C compiler ABI info - done\n'}
[172.059879] (-) TimerEvent: {}
[172.083882] (vesc) StdoutLine: {'line': b'-- Detecting C compile features\n'}
[172.085458] (vesc) StdoutLine: {'line': b'-- Detecting C compile features - done\n'}
[172.097684] (vesc) StdoutLine: {'line': b'-- Check for working CXX compiler: /usr/bin/c++\n'}
[172.160128] (-) TimerEvent: {}
[172.261248] (-) TimerEvent: {}
[172.363090] (-) TimerEvent: {}
[172.464155] (-) TimerEvent: {}
[172.565216] (-) TimerEvent: {}
[172.579504] (vesc) StdoutLine: {'line': b'-- Check for working CXX compiler: /usr/bin/c++ -- works\n'}
[172.584782] (vesc) StdoutLine: {'line': b'-- Detecting CXX compiler ABI info\n'}
[172.665500] (-) TimerEvent: {}
[172.766644] (-) TimerEvent: {}
[172.867614] (-) TimerEvent: {}
[172.968612] (-) TimerEvent: {}
[173.068521] (vesc) StdoutLine: {'line': b'-- Detecting CXX compiler ABI info - done\n'}
[173.069427] (-) TimerEvent: {}
[173.127692] (vesc) StdoutLine: {'line': b'-- Detecting CXX compile features\n'}
[173.130000] (vesc) StdoutLine: {'line': b'-- Detecting CXX compile features - done\n'}
[173.152871] (vesc) StdoutLine: {'line': b'-- Found ament_cmake_auto: 0.9.12 (/opt/ros/foxy/share/ament_cmake_auto/cmake)\n'}
[173.169594] (-) TimerEvent: {}
[173.270628] (-) TimerEvent: {}
[173.342359] (vesc) StdoutLine: {'line': b'-- Found PythonInterp: /usr/bin/python3 (found suitable version "3.8.10", minimum required is "3") \n'}
[173.343405] (vesc) StdoutLine: {'line': b'-- Using PYTHON_EXECUTABLE: /usr/bin/python3\n'}
[173.370773] (-) TimerEvent: {}
[173.471847] (-) TimerEvent: {}
[173.572696] (-) TimerEvent: {}
[173.673445] (-) TimerEvent: {}
[173.774274] (-) TimerEvent: {}
[173.874968] (-) TimerEvent: {}
[173.975621] (-) TimerEvent: {}
[174.076365] (-) TimerEvent: {}
[174.177086] (-) TimerEvent: {}
[174.277956] (-) TimerEvent: {}
[174.378801] (-) TimerEvent: {}
[174.479678] (-) TimerEvent: {}
[174.580429] (-) TimerEvent: {}
[174.681213] (-) TimerEvent: {}
[174.782042] (-) TimerEvent: {}
[174.882877] (-) TimerEvent: {}
[174.902675] (vesc) StdoutLine: {'line': b'-- Configuring done\n'}
[174.914513] (vesc) StdoutLine: {'line': b'-- Generating done\n'}
[174.919366] (vesc) StdoutLine: {'line': b'-- Build files have been written to: /home/nvidia/f1tenth_ws/build/vesc\n'}
[174.936426] (vesc) CommandEnded: {'returncode': 0}
[174.939719] (vesc) JobProgress: {'identifier': 'vesc', 'progress': 'build'}
[174.942966] (vesc) Command: {'cmd': ['/usr/bin/cmake', '--build', '/home/nvidia/f1tenth_ws/build/vesc', '--', '-j6', '-l6'], 'cwd': '/home/nvidia/f1tenth_ws/build/vesc', 'env': OrderedDict([('LESSOPEN', '| /usr/bin/lesspipe %s'), ('USER', 'nvidia'), ('SSH_CLIENT', '192.168.1.108 51828 22'), ('XDG_SESSION_TYPE', 'tty'), ('SHLVL', '1'), ('LD_LIBRARY_PATH', '/home/nvidia/f1tenth_ws/install/vesc_driver/lib:/home/nvidia/f1tenth_ws/install/vesc_ackermann/lib:/home/nvidia/f1tenth_ws/install/vesc_msgs/lib://home/nvidia/f1tenth_ws/install/vesc_driver/lib://home/nvidia/f1tenth_ws/install/vesc_ackermann/lib://home/nvidia/f1tenth_ws/install/vesc_msgs/lib://home/nvidia/f1tenth_ws/install/teleop_tools_msgs/lib:/usr/lib/aarch64-linux-gnu/gazebo-11/plugins:/opt/ros/foxy/opt/yaml_cpp_vendor/lib:/opt/ros/foxy/opt/rviz_ogre_vendor/lib:/opt/ros/foxy/lib/aarch64-linux-gnu:/opt/ros/foxy/lib:/usr/local/cuda-11.4/lib64'), ('MOTD_SHOWN', 'pam'), ('HOME', '/home/nvidia'), ('OLDPWD', '/home/nvidia'), ('SSH_TTY', '/dev/pts/0'), ('ROS_PYTHON_VERSION', '3'), ('DBUS_SESSION_BUS_ADDRESS', 'unix:path=/run/user/1000/bus'), ('COLCON_PREFIX_PATH', '//home/nvidia/f1tenth_ws/install'), ('ROS_DISTRO', 'foxy'), ('LOGNAME', 'nvidia'), ('_', '/usr/bin/colcon'), ('ROS_VERSION', '2'), ('XDG_SESSION_CLASS', 'user'), ('TERM', 'xterm-256color'), ('XDG_SESSION_ID', '8'), ('GAZEBO_MODEL_PATH', ':/opt/ros/foxy/share/turtlebot3_gazebo/models'), ('ROS_LOCALHOST_ONLY', '0'), ('PATH', '/home/nvidia/.local/bin:/opt/ros/foxy/bin:/usr/local/cuda-11.4/bin:/usr/local/sbin:/usr/local/bin:/usr/sbin:/usr/bin:/sbin:/bin:/usr/games:/usr/local/games:/snap/bin'), ('XDG_RUNTIME_DIR', '/run/user/1000'), ('LANG', 'en_US.UTF-8'), ('LS_COLORS', 'rs=0:di=01;34:ln=01;36:mh=00:pi=40;33:so=01;35:do=01;35:bd=40;33;01:cd=40;33;01:or=40;31;01:mi=00:su=37;41:sg=30;43:ca=30;41:tw=30;42:ow=34;42:st=37;44:ex=01;32:*.tar=01;31:*.tgz=01;31:*.arc=01;31:*.arj=01;31:*.taz=01;31:*.lha=01;31:*.lz4=01;31:*.lzh=01;31:*.lzma=01;31:*.tlz=01;31:*.txz=01;31:*.tzo=01;31:*.t7z=01;31:*.zip=01;31:*.z=01;31:*.dz=01;31:*.gz=01;31:*.lrz=01;31:*.lz=01;31:*.lzo=01;31:*.xz=01;31:*.zst=01;31:*.tzst=01;31:*.bz2=01;31:*.bz=01;31:*.tbz=01;31:*.tbz2=01;31:*.tz=01;31:*.deb=01;31:*.rpm=01;31:*.jar=01;31:*.war=01;31:*.ear=01;31:*.sar=01;31:*.rar=01;31:*.alz=01;31:*.ace=01;31:*.zoo=01;31:*.cpio=01;31:*.7z=01;31:*.rz=01;31:*.cab=01;31:*.wim=01;31:*.swm=01;31:*.dwm=01;31:*.esd=01;31:*.jpg=01;35:*.jpeg=01;35:*.mjpg=01;35:*.mjpeg=01;35:*.gif=01;35:*.bmp=01;35:*.pbm=01;35:*.pgm=01;35:*.ppm=01;35:*.tga=01;35:*.xbm=01;35:*.xpm=01;35:*.tif=01;35:*.tiff=01;35:*.png=01;35:*.svg=01;35:*.svgz=01;35:*.mng=01;35:*.pcx=01;35:*.mov=01;35:*.mpg=01;35:*.mpeg=01;35:*.m2v=01;35:*.mkv=01;35:*.webm=01;35:*.ogm=01;35:*.mp4=01;35:*.m4v=01;35:*.mp4v=01;35:*.vob=01;35:*.qt=01;35:*.nuv=01;35:*.wmv=01;35:*.asf=01;35:*.rm=01;35:*.rmvb=01;35:*.flc=01;35:*.avi=01;35:*.fli=01;35:*.flv=01;35:*.gl=01;35:*.dl=01;35:*.xcf=01;35:*.xwd=01;35:*.yuv=01;35:*.cgm=01;35:*.emf=01;35:*.ogv=01;35:*.ogx=01;35:*.aac=00;36:*.au=00;36:*.flac=00;36:*.m4a=00;36:*.mid=00;36:*.midi=00;36:*.mka=00;36:*.mp3=00;36:*.mpc=00;36:*.ogg=00;36:*.ra=00;36:*.wav=00;36:*.oga=00;36:*.opus=00;36:*.spx=00;36:*.xspf=00;36:'), ('ROS_DOMAIN_ID', '10'), ('AMENT_PREFIX_PATH', '/home/nvidia/f1tenth_ws/install/vesc_driver:/home/nvidia/f1tenth_ws/install/vesc_ackermann:/home/nvidia/f1tenth_ws/install/vesc_msgs://home/nvidia/f1tenth_ws/install/f1tenth_stack://home/nvidia/f1tenth_ws/install/vesc://home/nvidia/f1tenth_ws/install/vesc_driver://home/nvidia/f1tenth_ws/install/vesc_ackermann://home/nvidia/f1tenth_ws/install/vesc_msgs://home/nvidia/f1tenth_ws/install/teleop_tools://home/nvidia/f1tenth_ws/install/joy_teleop://home/nvidia/f1tenth_ws/install/teleop_tools_msgs://home/nvidia/f1tenth_ws/install/pure_pursuit://home/nvidia/f1tenth_ws/install/phasespace://home/nvidia/f1tenth_ws/install/new_map_saver://home/nvidia/f1tenth_ws/install/mouse_teleop://home/nvidia/f1tenth_ws/install/mapping://home/nvidia/f1tenth_ws/install/key_teleop://home/nvidia/f1tenth_ws/install/f1tenth_controllers://home/nvidia/f1tenth_ws/install/ackermann_mux:/opt/ros/foxy'), ('SHELL', '/bin/bash'), ('LESSCLOSE', '/usr/bin/lesspipe %s %s'), ('PWD', '/home/nvidia/f1tenth_ws/build/vesc'), ('TURTLEBOT3_MODEL', 'waffle'), ('LC_ALL', 'en_US.UTF-8'), ('SSH_CONNECTION', '192.168.1.108 51828 192.168.1.202 22'), ('XDG_DATA_DIRS', '/usr/local/share:/usr/share:/var/lib/snapd/desktop'), ('PYTHONPATH', '/home/nvidia/f1tenth_ws/install/vesc_msgs/lib/python3.8/site-packages://home/nvidia/f1tenth_ws/install/f1tenth_stack/lib/python3.8/site-packages://home/nvidia/f1tenth_ws/install/vesc_msgs/lib/python3.8/site-packages://home/nvidia/f1tenth_ws/install/joy_teleop/lib/python3.8/site-packages://home/nvidia/f1tenth_ws/install/teleop_tools_msgs/lib/python3.8/site-packages://home/nvidia/f1tenth_ws/install/phasespace/lib/python3.8/site-packages://home/nvidia/f1tenth_ws/install/new_map_saver/lib/python3.8/site-packages://home/nvidia/f1tenth_ws/install/mouse_teleop/lib/python3.8/site-packages://home/nvidia/f1tenth_ws/install/mapping/lib/python3.8/site-packages://home/nvidia/f1tenth_ws/install/key_teleop/lib/python3.8/site-packages://home/nvidia/f1tenth_ws/install/f1tenth_controllers/lib/python3.8/site-packages:/opt/ros/foxy/lib/python3.8/site-packages'), ('COLCON', '1'), ('CMAKE_PREFIX_PATH', '/home/nvidia/f1tenth_ws/install/vesc_driver:/home/nvidia/f1tenth_ws/install/vesc_ackermann:/home/nvidia/f1tenth_ws/install/vesc_msgs://home/nvidia/f1tenth_ws/install/vesc://home/nvidia/f1tenth_ws/install/vesc_driver://home/nvidia/f1tenth_ws/install/vesc_ackermann://home/nvidia/f1tenth_ws/install/vesc_msgs://home/nvidia/f1tenth_ws/install/teleop_tools://home/nvidia/f1tenth_ws/install/teleop_tools_msgs://home/nvidia/f1tenth_ws/install/pure_pursuit://home/nvidia/f1tenth_ws/install/ackermann_mux://home/nvidia/f1tenth_ws/install/f1tenth_stack://home/nvidia/f1tenth_ws/install/joy_teleop://home/nvidia/f1tenth_ws/install/phasespace://home/nvidia/f1tenth_ws/install/new_map_saver://home/nvidia/f1tenth_ws/install/mouse_teleop://home/nvidia/f1tenth_ws/install/mapping://home/nvidia/f1tenth_ws/install/key_teleop://home/nvidia/f1tenth_ws/install/f1tenth_controllers:/opt/ros/foxy')]), 'shell': False}
[174.983232] (-) TimerEvent: {}
[175.084594] (-) TimerEvent: {}
[175.097366] (vesc) StdoutLine: {'line': b'-- Found ament_cmake_auto: 0.9.12 (/opt/ros/foxy/share/ament_cmake_auto/cmake)\n'}
[175.184752] (-) TimerEvent: {}
[175.228240] (vesc) StdoutLine: {'line': b'-- Using PYTHON_EXECUTABLE: /usr/bin/python3\n'}
[175.284928] (-) TimerEvent: {}
[175.385867] (-) TimerEvent: {}
[175.486706] (-) TimerEvent: {}
[175.587500] (-) TimerEvent: {}
[175.688343] (-) TimerEvent: {}
[175.789073] (-) TimerEvent: {}
[175.889816] (-) TimerEvent: {}
[175.990535] (-) TimerEvent: {}
[176.091337] (-) TimerEvent: {}
[176.192094] (-) TimerEvent: {}
[176.292939] (-) TimerEvent: {}
[176.393723] (-) TimerEvent: {}
[176.494521] (-) TimerEvent: {}
[176.538222] (vesc) StdoutLine: {'line': b'-- Configuring done\n'}
[176.550950] (vesc) StdoutLine: {'line': b'-- Generating done\n'}
[176.556580] (vesc) StdoutLine: {'line': b'-- Build files have been written to: /home/nvidia/f1tenth_ws/build/vesc\n'}
[176.594740] (-) TimerEvent: {}
[176.681912] (vesc) CommandEnded: {'returncode': 0}
[176.697216] (-) TimerEvent: {}
[176.801929] (-) TimerEvent: {}
[176.828008] (vesc) JobProgress: {'identifier': 'vesc', 'progress': 'install'}
[176.830189] (vesc) Command: {'cmd': ['/usr/bin/cmake', '--install', '/home/nvidia/f1tenth_ws/build/vesc'], 'cwd': '/home/nvidia/f1tenth_ws/build/vesc', 'env': OrderedDict([('LESSOPEN', '| /usr/bin/lesspipe %s'), ('USER', 'nvidia'), ('SSH_CLIENT', '192.168.1.108 51828 22'), ('XDG_SESSION_TYPE', 'tty'), ('SHLVL', '1'), ('LD_LIBRARY_PATH', '/home/nvidia/f1tenth_ws/install/vesc_driver/lib:/home/nvidia/f1tenth_ws/install/vesc_ackermann/lib:/home/nvidia/f1tenth_ws/install/vesc_msgs/lib://home/nvidia/f1tenth_ws/install/vesc_driver/lib://home/nvidia/f1tenth_ws/install/vesc_ackermann/lib://home/nvidia/f1tenth_ws/install/vesc_msgs/lib://home/nvidia/f1tenth_ws/install/teleop_tools_msgs/lib:/usr/lib/aarch64-linux-gnu/gazebo-11/plugins:/opt/ros/foxy/opt/yaml_cpp_vendor/lib:/opt/ros/foxy/opt/rviz_ogre_vendor/lib:/opt/ros/foxy/lib/aarch64-linux-gnu:/opt/ros/foxy/lib:/usr/local/cuda-11.4/lib64'), ('MOTD_SHOWN', 'pam'), ('HOME', '/home/nvidia'), ('OLDPWD', '/home/nvidia'), ('SSH_TTY', '/dev/pts/0'), ('ROS_PYTHON_VERSION', '3'), ('DBUS_SESSION_BUS_ADDRESS', 'unix:path=/run/user/1000/bus'), ('COLCON_PREFIX_PATH', '//home/nvidia/f1tenth_ws/install'), ('ROS_DISTRO', 'foxy'), ('LOGNAME', 'nvidia'), ('_', '/usr/bin/colcon'), ('ROS_VERSION', '2'), ('XDG_SESSION_CLASS', 'user'), ('TERM', 'xterm-256color'), ('XDG_SESSION_ID', '8'), ('GAZEBO_MODEL_PATH', ':/opt/ros/foxy/share/turtlebot3_gazebo/models'), ('ROS_LOCALHOST_ONLY', '0'), ('PATH', '/home/nvidia/.local/bin:/opt/ros/foxy/bin:/usr/local/cuda-11.4/bin:/usr/local/sbin:/usr/local/bin:/usr/sbin:/usr/bin:/sbin:/bin:/usr/games:/usr/local/games:/snap/bin'), ('XDG_RUNTIME_DIR', '/run/user/1000'), ('LANG', 'en_US.UTF-8'), ('LS_COLORS', 'rs=0:di=01;34:ln=01;36:mh=00:pi=40;33:so=01;35:do=01;35:bd=40;33;01:cd=40;33;01:or=40;31;01:mi=00:su=37;41:sg=30;43:ca=30;41:tw=30;42:ow=34;42:st=37;44:ex=01;32:*.tar=01;31:*.tgz=01;31:*.arc=01;31:*.arj=01;31:*.taz=01;31:*.lha=01;31:*.lz4=01;31:*.lzh=01;31:*.lzma=01;31:*.tlz=01;31:*.txz=01;31:*.tzo=01;31:*.t7z=01;31:*.zip=01;31:*.z=01;31:*.dz=01;31:*.gz=01;31:*.lrz=01;31:*.lz=01;31:*.lzo=01;31:*.xz=01;31:*.zst=01;31:*.tzst=01;31:*.bz2=01;31:*.bz=01;31:*.tbz=01;31:*.tbz2=01;31:*.tz=01;31:*.deb=01;31:*.rpm=01;31:*.jar=01;31:*.war=01;31:*.ear=01;31:*.sar=01;31:*.rar=01;31:*.alz=01;31:*.ace=01;31:*.zoo=01;31:*.cpio=01;31:*.7z=01;31:*.rz=01;31:*.cab=01;31:*.wim=01;31:*.swm=01;31:*.dwm=01;31:*.esd=01;31:*.jpg=01;35:*.jpeg=01;35:*.mjpg=01;35:*.mjpeg=01;35:*.gif=01;35:*.bmp=01;35:*.pbm=01;35:*.pgm=01;35:*.ppm=01;35:*.tga=01;35:*.xbm=01;35:*.xpm=01;35:*.tif=01;35:*.tiff=01;35:*.png=01;35:*.svg=01;35:*.svgz=01;35:*.mng=01;35:*.pcx=01;35:*.mov=01;35:*.mpg=01;35:*.mpeg=01;35:*.m2v=01;35:*.mkv=01;35:*.webm=01;35:*.ogm=01;35:*.mp4=01;35:*.m4v=01;35:*.mp4v=01;35:*.vob=01;35:*.qt=01;35:*.nuv=01;35:*.wmv=01;35:*.asf=01;35:*.rm=01;35:*.rmvb=01;35:*.flc=01;35:*.avi=01;35:*.fli=01;35:*.flv=01;35:*.gl=01;35:*.dl=01;35:*.xcf=01;35:*.xwd=01;35:*.yuv=01;35:*.cgm=01;35:*.emf=01;35:*.ogv=01;35:*.ogx=01;35:*.aac=00;36:*.au=00;36:*.flac=00;36:*.m4a=00;36:*.mid=00;36:*.midi=00;36:*.mka=00;36:*.mp3=00;36:*.mpc=00;36:*.ogg=00;36:*.ra=00;36:*.wav=00;36:*.oga=00;36:*.opus=00;36:*.spx=00;36:*.xspf=00;36:'), ('ROS_DOMAIN_ID', '10'), ('AMENT_PREFIX_PATH', '/home/nvidia/f1tenth_ws/install/vesc_driver:/home/nvidia/f1tenth_ws/install/vesc_ackermann:/home/nvidia/f1tenth_ws/install/vesc_msgs://home/nvidia/f1tenth_ws/install/f1tenth_stack://home/nvidia/f1tenth_ws/install/vesc://home/nvidia/f1tenth_ws/install/vesc_driver://home/nvidia/f1tenth_ws/install/vesc_ackermann://home/nvidia/f1tenth_ws/install/vesc_msgs://home/nvidia/f1tenth_ws/install/teleop_tools://home/nvidia/f1tenth_ws/install/joy_teleop://home/nvidia/f1tenth_ws/install/teleop_tools_msgs://home/nvidia/f1tenth_ws/install/pure_pursuit://home/nvidia/f1tenth_ws/install/phasespace://home/nvidia/f1tenth_ws/install/new_map_saver://home/nvidia/f1tenth_ws/install/mouse_teleop://home/nvidia/f1tenth_ws/install/mapping://home/nvidia/f1tenth_ws/install/key_teleop://home/nvidia/f1tenth_ws/install/f1tenth_controllers://home/nvidia/f1tenth_ws/install/ackermann_mux:/opt/ros/foxy'), ('SHELL', '/bin/bash'), ('LESSCLOSE', '/usr/bin/lesspipe %s %s'), ('PWD', '/home/nvidia/f1tenth_ws/build/vesc'), ('TURTLEBOT3_MODEL', 'waffle'), ('LC_ALL', 'en_US.UTF-8'), ('SSH_CONNECTION', '192.168.1.108 51828 192.168.1.202 22'), ('XDG_DATA_DIRS', '/usr/local/share:/usr/share:/var/lib/snapd/desktop'), ('PYTHONPATH', '/home/nvidia/f1tenth_ws/install/vesc_msgs/lib/python3.8/site-packages://home/nvidia/f1tenth_ws/install/f1tenth_stack/lib/python3.8/site-packages://home/nvidia/f1tenth_ws/install/vesc_msgs/lib/python3.8/site-packages://home/nvidia/f1tenth_ws/install/joy_teleop/lib/python3.8/site-packages://home/nvidia/f1tenth_ws/install/teleop_tools_msgs/lib/python3.8/site-packages://home/nvidia/f1tenth_ws/install/phasespace/lib/python3.8/site-packages://home/nvidia/f1tenth_ws/install/new_map_saver/lib/python3.8/site-packages://home/nvidia/f1tenth_ws/install/mouse_teleop/lib/python3.8/site-packages://home/nvidia/f1tenth_ws/install/mapping/lib/python3.8/site-packages://home/nvidia/f1tenth_ws/install/key_teleop/lib/python3.8/site-packages://home/nvidia/f1tenth_ws/install/f1tenth_controllers/lib/python3.8/site-packages:/opt/ros/foxy/lib/python3.8/site-packages'), ('COLCON', '1'), ('CMAKE_PREFIX_PATH', '/home/nvidia/f1tenth_ws/install/vesc_driver:/home/nvidia/f1tenth_ws/install/vesc_ackermann:/home/nvidia/f1tenth_ws/install/vesc_msgs://home/nvidia/f1tenth_ws/install/vesc://home/nvidia/f1tenth_ws/install/vesc_driver://home/nvidia/f1tenth_ws/install/vesc_ackermann://home/nvidia/f1tenth_ws/install/vesc_msgs://home/nvidia/f1tenth_ws/install/teleop_tools://home/nvidia/f1tenth_ws/install/teleop_tools_msgs://home/nvidia/f1tenth_ws/install/pure_pursuit://home/nvidia/f1tenth_ws/install/ackermann_mux://home/nvidia/f1tenth_ws/install/f1tenth_stack://home/nvidia/f1tenth_ws/install/joy_teleop://home/nvidia/f1tenth_ws/install/phasespace://home/nvidia/f1tenth_ws/install/new_map_saver://home/nvidia/f1tenth_ws/install/mouse_teleop://home/nvidia/f1tenth_ws/install/mapping://home/nvidia/f1tenth_ws/install/key_teleop://home/nvidia/f1tenth_ws/install/f1tenth_controllers:/opt/ros/foxy')]), 'shell': False}
[176.891852] (vesc) StdoutLine: {'line': b'-- Install configuration: ""\n'}
[176.893109] (vesc) StdoutLine: {'line': b'-- Installing: /home/nvidia/f1tenth_ws/install/vesc/share/ament_index/resource_index/package_run_dependencies/vesc\n'}
[176.895303] (vesc) StdoutLine: {'line': b'-- Installing: /home/nvidia/f1tenth_ws/install/vesc/share/ament_index/resource_index/parent_prefix_path/vesc\n'}
[176.896564] (vesc) StdoutLine: {'line': b'-- Installing: /home/nvidia/f1tenth_ws/install/vesc/share/vesc/environment/ament_prefix_path.sh\n'}
[176.897554] (vesc) StdoutLine: {'line': b'-- Installing: /home/nvidia/f1tenth_ws/install/vesc/share/vesc/environment/ament_prefix_path.dsv\n'}
[176.898593] (vesc) StdoutLine: {'line': b'-- Installing: /home/nvidia/f1tenth_ws/install/vesc/share/vesc/environment/path.sh\n'}
[176.899596] (vesc) StdoutLine: {'line': b'-- Installing: /home/nvidia/f1tenth_ws/install/vesc/share/vesc/environment/path.dsv\n'}
[176.900505] (vesc) StdoutLine: {'line': b'-- Installing: /home/nvidia/f1tenth_ws/install/vesc/share/vesc/local_setup.bash\n'}
[176.901457] (vesc) StdoutLine: {'line': b'-- Installing: /home/nvidia/f1tenth_ws/install/vesc/share/vesc/local_setup.sh\n'}
[176.901901] (-) TimerEvent: {}
[176.903370] (vesc) StdoutLine: {'line': b'-- Installing: /home/nvidia/f1tenth_ws/install/vesc/share/vesc/local_setup.zsh\n'}
[176.903984] (vesc) StdoutLine: {'line': b'-- Installing: /home/nvidia/f1tenth_ws/install/vesc/share/vesc/local_setup.dsv\n'}
[176.904754] (vesc) StdoutLine: {'line': b'-- Installing: /home/nvidia/f1tenth_ws/install/vesc/share/vesc/package.dsv\n'}
[176.906290] (vesc) StdoutLine: {'line': b'-- Installing: /home/nvidia/f1tenth_ws/install/vesc/share/ament_index/resource_index/packages/vesc\n'}
[176.907416] (vesc) StdoutLine: {'line': b'-- Installing: /home/nvidia/f1tenth_ws/install/vesc/share/vesc/cmake/vescConfig.cmake\n'}
[176.908167] (vesc) StdoutLine: {'line': b'-- Installing: /home/nvidia/f1tenth_ws/install/vesc/share/vesc/cmake/vescConfig-version.cmake\n'}
[176.909095] (vesc) StdoutLine: {'line': b'-- Installing: /home/nvidia/f1tenth_ws/install/vesc/share/vesc/package.xml\n'}
[176.920320] (vesc) CommandEnded: {'returncode': 0}
[177.002575] (-) TimerEvent: {}
[177.105521] (-) TimerEvent: {}
[177.138713] (vesc) JobEnded: {'identifier': 'vesc', 'rc': 0}
[177.143925] (f1tenth_stack) JobStarted: {'identifier': 'f1tenth_stack'}
[177.206405] (-) TimerEvent: {}
[177.309089] (-) TimerEvent: {}
[177.411426] (-) TimerEvent: {}
[177.512248] (-) TimerEvent: {}
[177.613022] (-) TimerEvent: {}
[177.713758] (-) TimerEvent: {}
[177.814473] (-) TimerEvent: {}
[177.915226] (-) TimerEvent: {}
[178.015987] (-) TimerEvent: {}
[178.116816] (-) TimerEvent: {}
[178.217504] (-) TimerEvent: {}
[178.318275] (-) TimerEvent: {}
[178.419034] (-) TimerEvent: {}
[178.519811] (-) TimerEvent: {}
[178.621311] (-) TimerEvent: {}
[178.724109] (-) TimerEvent: {}
[178.826140] (-) TimerEvent: {}
[178.926901] (-) TimerEvent: {}
[179.027707] (-) TimerEvent: {}
[179.128520] (-) TimerEvent: {}
[179.229231] (-) TimerEvent: {}
[179.330151] (-) TimerEvent: {}
[179.431014] (-) TimerEvent: {}
[179.531750] (-) TimerEvent: {}
[179.632482] (-) TimerEvent: {}
[179.733130] (-) TimerEvent: {}
[179.833931] (-) TimerEvent: {}
[179.934817] (-) TimerEvent: {}
[180.035658] (-) TimerEvent: {}
[180.136484] (-) TimerEvent: {}
[180.237372] (-) TimerEvent: {}
[180.338395] (-) TimerEvent: {}
[180.439294] (-) TimerEvent: {}
[180.540187] (-) TimerEvent: {}
[180.641167] (-) TimerEvent: {}
[180.713808] (f1tenth_stack) Command: {'cmd': ['/usr/bin/python3', '-W', 'ignore:setup.py install is deprecated', 'setup.py', 'egg_info', '--egg-base', '../../../build/f1tenth_stack', 'build', '--build-base', '/home/nvidia/f1tenth_ws/build/f1tenth_stack/build', 'install', '--record', '/home/nvidia/f1tenth_ws/build/f1tenth_stack/install.log', '--install-scripts', '$base/lib/f1tenth_stack', '--single-version-externally-managed', 'install_data'], 'cwd': '/home/nvidia/f1tenth_ws/src/f1tenth_system/f1tenth_stack', 'env': {'LESSOPEN': '| /usr/bin/lesspipe %s', 'USER': 'nvidia', 'SSH_CLIENT': '192.168.1.108 51828 22', 'XDG_SESSION_TYPE': 'tty', 'SHLVL': '1', 'LD_LIBRARY_PATH': '/home/nvidia/f1tenth_ws/install/vesc_driver/lib:/home/nvidia/f1tenth_ws/install/vesc_ackermann/lib:/home/nvidia/f1tenth_ws/install/vesc_msgs/lib:/home/nvidia/f1tenth_ws/install/teleop_tools_msgs/lib://home/nvidia/f1tenth_ws/install/vesc_driver/lib://home/nvidia/f1tenth_ws/install/vesc_ackermann/lib://home/nvidia/f1tenth_ws/install/vesc_msgs/lib://home/nvidia/f1tenth_ws/install/teleop_tools_msgs/lib:/usr/lib/aarch64-linux-gnu/gazebo-11/plugins:/opt/ros/foxy/opt/yaml_cpp_vendor/lib:/opt/ros/foxy/opt/rviz_ogre_vendor/lib:/opt/ros/foxy/lib/aarch64-linux-gnu:/opt/ros/foxy/lib:/usr/local/cuda-11.4/lib64', 'MOTD_SHOWN': 'pam', 'HOME': '/home/nvidia', 'OLDPWD': '/home/nvidia', 'SSH_TTY': '/dev/pts/0', 'ROS_PYTHON_VERSION': '3', 'DBUS_SESSION_BUS_ADDRESS': 'unix:path=/run/user/1000/bus', 'COLCON_PREFIX_PATH': '//home/nvidia/f1tenth_ws/install', 'ROS_DISTRO': 'foxy', 'LOGNAME': 'nvidia', '_': '/usr/bin/colcon', 'ROS_VERSION': '2', 'XDG_SESSION_CLASS': 'user', 'TERM': 'xterm-256color', 'XDG_SESSION_ID': '8', 'GAZEBO_MODEL_PATH': ':/opt/ros/foxy/share/turtlebot3_gazebo/models', 'ROS_LOCALHOST_ONLY': '0', 'PATH': '/home/nvidia/.local/bin:/opt/ros/foxy/bin:/usr/local/cuda-11.4/bin:/usr/local/sbin:/usr/local/bin:/usr/sbin:/usr/bin:/sbin:/bin:/usr/games:/usr/local/games:/snap/bin', 'XDG_RUNTIME_DIR': '/run/user/1000', 'LANG': 'en_US.UTF-8', 'LS_COLORS': 'rs=0:di=01;34:ln=01;36:mh=00:pi=40;33:so=01;35:do=01;35:bd=40;33;01:cd=40;33;01:or=40;31;01:mi=00:su=37;41:sg=30;43:ca=30;41:tw=30;42:ow=34;42:st=37;44:ex=01;32:*.tar=01;31:*.tgz=01;31:*.arc=01;31:*.arj=01;31:*.taz=01;31:*.lha=01;31:*.lz4=01;31:*.lzh=01;31:*.lzma=01;31:*.tlz=01;31:*.txz=01;31:*.tzo=01;31:*.t7z=01;31:*.zip=01;31:*.z=01;31:*.dz=01;31:*.gz=01;31:*.lrz=01;31:*.lz=01;31:*.lzo=01;31:*.xz=01;31:*.zst=01;31:*.tzst=01;31:*.bz2=01;31:*.bz=01;31:*.tbz=01;31:*.tbz2=01;31:*.tz=01;31:*.deb=01;31:*.rpm=01;31:*.jar=01;31:*.war=01;31:*.ear=01;31:*.sar=01;31:*.rar=01;31:*.alz=01;31:*.ace=01;31:*.zoo=01;31:*.cpio=01;31:*.7z=01;31:*.rz=01;31:*.cab=01;31:*.wim=01;31:*.swm=01;31:*.dwm=01;31:*.esd=01;31:*.jpg=01;35:*.jpeg=01;35:*.mjpg=01;35:*.mjpeg=01;35:*.gif=01;35:*.bmp=01;35:*.pbm=01;35:*.pgm=01;35:*.ppm=01;35:*.tga=01;35:*.xbm=01;35:*.xpm=01;35:*.tif=01;35:*.tiff=01;35:*.png=01;35:*.svg=01;35:*.svgz=01;35:*.mng=01;35:*.pcx=01;35:*.mov=01;35:*.mpg=01;35:*.mpeg=01;35:*.m2v=01;35:*.mkv=01;35:*.webm=01;35:*.ogm=01;35:*.mp4=01;35:*.m4v=01;35:*.mp4v=01;35:*.vob=01;35:*.qt=01;35:*.nuv=01;35:*.wmv=01;35:*.asf=01;35:*.rm=01;35:*.rmvb=01;35:*.flc=01;35:*.avi=01;35:*.fli=01;35:*.flv=01;35:*.gl=01;35:*.dl=01;35:*.xcf=01;35:*.xwd=01;35:*.yuv=01;35:*.cgm=01;35:*.emf=01;35:*.ogv=01;35:*.ogx=01;35:*.aac=00;36:*.au=00;36:*.flac=00;36:*.m4a=00;36:*.mid=00;36:*.midi=00;36:*.mka=00;36:*.mp3=00;36:*.mpc=00;36:*.ogg=00;36:*.ra=00;36:*.wav=00;36:*.oga=00;36:*.opus=00;36:*.spx=00;36:*.xspf=00;36:', 'ROS_DOMAIN_ID': '10', 'AMENT_PREFIX_PATH': '/home/nvidia/f1tenth_ws/install/vesc:/home/nvidia/f1tenth_ws/install/vesc_driver:/home/nvidia/f1tenth_ws/install/vesc_ackermann:/home/nvidia/f1tenth_ws/install/joy_teleop:/home/nvidia/f1tenth_ws/install/vesc_msgs:/home/nvidia/f1tenth_ws/install/teleop_tools_msgs:/home/nvidia/f1tenth_ws/install/ackermann_mux://home/nvidia/f1tenth_ws/install/f1tenth_stack://home/nvidia/f1tenth_ws/install/vesc://home/nvidia/f1tenth_ws/install/vesc_driver://home/nvidia/f1tenth_ws/install/vesc_ackermann://home/nvidia/f1tenth_ws/install/vesc_msgs://home/nvidia/f1tenth_ws/install/teleop_tools://home/nvidia/f1tenth_ws/install/joy_teleop://home/nvidia/f1tenth_ws/install/teleop_tools_msgs://home/nvidia/f1tenth_ws/install/pure_pursuit://home/nvidia/f1tenth_ws/install/phasespace://home/nvidia/f1tenth_ws/install/new_map_saver://home/nvidia/f1tenth_ws/install/mouse_teleop://home/nvidia/f1tenth_ws/install/mapping://home/nvidia/f1tenth_ws/install/key_teleop://home/nvidia/f1tenth_ws/install/f1tenth_controllers://home/nvidia/f1tenth_ws/install/ackermann_mux:/opt/ros/foxy', 'SHELL': '/bin/bash', 'LESSCLOSE': '/usr/bin/lesspipe %s %s', 'PWD': '/home/nvidia/f1tenth_ws/build/f1tenth_stack', 'TURTLEBOT3_MODEL': 'waffle', 'LC_ALL': 'en_US.UTF-8', 'SSH_CONNECTION': '192.168.1.108 51828 192.168.1.202 22', 'XDG_DATA_DIRS': '/usr/local/share:/usr/share:/var/lib/snapd/desktop', 'PYTHONPATH': '/home/nvidia/f1tenth_ws/build/f1tenth_stack/prefix_override:/usr/lib/python3/dist-packages/colcon_core/task/python/colcon_distutils_commands:/home/nvidia/f1tenth_ws/install/f1tenth_stack/lib/python3.8/site-packages:/home/nvidia/f1tenth_ws/install/joy_teleop/lib/python3.8/site-packages:/home/nvidia/f1tenth_ws/install/vesc_msgs/lib/python3.8/site-packages:/home/nvidia/f1tenth_ws/install/teleop_tools_msgs/lib/python3.8/site-packages://home/nvidia/f1tenth_ws/install/f1tenth_stack/lib/python3.8/site-packages://home/nvidia/f1tenth_ws/install/vesc_msgs/lib/python3.8/site-packages://home/nvidia/f1tenth_ws/install/joy_teleop/lib/python3.8/site-packages://home/nvidia/f1tenth_ws/install/teleop_tools_msgs/lib/python3.8/site-packages://home/nvidia/f1tenth_ws/install/phasespace/lib/python3.8/site-packages://home/nvidia/f1tenth_ws/install/new_map_saver/lib/python3.8/site-packages://home/nvidia/f1tenth_ws/install/mouse_teleop/lib/python3.8/site-packages://home/nvidia/f1tenth_ws/install/mapping/lib/python3.8/site-packages://home/nvidia/f1tenth_ws/install/key_teleop/lib/python3.8/site-packages://home/nvidia/f1tenth_ws/install/f1tenth_controllers/lib/python3.8/site-packages:/opt/ros/foxy/lib/python3.8/site-packages', 'COLCON': '1', 'CMAKE_PREFIX_PATH': '/home/nvidia/f1tenth_ws/install/vesc:/home/nvidia/f1tenth_ws/install/vesc_driver:/home/nvidia/f1tenth_ws/install/vesc_ackermann:/home/nvidia/f1tenth_ws/install/vesc_msgs:/home/nvidia/f1tenth_ws/install/teleop_tools_msgs:/home/nvidia/f1tenth_ws/install/ackermann_mux://home/nvidia/f1tenth_ws/install/vesc://home/nvidia/f1tenth_ws/install/vesc_driver://home/nvidia/f1tenth_ws/install/vesc_ackermann://home/nvidia/f1tenth_ws/install/vesc_msgs://home/nvidia/f1tenth_ws/install/teleop_tools://home/nvidia/f1tenth_ws/install/teleop_tools_msgs://home/nvidia/f1tenth_ws/install/pure_pursuit://home/nvidia/f1tenth_ws/install/ackermann_mux'}, 'shell': False}
[180.741485] (-) TimerEvent: {}
[180.842902] (-) TimerEvent: {}
[180.943764] (-) TimerEvent: {}
[181.044591] (-) TimerEvent: {}
[181.145315] (-) TimerEvent: {}
[181.246060] (-) TimerEvent: {}
[181.346755] (-) TimerEvent: {}
[181.447422] (-) TimerEvent: {}
[181.548109] (-) TimerEvent: {}
[181.648863] (-) TimerEvent: {}
[181.749594] (-) TimerEvent: {}
[181.850363] (-) TimerEvent: {}
[181.919950] (f1tenth_stack) StdoutLine: {'line': b'running egg_info\n'}
[181.923146] (f1tenth_stack) StdoutLine: {'line': b'creating ../../../build/f1tenth_stack/f1tenth_stack.egg-info\n'}
[181.923812] (f1tenth_stack) StdoutLine: {'line': b'writing ../../../build/f1tenth_stack/f1tenth_stack.egg-info/PKG-INFO\n'}
[181.925048] (f1tenth_stack) StdoutLine: {'line': b'writing dependency_links to ../../../build/f1tenth_stack/f1tenth_stack.egg-info/dependency_links.txt\n'}
[181.925809] (f1tenth_stack) StdoutLine: {'line': b'writing entry points to ../../../build/f1tenth_stack/f1tenth_stack.egg-info/entry_points.txt\n'}
[181.926477] (f1tenth_stack) StdoutLine: {'line': b'writing requirements to ../../../build/f1tenth_stack/f1tenth_stack.egg-info/requires.txt\n'}
[181.927038] (f1tenth_stack) StdoutLine: {'line': b'writing top-level names to ../../../build/f1tenth_stack/f1tenth_stack.egg-info/top_level.txt\n'}
[181.933205] (f1tenth_stack) StdoutLine: {'line': b"writing manifest file '../../../build/f1tenth_stack/f1tenth_stack.egg-info/SOURCES.txt'\n"}
[181.950511] (-) TimerEvent: {}
[182.051226] (-) TimerEvent: {}
[182.101500] (f1tenth_stack) StdoutLine: {'line': b"reading manifest file '../../../build/f1tenth_stack/f1tenth_stack.egg-info/SOURCES.txt'\n"}
[182.105298] (f1tenth_stack) StdoutLine: {'line': b"writing manifest file '../../../build/f1tenth_stack/f1tenth_stack.egg-info/SOURCES.txt'\n"}
[182.106029] (f1tenth_stack) StdoutLine: {'line': b'running build\n'}
[182.106467] (f1tenth_stack) StdoutLine: {'line': b'running build_py\n'}
[182.107151] (f1tenth_stack) StdoutLine: {'line': b'creating /home/nvidia/f1tenth_ws/build/f1tenth_stack/build\n'}
[182.107936] (f1tenth_stack) StdoutLine: {'line': b'creating /home/nvidia/f1tenth_ws/build/f1tenth_stack/build/lib\n'}
[182.108310] (f1tenth_stack) StdoutLine: {'line': b'creating /home/nvidia/f1tenth_ws/build/f1tenth_stack/build/lib/f1tenth_stack\n'}
[182.108773] (f1tenth_stack) StdoutLine: {'line': b'copying f1tenth_stack/__init__.py -> /home/nvidia/f1tenth_ws/build/f1tenth_stack/build/lib/f1tenth_stack\n'}
[182.109308] (f1tenth_stack) StdoutLine: {'line': b'copying f1tenth_stack/throttle_interpolator.py -> /home/nvidia/f1tenth_ws/build/f1tenth_stack/build/lib/f1tenth_stack\n'}
[182.109950] (f1tenth_stack) StdoutLine: {'line': b'copying f1tenth_stack/tf_publisher.py -> /home/nvidia/f1tenth_ws/build/f1tenth_stack/build/lib/f1tenth_stack\n'}
[182.111130] (f1tenth_stack) StdoutLine: {'line': b'running install\n'}
[182.115505] (f1tenth_stack) StdoutLine: {'line': b'running install_lib\n'}
[182.119868] (f1tenth_stack) StdoutLine: {'line': b'creating /home/nvidia/f1tenth_ws/install/f1tenth_stack/lib/python3.8/site-packages/f1tenth_stack\n'}
[182.120506] (f1tenth_stack) StdoutLine: {'line': b'copying /home/nvidia/f1tenth_ws/build/f1tenth_stack/build/lib/f1tenth_stack/__init__.py -> /home/nvidia/f1tenth_ws/install/f1tenth_stack/lib/python3.8/site-packages/f1tenth_stack\n'}
[182.121173] (f1tenth_stack) StdoutLine: {'line': b'copying /home/nvidia/f1tenth_ws/build/f1tenth_stack/build/lib/f1tenth_stack/throttle_interpolator.py -> /home/nvidia/f1tenth_ws/install/f1tenth_stack/lib/python3.8/site-packages/f1tenth_stack\n'}
[182.121740] (f1tenth_stack) StdoutLine: {'line': b'copying /home/nvidia/f1tenth_ws/build/f1tenth_stack/build/lib/f1tenth_stack/tf_publisher.py -> /home/nvidia/f1tenth_ws/install/f1tenth_stack/lib/python3.8/site-packages/f1tenth_stack\n'}
[182.125079] (f1tenth_stack) StdoutLine: {'line': b'byte-compiling /home/nvidia/f1tenth_ws/install/f1tenth_stack/lib/python3.8/site-packages/f1tenth_stack/__init__.py to __init__.cpython-38.pyc\n'}
[182.130695] (f1tenth_stack) StdoutLine: {'line': b'byte-compiling /home/nvidia/f1tenth_ws/install/f1tenth_stack/lib/python3.8/site-packages/f1tenth_stack/throttle_interpolator.py to throttle_interpolator.cpython-38.pyc\n'}
[182.135392] (f1tenth_stack) StdoutLine: {'line': b'byte-compiling /home/nvidia/f1tenth_ws/install/f1tenth_stack/lib/python3.8/site-packages/f1tenth_stack/tf_publisher.py to tf_publisher.cpython-38.pyc\n'}
[182.137775] (f1tenth_stack) StdoutLine: {'line': b'running install_data\n'}
[182.138480] (f1tenth_stack) StdoutLine: {'line': b'creating /home/nvidia/f1tenth_ws/install/f1tenth_stack/share/ament_index\n'}
[182.139030] (f1tenth_stack) StdoutLine: {'line': b'creating /home/nvidia/f1tenth_ws/install/f1tenth_stack/share/ament_index/resource_index\n'}
[182.139606] (f1tenth_stack) StdoutLine: {'line': b'creating /home/nvidia/f1tenth_ws/install/f1tenth_stack/share/ament_index/resource_index/packages\n'}
[182.139998] (f1tenth_stack) StdoutLine: {'line': b'copying resource/f1tenth_stack -> /home/nvidia/f1tenth_ws/install/f1tenth_stack/share/ament_index/resource_index/packages\n'}
[182.140573] (f1tenth_stack) StdoutLine: {'line': b'copying package.xml -> /home/nvidia/f1tenth_ws/install/f1tenth_stack/share/f1tenth_stack\n'}
[182.140938] (f1tenth_stack) StdoutLine: {'line': b'creating /home/nvidia/f1tenth_ws/install/f1tenth_stack/share/f1tenth_stack/launch\n'}
[182.141280] (f1tenth_stack) StdoutLine: {'line': b'copying launch/bringup_launch.py -> /home/nvidia/f1tenth_ws/install/f1tenth_stack/share/f1tenth_stack/launch\n'}
[182.141931] (f1tenth_stack) StdoutLine: {'line': b'creating /home/nvidia/f1tenth_ws/install/f1tenth_stack/share/f1tenth_stack/config\n'}
[182.142327] (f1tenth_stack) StdoutLine: {'line': b'copying config/vesc.yaml -> /home/nvidia/f1tenth_ws/install/f1tenth_stack/share/f1tenth_stack/config\n'}
[182.142892] (f1tenth_stack) StdoutLine: {'line': b'copying config/sensors.yaml -> /home/nvidia/f1tenth_ws/install/f1tenth_stack/share/f1tenth_stack/config\n'}
[182.143557] (f1tenth_stack) StdoutLine: {'line': b'copying config/f1tenth_online_async.yaml -> /home/nvidia/f1tenth_ws/install/f1tenth_stack/share/f1tenth_stack/config\n'}
[182.144315] (f1tenth_stack) StdoutLine: {'line': b'copying config/map_server_params.yaml -> /home/nvidia/f1tenth_ws/install/f1tenth_stack/share/f1tenth_stack/config\n'}
[182.145008] (f1tenth_stack) StdoutLine: {'line': b'copying config/joy_teleop.yaml -> /home/nvidia/f1tenth_ws/install/f1tenth_stack/share/f1tenth_stack/config\n'}
[182.145973] (f1tenth_stack) StdoutLine: {'line': b'copying config/mux.yaml -> /home/nvidia/f1tenth_ws/install/f1tenth_stack/share/f1tenth_stack/config\n'}
[182.146746] (f1tenth_stack) StdoutLine: {'line': b'copying config/amcl_params.yaml -> /home/nvidia/f1tenth_ws/install/f1tenth_stack/share/f1tenth_stack/config\n'}
[182.147315] (f1tenth_stack) StdoutLine: {'line': b'running install_egg_info\n'}
[182.151337] (-) TimerEvent: {}
[182.155342] (f1tenth_stack) StdoutLine: {'line': b'Copying ../../../build/f1tenth_stack/f1tenth_stack.egg-info to /home/nvidia/f1tenth_ws/install/f1tenth_stack/lib/python3.8/site-packages/f1tenth_stack-0.0.1-py3.8.egg-info\n'}
[182.161076] (f1tenth_stack) StdoutLine: {'line': b'running install_scripts\n'}
[182.242797] (f1tenth_stack) StdoutLine: {'line': b'Installing tf_publisher script to /home/nvidia/f1tenth_ws/install/f1tenth_stack/lib/f1tenth_stack\n'}
[182.243609] (f1tenth_stack) StdoutLine: {'line': b'Installing throttle_interpolator script to /home/nvidia/f1tenth_ws/install/f1tenth_stack/lib/f1tenth_stack\n'}
[182.245067] (f1tenth_stack) StdoutLine: {'line': b"writing list of installed files to '/home/nvidia/f1tenth_ws/build/f1tenth_stack/install.log'\n"}
[182.251463] (-) TimerEvent: {}
[182.342114] (f1tenth_stack) CommandEnded: {'returncode': 0}
[182.351835] (-) TimerEvent: {}
[182.380462] (f1tenth_stack) JobEnded: {'identifier': 'f1tenth_stack', 'rc': 0}
[182.385275] (-) EventReactorShutdown: {}
