[1.047s] DEBUG:colcon:Command line arguments: ['/usr/bin/colcon', 'build']
[1.048s] DEBUG:colcon:Parsed command line arguments: Namespace(allow_overriding=[], ament_cmake_args=None, base_paths=['.'], build_base='build', catkin_cmake_args=None, catkin_skip_building_tests=False, cmake_args=None, cmake_clean_cache=False, cmake_clean_first=False, cmake_force_configure=False, cmake_target=None, cmake_target_skip_unavailable=False, continue_on_error=False, event_handlers=None, executor='parallel', ignore_user_meta=False, install_base='install', log_base=None, log_level=None, main=<bound method BuildVerb.main of <colcon_core.verb.build.BuildVerb object at 0xffff8d554640>>, merge_install=False, metas=['./colcon.meta'], mixin=None, mixin_files=None, mixin_verb=('build',), packages_above=None, packages_above_and_dependencies=None, packages_above_depth=None, packages_end=None, packages_ignore=None, packages_ignore_regex=None, packages_select=None, packages_select_build_failed=False, packages_select_by_dep=None, packages_select_regex=None, packages_select_test_failures=False, packages_skip=None, packages_skip_build_finished=False, packages_skip_by_dep=None, packages_skip_regex=None, packages_skip_test_passed=False, packages_skip_up_to=None, packages_start=None, packages_up_to=None, packages_up_to_regex=None, parallel_workers=6, paths=None, symlink_install=False, test_result_base=None, verb_extension=<colcon_core.verb.build.BuildVerb object at 0xffff8d554640>, verb_name='build', verb_parser=<colcon_mixin.mixin.mixin_argument.MixinArgumentDecorator object at 0xffff8d47c970>)
[1.879s] Level 1:colcon.colcon_core.package_discovery:discover_packages(colcon_meta) check parameters
[1.880s] Level 1:colcon.colcon_core.package_discovery:discover_packages(recursive) check parameters
[1.880s] Level 1:colcon.colcon_core.package_discovery:discover_packages(ignore) check parameters
[1.880s] Level 1:colcon.colcon_core.package_discovery:discover_packages(path) check parameters
[1.880s] Level 1:colcon.colcon_core.package_discovery:discover_packages(colcon_meta) discover
[1.881s] Level 1:colcon.colcon_core.package_discovery:discover_packages(recursive) discover
[1.881s] INFO:colcon.colcon_core.package_discovery:Crawling recursively for packages in '/home/nvidia/f1tenth_ws'
[1.882s] Level 1:colcon.colcon_core.package_identification:_identify(.) by extensions ['ignore', 'ignore_ament_install']
[1.882s] Level 1:colcon.colcon_core.package_identification:_identify(.) by extension 'ignore'
[1.883s] Level 1:colcon.colcon_core.package_identification:_identify(.) by extension 'ignore_ament_install'
[1.883s] Level 1:colcon.colcon_core.package_identification:_identify(.) by extensions ['colcon_pkg']
[1.883s] Level 1:colcon.colcon_core.package_identification:_identify(.) by extension 'colcon_pkg'
[1.883s] Level 1:colcon.colcon_core.package_identification:_identify(.) by extensions ['colcon_meta']
[1.883s] Level 1:colcon.colcon_core.package_identification:_identify(.) by extension 'colcon_meta'
[1.884s] Level 1:colcon.colcon_core.package_identification:_identify(.) by extensions ['ros']
[1.884s] Level 1:colcon.colcon_core.package_identification:_identify(.) by extension 'ros'
[1.942s] Level 1:colcon.colcon_core.package_identification:_identify(.) by extensions ['cmake', 'python']
[1.942s] Level 1:colcon.colcon_core.package_identification:_identify(.) by extension 'cmake'
[1.943s] Level 1:colcon.colcon_core.package_identification:_identify(.) by extension 'python'
[1.943s] Level 1:colcon.colcon_core.package_identification:_identify(.) by extensions ['python_setup_py']
[1.943s] Level 1:colcon.colcon_core.package_identification:_identify(.) by extension 'python_setup_py'
[1.944s] Level 1:colcon.colcon_core.package_identification:_identify(build) by extensions ['ignore', 'ignore_ament_install']
[1.944s] Level 1:colcon.colcon_core.package_identification:_identify(build) by extension 'ignore'
[1.944s] Level 1:colcon.colcon_core.package_identification:_identify(build) ignored
[1.945s] Level 1:colcon.colcon_core.package_identification:_identify(install) by extensions ['ignore', 'ignore_ament_install']
[1.946s] Level 1:colcon.colcon_core.package_identification:_identify(install) by extension 'ignore'
[1.946s] Level 1:colcon.colcon_core.package_identification:_identify(install) ignored
[1.947s] Level 1:colcon.colcon_core.package_identification:_identify(log) by extensions ['ignore', 'ignore_ament_install']
[1.947s] Level 1:colcon.colcon_core.package_identification:_identify(log) by extension 'ignore'
[1.947s] Level 1:colcon.colcon_core.package_identification:_identify(log) ignored
[1.948s] Level 1:colcon.colcon_core.package_identification:_identify(maps) by extensions ['ignore', 'ignore_ament_install']
[1.948s] Level 1:colcon.colcon_core.package_identification:_identify(maps) by extension 'ignore'
[1.949s] Level 1:colcon.colcon_core.package_identification:_identify(maps) by extension 'ignore_ament_install'
[1.949s] Level 1:colcon.colcon_core.package_identification:_identify(maps) by extensions ['colcon_pkg']
[1.949s] Level 1:colcon.colcon_core.package_identification:_identify(maps) by extension 'colcon_pkg'
[1.949s] Level 1:colcon.colcon_core.package_identification:_identify(maps) by extensions ['colcon_meta']
[1.949s] Level 1:colcon.colcon_core.package_identification:_identify(maps) by extension 'colcon_meta'
[1.950s] Level 1:colcon.colcon_core.package_identification:_identify(maps) by extensions ['ros']
[1.950s] Level 1:colcon.colcon_core.package_identification:_identify(maps) by extension 'ros'
[1.950s] Level 1:colcon.colcon_core.package_identification:_identify(maps) by extensions ['cmake', 'python']
[1.951s] Level 1:colcon.colcon_core.package_identification:_identify(maps) by extension 'cmake'
[1.951s] Level 1:colcon.colcon_core.package_identification:_identify(maps) by extension 'python'
[1.951s] Level 1:colcon.colcon_core.package_identification:_identify(maps) by extensions ['python_setup_py']
[1.951s] Level 1:colcon.colcon_core.package_identification:_identify(maps) by extension 'python_setup_py'
[1.952s] Level 1:colcon.colcon_core.package_identification:_identify(scripts) by extensions ['ignore', 'ignore_ament_install']
[1.952s] Level 1:colcon.colcon_core.package_identification:_identify(scripts) by extension 'ignore'
[1.952s] Level 1:colcon.colcon_core.package_identification:_identify(scripts) by extension 'ignore_ament_install'
[1.953s] Level 1:colcon.colcon_core.package_identification:_identify(scripts) by extensions ['colcon_pkg']
[1.953s] Level 1:colcon.colcon_core.package_identification:_identify(scripts) by extension 'colcon_pkg'
[1.953s] Level 1:colcon.colcon_core.package_identification:_identify(scripts) by extensions ['colcon_meta']
[1.953s] Level 1:colcon.colcon_core.package_identification:_identify(scripts) by extension 'colcon_meta'
[1.954s] Level 1:colcon.colcon_core.package_identification:_identify(scripts) by extensions ['ros']
[1.954s] Level 1:colcon.colcon_core.package_identification:_identify(scripts) by extension 'ros'
[1.954s] Level 1:colcon.colcon_core.package_identification:_identify(scripts) by extensions ['cmake', 'python']
[1.954s] Level 1:colcon.colcon_core.package_identification:_identify(scripts) by extension 'cmake'
[1.955s] Level 1:colcon.colcon_core.package_identification:_identify(scripts) by extension 'python'
[1.955s] Level 1:colcon.colcon_core.package_identification:_identify(scripts) by extensions ['python_setup_py']
[1.955s] Level 1:colcon.colcon_core.package_identification:_identify(scripts) by extension 'python_setup_py'
[1.956s] Level 1:colcon.colcon_core.package_identification:_identify(src) by extensions ['ignore', 'ignore_ament_install']
[1.956s] Level 1:colcon.colcon_core.package_identification:_identify(src) by extension 'ignore'
[1.956s] Level 1:colcon.colcon_core.package_identification:_identify(src) by extension 'ignore_ament_install'
[1.956s] Level 1:colcon.colcon_core.package_identification:_identify(src) by extensions ['colcon_pkg']
[1.957s] Level 1:colcon.colcon_core.package_identification:_identify(src) by extension 'colcon_pkg'
[1.957s] Level 1:colcon.colcon_core.package_identification:_identify(src) by extensions ['colcon_meta']
[1.957s] Level 1:colcon.colcon_core.package_identification:_identify(src) by extension 'colcon_meta'
[1.957s] Level 1:colcon.colcon_core.package_identification:_identify(src) by extensions ['ros']
[1.957s] Level 1:colcon.colcon_core.package_identification:_identify(src) by extension 'ros'
[1.958s] Level 1:colcon.colcon_core.package_identification:_identify(src) by extensions ['cmake', 'python']
[1.958s] Level 1:colcon.colcon_core.package_identification:_identify(src) by extension 'cmake'
[1.959s] Level 1:colcon.colcon_core.package_identification:_identify(src) by extension 'python'
[1.959s] Level 1:colcon.colcon_core.package_identification:_identify(src) by extensions ['python_setup_py']
[1.959s] Level 1:colcon.colcon_core.package_identification:_identify(src) by extension 'python_setup_py'
[1.960s] Level 1:colcon.colcon_core.package_identification:_identify(src/f1tenth_controllers) by extensions ['ignore', 'ignore_ament_install']
[1.960s] Level 1:colcon.colcon_core.package_identification:_identify(src/f1tenth_controllers) by extension 'ignore'
[1.961s] Level 1:colcon.colcon_core.package_identification:_identify(src/f1tenth_controllers) by extension 'ignore_ament_install'
[1.961s] Level 1:colcon.colcon_core.package_identification:_identify(src/f1tenth_controllers) by extensions ['colcon_pkg']
[1.961s] Level 1:colcon.colcon_core.package_identification:_identify(src/f1tenth_controllers) by extension 'colcon_pkg'
[1.961s] Level 1:colcon.colcon_core.package_identification:_identify(src/f1tenth_controllers) by extensions ['colcon_meta']
[1.961s] Level 1:colcon.colcon_core.package_identification:_identify(src/f1tenth_controllers) by extension 'colcon_meta'
[1.962s] Level 1:colcon.colcon_core.package_identification:_identify(src/f1tenth_controllers) by extensions ['ros']
[1.962s] Level 1:colcon.colcon_core.package_identification:_identify(src/f1tenth_controllers) by extension 'ros'
[1.974s] DEBUG:colcon.colcon_core.package_identification:Package 'src/f1tenth_controllers' with type 'ros.ament_python' and name 'f1tenth_controllers'
[1.975s] Level 1:colcon.colcon_core.package_identification:_identify(src/f1tenth_system) by extensions ['ignore', 'ignore_ament_install']
[1.975s] Level 1:colcon.colcon_core.package_identification:_identify(src/f1tenth_system) by extension 'ignore'
[1.976s] Level 1:colcon.colcon_core.package_identification:_identify(src/f1tenth_system) by extension 'ignore_ament_install'
[1.976s] Level 1:colcon.colcon_core.package_identification:_identify(src/f1tenth_system) by extensions ['colcon_pkg']
[1.976s] Level 1:colcon.colcon_core.package_identification:_identify(src/f1tenth_system) by extension 'colcon_pkg'
[1.976s] Level 1:colcon.colcon_core.package_identification:_identify(src/f1tenth_system) by extensions ['colcon_meta']
[1.977s] Level 1:colcon.colcon_core.package_identification:_identify(src/f1tenth_system) by extension 'colcon_meta'
[1.977s] Level 1:colcon.colcon_core.package_identification:_identify(src/f1tenth_system) by extensions ['ros']
[1.977s] Level 1:colcon.colcon_core.package_identification:_identify(src/f1tenth_system) by extension 'ros'
[1.978s] Level 1:colcon.colcon_core.package_identification:_identify(src/f1tenth_system) by extensions ['cmake', 'python']
[1.978s] Level 1:colcon.colcon_core.package_identification:_identify(src/f1tenth_system) by extension 'cmake'
[1.978s] Level 1:colcon.colcon_core.package_identification:_identify(src/f1tenth_system) by extension 'python'
[1.978s] Level 1:colcon.colcon_core.package_identification:_identify(src/f1tenth_system) by extensions ['python_setup_py']
[1.979s] Level 1:colcon.colcon_core.package_identification:_identify(src/f1tenth_system) by extension 'python_setup_py'
[1.979s] Level 1:colcon.colcon_core.package_identification:_identify(src/f1tenth_system/ackermann_mux) by extensions ['ignore', 'ignore_ament_install']
[1.980s] Level 1:colcon.colcon_core.package_identification:_identify(src/f1tenth_system/ackermann_mux) by extension 'ignore'
[1.980s] Level 1:colcon.colcon_core.package_identification:_identify(src/f1tenth_system/ackermann_mux) by extension 'ignore_ament_install'
[1.980s] Level 1:colcon.colcon_core.package_identification:_identify(src/f1tenth_system/ackermann_mux) by extensions ['colcon_pkg']
[1.980s] Level 1:colcon.colcon_core.package_identification:_identify(src/f1tenth_system/ackermann_mux) by extension 'colcon_pkg'
[1.981s] Level 1:colcon.colcon_core.package_identification:_identify(src/f1tenth_system/ackermann_mux) by extensions ['colcon_meta']
[1.981s] Level 1:colcon.colcon_core.package_identification:_identify(src/f1tenth_system/ackermann_mux) by extension 'colcon_meta'
[1.981s] Level 1:colcon.colcon_core.package_identification:_identify(src/f1tenth_system/ackermann_mux) by extensions ['ros']
[1.981s] Level 1:colcon.colcon_core.package_identification:_identify(src/f1tenth_system/ackermann_mux) by extension 'ros'
[1.986s] DEBUG:colcon.colcon_core.package_identification:Package 'src/f1tenth_system/ackermann_mux' with type 'ros.ament_cmake' and name 'ackermann_mux'
[1.987s] Level 1:colcon.colcon_core.package_identification:_identify(src/f1tenth_system/f1tenth_stack) by extensions ['ignore', 'ignore_ament_install']
[1.987s] Level 1:colcon.colcon_core.package_identification:_identify(src/f1tenth_system/f1tenth_stack) by extension 'ignore'
[1.988s] Level 1:colcon.colcon_core.package_identification:_identify(src/f1tenth_system/f1tenth_stack) by extension 'ignore_ament_install'
[1.988s] Level 1:colcon.colcon_core.package_identification:_identify(src/f1tenth_system/f1tenth_stack) by extensions ['colcon_pkg']
[1.988s] Level 1:colcon.colcon_core.package_identification:_identify(src/f1tenth_system/f1tenth_stack) by extension 'colcon_pkg'
[1.988s] Level 1:colcon.colcon_core.package_identification:_identify(src/f1tenth_system/f1tenth_stack) by extensions ['colcon_meta']
[1.989s] Level 1:colcon.colcon_core.package_identification:_identify(src/f1tenth_system/f1tenth_stack) by extension 'colcon_meta'
[1.989s] Level 1:colcon.colcon_core.package_identification:_identify(src/f1tenth_system/f1tenth_stack) by extensions ['ros']
[1.989s] Level 1:colcon.colcon_core.package_identification:_identify(src/f1tenth_system/f1tenth_stack) by extension 'ros'
[1.995s] DEBUG:colcon.colcon_core.package_identification:Package 'src/f1tenth_system/f1tenth_stack' with type 'ros.ament_python' and name 'f1tenth_stack'
[1.996s] Level 1:colcon.colcon_core.package_identification:_identify(src/f1tenth_system/scripts) by extensions ['ignore', 'ignore_ament_install']
[1.996s] Level 1:colcon.colcon_core.package_identification:_identify(src/f1tenth_system/scripts) by extension 'ignore'
[1.996s] Level 1:colcon.colcon_core.package_identification:_identify(src/f1tenth_system/scripts) by extension 'ignore_ament_install'
[1.997s] Level 1:colcon.colcon_core.package_identification:_identify(src/f1tenth_system/scripts) by extensions ['colcon_pkg']
[1.997s] Level 1:colcon.colcon_core.package_identification:_identify(src/f1tenth_system/scripts) by extension 'colcon_pkg'
[1.997s] Level 1:colcon.colcon_core.package_identification:_identify(src/f1tenth_system/scripts) by extensions ['colcon_meta']
[1.997s] Level 1:colcon.colcon_core.package_identification:_identify(src/f1tenth_system/scripts) by extension 'colcon_meta'
[1.998s] Level 1:colcon.colcon_core.package_identification:_identify(src/f1tenth_system/scripts) by extensions ['ros']
[1.998s] Level 1:colcon.colcon_core.package_identification:_identify(src/f1tenth_system/scripts) by extension 'ros'
[1.998s] Level 1:colcon.colcon_core.package_identification:_identify(src/f1tenth_system/scripts) by extensions ['cmake', 'python']
[1.999s] Level 1:colcon.colcon_core.package_identification:_identify(src/f1tenth_system/scripts) by extension 'cmake'
[1.999s] Level 1:colcon.colcon_core.package_identification:_identify(src/f1tenth_system/scripts) by extension 'python'
[1.999s] Level 1:colcon.colcon_core.package_identification:_identify(src/f1tenth_system/scripts) by extensions ['python_setup_py']
[1.999s] Level 1:colcon.colcon_core.package_identification:_identify(src/f1tenth_system/scripts) by extension 'python_setup_py'
[2.000s] Level 1:colcon.colcon_core.package_identification:_identify(src/f1tenth_system/teleop_tools) by extensions ['ignore', 'ignore_ament_install']
[2.000s] Level 1:colcon.colcon_core.package_identification:_identify(src/f1tenth_system/teleop_tools) by extension 'ignore'
[2.000s] Level 1:colcon.colcon_core.package_identification:_identify(src/f1tenth_system/teleop_tools) by extension 'ignore_ament_install'
[2.001s] Level 1:colcon.colcon_core.package_identification:_identify(src/f1tenth_system/teleop_tools) by extensions ['colcon_pkg']
[2.001s] Level 1:colcon.colcon_core.package_identification:_identify(src/f1tenth_system/teleop_tools) by extension 'colcon_pkg'
[2.001s] Level 1:colcon.colcon_core.package_identification:_identify(src/f1tenth_system/teleop_tools) by extensions ['colcon_meta']
[2.001s] Level 1:colcon.colcon_core.package_identification:_identify(src/f1tenth_system/teleop_tools) by extension 'colcon_meta'
[2.002s] Level 1:colcon.colcon_core.package_identification:_identify(src/f1tenth_system/teleop_tools) by extensions ['ros']
[2.002s] Level 1:colcon.colcon_core.package_identification:_identify(src/f1tenth_system/teleop_tools) by extension 'ros'
[2.002s] Level 1:colcon.colcon_core.package_identification:_identify(src/f1tenth_system/teleop_tools) by extensions ['cmake', 'python']
[2.002s] Level 1:colcon.colcon_core.package_identification:_identify(src/f1tenth_system/teleop_tools) by extension 'cmake'
[2.003s] Level 1:colcon.colcon_core.package_identification:_identify(src/f1tenth_system/teleop_tools) by extension 'python'
[2.003s] Level 1:colcon.colcon_core.package_identification:_identify(src/f1tenth_system/teleop_tools) by extensions ['python_setup_py']
[2.003s] Level 1:colcon.colcon_core.package_identification:_identify(src/f1tenth_system/teleop_tools) by extension 'python_setup_py'
[2.004s] Level 1:colcon.colcon_core.package_identification:_identify(src/f1tenth_system/teleop_tools/joy_teleop) by extensions ['ignore', 'ignore_ament_install']
[2.004s] Level 1:colcon.colcon_core.package_identification:_identify(src/f1tenth_system/teleop_tools/joy_teleop) by extension 'ignore'
[2.004s] Level 1:colcon.colcon_core.package_identification:_identify(src/f1tenth_system/teleop_tools/joy_teleop) by extension 'ignore_ament_install'
[2.005s] Level 1:colcon.colcon_core.package_identification:_identify(src/f1tenth_system/teleop_tools/joy_teleop) by extensions ['colcon_pkg']
[2.005s] Level 1:colcon.colcon_core.package_identification:_identify(src/f1tenth_system/teleop_tools/joy_teleop) by extension 'colcon_pkg'
[2.005s] Level 1:colcon.colcon_core.package_identification:_identify(src/f1tenth_system/teleop_tools/joy_teleop) by extensions ['colcon_meta']
[2.005s] Level 1:colcon.colcon_core.package_identification:_identify(src/f1tenth_system/teleop_tools/joy_teleop) by extension 'colcon_meta'
[2.005s] Level 1:colcon.colcon_core.package_identification:_identify(src/f1tenth_system/teleop_tools/joy_teleop) by extensions ['ros']
[2.006s] Level 1:colcon.colcon_core.package_identification:_identify(src/f1tenth_system/teleop_tools/joy_teleop) by extension 'ros'
[2.009s] DEBUG:colcon.colcon_core.package_identification:Package 'src/f1tenth_system/teleop_tools/joy_teleop' with type 'ros.ament_python' and name 'joy_teleop'
[2.010s] Level 1:colcon.colcon_core.package_identification:_identify(src/f1tenth_system/teleop_tools/key_teleop) by extensions ['ignore', 'ignore_ament_install']
[2.010s] Level 1:colcon.colcon_core.package_identification:_identify(src/f1tenth_system/teleop_tools/key_teleop) by extension 'ignore'
[2.011s] Level 1:colcon.colcon_core.package_identification:_identify(src/f1tenth_system/teleop_tools/key_teleop) by extension 'ignore_ament_install'
[2.011s] Level 1:colcon.colcon_core.package_identification:_identify(src/f1tenth_system/teleop_tools/key_teleop) by extensions ['colcon_pkg']
[2.011s] Level 1:colcon.colcon_core.package_identification:_identify(src/f1tenth_system/teleop_tools/key_teleop) by extension 'colcon_pkg'
[2.011s] Level 1:colcon.colcon_core.package_identification:_identify(src/f1tenth_system/teleop_tools/key_teleop) by extensions ['colcon_meta']
[2.012s] Level 1:colcon.colcon_core.package_identification:_identify(src/f1tenth_system/teleop_tools/key_teleop) by extension 'colcon_meta'
[2.012s] Level 1:colcon.colcon_core.package_identification:_identify(src/f1tenth_system/teleop_tools/key_teleop) by extensions ['ros']
[2.012s] Level 1:colcon.colcon_core.package_identification:_identify(src/f1tenth_system/teleop_tools/key_teleop) by extension 'ros'
[2.015s] DEBUG:colcon.colcon_core.package_identification:Package 'src/f1tenth_system/teleop_tools/key_teleop' with type 'ros.ament_python' and name 'key_teleop'
[2.016s] Level 1:colcon.colcon_core.package_identification:_identify(src/f1tenth_system/teleop_tools/mouse_teleop) by extensions ['ignore', 'ignore_ament_install']
[2.016s] Level 1:colcon.colcon_core.package_identification:_identify(src/f1tenth_system/teleop_tools/mouse_teleop) by extension 'ignore'
[2.016s] Level 1:colcon.colcon_core.package_identification:_identify(src/f1tenth_system/teleop_tools/mouse_teleop) by extension 'ignore_ament_install'
[2.017s] Level 1:colcon.colcon_core.package_identification:_identify(src/f1tenth_system/teleop_tools/mouse_teleop) by extensions ['colcon_pkg']
[2.017s] Level 1:colcon.colcon_core.package_identification:_identify(src/f1tenth_system/teleop_tools/mouse_teleop) by extension 'colcon_pkg'
[2.017s] Level 1:colcon.colcon_core.package_identification:_identify(src/f1tenth_system/teleop_tools/mouse_teleop) by extensions ['colcon_meta']
[2.017s] Level 1:colcon.colcon_core.package_identification:_identify(src/f1tenth_system/teleop_tools/mouse_teleop) by extension 'colcon_meta'
[2.018s] Level 1:colcon.colcon_core.package_identification:_identify(src/f1tenth_system/teleop_tools/mouse_teleop) by extensions ['ros']
[2.018s] Level 1:colcon.colcon_core.package_identification:_identify(src/f1tenth_system/teleop_tools/mouse_teleop) by extension 'ros'
[2.021s] DEBUG:colcon.colcon_core.package_identification:Package 'src/f1tenth_system/teleop_tools/mouse_teleop' with type 'ros.ament_python' and name 'mouse_teleop'
[2.021s] Level 1:colcon.colcon_core.package_identification:_identify(src/f1tenth_system/teleop_tools/teleop_tools) by extensions ['ignore', 'ignore_ament_install']
[2.022s] Level 1:colcon.colcon_core.package_identification:_identify(src/f1tenth_system/teleop_tools/teleop_tools) by extension 'ignore'
[2.022s] Level 1:colcon.colcon_core.package_identification:_identify(src/f1tenth_system/teleop_tools/teleop_tools) by extension 'ignore_ament_install'
[2.022s] Level 1:colcon.colcon_core.package_identification:_identify(src/f1tenth_system/teleop_tools/teleop_tools) by extensions ['colcon_pkg']
[2.023s] Level 1:colcon.colcon_core.package_identification:_identify(src/f1tenth_system/teleop_tools/teleop_tools) by extension 'colcon_pkg'
[2.023s] Level 1:colcon.colcon_core.package_identification:_identify(src/f1tenth_system/teleop_tools/teleop_tools) by extensions ['colcon_meta']
[2.023s] Level 1:colcon.colcon_core.package_identification:_identify(src/f1tenth_system/teleop_tools/teleop_tools) by extension 'colcon_meta'
[2.023s] Level 1:colcon.colcon_core.package_identification:_identify(src/f1tenth_system/teleop_tools/teleop_tools) by extensions ['ros']
[2.024s] Level 1:colcon.colcon_core.package_identification:_identify(src/f1tenth_system/teleop_tools/teleop_tools) by extension 'ros'
[2.026s] DEBUG:colcon.colcon_core.package_identification:Package 'src/f1tenth_system/teleop_tools/teleop_tools' with type 'ros.ament_cmake' and name 'teleop_tools'
[2.027s] Level 1:colcon.colcon_core.package_identification:_identify(src/f1tenth_system/teleop_tools/teleop_tools_msgs) by extensions ['ignore', 'ignore_ament_install']
[2.027s] Level 1:colcon.colcon_core.package_identification:_identify(src/f1tenth_system/teleop_tools/teleop_tools_msgs) by extension 'ignore'
[2.027s] Level 1:colcon.colcon_core.package_identification:_identify(src/f1tenth_system/teleop_tools/teleop_tools_msgs) by extension 'ignore_ament_install'
[2.028s] Level 1:colcon.colcon_core.package_identification:_identify(src/f1tenth_system/teleop_tools/teleop_tools_msgs) by extensions ['colcon_pkg']
[2.028s] Level 1:colcon.colcon_core.package_identification:_identify(src/f1tenth_system/teleop_tools/teleop_tools_msgs) by extension 'colcon_pkg'
[2.028s] Level 1:colcon.colcon_core.package_identification:_identify(src/f1tenth_system/teleop_tools/teleop_tools_msgs) by extensions ['colcon_meta']
[2.028s] Level 1:colcon.colcon_core.package_identification:_identify(src/f1tenth_system/teleop_tools/teleop_tools_msgs) by extension 'colcon_meta'
[2.029s] Level 1:colcon.colcon_core.package_identification:_identify(src/f1tenth_system/teleop_tools/teleop_tools_msgs) by extensions ['ros']
[2.029s] Level 1:colcon.colcon_core.package_identification:_identify(src/f1tenth_system/teleop_tools/teleop_tools_msgs) by extension 'ros'
[2.032s] DEBUG:colcon.colcon_core.package_identification:Package 'src/f1tenth_system/teleop_tools/teleop_tools_msgs' with type 'ros.ament_cmake' and name 'teleop_tools_msgs'
[2.033s] Level 1:colcon.colcon_core.package_identification:_identify(src/f1tenth_system/vesc) by extensions ['ignore', 'ignore_ament_install']
[2.033s] Level 1:colcon.colcon_core.package_identification:_identify(src/f1tenth_system/vesc) by extension 'ignore'
[2.034s] Level 1:colcon.colcon_core.package_identification:_identify(src/f1tenth_system/vesc) by extension 'ignore_ament_install'
[2.034s] Level 1:colcon.colcon_core.package_identification:_identify(src/f1tenth_system/vesc) by extensions ['colcon_pkg']
[2.034s] Level 1:colcon.colcon_core.package_identification:_identify(src/f1tenth_system/vesc) by extension 'colcon_pkg'
[2.034s] Level 1:colcon.colcon_core.package_identification:_identify(src/f1tenth_system/vesc) by extensions ['colcon_meta']
[2.035s] Level 1:colcon.colcon_core.package_identification:_identify(src/f1tenth_system/vesc) by extension 'colcon_meta'
[2.035s] Level 1:colcon.colcon_core.package_identification:_identify(src/f1tenth_system/vesc) by extensions ['ros']
[2.035s] Level 1:colcon.colcon_core.package_identification:_identify(src/f1tenth_system/vesc) by extension 'ros'
[2.036s] Level 1:colcon.colcon_core.package_identification:_identify(src/f1tenth_system/vesc) by extensions ['cmake', 'python']
[2.036s] Level 1:colcon.colcon_core.package_identification:_identify(src/f1tenth_system/vesc) by extension 'cmake'
[2.036s] Level 1:colcon.colcon_core.package_identification:_identify(src/f1tenth_system/vesc) by extension 'python'
[2.036s] Level 1:colcon.colcon_core.package_identification:_identify(src/f1tenth_system/vesc) by extensions ['python_setup_py']
[2.036s] Level 1:colcon.colcon_core.package_identification:_identify(src/f1tenth_system/vesc) by extension 'python_setup_py'
[2.037s] Level 1:colcon.colcon_core.package_identification:_identify(src/f1tenth_system/vesc/vesc) by extensions ['ignore', 'ignore_ament_install']
[2.037s] Level 1:colcon.colcon_core.package_identification:_identify(src/f1tenth_system/vesc/vesc) by extension 'ignore'
[2.038s] Level 1:colcon.colcon_core.package_identification:_identify(src/f1tenth_system/vesc/vesc) by extension 'ignore_ament_install'
[2.038s] Level 1:colcon.colcon_core.package_identification:_identify(src/f1tenth_system/vesc/vesc) by extensions ['colcon_pkg']
[2.038s] Level 1:colcon.colcon_core.package_identification:_identify(src/f1tenth_system/vesc/vesc) by extension 'colcon_pkg'
[2.038s] Level 1:colcon.colcon_core.package_identification:_identify(src/f1tenth_system/vesc/vesc) by extensions ['colcon_meta']
[2.039s] Level 1:colcon.colcon_core.package_identification:_identify(src/f1tenth_system/vesc/vesc) by extension 'colcon_meta'
[2.039s] Level 1:colcon.colcon_core.package_identification:_identify(src/f1tenth_system/vesc/vesc) by extensions ['ros']
[2.039s] Level 1:colcon.colcon_core.package_identification:_identify(src/f1tenth_system/vesc/vesc) by extension 'ros'
[2.042s] DEBUG:colcon.colcon_core.package_identification:Package 'src/f1tenth_system/vesc/vesc' with type 'ros.ament_cmake' and name 'vesc'
[2.043s] Level 1:colcon.colcon_core.package_identification:_identify(src/f1tenth_system/vesc/vesc_ackermann) by extensions ['ignore', 'ignore_ament_install']
[2.043s] Level 1:colcon.colcon_core.package_identification:_identify(src/f1tenth_system/vesc/vesc_ackermann) by extension 'ignore'
[2.043s] Level 1:colcon.colcon_core.package_identification:_identify(src/f1tenth_system/vesc/vesc_ackermann) by extension 'ignore_ament_install'
[2.044s] Level 1:colcon.colcon_core.package_identification:_identify(src/f1tenth_system/vesc/vesc_ackermann) by extensions ['colcon_pkg']
[2.044s] Level 1:colcon.colcon_core.package_identification:_identify(src/f1tenth_system/vesc/vesc_ackermann) by extension 'colcon_pkg'
[2.044s] Level 1:colcon.colcon_core.package_identification:_identify(src/f1tenth_system/vesc/vesc_ackermann) by extensions ['colcon_meta']
[2.045s] Level 1:colcon.colcon_core.package_identification:_identify(src/f1tenth_system/vesc/vesc_ackermann) by extension 'colcon_meta'
[2.045s] Level 1:colcon.colcon_core.package_identification:_identify(src/f1tenth_system/vesc/vesc_ackermann) by extensions ['ros']
[2.045s] Level 1:colcon.colcon_core.package_identification:_identify(src/f1tenth_system/vesc/vesc_ackermann) by extension 'ros'
[2.051s] DEBUG:colcon.colcon_core.package_identification:Package 'src/f1tenth_system/vesc/vesc_ackermann' with type 'ros.ament_cmake' and name 'vesc_ackermann'
[2.052s] Level 1:colcon.colcon_core.package_identification:_identify(src/f1tenth_system/vesc/vesc_driver) by extensions ['ignore', 'ignore_ament_install']
[2.052s] Level 1:colcon.colcon_core.package_identification:_identify(src/f1tenth_system/vesc/vesc_driver) by extension 'ignore'
[2.053s] Level 1:colcon.colcon_core.package_identification:_identify(src/f1tenth_system/vesc/vesc_driver) by extension 'ignore_ament_install'
[2.053s] Level 1:colcon.colcon_core.package_identification:_identify(src/f1tenth_system/vesc/vesc_driver) by extensions ['colcon_pkg']
[2.053s] Level 1:colcon.colcon_core.package_identification:_identify(src/f1tenth_system/vesc/vesc_driver) by extension 'colcon_pkg'
[2.053s] Level 1:colcon.colcon_core.package_identification:_identify(src/f1tenth_system/vesc/vesc_driver) by extensions ['colcon_meta']
[2.054s] Level 1:colcon.colcon_core.package_identification:_identify(src/f1tenth_system/vesc/vesc_driver) by extension 'colcon_meta'
[2.054s] Level 1:colcon.colcon_core.package_identification:_identify(src/f1tenth_system/vesc/vesc_driver) by extensions ['ros']
[2.054s] Level 1:colcon.colcon_core.package_identification:_identify(src/f1tenth_system/vesc/vesc_driver) by extension 'ros'
[2.060s] DEBUG:colcon.colcon_core.package_identification:Package 'src/f1tenth_system/vesc/vesc_driver' with type 'ros.ament_cmake' and name 'vesc_driver'
[2.061s] Level 1:colcon.colcon_core.package_identification:_identify(src/f1tenth_system/vesc/vesc_msgs) by extensions ['ignore', 'ignore_ament_install']
[2.061s] Level 1:colcon.colcon_core.package_identification:_identify(src/f1tenth_system/vesc/vesc_msgs) by extension 'ignore'
[2.061s] Level 1:colcon.colcon_core.package_identification:_identify(src/f1tenth_system/vesc/vesc_msgs) by extension 'ignore_ament_install'
[2.062s] Level 1:colcon.colcon_core.package_identification:_identify(src/f1tenth_system/vesc/vesc_msgs) by extensions ['colcon_pkg']
[2.062s] Level 1:colcon.colcon_core.package_identification:_identify(src/f1tenth_system/vesc/vesc_msgs) by extension 'colcon_pkg'
[2.062s] Level 1:colcon.colcon_core.package_identification:_identify(src/f1tenth_system/vesc/vesc_msgs) by extensions ['colcon_meta']
[2.062s] Level 1:colcon.colcon_core.package_identification:_identify(src/f1tenth_system/vesc/vesc_msgs) by extension 'colcon_meta'
[2.063s] Level 1:colcon.colcon_core.package_identification:_identify(src/f1tenth_system/vesc/vesc_msgs) by extensions ['ros']
[2.063s] Level 1:colcon.colcon_core.package_identification:_identify(src/f1tenth_system/vesc/vesc_msgs) by extension 'ros'
[2.071s] DEBUG:colcon.colcon_core.package_identification:Package 'src/f1tenth_system/vesc/vesc_msgs' with type 'ros.ament_cmake' and name 'vesc_msgs'
[2.072s] Level 1:colcon.colcon_core.package_identification:_identify(src/mapping) by extensions ['ignore', 'ignore_ament_install']
[2.072s] Level 1:colcon.colcon_core.package_identification:_identify(src/mapping) by extension 'ignore'
[2.073s] Level 1:colcon.colcon_core.package_identification:_identify(src/mapping) by extension 'ignore_ament_install'
[2.073s] Level 1:colcon.colcon_core.package_identification:_identify(src/mapping) by extensions ['colcon_pkg']
[2.073s] Level 1:colcon.colcon_core.package_identification:_identify(src/mapping) by extension 'colcon_pkg'
[2.074s] Level 1:colcon.colcon_core.package_identification:_identify(src/mapping) by extensions ['colcon_meta']
[2.074s] Level 1:colcon.colcon_core.package_identification:_identify(src/mapping) by extension 'colcon_meta'
[2.074s] Level 1:colcon.colcon_core.package_identification:_identify(src/mapping) by extensions ['ros']
[2.075s] Level 1:colcon.colcon_core.package_identification:_identify(src/mapping) by extension 'ros'
[2.077s] DEBUG:colcon.colcon_core.package_identification:Package 'src/mapping' with type 'ros.ament_python' and name 'mapping'
[2.078s] Level 1:colcon.colcon_core.package_identification:_identify(src/new_map_saver) by extensions ['ignore', 'ignore_ament_install']
[2.078s] Level 1:colcon.colcon_core.package_identification:_identify(src/new_map_saver) by extension 'ignore'
[2.079s] Level 1:colcon.colcon_core.package_identification:_identify(src/new_map_saver) by extension 'ignore_ament_install'
[2.079s] Level 1:colcon.colcon_core.package_identification:_identify(src/new_map_saver) by extensions ['colcon_pkg']
[2.079s] Level 1:colcon.colcon_core.package_identification:_identify(src/new_map_saver) by extension 'colcon_pkg'
[2.079s] Level 1:colcon.colcon_core.package_identification:_identify(src/new_map_saver) by extensions ['colcon_meta']
[2.079s] Level 1:colcon.colcon_core.package_identification:_identify(src/new_map_saver) by extension 'colcon_meta'
[2.080s] Level 1:colcon.colcon_core.package_identification:_identify(src/new_map_saver) by extensions ['ros']
[2.080s] Level 1:colcon.colcon_core.package_identification:_identify(src/new_map_saver) by extension 'ros'
[2.082s] DEBUG:colcon.colcon_core.package_identification:Package 'src/new_map_saver' with type 'ros.ament_python' and name 'new_map_saver'
[2.083s] Level 1:colcon.colcon_core.package_identification:_identify(src/phasespace) by extensions ['ignore', 'ignore_ament_install']
[2.083s] Level 1:colcon.colcon_core.package_identification:_identify(src/phasespace) by extension 'ignore'
[2.084s] Level 1:colcon.colcon_core.package_identification:_identify(src/phasespace) by extension 'ignore_ament_install'
[2.084s] Level 1:colcon.colcon_core.package_identification:_identify(src/phasespace) by extensions ['colcon_pkg']
[2.084s] Level 1:colcon.colcon_core.package_identification:_identify(src/phasespace) by extension 'colcon_pkg'
[2.084s] Level 1:colcon.colcon_core.package_identification:_identify(src/phasespace) by extensions ['colcon_meta']
[2.085s] Level 1:colcon.colcon_core.package_identification:_identify(src/phasespace) by extension 'colcon_meta'
[2.085s] Level 1:colcon.colcon_core.package_identification:_identify(src/phasespace) by extensions ['ros']
[2.085s] Level 1:colcon.colcon_core.package_identification:_identify(src/phasespace) by extension 'ros'
[2.087s] DEBUG:colcon.colcon_core.package_identification:Package 'src/phasespace' with type 'ros.ament_python' and name 'phasespace'
[2.088s] Level 1:colcon.colcon_core.package_identification:_identify(src/pure_pursuit) by extensions ['ignore', 'ignore_ament_install']
[2.088s] Level 1:colcon.colcon_core.package_identification:_identify(src/pure_pursuit) by extension 'ignore'
[2.089s] Level 1:colcon.colcon_core.package_identification:_identify(src/pure_pursuit) by extension 'ignore_ament_install'
[2.089s] Level 1:colcon.colcon_core.package_identification:_identify(src/pure_pursuit) by extensions ['colcon_pkg']
[2.089s] Level 1:colcon.colcon_core.package_identification:_identify(src/pure_pursuit) by extension 'colcon_pkg'
[2.089s] Level 1:colcon.colcon_core.package_identification:_identify(src/pure_pursuit) by extensions ['colcon_meta']
[2.089s] Level 1:colcon.colcon_core.package_identification:_identify(src/pure_pursuit) by extension 'colcon_meta'
[2.090s] Level 1:colcon.colcon_core.package_identification:_identify(src/pure_pursuit) by extensions ['ros']
[2.090s] Level 1:colcon.colcon_core.package_identification:_identify(src/pure_pursuit) by extension 'ros'
[2.096s] DEBUG:colcon.colcon_core.package_identification:Package 'src/pure_pursuit' with type 'ros.ament_cmake' and name 'pure_pursuit'
[2.096s] Level 1:colcon.colcon_core.package_discovery:discover_packages(recursive) using defaults
[2.097s] Level 1:colcon.colcon_core.package_discovery:discover_packages(ignore) discover
[2.097s] Level 1:colcon.colcon_core.package_discovery:discover_packages(ignore) using defaults
[2.097s] Level 1:colcon.colcon_core.package_discovery:discover_packages(path) discover
[2.097s] Level 1:colcon.colcon_core.package_discovery:discover_packages(path) using defaults
[2.195s] Level 1:colcon.colcon_core.package_discovery:discover_packages(prefix_path) check parameters
[2.196s] Level 1:colcon.colcon_core.package_discovery:discover_packages(prefix_path) discover
[2.200s] WARNING:colcon.colcon_ros.prefix_path.ament:The path '//home/nvidia/f1tenth_ws/install/f1tenth_stack' in the environment variable AMENT_PREFIX_PATH doesn't exist
[2.201s] WARNING:colcon.colcon_ros.prefix_path.ament:The path '//home/nvidia/f1tenth_ws/install/vesc' in the environment variable AMENT_PREFIX_PATH doesn't exist
[2.201s] WARNING:colcon.colcon_ros.prefix_path.ament:The path '//home/nvidia/f1tenth_ws/install/vesc_driver' in the environment variable AMENT_PREFIX_PATH doesn't exist
[2.201s] WARNING:colcon.colcon_ros.prefix_path.ament:The path '//home/nvidia/f1tenth_ws/install/vesc_ackermann' in the environment variable AMENT_PREFIX_PATH doesn't exist
[2.202s] WARNING:colcon.colcon_ros.prefix_path.ament:The path '//home/nvidia/f1tenth_ws/install/vesc_msgs' in the environment variable AMENT_PREFIX_PATH doesn't exist
[2.202s] WARNING:colcon.colcon_ros.prefix_path.ament:The path '//home/nvidia/f1tenth_ws/install/teleop_tools' in the environment variable AMENT_PREFIX_PATH doesn't exist
[2.202s] WARNING:colcon.colcon_ros.prefix_path.ament:The path '//home/nvidia/f1tenth_ws/install/joy_teleop' in the environment variable AMENT_PREFIX_PATH doesn't exist
[2.202s] WARNING:colcon.colcon_ros.prefix_path.ament:The path '//home/nvidia/f1tenth_ws/install/teleop_tools_msgs' in the environment variable AMENT_PREFIX_PATH doesn't exist
[2.203s] WARNING:colcon.colcon_ros.prefix_path.ament:The path '//home/nvidia/f1tenth_ws/install/pure_pursuit' in the environment variable AMENT_PREFIX_PATH doesn't exist
[2.203s] WARNING:colcon.colcon_ros.prefix_path.ament:The path '//home/nvidia/f1tenth_ws/install/phasespace' in the environment variable AMENT_PREFIX_PATH doesn't exist
[2.203s] WARNING:colcon.colcon_ros.prefix_path.ament:The path '//home/nvidia/f1tenth_ws/install/new_map_saver' in the environment variable AMENT_PREFIX_PATH doesn't exist
[2.203s] WARNING:colcon.colcon_ros.prefix_path.ament:The path '//home/nvidia/f1tenth_ws/install/mouse_teleop' in the environment variable AMENT_PREFIX_PATH doesn't exist
[2.204s] WARNING:colcon.colcon_ros.prefix_path.ament:The path '//home/nvidia/f1tenth_ws/install/mapping' in the environment variable AMENT_PREFIX_PATH doesn't exist
[2.204s] WARNING:colcon.colcon_ros.prefix_path.ament:The path '//home/nvidia/f1tenth_ws/install/key_teleop' in the environment variable AMENT_PREFIX_PATH doesn't exist
[2.204s] WARNING:colcon.colcon_ros.prefix_path.ament:The path '//home/nvidia/f1tenth_ws/install/f1tenth_controllers' in the environment variable AMENT_PREFIX_PATH doesn't exist
[2.204s] WARNING:colcon.colcon_ros.prefix_path.ament:The path '//home/nvidia/f1tenth_ws/install/ackermann_mux' in the environment variable AMENT_PREFIX_PATH doesn't exist
[2.205s] WARNING:colcon.colcon_ros.prefix_path.catkin:The path '//home/nvidia/f1tenth_ws/install/vesc' in the environment variable CMAKE_PREFIX_PATH doesn't exist
[2.205s] WARNING:colcon.colcon_ros.prefix_path.catkin:The path '//home/nvidia/f1tenth_ws/install/vesc_driver' in the environment variable CMAKE_PREFIX_PATH doesn't exist
[2.205s] WARNING:colcon.colcon_ros.prefix_path.catkin:The path '//home/nvidia/f1tenth_ws/install/vesc_ackermann' in the environment variable CMAKE_PREFIX_PATH doesn't exist
[2.206s] WARNING:colcon.colcon_ros.prefix_path.catkin:The path '//home/nvidia/f1tenth_ws/install/vesc_msgs' in the environment variable CMAKE_PREFIX_PATH doesn't exist
[2.206s] WARNING:colcon.colcon_ros.prefix_path.catkin:The path '//home/nvidia/f1tenth_ws/install/teleop_tools' in the environment variable CMAKE_PREFIX_PATH doesn't exist
[2.206s] WARNING:colcon.colcon_ros.prefix_path.catkin:The path '//home/nvidia/f1tenth_ws/install/teleop_tools_msgs' in the environment variable CMAKE_PREFIX_PATH doesn't exist
[2.207s] WARNING:colcon.colcon_ros.prefix_path.catkin:The path '//home/nvidia/f1tenth_ws/install/pure_pursuit' in the environment variable CMAKE_PREFIX_PATH doesn't exist
[2.207s] WARNING:colcon.colcon_ros.prefix_path.catkin:The path '//home/nvidia/f1tenth_ws/install/ackermann_mux' in the environment variable CMAKE_PREFIX_PATH doesn't exist
[2.211s] DEBUG:colcon.colcon_installed_package_information.package_discovery:Found 0 installed packages in //home/nvidia/f1tenth_ws/install
[2.223s] DEBUG:colcon.colcon_installed_package_information.package_discovery:Found 316 installed packages in /opt/ros/foxy
[2.235s] Level 1:colcon.colcon_core.package_discovery:discover_packages(prefix_path) using defaults
[2.626s] Level 5:colcon.colcon_core.verb:set package 'ackermann_mux' build argument 'cmake_args' from command line to 'None'
[2.627s] Level 5:colcon.colcon_core.verb:set package 'ackermann_mux' build argument 'cmake_target' from command line to 'None'
[2.627s] Level 5:colcon.colcon_core.verb:set package 'ackermann_mux' build argument 'cmake_target_skip_unavailable' from command line to 'False'
[2.627s] Level 5:colcon.colcon_core.verb:set package 'ackermann_mux' build argument 'cmake_clean_cache' from command line to 'False'
[2.627s] Level 5:colcon.colcon_core.verb:set package 'ackermann_mux' build argument 'cmake_clean_first' from command line to 'False'
[2.627s] Level 5:colcon.colcon_core.verb:set package 'ackermann_mux' build argument 'cmake_force_configure' from command line to 'False'
[2.627s] Level 5:colcon.colcon_core.verb:set package 'ackermann_mux' build argument 'ament_cmake_args' from command line to 'None'
[2.628s] Level 5:colcon.colcon_core.verb:set package 'ackermann_mux' build argument 'catkin_cmake_args' from command line to 'None'
[2.628s] Level 5:colcon.colcon_core.verb:set package 'ackermann_mux' build argument 'catkin_skip_building_tests' from command line to 'False'
[2.628s] DEBUG:colcon.colcon_core.verb:Building package 'ackermann_mux' with the following arguments: {'ament_cmake_args': None, 'build_base': '/home/nvidia/f1tenth_ws/build/ackermann_mux', 'catkin_cmake_args': None, 'catkin_skip_building_tests': False, 'cmake_args': None, 'cmake_clean_cache': False, 'cmake_clean_first': False, 'cmake_force_configure': False, 'cmake_target': None, 'cmake_target_skip_unavailable': False, 'install_base': '/home/nvidia/f1tenth_ws/install/ackermann_mux', 'merge_install': False, 'path': '/home/nvidia/f1tenth_ws/src/f1tenth_system/ackermann_mux', 'symlink_install': False, 'test_result_base': None}
[2.630s] Level 5:colcon.colcon_core.verb:set package 'f1tenth_controllers' build argument 'cmake_args' from command line to 'None'
[2.631s] Level 5:colcon.colcon_core.verb:set package 'f1tenth_controllers' build argument 'cmake_target' from command line to 'None'
[2.631s] Level 5:colcon.colcon_core.verb:set package 'f1tenth_controllers' build argument 'cmake_target_skip_unavailable' from command line to 'False'
[2.631s] Level 5:colcon.colcon_core.verb:set package 'f1tenth_controllers' build argument 'cmake_clean_cache' from command line to 'False'
[2.631s] Level 5:colcon.colcon_core.verb:set package 'f1tenth_controllers' build argument 'cmake_clean_first' from command line to 'False'
[2.631s] Level 5:colcon.colcon_core.verb:set package 'f1tenth_controllers' build argument 'cmake_force_configure' from command line to 'False'
[2.631s] Level 5:colcon.colcon_core.verb:set package 'f1tenth_controllers' build argument 'ament_cmake_args' from command line to 'None'
[2.632s] Level 5:colcon.colcon_core.verb:set package 'f1tenth_controllers' build argument 'catkin_cmake_args' from command line to 'None'
[2.632s] Level 5:colcon.colcon_core.verb:set package 'f1tenth_controllers' build argument 'catkin_skip_building_tests' from command line to 'False'
[2.632s] DEBUG:colcon.colcon_core.verb:Building package 'f1tenth_controllers' with the following arguments: {'ament_cmake_args': None, 'build_base': '/home/nvidia/f1tenth_ws/build/f1tenth_controllers', 'catkin_cmake_args': None, 'catkin_skip_building_tests': False, 'cmake_args': None, 'cmake_clean_cache': False, 'cmake_clean_first': False, 'cmake_force_configure': False, 'cmake_target': None, 'cmake_target_skip_unavailable': False, 'install_base': '/home/nvidia/f1tenth_ws/install/f1tenth_controllers', 'merge_install': False, 'path': '/home/nvidia/f1tenth_ws/src/f1tenth_controllers', 'symlink_install': False, 'test_result_base': None}
[2.634s] Level 5:colcon.colcon_core.verb:set package 'key_teleop' build argument 'cmake_args' from command line to 'None'
[2.635s] Level 5:colcon.colcon_core.verb:set package 'key_teleop' build argument 'cmake_target' from command line to 'None'
[2.635s] Level 5:colcon.colcon_core.verb:set package 'key_teleop' build argument 'cmake_target_skip_unavailable' from command line to 'False'
[2.635s] Level 5:colcon.colcon_core.verb:set package 'key_teleop' build argument 'cmake_clean_cache' from command line to 'False'
[2.635s] Level 5:colcon.colcon_core.verb:set package 'key_teleop' build argument 'cmake_clean_first' from command line to 'False'
[2.635s] Level 5:colcon.colcon_core.verb:set package 'key_teleop' build argument 'cmake_force_configure' from command line to 'False'
[2.635s] Level 5:colcon.colcon_core.verb:set package 'key_teleop' build argument 'ament_cmake_args' from command line to 'None'
[2.636s] Level 5:colcon.colcon_core.verb:set package 'key_teleop' build argument 'catkin_cmake_args' from command line to 'None'
[2.636s] Level 5:colcon.colcon_core.verb:set package 'key_teleop' build argument 'catkin_skip_building_tests' from command line to 'False'
[2.636s] DEBUG:colcon.colcon_core.verb:Building package 'key_teleop' with the following arguments: {'ament_cmake_args': None, 'build_base': '/home/nvidia/f1tenth_ws/build/key_teleop', 'catkin_cmake_args': None, 'catkin_skip_building_tests': False, 'cmake_args': None, 'cmake_clean_cache': False, 'cmake_clean_first': False, 'cmake_force_configure': False, 'cmake_target': None, 'cmake_target_skip_unavailable': False, 'install_base': '/home/nvidia/f1tenth_ws/install/key_teleop', 'merge_install': False, 'path': '/home/nvidia/f1tenth_ws/src/f1tenth_system/teleop_tools/key_teleop', 'symlink_install': False, 'test_result_base': None}
[2.638s] Level 5:colcon.colcon_core.verb:set package 'mapping' build argument 'cmake_args' from command line to 'None'
[2.638s] Level 5:colcon.colcon_core.verb:set package 'mapping' build argument 'cmake_target' from command line to 'None'
[2.638s] Level 5:colcon.colcon_core.verb:set package 'mapping' build argument 'cmake_target_skip_unavailable' from command line to 'False'
[2.639s] Level 5:colcon.colcon_core.verb:set package 'mapping' build argument 'cmake_clean_cache' from command line to 'False'
[2.639s] Level 5:colcon.colcon_core.verb:set package 'mapping' build argument 'cmake_clean_first' from command line to 'False'
[2.639s] Level 5:colcon.colcon_core.verb:set package 'mapping' build argument 'cmake_force_configure' from command line to 'False'
[2.639s] Level 5:colcon.colcon_core.verb:set package 'mapping' build argument 'ament_cmake_args' from command line to 'None'
[2.639s] Level 5:colcon.colcon_core.verb:set package 'mapping' build argument 'catkin_cmake_args' from command line to 'None'
[2.639s] Level 5:colcon.colcon_core.verb:set package 'mapping' build argument 'catkin_skip_building_tests' from command line to 'False'
[2.640s] DEBUG:colcon.colcon_core.verb:Building package 'mapping' with the following arguments: {'ament_cmake_args': None, 'build_base': '/home/nvidia/f1tenth_ws/build/mapping', 'catkin_cmake_args': None, 'catkin_skip_building_tests': False, 'cmake_args': None, 'cmake_clean_cache': False, 'cmake_clean_first': False, 'cmake_force_configure': False, 'cmake_target': None, 'cmake_target_skip_unavailable': False, 'install_base': '/home/nvidia/f1tenth_ws/install/mapping', 'merge_install': False, 'path': '/home/nvidia/f1tenth_ws/src/mapping', 'symlink_install': False, 'test_result_base': None}
[2.642s] Level 5:colcon.colcon_core.verb:set package 'mouse_teleop' build argument 'cmake_args' from command line to 'None'
[2.642s] Level 5:colcon.colcon_core.verb:set package 'mouse_teleop' build argument 'cmake_target' from command line to 'None'
[2.642s] Level 5:colcon.colcon_core.verb:set package 'mouse_teleop' build argument 'cmake_target_skip_unavailable' from command line to 'False'
[2.642s] Level 5:colcon.colcon_core.verb:set package 'mouse_teleop' build argument 'cmake_clean_cache' from command line to 'False'
[2.642s] Level 5:colcon.colcon_core.verb:set package 'mouse_teleop' build argument 'cmake_clean_first' from command line to 'False'
[2.642s] Level 5:colcon.colcon_core.verb:set package 'mouse_teleop' build argument 'cmake_force_configure' from command line to 'False'
[2.643s] Level 5:colcon.colcon_core.verb:set package 'mouse_teleop' build argument 'ament_cmake_args' from command line to 'None'
[2.643s] Level 5:colcon.colcon_core.verb:set package 'mouse_teleop' build argument 'catkin_cmake_args' from command line to 'None'
[2.643s] Level 5:colcon.colcon_core.verb:set package 'mouse_teleop' build argument 'catkin_skip_building_tests' from command line to 'False'
[2.643s] DEBUG:colcon.colcon_core.verb:Building package 'mouse_teleop' with the following arguments: {'ament_cmake_args': None, 'build_base': '/home/nvidia/f1tenth_ws/build/mouse_teleop', 'catkin_cmake_args': None, 'catkin_skip_building_tests': False, 'cmake_args': None, 'cmake_clean_cache': False, 'cmake_clean_first': False, 'cmake_force_configure': False, 'cmake_target': None, 'cmake_target_skip_unavailable': False, 'install_base': '/home/nvidia/f1tenth_ws/install/mouse_teleop', 'merge_install': False, 'path': '/home/nvidia/f1tenth_ws/src/f1tenth_system/teleop_tools/mouse_teleop', 'symlink_install': False, 'test_result_base': None}
[2.645s] Level 5:colcon.colcon_core.verb:set package 'new_map_saver' build argument 'cmake_args' from command line to 'None'
[2.645s] Level 5:colcon.colcon_core.verb:set package 'new_map_saver' build argument 'cmake_target' from command line to 'None'
[2.645s] Level 5:colcon.colcon_core.verb:set package 'new_map_saver' build argument 'cmake_target_skip_unavailable' from command line to 'False'
[2.645s] Level 5:colcon.colcon_core.verb:set package 'new_map_saver' build argument 'cmake_clean_cache' from command line to 'False'
[2.646s] Level 5:colcon.colcon_core.verb:set package 'new_map_saver' build argument 'cmake_clean_first' from command line to 'False'
[2.646s] Level 5:colcon.colcon_core.verb:set package 'new_map_saver' build argument 'cmake_force_configure' from command line to 'False'
[2.646s] Level 5:colcon.colcon_core.verb:set package 'new_map_saver' build argument 'ament_cmake_args' from command line to 'None'
[2.646s] Level 5:colcon.colcon_core.verb:set package 'new_map_saver' build argument 'catkin_cmake_args' from command line to 'None'
[2.646s] Level 5:colcon.colcon_core.verb:set package 'new_map_saver' build argument 'catkin_skip_building_tests' from command line to 'False'
[2.646s] DEBUG:colcon.colcon_core.verb:Building package 'new_map_saver' with the following arguments: {'ament_cmake_args': None, 'build_base': '/home/nvidia/f1tenth_ws/build/new_map_saver', 'catkin_cmake_args': None, 'catkin_skip_building_tests': False, 'cmake_args': None, 'cmake_clean_cache': False, 'cmake_clean_first': False, 'cmake_force_configure': False, 'cmake_target': None, 'cmake_target_skip_unavailable': False, 'install_base': '/home/nvidia/f1tenth_ws/install/new_map_saver', 'merge_install': False, 'path': '/home/nvidia/f1tenth_ws/src/new_map_saver', 'symlink_install': False, 'test_result_base': None}
[2.649s] Level 5:colcon.colcon_core.verb:set package 'phasespace' build argument 'cmake_args' from command line to 'None'
[2.649s] Level 5:colcon.colcon_core.verb:set package 'phasespace' build argument 'cmake_target' from command line to 'None'
[2.649s] Level 5:colcon.colcon_core.verb:set package 'phasespace' build argument 'cmake_target_skip_unavailable' from command line to 'False'
[2.649s] Level 5:colcon.colcon_core.verb:set package 'phasespace' build argument 'cmake_clean_cache' from command line to 'False'
[2.649s] Level 5:colcon.colcon_core.verb:set package 'phasespace' build argument 'cmake_clean_first' from command line to 'False'
[2.649s] Level 5:colcon.colcon_core.verb:set package 'phasespace' build argument 'cmake_force_configure' from command line to 'False'
[2.649s] Level 5:colcon.colcon_core.verb:set package 'phasespace' build argument 'ament_cmake_args' from command line to 'None'
[2.650s] Level 5:colcon.colcon_core.verb:set package 'phasespace' build argument 'catkin_cmake_args' from command line to 'None'
[2.650s] Level 5:colcon.colcon_core.verb:set package 'phasespace' build argument 'catkin_skip_building_tests' from command line to 'False'
[2.650s] DEBUG:colcon.colcon_core.verb:Building package 'phasespace' with the following arguments: {'ament_cmake_args': None, 'build_base': '/home/nvidia/f1tenth_ws/build/phasespace', 'catkin_cmake_args': None, 'catkin_skip_building_tests': False, 'cmake_args': None, 'cmake_clean_cache': False, 'cmake_clean_first': False, 'cmake_force_configure': False, 'cmake_target': None, 'cmake_target_skip_unavailable': False, 'install_base': '/home/nvidia/f1tenth_ws/install/phasespace', 'merge_install': False, 'path': '/home/nvidia/f1tenth_ws/src/phasespace', 'symlink_install': False, 'test_result_base': None}
[2.652s] Level 5:colcon.colcon_core.verb:set package 'pure_pursuit' build argument 'cmake_args' from command line to 'None'
[2.652s] Level 5:colcon.colcon_core.verb:set package 'pure_pursuit' build argument 'cmake_target' from command line to 'None'
[2.652s] Level 5:colcon.colcon_core.verb:set package 'pure_pursuit' build argument 'cmake_target_skip_unavailable' from command line to 'False'
[2.652s] Level 5:colcon.colcon_core.verb:set package 'pure_pursuit' build argument 'cmake_clean_cache' from command line to 'False'
[2.653s] Level 5:colcon.colcon_core.verb:set package 'pure_pursuit' build argument 'cmake_clean_first' from command line to 'False'
[2.653s] Level 5:colcon.colcon_core.verb:set package 'pure_pursuit' build argument 'cmake_force_configure' from command line to 'False'
[2.653s] Level 5:colcon.colcon_core.verb:set package 'pure_pursuit' build argument 'ament_cmake_args' from command line to 'None'
[2.653s] Level 5:colcon.colcon_core.verb:set package 'pure_pursuit' build argument 'catkin_cmake_args' from command line to 'None'
[2.653s] Level 5:colcon.colcon_core.verb:set package 'pure_pursuit' build argument 'catkin_skip_building_tests' from command line to 'False'
[2.654s] DEBUG:colcon.colcon_core.verb:Building package 'pure_pursuit' with the following arguments: {'ament_cmake_args': None, 'build_base': '/home/nvidia/f1tenth_ws/build/pure_pursuit', 'catkin_cmake_args': None, 'catkin_skip_building_tests': False, 'cmake_args': None, 'cmake_clean_cache': False, 'cmake_clean_first': False, 'cmake_force_configure': False, 'cmake_target': None, 'cmake_target_skip_unavailable': False, 'install_base': '/home/nvidia/f1tenth_ws/install/pure_pursuit', 'merge_install': False, 'path': '/home/nvidia/f1tenth_ws/src/pure_pursuit', 'symlink_install': False, 'test_result_base': None}
[2.656s] Level 5:colcon.colcon_core.verb:set package 'teleop_tools_msgs' build argument 'cmake_args' from command line to 'None'
[2.656s] Level 5:colcon.colcon_core.verb:set package 'teleop_tools_msgs' build argument 'cmake_target' from command line to 'None'
[2.656s] Level 5:colcon.colcon_core.verb:set package 'teleop_tools_msgs' build argument 'cmake_target_skip_unavailable' from command line to 'False'
[2.657s] Level 5:colcon.colcon_core.verb:set package 'teleop_tools_msgs' build argument 'cmake_clean_cache' from command line to 'False'
[2.657s] Level 5:colcon.colcon_core.verb:set package 'teleop_tools_msgs' build argument 'cmake_clean_first' from command line to 'False'
[2.657s] Level 5:colcon.colcon_core.verb:set package 'teleop_tools_msgs' build argument 'cmake_force_configure' from command line to 'False'
[2.657s] Level 5:colcon.colcon_core.verb:set package 'teleop_tools_msgs' build argument 'ament_cmake_args' from command line to 'None'
[2.657s] Level 5:colcon.colcon_core.verb:set package 'teleop_tools_msgs' build argument 'catkin_cmake_args' from command line to 'None'
[2.657s] Level 5:colcon.colcon_core.verb:set package 'teleop_tools_msgs' build argument 'catkin_skip_building_tests' from command line to 'False'
[2.658s] DEBUG:colcon.colcon_core.verb:Building package 'teleop_tools_msgs' with the following arguments: {'ament_cmake_args': None, 'build_base': '/home/nvidia/f1tenth_ws/build/teleop_tools_msgs', 'catkin_cmake_args': None, 'catkin_skip_building_tests': False, 'cmake_args': None, 'cmake_clean_cache': False, 'cmake_clean_first': False, 'cmake_force_configure': False, 'cmake_target': None, 'cmake_target_skip_unavailable': False, 'install_base': '/home/nvidia/f1tenth_ws/install/teleop_tools_msgs', 'merge_install': False, 'path': '/home/nvidia/f1tenth_ws/src/f1tenth_system/teleop_tools/teleop_tools_msgs', 'symlink_install': False, 'test_result_base': None}
[2.660s] Level 5:colcon.colcon_core.verb:set package 'vesc_msgs' build argument 'cmake_args' from command line to 'None'
[2.660s] Level 5:colcon.colcon_core.verb:set package 'vesc_msgs' build argument 'cmake_target' from command line to 'None'
[2.660s] Level 5:colcon.colcon_core.verb:set package 'vesc_msgs' build argument 'cmake_target_skip_unavailable' from command line to 'False'
[2.660s] Level 5:colcon.colcon_core.verb:set package 'vesc_msgs' build argument 'cmake_clean_cache' from command line to 'False'
[2.660s] Level 5:colcon.colcon_core.verb:set package 'vesc_msgs' build argument 'cmake_clean_first' from command line to 'False'
[2.661s] Level 5:colcon.colcon_core.verb:set package 'vesc_msgs' build argument 'cmake_force_configure' from command line to 'False'
[2.661s] Level 5:colcon.colcon_core.verb:set package 'vesc_msgs' build argument 'ament_cmake_args' from command line to 'None'
[2.661s] Level 5:colcon.colcon_core.verb:set package 'vesc_msgs' build argument 'catkin_cmake_args' from command line to 'None'
[2.661s] Level 5:colcon.colcon_core.verb:set package 'vesc_msgs' build argument 'catkin_skip_building_tests' from command line to 'False'
[2.661s] DEBUG:colcon.colcon_core.verb:Building package 'vesc_msgs' with the following arguments: {'ament_cmake_args': None, 'build_base': '/home/nvidia/f1tenth_ws/build/vesc_msgs', 'catkin_cmake_args': None, 'catkin_skip_building_tests': False, 'cmake_args': None, 'cmake_clean_cache': False, 'cmake_clean_first': False, 'cmake_force_configure': False, 'cmake_target': None, 'cmake_target_skip_unavailable': False, 'install_base': '/home/nvidia/f1tenth_ws/install/vesc_msgs', 'merge_install': False, 'path': '/home/nvidia/f1tenth_ws/src/f1tenth_system/vesc/vesc_msgs', 'symlink_install': False, 'test_result_base': None}
[2.663s] Level 5:colcon.colcon_core.verb:set package 'joy_teleop' build argument 'cmake_args' from command line to 'None'
[2.663s] Level 5:colcon.colcon_core.verb:set package 'joy_teleop' build argument 'cmake_target' from command line to 'None'
[2.664s] Level 5:colcon.colcon_core.verb:set package 'joy_teleop' build argument 'cmake_target_skip_unavailable' from command line to 'False'
[2.664s] Level 5:colcon.colcon_core.verb:set package 'joy_teleop' build argument 'cmake_clean_cache' from command line to 'False'
[2.664s] Level 5:colcon.colcon_core.verb:set package 'joy_teleop' build argument 'cmake_clean_first' from command line to 'False'
[2.664s] Level 5:colcon.colcon_core.verb:set package 'joy_teleop' build argument 'cmake_force_configure' from command line to 'False'
[2.664s] Level 5:colcon.colcon_core.verb:set package 'joy_teleop' build argument 'ament_cmake_args' from command line to 'None'
[2.664s] Level 5:colcon.colcon_core.verb:set package 'joy_teleop' build argument 'catkin_cmake_args' from command line to 'None'
[2.665s] Level 5:colcon.colcon_core.verb:set package 'joy_teleop' build argument 'catkin_skip_building_tests' from command line to 'False'
[2.665s] DEBUG:colcon.colcon_core.verb:Building package 'joy_teleop' with the following arguments: {'ament_cmake_args': None, 'build_base': '/home/nvidia/f1tenth_ws/build/joy_teleop', 'catkin_cmake_args': None, 'catkin_skip_building_tests': False, 'cmake_args': None, 'cmake_clean_cache': False, 'cmake_clean_first': False, 'cmake_force_configure': False, 'cmake_target': None, 'cmake_target_skip_unavailable': False, 'install_base': '/home/nvidia/f1tenth_ws/install/joy_teleop', 'merge_install': False, 'path': '/home/nvidia/f1tenth_ws/src/f1tenth_system/teleop_tools/joy_teleop', 'symlink_install': False, 'test_result_base': None}
[2.667s] Level 5:colcon.colcon_core.verb:set package 'vesc_ackermann' build argument 'cmake_args' from command line to 'None'
[2.667s] Level 5:colcon.colcon_core.verb:set package 'vesc_ackermann' build argument 'cmake_target' from command line to 'None'
[2.667s] Level 5:colcon.colcon_core.verb:set package 'vesc_ackermann' build argument 'cmake_target_skip_unavailable' from command line to 'False'
[2.667s] Level 5:colcon.colcon_core.verb:set package 'vesc_ackermann' build argument 'cmake_clean_cache' from command line to 'False'
[2.668s] Level 5:colcon.colcon_core.verb:set package 'vesc_ackermann' build argument 'cmake_clean_first' from command line to 'False'
[2.668s] Level 5:colcon.colcon_core.verb:set package 'vesc_ackermann' build argument 'cmake_force_configure' from command line to 'False'
[2.668s] Level 5:colcon.colcon_core.verb:set package 'vesc_ackermann' build argument 'ament_cmake_args' from command line to 'None'
[2.668s] Level 5:colcon.colcon_core.verb:set package 'vesc_ackermann' build argument 'catkin_cmake_args' from command line to 'None'
[2.668s] Level 5:colcon.colcon_core.verb:set package 'vesc_ackermann' build argument 'catkin_skip_building_tests' from command line to 'False'
[2.668s] DEBUG:colcon.colcon_core.verb:Building package 'vesc_ackermann' with the following arguments: {'ament_cmake_args': None, 'build_base': '/home/nvidia/f1tenth_ws/build/vesc_ackermann', 'catkin_cmake_args': None, 'catkin_skip_building_tests': False, 'cmake_args': None, 'cmake_clean_cache': False, 'cmake_clean_first': False, 'cmake_force_configure': False, 'cmake_target': None, 'cmake_target_skip_unavailable': False, 'install_base': '/home/nvidia/f1tenth_ws/install/vesc_ackermann', 'merge_install': False, 'path': '/home/nvidia/f1tenth_ws/src/f1tenth_system/vesc/vesc_ackermann', 'symlink_install': False, 'test_result_base': None}
[2.670s] Level 5:colcon.colcon_core.verb:set package 'vesc_driver' build argument 'cmake_args' from command line to 'None'
[2.671s] Level 5:colcon.colcon_core.verb:set package 'vesc_driver' build argument 'cmake_target' from command line to 'None'
[2.671s] Level 5:colcon.colcon_core.verb:set package 'vesc_driver' build argument 'cmake_target_skip_unavailable' from command line to 'False'
[2.671s] Level 5:colcon.colcon_core.verb:set package 'vesc_driver' build argument 'cmake_clean_cache' from command line to 'False'
[2.671s] Level 5:colcon.colcon_core.verb:set package 'vesc_driver' build argument 'cmake_clean_first' from command line to 'False'
[2.671s] Level 5:colcon.colcon_core.verb:set package 'vesc_driver' build argument 'cmake_force_configure' from command line to 'False'
[2.671s] Level 5:colcon.colcon_core.verb:set package 'vesc_driver' build argument 'ament_cmake_args' from command line to 'None'
[2.672s] Level 5:colcon.colcon_core.verb:set package 'vesc_driver' build argument 'catkin_cmake_args' from command line to 'None'
[2.672s] Level 5:colcon.colcon_core.verb:set package 'vesc_driver' build argument 'catkin_skip_building_tests' from command line to 'False'
[2.672s] DEBUG:colcon.colcon_core.verb:Building package 'vesc_driver' with the following arguments: {'ament_cmake_args': None, 'build_base': '/home/nvidia/f1tenth_ws/build/vesc_driver', 'catkin_cmake_args': None, 'catkin_skip_building_tests': False, 'cmake_args': None, 'cmake_clean_cache': False, 'cmake_clean_first': False, 'cmake_force_configure': False, 'cmake_target': None, 'cmake_target_skip_unavailable': False, 'install_base': '/home/nvidia/f1tenth_ws/install/vesc_driver', 'merge_install': False, 'path': '/home/nvidia/f1tenth_ws/src/f1tenth_system/vesc/vesc_driver', 'symlink_install': False, 'test_result_base': None}
[2.674s] Level 5:colcon.colcon_core.verb:set package 'teleop_tools' build argument 'cmake_args' from command line to 'None'
[2.674s] Level 5:colcon.colcon_core.verb:set package 'teleop_tools' build argument 'cmake_target' from command line to 'None'
[2.674s] Level 5:colcon.colcon_core.verb:set package 'teleop_tools' build argument 'cmake_target_skip_unavailable' from command line to 'False'
[2.675s] Level 5:colcon.colcon_core.verb:set package 'teleop_tools' build argument 'cmake_clean_cache' from command line to 'False'
[2.675s] Level 5:colcon.colcon_core.verb:set package 'teleop_tools' build argument 'cmake_clean_first' from command line to 'False'
[2.675s] Level 5:colcon.colcon_core.verb:set package 'teleop_tools' build argument 'cmake_force_configure' from command line to 'False'
[2.675s] Level 5:colcon.colcon_core.verb:set package 'teleop_tools' build argument 'ament_cmake_args' from command line to 'None'
[2.675s] Level 5:colcon.colcon_core.verb:set package 'teleop_tools' build argument 'catkin_cmake_args' from command line to 'None'
[2.675s] Level 5:colcon.colcon_core.verb:set package 'teleop_tools' build argument 'catkin_skip_building_tests' from command line to 'False'
[2.676s] DEBUG:colcon.colcon_core.verb:Building package 'teleop_tools' with the following arguments: {'ament_cmake_args': None, 'build_base': '/home/nvidia/f1tenth_ws/build/teleop_tools', 'catkin_cmake_args': None, 'catkin_skip_building_tests': False, 'cmake_args': None, 'cmake_clean_cache': False, 'cmake_clean_first': False, 'cmake_force_configure': False, 'cmake_target': None, 'cmake_target_skip_unavailable': False, 'install_base': '/home/nvidia/f1tenth_ws/install/teleop_tools', 'merge_install': False, 'path': '/home/nvidia/f1tenth_ws/src/f1tenth_system/teleop_tools/teleop_tools', 'symlink_install': False, 'test_result_base': None}
[2.677s] Level 5:colcon.colcon_core.verb:set package 'vesc' build argument 'cmake_args' from command line to 'None'
[2.678s] Level 5:colcon.colcon_core.verb:set package 'vesc' build argument 'cmake_target' from command line to 'None'
[2.678s] Level 5:colcon.colcon_core.verb:set package 'vesc' build argument 'cmake_target_skip_unavailable' from command line to 'False'
[2.678s] Level 5:colcon.colcon_core.verb:set package 'vesc' build argument 'cmake_clean_cache' from command line to 'False'
[2.678s] Level 5:colcon.colcon_core.verb:set package 'vesc' build argument 'cmake_clean_first' from command line to 'False'
[2.678s] Level 5:colcon.colcon_core.verb:set package 'vesc' build argument 'cmake_force_configure' from command line to 'False'
[2.678s] Level 5:colcon.colcon_core.verb:set package 'vesc' build argument 'ament_cmake_args' from command line to 'None'
[2.679s] Level 5:colcon.colcon_core.verb:set package 'vesc' build argument 'catkin_cmake_args' from command line to 'None'
[2.679s] Level 5:colcon.colcon_core.verb:set package 'vesc' build argument 'catkin_skip_building_tests' from command line to 'False'
[2.679s] DEBUG:colcon.colcon_core.verb:Building package 'vesc' with the following arguments: {'ament_cmake_args': None, 'build_base': '/home/nvidia/f1tenth_ws/build/vesc', 'catkin_cmake_args': None, 'catkin_skip_building_tests': False, 'cmake_args': None, 'cmake_clean_cache': False, 'cmake_clean_first': False, 'cmake_force_configure': False, 'cmake_target': None, 'cmake_target_skip_unavailable': False, 'install_base': '/home/nvidia/f1tenth_ws/install/vesc', 'merge_install': False, 'path': '/home/nvidia/f1tenth_ws/src/f1tenth_system/vesc/vesc', 'symlink_install': False, 'test_result_base': None}
[2.681s] Level 5:colcon.colcon_core.verb:set package 'f1tenth_stack' build argument 'cmake_args' from command line to 'None'
[2.681s] Level 5:colcon.colcon_core.verb:set package 'f1tenth_stack' build argument 'cmake_target' from command line to 'None'
[2.681s] Level 5:colcon.colcon_core.verb:set package 'f1tenth_stack' build argument 'cmake_target_skip_unavailable' from command line to 'False'
[2.681s] Level 5:colcon.colcon_core.verb:set package 'f1tenth_stack' build argument 'cmake_clean_cache' from command line to 'False'
[2.682s] Level 5:colcon.colcon_core.verb:set package 'f1tenth_stack' build argument 'cmake_clean_first' from command line to 'False'
[2.682s] Level 5:colcon.colcon_core.verb:set package 'f1tenth_stack' build argument 'cmake_force_configure' from command line to 'False'
[2.682s] Level 5:colcon.colcon_core.verb:set package 'f1tenth_stack' build argument 'ament_cmake_args' from command line to 'None'
[2.682s] Level 5:colcon.colcon_core.verb:set package 'f1tenth_stack' build argument 'catkin_cmake_args' from command line to 'None'
[2.682s] Level 5:colcon.colcon_core.verb:set package 'f1tenth_stack' build argument 'catkin_skip_building_tests' from command line to 'False'
[2.683s] DEBUG:colcon.colcon_core.verb:Building package 'f1tenth_stack' with the following arguments: {'ament_cmake_args': None, 'build_base': '/home/nvidia/f1tenth_ws/build/f1tenth_stack', 'catkin_cmake_args': None, 'catkin_skip_building_tests': False, 'cmake_args': None, 'cmake_clean_cache': False, 'cmake_clean_first': False, 'cmake_force_configure': False, 'cmake_target': None, 'cmake_target_skip_unavailable': False, 'install_base': '/home/nvidia/f1tenth_ws/install/f1tenth_stack', 'merge_install': False, 'path': '/home/nvidia/f1tenth_ws/src/f1tenth_system/f1tenth_stack', 'symlink_install': False, 'test_result_base': None}
[2.683s] INFO:colcon.colcon_core.executor:Executing jobs using 'parallel' executor
[2.689s] DEBUG:colcon.colcon_parallel_executor.executor.parallel:run_until_complete
[2.691s] INFO:colcon.colcon_ros.task.ament_cmake.build:Building ROS package in '/home/nvidia/f1tenth_ws/src/f1tenth_system/vesc/vesc_msgs' with build type 'ament_cmake'
[2.692s] INFO:colcon.colcon_cmake.task.cmake.build:Building CMake package in '/home/nvidia/f1tenth_ws/src/f1tenth_system/vesc/vesc_msgs'
[2.705s] INFO:colcon.colcon_core.plugin_system:Skipping extension 'colcon_core.shell.bat': Not used on non-Windows systems
[2.706s] INFO:colcon.colcon_core.shell:Skip shell extension 'powershell' for command environment: Not usable outside of PowerShell
[2.707s] DEBUG:colcon.colcon_core.shell:Skip shell extension 'dsv' for command environment
[2.736s] INFO:colcon.colcon_ros.task.ament_cmake.build:Building ROS package in '/home/nvidia/f1tenth_ws/src/f1tenth_system/teleop_tools/teleop_tools_msgs' with build type 'ament_cmake'
[2.739s] INFO:colcon.colcon_cmake.task.cmake.build:Building CMake package in '/home/nvidia/f1tenth_ws/src/f1tenth_system/teleop_tools/teleop_tools_msgs'
[2.743s] INFO:colcon.colcon_core.shell:Skip shell extension 'powershell' for command environment: Not usable outside of PowerShell
[2.743s] DEBUG:colcon.colcon_core.shell:Skip shell extension 'dsv' for command environment
[2.776s] INFO:colcon.colcon_ros.task.ament_cmake.build:Building ROS package in '/home/nvidia/f1tenth_ws/src/f1tenth_system/ackermann_mux' with build type 'ament_cmake'
[2.780s] INFO:colcon.colcon_cmake.task.cmake.build:Building CMake package in '/home/nvidia/f1tenth_ws/src/f1tenth_system/ackermann_mux'
[2.787s] INFO:colcon.colcon_core.shell:Skip shell extension 'powershell' for command environment: Not usable outside of PowerShell
[2.788s] DEBUG:colcon.colcon_core.shell:Skip shell extension 'dsv' for command environment
[2.821s] INFO:colcon.colcon_ros.task.ament_python.build:Building ROS package in '/home/nvidia/f1tenth_ws/src/f1tenth_system/teleop_tools/key_teleop' with build type 'ament_python'
[2.826s] Level 1:colcon.colcon_core.shell:create_environment_hook('key_teleop', 'ament_prefix_path')
[2.830s] INFO:colcon.colcon_core.shell:Creating environment hook '/home/nvidia/f1tenth_ws/install/key_teleop/share/key_teleop/hook/ament_prefix_path.ps1'
[2.839s] INFO:colcon.colcon_core.shell:Creating environment descriptor '/home/nvidia/f1tenth_ws/install/key_teleop/share/key_teleop/hook/ament_prefix_path.dsv'
[2.841s] INFO:colcon.colcon_core.shell:Creating environment hook '/home/nvidia/f1tenth_ws/install/key_teleop/share/key_teleop/hook/ament_prefix_path.sh'
[2.845s] INFO:colcon.colcon_core.shell:Skip shell extension 'powershell' for command environment: Not usable outside of PowerShell
[2.845s] DEBUG:colcon.colcon_core.shell:Skip shell extension 'dsv' for command environment
[2.874s] INFO:colcon.colcon_ros.task.ament_python.build:Building ROS package in '/home/nvidia/f1tenth_ws/src/f1tenth_controllers' with build type 'ament_python'
[2.878s] Level 1:colcon.colcon_core.shell:create_environment_hook('f1tenth_controllers', 'ament_prefix_path')
[2.882s] INFO:colcon.colcon_core.shell:Creating environment hook '/home/nvidia/f1tenth_ws/install/f1tenth_controllers/share/f1tenth_controllers/hook/ament_prefix_path.ps1'
[2.889s] INFO:colcon.colcon_core.shell:Creating environment descriptor '/home/nvidia/f1tenth_ws/install/f1tenth_controllers/share/f1tenth_controllers/hook/ament_prefix_path.dsv'
[2.892s] INFO:colcon.colcon_core.shell:Creating environment hook '/home/nvidia/f1tenth_ws/install/f1tenth_controllers/share/f1tenth_controllers/hook/ament_prefix_path.sh'
[2.896s] INFO:colcon.colcon_core.shell:Skip shell extension 'powershell' for command environment: Not usable outside of PowerShell
[2.896s] DEBUG:colcon.colcon_core.shell:Skip shell extension 'dsv' for command environment
[2.926s] INFO:colcon.colcon_ros.task.ament_python.build:Building ROS package in '/home/nvidia/f1tenth_ws/src/mapping' with build type 'ament_python'
[2.929s] Level 1:colcon.colcon_core.shell:create_environment_hook('mapping', 'ament_prefix_path')
[2.933s] INFO:colcon.colcon_core.shell:Creating environment hook '/home/nvidia/f1tenth_ws/install/mapping/share/mapping/hook/ament_prefix_path.ps1'
[2.941s] INFO:colcon.colcon_core.shell:Creating environment descriptor '/home/nvidia/f1tenth_ws/install/mapping/share/mapping/hook/ament_prefix_path.dsv'
[2.943s] INFO:colcon.colcon_core.shell:Creating environment hook '/home/nvidia/f1tenth_ws/install/mapping/share/mapping/hook/ament_prefix_path.sh'
[2.946s] INFO:colcon.colcon_core.shell:Skip shell extension 'powershell' for command environment: Not usable outside of PowerShell
[2.946s] DEBUG:colcon.colcon_core.shell:Skip shell extension 'dsv' for command environment
[3.025s] DEBUG:colcon.colcon_core.event_handler.log_command:Invoking command in '/home/nvidia/f1tenth_ws/build/vesc_msgs': CMAKE_PREFIX_PATH=${CMAKE_PREFIX_PATH}://home/nvidia/f1tenth_ws/install/f1tenth_stack://home/nvidia/f1tenth_ws/install/joy_teleop://home/nvidia/f1tenth_ws/install/phasespace://home/nvidia/f1tenth_ws/install/new_map_saver://home/nvidia/f1tenth_ws/install/mouse_teleop://home/nvidia/f1tenth_ws/install/mapping://home/nvidia/f1tenth_ws/install/key_teleop://home/nvidia/f1tenth_ws/install/f1tenth_controllers:/opt/ros/foxy /usr/bin/cmake /home/nvidia/f1tenth_ws/src/f1tenth_system/vesc/vesc_msgs -DCMAKE_INSTALL_PREFIX=/home/nvidia/f1tenth_ws/install/vesc_msgs
[3.061s] DEBUG:colcon.colcon_core.event_handler.log_command:Invoking command in '/home/nvidia/f1tenth_ws/build/teleop_tools_msgs': CMAKE_PREFIX_PATH=${CMAKE_PREFIX_PATH}://home/nvidia/f1tenth_ws/install/f1tenth_stack://home/nvidia/f1tenth_ws/install/joy_teleop://home/nvidia/f1tenth_ws/install/phasespace://home/nvidia/f1tenth_ws/install/new_map_saver://home/nvidia/f1tenth_ws/install/mouse_teleop://home/nvidia/f1tenth_ws/install/mapping://home/nvidia/f1tenth_ws/install/key_teleop://home/nvidia/f1tenth_ws/install/f1tenth_controllers:/opt/ros/foxy /usr/bin/cmake /home/nvidia/f1tenth_ws/src/f1tenth_system/teleop_tools/teleop_tools_msgs -DCMAKE_INSTALL_PREFIX=/home/nvidia/f1tenth_ws/install/teleop_tools_msgs
[3.091s] DEBUG:colcon.colcon_core.event_handler.log_command:Invoking command in '/home/nvidia/f1tenth_ws/build/ackermann_mux': CMAKE_PREFIX_PATH=${CMAKE_PREFIX_PATH}://home/nvidia/f1tenth_ws/install/f1tenth_stack://home/nvidia/f1tenth_ws/install/joy_teleop://home/nvidia/f1tenth_ws/install/phasespace://home/nvidia/f1tenth_ws/install/new_map_saver://home/nvidia/f1tenth_ws/install/mouse_teleop://home/nvidia/f1tenth_ws/install/mapping://home/nvidia/f1tenth_ws/install/key_teleop://home/nvidia/f1tenth_ws/install/f1tenth_controllers:/opt/ros/foxy /usr/bin/cmake /home/nvidia/f1tenth_ws/src/f1tenth_system/ackermann_mux -DCMAKE_INSTALL_PREFIX=/home/nvidia/f1tenth_ws/install/ackermann_mux
[4.526s] INFO:colcon.colcon_core.task.python.build:Building Python package in '/home/nvidia/f1tenth_ws/src/f1tenth_system/teleop_tools/key_teleop'
[4.533s] INFO:colcon.colcon_core.shell:Skip shell extension 'powershell' for command environment: Not usable outside of PowerShell
[4.534s] DEBUG:colcon.colcon_core.shell:Skip shell extension 'dsv' for command environment
[6.016s] INFO:colcon.colcon_core.task.python.build:Building Python package in '/home/nvidia/f1tenth_ws/src/f1tenth_controllers'
[6.021s] INFO:colcon.colcon_core.shell:Skip shell extension 'powershell' for command environment: Not usable outside of PowerShell
[6.021s] DEBUG:colcon.colcon_core.shell:Skip shell extension 'dsv' for command environment
[7.652s] INFO:colcon.colcon_core.task.python.build:Building Python package in '/home/nvidia/f1tenth_ws/src/mapping'
[7.662s] INFO:colcon.colcon_core.shell:Skip shell extension 'powershell' for command environment: Not usable outside of PowerShell
[7.663s] DEBUG:colcon.colcon_core.shell:Skip shell extension 'dsv' for command environment
[11.151s] DEBUG:colcon.colcon_core.event_handler.log_command:Invoking command in '/home/nvidia/f1tenth_ws/src/mapping': PYTHONPATH=/home/nvidia/f1tenth_ws/build/mapping/prefix_override:/usr/lib/python3/dist-packages/colcon_core/task/python/colcon_distutils_commands:/home/nvidia/f1tenth_ws/install/mapping/lib/python3.8/site-packages:${PYTHONPATH} /usr/bin/python3 -W ignore:setup.py install is deprecated setup.py egg_info --egg-base ../../build/mapping build --build-base /home/nvidia/f1tenth_ws/build/mapping/build install --record /home/nvidia/f1tenth_ws/build/mapping/install.log --install-scripts $base/lib/mapping --single-version-externally-managed install_data
[11.249s] DEBUG:colcon.colcon_core.event_handler.log_command:Invoking command in '/home/nvidia/f1tenth_ws/src/f1tenth_system/teleop_tools/key_teleop': PYTHONPATH=/home/nvidia/f1tenth_ws/build/key_teleop/prefix_override:/usr/lib/python3/dist-packages/colcon_core/task/python/colcon_distutils_commands:/home/nvidia/f1tenth_ws/install/key_teleop/lib/python3.8/site-packages:${PYTHONPATH} /usr/bin/python3 -W ignore:setup.py install is deprecated setup.py egg_info --egg-base ../../../../build/key_teleop build --build-base /home/nvidia/f1tenth_ws/build/key_teleop/build install --record /home/nvidia/f1tenth_ws/build/key_teleop/install.log --install-scripts $base/lib/key_teleop --single-version-externally-managed install_data
[11.321s] DEBUG:colcon.colcon_core.event_handler.log_command:Invoking command in '/home/nvidia/f1tenth_ws/src/f1tenth_controllers': PYTHONPATH=/home/nvidia/f1tenth_ws/build/f1tenth_controllers/prefix_override:/usr/lib/python3/dist-packages/colcon_core/task/python/colcon_distutils_commands:/home/nvidia/f1tenth_ws/install/f1tenth_controllers/lib/python3.8/site-packages:${PYTHONPATH} /usr/bin/python3 -W ignore:setup.py install is deprecated setup.py egg_info --egg-base ../../build/f1tenth_controllers build --build-base /home/nvidia/f1tenth_ws/build/f1tenth_controllers/build install --record /home/nvidia/f1tenth_ws/build/f1tenth_controllers/install.log --install-scripts $base/lib/f1tenth_controllers --single-version-externally-managed install_data
[13.432s] DEBUG:colcon.colcon_core.event_handler.log_command:Invoked command in '/home/nvidia/f1tenth_ws/src/f1tenth_system/teleop_tools/key_teleop' returned '0': PYTHONPATH=/home/nvidia/f1tenth_ws/build/key_teleop/prefix_override:/usr/lib/python3/dist-packages/colcon_core/task/python/colcon_distutils_commands:/home/nvidia/f1tenth_ws/install/key_teleop/lib/python3.8/site-packages:${PYTHONPATH} /usr/bin/python3 -W ignore:setup.py install is deprecated setup.py egg_info --egg-base ../../../../build/key_teleop build --build-base /home/nvidia/f1tenth_ws/build/key_teleop/build install --record /home/nvidia/f1tenth_ws/build/key_teleop/install.log --install-scripts $base/lib/key_teleop --single-version-externally-managed install_data
[13.443s] Level 1:colcon.colcon_core.environment:checking '/home/nvidia/f1tenth_ws/install/key_teleop' for CMake module files
[13.453s] Level 1:colcon.colcon_core.environment:checking '/home/nvidia/f1tenth_ws/install/key_teleop' for CMake config files
[13.460s] Level 1:colcon.colcon_core.environment:checking '/home/nvidia/f1tenth_ws/install/key_teleop/lib'
[13.462s] Level 1:colcon.colcon_core.environment:checking '/home/nvidia/f1tenth_ws/install/key_teleop/bin'
[13.463s] Level 1:colcon.colcon_core.environment:checking '/home/nvidia/f1tenth_ws/install/key_teleop/lib/pkgconfig/key_teleop.pc'
[13.465s] Level 1:colcon.colcon_core.environment:checking '/home/nvidia/f1tenth_ws/install/key_teleop/lib/python3.8/site-packages'
[13.465s] Level 1:colcon.colcon_core.shell:create_environment_hook('key_teleop', 'pythonpath')
[13.467s] INFO:colcon.colcon_core.shell:Creating environment hook '/home/nvidia/f1tenth_ws/install/key_teleop/share/key_teleop/hook/pythonpath.ps1'
[13.472s] INFO:colcon.colcon_core.shell:Creating environment descriptor '/home/nvidia/f1tenth_ws/install/key_teleop/share/key_teleop/hook/pythonpath.dsv'
[13.475s] INFO:colcon.colcon_core.shell:Creating environment hook '/home/nvidia/f1tenth_ws/install/key_teleop/share/key_teleop/hook/pythonpath.sh'
[13.478s] Level 1:colcon.colcon_core.environment:checking '/home/nvidia/f1tenth_ws/install/key_teleop/bin'
[13.478s] Level 1:colcon.colcon_core.environment:create_environment_scripts_only(key_teleop)
[13.480s] INFO:colcon.colcon_core.shell:Creating package script '/home/nvidia/f1tenth_ws/install/key_teleop/share/key_teleop/package.ps1'
[13.484s] INFO:colcon.colcon_core.shell:Creating package descriptor '/home/nvidia/f1tenth_ws/install/key_teleop/share/key_teleop/package.dsv'
[13.487s] INFO:colcon.colcon_core.shell:Creating package script '/home/nvidia/f1tenth_ws/install/key_teleop/share/key_teleop/package.sh'
[13.491s] INFO:colcon.colcon_core.shell:Creating package script '/home/nvidia/f1tenth_ws/install/key_teleop/share/key_teleop/package.bash'
[13.501s] INFO:colcon.colcon_core.shell:Creating package script '/home/nvidia/f1tenth_ws/install/key_teleop/share/key_teleop/package.zsh'
[13.505s] Level 1:colcon.colcon_core.environment:create_file_with_runtime_dependencies(/home/nvidia/f1tenth_ws/install/key_teleop/share/colcon-core/packages/key_teleop)
[13.513s] INFO:colcon.colcon_ros.task.ament_python.build:Building ROS package in '/home/nvidia/f1tenth_ws/src/f1tenth_system/teleop_tools/mouse_teleop' with build type 'ament_python'
[13.515s] Level 1:colcon.colcon_core.shell:create_environment_hook('mouse_teleop', 'ament_prefix_path')
[13.517s] INFO:colcon.colcon_core.shell:Creating environment hook '/home/nvidia/f1tenth_ws/install/mouse_teleop/share/mouse_teleop/hook/ament_prefix_path.ps1'
[13.520s] INFO:colcon.colcon_core.shell:Creating environment descriptor '/home/nvidia/f1tenth_ws/install/mouse_teleop/share/mouse_teleop/hook/ament_prefix_path.dsv'
[13.521s] INFO:colcon.colcon_core.shell:Creating environment hook '/home/nvidia/f1tenth_ws/install/mouse_teleop/share/mouse_teleop/hook/ament_prefix_path.sh'
[13.525s] INFO:colcon.colcon_core.shell:Skip shell extension 'powershell' for command environment: Not usable outside of PowerShell
[13.525s] DEBUG:colcon.colcon_core.shell:Skip shell extension 'dsv' for command environment
[15.147s] INFO:colcon.colcon_core.task.python.build:Building Python package in '/home/nvidia/f1tenth_ws/src/f1tenth_system/teleop_tools/mouse_teleop'
[15.151s] INFO:colcon.colcon_core.shell:Skip shell extension 'powershell' for command environment: Not usable outside of PowerShell
[15.151s] DEBUG:colcon.colcon_core.shell:Skip shell extension 'dsv' for command environment
[15.211s] DEBUG:colcon.colcon_core.event_handler.log_command:Invoked command in '/home/nvidia/f1tenth_ws/src/mapping' returned '0': PYTHONPATH=/home/nvidia/f1tenth_ws/build/mapping/prefix_override:/usr/lib/python3/dist-packages/colcon_core/task/python/colcon_distutils_commands:/home/nvidia/f1tenth_ws/install/mapping/lib/python3.8/site-packages:${PYTHONPATH} /usr/bin/python3 -W ignore:setup.py install is deprecated setup.py egg_info --egg-base ../../build/mapping build --build-base /home/nvidia/f1tenth_ws/build/mapping/build install --record /home/nvidia/f1tenth_ws/build/mapping/install.log --install-scripts $base/lib/mapping --single-version-externally-managed install_data
[15.213s] Level 1:colcon.colcon_core.environment:checking '/home/nvidia/f1tenth_ws/install/mapping' for CMake module files
[15.219s] Level 1:colcon.colcon_core.environment:checking '/home/nvidia/f1tenth_ws/install/mapping' for CMake config files
[15.223s] Level 1:colcon.colcon_core.environment:checking '/home/nvidia/f1tenth_ws/install/mapping/lib'
[15.223s] Level 1:colcon.colcon_core.environment:checking '/home/nvidia/f1tenth_ws/install/mapping/bin'
[15.224s] Level 1:colcon.colcon_core.environment:checking '/home/nvidia/f1tenth_ws/install/mapping/lib/pkgconfig/mapping.pc'
[15.226s] Level 1:colcon.colcon_core.environment:checking '/home/nvidia/f1tenth_ws/install/mapping/lib/python3.8/site-packages'
[15.226s] Level 1:colcon.colcon_core.shell:create_environment_hook('mapping', 'pythonpath')
[15.228s] INFO:colcon.colcon_core.shell:Creating environment hook '/home/nvidia/f1tenth_ws/install/mapping/share/mapping/hook/pythonpath.ps1'
[15.231s] INFO:colcon.colcon_core.shell:Creating environment descriptor '/home/nvidia/f1tenth_ws/install/mapping/share/mapping/hook/pythonpath.dsv'
[15.235s] INFO:colcon.colcon_core.shell:Creating environment hook '/home/nvidia/f1tenth_ws/install/mapping/share/mapping/hook/pythonpath.sh'
[15.238s] Level 1:colcon.colcon_core.environment:checking '/home/nvidia/f1tenth_ws/install/mapping/bin'
[15.239s] Level 1:colcon.colcon_core.environment:create_environment_scripts_only(mapping)
[15.241s] INFO:colcon.colcon_core.shell:Creating package script '/home/nvidia/f1tenth_ws/install/mapping/share/mapping/package.ps1'
[15.244s] INFO:colcon.colcon_core.shell:Creating package descriptor '/home/nvidia/f1tenth_ws/install/mapping/share/mapping/package.dsv'
[15.247s] INFO:colcon.colcon_core.shell:Creating package script '/home/nvidia/f1tenth_ws/install/mapping/share/mapping/package.sh'
[15.249s] INFO:colcon.colcon_core.shell:Creating package script '/home/nvidia/f1tenth_ws/install/mapping/share/mapping/package.bash'
[15.251s] INFO:colcon.colcon_core.shell:Creating package script '/home/nvidia/f1tenth_ws/install/mapping/share/mapping/package.zsh'
[15.253s] Level 1:colcon.colcon_core.environment:create_file_with_runtime_dependencies(/home/nvidia/f1tenth_ws/install/mapping/share/colcon-core/packages/mapping)
[15.265s] INFO:colcon.colcon_ros.task.ament_python.build:Building ROS package in '/home/nvidia/f1tenth_ws/src/new_map_saver' with build type 'ament_python'
[15.267s] Level 1:colcon.colcon_core.shell:create_environment_hook('new_map_saver', 'ament_prefix_path')
[15.269s] INFO:colcon.colcon_core.shell:Creating environment hook '/home/nvidia/f1tenth_ws/install/new_map_saver/share/new_map_saver/hook/ament_prefix_path.ps1'
[15.276s] INFO:colcon.colcon_core.shell:Creating environment descriptor '/home/nvidia/f1tenth_ws/install/new_map_saver/share/new_map_saver/hook/ament_prefix_path.dsv'
[15.278s] INFO:colcon.colcon_core.shell:Creating environment hook '/home/nvidia/f1tenth_ws/install/new_map_saver/share/new_map_saver/hook/ament_prefix_path.sh'
[15.281s] INFO:colcon.colcon_core.shell:Skip shell extension 'powershell' for command environment: Not usable outside of PowerShell
[15.281s] DEBUG:colcon.colcon_core.shell:Skip shell extension 'dsv' for command environment
[15.333s] Level 1:colcon.colcon_core.environment:checking '/home/nvidia/f1tenth_ws/install/f1tenth_controllers' for CMake module files
[15.338s] DEBUG:colcon.colcon_core.event_handler.log_command:Invoked command in '/home/nvidia/f1tenth_ws/src/f1tenth_controllers' returned '0': PYTHONPATH=/home/nvidia/f1tenth_ws/build/f1tenth_controllers/prefix_override:/usr/lib/python3/dist-packages/colcon_core/task/python/colcon_distutils_commands:/home/nvidia/f1tenth_ws/install/f1tenth_controllers/lib/python3.8/site-packages:${PYTHONPATH} /usr/bin/python3 -W ignore:setup.py install is deprecated setup.py egg_info --egg-base ../../build/f1tenth_controllers build --build-base /home/nvidia/f1tenth_ws/build/f1tenth_controllers/build install --record /home/nvidia/f1tenth_ws/build/f1tenth_controllers/install.log --install-scripts $base/lib/f1tenth_controllers --single-version-externally-managed install_data
[15.344s] Level 1:colcon.colcon_core.environment:checking '/home/nvidia/f1tenth_ws/install/f1tenth_controllers' for CMake config files
[15.349s] Level 1:colcon.colcon_core.environment:checking '/home/nvidia/f1tenth_ws/install/f1tenth_controllers/lib'
[15.349s] Level 1:colcon.colcon_core.environment:checking '/home/nvidia/f1tenth_ws/install/f1tenth_controllers/bin'
[15.350s] Level 1:colcon.colcon_core.environment:checking '/home/nvidia/f1tenth_ws/install/f1tenth_controllers/lib/pkgconfig/f1tenth_controllers.pc'
[15.352s] Level 1:colcon.colcon_core.environment:checking '/home/nvidia/f1tenth_ws/install/f1tenth_controllers/lib/python3.8/site-packages'
[15.353s] Level 1:colcon.colcon_core.shell:create_environment_hook('f1tenth_controllers', 'pythonpath')
[15.356s] INFO:colcon.colcon_core.shell:Creating environment hook '/home/nvidia/f1tenth_ws/install/f1tenth_controllers/share/f1tenth_controllers/hook/pythonpath.ps1'
[15.359s] INFO:colcon.colcon_core.shell:Creating environment descriptor '/home/nvidia/f1tenth_ws/install/f1tenth_controllers/share/f1tenth_controllers/hook/pythonpath.dsv'
[15.366s] INFO:colcon.colcon_core.shell:Creating environment hook '/home/nvidia/f1tenth_ws/install/f1tenth_controllers/share/f1tenth_controllers/hook/pythonpath.sh'
[15.372s] Level 1:colcon.colcon_core.environment:checking '/home/nvidia/f1tenth_ws/install/f1tenth_controllers/bin'
[15.373s] Level 1:colcon.colcon_core.environment:create_environment_scripts_only(f1tenth_controllers)
[15.376s] INFO:colcon.colcon_core.shell:Creating package script '/home/nvidia/f1tenth_ws/install/f1tenth_controllers/share/f1tenth_controllers/package.ps1'
[15.379s] INFO:colcon.colcon_core.shell:Creating package descriptor '/home/nvidia/f1tenth_ws/install/f1tenth_controllers/share/f1tenth_controllers/package.dsv'
[15.382s] INFO:colcon.colcon_core.shell:Creating package script '/home/nvidia/f1tenth_ws/install/f1tenth_controllers/share/f1tenth_controllers/package.sh'
[15.384s] INFO:colcon.colcon_core.shell:Creating package script '/home/nvidia/f1tenth_ws/install/f1tenth_controllers/share/f1tenth_controllers/package.bash'
[15.387s] INFO:colcon.colcon_core.shell:Creating package script '/home/nvidia/f1tenth_ws/install/f1tenth_controllers/share/f1tenth_controllers/package.zsh'
[15.390s] Level 1:colcon.colcon_core.environment:create_file_with_runtime_dependencies(/home/nvidia/f1tenth_ws/install/f1tenth_controllers/share/colcon-core/packages/f1tenth_controllers)
[15.399s] INFO:colcon.colcon_ros.task.ament_python.build:Building ROS package in '/home/nvidia/f1tenth_ws/src/phasespace' with build type 'ament_python'
[15.401s] Level 1:colcon.colcon_core.shell:create_environment_hook('phasespace', 'ament_prefix_path')
[15.402s] INFO:colcon.colcon_core.shell:Creating environment hook '/home/nvidia/f1tenth_ws/install/phasespace/share/phasespace/hook/ament_prefix_path.ps1'
[15.407s] INFO:colcon.colcon_core.shell:Creating environment descriptor '/home/nvidia/f1tenth_ws/install/phasespace/share/phasespace/hook/ament_prefix_path.dsv'
[15.409s] INFO:colcon.colcon_core.shell:Creating environment hook '/home/nvidia/f1tenth_ws/install/phasespace/share/phasespace/hook/ament_prefix_path.sh'
[15.419s] INFO:colcon.colcon_core.shell:Skip shell extension 'powershell' for command environment: Not usable outside of PowerShell
[15.419s] DEBUG:colcon.colcon_core.shell:Skip shell extension 'dsv' for command environment
[17.247s] INFO:colcon.colcon_core.task.python.build:Building Python package in '/home/nvidia/f1tenth_ws/src/new_map_saver'
[17.253s] INFO:colcon.colcon_core.shell:Skip shell extension 'powershell' for command environment: Not usable outside of PowerShell
[17.256s] DEBUG:colcon.colcon_core.shell:Skip shell extension 'dsv' for command environment
[18.829s] INFO:colcon.colcon_core.task.python.build:Building Python package in '/home/nvidia/f1tenth_ws/src/phasespace'
[18.836s] INFO:colcon.colcon_core.shell:Skip shell extension 'powershell' for command environment: Not usable outside of PowerShell
[18.836s] DEBUG:colcon.colcon_core.shell:Skip shell extension 'dsv' for command environment
[18.896s] DEBUG:colcon.colcon_core.event_handler.log_command:Invoked command in '/home/nvidia/f1tenth_ws/build/teleop_tools_msgs' returned '0': CMAKE_PREFIX_PATH=${CMAKE_PREFIX_PATH}://home/nvidia/f1tenth_ws/install/f1tenth_stack://home/nvidia/f1tenth_ws/install/joy_teleop://home/nvidia/f1tenth_ws/install/phasespace://home/nvidia/f1tenth_ws/install/new_map_saver://home/nvidia/f1tenth_ws/install/mouse_teleop://home/nvidia/f1tenth_ws/install/mapping://home/nvidia/f1tenth_ws/install/key_teleop://home/nvidia/f1tenth_ws/install/f1tenth_controllers:/opt/ros/foxy /usr/bin/cmake /home/nvidia/f1tenth_ws/src/f1tenth_system/teleop_tools/teleop_tools_msgs -DCMAKE_INSTALL_PREFIX=/home/nvidia/f1tenth_ws/install/teleop_tools_msgs
[18.924s] DEBUG:colcon.colcon_core.event_handler.log_command:Invoking command in '/home/nvidia/f1tenth_ws/build/teleop_tools_msgs': CMAKE_PREFIX_PATH=${CMAKE_PREFIX_PATH}://home/nvidia/f1tenth_ws/install/f1tenth_stack://home/nvidia/f1tenth_ws/install/joy_teleop://home/nvidia/f1tenth_ws/install/phasespace://home/nvidia/f1tenth_ws/install/new_map_saver://home/nvidia/f1tenth_ws/install/mouse_teleop://home/nvidia/f1tenth_ws/install/mapping://home/nvidia/f1tenth_ws/install/key_teleop://home/nvidia/f1tenth_ws/install/f1tenth_controllers:/opt/ros/foxy /usr/bin/cmake --build /home/nvidia/f1tenth_ws/build/teleop_tools_msgs -- -j6 -l6
[18.935s] DEBUG:colcon.colcon_core.event_handler.log_command:Invoked command in '/home/nvidia/f1tenth_ws/build/vesc_msgs' returned '0': CMAKE_PREFIX_PATH=${CMAKE_PREFIX_PATH}://home/nvidia/f1tenth_ws/install/f1tenth_stack://home/nvidia/f1tenth_ws/install/joy_teleop://home/nvidia/f1tenth_ws/install/phasespace://home/nvidia/f1tenth_ws/install/new_map_saver://home/nvidia/f1tenth_ws/install/mouse_teleop://home/nvidia/f1tenth_ws/install/mapping://home/nvidia/f1tenth_ws/install/key_teleop://home/nvidia/f1tenth_ws/install/f1tenth_controllers:/opt/ros/foxy /usr/bin/cmake /home/nvidia/f1tenth_ws/src/f1tenth_system/vesc/vesc_msgs -DCMAKE_INSTALL_PREFIX=/home/nvidia/f1tenth_ws/install/vesc_msgs
[18.953s] DEBUG:colcon.colcon_core.event_handler.log_command:Invoking command in '/home/nvidia/f1tenth_ws/build/vesc_msgs': CMAKE_PREFIX_PATH=${CMAKE_PREFIX_PATH}://home/nvidia/f1tenth_ws/install/f1tenth_stack://home/nvidia/f1tenth_ws/install/joy_teleop://home/nvidia/f1tenth_ws/install/phasespace://home/nvidia/f1tenth_ws/install/new_map_saver://home/nvidia/f1tenth_ws/install/mouse_teleop://home/nvidia/f1tenth_ws/install/mapping://home/nvidia/f1tenth_ws/install/key_teleop://home/nvidia/f1tenth_ws/install/f1tenth_controllers:/opt/ros/foxy /usr/bin/cmake --build /home/nvidia/f1tenth_ws/build/vesc_msgs -- -j6 -l6
[19.033s] DEBUG:colcon.colcon_core.event_handler.log_command:Invoking command in '/home/nvidia/f1tenth_ws/src/f1tenth_system/teleop_tools/mouse_teleop': PYTHONPATH=/home/nvidia/f1tenth_ws/build/mouse_teleop/prefix_override:/usr/lib/python3/dist-packages/colcon_core/task/python/colcon_distutils_commands:/home/nvidia/f1tenth_ws/install/mouse_teleop/lib/python3.8/site-packages:${PYTHONPATH} /usr/bin/python3 -W ignore:setup.py install is deprecated setup.py egg_info --egg-base ../../../../build/mouse_teleop build --build-base /home/nvidia/f1tenth_ws/build/mouse_teleop/build install --record /home/nvidia/f1tenth_ws/build/mouse_teleop/install.log --install-scripts $base/lib/mouse_teleop --single-version-externally-managed install_data
[19.099s] DEBUG:colcon.colcon_core.event_handler.log_command:Invoked command in '/home/nvidia/f1tenth_ws/build/ackermann_mux' returned '0': CMAKE_PREFIX_PATH=${CMAKE_PREFIX_PATH}://home/nvidia/f1tenth_ws/install/f1tenth_stack://home/nvidia/f1tenth_ws/install/joy_teleop://home/nvidia/f1tenth_ws/install/phasespace://home/nvidia/f1tenth_ws/install/new_map_saver://home/nvidia/f1tenth_ws/install/mouse_teleop://home/nvidia/f1tenth_ws/install/mapping://home/nvidia/f1tenth_ws/install/key_teleop://home/nvidia/f1tenth_ws/install/f1tenth_controllers:/opt/ros/foxy /usr/bin/cmake /home/nvidia/f1tenth_ws/src/f1tenth_system/ackermann_mux -DCMAKE_INSTALL_PREFIX=/home/nvidia/f1tenth_ws/install/ackermann_mux
[19.109s] DEBUG:colcon.colcon_core.event_handler.log_command:Invoking command in '/home/nvidia/f1tenth_ws/build/ackermann_mux': CMAKE_PREFIX_PATH=${CMAKE_PREFIX_PATH}://home/nvidia/f1tenth_ws/install/f1tenth_stack://home/nvidia/f1tenth_ws/install/joy_teleop://home/nvidia/f1tenth_ws/install/phasespace://home/nvidia/f1tenth_ws/install/new_map_saver://home/nvidia/f1tenth_ws/install/mouse_teleop://home/nvidia/f1tenth_ws/install/mapping://home/nvidia/f1tenth_ws/install/key_teleop://home/nvidia/f1tenth_ws/install/f1tenth_controllers:/opt/ros/foxy /usr/bin/cmake --build /home/nvidia/f1tenth_ws/build/ackermann_mux -- -j6 -l6
[21.385s] Level 1:colcon.colcon_core.environment:checking '/home/nvidia/f1tenth_ws/install/mouse_teleop' for CMake module files
[21.389s] DEBUG:colcon.colcon_core.event_handler.log_command:Invoked command in '/home/nvidia/f1tenth_ws/src/f1tenth_system/teleop_tools/mouse_teleop' returned '0': PYTHONPATH=/home/nvidia/f1tenth_ws/build/mouse_teleop/prefix_override:/usr/lib/python3/dist-packages/colcon_core/task/python/colcon_distutils_commands:/home/nvidia/f1tenth_ws/install/mouse_teleop/lib/python3.8/site-packages:${PYTHONPATH} /usr/bin/python3 -W ignore:setup.py install is deprecated setup.py egg_info --egg-base ../../../../build/mouse_teleop build --build-base /home/nvidia/f1tenth_ws/build/mouse_teleop/build install --record /home/nvidia/f1tenth_ws/build/mouse_teleop/install.log --install-scripts $base/lib/mouse_teleop --single-version-externally-managed install_data
[21.397s] Level 1:colcon.colcon_core.environment:checking '/home/nvidia/f1tenth_ws/install/mouse_teleop' for CMake config files
[21.401s] Level 1:colcon.colcon_core.environment:checking '/home/nvidia/f1tenth_ws/install/mouse_teleop/lib'
[21.402s] Level 1:colcon.colcon_core.environment:checking '/home/nvidia/f1tenth_ws/install/mouse_teleop/bin'
[21.409s] Level 1:colcon.colcon_core.environment:checking '/home/nvidia/f1tenth_ws/install/mouse_teleop/lib/pkgconfig/mouse_teleop.pc'
[21.411s] Level 1:colcon.colcon_core.environment:checking '/home/nvidia/f1tenth_ws/install/mouse_teleop/lib/python3.8/site-packages'
[21.411s] Level 1:colcon.colcon_core.shell:create_environment_hook('mouse_teleop', 'pythonpath')
[21.420s] INFO:colcon.colcon_core.shell:Creating environment hook '/home/nvidia/f1tenth_ws/install/mouse_teleop/share/mouse_teleop/hook/pythonpath.ps1'
[21.429s] INFO:colcon.colcon_core.shell:Creating environment descriptor '/home/nvidia/f1tenth_ws/install/mouse_teleop/share/mouse_teleop/hook/pythonpath.dsv'
[21.444s] INFO:colcon.colcon_core.shell:Creating environment hook '/home/nvidia/f1tenth_ws/install/mouse_teleop/share/mouse_teleop/hook/pythonpath.sh'
[21.450s] Level 1:colcon.colcon_core.environment:checking '/home/nvidia/f1tenth_ws/install/mouse_teleop/bin'
[21.451s] Level 1:colcon.colcon_core.environment:create_environment_scripts_only(mouse_teleop)
[21.456s] INFO:colcon.colcon_core.shell:Creating package script '/home/nvidia/f1tenth_ws/install/mouse_teleop/share/mouse_teleop/package.ps1'
[21.466s] INFO:colcon.colcon_core.shell:Creating package descriptor '/home/nvidia/f1tenth_ws/install/mouse_teleop/share/mouse_teleop/package.dsv'
[21.477s] INFO:colcon.colcon_core.shell:Creating package script '/home/nvidia/f1tenth_ws/install/mouse_teleop/share/mouse_teleop/package.sh'
[21.484s] INFO:colcon.colcon_core.shell:Creating package script '/home/nvidia/f1tenth_ws/install/mouse_teleop/share/mouse_teleop/package.bash'
[21.491s] INFO:colcon.colcon_core.shell:Creating package script '/home/nvidia/f1tenth_ws/install/mouse_teleop/share/mouse_teleop/package.zsh'
[21.500s] Level 1:colcon.colcon_core.environment:create_file_with_runtime_dependencies(/home/nvidia/f1tenth_ws/install/mouse_teleop/share/colcon-core/packages/mouse_teleop)
[21.505s] INFO:colcon.colcon_ros.task.ament_cmake.build:Building ROS package in '/home/nvidia/f1tenth_ws/src/pure_pursuit' with build type 'ament_cmake'
[21.509s] INFO:colcon.colcon_cmake.task.cmake.build:Building CMake package in '/home/nvidia/f1tenth_ws/src/pure_pursuit'
[21.515s] INFO:colcon.colcon_core.shell:Skip shell extension 'powershell' for command environment: Not usable outside of PowerShell
[21.518s] DEBUG:colcon.colcon_core.shell:Skip shell extension 'dsv' for command environment
[21.628s] DEBUG:colcon.colcon_core.event_handler.log_command:Invoking command in '/home/nvidia/f1tenth_ws/build/pure_pursuit': CMAKE_PREFIX_PATH=${CMAKE_PREFIX_PATH}://home/nvidia/f1tenth_ws/install/f1tenth_stack://home/nvidia/f1tenth_ws/install/joy_teleop://home/nvidia/f1tenth_ws/install/phasespace://home/nvidia/f1tenth_ws/install/new_map_saver://home/nvidia/f1tenth_ws/install/mouse_teleop://home/nvidia/f1tenth_ws/install/mapping://home/nvidia/f1tenth_ws/install/key_teleop://home/nvidia/f1tenth_ws/install/f1tenth_controllers:/opt/ros/foxy /usr/bin/cmake /home/nvidia/f1tenth_ws/src/pure_pursuit -DCMAKE_INSTALL_PREFIX=/home/nvidia/f1tenth_ws/install/pure_pursuit
[22.037s] DEBUG:colcon.colcon_core.event_handler.log_command:Invoking command in '/home/nvidia/f1tenth_ws/src/new_map_saver': PYTHONPATH=/home/nvidia/f1tenth_ws/build/new_map_saver/prefix_override:/usr/lib/python3/dist-packages/colcon_core/task/python/colcon_distutils_commands:/home/nvidia/f1tenth_ws/install/new_map_saver/lib/python3.8/site-packages:${PYTHONPATH} /usr/bin/python3 -W ignore:setup.py install is deprecated setup.py egg_info --egg-base ../../build/new_map_saver build --build-base /home/nvidia/f1tenth_ws/build/new_map_saver/build install --record /home/nvidia/f1tenth_ws/build/new_map_saver/install.log --install-scripts $base/lib/new_map_saver --single-version-externally-managed install_data
[22.329s] DEBUG:colcon.colcon_core.event_handler.log_command:Invoking command in '/home/nvidia/f1tenth_ws/src/phasespace': PYTHONPATH=/home/nvidia/f1tenth_ws/build/phasespace/prefix_override:/usr/lib/python3/dist-packages/colcon_core/task/python/colcon_distutils_commands:/home/nvidia/f1tenth_ws/install/phasespace/lib/python3.8/site-packages:${PYTHONPATH} /usr/bin/python3 -W ignore:setup.py install is deprecated setup.py egg_info --egg-base ../../build/phasespace build --build-base /home/nvidia/f1tenth_ws/build/phasespace/build install --record /home/nvidia/f1tenth_ws/build/phasespace/install.log --install-scripts $base/lib/phasespace --single-version-externally-managed install_data
[24.288s] Level 1:colcon.colcon_core.environment:checking '/home/nvidia/f1tenth_ws/install/new_map_saver' for CMake module files
[24.293s] DEBUG:colcon.colcon_core.event_handler.log_command:Invoked command in '/home/nvidia/f1tenth_ws/src/new_map_saver' returned '0': PYTHONPATH=/home/nvidia/f1tenth_ws/build/new_map_saver/prefix_override:/usr/lib/python3/dist-packages/colcon_core/task/python/colcon_distutils_commands:/home/nvidia/f1tenth_ws/install/new_map_saver/lib/python3.8/site-packages:${PYTHONPATH} /usr/bin/python3 -W ignore:setup.py install is deprecated setup.py egg_info --egg-base ../../build/new_map_saver build --build-base /home/nvidia/f1tenth_ws/build/new_map_saver/build install --record /home/nvidia/f1tenth_ws/build/new_map_saver/install.log --install-scripts $base/lib/new_map_saver --single-version-externally-managed install_data
[24.300s] Level 1:colcon.colcon_core.environment:checking '/home/nvidia/f1tenth_ws/install/new_map_saver' for CMake config files
[24.305s] Level 1:colcon.colcon_core.environment:checking '/home/nvidia/f1tenth_ws/install/new_map_saver/lib'
[24.306s] Level 1:colcon.colcon_core.environment:checking '/home/nvidia/f1tenth_ws/install/new_map_saver/bin'
[24.307s] Level 1:colcon.colcon_core.environment:checking '/home/nvidia/f1tenth_ws/install/new_map_saver/lib/pkgconfig/new_map_saver.pc'
[24.313s] Level 1:colcon.colcon_core.environment:checking '/home/nvidia/f1tenth_ws/install/new_map_saver/lib/python3.8/site-packages'
[24.313s] Level 1:colcon.colcon_core.shell:create_environment_hook('new_map_saver', 'pythonpath')
[24.315s] INFO:colcon.colcon_core.shell:Creating environment hook '/home/nvidia/f1tenth_ws/install/new_map_saver/share/new_map_saver/hook/pythonpath.ps1'
[24.318s] INFO:colcon.colcon_core.shell:Creating environment descriptor '/home/nvidia/f1tenth_ws/install/new_map_saver/share/new_map_saver/hook/pythonpath.dsv'
[24.329s] INFO:colcon.colcon_core.shell:Creating environment hook '/home/nvidia/f1tenth_ws/install/new_map_saver/share/new_map_saver/hook/pythonpath.sh'
[24.332s] Level 1:colcon.colcon_core.environment:checking '/home/nvidia/f1tenth_ws/install/new_map_saver/bin'
[24.332s] Level 1:colcon.colcon_core.environment:create_environment_scripts_only(new_map_saver)
[24.334s] INFO:colcon.colcon_core.shell:Creating package script '/home/nvidia/f1tenth_ws/install/new_map_saver/share/new_map_saver/package.ps1'
[24.337s] INFO:colcon.colcon_core.shell:Creating package descriptor '/home/nvidia/f1tenth_ws/install/new_map_saver/share/new_map_saver/package.dsv'
[24.349s] INFO:colcon.colcon_core.shell:Creating package script '/home/nvidia/f1tenth_ws/install/new_map_saver/share/new_map_saver/package.sh'
[24.353s] INFO:colcon.colcon_core.shell:Creating package script '/home/nvidia/f1tenth_ws/install/new_map_saver/share/new_map_saver/package.bash'
[24.367s] INFO:colcon.colcon_core.shell:Creating package script '/home/nvidia/f1tenth_ws/install/new_map_saver/share/new_map_saver/package.zsh'
[24.369s] Level 1:colcon.colcon_core.environment:create_file_with_runtime_dependencies(/home/nvidia/f1tenth_ws/install/new_map_saver/share/colcon-core/packages/new_map_saver)
[24.775s] Level 1:colcon.colcon_core.environment:checking '/home/nvidia/f1tenth_ws/install/phasespace' for CMake module files
[24.778s] Level 1:colcon.colcon_core.environment:checking '/home/nvidia/f1tenth_ws/install/phasespace' for CMake config files
[24.781s] DEBUG:colcon.colcon_core.event_handler.log_command:Invoked command in '/home/nvidia/f1tenth_ws/src/phasespace' returned '0': PYTHONPATH=/home/nvidia/f1tenth_ws/build/phasespace/prefix_override:/usr/lib/python3/dist-packages/colcon_core/task/python/colcon_distutils_commands:/home/nvidia/f1tenth_ws/install/phasespace/lib/python3.8/site-packages:${PYTHONPATH} /usr/bin/python3 -W ignore:setup.py install is deprecated setup.py egg_info --egg-base ../../build/phasespace build --build-base /home/nvidia/f1tenth_ws/build/phasespace/build install --record /home/nvidia/f1tenth_ws/build/phasespace/install.log --install-scripts $base/lib/phasespace --single-version-externally-managed install_data
[24.783s] Level 1:colcon.colcon_core.environment:checking '/home/nvidia/f1tenth_ws/install/phasespace/lib'
[24.784s] Level 1:colcon.colcon_core.environment:checking '/home/nvidia/f1tenth_ws/install/phasespace/bin'
[24.784s] Level 1:colcon.colcon_core.environment:checking '/home/nvidia/f1tenth_ws/install/phasespace/lib/pkgconfig/phasespace.pc'
[24.785s] Level 1:colcon.colcon_core.environment:checking '/home/nvidia/f1tenth_ws/install/phasespace/lib/python3.8/site-packages'
[24.786s] Level 1:colcon.colcon_core.shell:create_environment_hook('phasespace', 'pythonpath')
[24.788s] INFO:colcon.colcon_core.shell:Creating environment hook '/home/nvidia/f1tenth_ws/install/phasespace/share/phasespace/hook/pythonpath.ps1'
[24.790s] INFO:colcon.colcon_core.shell:Creating environment descriptor '/home/nvidia/f1tenth_ws/install/phasespace/share/phasespace/hook/pythonpath.dsv'
[24.792s] INFO:colcon.colcon_core.shell:Creating environment hook '/home/nvidia/f1tenth_ws/install/phasespace/share/phasespace/hook/pythonpath.sh'
[24.796s] Level 1:colcon.colcon_core.environment:checking '/home/nvidia/f1tenth_ws/install/phasespace/bin'
[24.796s] Level 1:colcon.colcon_core.environment:create_environment_scripts_only(phasespace)
[24.798s] INFO:colcon.colcon_core.shell:Creating package script '/home/nvidia/f1tenth_ws/install/phasespace/share/phasespace/package.ps1'
[24.801s] INFO:colcon.colcon_core.shell:Creating package descriptor '/home/nvidia/f1tenth_ws/install/phasespace/share/phasespace/package.dsv'
[24.803s] INFO:colcon.colcon_core.shell:Creating package script '/home/nvidia/f1tenth_ws/install/phasespace/share/phasespace/package.sh'
[24.805s] INFO:colcon.colcon_core.shell:Creating package script '/home/nvidia/f1tenth_ws/install/phasespace/share/phasespace/package.bash'
[24.807s] INFO:colcon.colcon_core.shell:Creating package script '/home/nvidia/f1tenth_ws/install/phasespace/share/phasespace/package.zsh'
[24.808s] Level 1:colcon.colcon_core.environment:create_file_with_runtime_dependencies(/home/nvidia/f1tenth_ws/install/phasespace/share/colcon-core/packages/phasespace)
[50.410s] DEBUG:colcon.colcon_core.event_handler.log_command:Invoked command in '/home/nvidia/f1tenth_ws/build/pure_pursuit' returned '0': CMAKE_PREFIX_PATH=${CMAKE_PREFIX_PATH}://home/nvidia/f1tenth_ws/install/f1tenth_stack://home/nvidia/f1tenth_ws/install/joy_teleop://home/nvidia/f1tenth_ws/install/phasespace://home/nvidia/f1tenth_ws/install/new_map_saver://home/nvidia/f1tenth_ws/install/mouse_teleop://home/nvidia/f1tenth_ws/install/mapping://home/nvidia/f1tenth_ws/install/key_teleop://home/nvidia/f1tenth_ws/install/f1tenth_controllers:/opt/ros/foxy /usr/bin/cmake /home/nvidia/f1tenth_ws/src/pure_pursuit -DCMAKE_INSTALL_PREFIX=/home/nvidia/f1tenth_ws/install/pure_pursuit
[50.420s] DEBUG:colcon.colcon_core.event_handler.log_command:Invoking command in '/home/nvidia/f1tenth_ws/build/pure_pursuit': CMAKE_PREFIX_PATH=${CMAKE_PREFIX_PATH}://home/nvidia/f1tenth_ws/install/f1tenth_stack://home/nvidia/f1tenth_ws/install/joy_teleop://home/nvidia/f1tenth_ws/install/phasespace://home/nvidia/f1tenth_ws/install/new_map_saver://home/nvidia/f1tenth_ws/install/mouse_teleop://home/nvidia/f1tenth_ws/install/mapping://home/nvidia/f1tenth_ws/install/key_teleop://home/nvidia/f1tenth_ws/install/f1tenth_controllers:/opt/ros/foxy /usr/bin/cmake --build /home/nvidia/f1tenth_ws/build/pure_pursuit -- -j6 -l6
[74.341s] DEBUG:colcon.colcon_core.event_handler.log_command:Invoked command in '/home/nvidia/f1tenth_ws/build/teleop_tools_msgs' returned '0': CMAKE_PREFIX_PATH=${CMAKE_PREFIX_PATH}://home/nvidia/f1tenth_ws/install/f1tenth_stack://home/nvidia/f1tenth_ws/install/joy_teleop://home/nvidia/f1tenth_ws/install/phasespace://home/nvidia/f1tenth_ws/install/new_map_saver://home/nvidia/f1tenth_ws/install/mouse_teleop://home/nvidia/f1tenth_ws/install/mapping://home/nvidia/f1tenth_ws/install/key_teleop://home/nvidia/f1tenth_ws/install/f1tenth_controllers:/opt/ros/foxy /usr/bin/cmake --build /home/nvidia/f1tenth_ws/build/teleop_tools_msgs -- -j6 -l6
[74.958s] DEBUG:colcon.colcon_core.event_handler.log_command:Invoking command in '/home/nvidia/f1tenth_ws/build/teleop_tools_msgs': CMAKE_PREFIX_PATH=${CMAKE_PREFIX_PATH}://home/nvidia/f1tenth_ws/install/f1tenth_stack://home/nvidia/f1tenth_ws/install/joy_teleop://home/nvidia/f1tenth_ws/install/phasespace://home/nvidia/f1tenth_ws/install/new_map_saver://home/nvidia/f1tenth_ws/install/mouse_teleop://home/nvidia/f1tenth_ws/install/mapping://home/nvidia/f1tenth_ws/install/key_teleop://home/nvidia/f1tenth_ws/install/f1tenth_controllers:/opt/ros/foxy /usr/bin/cmake --install /home/nvidia/f1tenth_ws/build/teleop_tools_msgs
[75.698s] Level 1:colcon.colcon_core.environment:create_environment_scripts_only(teleop_tools_msgs)
[75.701s] Level 1:colcon.colcon_core.environment:checking '/home/nvidia/f1tenth_ws/install/teleop_tools_msgs' for CMake module files
[75.704s] DEBUG:colcon.colcon_core.event_handler.log_command:Invoked command in '/home/nvidia/f1tenth_ws/build/teleop_tools_msgs' returned '0': CMAKE_PREFIX_PATH=${CMAKE_PREFIX_PATH}://home/nvidia/f1tenth_ws/install/f1tenth_stack://home/nvidia/f1tenth_ws/install/joy_teleop://home/nvidia/f1tenth_ws/install/phasespace://home/nvidia/f1tenth_ws/install/new_map_saver://home/nvidia/f1tenth_ws/install/mouse_teleop://home/nvidia/f1tenth_ws/install/mapping://home/nvidia/f1tenth_ws/install/key_teleop://home/nvidia/f1tenth_ws/install/f1tenth_controllers:/opt/ros/foxy /usr/bin/cmake --install /home/nvidia/f1tenth_ws/build/teleop_tools_msgs
[75.708s] Level 1:colcon.colcon_core.environment:checking '/home/nvidia/f1tenth_ws/install/teleop_tools_msgs' for CMake config files
[75.712s] Level 1:colcon.colcon_core.shell:create_environment_hook('teleop_tools_msgs', 'cmake_prefix_path')
[75.715s] INFO:colcon.colcon_core.shell:Creating environment hook '/home/nvidia/f1tenth_ws/install/teleop_tools_msgs/share/teleop_tools_msgs/hook/cmake_prefix_path.ps1'
[75.720s] INFO:colcon.colcon_core.shell:Creating environment descriptor '/home/nvidia/f1tenth_ws/install/teleop_tools_msgs/share/teleop_tools_msgs/hook/cmake_prefix_path.dsv'
[75.723s] INFO:colcon.colcon_core.shell:Creating environment hook '/home/nvidia/f1tenth_ws/install/teleop_tools_msgs/share/teleop_tools_msgs/hook/cmake_prefix_path.sh'
[75.727s] Level 1:colcon.colcon_core.environment:checking '/home/nvidia/f1tenth_ws/install/teleop_tools_msgs/lib'
[75.727s] Level 1:colcon.colcon_core.shell:create_environment_hook('teleop_tools_msgs', 'ld_library_path_lib')
[75.729s] INFO:colcon.colcon_core.shell:Creating environment hook '/home/nvidia/f1tenth_ws/install/teleop_tools_msgs/share/teleop_tools_msgs/hook/ld_library_path_lib.ps1'
[75.731s] INFO:colcon.colcon_core.shell:Creating environment descriptor '/home/nvidia/f1tenth_ws/install/teleop_tools_msgs/share/teleop_tools_msgs/hook/ld_library_path_lib.dsv'
[75.733s] INFO:colcon.colcon_core.shell:Creating environment hook '/home/nvidia/f1tenth_ws/install/teleop_tools_msgs/share/teleop_tools_msgs/hook/ld_library_path_lib.sh'
[75.735s] Level 1:colcon.colcon_core.environment:checking '/home/nvidia/f1tenth_ws/install/teleop_tools_msgs/bin'
[75.736s] Level 1:colcon.colcon_core.environment:checking '/home/nvidia/f1tenth_ws/install/teleop_tools_msgs/lib/pkgconfig/teleop_tools_msgs.pc'
[75.738s] Level 1:colcon.colcon_core.environment:checking '/home/nvidia/f1tenth_ws/install/teleop_tools_msgs/lib/python3.8/site-packages'
[75.738s] Level 1:colcon.colcon_core.shell:create_environment_hook('teleop_tools_msgs', 'pythonpath')
[75.739s] INFO:colcon.colcon_core.shell:Creating environment hook '/home/nvidia/f1tenth_ws/install/teleop_tools_msgs/share/teleop_tools_msgs/hook/pythonpath.ps1'
[75.741s] INFO:colcon.colcon_core.shell:Creating environment descriptor '/home/nvidia/f1tenth_ws/install/teleop_tools_msgs/share/teleop_tools_msgs/hook/pythonpath.dsv'
[75.744s] INFO:colcon.colcon_core.shell:Creating environment hook '/home/nvidia/f1tenth_ws/install/teleop_tools_msgs/share/teleop_tools_msgs/hook/pythonpath.sh'
[75.748s] Level 1:colcon.colcon_core.environment:checking '/home/nvidia/f1tenth_ws/install/teleop_tools_msgs/bin'
[75.751s] INFO:colcon.colcon_core.shell:Creating package script '/home/nvidia/f1tenth_ws/install/teleop_tools_msgs/share/teleop_tools_msgs/package.ps1'
[75.755s] INFO:colcon.colcon_core.shell:Creating package descriptor '/home/nvidia/f1tenth_ws/install/teleop_tools_msgs/share/teleop_tools_msgs/package.dsv'
[75.758s] INFO:colcon.colcon_core.shell:Creating package script '/home/nvidia/f1tenth_ws/install/teleop_tools_msgs/share/teleop_tools_msgs/package.sh'
[75.761s] INFO:colcon.colcon_core.shell:Creating package script '/home/nvidia/f1tenth_ws/install/teleop_tools_msgs/share/teleop_tools_msgs/package.bash'
[75.763s] INFO:colcon.colcon_core.shell:Creating package script '/home/nvidia/f1tenth_ws/install/teleop_tools_msgs/share/teleop_tools_msgs/package.zsh'
[75.764s] Level 1:colcon.colcon_core.environment:create_file_with_runtime_dependencies(/home/nvidia/f1tenth_ws/install/teleop_tools_msgs/share/colcon-core/packages/teleop_tools_msgs)
[76.315s] Level 1:colcon.colcon_core.environment:create_environment_scripts_only(teleop_tools_msgs)
[76.319s] Level 1:colcon.colcon_core.environment:checking '/home/nvidia/f1tenth_ws/install/teleop_tools_msgs' for CMake module files
[76.324s] Level 1:colcon.colcon_core.environment:checking '/home/nvidia/f1tenth_ws/install/teleop_tools_msgs' for CMake config files
[76.328s] Level 1:colcon.colcon_core.shell:create_environment_hook('teleop_tools_msgs', 'cmake_prefix_path')
[76.330s] INFO:colcon.colcon_core.shell:Creating environment hook '/home/nvidia/f1tenth_ws/install/teleop_tools_msgs/share/teleop_tools_msgs/hook/cmake_prefix_path.ps1'
[76.335s] INFO:colcon.colcon_core.shell:Creating environment descriptor '/home/nvidia/f1tenth_ws/install/teleop_tools_msgs/share/teleop_tools_msgs/hook/cmake_prefix_path.dsv'
[76.338s] INFO:colcon.colcon_core.shell:Creating environment hook '/home/nvidia/f1tenth_ws/install/teleop_tools_msgs/share/teleop_tools_msgs/hook/cmake_prefix_path.sh'
[76.342s] Level 1:colcon.colcon_core.environment:checking '/home/nvidia/f1tenth_ws/install/teleop_tools_msgs/lib'
[76.344s] Level 1:colcon.colcon_core.shell:create_environment_hook('teleop_tools_msgs', 'ld_library_path_lib')
[76.345s] INFO:colcon.colcon_core.shell:Creating environment hook '/home/nvidia/f1tenth_ws/install/teleop_tools_msgs/share/teleop_tools_msgs/hook/ld_library_path_lib.ps1'
[76.348s] INFO:colcon.colcon_core.shell:Creating environment descriptor '/home/nvidia/f1tenth_ws/install/teleop_tools_msgs/share/teleop_tools_msgs/hook/ld_library_path_lib.dsv'
[76.350s] INFO:colcon.colcon_core.shell:Creating environment hook '/home/nvidia/f1tenth_ws/install/teleop_tools_msgs/share/teleop_tools_msgs/hook/ld_library_path_lib.sh'
[76.353s] Level 1:colcon.colcon_core.environment:checking '/home/nvidia/f1tenth_ws/install/teleop_tools_msgs/bin'
[76.353s] Level 1:colcon.colcon_core.environment:checking '/home/nvidia/f1tenth_ws/install/teleop_tools_msgs/lib/pkgconfig/teleop_tools_msgs.pc'
[76.355s] Level 1:colcon.colcon_core.environment:checking '/home/nvidia/f1tenth_ws/install/teleop_tools_msgs/lib/python3.8/site-packages'
[76.356s] Level 1:colcon.colcon_core.shell:create_environment_hook('teleop_tools_msgs', 'pythonpath')
[76.358s] INFO:colcon.colcon_core.shell:Creating environment hook '/home/nvidia/f1tenth_ws/install/teleop_tools_msgs/share/teleop_tools_msgs/hook/pythonpath.ps1'
[76.360s] INFO:colcon.colcon_core.shell:Creating environment descriptor '/home/nvidia/f1tenth_ws/install/teleop_tools_msgs/share/teleop_tools_msgs/hook/pythonpath.dsv'
[76.364s] INFO:colcon.colcon_core.shell:Creating environment hook '/home/nvidia/f1tenth_ws/install/teleop_tools_msgs/share/teleop_tools_msgs/hook/pythonpath.sh'
[76.367s] Level 1:colcon.colcon_core.environment:checking '/home/nvidia/f1tenth_ws/install/teleop_tools_msgs/bin'
[76.370s] INFO:colcon.colcon_core.shell:Creating package script '/home/nvidia/f1tenth_ws/install/teleop_tools_msgs/share/teleop_tools_msgs/package.ps1'
[76.375s] INFO:colcon.colcon_core.shell:Creating package descriptor '/home/nvidia/f1tenth_ws/install/teleop_tools_msgs/share/teleop_tools_msgs/package.dsv'
[76.379s] INFO:colcon.colcon_core.shell:Creating package script '/home/nvidia/f1tenth_ws/install/teleop_tools_msgs/share/teleop_tools_msgs/package.sh'
[76.382s] INFO:colcon.colcon_core.shell:Creating package script '/home/nvidia/f1tenth_ws/install/teleop_tools_msgs/share/teleop_tools_msgs/package.bash'
[76.384s] INFO:colcon.colcon_core.shell:Creating package script '/home/nvidia/f1tenth_ws/install/teleop_tools_msgs/share/teleop_tools_msgs/package.zsh'
[76.388s] Level 1:colcon.colcon_core.environment:create_file_with_runtime_dependencies(/home/nvidia/f1tenth_ws/install/teleop_tools_msgs/share/colcon-core/packages/teleop_tools_msgs)
[76.392s] INFO:colcon.colcon_ros.task.ament_python.build:Building ROS package in '/home/nvidia/f1tenth_ws/src/f1tenth_system/teleop_tools/joy_teleop' with build type 'ament_python'
[76.394s] Level 1:colcon.colcon_core.shell:create_environment_hook('joy_teleop', 'ament_prefix_path')
[76.396s] INFO:colcon.colcon_core.shell:Creating environment hook '/home/nvidia/f1tenth_ws/install/joy_teleop/share/joy_teleop/hook/ament_prefix_path.ps1'
[76.403s] INFO:colcon.colcon_core.shell:Creating environment descriptor '/home/nvidia/f1tenth_ws/install/joy_teleop/share/joy_teleop/hook/ament_prefix_path.dsv'
[76.405s] INFO:colcon.colcon_core.shell:Creating environment hook '/home/nvidia/f1tenth_ws/install/joy_teleop/share/joy_teleop/hook/ament_prefix_path.sh'
[76.409s] INFO:colcon.colcon_core.shell:Skip shell extension 'powershell' for command environment: Not usable outside of PowerShell
[76.410s] DEBUG:colcon.colcon_core.shell:Skip shell extension 'dsv' for command environment
[78.220s] INFO:colcon.colcon_core.task.python.build:Building Python package in '/home/nvidia/f1tenth_ws/src/f1tenth_system/teleop_tools/joy_teleop'
[78.225s] INFO:colcon.colcon_core.shell:Skip shell extension 'powershell' for command environment: Not usable outside of PowerShell
[78.229s] DEBUG:colcon.colcon_core.shell:Skip shell extension 'dsv' for command environment
[81.033s] DEBUG:colcon.colcon_core.event_handler.log_command:Invoking command in '/home/nvidia/f1tenth_ws/src/f1tenth_system/teleop_tools/joy_teleop': AMENT_PREFIX_PATH=/home/nvidia/f1tenth_ws/install/teleop_tools_msgs:${AMENT_PREFIX_PATH} CMAKE_PREFIX_PATH=/home/nvidia/f1tenth_ws/install/teleop_tools_msgs:${CMAKE_PREFIX_PATH} LD_LIBRARY_PATH=/home/nvidia/f1tenth_ws/install/teleop_tools_msgs/lib://home/nvidia/f1tenth_ws/install/vesc_driver/lib://home/nvidia/f1tenth_ws/install/vesc_ackermann/lib://home/nvidia/f1tenth_ws/install/vesc_msgs/lib://home/nvidia/f1tenth_ws/install/teleop_tools_msgs/lib:/usr/lib/aarch64-linux-gnu/gazebo-11/plugins:/opt/ros/foxy/opt/yaml_cpp_vendor/lib:/opt/ros/foxy/opt/rviz_ogre_vendor/lib:/opt/ros/foxy/lib/aarch64-linux-gnu:/opt/ros/foxy/lib:/usr/local/cuda-11.4/lib64 PYTHONPATH=/home/nvidia/f1tenth_ws/build/joy_teleop/prefix_override:/usr/lib/python3/dist-packages/colcon_core/task/python/colcon_distutils_commands:/home/nvidia/f1tenth_ws/install/joy_teleop/lib/python3.8/site-packages:/home/nvidia/f1tenth_ws/install/teleop_tools_msgs/lib/python3.8/site-packages:${PYTHONPATH} /usr/bin/python3 -W ignore:setup.py install is deprecated setup.py egg_info --egg-base ../../../../build/joy_teleop build --build-base /home/nvidia/f1tenth_ws/build/joy_teleop/build install --record /home/nvidia/f1tenth_ws/build/joy_teleop/install.log --install-scripts $base/lib/joy_teleop --single-version-externally-managed install_data
[83.082s] Level 1:colcon.colcon_core.environment:checking '/home/nvidia/f1tenth_ws/install/joy_teleop' for CMake module files
[83.088s] DEBUG:colcon.colcon_core.event_handler.log_command:Invoked command in '/home/nvidia/f1tenth_ws/src/f1tenth_system/teleop_tools/joy_teleop' returned '0': AMENT_PREFIX_PATH=/home/nvidia/f1tenth_ws/install/teleop_tools_msgs:${AMENT_PREFIX_PATH} CMAKE_PREFIX_PATH=/home/nvidia/f1tenth_ws/install/teleop_tools_msgs:${CMAKE_PREFIX_PATH} LD_LIBRARY_PATH=/home/nvidia/f1tenth_ws/install/teleop_tools_msgs/lib://home/nvidia/f1tenth_ws/install/vesc_driver/lib://home/nvidia/f1tenth_ws/install/vesc_ackermann/lib://home/nvidia/f1tenth_ws/install/vesc_msgs/lib://home/nvidia/f1tenth_ws/install/teleop_tools_msgs/lib:/usr/lib/aarch64-linux-gnu/gazebo-11/plugins:/opt/ros/foxy/opt/yaml_cpp_vendor/lib:/opt/ros/foxy/opt/rviz_ogre_vendor/lib:/opt/ros/foxy/lib/aarch64-linux-gnu:/opt/ros/foxy/lib:/usr/local/cuda-11.4/lib64 PYTHONPATH=/home/nvidia/f1tenth_ws/build/joy_teleop/prefix_override:/usr/lib/python3/dist-packages/colcon_core/task/python/colcon_distutils_commands:/home/nvidia/f1tenth_ws/install/joy_teleop/lib/python3.8/site-packages:/home/nvidia/f1tenth_ws/install/teleop_tools_msgs/lib/python3.8/site-packages:${PYTHONPATH} /usr/bin/python3 -W ignore:setup.py install is deprecated setup.py egg_info --egg-base ../../../../build/joy_teleop build --build-base /home/nvidia/f1tenth_ws/build/joy_teleop/build install --record /home/nvidia/f1tenth_ws/build/joy_teleop/install.log --install-scripts $base/lib/joy_teleop --single-version-externally-managed install_data
[83.089s] Level 1:colcon.colcon_core.environment:checking '/home/nvidia/f1tenth_ws/install/joy_teleop' for CMake config files
[83.096s] Level 1:colcon.colcon_core.environment:checking '/home/nvidia/f1tenth_ws/install/joy_teleop/lib'
[83.097s] Level 1:colcon.colcon_core.environment:checking '/home/nvidia/f1tenth_ws/install/joy_teleop/bin'
[83.097s] Level 1:colcon.colcon_core.environment:checking '/home/nvidia/f1tenth_ws/install/joy_teleop/lib/pkgconfig/joy_teleop.pc'
[83.099s] Level 1:colcon.colcon_core.environment:checking '/home/nvidia/f1tenth_ws/install/joy_teleop/lib/python3.8/site-packages'
[83.100s] Level 1:colcon.colcon_core.shell:create_environment_hook('joy_teleop', 'pythonpath')
[83.102s] INFO:colcon.colcon_core.shell:Creating environment hook '/home/nvidia/f1tenth_ws/install/joy_teleop/share/joy_teleop/hook/pythonpath.ps1'
[83.106s] INFO:colcon.colcon_core.shell:Creating environment descriptor '/home/nvidia/f1tenth_ws/install/joy_teleop/share/joy_teleop/hook/pythonpath.dsv'
[83.108s] INFO:colcon.colcon_core.shell:Creating environment hook '/home/nvidia/f1tenth_ws/install/joy_teleop/share/joy_teleop/hook/pythonpath.sh'
[83.111s] Level 1:colcon.colcon_core.environment:checking '/home/nvidia/f1tenth_ws/install/joy_teleop/bin'
[83.111s] Level 1:colcon.colcon_core.environment:create_environment_scripts_only(joy_teleop)
[83.113s] INFO:colcon.colcon_core.shell:Creating package script '/home/nvidia/f1tenth_ws/install/joy_teleop/share/joy_teleop/package.ps1'
[83.116s] INFO:colcon.colcon_core.shell:Creating package descriptor '/home/nvidia/f1tenth_ws/install/joy_teleop/share/joy_teleop/package.dsv'
[83.118s] INFO:colcon.colcon_core.shell:Creating package script '/home/nvidia/f1tenth_ws/install/joy_teleop/share/joy_teleop/package.sh'
[83.122s] INFO:colcon.colcon_core.shell:Creating package script '/home/nvidia/f1tenth_ws/install/joy_teleop/share/joy_teleop/package.bash'
[83.124s] INFO:colcon.colcon_core.shell:Creating package script '/home/nvidia/f1tenth_ws/install/joy_teleop/share/joy_teleop/package.zsh'
[83.126s] Level 1:colcon.colcon_core.environment:create_file_with_runtime_dependencies(/home/nvidia/f1tenth_ws/install/joy_teleop/share/colcon-core/packages/joy_teleop)
[83.131s] INFO:colcon.colcon_ros.task.ament_cmake.build:Building ROS package in '/home/nvidia/f1tenth_ws/src/f1tenth_system/teleop_tools/teleop_tools' with build type 'ament_cmake'
[83.133s] INFO:colcon.colcon_cmake.task.cmake.build:Building CMake package in '/home/nvidia/f1tenth_ws/src/f1tenth_system/teleop_tools/teleop_tools'
[83.135s] INFO:colcon.colcon_core.shell:Skip shell extension 'powershell' for command environment: Not usable outside of PowerShell
[83.135s] DEBUG:colcon.colcon_core.shell:Skip shell extension 'dsv' for command environment
[83.260s] DEBUG:colcon.colcon_core.event_handler.log_command:Invoking command in '/home/nvidia/f1tenth_ws/build/teleop_tools': AMENT_PREFIX_PATH=/home/nvidia/f1tenth_ws/install/joy_teleop:/home/nvidia/f1tenth_ws/install/teleop_tools_msgs:/home/nvidia/f1tenth_ws/install/key_teleop:${AMENT_PREFIX_PATH} CMAKE_PREFIX_PATH=/home/nvidia/f1tenth_ws/install/teleop_tools_msgs://home/nvidia/f1tenth_ws/install/vesc://home/nvidia/f1tenth_ws/install/vesc_driver://home/nvidia/f1tenth_ws/install/vesc_ackermann://home/nvidia/f1tenth_ws/install/vesc_msgs://home/nvidia/f1tenth_ws/install/teleop_tools://home/nvidia/f1tenth_ws/install/teleop_tools_msgs://home/nvidia/f1tenth_ws/install/pure_pursuit://home/nvidia/f1tenth_ws/install/ackermann_mux://home/nvidia/f1tenth_ws/install/f1tenth_stack://home/nvidia/f1tenth_ws/install/joy_teleop://home/nvidia/f1tenth_ws/install/phasespace://home/nvidia/f1tenth_ws/install/new_map_saver://home/nvidia/f1tenth_ws/install/mouse_teleop://home/nvidia/f1tenth_ws/install/mapping://home/nvidia/f1tenth_ws/install/key_teleop://home/nvidia/f1tenth_ws/install/f1tenth_controllers:/opt/ros/foxy LD_LIBRARY_PATH=/home/nvidia/f1tenth_ws/install/teleop_tools_msgs/lib://home/nvidia/f1tenth_ws/install/vesc_driver/lib://home/nvidia/f1tenth_ws/install/vesc_ackermann/lib://home/nvidia/f1tenth_ws/install/vesc_msgs/lib://home/nvidia/f1tenth_ws/install/teleop_tools_msgs/lib:/usr/lib/aarch64-linux-gnu/gazebo-11/plugins:/opt/ros/foxy/opt/yaml_cpp_vendor/lib:/opt/ros/foxy/opt/rviz_ogre_vendor/lib:/opt/ros/foxy/lib/aarch64-linux-gnu:/opt/ros/foxy/lib:/usr/local/cuda-11.4/lib64 PYTHONPATH=/home/nvidia/f1tenth_ws/install/joy_teleop/lib/python3.8/site-packages:/home/nvidia/f1tenth_ws/install/teleop_tools_msgs/lib/python3.8/site-packages:/home/nvidia/f1tenth_ws/install/key_teleop/lib/python3.8/site-packages:${PYTHONPATH} /usr/bin/cmake /home/nvidia/f1tenth_ws/src/f1tenth_system/teleop_tools/teleop_tools -DCMAKE_INSTALL_PREFIX=/home/nvidia/f1tenth_ws/install/teleop_tools
[85.611s] DEBUG:colcon.colcon_core.event_handler.log_command:Invoked command in '/home/nvidia/f1tenth_ws/build/teleop_tools' returned '0': AMENT_PREFIX_PATH=/home/nvidia/f1tenth_ws/install/joy_teleop:/home/nvidia/f1tenth_ws/install/teleop_tools_msgs:/home/nvidia/f1tenth_ws/install/key_teleop:${AMENT_PREFIX_PATH} CMAKE_PREFIX_PATH=/home/nvidia/f1tenth_ws/install/teleop_tools_msgs://home/nvidia/f1tenth_ws/install/vesc://home/nvidia/f1tenth_ws/install/vesc_driver://home/nvidia/f1tenth_ws/install/vesc_ackermann://home/nvidia/f1tenth_ws/install/vesc_msgs://home/nvidia/f1tenth_ws/install/teleop_tools://home/nvidia/f1tenth_ws/install/teleop_tools_msgs://home/nvidia/f1tenth_ws/install/pure_pursuit://home/nvidia/f1tenth_ws/install/ackermann_mux://home/nvidia/f1tenth_ws/install/f1tenth_stack://home/nvidia/f1tenth_ws/install/joy_teleop://home/nvidia/f1tenth_ws/install/phasespace://home/nvidia/f1tenth_ws/install/new_map_saver://home/nvidia/f1tenth_ws/install/mouse_teleop://home/nvidia/f1tenth_ws/install/mapping://home/nvidia/f1tenth_ws/install/key_teleop://home/nvidia/f1tenth_ws/install/f1tenth_controllers:/opt/ros/foxy LD_LIBRARY_PATH=/home/nvidia/f1tenth_ws/install/teleop_tools_msgs/lib://home/nvidia/f1tenth_ws/install/vesc_driver/lib://home/nvidia/f1tenth_ws/install/vesc_ackermann/lib://home/nvidia/f1tenth_ws/install/vesc_msgs/lib://home/nvidia/f1tenth_ws/install/teleop_tools_msgs/lib:/usr/lib/aarch64-linux-gnu/gazebo-11/plugins:/opt/ros/foxy/opt/yaml_cpp_vendor/lib:/opt/ros/foxy/opt/rviz_ogre_vendor/lib:/opt/ros/foxy/lib/aarch64-linux-gnu:/opt/ros/foxy/lib:/usr/local/cuda-11.4/lib64 PYTHONPATH=/home/nvidia/f1tenth_ws/install/joy_teleop/lib/python3.8/site-packages:/home/nvidia/f1tenth_ws/install/teleop_tools_msgs/lib/python3.8/site-packages:/home/nvidia/f1tenth_ws/install/key_teleop/lib/python3.8/site-packages:${PYTHONPATH} /usr/bin/cmake /home/nvidia/f1tenth_ws/src/f1tenth_system/teleop_tools/teleop_tools -DCMAKE_INSTALL_PREFIX=/home/nvidia/f1tenth_ws/install/teleop_tools
[85.617s] DEBUG:colcon.colcon_core.event_handler.log_command:Invoking command in '/home/nvidia/f1tenth_ws/build/teleop_tools': AMENT_PREFIX_PATH=/home/nvidia/f1tenth_ws/install/joy_teleop:/home/nvidia/f1tenth_ws/install/teleop_tools_msgs:/home/nvidia/f1tenth_ws/install/key_teleop:${AMENT_PREFIX_PATH} CMAKE_PREFIX_PATH=/home/nvidia/f1tenth_ws/install/teleop_tools_msgs://home/nvidia/f1tenth_ws/install/vesc://home/nvidia/f1tenth_ws/install/vesc_driver://home/nvidia/f1tenth_ws/install/vesc_ackermann://home/nvidia/f1tenth_ws/install/vesc_msgs://home/nvidia/f1tenth_ws/install/teleop_tools://home/nvidia/f1tenth_ws/install/teleop_tools_msgs://home/nvidia/f1tenth_ws/install/pure_pursuit://home/nvidia/f1tenth_ws/install/ackermann_mux://home/nvidia/f1tenth_ws/install/f1tenth_stack://home/nvidia/f1tenth_ws/install/joy_teleop://home/nvidia/f1tenth_ws/install/phasespace://home/nvidia/f1tenth_ws/install/new_map_saver://home/nvidia/f1tenth_ws/install/mouse_teleop://home/nvidia/f1tenth_ws/install/mapping://home/nvidia/f1tenth_ws/install/key_teleop://home/nvidia/f1tenth_ws/install/f1tenth_controllers:/opt/ros/foxy LD_LIBRARY_PATH=/home/nvidia/f1tenth_ws/install/teleop_tools_msgs/lib://home/nvidia/f1tenth_ws/install/vesc_driver/lib://home/nvidia/f1tenth_ws/install/vesc_ackermann/lib://home/nvidia/f1tenth_ws/install/vesc_msgs/lib://home/nvidia/f1tenth_ws/install/teleop_tools_msgs/lib:/usr/lib/aarch64-linux-gnu/gazebo-11/plugins:/opt/ros/foxy/opt/yaml_cpp_vendor/lib:/opt/ros/foxy/opt/rviz_ogre_vendor/lib:/opt/ros/foxy/lib/aarch64-linux-gnu:/opt/ros/foxy/lib:/usr/local/cuda-11.4/lib64 PYTHONPATH=/home/nvidia/f1tenth_ws/install/joy_teleop/lib/python3.8/site-packages:/home/nvidia/f1tenth_ws/install/teleop_tools_msgs/lib/python3.8/site-packages:/home/nvidia/f1tenth_ws/install/key_teleop/lib/python3.8/site-packages:${PYTHONPATH} /usr/bin/cmake --build /home/nvidia/f1tenth_ws/build/teleop_tools -- -j6 -l6
[87.830s] DEBUG:colcon.colcon_core.event_handler.log_command:Invoked command in '/home/nvidia/f1tenth_ws/build/ackermann_mux' returned '0': CMAKE_PREFIX_PATH=${CMAKE_PREFIX_PATH}://home/nvidia/f1tenth_ws/install/f1tenth_stack://home/nvidia/f1tenth_ws/install/joy_teleop://home/nvidia/f1tenth_ws/install/phasespace://home/nvidia/f1tenth_ws/install/new_map_saver://home/nvidia/f1tenth_ws/install/mouse_teleop://home/nvidia/f1tenth_ws/install/mapping://home/nvidia/f1tenth_ws/install/key_teleop://home/nvidia/f1tenth_ws/install/f1tenth_controllers:/opt/ros/foxy /usr/bin/cmake --build /home/nvidia/f1tenth_ws/build/ackermann_mux -- -j6 -l6
[87.904s] DEBUG:colcon.colcon_core.event_handler.log_command:Invoked command in '/home/nvidia/f1tenth_ws/build/teleop_tools' returned '0': AMENT_PREFIX_PATH=/home/nvidia/f1tenth_ws/install/joy_teleop:/home/nvidia/f1tenth_ws/install/teleop_tools_msgs:/home/nvidia/f1tenth_ws/install/key_teleop:${AMENT_PREFIX_PATH} CMAKE_PREFIX_PATH=/home/nvidia/f1tenth_ws/install/teleop_tools_msgs://home/nvidia/f1tenth_ws/install/vesc://home/nvidia/f1tenth_ws/install/vesc_driver://home/nvidia/f1tenth_ws/install/vesc_ackermann://home/nvidia/f1tenth_ws/install/vesc_msgs://home/nvidia/f1tenth_ws/install/teleop_tools://home/nvidia/f1tenth_ws/install/teleop_tools_msgs://home/nvidia/f1tenth_ws/install/pure_pursuit://home/nvidia/f1tenth_ws/install/ackermann_mux://home/nvidia/f1tenth_ws/install/f1tenth_stack://home/nvidia/f1tenth_ws/install/joy_teleop://home/nvidia/f1tenth_ws/install/phasespace://home/nvidia/f1tenth_ws/install/new_map_saver://home/nvidia/f1tenth_ws/install/mouse_teleop://home/nvidia/f1tenth_ws/install/mapping://home/nvidia/f1tenth_ws/install/key_teleop://home/nvidia/f1tenth_ws/install/f1tenth_controllers:/opt/ros/foxy LD_LIBRARY_PATH=/home/nvidia/f1tenth_ws/install/teleop_tools_msgs/lib://home/nvidia/f1tenth_ws/install/vesc_driver/lib://home/nvidia/f1tenth_ws/install/vesc_ackermann/lib://home/nvidia/f1tenth_ws/install/vesc_msgs/lib://home/nvidia/f1tenth_ws/install/teleop_tools_msgs/lib:/usr/lib/aarch64-linux-gnu/gazebo-11/plugins:/opt/ros/foxy/opt/yaml_cpp_vendor/lib:/opt/ros/foxy/opt/rviz_ogre_vendor/lib:/opt/ros/foxy/lib/aarch64-linux-gnu:/opt/ros/foxy/lib:/usr/local/cuda-11.4/lib64 PYTHONPATH=/home/nvidia/f1tenth_ws/install/joy_teleop/lib/python3.8/site-packages:/home/nvidia/f1tenth_ws/install/teleop_tools_msgs/lib/python3.8/site-packages:/home/nvidia/f1tenth_ws/install/key_teleop/lib/python3.8/site-packages:${PYTHONPATH} /usr/bin/cmake --build /home/nvidia/f1tenth_ws/build/teleop_tools -- -j6 -l6
[88.103s] DEBUG:colcon.colcon_core.event_handler.log_command:Invoking command in '/home/nvidia/f1tenth_ws/build/teleop_tools': AMENT_PREFIX_PATH=/home/nvidia/f1tenth_ws/install/joy_teleop:/home/nvidia/f1tenth_ws/install/teleop_tools_msgs:/home/nvidia/f1tenth_ws/install/key_teleop:${AMENT_PREFIX_PATH} CMAKE_PREFIX_PATH=/home/nvidia/f1tenth_ws/install/teleop_tools_msgs://home/nvidia/f1tenth_ws/install/vesc://home/nvidia/f1tenth_ws/install/vesc_driver://home/nvidia/f1tenth_ws/install/vesc_ackermann://home/nvidia/f1tenth_ws/install/vesc_msgs://home/nvidia/f1tenth_ws/install/teleop_tools://home/nvidia/f1tenth_ws/install/teleop_tools_msgs://home/nvidia/f1tenth_ws/install/pure_pursuit://home/nvidia/f1tenth_ws/install/ackermann_mux://home/nvidia/f1tenth_ws/install/f1tenth_stack://home/nvidia/f1tenth_ws/install/joy_teleop://home/nvidia/f1tenth_ws/install/phasespace://home/nvidia/f1tenth_ws/install/new_map_saver://home/nvidia/f1tenth_ws/install/mouse_teleop://home/nvidia/f1tenth_ws/install/mapping://home/nvidia/f1tenth_ws/install/key_teleop://home/nvidia/f1tenth_ws/install/f1tenth_controllers:/opt/ros/foxy LD_LIBRARY_PATH=/home/nvidia/f1tenth_ws/install/teleop_tools_msgs/lib://home/nvidia/f1tenth_ws/install/vesc_driver/lib://home/nvidia/f1tenth_ws/install/vesc_ackermann/lib://home/nvidia/f1tenth_ws/install/vesc_msgs/lib://home/nvidia/f1tenth_ws/install/teleop_tools_msgs/lib:/usr/lib/aarch64-linux-gnu/gazebo-11/plugins:/opt/ros/foxy/opt/yaml_cpp_vendor/lib:/opt/ros/foxy/opt/rviz_ogre_vendor/lib:/opt/ros/foxy/lib/aarch64-linux-gnu:/opt/ros/foxy/lib:/usr/local/cuda-11.4/lib64 PYTHONPATH=/home/nvidia/f1tenth_ws/install/joy_teleop/lib/python3.8/site-packages:/home/nvidia/f1tenth_ws/install/teleop_tools_msgs/lib/python3.8/site-packages:/home/nvidia/f1tenth_ws/install/key_teleop/lib/python3.8/site-packages:${PYTHONPATH} /usr/bin/cmake --install /home/nvidia/f1tenth_ws/build/teleop_tools
[88.129s] DEBUG:colcon.colcon_core.event_handler.log_command:Invoking command in '/home/nvidia/f1tenth_ws/build/ackermann_mux': CMAKE_PREFIX_PATH=${CMAKE_PREFIX_PATH}://home/nvidia/f1tenth_ws/install/f1tenth_stack://home/nvidia/f1tenth_ws/install/joy_teleop://home/nvidia/f1tenth_ws/install/phasespace://home/nvidia/f1tenth_ws/install/new_map_saver://home/nvidia/f1tenth_ws/install/mouse_teleop://home/nvidia/f1tenth_ws/install/mapping://home/nvidia/f1tenth_ws/install/key_teleop://home/nvidia/f1tenth_ws/install/f1tenth_controllers:/opt/ros/foxy /usr/bin/cmake --install /home/nvidia/f1tenth_ws/build/ackermann_mux
[88.198s] Level 1:colcon.colcon_core.environment:create_environment_scripts_only(teleop_tools)
[88.202s] Level 1:colcon.colcon_core.environment:checking '/home/nvidia/f1tenth_ws/install/teleop_tools' for CMake module files
[88.207s] Level 1:colcon.colcon_core.environment:checking '/home/nvidia/f1tenth_ws/install/teleop_tools' for CMake config files
[88.209s] Level 1:colcon.colcon_core.shell:create_environment_hook('teleop_tools', 'cmake_prefix_path')
[88.212s] INFO:colcon.colcon_core.shell:Creating environment hook '/home/nvidia/f1tenth_ws/install/teleop_tools/share/teleop_tools/hook/cmake_prefix_path.ps1'
[88.216s] DEBUG:colcon.colcon_core.event_handler.log_command:Invoked command in '/home/nvidia/f1tenth_ws/build/teleop_tools' returned '0': AMENT_PREFIX_PATH=/home/nvidia/f1tenth_ws/install/joy_teleop:/home/nvidia/f1tenth_ws/install/teleop_tools_msgs:/home/nvidia/f1tenth_ws/install/key_teleop:${AMENT_PREFIX_PATH} CMAKE_PREFIX_PATH=/home/nvidia/f1tenth_ws/install/teleop_tools_msgs://home/nvidia/f1tenth_ws/install/vesc://home/nvidia/f1tenth_ws/install/vesc_driver://home/nvidia/f1tenth_ws/install/vesc_ackermann://home/nvidia/f1tenth_ws/install/vesc_msgs://home/nvidia/f1tenth_ws/install/teleop_tools://home/nvidia/f1tenth_ws/install/teleop_tools_msgs://home/nvidia/f1tenth_ws/install/pure_pursuit://home/nvidia/f1tenth_ws/install/ackermann_mux://home/nvidia/f1tenth_ws/install/f1tenth_stack://home/nvidia/f1tenth_ws/install/joy_teleop://home/nvidia/f1tenth_ws/install/phasespace://home/nvidia/f1tenth_ws/install/new_map_saver://home/nvidia/f1tenth_ws/install/mouse_teleop://home/nvidia/f1tenth_ws/install/mapping://home/nvidia/f1tenth_ws/install/key_teleop://home/nvidia/f1tenth_ws/install/f1tenth_controllers:/opt/ros/foxy LD_LIBRARY_PATH=/home/nvidia/f1tenth_ws/install/teleop_tools_msgs/lib://home/nvidia/f1tenth_ws/install/vesc_driver/lib://home/nvidia/f1tenth_ws/install/vesc_ackermann/lib://home/nvidia/f1tenth_ws/install/vesc_msgs/lib://home/nvidia/f1tenth_ws/install/teleop_tools_msgs/lib:/usr/lib/aarch64-linux-gnu/gazebo-11/plugins:/opt/ros/foxy/opt/yaml_cpp_vendor/lib:/opt/ros/foxy/opt/rviz_ogre_vendor/lib:/opt/ros/foxy/lib/aarch64-linux-gnu:/opt/ros/foxy/lib:/usr/local/cuda-11.4/lib64 PYTHONPATH=/home/nvidia/f1tenth_ws/install/joy_teleop/lib/python3.8/site-packages:/home/nvidia/f1tenth_ws/install/teleop_tools_msgs/lib/python3.8/site-packages:/home/nvidia/f1tenth_ws/install/key_teleop/lib/python3.8/site-packages:${PYTHONPATH} /usr/bin/cmake --install /home/nvidia/f1tenth_ws/build/teleop_tools
[88.218s] INFO:colcon.colcon_core.shell:Creating environment descriptor '/home/nvidia/f1tenth_ws/install/teleop_tools/share/teleop_tools/hook/cmake_prefix_path.dsv'
[88.220s] INFO:colcon.colcon_core.shell:Creating environment hook '/home/nvidia/f1tenth_ws/install/teleop_tools/share/teleop_tools/hook/cmake_prefix_path.sh'
[88.226s] Level 1:colcon.colcon_core.environment:checking '/home/nvidia/f1tenth_ws/install/teleop_tools/bin'
[88.227s] Level 1:colcon.colcon_core.environment:checking '/home/nvidia/f1tenth_ws/install/teleop_tools/lib/pkgconfig/teleop_tools.pc'
[88.228s] Level 1:colcon.colcon_core.environment:checking '/home/nvidia/f1tenth_ws/install/teleop_tools/lib/python3.8/site-packages'
[88.229s] Level 1:colcon.colcon_core.environment:checking '/home/nvidia/f1tenth_ws/install/teleop_tools/bin'
[88.231s] INFO:colcon.colcon_core.shell:Creating package script '/home/nvidia/f1tenth_ws/install/teleop_tools/share/teleop_tools/package.ps1'
[88.236s] INFO:colcon.colcon_core.shell:Creating package descriptor '/home/nvidia/f1tenth_ws/install/teleop_tools/share/teleop_tools/package.dsv'
[88.238s] INFO:colcon.colcon_core.shell:Creating package script '/home/nvidia/f1tenth_ws/install/teleop_tools/share/teleop_tools/package.sh'
[88.241s] INFO:colcon.colcon_core.shell:Creating package script '/home/nvidia/f1tenth_ws/install/teleop_tools/share/teleop_tools/package.bash'
[88.244s] INFO:colcon.colcon_core.shell:Creating package script '/home/nvidia/f1tenth_ws/install/teleop_tools/share/teleop_tools/package.zsh'
[88.246s] Level 1:colcon.colcon_core.environment:create_file_with_runtime_dependencies(/home/nvidia/f1tenth_ws/install/teleop_tools/share/colcon-core/packages/teleop_tools)
[88.341s] Level 1:colcon.colcon_core.environment:create_environment_scripts_only(ackermann_mux)
[88.346s] Level 1:colcon.colcon_core.environment:checking '/home/nvidia/f1tenth_ws/install/ackermann_mux' for CMake module files
[88.352s] DEBUG:colcon.colcon_core.event_handler.log_command:Invoked command in '/home/nvidia/f1tenth_ws/build/ackermann_mux' returned '0': CMAKE_PREFIX_PATH=${CMAKE_PREFIX_PATH}://home/nvidia/f1tenth_ws/install/f1tenth_stack://home/nvidia/f1tenth_ws/install/joy_teleop://home/nvidia/f1tenth_ws/install/phasespace://home/nvidia/f1tenth_ws/install/new_map_saver://home/nvidia/f1tenth_ws/install/mouse_teleop://home/nvidia/f1tenth_ws/install/mapping://home/nvidia/f1tenth_ws/install/key_teleop://home/nvidia/f1tenth_ws/install/f1tenth_controllers:/opt/ros/foxy /usr/bin/cmake --install /home/nvidia/f1tenth_ws/build/ackermann_mux
[88.356s] Level 1:colcon.colcon_core.environment:checking '/home/nvidia/f1tenth_ws/install/ackermann_mux' for CMake config files
[88.359s] Level 1:colcon.colcon_core.shell:create_environment_hook('ackermann_mux', 'cmake_prefix_path')
[88.361s] INFO:colcon.colcon_core.shell:Creating environment hook '/home/nvidia/f1tenth_ws/install/ackermann_mux/share/ackermann_mux/hook/cmake_prefix_path.ps1'
[88.370s] INFO:colcon.colcon_core.shell:Creating environment descriptor '/home/nvidia/f1tenth_ws/install/ackermann_mux/share/ackermann_mux/hook/cmake_prefix_path.dsv'
[88.372s] INFO:colcon.colcon_core.shell:Creating environment hook '/home/nvidia/f1tenth_ws/install/ackermann_mux/share/ackermann_mux/hook/cmake_prefix_path.sh'
[88.381s] Level 1:colcon.colcon_core.environment:checking '/home/nvidia/f1tenth_ws/install/ackermann_mux/lib'
[88.382s] Level 1:colcon.colcon_core.environment:checking '/home/nvidia/f1tenth_ws/install/ackermann_mux/bin'
[88.382s] Level 1:colcon.colcon_core.environment:checking '/home/nvidia/f1tenth_ws/install/ackermann_mux/lib/pkgconfig/ackermann_mux.pc'
[88.384s] Level 1:colcon.colcon_core.environment:checking '/home/nvidia/f1tenth_ws/install/ackermann_mux/lib/python3.8/site-packages'
[88.385s] Level 1:colcon.colcon_core.environment:checking '/home/nvidia/f1tenth_ws/install/ackermann_mux/bin'
[88.387s] INFO:colcon.colcon_core.shell:Creating package script '/home/nvidia/f1tenth_ws/install/ackermann_mux/share/ackermann_mux/package.ps1'
[88.393s] INFO:colcon.colcon_core.shell:Creating package descriptor '/home/nvidia/f1tenth_ws/install/ackermann_mux/share/ackermann_mux/package.dsv'
[88.397s] INFO:colcon.colcon_core.shell:Creating package script '/home/nvidia/f1tenth_ws/install/ackermann_mux/share/ackermann_mux/package.sh'
[88.400s] INFO:colcon.colcon_core.shell:Creating package script '/home/nvidia/f1tenth_ws/install/ackermann_mux/share/ackermann_mux/package.bash'
[88.402s] INFO:colcon.colcon_core.shell:Creating package script '/home/nvidia/f1tenth_ws/install/ackermann_mux/share/ackermann_mux/package.zsh'
[88.405s] Level 1:colcon.colcon_core.environment:create_file_with_runtime_dependencies(/home/nvidia/f1tenth_ws/install/ackermann_mux/share/colcon-core/packages/ackermann_mux)
[88.462s] Level 1:colcon.colcon_core.environment:create_environment_scripts_only(teleop_tools)
[88.465s] Level 1:colcon.colcon_core.environment:checking '/home/nvidia/f1tenth_ws/install/teleop_tools' for CMake module files
[88.480s] Level 1:colcon.colcon_core.environment:checking '/home/nvidia/f1tenth_ws/install/teleop_tools' for CMake config files
[88.483s] Level 1:colcon.colcon_core.shell:create_environment_hook('teleop_tools', 'cmake_prefix_path')
[88.485s] INFO:colcon.colcon_core.shell:Creating environment hook '/home/nvidia/f1tenth_ws/install/teleop_tools/share/teleop_tools/hook/cmake_prefix_path.ps1'
[88.491s] INFO:colcon.colcon_core.shell:Creating environment descriptor '/home/nvidia/f1tenth_ws/install/teleop_tools/share/teleop_tools/hook/cmake_prefix_path.dsv'
[88.496s] INFO:colcon.colcon_core.shell:Creating environment hook '/home/nvidia/f1tenth_ws/install/teleop_tools/share/teleop_tools/hook/cmake_prefix_path.sh'
[88.501s] Level 1:colcon.colcon_core.environment:checking '/home/nvidia/f1tenth_ws/install/teleop_tools/bin'
[88.502s] Level 1:colcon.colcon_core.environment:checking '/home/nvidia/f1tenth_ws/install/teleop_tools/lib/pkgconfig/teleop_tools.pc'
[88.504s] Level 1:colcon.colcon_core.environment:checking '/home/nvidia/f1tenth_ws/install/teleop_tools/lib/python3.8/site-packages'
[88.505s] Level 1:colcon.colcon_core.environment:checking '/home/nvidia/f1tenth_ws/install/teleop_tools/bin'
[88.509s] INFO:colcon.colcon_core.shell:Creating package script '/home/nvidia/f1tenth_ws/install/teleop_tools/share/teleop_tools/package.ps1'
[88.516s] INFO:colcon.colcon_core.shell:Creating package descriptor '/home/nvidia/f1tenth_ws/install/teleop_tools/share/teleop_tools/package.dsv'
[88.519s] INFO:colcon.colcon_core.shell:Creating package script '/home/nvidia/f1tenth_ws/install/teleop_tools/share/teleop_tools/package.sh'
[88.522s] INFO:colcon.colcon_core.shell:Creating package script '/home/nvidia/f1tenth_ws/install/teleop_tools/share/teleop_tools/package.bash'
[88.525s] INFO:colcon.colcon_core.shell:Creating package script '/home/nvidia/f1tenth_ws/install/teleop_tools/share/teleop_tools/package.zsh'
[88.528s] Level 1:colcon.colcon_core.environment:create_file_with_runtime_dependencies(/home/nvidia/f1tenth_ws/install/teleop_tools/share/colcon-core/packages/teleop_tools)
[88.676s] Level 1:colcon.colcon_core.environment:create_environment_scripts_only(ackermann_mux)
[88.678s] Level 1:colcon.colcon_core.environment:checking '/home/nvidia/f1tenth_ws/install/ackermann_mux' for CMake module files
[88.682s] Level 1:colcon.colcon_core.environment:checking '/home/nvidia/f1tenth_ws/install/ackermann_mux' for CMake config files
[88.685s] Level 1:colcon.colcon_core.shell:create_environment_hook('ackermann_mux', 'cmake_prefix_path')
[88.691s] INFO:colcon.colcon_core.shell:Creating environment hook '/home/nvidia/f1tenth_ws/install/ackermann_mux/share/ackermann_mux/hook/cmake_prefix_path.ps1'
[88.695s] INFO:colcon.colcon_core.shell:Creating environment descriptor '/home/nvidia/f1tenth_ws/install/ackermann_mux/share/ackermann_mux/hook/cmake_prefix_path.dsv'
[88.697s] INFO:colcon.colcon_core.shell:Creating environment hook '/home/nvidia/f1tenth_ws/install/ackermann_mux/share/ackermann_mux/hook/cmake_prefix_path.sh'
[88.701s] Level 1:colcon.colcon_core.environment:checking '/home/nvidia/f1tenth_ws/install/ackermann_mux/lib'
[88.701s] Level 1:colcon.colcon_core.environment:checking '/home/nvidia/f1tenth_ws/install/ackermann_mux/bin'
[88.702s] Level 1:colcon.colcon_core.environment:checking '/home/nvidia/f1tenth_ws/install/ackermann_mux/lib/pkgconfig/ackermann_mux.pc'
[88.703s] Level 1:colcon.colcon_core.environment:checking '/home/nvidia/f1tenth_ws/install/ackermann_mux/lib/python3.8/site-packages'
[88.704s] Level 1:colcon.colcon_core.environment:checking '/home/nvidia/f1tenth_ws/install/ackermann_mux/bin'
[88.706s] INFO:colcon.colcon_core.shell:Creating package script '/home/nvidia/f1tenth_ws/install/ackermann_mux/share/ackermann_mux/package.ps1'
[88.711s] INFO:colcon.colcon_core.shell:Creating package descriptor '/home/nvidia/f1tenth_ws/install/ackermann_mux/share/ackermann_mux/package.dsv'
[88.716s] INFO:colcon.colcon_core.shell:Creating package script '/home/nvidia/f1tenth_ws/install/ackermann_mux/share/ackermann_mux/package.sh'
[88.719s] INFO:colcon.colcon_core.shell:Creating package script '/home/nvidia/f1tenth_ws/install/ackermann_mux/share/ackermann_mux/package.bash'
[88.721s] INFO:colcon.colcon_core.shell:Creating package script '/home/nvidia/f1tenth_ws/install/ackermann_mux/share/ackermann_mux/package.zsh'
[88.724s] Level 1:colcon.colcon_core.environment:create_file_with_runtime_dependencies(/home/nvidia/f1tenth_ws/install/ackermann_mux/share/colcon-core/packages/ackermann_mux)
[108.244s] DEBUG:colcon.colcon_core.event_handler.log_command:Invoked command in '/home/nvidia/f1tenth_ws/build/vesc_msgs' returned '0': CMAKE_PREFIX_PATH=${CMAKE_PREFIX_PATH}://home/nvidia/f1tenth_ws/install/f1tenth_stack://home/nvidia/f1tenth_ws/install/joy_teleop://home/nvidia/f1tenth_ws/install/phasespace://home/nvidia/f1tenth_ws/install/new_map_saver://home/nvidia/f1tenth_ws/install/mouse_teleop://home/nvidia/f1tenth_ws/install/mapping://home/nvidia/f1tenth_ws/install/key_teleop://home/nvidia/f1tenth_ws/install/f1tenth_controllers:/opt/ros/foxy /usr/bin/cmake --build /home/nvidia/f1tenth_ws/build/vesc_msgs -- -j6 -l6
[108.958s] DEBUG:colcon.colcon_core.event_handler.log_command:Invoking command in '/home/nvidia/f1tenth_ws/build/vesc_msgs': CMAKE_PREFIX_PATH=${CMAKE_PREFIX_PATH}://home/nvidia/f1tenth_ws/install/f1tenth_stack://home/nvidia/f1tenth_ws/install/joy_teleop://home/nvidia/f1tenth_ws/install/phasespace://home/nvidia/f1tenth_ws/install/new_map_saver://home/nvidia/f1tenth_ws/install/mouse_teleop://home/nvidia/f1tenth_ws/install/mapping://home/nvidia/f1tenth_ws/install/key_teleop://home/nvidia/f1tenth_ws/install/f1tenth_controllers:/opt/ros/foxy /usr/bin/cmake --install /home/nvidia/f1tenth_ws/build/vesc_msgs
[109.399s] Level 1:colcon.colcon_core.environment:create_environment_scripts_only(vesc_msgs)
[109.403s] Level 1:colcon.colcon_core.environment:checking '/home/nvidia/f1tenth_ws/install/vesc_msgs' for CMake module files
[109.405s] DEBUG:colcon.colcon_core.event_handler.log_command:Invoked command in '/home/nvidia/f1tenth_ws/build/vesc_msgs' returned '0': CMAKE_PREFIX_PATH=${CMAKE_PREFIX_PATH}://home/nvidia/f1tenth_ws/install/f1tenth_stack://home/nvidia/f1tenth_ws/install/joy_teleop://home/nvidia/f1tenth_ws/install/phasespace://home/nvidia/f1tenth_ws/install/new_map_saver://home/nvidia/f1tenth_ws/install/mouse_teleop://home/nvidia/f1tenth_ws/install/mapping://home/nvidia/f1tenth_ws/install/key_teleop://home/nvidia/f1tenth_ws/install/f1tenth_controllers:/opt/ros/foxy /usr/bin/cmake --install /home/nvidia/f1tenth_ws/build/vesc_msgs
[109.409s] Level 1:colcon.colcon_core.environment:checking '/home/nvidia/f1tenth_ws/install/vesc_msgs' for CMake config files
[109.414s] Level 1:colcon.colcon_core.shell:create_environment_hook('vesc_msgs', 'cmake_prefix_path')
[109.416s] INFO:colcon.colcon_core.shell:Creating environment hook '/home/nvidia/f1tenth_ws/install/vesc_msgs/share/vesc_msgs/hook/cmake_prefix_path.ps1'
[109.420s] INFO:colcon.colcon_core.shell:Creating environment descriptor '/home/nvidia/f1tenth_ws/install/vesc_msgs/share/vesc_msgs/hook/cmake_prefix_path.dsv'
[109.422s] INFO:colcon.colcon_core.shell:Creating environment hook '/home/nvidia/f1tenth_ws/install/vesc_msgs/share/vesc_msgs/hook/cmake_prefix_path.sh'
[109.426s] Level 1:colcon.colcon_core.environment:checking '/home/nvidia/f1tenth_ws/install/vesc_msgs/lib'
[109.426s] Level 1:colcon.colcon_core.shell:create_environment_hook('vesc_msgs', 'ld_library_path_lib')
[109.428s] INFO:colcon.colcon_core.shell:Creating environment hook '/home/nvidia/f1tenth_ws/install/vesc_msgs/share/vesc_msgs/hook/ld_library_path_lib.ps1'
[109.430s] INFO:colcon.colcon_core.shell:Creating environment descriptor '/home/nvidia/f1tenth_ws/install/vesc_msgs/share/vesc_msgs/hook/ld_library_path_lib.dsv'
[109.432s] INFO:colcon.colcon_core.shell:Creating environment hook '/home/nvidia/f1tenth_ws/install/vesc_msgs/share/vesc_msgs/hook/ld_library_path_lib.sh'
[109.433s] Level 1:colcon.colcon_core.environment:checking '/home/nvidia/f1tenth_ws/install/vesc_msgs/bin'
[109.434s] Level 1:colcon.colcon_core.environment:checking '/home/nvidia/f1tenth_ws/install/vesc_msgs/lib/pkgconfig/vesc_msgs.pc'
[109.436s] Level 1:colcon.colcon_core.environment:checking '/home/nvidia/f1tenth_ws/install/vesc_msgs/lib/python3.8/site-packages'
[109.436s] Level 1:colcon.colcon_core.shell:create_environment_hook('vesc_msgs', 'pythonpath')
[109.437s] INFO:colcon.colcon_core.shell:Creating environment hook '/home/nvidia/f1tenth_ws/install/vesc_msgs/share/vesc_msgs/hook/pythonpath.ps1'
[109.439s] INFO:colcon.colcon_core.shell:Creating environment descriptor '/home/nvidia/f1tenth_ws/install/vesc_msgs/share/vesc_msgs/hook/pythonpath.dsv'
[109.441s] INFO:colcon.colcon_core.shell:Creating environment hook '/home/nvidia/f1tenth_ws/install/vesc_msgs/share/vesc_msgs/hook/pythonpath.sh'
[109.443s] Level 1:colcon.colcon_core.environment:checking '/home/nvidia/f1tenth_ws/install/vesc_msgs/bin'
[109.445s] INFO:colcon.colcon_core.shell:Creating package script '/home/nvidia/f1tenth_ws/install/vesc_msgs/share/vesc_msgs/package.ps1'
[109.447s] INFO:colcon.colcon_core.shell:Creating package descriptor '/home/nvidia/f1tenth_ws/install/vesc_msgs/share/vesc_msgs/package.dsv'
[109.450s] INFO:colcon.colcon_core.shell:Creating package script '/home/nvidia/f1tenth_ws/install/vesc_msgs/share/vesc_msgs/package.sh'
[109.452s] INFO:colcon.colcon_core.shell:Creating package script '/home/nvidia/f1tenth_ws/install/vesc_msgs/share/vesc_msgs/package.bash'
[109.454s] INFO:colcon.colcon_core.shell:Creating package script '/home/nvidia/f1tenth_ws/install/vesc_msgs/share/vesc_msgs/package.zsh'
[109.455s] Level 1:colcon.colcon_core.environment:create_file_with_runtime_dependencies(/home/nvidia/f1tenth_ws/install/vesc_msgs/share/colcon-core/packages/vesc_msgs)
[110.163s] Level 1:colcon.colcon_core.environment:create_environment_scripts_only(vesc_msgs)
[110.165s] Level 1:colcon.colcon_core.environment:checking '/home/nvidia/f1tenth_ws/install/vesc_msgs' for CMake module files
[110.170s] Level 1:colcon.colcon_core.environment:checking '/home/nvidia/f1tenth_ws/install/vesc_msgs' for CMake config files
[110.174s] Level 1:colcon.colcon_core.shell:create_environment_hook('vesc_msgs', 'cmake_prefix_path')
[110.176s] INFO:colcon.colcon_core.shell:Creating environment hook '/home/nvidia/f1tenth_ws/install/vesc_msgs/share/vesc_msgs/hook/cmake_prefix_path.ps1'
[110.179s] INFO:colcon.colcon_core.shell:Creating environment descriptor '/home/nvidia/f1tenth_ws/install/vesc_msgs/share/vesc_msgs/hook/cmake_prefix_path.dsv'
[110.181s] INFO:colcon.colcon_core.shell:Creating environment hook '/home/nvidia/f1tenth_ws/install/vesc_msgs/share/vesc_msgs/hook/cmake_prefix_path.sh'
[110.185s] Level 1:colcon.colcon_core.environment:checking '/home/nvidia/f1tenth_ws/install/vesc_msgs/lib'
[110.185s] Level 1:colcon.colcon_core.shell:create_environment_hook('vesc_msgs', 'ld_library_path_lib')
[110.186s] INFO:colcon.colcon_core.shell:Creating environment hook '/home/nvidia/f1tenth_ws/install/vesc_msgs/share/vesc_msgs/hook/ld_library_path_lib.ps1'
[110.188s] INFO:colcon.colcon_core.shell:Creating environment descriptor '/home/nvidia/f1tenth_ws/install/vesc_msgs/share/vesc_msgs/hook/ld_library_path_lib.dsv'
[110.190s] INFO:colcon.colcon_core.shell:Creating environment hook '/home/nvidia/f1tenth_ws/install/vesc_msgs/share/vesc_msgs/hook/ld_library_path_lib.sh'
[110.192s] Level 1:colcon.colcon_core.environment:checking '/home/nvidia/f1tenth_ws/install/vesc_msgs/bin'
[110.192s] Level 1:colcon.colcon_core.environment:checking '/home/nvidia/f1tenth_ws/install/vesc_msgs/lib/pkgconfig/vesc_msgs.pc'
[110.194s] Level 1:colcon.colcon_core.environment:checking '/home/nvidia/f1tenth_ws/install/vesc_msgs/lib/python3.8/site-packages'
[110.195s] Level 1:colcon.colcon_core.shell:create_environment_hook('vesc_msgs', 'pythonpath')
[110.196s] INFO:colcon.colcon_core.shell:Creating environment hook '/home/nvidia/f1tenth_ws/install/vesc_msgs/share/vesc_msgs/hook/pythonpath.ps1'
[110.198s] INFO:colcon.colcon_core.shell:Creating environment descriptor '/home/nvidia/f1tenth_ws/install/vesc_msgs/share/vesc_msgs/hook/pythonpath.dsv'
[110.200s] INFO:colcon.colcon_core.shell:Creating environment hook '/home/nvidia/f1tenth_ws/install/vesc_msgs/share/vesc_msgs/hook/pythonpath.sh'
[110.202s] Level 1:colcon.colcon_core.environment:checking '/home/nvidia/f1tenth_ws/install/vesc_msgs/bin'
[110.204s] INFO:colcon.colcon_core.shell:Creating package script '/home/nvidia/f1tenth_ws/install/vesc_msgs/share/vesc_msgs/package.ps1'
[110.209s] INFO:colcon.colcon_core.shell:Creating package descriptor '/home/nvidia/f1tenth_ws/install/vesc_msgs/share/vesc_msgs/package.dsv'
[110.212s] INFO:colcon.colcon_core.shell:Creating package script '/home/nvidia/f1tenth_ws/install/vesc_msgs/share/vesc_msgs/package.sh'
[110.215s] INFO:colcon.colcon_core.shell:Creating package script '/home/nvidia/f1tenth_ws/install/vesc_msgs/share/vesc_msgs/package.bash'
[110.217s] INFO:colcon.colcon_core.shell:Creating package script '/home/nvidia/f1tenth_ws/install/vesc_msgs/share/vesc_msgs/package.zsh'
[110.219s] Level 1:colcon.colcon_core.environment:create_file_with_runtime_dependencies(/home/nvidia/f1tenth_ws/install/vesc_msgs/share/colcon-core/packages/vesc_msgs)
[110.222s] INFO:colcon.colcon_ros.task.ament_cmake.build:Building ROS package in '/home/nvidia/f1tenth_ws/src/f1tenth_system/vesc/vesc_ackermann' with build type 'ament_cmake'
[110.223s] INFO:colcon.colcon_cmake.task.cmake.build:Building CMake package in '/home/nvidia/f1tenth_ws/src/f1tenth_system/vesc/vesc_ackermann'
[110.225s] INFO:colcon.colcon_core.shell:Skip shell extension 'powershell' for command environment: Not usable outside of PowerShell
[110.226s] DEBUG:colcon.colcon_core.shell:Skip shell extension 'dsv' for command environment
[110.263s] INFO:colcon.colcon_ros.task.ament_cmake.build:Building ROS package in '/home/nvidia/f1tenth_ws/src/f1tenth_system/vesc/vesc_driver' with build type 'ament_cmake'
[110.267s] INFO:colcon.colcon_cmake.task.cmake.build:Building CMake package in '/home/nvidia/f1tenth_ws/src/f1tenth_system/vesc/vesc_driver'
[110.271s] INFO:colcon.colcon_core.shell:Skip shell extension 'powershell' for command environment: Not usable outside of PowerShell
[110.272s] DEBUG:colcon.colcon_core.shell:Skip shell extension 'dsv' for command environment
[110.343s] DEBUG:colcon.colcon_core.event_handler.log_command:Invoking command in '/home/nvidia/f1tenth_ws/build/vesc_ackermann': AMENT_PREFIX_PATH=/home/nvidia/f1tenth_ws/install/vesc_msgs:${AMENT_PREFIX_PATH} CMAKE_PREFIX_PATH=/home/nvidia/f1tenth_ws/install/vesc_msgs://home/nvidia/f1tenth_ws/install/vesc://home/nvidia/f1tenth_ws/install/vesc_driver://home/nvidia/f1tenth_ws/install/vesc_ackermann://home/nvidia/f1tenth_ws/install/vesc_msgs://home/nvidia/f1tenth_ws/install/teleop_tools://home/nvidia/f1tenth_ws/install/teleop_tools_msgs://home/nvidia/f1tenth_ws/install/pure_pursuit://home/nvidia/f1tenth_ws/install/ackermann_mux://home/nvidia/f1tenth_ws/install/f1tenth_stack://home/nvidia/f1tenth_ws/install/joy_teleop://home/nvidia/f1tenth_ws/install/phasespace://home/nvidia/f1tenth_ws/install/new_map_saver://home/nvidia/f1tenth_ws/install/mouse_teleop://home/nvidia/f1tenth_ws/install/mapping://home/nvidia/f1tenth_ws/install/key_teleop://home/nvidia/f1tenth_ws/install/f1tenth_controllers:/opt/ros/foxy LD_LIBRARY_PATH=/home/nvidia/f1tenth_ws/install/vesc_msgs/lib://home/nvidia/f1tenth_ws/install/vesc_driver/lib://home/nvidia/f1tenth_ws/install/vesc_ackermann/lib://home/nvidia/f1tenth_ws/install/vesc_msgs/lib://home/nvidia/f1tenth_ws/install/teleop_tools_msgs/lib:/usr/lib/aarch64-linux-gnu/gazebo-11/plugins:/opt/ros/foxy/opt/yaml_cpp_vendor/lib:/opt/ros/foxy/opt/rviz_ogre_vendor/lib:/opt/ros/foxy/lib/aarch64-linux-gnu:/opt/ros/foxy/lib:/usr/local/cuda-11.4/lib64 PYTHONPATH=/home/nvidia/f1tenth_ws/install/vesc_msgs/lib/python3.8/site-packages:${PYTHONPATH} /usr/bin/cmake /home/nvidia/f1tenth_ws/src/f1tenth_system/vesc/vesc_ackermann -DCMAKE_INSTALL_PREFIX=/home/nvidia/f1tenth_ws/install/vesc_ackermann
[110.388s] DEBUG:colcon.colcon_core.event_handler.log_command:Invoking command in '/home/nvidia/f1tenth_ws/build/vesc_driver': AMENT_PREFIX_PATH=/home/nvidia/f1tenth_ws/install/vesc_msgs:${AMENT_PREFIX_PATH} CMAKE_PREFIX_PATH=/home/nvidia/f1tenth_ws/install/vesc_msgs://home/nvidia/f1tenth_ws/install/vesc://home/nvidia/f1tenth_ws/install/vesc_driver://home/nvidia/f1tenth_ws/install/vesc_ackermann://home/nvidia/f1tenth_ws/install/vesc_msgs://home/nvidia/f1tenth_ws/install/teleop_tools://home/nvidia/f1tenth_ws/install/teleop_tools_msgs://home/nvidia/f1tenth_ws/install/pure_pursuit://home/nvidia/f1tenth_ws/install/ackermann_mux://home/nvidia/f1tenth_ws/install/f1tenth_stack://home/nvidia/f1tenth_ws/install/joy_teleop://home/nvidia/f1tenth_ws/install/phasespace://home/nvidia/f1tenth_ws/install/new_map_saver://home/nvidia/f1tenth_ws/install/mouse_teleop://home/nvidia/f1tenth_ws/install/mapping://home/nvidia/f1tenth_ws/install/key_teleop://home/nvidia/f1tenth_ws/install/f1tenth_controllers:/opt/ros/foxy LD_LIBRARY_PATH=/home/nvidia/f1tenth_ws/install/vesc_msgs/lib://home/nvidia/f1tenth_ws/install/vesc_driver/lib://home/nvidia/f1tenth_ws/install/vesc_ackermann/lib://home/nvidia/f1tenth_ws/install/vesc_msgs/lib://home/nvidia/f1tenth_ws/install/teleop_tools_msgs/lib:/usr/lib/aarch64-linux-gnu/gazebo-11/plugins:/opt/ros/foxy/opt/yaml_cpp_vendor/lib:/opt/ros/foxy/opt/rviz_ogre_vendor/lib:/opt/ros/foxy/lib/aarch64-linux-gnu:/opt/ros/foxy/lib:/usr/local/cuda-11.4/lib64 PYTHONPATH=/home/nvidia/f1tenth_ws/install/vesc_msgs/lib/python3.8/site-packages:${PYTHONPATH} /usr/bin/cmake /home/nvidia/f1tenth_ws/src/f1tenth_system/vesc/vesc_driver -DCMAKE_INSTALL_PREFIX=/home/nvidia/f1tenth_ws/install/vesc_driver
[123.275s] DEBUG:colcon.colcon_core.event_handler.log_command:Invoked command in '/home/nvidia/f1tenth_ws/build/vesc_ackermann' returned '0': AMENT_PREFIX_PATH=/home/nvidia/f1tenth_ws/install/vesc_msgs:${AMENT_PREFIX_PATH} CMAKE_PREFIX_PATH=/home/nvidia/f1tenth_ws/install/vesc_msgs://home/nvidia/f1tenth_ws/install/vesc://home/nvidia/f1tenth_ws/install/vesc_driver://home/nvidia/f1tenth_ws/install/vesc_ackermann://home/nvidia/f1tenth_ws/install/vesc_msgs://home/nvidia/f1tenth_ws/install/teleop_tools://home/nvidia/f1tenth_ws/install/teleop_tools_msgs://home/nvidia/f1tenth_ws/install/pure_pursuit://home/nvidia/f1tenth_ws/install/ackermann_mux://home/nvidia/f1tenth_ws/install/f1tenth_stack://home/nvidia/f1tenth_ws/install/joy_teleop://home/nvidia/f1tenth_ws/install/phasespace://home/nvidia/f1tenth_ws/install/new_map_saver://home/nvidia/f1tenth_ws/install/mouse_teleop://home/nvidia/f1tenth_ws/install/mapping://home/nvidia/f1tenth_ws/install/key_teleop://home/nvidia/f1tenth_ws/install/f1tenth_controllers:/opt/ros/foxy LD_LIBRARY_PATH=/home/nvidia/f1tenth_ws/install/vesc_msgs/lib://home/nvidia/f1tenth_ws/install/vesc_driver/lib://home/nvidia/f1tenth_ws/install/vesc_ackermann/lib://home/nvidia/f1tenth_ws/install/vesc_msgs/lib://home/nvidia/f1tenth_ws/install/teleop_tools_msgs/lib:/usr/lib/aarch64-linux-gnu/gazebo-11/plugins:/opt/ros/foxy/opt/yaml_cpp_vendor/lib:/opt/ros/foxy/opt/rviz_ogre_vendor/lib:/opt/ros/foxy/lib/aarch64-linux-gnu:/opt/ros/foxy/lib:/usr/local/cuda-11.4/lib64 PYTHONPATH=/home/nvidia/f1tenth_ws/install/vesc_msgs/lib/python3.8/site-packages:${PYTHONPATH} /usr/bin/cmake /home/nvidia/f1tenth_ws/src/f1tenth_system/vesc/vesc_ackermann -DCMAKE_INSTALL_PREFIX=/home/nvidia/f1tenth_ws/install/vesc_ackermann
[123.291s] DEBUG:colcon.colcon_core.event_handler.log_command:Invoking command in '/home/nvidia/f1tenth_ws/build/vesc_ackermann': AMENT_PREFIX_PATH=/home/nvidia/f1tenth_ws/install/vesc_msgs:${AMENT_PREFIX_PATH} CMAKE_PREFIX_PATH=/home/nvidia/f1tenth_ws/install/vesc_msgs://home/nvidia/f1tenth_ws/install/vesc://home/nvidia/f1tenth_ws/install/vesc_driver://home/nvidia/f1tenth_ws/install/vesc_ackermann://home/nvidia/f1tenth_ws/install/vesc_msgs://home/nvidia/f1tenth_ws/install/teleop_tools://home/nvidia/f1tenth_ws/install/teleop_tools_msgs://home/nvidia/f1tenth_ws/install/pure_pursuit://home/nvidia/f1tenth_ws/install/ackermann_mux://home/nvidia/f1tenth_ws/install/f1tenth_stack://home/nvidia/f1tenth_ws/install/joy_teleop://home/nvidia/f1tenth_ws/install/phasespace://home/nvidia/f1tenth_ws/install/new_map_saver://home/nvidia/f1tenth_ws/install/mouse_teleop://home/nvidia/f1tenth_ws/install/mapping://home/nvidia/f1tenth_ws/install/key_teleop://home/nvidia/f1tenth_ws/install/f1tenth_controllers:/opt/ros/foxy LD_LIBRARY_PATH=/home/nvidia/f1tenth_ws/install/vesc_msgs/lib://home/nvidia/f1tenth_ws/install/vesc_driver/lib://home/nvidia/f1tenth_ws/install/vesc_ackermann/lib://home/nvidia/f1tenth_ws/install/vesc_msgs/lib://home/nvidia/f1tenth_ws/install/teleop_tools_msgs/lib:/usr/lib/aarch64-linux-gnu/gazebo-11/plugins:/opt/ros/foxy/opt/yaml_cpp_vendor/lib:/opt/ros/foxy/opt/rviz_ogre_vendor/lib:/opt/ros/foxy/lib/aarch64-linux-gnu:/opt/ros/foxy/lib:/usr/local/cuda-11.4/lib64 PYTHONPATH=/home/nvidia/f1tenth_ws/install/vesc_msgs/lib/python3.8/site-packages:${PYTHONPATH} /usr/bin/cmake --build /home/nvidia/f1tenth_ws/build/vesc_ackermann -- -j6 -l6
[123.496s] DEBUG:colcon.colcon_core.event_handler.log_command:Invoked command in '/home/nvidia/f1tenth_ws/build/vesc_driver' returned '0': AMENT_PREFIX_PATH=/home/nvidia/f1tenth_ws/install/vesc_msgs:${AMENT_PREFIX_PATH} CMAKE_PREFIX_PATH=/home/nvidia/f1tenth_ws/install/vesc_msgs://home/nvidia/f1tenth_ws/install/vesc://home/nvidia/f1tenth_ws/install/vesc_driver://home/nvidia/f1tenth_ws/install/vesc_ackermann://home/nvidia/f1tenth_ws/install/vesc_msgs://home/nvidia/f1tenth_ws/install/teleop_tools://home/nvidia/f1tenth_ws/install/teleop_tools_msgs://home/nvidia/f1tenth_ws/install/pure_pursuit://home/nvidia/f1tenth_ws/install/ackermann_mux://home/nvidia/f1tenth_ws/install/f1tenth_stack://home/nvidia/f1tenth_ws/install/joy_teleop://home/nvidia/f1tenth_ws/install/phasespace://home/nvidia/f1tenth_ws/install/new_map_saver://home/nvidia/f1tenth_ws/install/mouse_teleop://home/nvidia/f1tenth_ws/install/mapping://home/nvidia/f1tenth_ws/install/key_teleop://home/nvidia/f1tenth_ws/install/f1tenth_controllers:/opt/ros/foxy LD_LIBRARY_PATH=/home/nvidia/f1tenth_ws/install/vesc_msgs/lib://home/nvidia/f1tenth_ws/install/vesc_driver/lib://home/nvidia/f1tenth_ws/install/vesc_ackermann/lib://home/nvidia/f1tenth_ws/install/vesc_msgs/lib://home/nvidia/f1tenth_ws/install/teleop_tools_msgs/lib:/usr/lib/aarch64-linux-gnu/gazebo-11/plugins:/opt/ros/foxy/opt/yaml_cpp_vendor/lib:/opt/ros/foxy/opt/rviz_ogre_vendor/lib:/opt/ros/foxy/lib/aarch64-linux-gnu:/opt/ros/foxy/lib:/usr/local/cuda-11.4/lib64 PYTHONPATH=/home/nvidia/f1tenth_ws/install/vesc_msgs/lib/python3.8/site-packages:${PYTHONPATH} /usr/bin/cmake /home/nvidia/f1tenth_ws/src/f1tenth_system/vesc/vesc_driver -DCMAKE_INSTALL_PREFIX=/home/nvidia/f1tenth_ws/install/vesc_driver
[123.510s] DEBUG:colcon.colcon_core.event_handler.log_command:Invoking command in '/home/nvidia/f1tenth_ws/build/vesc_driver': AMENT_PREFIX_PATH=/home/nvidia/f1tenth_ws/install/vesc_msgs:${AMENT_PREFIX_PATH} CMAKE_PREFIX_PATH=/home/nvidia/f1tenth_ws/install/vesc_msgs://home/nvidia/f1tenth_ws/install/vesc://home/nvidia/f1tenth_ws/install/vesc_driver://home/nvidia/f1tenth_ws/install/vesc_ackermann://home/nvidia/f1tenth_ws/install/vesc_msgs://home/nvidia/f1tenth_ws/install/teleop_tools://home/nvidia/f1tenth_ws/install/teleop_tools_msgs://home/nvidia/f1tenth_ws/install/pure_pursuit://home/nvidia/f1tenth_ws/install/ackermann_mux://home/nvidia/f1tenth_ws/install/f1tenth_stack://home/nvidia/f1tenth_ws/install/joy_teleop://home/nvidia/f1tenth_ws/install/phasespace://home/nvidia/f1tenth_ws/install/new_map_saver://home/nvidia/f1tenth_ws/install/mouse_teleop://home/nvidia/f1tenth_ws/install/mapping://home/nvidia/f1tenth_ws/install/key_teleop://home/nvidia/f1tenth_ws/install/f1tenth_controllers:/opt/ros/foxy LD_LIBRARY_PATH=/home/nvidia/f1tenth_ws/install/vesc_msgs/lib://home/nvidia/f1tenth_ws/install/vesc_driver/lib://home/nvidia/f1tenth_ws/install/vesc_ackermann/lib://home/nvidia/f1tenth_ws/install/vesc_msgs/lib://home/nvidia/f1tenth_ws/install/teleop_tools_msgs/lib:/usr/lib/aarch64-linux-gnu/gazebo-11/plugins:/opt/ros/foxy/opt/yaml_cpp_vendor/lib:/opt/ros/foxy/opt/rviz_ogre_vendor/lib:/opt/ros/foxy/lib/aarch64-linux-gnu:/opt/ros/foxy/lib:/usr/local/cuda-11.4/lib64 PYTHONPATH=/home/nvidia/f1tenth_ws/install/vesc_msgs/lib/python3.8/site-packages:${PYTHONPATH} /usr/bin/cmake --build /home/nvidia/f1tenth_ws/build/vesc_driver -- -j6 -l6
[126.609s] DEBUG:colcon.colcon_core.event_handler.log_command:Invoked command in '/home/nvidia/f1tenth_ws/build/pure_pursuit' returned '0': CMAKE_PREFIX_PATH=${CMAKE_PREFIX_PATH}://home/nvidia/f1tenth_ws/install/f1tenth_stack://home/nvidia/f1tenth_ws/install/joy_teleop://home/nvidia/f1tenth_ws/install/phasespace://home/nvidia/f1tenth_ws/install/new_map_saver://home/nvidia/f1tenth_ws/install/mouse_teleop://home/nvidia/f1tenth_ws/install/mapping://home/nvidia/f1tenth_ws/install/key_teleop://home/nvidia/f1tenth_ws/install/f1tenth_controllers:/opt/ros/foxy /usr/bin/cmake --build /home/nvidia/f1tenth_ws/build/pure_pursuit -- -j6 -l6
[126.802s] DEBUG:colcon.colcon_core.event_handler.log_command:Invoking command in '/home/nvidia/f1tenth_ws/build/pure_pursuit': CMAKE_PREFIX_PATH=${CMAKE_PREFIX_PATH}://home/nvidia/f1tenth_ws/install/f1tenth_stack://home/nvidia/f1tenth_ws/install/joy_teleop://home/nvidia/f1tenth_ws/install/phasespace://home/nvidia/f1tenth_ws/install/new_map_saver://home/nvidia/f1tenth_ws/install/mouse_teleop://home/nvidia/f1tenth_ws/install/mapping://home/nvidia/f1tenth_ws/install/key_teleop://home/nvidia/f1tenth_ws/install/f1tenth_controllers:/opt/ros/foxy /usr/bin/cmake --install /home/nvidia/f1tenth_ws/build/pure_pursuit
[126.926s] Level 1:colcon.colcon_core.environment:create_environment_scripts_only(pure_pursuit)
[126.929s] Level 1:colcon.colcon_core.environment:checking '/home/nvidia/f1tenth_ws/install/pure_pursuit' for CMake module files
[126.932s] DEBUG:colcon.colcon_core.event_handler.log_command:Invoked command in '/home/nvidia/f1tenth_ws/build/pure_pursuit' returned '0': CMAKE_PREFIX_PATH=${CMAKE_PREFIX_PATH}://home/nvidia/f1tenth_ws/install/f1tenth_stack://home/nvidia/f1tenth_ws/install/joy_teleop://home/nvidia/f1tenth_ws/install/phasespace://home/nvidia/f1tenth_ws/install/new_map_saver://home/nvidia/f1tenth_ws/install/mouse_teleop://home/nvidia/f1tenth_ws/install/mapping://home/nvidia/f1tenth_ws/install/key_teleop://home/nvidia/f1tenth_ws/install/f1tenth_controllers:/opt/ros/foxy /usr/bin/cmake --install /home/nvidia/f1tenth_ws/build/pure_pursuit
[126.935s] Level 1:colcon.colcon_core.environment:checking '/home/nvidia/f1tenth_ws/install/pure_pursuit' for CMake config files
[126.937s] Level 1:colcon.colcon_core.shell:create_environment_hook('pure_pursuit', 'cmake_prefix_path')
[126.939s] INFO:colcon.colcon_core.shell:Creating environment hook '/home/nvidia/f1tenth_ws/install/pure_pursuit/share/pure_pursuit/hook/cmake_prefix_path.ps1'
[126.942s] INFO:colcon.colcon_core.shell:Creating environment descriptor '/home/nvidia/f1tenth_ws/install/pure_pursuit/share/pure_pursuit/hook/cmake_prefix_path.dsv'
[126.944s] INFO:colcon.colcon_core.shell:Creating environment hook '/home/nvidia/f1tenth_ws/install/pure_pursuit/share/pure_pursuit/hook/cmake_prefix_path.sh'
[126.947s] Level 1:colcon.colcon_core.environment:checking '/home/nvidia/f1tenth_ws/install/pure_pursuit/lib'
[126.948s] Level 1:colcon.colcon_core.environment:checking '/home/nvidia/f1tenth_ws/install/pure_pursuit/bin'
[126.948s] Level 1:colcon.colcon_core.environment:checking '/home/nvidia/f1tenth_ws/install/pure_pursuit/lib/pkgconfig/pure_pursuit.pc'
[126.951s] Level 1:colcon.colcon_core.environment:checking '/home/nvidia/f1tenth_ws/install/pure_pursuit/lib/python3.8/site-packages'
[126.952s] Level 1:colcon.colcon_core.environment:checking '/home/nvidia/f1tenth_ws/install/pure_pursuit/bin'
[126.954s] INFO:colcon.colcon_core.shell:Creating package script '/home/nvidia/f1tenth_ws/install/pure_pursuit/share/pure_pursuit/package.ps1'
[126.957s] INFO:colcon.colcon_core.shell:Creating package descriptor '/home/nvidia/f1tenth_ws/install/pure_pursuit/share/pure_pursuit/package.dsv'
[126.959s] INFO:colcon.colcon_core.shell:Creating package script '/home/nvidia/f1tenth_ws/install/pure_pursuit/share/pure_pursuit/package.sh'
[126.962s] INFO:colcon.colcon_core.shell:Creating package script '/home/nvidia/f1tenth_ws/install/pure_pursuit/share/pure_pursuit/package.bash'
[126.964s] INFO:colcon.colcon_core.shell:Creating package script '/home/nvidia/f1tenth_ws/install/pure_pursuit/share/pure_pursuit/package.zsh'
[126.965s] Level 1:colcon.colcon_core.environment:create_file_with_runtime_dependencies(/home/nvidia/f1tenth_ws/install/pure_pursuit/share/colcon-core/packages/pure_pursuit)
[127.151s] Level 1:colcon.colcon_core.environment:create_environment_scripts_only(pure_pursuit)
[127.153s] Level 1:colcon.colcon_core.environment:checking '/home/nvidia/f1tenth_ws/install/pure_pursuit' for CMake module files
[127.157s] Level 1:colcon.colcon_core.environment:checking '/home/nvidia/f1tenth_ws/install/pure_pursuit' for CMake config files
[127.159s] Level 1:colcon.colcon_core.shell:create_environment_hook('pure_pursuit', 'cmake_prefix_path')
[127.161s] INFO:colcon.colcon_core.shell:Creating environment hook '/home/nvidia/f1tenth_ws/install/pure_pursuit/share/pure_pursuit/hook/cmake_prefix_path.ps1'
[127.164s] INFO:colcon.colcon_core.shell:Creating environment descriptor '/home/nvidia/f1tenth_ws/install/pure_pursuit/share/pure_pursuit/hook/cmake_prefix_path.dsv'
[127.166s] INFO:colcon.colcon_core.shell:Creating environment hook '/home/nvidia/f1tenth_ws/install/pure_pursuit/share/pure_pursuit/hook/cmake_prefix_path.sh'
[127.169s] Level 1:colcon.colcon_core.environment:checking '/home/nvidia/f1tenth_ws/install/pure_pursuit/lib'
[127.170s] Level 1:colcon.colcon_core.environment:checking '/home/nvidia/f1tenth_ws/install/pure_pursuit/bin'
[127.170s] Level 1:colcon.colcon_core.environment:checking '/home/nvidia/f1tenth_ws/install/pure_pursuit/lib/pkgconfig/pure_pursuit.pc'
[127.172s] Level 1:colcon.colcon_core.environment:checking '/home/nvidia/f1tenth_ws/install/pure_pursuit/lib/python3.8/site-packages'
[127.173s] Level 1:colcon.colcon_core.environment:checking '/home/nvidia/f1tenth_ws/install/pure_pursuit/bin'
[127.174s] INFO:colcon.colcon_core.shell:Creating package script '/home/nvidia/f1tenth_ws/install/pure_pursuit/share/pure_pursuit/package.ps1'
[127.177s] INFO:colcon.colcon_core.shell:Creating package descriptor '/home/nvidia/f1tenth_ws/install/pure_pursuit/share/pure_pursuit/package.dsv'
[127.179s] INFO:colcon.colcon_core.shell:Creating package script '/home/nvidia/f1tenth_ws/install/pure_pursuit/share/pure_pursuit/package.sh'
[127.184s] INFO:colcon.colcon_core.shell:Creating package script '/home/nvidia/f1tenth_ws/install/pure_pursuit/share/pure_pursuit/package.bash'
[127.186s] INFO:colcon.colcon_core.shell:Creating package script '/home/nvidia/f1tenth_ws/install/pure_pursuit/share/pure_pursuit/package.zsh'
[127.188s] Level 1:colcon.colcon_core.environment:create_file_with_runtime_dependencies(/home/nvidia/f1tenth_ws/install/pure_pursuit/share/colcon-core/packages/pure_pursuit)
[170.131s] DEBUG:colcon.colcon_core.event_handler.log_command:Invoked command in '/home/nvidia/f1tenth_ws/build/vesc_ackermann' returned '0': AMENT_PREFIX_PATH=/home/nvidia/f1tenth_ws/install/vesc_msgs:${AMENT_PREFIX_PATH} CMAKE_PREFIX_PATH=/home/nvidia/f1tenth_ws/install/vesc_msgs://home/nvidia/f1tenth_ws/install/vesc://home/nvidia/f1tenth_ws/install/vesc_driver://home/nvidia/f1tenth_ws/install/vesc_ackermann://home/nvidia/f1tenth_ws/install/vesc_msgs://home/nvidia/f1tenth_ws/install/teleop_tools://home/nvidia/f1tenth_ws/install/teleop_tools_msgs://home/nvidia/f1tenth_ws/install/pure_pursuit://home/nvidia/f1tenth_ws/install/ackermann_mux://home/nvidia/f1tenth_ws/install/f1tenth_stack://home/nvidia/f1tenth_ws/install/joy_teleop://home/nvidia/f1tenth_ws/install/phasespace://home/nvidia/f1tenth_ws/install/new_map_saver://home/nvidia/f1tenth_ws/install/mouse_teleop://home/nvidia/f1tenth_ws/install/mapping://home/nvidia/f1tenth_ws/install/key_teleop://home/nvidia/f1tenth_ws/install/f1tenth_controllers:/opt/ros/foxy LD_LIBRARY_PATH=/home/nvidia/f1tenth_ws/install/vesc_msgs/lib://home/nvidia/f1tenth_ws/install/vesc_driver/lib://home/nvidia/f1tenth_ws/install/vesc_ackermann/lib://home/nvidia/f1tenth_ws/install/vesc_msgs/lib://home/nvidia/f1tenth_ws/install/teleop_tools_msgs/lib:/usr/lib/aarch64-linux-gnu/gazebo-11/plugins:/opt/ros/foxy/opt/yaml_cpp_vendor/lib:/opt/ros/foxy/opt/rviz_ogre_vendor/lib:/opt/ros/foxy/lib/aarch64-linux-gnu:/opt/ros/foxy/lib:/usr/local/cuda-11.4/lib64 PYTHONPATH=/home/nvidia/f1tenth_ws/install/vesc_msgs/lib/python3.8/site-packages:${PYTHONPATH} /usr/bin/cmake --build /home/nvidia/f1tenth_ws/build/vesc_ackermann -- -j6 -l6
[170.371s] DEBUG:colcon.colcon_core.event_handler.log_command:Invoking command in '/home/nvidia/f1tenth_ws/build/vesc_ackermann': AMENT_PREFIX_PATH=/home/nvidia/f1tenth_ws/install/vesc_msgs:${AMENT_PREFIX_PATH} CMAKE_PREFIX_PATH=/home/nvidia/f1tenth_ws/install/vesc_msgs://home/nvidia/f1tenth_ws/install/vesc://home/nvidia/f1tenth_ws/install/vesc_driver://home/nvidia/f1tenth_ws/install/vesc_ackermann://home/nvidia/f1tenth_ws/install/vesc_msgs://home/nvidia/f1tenth_ws/install/teleop_tools://home/nvidia/f1tenth_ws/install/teleop_tools_msgs://home/nvidia/f1tenth_ws/install/pure_pursuit://home/nvidia/f1tenth_ws/install/ackermann_mux://home/nvidia/f1tenth_ws/install/f1tenth_stack://home/nvidia/f1tenth_ws/install/joy_teleop://home/nvidia/f1tenth_ws/install/phasespace://home/nvidia/f1tenth_ws/install/new_map_saver://home/nvidia/f1tenth_ws/install/mouse_teleop://home/nvidia/f1tenth_ws/install/mapping://home/nvidia/f1tenth_ws/install/key_teleop://home/nvidia/f1tenth_ws/install/f1tenth_controllers:/opt/ros/foxy LD_LIBRARY_PATH=/home/nvidia/f1tenth_ws/install/vesc_msgs/lib://home/nvidia/f1tenth_ws/install/vesc_driver/lib://home/nvidia/f1tenth_ws/install/vesc_ackermann/lib://home/nvidia/f1tenth_ws/install/vesc_msgs/lib://home/nvidia/f1tenth_ws/install/teleop_tools_msgs/lib:/usr/lib/aarch64-linux-gnu/gazebo-11/plugins:/opt/ros/foxy/opt/yaml_cpp_vendor/lib:/opt/ros/foxy/opt/rviz_ogre_vendor/lib:/opt/ros/foxy/lib/aarch64-linux-gnu:/opt/ros/foxy/lib:/usr/local/cuda-11.4/lib64 PYTHONPATH=/home/nvidia/f1tenth_ws/install/vesc_msgs/lib/python3.8/site-packages:${PYTHONPATH} /usr/bin/cmake --install /home/nvidia/f1tenth_ws/build/vesc_ackermann
[170.531s] Level 1:colcon.colcon_core.environment:create_environment_scripts_only(vesc_ackermann)
[170.535s] Level 1:colcon.colcon_core.environment:checking '/home/nvidia/f1tenth_ws/install/vesc_ackermann' for CMake module files
[170.538s] DEBUG:colcon.colcon_core.event_handler.log_command:Invoked command in '/home/nvidia/f1tenth_ws/build/vesc_ackermann' returned '0': AMENT_PREFIX_PATH=/home/nvidia/f1tenth_ws/install/vesc_msgs:${AMENT_PREFIX_PATH} CMAKE_PREFIX_PATH=/home/nvidia/f1tenth_ws/install/vesc_msgs://home/nvidia/f1tenth_ws/install/vesc://home/nvidia/f1tenth_ws/install/vesc_driver://home/nvidia/f1tenth_ws/install/vesc_ackermann://home/nvidia/f1tenth_ws/install/vesc_msgs://home/nvidia/f1tenth_ws/install/teleop_tools://home/nvidia/f1tenth_ws/install/teleop_tools_msgs://home/nvidia/f1tenth_ws/install/pure_pursuit://home/nvidia/f1tenth_ws/install/ackermann_mux://home/nvidia/f1tenth_ws/install/f1tenth_stack://home/nvidia/f1tenth_ws/install/joy_teleop://home/nvidia/f1tenth_ws/install/phasespace://home/nvidia/f1tenth_ws/install/new_map_saver://home/nvidia/f1tenth_ws/install/mouse_teleop://home/nvidia/f1tenth_ws/install/mapping://home/nvidia/f1tenth_ws/install/key_teleop://home/nvidia/f1tenth_ws/install/f1tenth_controllers:/opt/ros/foxy LD_LIBRARY_PATH=/home/nvidia/f1tenth_ws/install/vesc_msgs/lib://home/nvidia/f1tenth_ws/install/vesc_driver/lib://home/nvidia/f1tenth_ws/install/vesc_ackermann/lib://home/nvidia/f1tenth_ws/install/vesc_msgs/lib://home/nvidia/f1tenth_ws/install/teleop_tools_msgs/lib:/usr/lib/aarch64-linux-gnu/gazebo-11/plugins:/opt/ros/foxy/opt/yaml_cpp_vendor/lib:/opt/ros/foxy/opt/rviz_ogre_vendor/lib:/opt/ros/foxy/lib/aarch64-linux-gnu:/opt/ros/foxy/lib:/usr/local/cuda-11.4/lib64 PYTHONPATH=/home/nvidia/f1tenth_ws/install/vesc_msgs/lib/python3.8/site-packages:${PYTHONPATH} /usr/bin/cmake --install /home/nvidia/f1tenth_ws/build/vesc_ackermann
[170.540s] Level 1:colcon.colcon_core.environment:checking '/home/nvidia/f1tenth_ws/install/vesc_ackermann' for CMake config files
[170.543s] Level 1:colcon.colcon_core.shell:create_environment_hook('vesc_ackermann', 'cmake_prefix_path')
[170.545s] INFO:colcon.colcon_core.shell:Creating environment hook '/home/nvidia/f1tenth_ws/install/vesc_ackermann/share/vesc_ackermann/hook/cmake_prefix_path.ps1'
[170.548s] INFO:colcon.colcon_core.shell:Creating environment descriptor '/home/nvidia/f1tenth_ws/install/vesc_ackermann/share/vesc_ackermann/hook/cmake_prefix_path.dsv'
[170.550s] INFO:colcon.colcon_core.shell:Creating environment hook '/home/nvidia/f1tenth_ws/install/vesc_ackermann/share/vesc_ackermann/hook/cmake_prefix_path.sh'
[170.553s] Level 1:colcon.colcon_core.environment:checking '/home/nvidia/f1tenth_ws/install/vesc_ackermann/lib'
[170.554s] Level 1:colcon.colcon_core.shell:create_environment_hook('vesc_ackermann', 'ld_library_path_lib')
[170.555s] INFO:colcon.colcon_core.shell:Creating environment hook '/home/nvidia/f1tenth_ws/install/vesc_ackermann/share/vesc_ackermann/hook/ld_library_path_lib.ps1'
[170.557s] INFO:colcon.colcon_core.shell:Creating environment descriptor '/home/nvidia/f1tenth_ws/install/vesc_ackermann/share/vesc_ackermann/hook/ld_library_path_lib.dsv'
[170.558s] INFO:colcon.colcon_core.shell:Creating environment hook '/home/nvidia/f1tenth_ws/install/vesc_ackermann/share/vesc_ackermann/hook/ld_library_path_lib.sh'
[170.560s] Level 1:colcon.colcon_core.environment:checking '/home/nvidia/f1tenth_ws/install/vesc_ackermann/bin'
[170.560s] Level 1:colcon.colcon_core.environment:checking '/home/nvidia/f1tenth_ws/install/vesc_ackermann/lib/pkgconfig/vesc_ackermann.pc'
[170.562s] Level 1:colcon.colcon_core.environment:checking '/home/nvidia/f1tenth_ws/install/vesc_ackermann/lib/python3.8/site-packages'
[170.563s] Level 1:colcon.colcon_core.environment:checking '/home/nvidia/f1tenth_ws/install/vesc_ackermann/bin'
[170.565s] INFO:colcon.colcon_core.shell:Creating package script '/home/nvidia/f1tenth_ws/install/vesc_ackermann/share/vesc_ackermann/package.ps1'
[170.567s] INFO:colcon.colcon_core.shell:Creating package descriptor '/home/nvidia/f1tenth_ws/install/vesc_ackermann/share/vesc_ackermann/package.dsv'
[170.570s] INFO:colcon.colcon_core.shell:Creating package script '/home/nvidia/f1tenth_ws/install/vesc_ackermann/share/vesc_ackermann/package.sh'
[170.572s] INFO:colcon.colcon_core.shell:Creating package script '/home/nvidia/f1tenth_ws/install/vesc_ackermann/share/vesc_ackermann/package.bash'
[170.573s] INFO:colcon.colcon_core.shell:Creating package script '/home/nvidia/f1tenth_ws/install/vesc_ackermann/share/vesc_ackermann/package.zsh'
[170.575s] Level 1:colcon.colcon_core.environment:create_file_with_runtime_dependencies(/home/nvidia/f1tenth_ws/install/vesc_ackermann/share/colcon-core/packages/vesc_ackermann)
[170.796s] Level 1:colcon.colcon_core.environment:create_environment_scripts_only(vesc_ackermann)
[170.798s] Level 1:colcon.colcon_core.environment:checking '/home/nvidia/f1tenth_ws/install/vesc_ackermann' for CMake module files
[170.803s] Level 1:colcon.colcon_core.environment:checking '/home/nvidia/f1tenth_ws/install/vesc_ackermann' for CMake config files
[170.807s] Level 1:colcon.colcon_core.shell:create_environment_hook('vesc_ackermann', 'cmake_prefix_path')
[170.809s] INFO:colcon.colcon_core.shell:Creating environment hook '/home/nvidia/f1tenth_ws/install/vesc_ackermann/share/vesc_ackermann/hook/cmake_prefix_path.ps1'
[170.813s] INFO:colcon.colcon_core.shell:Creating environment descriptor '/home/nvidia/f1tenth_ws/install/vesc_ackermann/share/vesc_ackermann/hook/cmake_prefix_path.dsv'
[170.815s] INFO:colcon.colcon_core.shell:Creating environment hook '/home/nvidia/f1tenth_ws/install/vesc_ackermann/share/vesc_ackermann/hook/cmake_prefix_path.sh'
[170.818s] Level 1:colcon.colcon_core.environment:checking '/home/nvidia/f1tenth_ws/install/vesc_ackermann/lib'
[170.819s] Level 1:colcon.colcon_core.shell:create_environment_hook('vesc_ackermann', 'ld_library_path_lib')
[170.820s] INFO:colcon.colcon_core.shell:Creating environment hook '/home/nvidia/f1tenth_ws/install/vesc_ackermann/share/vesc_ackermann/hook/ld_library_path_lib.ps1'
[170.822s] INFO:colcon.colcon_core.shell:Creating environment descriptor '/home/nvidia/f1tenth_ws/install/vesc_ackermann/share/vesc_ackermann/hook/ld_library_path_lib.dsv'
[170.824s] INFO:colcon.colcon_core.shell:Creating environment hook '/home/nvidia/f1tenth_ws/install/vesc_ackermann/share/vesc_ackermann/hook/ld_library_path_lib.sh'
[170.826s] Level 1:colcon.colcon_core.environment:checking '/home/nvidia/f1tenth_ws/install/vesc_ackermann/bin'
[170.826s] Level 1:colcon.colcon_core.environment:checking '/home/nvidia/f1tenth_ws/install/vesc_ackermann/lib/pkgconfig/vesc_ackermann.pc'
[170.828s] Level 1:colcon.colcon_core.environment:checking '/home/nvidia/f1tenth_ws/install/vesc_ackermann/lib/python3.8/site-packages'
[170.829s] Level 1:colcon.colcon_core.environment:checking '/home/nvidia/f1tenth_ws/install/vesc_ackermann/bin'
[170.831s] INFO:colcon.colcon_core.shell:Creating package script '/home/nvidia/f1tenth_ws/install/vesc_ackermann/share/vesc_ackermann/package.ps1'
[170.834s] INFO:colcon.colcon_core.shell:Creating package descriptor '/home/nvidia/f1tenth_ws/install/vesc_ackermann/share/vesc_ackermann/package.dsv'
[170.837s] INFO:colcon.colcon_core.shell:Creating package script '/home/nvidia/f1tenth_ws/install/vesc_ackermann/share/vesc_ackermann/package.sh'
[170.840s] INFO:colcon.colcon_core.shell:Creating package script '/home/nvidia/f1tenth_ws/install/vesc_ackermann/share/vesc_ackermann/package.bash'
[170.842s] INFO:colcon.colcon_core.shell:Creating package script '/home/nvidia/f1tenth_ws/install/vesc_ackermann/share/vesc_ackermann/package.zsh'
[170.844s] Level 1:colcon.colcon_core.environment:create_file_with_runtime_dependencies(/home/nvidia/f1tenth_ws/install/vesc_ackermann/share/colcon-core/packages/vesc_ackermann)
[172.197s] DEBUG:colcon.colcon_core.event_handler.log_command:Invoked command in '/home/nvidia/f1tenth_ws/build/vesc_driver' returned '0': AMENT_PREFIX_PATH=/home/nvidia/f1tenth_ws/install/vesc_msgs:${AMENT_PREFIX_PATH} CMAKE_PREFIX_PATH=/home/nvidia/f1tenth_ws/install/vesc_msgs://home/nvidia/f1tenth_ws/install/vesc://home/nvidia/f1tenth_ws/install/vesc_driver://home/nvidia/f1tenth_ws/install/vesc_ackermann://home/nvidia/f1tenth_ws/install/vesc_msgs://home/nvidia/f1tenth_ws/install/teleop_tools://home/nvidia/f1tenth_ws/install/teleop_tools_msgs://home/nvidia/f1tenth_ws/install/pure_pursuit://home/nvidia/f1tenth_ws/install/ackermann_mux://home/nvidia/f1tenth_ws/install/f1tenth_stack://home/nvidia/f1tenth_ws/install/joy_teleop://home/nvidia/f1tenth_ws/install/phasespace://home/nvidia/f1tenth_ws/install/new_map_saver://home/nvidia/f1tenth_ws/install/mouse_teleop://home/nvidia/f1tenth_ws/install/mapping://home/nvidia/f1tenth_ws/install/key_teleop://home/nvidia/f1tenth_ws/install/f1tenth_controllers:/opt/ros/foxy LD_LIBRARY_PATH=/home/nvidia/f1tenth_ws/install/vesc_msgs/lib://home/nvidia/f1tenth_ws/install/vesc_driver/lib://home/nvidia/f1tenth_ws/install/vesc_ackermann/lib://home/nvidia/f1tenth_ws/install/vesc_msgs/lib://home/nvidia/f1tenth_ws/install/teleop_tools_msgs/lib:/usr/lib/aarch64-linux-gnu/gazebo-11/plugins:/opt/ros/foxy/opt/yaml_cpp_vendor/lib:/opt/ros/foxy/opt/rviz_ogre_vendor/lib:/opt/ros/foxy/lib/aarch64-linux-gnu:/opt/ros/foxy/lib:/usr/local/cuda-11.4/lib64 PYTHONPATH=/home/nvidia/f1tenth_ws/install/vesc_msgs/lib/python3.8/site-packages:${PYTHONPATH} /usr/bin/cmake --build /home/nvidia/f1tenth_ws/build/vesc_driver -- -j6 -l6
[172.471s] DEBUG:colcon.colcon_core.event_handler.log_command:Invoking command in '/home/nvidia/f1tenth_ws/build/vesc_driver': AMENT_PREFIX_PATH=/home/nvidia/f1tenth_ws/install/vesc_msgs:${AMENT_PREFIX_PATH} CMAKE_PREFIX_PATH=/home/nvidia/f1tenth_ws/install/vesc_msgs://home/nvidia/f1tenth_ws/install/vesc://home/nvidia/f1tenth_ws/install/vesc_driver://home/nvidia/f1tenth_ws/install/vesc_ackermann://home/nvidia/f1tenth_ws/install/vesc_msgs://home/nvidia/f1tenth_ws/install/teleop_tools://home/nvidia/f1tenth_ws/install/teleop_tools_msgs://home/nvidia/f1tenth_ws/install/pure_pursuit://home/nvidia/f1tenth_ws/install/ackermann_mux://home/nvidia/f1tenth_ws/install/f1tenth_stack://home/nvidia/f1tenth_ws/install/joy_teleop://home/nvidia/f1tenth_ws/install/phasespace://home/nvidia/f1tenth_ws/install/new_map_saver://home/nvidia/f1tenth_ws/install/mouse_teleop://home/nvidia/f1tenth_ws/install/mapping://home/nvidia/f1tenth_ws/install/key_teleop://home/nvidia/f1tenth_ws/install/f1tenth_controllers:/opt/ros/foxy LD_LIBRARY_PATH=/home/nvidia/f1tenth_ws/install/vesc_msgs/lib://home/nvidia/f1tenth_ws/install/vesc_driver/lib://home/nvidia/f1tenth_ws/install/vesc_ackermann/lib://home/nvidia/f1tenth_ws/install/vesc_msgs/lib://home/nvidia/f1tenth_ws/install/teleop_tools_msgs/lib:/usr/lib/aarch64-linux-gnu/gazebo-11/plugins:/opt/ros/foxy/opt/yaml_cpp_vendor/lib:/opt/ros/foxy/opt/rviz_ogre_vendor/lib:/opt/ros/foxy/lib/aarch64-linux-gnu:/opt/ros/foxy/lib:/usr/local/cuda-11.4/lib64 PYTHONPATH=/home/nvidia/f1tenth_ws/install/vesc_msgs/lib/python3.8/site-packages:${PYTHONPATH} /usr/bin/cmake --install /home/nvidia/f1tenth_ws/build/vesc_driver
[172.618s] Level 1:colcon.colcon_core.environment:create_environment_scripts_only(vesc_driver)
[172.622s] Level 1:colcon.colcon_core.environment:checking '/home/nvidia/f1tenth_ws/install/vesc_driver' for CMake module files
[172.625s] DEBUG:colcon.colcon_core.event_handler.log_command:Invoked command in '/home/nvidia/f1tenth_ws/build/vesc_driver' returned '0': AMENT_PREFIX_PATH=/home/nvidia/f1tenth_ws/install/vesc_msgs:${AMENT_PREFIX_PATH} CMAKE_PREFIX_PATH=/home/nvidia/f1tenth_ws/install/vesc_msgs://home/nvidia/f1tenth_ws/install/vesc://home/nvidia/f1tenth_ws/install/vesc_driver://home/nvidia/f1tenth_ws/install/vesc_ackermann://home/nvidia/f1tenth_ws/install/vesc_msgs://home/nvidia/f1tenth_ws/install/teleop_tools://home/nvidia/f1tenth_ws/install/teleop_tools_msgs://home/nvidia/f1tenth_ws/install/pure_pursuit://home/nvidia/f1tenth_ws/install/ackermann_mux://home/nvidia/f1tenth_ws/install/f1tenth_stack://home/nvidia/f1tenth_ws/install/joy_teleop://home/nvidia/f1tenth_ws/install/phasespace://home/nvidia/f1tenth_ws/install/new_map_saver://home/nvidia/f1tenth_ws/install/mouse_teleop://home/nvidia/f1tenth_ws/install/mapping://home/nvidia/f1tenth_ws/install/key_teleop://home/nvidia/f1tenth_ws/install/f1tenth_controllers:/opt/ros/foxy LD_LIBRARY_PATH=/home/nvidia/f1tenth_ws/install/vesc_msgs/lib://home/nvidia/f1tenth_ws/install/vesc_driver/lib://home/nvidia/f1tenth_ws/install/vesc_ackermann/lib://home/nvidia/f1tenth_ws/install/vesc_msgs/lib://home/nvidia/f1tenth_ws/install/teleop_tools_msgs/lib:/usr/lib/aarch64-linux-gnu/gazebo-11/plugins:/opt/ros/foxy/opt/yaml_cpp_vendor/lib:/opt/ros/foxy/opt/rviz_ogre_vendor/lib:/opt/ros/foxy/lib/aarch64-linux-gnu:/opt/ros/foxy/lib:/usr/local/cuda-11.4/lib64 PYTHONPATH=/home/nvidia/f1tenth_ws/install/vesc_msgs/lib/python3.8/site-packages:${PYTHONPATH} /usr/bin/cmake --install /home/nvidia/f1tenth_ws/build/vesc_driver
[172.630s] Level 1:colcon.colcon_core.environment:checking '/home/nvidia/f1tenth_ws/install/vesc_driver' for CMake config files
[172.633s] Level 1:colcon.colcon_core.shell:create_environment_hook('vesc_driver', 'cmake_prefix_path')
[172.635s] INFO:colcon.colcon_core.shell:Creating environment hook '/home/nvidia/f1tenth_ws/install/vesc_driver/share/vesc_driver/hook/cmake_prefix_path.ps1'
[172.639s] INFO:colcon.colcon_core.shell:Creating environment descriptor '/home/nvidia/f1tenth_ws/install/vesc_driver/share/vesc_driver/hook/cmake_prefix_path.dsv'
[172.640s] INFO:colcon.colcon_core.shell:Creating environment hook '/home/nvidia/f1tenth_ws/install/vesc_driver/share/vesc_driver/hook/cmake_prefix_path.sh'
[172.644s] Level 1:colcon.colcon_core.environment:checking '/home/nvidia/f1tenth_ws/install/vesc_driver/lib'
[172.644s] Level 1:colcon.colcon_core.shell:create_environment_hook('vesc_driver', 'ld_library_path_lib')
[172.646s] INFO:colcon.colcon_core.shell:Creating environment hook '/home/nvidia/f1tenth_ws/install/vesc_driver/share/vesc_driver/hook/ld_library_path_lib.ps1'
[172.648s] INFO:colcon.colcon_core.shell:Creating environment descriptor '/home/nvidia/f1tenth_ws/install/vesc_driver/share/vesc_driver/hook/ld_library_path_lib.dsv'
[172.649s] INFO:colcon.colcon_core.shell:Creating environment hook '/home/nvidia/f1tenth_ws/install/vesc_driver/share/vesc_driver/hook/ld_library_path_lib.sh'
[172.651s] Level 1:colcon.colcon_core.environment:checking '/home/nvidia/f1tenth_ws/install/vesc_driver/bin'
[172.651s] Level 1:colcon.colcon_core.environment:checking '/home/nvidia/f1tenth_ws/install/vesc_driver/lib/pkgconfig/vesc_driver.pc'
[172.653s] Level 1:colcon.colcon_core.environment:checking '/home/nvidia/f1tenth_ws/install/vesc_driver/lib/python3.8/site-packages'
[172.654s] Level 1:colcon.colcon_core.environment:checking '/home/nvidia/f1tenth_ws/install/vesc_driver/bin'
[172.655s] INFO:colcon.colcon_core.shell:Creating package script '/home/nvidia/f1tenth_ws/install/vesc_driver/share/vesc_driver/package.ps1'
[172.658s] INFO:colcon.colcon_core.shell:Creating package descriptor '/home/nvidia/f1tenth_ws/install/vesc_driver/share/vesc_driver/package.dsv'
[172.660s] INFO:colcon.colcon_core.shell:Creating package script '/home/nvidia/f1tenth_ws/install/vesc_driver/share/vesc_driver/package.sh'
[172.662s] INFO:colcon.colcon_core.shell:Creating package script '/home/nvidia/f1tenth_ws/install/vesc_driver/share/vesc_driver/package.bash'
[172.664s] INFO:colcon.colcon_core.shell:Creating package script '/home/nvidia/f1tenth_ws/install/vesc_driver/share/vesc_driver/package.zsh'
[172.665s] Level 1:colcon.colcon_core.environment:create_file_with_runtime_dependencies(/home/nvidia/f1tenth_ws/install/vesc_driver/share/colcon-core/packages/vesc_driver)
[172.928s] Level 1:colcon.colcon_core.environment:create_environment_scripts_only(vesc_driver)
[172.931s] Level 1:colcon.colcon_core.environment:checking '/home/nvidia/f1tenth_ws/install/vesc_driver' for CMake module files
[172.937s] Level 1:colcon.colcon_core.environment:checking '/home/nvidia/f1tenth_ws/install/vesc_driver' for CMake config files
[172.940s] Level 1:colcon.colcon_core.shell:create_environment_hook('vesc_driver', 'cmake_prefix_path')
[172.942s] INFO:colcon.colcon_core.shell:Creating environment hook '/home/nvidia/f1tenth_ws/install/vesc_driver/share/vesc_driver/hook/cmake_prefix_path.ps1'
[172.946s] INFO:colcon.colcon_core.shell:Creating environment descriptor '/home/nvidia/f1tenth_ws/install/vesc_driver/share/vesc_driver/hook/cmake_prefix_path.dsv'
[172.948s] INFO:colcon.colcon_core.shell:Creating environment hook '/home/nvidia/f1tenth_ws/install/vesc_driver/share/vesc_driver/hook/cmake_prefix_path.sh'
[172.952s] Level 1:colcon.colcon_core.environment:checking '/home/nvidia/f1tenth_ws/install/vesc_driver/lib'
[172.953s] Level 1:colcon.colcon_core.shell:create_environment_hook('vesc_driver', 'ld_library_path_lib')
[172.954s] INFO:colcon.colcon_core.shell:Creating environment hook '/home/nvidia/f1tenth_ws/install/vesc_driver/share/vesc_driver/hook/ld_library_path_lib.ps1'
[172.956s] INFO:colcon.colcon_core.shell:Creating environment descriptor '/home/nvidia/f1tenth_ws/install/vesc_driver/share/vesc_driver/hook/ld_library_path_lib.dsv'
[172.957s] INFO:colcon.colcon_core.shell:Creating environment hook '/home/nvidia/f1tenth_ws/install/vesc_driver/share/vesc_driver/hook/ld_library_path_lib.sh'
[172.959s] Level 1:colcon.colcon_core.environment:checking '/home/nvidia/f1tenth_ws/install/vesc_driver/bin'
[172.960s] Level 1:colcon.colcon_core.environment:checking '/home/nvidia/f1tenth_ws/install/vesc_driver/lib/pkgconfig/vesc_driver.pc'
[172.961s] Level 1:colcon.colcon_core.environment:checking '/home/nvidia/f1tenth_ws/install/vesc_driver/lib/python3.8/site-packages'
[172.962s] Level 1:colcon.colcon_core.environment:checking '/home/nvidia/f1tenth_ws/install/vesc_driver/bin'
[172.964s] INFO:colcon.colcon_core.shell:Creating package script '/home/nvidia/f1tenth_ws/install/vesc_driver/share/vesc_driver/package.ps1'
[172.967s] INFO:colcon.colcon_core.shell:Creating package descriptor '/home/nvidia/f1tenth_ws/install/vesc_driver/share/vesc_driver/package.dsv'
[172.970s] INFO:colcon.colcon_core.shell:Creating package script '/home/nvidia/f1tenth_ws/install/vesc_driver/share/vesc_driver/package.sh'
[172.972s] INFO:colcon.colcon_core.shell:Creating package script '/home/nvidia/f1tenth_ws/install/vesc_driver/share/vesc_driver/package.bash'
[172.974s] INFO:colcon.colcon_core.shell:Creating package script '/home/nvidia/f1tenth_ws/install/vesc_driver/share/vesc_driver/package.zsh'
[172.976s] Level 1:colcon.colcon_core.environment:create_file_with_runtime_dependencies(/home/nvidia/f1tenth_ws/install/vesc_driver/share/colcon-core/packages/vesc_driver)
[172.978s] INFO:colcon.colcon_ros.task.ament_cmake.build:Building ROS package in '/home/nvidia/f1tenth_ws/src/f1tenth_system/vesc/vesc' with build type 'ament_cmake'
[172.980s] INFO:colcon.colcon_cmake.task.cmake.build:Building CMake package in '/home/nvidia/f1tenth_ws/src/f1tenth_system/vesc/vesc'
[172.981s] INFO:colcon.colcon_core.shell:Skip shell extension 'powershell' for command environment: Not usable outside of PowerShell
[172.982s] DEBUG:colcon.colcon_core.shell:Skip shell extension 'dsv' for command environment
[173.101s] DEBUG:colcon.colcon_core.event_handler.log_command:Invoking command in '/home/nvidia/f1tenth_ws/build/vesc': AMENT_PREFIX_PATH=/home/nvidia/f1tenth_ws/install/vesc_driver:/home/nvidia/f1tenth_ws/install/vesc_ackermann:/home/nvidia/f1tenth_ws/install/vesc_msgs:${AMENT_PREFIX_PATH} CMAKE_PREFIX_PATH=/home/nvidia/f1tenth_ws/install/vesc_driver:/home/nvidia/f1tenth_ws/install/vesc_ackermann:/home/nvidia/f1tenth_ws/install/vesc_msgs://home/nvidia/f1tenth_ws/install/vesc://home/nvidia/f1tenth_ws/install/vesc_driver://home/nvidia/f1tenth_ws/install/vesc_ackermann://home/nvidia/f1tenth_ws/install/vesc_msgs://home/nvidia/f1tenth_ws/install/teleop_tools://home/nvidia/f1tenth_ws/install/teleop_tools_msgs://home/nvidia/f1tenth_ws/install/pure_pursuit://home/nvidia/f1tenth_ws/install/ackermann_mux://home/nvidia/f1tenth_ws/install/f1tenth_stack://home/nvidia/f1tenth_ws/install/joy_teleop://home/nvidia/f1tenth_ws/install/phasespace://home/nvidia/f1tenth_ws/install/new_map_saver://home/nvidia/f1tenth_ws/install/mouse_teleop://home/nvidia/f1tenth_ws/install/mapping://home/nvidia/f1tenth_ws/install/key_teleop://home/nvidia/f1tenth_ws/install/f1tenth_controllers:/opt/ros/foxy LD_LIBRARY_PATH=/home/nvidia/f1tenth_ws/install/vesc_driver/lib:/home/nvidia/f1tenth_ws/install/vesc_ackermann/lib:/home/nvidia/f1tenth_ws/install/vesc_msgs/lib://home/nvidia/f1tenth_ws/install/vesc_driver/lib://home/nvidia/f1tenth_ws/install/vesc_ackermann/lib://home/nvidia/f1tenth_ws/install/vesc_msgs/lib://home/nvidia/f1tenth_ws/install/teleop_tools_msgs/lib:/usr/lib/aarch64-linux-gnu/gazebo-11/plugins:/opt/ros/foxy/opt/yaml_cpp_vendor/lib:/opt/ros/foxy/opt/rviz_ogre_vendor/lib:/opt/ros/foxy/lib/aarch64-linux-gnu:/opt/ros/foxy/lib:/usr/local/cuda-11.4/lib64 PYTHONPATH=/home/nvidia/f1tenth_ws/install/vesc_msgs/lib/python3.8/site-packages:${PYTHONPATH} /usr/bin/cmake /home/nvidia/f1tenth_ws/src/f1tenth_system/vesc/vesc -DCMAKE_INSTALL_PREFIX=/home/nvidia/f1tenth_ws/install/vesc
[177.626s] DEBUG:colcon.colcon_core.event_handler.log_command:Invoked command in '/home/nvidia/f1tenth_ws/build/vesc' returned '0': AMENT_PREFIX_PATH=/home/nvidia/f1tenth_ws/install/vesc_driver:/home/nvidia/f1tenth_ws/install/vesc_ackermann:/home/nvidia/f1tenth_ws/install/vesc_msgs:${AMENT_PREFIX_PATH} CMAKE_PREFIX_PATH=/home/nvidia/f1tenth_ws/install/vesc_driver:/home/nvidia/f1tenth_ws/install/vesc_ackermann:/home/nvidia/f1tenth_ws/install/vesc_msgs://home/nvidia/f1tenth_ws/install/vesc://home/nvidia/f1tenth_ws/install/vesc_driver://home/nvidia/f1tenth_ws/install/vesc_ackermann://home/nvidia/f1tenth_ws/install/vesc_msgs://home/nvidia/f1tenth_ws/install/teleop_tools://home/nvidia/f1tenth_ws/install/teleop_tools_msgs://home/nvidia/f1tenth_ws/install/pure_pursuit://home/nvidia/f1tenth_ws/install/ackermann_mux://home/nvidia/f1tenth_ws/install/f1tenth_stack://home/nvidia/f1tenth_ws/install/joy_teleop://home/nvidia/f1tenth_ws/install/phasespace://home/nvidia/f1tenth_ws/install/new_map_saver://home/nvidia/f1tenth_ws/install/mouse_teleop://home/nvidia/f1tenth_ws/install/mapping://home/nvidia/f1tenth_ws/install/key_teleop://home/nvidia/f1tenth_ws/install/f1tenth_controllers:/opt/ros/foxy LD_LIBRARY_PATH=/home/nvidia/f1tenth_ws/install/vesc_driver/lib:/home/nvidia/f1tenth_ws/install/vesc_ackermann/lib:/home/nvidia/f1tenth_ws/install/vesc_msgs/lib://home/nvidia/f1tenth_ws/install/vesc_driver/lib://home/nvidia/f1tenth_ws/install/vesc_ackermann/lib://home/nvidia/f1tenth_ws/install/vesc_msgs/lib://home/nvidia/f1tenth_ws/install/teleop_tools_msgs/lib:/usr/lib/aarch64-linux-gnu/gazebo-11/plugins:/opt/ros/foxy/opt/yaml_cpp_vendor/lib:/opt/ros/foxy/opt/rviz_ogre_vendor/lib:/opt/ros/foxy/lib/aarch64-linux-gnu:/opt/ros/foxy/lib:/usr/local/cuda-11.4/lib64 PYTHONPATH=/home/nvidia/f1tenth_ws/install/vesc_msgs/lib/python3.8/site-packages:${PYTHONPATH} /usr/bin/cmake /home/nvidia/f1tenth_ws/src/f1tenth_system/vesc/vesc -DCMAKE_INSTALL_PREFIX=/home/nvidia/f1tenth_ws/install/vesc
[177.642s] DEBUG:colcon.colcon_core.event_handler.log_command:Invoking command in '/home/nvidia/f1tenth_ws/build/vesc': AMENT_PREFIX_PATH=/home/nvidia/f1tenth_ws/install/vesc_driver:/home/nvidia/f1tenth_ws/install/vesc_ackermann:/home/nvidia/f1tenth_ws/install/vesc_msgs:${AMENT_PREFIX_PATH} CMAKE_PREFIX_PATH=/home/nvidia/f1tenth_ws/install/vesc_driver:/home/nvidia/f1tenth_ws/install/vesc_ackermann:/home/nvidia/f1tenth_ws/install/vesc_msgs://home/nvidia/f1tenth_ws/install/vesc://home/nvidia/f1tenth_ws/install/vesc_driver://home/nvidia/f1tenth_ws/install/vesc_ackermann://home/nvidia/f1tenth_ws/install/vesc_msgs://home/nvidia/f1tenth_ws/install/teleop_tools://home/nvidia/f1tenth_ws/install/teleop_tools_msgs://home/nvidia/f1tenth_ws/install/pure_pursuit://home/nvidia/f1tenth_ws/install/ackermann_mux://home/nvidia/f1tenth_ws/install/f1tenth_stack://home/nvidia/f1tenth_ws/install/joy_teleop://home/nvidia/f1tenth_ws/install/phasespace://home/nvidia/f1tenth_ws/install/new_map_saver://home/nvidia/f1tenth_ws/install/mouse_teleop://home/nvidia/f1tenth_ws/install/mapping://home/nvidia/f1tenth_ws/install/key_teleop://home/nvidia/f1tenth_ws/install/f1tenth_controllers:/opt/ros/foxy LD_LIBRARY_PATH=/home/nvidia/f1tenth_ws/install/vesc_driver/lib:/home/nvidia/f1tenth_ws/install/vesc_ackermann/lib:/home/nvidia/f1tenth_ws/install/vesc_msgs/lib://home/nvidia/f1tenth_ws/install/vesc_driver/lib://home/nvidia/f1tenth_ws/install/vesc_ackermann/lib://home/nvidia/f1tenth_ws/install/vesc_msgs/lib://home/nvidia/f1tenth_ws/install/teleop_tools_msgs/lib:/usr/lib/aarch64-linux-gnu/gazebo-11/plugins:/opt/ros/foxy/opt/yaml_cpp_vendor/lib:/opt/ros/foxy/opt/rviz_ogre_vendor/lib:/opt/ros/foxy/lib/aarch64-linux-gnu:/opt/ros/foxy/lib:/usr/local/cuda-11.4/lib64 PYTHONPATH=/home/nvidia/f1tenth_ws/install/vesc_msgs/lib/python3.8/site-packages:${PYTHONPATH} /usr/bin/cmake --build /home/nvidia/f1tenth_ws/build/vesc -- -j6 -l6
[179.372s] DEBUG:colcon.colcon_core.event_handler.log_command:Invoked command in '/home/nvidia/f1tenth_ws/build/vesc' returned '0': AMENT_PREFIX_PATH=/home/nvidia/f1tenth_ws/install/vesc_driver:/home/nvidia/f1tenth_ws/install/vesc_ackermann:/home/nvidia/f1tenth_ws/install/vesc_msgs:${AMENT_PREFIX_PATH} CMAKE_PREFIX_PATH=/home/nvidia/f1tenth_ws/install/vesc_driver:/home/nvidia/f1tenth_ws/install/vesc_ackermann:/home/nvidia/f1tenth_ws/install/vesc_msgs://home/nvidia/f1tenth_ws/install/vesc://home/nvidia/f1tenth_ws/install/vesc_driver://home/nvidia/f1tenth_ws/install/vesc_ackermann://home/nvidia/f1tenth_ws/install/vesc_msgs://home/nvidia/f1tenth_ws/install/teleop_tools://home/nvidia/f1tenth_ws/install/teleop_tools_msgs://home/nvidia/f1tenth_ws/install/pure_pursuit://home/nvidia/f1tenth_ws/install/ackermann_mux://home/nvidia/f1tenth_ws/install/f1tenth_stack://home/nvidia/f1tenth_ws/install/joy_teleop://home/nvidia/f1tenth_ws/install/phasespace://home/nvidia/f1tenth_ws/install/new_map_saver://home/nvidia/f1tenth_ws/install/mouse_teleop://home/nvidia/f1tenth_ws/install/mapping://home/nvidia/f1tenth_ws/install/key_teleop://home/nvidia/f1tenth_ws/install/f1tenth_controllers:/opt/ros/foxy LD_LIBRARY_PATH=/home/nvidia/f1tenth_ws/install/vesc_driver/lib:/home/nvidia/f1tenth_ws/install/vesc_ackermann/lib:/home/nvidia/f1tenth_ws/install/vesc_msgs/lib://home/nvidia/f1tenth_ws/install/vesc_driver/lib://home/nvidia/f1tenth_ws/install/vesc_ackermann/lib://home/nvidia/f1tenth_ws/install/vesc_msgs/lib://home/nvidia/f1tenth_ws/install/teleop_tools_msgs/lib:/usr/lib/aarch64-linux-gnu/gazebo-11/plugins:/opt/ros/foxy/opt/yaml_cpp_vendor/lib:/opt/ros/foxy/opt/rviz_ogre_vendor/lib:/opt/ros/foxy/lib/aarch64-linux-gnu:/opt/ros/foxy/lib:/usr/local/cuda-11.4/lib64 PYTHONPATH=/home/nvidia/f1tenth_ws/install/vesc_msgs/lib/python3.8/site-packages:${PYTHONPATH} /usr/bin/cmake --build /home/nvidia/f1tenth_ws/build/vesc -- -j6 -l6
[179.531s] DEBUG:colcon.colcon_core.event_handler.log_command:Invoking command in '/home/nvidia/f1tenth_ws/build/vesc': AMENT_PREFIX_PATH=/home/nvidia/f1tenth_ws/install/vesc_driver:/home/nvidia/f1tenth_ws/install/vesc_ackermann:/home/nvidia/f1tenth_ws/install/vesc_msgs:${AMENT_PREFIX_PATH} CMAKE_PREFIX_PATH=/home/nvidia/f1tenth_ws/install/vesc_driver:/home/nvidia/f1tenth_ws/install/vesc_ackermann:/home/nvidia/f1tenth_ws/install/vesc_msgs://home/nvidia/f1tenth_ws/install/vesc://home/nvidia/f1tenth_ws/install/vesc_driver://home/nvidia/f1tenth_ws/install/vesc_ackermann://home/nvidia/f1tenth_ws/install/vesc_msgs://home/nvidia/f1tenth_ws/install/teleop_tools://home/nvidia/f1tenth_ws/install/teleop_tools_msgs://home/nvidia/f1tenth_ws/install/pure_pursuit://home/nvidia/f1tenth_ws/install/ackermann_mux://home/nvidia/f1tenth_ws/install/f1tenth_stack://home/nvidia/f1tenth_ws/install/joy_teleop://home/nvidia/f1tenth_ws/install/phasespace://home/nvidia/f1tenth_ws/install/new_map_saver://home/nvidia/f1tenth_ws/install/mouse_teleop://home/nvidia/f1tenth_ws/install/mapping://home/nvidia/f1tenth_ws/install/key_teleop://home/nvidia/f1tenth_ws/install/f1tenth_controllers:/opt/ros/foxy LD_LIBRARY_PATH=/home/nvidia/f1tenth_ws/install/vesc_driver/lib:/home/nvidia/f1tenth_ws/install/vesc_ackermann/lib:/home/nvidia/f1tenth_ws/install/vesc_msgs/lib://home/nvidia/f1tenth_ws/install/vesc_driver/lib://home/nvidia/f1tenth_ws/install/vesc_ackermann/lib://home/nvidia/f1tenth_ws/install/vesc_msgs/lib://home/nvidia/f1tenth_ws/install/teleop_tools_msgs/lib:/usr/lib/aarch64-linux-gnu/gazebo-11/plugins:/opt/ros/foxy/opt/yaml_cpp_vendor/lib:/opt/ros/foxy/opt/rviz_ogre_vendor/lib:/opt/ros/foxy/lib/aarch64-linux-gnu:/opt/ros/foxy/lib:/usr/local/cuda-11.4/lib64 PYTHONPATH=/home/nvidia/f1tenth_ws/install/vesc_msgs/lib/python3.8/site-packages:${PYTHONPATH} /usr/bin/cmake --install /home/nvidia/f1tenth_ws/build/vesc
[179.608s] Level 1:colcon.colcon_core.environment:create_environment_scripts_only(vesc)
[179.611s] Level 1:colcon.colcon_core.environment:checking '/home/nvidia/f1tenth_ws/install/vesc' for CMake module files
[179.614s] DEBUG:colcon.colcon_core.event_handler.log_command:Invoked command in '/home/nvidia/f1tenth_ws/build/vesc' returned '0': AMENT_PREFIX_PATH=/home/nvidia/f1tenth_ws/install/vesc_driver:/home/nvidia/f1tenth_ws/install/vesc_ackermann:/home/nvidia/f1tenth_ws/install/vesc_msgs:${AMENT_PREFIX_PATH} CMAKE_PREFIX_PATH=/home/nvidia/f1tenth_ws/install/vesc_driver:/home/nvidia/f1tenth_ws/install/vesc_ackermann:/home/nvidia/f1tenth_ws/install/vesc_msgs://home/nvidia/f1tenth_ws/install/vesc://home/nvidia/f1tenth_ws/install/vesc_driver://home/nvidia/f1tenth_ws/install/vesc_ackermann://home/nvidia/f1tenth_ws/install/vesc_msgs://home/nvidia/f1tenth_ws/install/teleop_tools://home/nvidia/f1tenth_ws/install/teleop_tools_msgs://home/nvidia/f1tenth_ws/install/pure_pursuit://home/nvidia/f1tenth_ws/install/ackermann_mux://home/nvidia/f1tenth_ws/install/f1tenth_stack://home/nvidia/f1tenth_ws/install/joy_teleop://home/nvidia/f1tenth_ws/install/phasespace://home/nvidia/f1tenth_ws/install/new_map_saver://home/nvidia/f1tenth_ws/install/mouse_teleop://home/nvidia/f1tenth_ws/install/mapping://home/nvidia/f1tenth_ws/install/key_teleop://home/nvidia/f1tenth_ws/install/f1tenth_controllers:/opt/ros/foxy LD_LIBRARY_PATH=/home/nvidia/f1tenth_ws/install/vesc_driver/lib:/home/nvidia/f1tenth_ws/install/vesc_ackermann/lib:/home/nvidia/f1tenth_ws/install/vesc_msgs/lib://home/nvidia/f1tenth_ws/install/vesc_driver/lib://home/nvidia/f1tenth_ws/install/vesc_ackermann/lib://home/nvidia/f1tenth_ws/install/vesc_msgs/lib://home/nvidia/f1tenth_ws/install/teleop_tools_msgs/lib:/usr/lib/aarch64-linux-gnu/gazebo-11/plugins:/opt/ros/foxy/opt/yaml_cpp_vendor/lib:/opt/ros/foxy/opt/rviz_ogre_vendor/lib:/opt/ros/foxy/lib/aarch64-linux-gnu:/opt/ros/foxy/lib:/usr/local/cuda-11.4/lib64 PYTHONPATH=/home/nvidia/f1tenth_ws/install/vesc_msgs/lib/python3.8/site-packages:${PYTHONPATH} /usr/bin/cmake --install /home/nvidia/f1tenth_ws/build/vesc
[179.617s] Level 1:colcon.colcon_core.environment:checking '/home/nvidia/f1tenth_ws/install/vesc' for CMake config files
[179.619s] Level 1:colcon.colcon_core.shell:create_environment_hook('vesc', 'cmake_prefix_path')
[179.620s] INFO:colcon.colcon_core.shell:Creating environment hook '/home/nvidia/f1tenth_ws/install/vesc/share/vesc/hook/cmake_prefix_path.ps1'
[179.624s] INFO:colcon.colcon_core.shell:Creating environment descriptor '/home/nvidia/f1tenth_ws/install/vesc/share/vesc/hook/cmake_prefix_path.dsv'
[179.626s] INFO:colcon.colcon_core.shell:Creating environment hook '/home/nvidia/f1tenth_ws/install/vesc/share/vesc/hook/cmake_prefix_path.sh'
[179.629s] Level 1:colcon.colcon_core.environment:checking '/home/nvidia/f1tenth_ws/install/vesc/bin'
[179.630s] Level 1:colcon.colcon_core.environment:checking '/home/nvidia/f1tenth_ws/install/vesc/lib/pkgconfig/vesc.pc'
[179.632s] Level 1:colcon.colcon_core.environment:checking '/home/nvidia/f1tenth_ws/install/vesc/lib/python3.8/site-packages'
[179.633s] Level 1:colcon.colcon_core.environment:checking '/home/nvidia/f1tenth_ws/install/vesc/bin'
[179.634s] INFO:colcon.colcon_core.shell:Creating package script '/home/nvidia/f1tenth_ws/install/vesc/share/vesc/package.ps1'
[179.637s] INFO:colcon.colcon_core.shell:Creating package descriptor '/home/nvidia/f1tenth_ws/install/vesc/share/vesc/package.dsv'
[179.639s] INFO:colcon.colcon_core.shell:Creating package script '/home/nvidia/f1tenth_ws/install/vesc/share/vesc/package.sh'
[179.641s] INFO:colcon.colcon_core.shell:Creating package script '/home/nvidia/f1tenth_ws/install/vesc/share/vesc/package.bash'
[179.642s] INFO:colcon.colcon_core.shell:Creating package script '/home/nvidia/f1tenth_ws/install/vesc/share/vesc/package.zsh'
[179.644s] Level 1:colcon.colcon_core.environment:create_file_with_runtime_dependencies(/home/nvidia/f1tenth_ws/install/vesc/share/colcon-core/packages/vesc)
[179.789s] Level 1:colcon.colcon_core.environment:create_environment_scripts_only(vesc)
[179.792s] Level 1:colcon.colcon_core.environment:checking '/home/nvidia/f1tenth_ws/install/vesc' for CMake module files
[179.796s] Level 1:colcon.colcon_core.environment:checking '/home/nvidia/f1tenth_ws/install/vesc' for CMake config files
[179.799s] Level 1:colcon.colcon_core.shell:create_environment_hook('vesc', 'cmake_prefix_path')
[179.800s] INFO:colcon.colcon_core.shell:Creating environment hook '/home/nvidia/f1tenth_ws/install/vesc/share/vesc/hook/cmake_prefix_path.ps1'
[179.804s] INFO:colcon.colcon_core.shell:Creating environment descriptor '/home/nvidia/f1tenth_ws/install/vesc/share/vesc/hook/cmake_prefix_path.dsv'
[179.806s] INFO:colcon.colcon_core.shell:Creating environment hook '/home/nvidia/f1tenth_ws/install/vesc/share/vesc/hook/cmake_prefix_path.sh'
[179.809s] Level 1:colcon.colcon_core.environment:checking '/home/nvidia/f1tenth_ws/install/vesc/bin'
[179.809s] Level 1:colcon.colcon_core.environment:checking '/home/nvidia/f1tenth_ws/install/vesc/lib/pkgconfig/vesc.pc'
[179.811s] Level 1:colcon.colcon_core.environment:checking '/home/nvidia/f1tenth_ws/install/vesc/lib/python3.8/site-packages'
[179.812s] Level 1:colcon.colcon_core.environment:checking '/home/nvidia/f1tenth_ws/install/vesc/bin'
[179.813s] INFO:colcon.colcon_core.shell:Creating package script '/home/nvidia/f1tenth_ws/install/vesc/share/vesc/package.ps1'
[179.816s] INFO:colcon.colcon_core.shell:Creating package descriptor '/home/nvidia/f1tenth_ws/install/vesc/share/vesc/package.dsv'
[179.818s] INFO:colcon.colcon_core.shell:Creating package script '/home/nvidia/f1tenth_ws/install/vesc/share/vesc/package.sh'
[179.820s] INFO:colcon.colcon_core.shell:Creating package script '/home/nvidia/f1tenth_ws/install/vesc/share/vesc/package.bash'
[179.822s] INFO:colcon.colcon_core.shell:Creating package script '/home/nvidia/f1tenth_ws/install/vesc/share/vesc/package.zsh'
[179.824s] Level 1:colcon.colcon_core.environment:create_file_with_runtime_dependencies(/home/nvidia/f1tenth_ws/install/vesc/share/colcon-core/packages/vesc)
[179.826s] INFO:colcon.colcon_ros.task.ament_python.build:Building ROS package in '/home/nvidia/f1tenth_ws/src/f1tenth_system/f1tenth_stack' with build type 'ament_python'
[179.828s] Level 1:colcon.colcon_core.shell:create_environment_hook('f1tenth_stack', 'ament_prefix_path')
[179.829s] INFO:colcon.colcon_core.shell:Creating environment hook '/home/nvidia/f1tenth_ws/install/f1tenth_stack/share/f1tenth_stack/hook/ament_prefix_path.ps1'
[179.833s] INFO:colcon.colcon_core.shell:Creating environment descriptor '/home/nvidia/f1tenth_ws/install/f1tenth_stack/share/f1tenth_stack/hook/ament_prefix_path.dsv'
[179.834s] INFO:colcon.colcon_core.shell:Creating environment hook '/home/nvidia/f1tenth_ws/install/f1tenth_stack/share/f1tenth_stack/hook/ament_prefix_path.sh'
[179.837s] INFO:colcon.colcon_core.shell:Skip shell extension 'powershell' for command environment: Not usable outside of PowerShell
[179.837s] DEBUG:colcon.colcon_core.shell:Skip shell extension 'dsv' for command environment
[181.220s] INFO:colcon.colcon_core.task.python.build:Building Python package in '/home/nvidia/f1tenth_ws/src/f1tenth_system/f1tenth_stack'
[181.225s] INFO:colcon.colcon_core.shell:Skip shell extension 'powershell' for command environment: Not usable outside of PowerShell
[181.225s] DEBUG:colcon.colcon_core.shell:Skip shell extension 'dsv' for command environment
[183.419s] DEBUG:colcon.colcon_core.event_handler.log_command:Invoking command in '/home/nvidia/f1tenth_ws/src/f1tenth_system/f1tenth_stack': AMENT_PREFIX_PATH=/home/nvidia/f1tenth_ws/install/vesc:/home/nvidia/f1tenth_ws/install/vesc_driver:/home/nvidia/f1tenth_ws/install/vesc_ackermann:/home/nvidia/f1tenth_ws/install/joy_teleop:/home/nvidia/f1tenth_ws/install/vesc_msgs:/home/nvidia/f1tenth_ws/install/teleop_tools_msgs:/home/nvidia/f1tenth_ws/install/ackermann_mux:${AMENT_PREFIX_PATH} CMAKE_PREFIX_PATH=/home/nvidia/f1tenth_ws/install/vesc:/home/nvidia/f1tenth_ws/install/vesc_driver:/home/nvidia/f1tenth_ws/install/vesc_ackermann:/home/nvidia/f1tenth_ws/install/vesc_msgs:/home/nvidia/f1tenth_ws/install/teleop_tools_msgs:/home/nvidia/f1tenth_ws/install/ackermann_mux:${CMAKE_PREFIX_PATH} LD_LIBRARY_PATH=/home/nvidia/f1tenth_ws/install/vesc_driver/lib:/home/nvidia/f1tenth_ws/install/vesc_ackermann/lib:/home/nvidia/f1tenth_ws/install/vesc_msgs/lib:/home/nvidia/f1tenth_ws/install/teleop_tools_msgs/lib://home/nvidia/f1tenth_ws/install/vesc_driver/lib://home/nvidia/f1tenth_ws/install/vesc_ackermann/lib://home/nvidia/f1tenth_ws/install/vesc_msgs/lib://home/nvidia/f1tenth_ws/install/teleop_tools_msgs/lib:/usr/lib/aarch64-linux-gnu/gazebo-11/plugins:/opt/ros/foxy/opt/yaml_cpp_vendor/lib:/opt/ros/foxy/opt/rviz_ogre_vendor/lib:/opt/ros/foxy/lib/aarch64-linux-gnu:/opt/ros/foxy/lib:/usr/local/cuda-11.4/lib64 PYTHONPATH=/home/nvidia/f1tenth_ws/build/f1tenth_stack/prefix_override:/usr/lib/python3/dist-packages/colcon_core/task/python/colcon_distutils_commands:/home/nvidia/f1tenth_ws/install/f1tenth_stack/lib/python3.8/site-packages:/home/nvidia/f1tenth_ws/install/joy_teleop/lib/python3.8/site-packages:/home/nvidia/f1tenth_ws/install/vesc_msgs/lib/python3.8/site-packages:/home/nvidia/f1tenth_ws/install/teleop_tools_msgs/lib/python3.8/site-packages:${PYTHONPATH} /usr/bin/python3 -W ignore:setup.py install is deprecated setup.py egg_info --egg-base ../../../build/f1tenth_stack build --build-base /home/nvidia/f1tenth_ws/build/f1tenth_stack/build install --record /home/nvidia/f1tenth_ws/build/f1tenth_stack/install.log --install-scripts $base/lib/f1tenth_stack --single-version-externally-managed install_data
[185.030s] Level 1:colcon.colcon_core.environment:checking '/home/nvidia/f1tenth_ws/install/f1tenth_stack' for CMake module files
[185.033s] DEBUG:colcon.colcon_core.event_handler.log_command:Invoked command in '/home/nvidia/f1tenth_ws/src/f1tenth_system/f1tenth_stack' returned '0': AMENT_PREFIX_PATH=/home/nvidia/f1tenth_ws/install/vesc:/home/nvidia/f1tenth_ws/install/vesc_driver:/home/nvidia/f1tenth_ws/install/vesc_ackermann:/home/nvidia/f1tenth_ws/install/joy_teleop:/home/nvidia/f1tenth_ws/install/vesc_msgs:/home/nvidia/f1tenth_ws/install/teleop_tools_msgs:/home/nvidia/f1tenth_ws/install/ackermann_mux:${AMENT_PREFIX_PATH} CMAKE_PREFIX_PATH=/home/nvidia/f1tenth_ws/install/vesc:/home/nvidia/f1tenth_ws/install/vesc_driver:/home/nvidia/f1tenth_ws/install/vesc_ackermann:/home/nvidia/f1tenth_ws/install/vesc_msgs:/home/nvidia/f1tenth_ws/install/teleop_tools_msgs:/home/nvidia/f1tenth_ws/install/ackermann_mux:${CMAKE_PREFIX_PATH} LD_LIBRARY_PATH=/home/nvidia/f1tenth_ws/install/vesc_driver/lib:/home/nvidia/f1tenth_ws/install/vesc_ackermann/lib:/home/nvidia/f1tenth_ws/install/vesc_msgs/lib:/home/nvidia/f1tenth_ws/install/teleop_tools_msgs/lib://home/nvidia/f1tenth_ws/install/vesc_driver/lib://home/nvidia/f1tenth_ws/install/vesc_ackermann/lib://home/nvidia/f1tenth_ws/install/vesc_msgs/lib://home/nvidia/f1tenth_ws/install/teleop_tools_msgs/lib:/usr/lib/aarch64-linux-gnu/gazebo-11/plugins:/opt/ros/foxy/opt/yaml_cpp_vendor/lib:/opt/ros/foxy/opt/rviz_ogre_vendor/lib:/opt/ros/foxy/lib/aarch64-linux-gnu:/opt/ros/foxy/lib:/usr/local/cuda-11.4/lib64 PYTHONPATH=/home/nvidia/f1tenth_ws/build/f1tenth_stack/prefix_override:/usr/lib/python3/dist-packages/colcon_core/task/python/colcon_distutils_commands:/home/nvidia/f1tenth_ws/install/f1tenth_stack/lib/python3.8/site-packages:/home/nvidia/f1tenth_ws/install/joy_teleop/lib/python3.8/site-packages:/home/nvidia/f1tenth_ws/install/vesc_msgs/lib/python3.8/site-packages:/home/nvidia/f1tenth_ws/install/teleop_tools_msgs/lib/python3.8/site-packages:${PYTHONPATH} /usr/bin/python3 -W ignore:setup.py install is deprecated setup.py egg_info --egg-base ../../../build/f1tenth_stack build --build-base /home/nvidia/f1tenth_ws/build/f1tenth_stack/build install --record /home/nvidia/f1tenth_ws/build/f1tenth_stack/install.log --install-scripts $base/lib/f1tenth_stack --single-version-externally-managed install_data
[185.035s] Level 1:colcon.colcon_core.environment:checking '/home/nvidia/f1tenth_ws/install/f1tenth_stack' for CMake config files
[185.041s] Level 1:colcon.colcon_core.environment:checking '/home/nvidia/f1tenth_ws/install/f1tenth_stack/lib'
[185.041s] Level 1:colcon.colcon_core.environment:checking '/home/nvidia/f1tenth_ws/install/f1tenth_stack/bin'
[185.042s] Level 1:colcon.colcon_core.environment:checking '/home/nvidia/f1tenth_ws/install/f1tenth_stack/lib/pkgconfig/f1tenth_stack.pc'
[185.044s] Level 1:colcon.colcon_core.environment:checking '/home/nvidia/f1tenth_ws/install/f1tenth_stack/lib/python3.8/site-packages'
[185.044s] Level 1:colcon.colcon_core.shell:create_environment_hook('f1tenth_stack', 'pythonpath')
[185.046s] INFO:colcon.colcon_core.shell:Creating environment hook '/home/nvidia/f1tenth_ws/install/f1tenth_stack/share/f1tenth_stack/hook/pythonpath.ps1'
[185.050s] INFO:colcon.colcon_core.shell:Creating environment descriptor '/home/nvidia/f1tenth_ws/install/f1tenth_stack/share/f1tenth_stack/hook/pythonpath.dsv'
[185.051s] INFO:colcon.colcon_core.shell:Creating environment hook '/home/nvidia/f1tenth_ws/install/f1tenth_stack/share/f1tenth_stack/hook/pythonpath.sh'
[185.054s] Level 1:colcon.colcon_core.environment:checking '/home/nvidia/f1tenth_ws/install/f1tenth_stack/bin'
[185.054s] Level 1:colcon.colcon_core.environment:create_environment_scripts_only(f1tenth_stack)
[185.056s] INFO:colcon.colcon_core.shell:Creating package script '/home/nvidia/f1tenth_ws/install/f1tenth_stack/share/f1tenth_stack/package.ps1'
[185.059s] INFO:colcon.colcon_core.shell:Creating package descriptor '/home/nvidia/f1tenth_ws/install/f1tenth_stack/share/f1tenth_stack/package.dsv'
[185.061s] INFO:colcon.colcon_core.shell:Creating package script '/home/nvidia/f1tenth_ws/install/f1tenth_stack/share/f1tenth_stack/package.sh'
[185.063s] INFO:colcon.colcon_core.shell:Creating package script '/home/nvidia/f1tenth_ws/install/f1tenth_stack/share/f1tenth_stack/package.bash'
[185.064s] INFO:colcon.colcon_core.shell:Creating package script '/home/nvidia/f1tenth_ws/install/f1tenth_stack/share/f1tenth_stack/package.zsh'
[185.066s] Level 1:colcon.colcon_core.environment:create_file_with_runtime_dependencies(/home/nvidia/f1tenth_ws/install/f1tenth_stack/share/colcon-core/packages/f1tenth_stack)
[185.068s] DEBUG:colcon.colcon_parallel_executor.executor.parallel:closing loop
[185.071s] DEBUG:colcon.colcon_parallel_executor.executor.parallel:loop closed
[185.071s] DEBUG:colcon.colcon_parallel_executor.executor.parallel:run_until_complete finished with '0'
[185.072s] DEBUG:colcon.colcon_core.event_reactor:joining thread
[185.106s] INFO:colcon.colcon_core.plugin_system:Skipping extension 'colcon_notification.desktop_notification.terminal_notifier': Not used on non-Darwin systems
[185.107s] INFO:colcon.colcon_core.plugin_system:Skipping extension 'colcon_notification.desktop_notification.win32': Not used on non-Windows systems
[185.107s] INFO:colcon.colcon_notification.desktop_notification:Sending desktop notification using 'notify2'
[185.206s] DEBUG:colcon.colcon_core.event_reactor:joined thread
[185.208s] INFO:colcon.colcon_core.shell:Creating prefix script '/home/nvidia/f1tenth_ws/install/local_setup.ps1'
[185.212s] INFO:colcon.colcon_core.shell:Creating prefix util module '/home/nvidia/f1tenth_ws/install/_local_setup_util_ps1.py'
[185.217s] INFO:colcon.colcon_core.shell:Creating prefix chain script '/home/nvidia/f1tenth_ws/install/setup.ps1'
[185.227s] INFO:colcon.colcon_core.shell:Creating prefix script '/home/nvidia/f1tenth_ws/install/local_setup.sh'
[185.229s] INFO:colcon.colcon_core.shell:Creating prefix util module '/home/nvidia/f1tenth_ws/install/_local_setup_util_sh.py'
[185.231s] INFO:colcon.colcon_core.shell:Creating prefix chain script '/home/nvidia/f1tenth_ws/install/setup.sh'
[185.240s] INFO:colcon.colcon_core.shell:Creating prefix script '/home/nvidia/f1tenth_ws/install/local_setup.bash'
[185.241s] INFO:colcon.colcon_core.shell:Creating prefix chain script '/home/nvidia/f1tenth_ws/install/setup.bash'
[185.251s] INFO:colcon.colcon_core.shell:Creating prefix script '/home/nvidia/f1tenth_ws/install/local_setup.zsh'
[185.253s] INFO:colcon.colcon_core.shell:Creating prefix chain script '/home/nvidia/f1tenth_ws/install/setup.zsh'
